fetched_utc,route_id,frc,cur_kmh,ff_kmh,cur_s,ff_s,confidence,closed,snap_lat,snap_lon
2026-09-01T09:03:56Z,strovolou,FRC3,45,45,48,48,1,False,35.137521,33.333087
2026-09-01T09:03:56Z,tseriou,FRC4,17,40,48,20,0.96,False,35.13293,33.339276
2026-09-01T09:03:56Z,prodromou,FRC4,42,42,12,12,1,False,35.159656,33.3459
2026-09-01T09:03:56Z,akropoleos,FRC3,31,41,89,68,0.99,False,35.138676,33.358135
2026-09-01T09:03:56Z,athalassas,FRC3,27,41,80,53,0.966141,False,35.144718,33.362216
2026-09-01T09:03:56Z,lemesou,FRC3,50,50,20,20,1,False,35.149928,33.374288
2026-09-01T09:03:56Z,sp_kyprianou,FRC4,35,35,28,28,1,False,35.150176,33.339743
2026-09-01T09:03:56Z,archangelou,FRC3,49,49,28,28,1,False,35.135323,33.331244
2026-09-01T09:03:56Z,konstantinoup,FRC4,49,49,19,19,1,False,35.126091,33.34383
2026-09-01T09:03:56Z,stavrou,FRC3,39,39,71,71,1,False,35.136817,33.358074
2026-09-01T09:03:56Z,makedonitissas,FRC4,25,39,122,78,0.98,False,35.14653,33.332584
2026-09-01T09:03:56Z,armenias,FRC4,39,39,33,33,1,False,35.152861,33.36736
2026-09-01T09:03:56Z,arch_kyprianou,FRC4,22,36,45,27,0.93,False,35.148093,33.341583
2026-09-01T09:03:56Z,a1_motorway,FRC0,109,109,342,342,1,False,35.074318,33.376958
2026-09-01T09:03:56Z,makariou_lakat,FRC4,45,45,270,270,1,False,35.088983,33.28557
2026-09-01T09:03:56Z,griva_digeni,FRC4,43,43,45,45,1,False,35.165117,33.340667
2026-09-01T09:03:56Z,aglantzias,FRC4,41,41,24,24,1,False,35.155801,33.382409
2026-09-01T09:03:56Z,kranidioti,FRC3,61,61,61,61,1,False,35.102546,33.313234
2026-09-01T09:03:56Z,perimetrikos,FRC4,59,59,17,17,1,False,35.113096,33.322016
2026-09-01T09:03:56Z,hatziiosif,FRC3,39,39,71,71,1,False,35.136817,33.358074
2026-09-01T09:03:56Z,perikleous,FRC4,30,39,15,12,0.99,False,35.138923,33.346836
2026-09-01T09:03:56Z,avraamidi,FRC4,44,44,23,23,1,False,35.141552,33.36142
2026-09-01T09:03:56Z,athinon,FRC4,35,35,2,2,1,False,35.139348,33.346279
2026-09-01T09:03:56Z,tasou_markou,FRC4,44,44,39,39,1,False,35.136146,33.369732
2026-09-01T09:03:56Z,peiraios,FRC3,29,38,64,49,0.983862,False,35.148686,33.351249
2026-09-01T10:04:46Z,strovolou,FRC3,29,45,74,48,0.98,False,35.137521,33.333087
2026-09-01T10:04:46Z,tseriou,FRC4,24,40,34,20,0.92,False,35.13293,33.339276
2026-09-01T10:04:46Z,prodromou,FRC4,42,42,12,12,1,False,35.159656,33.3459
2026-09-01T10:04:46Z,akropoleos,FRC3,31,40,89,69,0.96,False,35.138676,33.358135
2026-09-01T10:04:46Z,athalassas,FRC3,34,42,63,51,0.98,False,35.144718,33.362216
2026-09-01T10:04:46Z,lemesou,FRC3,50,50,20,20,1,False,35.149928,33.374288
2026-09-01T10:04:46Z,sp_kyprianou,FRC4,35,35,28,28,1,False,35.150176,33.339743
2026-09-01T10:04:46Z,archangelou,FRC3,49,49,28,28,1,False,35.135323,33.331244
2026-09-01T10:04:46Z,konstantinoup,FRC4,49,49,19,19,1,False,35.126091,33.34383
2026-09-01T10:04:46Z,stavrou,FRC3,28,38,99,73,0.93,False,35.136817,33.358074
2026-09-01T10:04:46Z,makedonitissas,FRC4,30,40,102,76,0.96,False,35.14653,33.332584
2026-09-01T10:04:46Z,armenias,FRC4,28,38,46,34,0.96,False,35.152861,33.36736
2026-09-01T10:04:46Z,arch_kyprianou,FRC4,36,36,27,27,1,False,35.148093,33.341583
2026-09-01T10:04:46Z,a1_motorway,FRC0,109,109,342,342,1,False,35.074318,33.376958
2026-09-01T10:04:46Z,makariou_lakat,FRC4,45,45,270,270,1,False,35.088983,33.28557
2026-09-01T10:04:46Z,griva_digeni,FRC4,43,43,45,45,1,False,35.165117,33.340667
2026-09-01T10:04:46Z,aglantzias,FRC4,41,41,24,24,1,False,35.155801,33.382409
2026-09-01T10:04:46Z,kranidioti,FRC3,61,61,61,61,1,False,35.102546,33.313234
2026-09-01T10:04:46Z,perimetrikos,FRC4,59,59,17,17,1,False,35.113096,33.322016
2026-09-01T10:04:46Z,hatziiosif,FRC3,28,38,99,73,0.93,False,35.136817,33.358074
2026-09-01T10:04:46Z,perikleous,FRC4,29,40,16,11,0.94,False,35.138923,33.346836
2026-09-01T10:04:46Z,avraamidi,FRC4,44,44,23,23,1,False,35.141552,33.36142
2026-09-01T10:04:46Z,athinon,FRC4,35,35,2,2,1,False,35.139348,33.346279
2026-09-01T10:04:46Z,tasou_markou,FRC4,44,44,39,39,1,False,35.136146,33.369732
2026-09-01T10:04:46Z,peiraios,FRC3,20,37,93,50,0.96,False,35.148686,33.351249
2026-09-01T10:25:18Z,strovolou,FRC3,45,45,48,48,1,False,35.137521,33.333087
2026-09-01T10:25:18Z,tseriou,FRC4,26,41,31,20,0.95,False,35.13293,33.339276
2026-09-01T10:25:18Z,prodromou,FRC4,42,42,12,12,1,False,35.159656,33.3459
2026-09-01T10:25:18Z,akropoleos,FRC3,41,41,68,68,1,False,35.138676,33.358135
2026-09-01T10:25:18Z,athalassas,FRC3,30,41,72,53,0.98,False,35.144718,33.362216
2026-09-01T10:25:18Z,lemesou,FRC3,50,50,20,20,1,False,35.149928,33.374288
2026-09-01T10:25:18Z,sp_kyprianou,FRC4,35,35,28,28,1,False,35.150176,33.339743
2026-09-01T10:25:18Z,archangelou,FRC3,39,48,36,29,0.98,False,35.135323,33.331244
2026-09-01T10:25:18Z,konstantinoup,FRC4,49,49,19,19,1,False,35.126091,33.34383
2026-09-01T10:25:18Z,stavrou,FRC3,37,44,75,63,0.98,False,35.136817,33.358074
2026-09-01T10:25:18Z,makedonitissas,FRC4,31,40,98,76,0.97,False,35.14653,33.332584
2026-09-01T10:25:18Z,armenias,FRC4,28,38,46,34,0.94,False,35.152861,33.36736
2026-09-01T10:25:18Z,arch_kyprianou,FRC4,19,35,52,28,0.94,False,35.148093,33.341583
2026-09-01T10:25:18Z,a1_motorway,FRC0,109,109,342,342,1,False,35.074318,33.376958
2026-09-01T10:25:18Z,makariou_lakat,FRC4,45,45,270,270,1,False,35.088983,33.28557
2026-09-01T10:25:18Z,griva_digeni,FRC4,43,43,45,45,1,False,35.165117,33.340667
2026-09-01T10:25:18Z,aglantzias,FRC4,41,41,24,24,1,False,35.155801,33.382409
2026-09-01T10:25:18Z,kranidioti,FRC3,61,61,61,61,1,False,35.102546,33.313234
2026-09-01T10:25:18Z,perimetrikos,FRC4,59,59,17,17,1,False,35.113096,33.322016
2026-09-01T10:25:18Z,hatziiosif,FRC3,37,44,75,63,0.98,False,35.136817,33.358074
2026-09-01T10:25:18Z,perikleous,FRC4,25,39,18,12,0.98,False,35.138923,33.346836
2026-09-01T10:25:18Z,avraamidi,FRC4,44,44,23,23,1,False,35.141552,33.36142
2026-09-01T10:25:18Z,athinon,FRC4,35,35,2,2,1,False,35.139348,33.346279
2026-09-01T10:25:18Z,tasou_markou,FRC4,26,43,67,40,0.92,False,35.136146,33.369732
2026-09-01T10:25:18Z,peiraios,FRC3,21,37,89,50,0.98,False,35.148686,33.351249
2026-09-01T10:45:51Z,strovolou,FRC3,33,44,65,49,0.99,False,35.137521,33.333087
2026-09-01T10:45:51Z,tseriou,FRC4,22,40,37,20,0.9,False,35.13293,33.339276
2026-09-01T10:45:51Z,prodromou,FRC4,42,42,12,12,1,False,35.159656,33.3459
2026-09-01T10:45:51Z,akropoleos,FRC3,26,41,107,68,0.98,False,35.138676,33.358135
2026-09-01T10:45:51Z,athalassas,FRC3,42,42,51,51,1,False,35.144718,33.362216
2026-09-01T10:45:51Z,lemesou,FRC3,50,50,20,20,1,False,35.149928,33.374288
2026-09-01T10:45:51Z,sp_kyprianou,FRC4,35,35,28,28,1,False,35.150176,33.339743
2026-09-01T10:45:51Z,archangelou,FRC3,49,49,28,28,1,False,35.135323,33.331244
2026-09-01T10:45:51Z,konstantinoup,FRC4,49,49,19,19,1,False,35.126091,33.34383
2026-09-01T10:45:51Z,stavrou,FRC3,15,37,185,75,0.99,False,35.136817,33.358074
2026-09-01T10:45:51Z,makedonitissas,FRC4,28,40,109,76,0.97,False,35.14653,33.332584
2026-09-01T10:45:51Z,armenias,FRC4,27,39,48,33,0.96,False,35.152861,33.36736
2026-09-01T10:45:51Z,arch_kyprianou,FRC4,24,36,41,27,0.81,False,35.148093,33.341583
2026-09-01T10:45:51Z,a1_motorway,FRC0,109,109,342,342,1,False,35.074318,33.376958
2026-09-01T10:45:51Z,makariou_lakat,FRC4,45,45,270,270,1,False,35.088983,33.28557
2026-09-01T10:45:51Z,griva_digeni,FRC4,43,43,45,45,1,False,35.165117,33.340667
2026-09-01T10:45:51Z,aglantzias,FRC4,41,41,24,24,1,False,35.155801,33.382409
2026-09-01T10:45:51Z,kranidioti,FRC3,61,61,61,61,1,False,35.102546,33.313234
2026-09-01T10:45:51Z,perimetrikos,FRC4,59,59,17,17,1,False,35.113096,33.322016
2026-09-01T10:45:51Z,hatziiosif,FRC3,15,37,185,75,0.99,False,35.136817,33.358074
2026-09-01T10:45:51Z,perikleous,FRC4,40,40,11,11,1,False,35.138923,33.346836
2026-09-01T10:45:51Z,avraamidi,FRC4,44,44,23,23,1,False,35.141552,33.36142
2026-09-01T10:45:51Z,athinon,FRC4,35,35,2,2,1,False,35.139348,33.346279
2026-09-01T10:45:51Z,tasou_markou,FRC4,44,44,39,39,1,False,35.136146,33.369732
2026-09-01T10:45:51Z,peiraios,FRC3,23,36,81,52,0.97,False,35.148686,33.351249
2026-09-01T11:06:21Z,strovolou,FRC3,29,45,74,48,0.98,False,35.137521,33.333087
2026-09-01T11:06:21Z,tseriou,FRC4,30,41,27,20,0.97,False,35.13293,33.339276
2026-09-01T11:06:21Z,prodromou,FRC4,42,42,12,12,1,False,35.159656,33.3459
2026-09-01T11:06:21Z,akropoleos,FRC3,41,41,68,68,1,False,35.138676,33.358135
2026-09-01T11:06:21Z,athalassas,FRC3,42,42,51,51,1,False,35.144718,33.362216
2026-09-01T11:06:21Z,lemesou,FRC3,50,50,20,20,1,False,35.149928,33.374288
2026-09-01T11:06:21Z,sp_kyprianou,FRC4,35,35,28,28,1,False,35.150176,33.339743
2026-09-01T11:06:21Z,archangelou,FRC3,49,49,28,28,1,False,35.135323,33.331244
2026-09-01T11:06:21Z,konstantinoup,FRC4,49,49,19,19,1,False,35.126091,33.34383
2026-09-01T11:06:21Z,stavrou,FRC3,31,39,89,71,0.99,False,35.136817,33.358074
2026-09-01T11:06:21Z,makedonitissas,FRC4,40,40,76,76,1,False,35.14653,33.332584
2026-09-01T11:06:21Z,armenias,FRC4,39,39,33,33,1,False,35.152861,33.36736
2026-09-01T11:06:21Z,arch_kyprianou,FRC4,27,36,37,27,0.9,False,35.148093,33.341583
2026-09-01T11:06:21Z,a1_motorway,FRC0,109,109,342,342,1,False,35.074318,33.376958
2026-09-01T11:06:21Z,makariou_lakat,FRC4,45,45,270,270,1,False,35.088983,33.28557
2026-09-01T11:06:21Z,griva_digeni,FRC4,43,43,45,45,1,False,35.165117,33.340667
2026-09-01T11:06:21Z,aglantzias,FRC4,41,41,24,24,1,False,35.155801,33.382409
2026-09-01T11:06:21Z,kranidioti,FRC3,61,61,61,61,1,False,35.102546,33.313234
2026-09-01T11:06:21Z,perimetrikos,FRC4,59,59,17,17,1,False,35.113096,33.322016
2026-09-01T11:06:21Z,hatziiosif,FRC3,31,39,89,71,0.99,False,35.136817,33.358074
2026-09-01T11:06:21Z,perikleous,FRC4,19,39,24,12,0.97,False,35.138923,33.346836
2026-09-01T11:06:21Z,avraamidi,FRC4,44,44,23,23,1,False,35.141552,33.36142
2026-09-01T11:06:21Z,athinon,FRC4,35,35,2,2,1,False,35.139348,33.346279
2026-09-01T11:06:21Z,tasou_markou,FRC4,44,44,39,39,1,False,35.136146,33.369732
2026-09-01T11:06:21Z,peiraios,FRC3,17,37,110,50,0.98,False,35.148686,33.351249
2026-09-01T14:07:14Z,strovolou,FRC3,45,45,48,48,1,False,35.137521,33.333087
2026-09-01T14:07:14Z,tseriou,FRC4,19,42,43,19,0.94,False,35.13293,33.339276
2026-09-01T14:07:14Z,prodromou,FRC4,42,42,12,12,1,False,35.159656,33.3459
2026-09-01T14:07:14Z,akropoleos,FRC3,25,40,111,69,0.98,False,35.138676,33.358135
2026-09-01T14:07:14Z,athalassas,FRC3,42,42,51,51,1,False,35.144718,33.362216
2026-09-01T14:07:14Z,lemesou,FRC3,50,50,20,20,1,False,35.149928,33.374288
2026-09-01T14:07:14Z,sp_kyprianou,FRC4,35,35,28,28,1,False,35.150176,33.339743
2026-09-01T14:07:14Z,archangelou,FRC3,37,49,38,28,0.99,False,35.135323,33.331244
2026-09-01T14:07:14Z,konstantinoup,FRC4,49,49,19,19,1,False,35.126091,33.34383
2026-09-01T14:07:14Z,stavrou,FRC3,28,38,99,73,0.98,False,35.136817,33.358074
2026-09-01T14:07:14Z,makedonitissas,FRC4,26,40,117,76,0.98,False,35.14653,33.332584
2026-09-01T14:07:14Z,armenias,FRC4,28,39,46,33,0.94,False,35.152861,33.36736
2026-09-01T14:07:14Z,arch_kyprianou,FRC4,23,36,43,27,0.93,False,35.148093,33.341583
2026-09-01T14:07:14Z,a1_motorway,FRC0,109,109,342,342,1,False,35.074318,33.376958
2026-09-01T14:07:14Z,makariou_lakat,FRC4,45,45,270,270,1,False,35.088983,33.28557
2026-09-01T14:07:14Z,griva_digeni,FRC4,43,43,45,45,1,False,35.165117,33.340667
2026-09-01T14:07:14Z,aglantzias,FRC4,41,41,24,24,1,False,35.155801,33.382409
2026-09-01T14:07:14Z,kranidioti,FRC3,61,61,61,61,1,False,35.102546,33.313234
2026-09-01T14:07:14Z,perimetrikos,FRC4,59,59,17,17,1,False,35.113096,33.322016
2026-09-01T14:07:14Z,hatziiosif,FRC3,28,38,99,73,0.98,False,35.136817,33.358074
2026-09-01T14:07:14Z,perikleous,FRC4,21,39,22,12,0.94,False,35.138923,33.346836
2026-09-01T14:07:14Z,avraamidi,FRC4,44,44,23,23,1,False,35.141552,33.36142
2026-09-01T14:07:14Z,athinon,FRC4,35,35,2,2,1,False,35.139348,33.346279
2026-09-01T14:07:14Z,tasou_markou,FRC4,44,44,39,39,1,False,35.136146,33.369732
2026-09-01T14:07:14Z,peiraios,FRC3,21,37,89,50,0.98,False,35.148686,33.351249
2026-09-01T14:27:46Z,strovolou,FRC3,45,45,48,48,1,False,35.137521,33.333087
2026-09-01T14:27:46Z,tseriou,FRC4,15,42,54,19,0.94,False,35.13293,33.339276
2026-09-01T14:27:46Z,prodromou,FRC4,42,42,12,12,1,False,35.159656,33.3459
2026-09-01T14:27:46Z,akropoleos,FRC3,32,41,87,68,0.96,False,35.138676,33.358135
2026-09-01T14:27:46Z,athalassas,FRC3,33,41,65,53,0.966339,False,35.144718,33.362216
2026-09-01T14:27:46Z,lemesou,FRC3,50,50,20,20,1,False,35.149928,33.374288
2026-09-01T14:27:46Z,sp_kyprianou,FRC4,35,35,28,28,1,False,35.150176,33.339743
2026-09-01T14:27:46Z,archangelou,FRC3,49,49,28,28,1,False,35.135323,33.331244
2026-09-01T14:27:46Z,konstantinoup,FRC4,49,49,19,19,1,False,35.126091,33.34383
2026-09-01T14:27:46Z,stavrou,FRC3,25,39,111,71,0.98,False,35.136817,33.358074
2026-09-01T14:27:46Z,makedonitissas,FRC4,28,40,109,76,0.98,False,35.14653,33.332584
2026-09-01T14:27:46Z,armenias,FRC4,30,39,43,33,0.93,False,35.152861,33.36736
2026-09-01T14:27:46Z,arch_kyprianou,FRC4,22,35,45,28,0.94,False,35.148093,33.341583
2026-09-01T14:27:46Z,a1_motorway,FRC0,109,109,342,342,1,False,35.074318,33.376958
2026-09-01T14:27:46Z,makariou_lakat,FRC4,37,46,328,264,0.91177,False,35.088983,33.28557
2026-09-01T14:27:46Z,griva_digeni,FRC4,43,43,45,45,1,False,35.165117,33.340667
2026-09-01T14:27:46Z,aglantzias,FRC4,29,40,35,25,0.99,False,35.155801,33.382409
2026-09-01T14:27:46Z,kranidioti,FRC3,48,60,77,62,0.984147,False,35.102546,33.313234
2026-09-01T14:27:46Z,perimetrikos,FRC4,59,59,17,17,1,False,35.113096,33.322016
2026-09-01T14:27:46Z,hatziiosif,FRC3,25,39,111,71,0.98,False,35.136817,33.358074
2026-09-01T14:27:46Z,perikleous,FRC4,26,39,18,12,0.95,False,35.138923,33.346836
2026-09-01T14:27:46Z,avraamidi,FRC4,34,44,29,23,0.92,False,35.141552,33.36142
2026-09-01T14:27:46Z,athinon,FRC4,35,35,2,2,1,False,35.139348,33.346279
2026-09-01T14:27:46Z,tasou_markou,FRC4,44,44,39,39,1,False,35.136146,33.369732
2026-09-01T14:27:46Z,peiraios,FRC3,13,38,144,49,0.983862,False,35.148686,33.351249
2026-09-01T14:48:21Z,strovolou,FRC3,45,45,48,48,1,False,35.137521,33.333087
2026-09-01T14:48:21Z,tseriou,FRC4,17,41,48,20,0.94,False,35.13293,33.339276
2026-09-01T14:48:21Z,prodromou,FRC4,42,42,12,12,1,False,35.159656,33.3459
2026-09-01T14:48:21Z,akropoleos,FRC3,28,41,99,68,0.98,False,35.138676,33.358135
2026-09-01T14:48:21Z,athalassas,FRC3,28,41,77,53,0.98,False,35.144718,33.362216
2026-09-01T14:48:21Z,lemesou,FRC3,42,49,24,20,0.99,False,35.149928,33.374288
2026-09-01T14:48:21Z,sp_kyprianou,FRC4,35,35,28,28,1,False,35.150176,33.339743
2026-09-01T14:48:21Z,archangelou,FRC3,49,49,28,28,1,False,35.135323,33.331244
2026-09-01T14:48:21Z,konstantinoup,FRC4,49,49,19,19,1,False,35.126091,33.34383
2026-09-01T14:48:21Z,stavrou,FRC3,22,38,126,73,0.98,False,35.136817,33.358074
2026-09-01T14:48:21Z,makedonitissas,FRC4,28,39,109,78,0.94,False,35.14653,33.332584
2026-09-01T14:48:21Z,armenias,FRC4,22,39,59,33,0.97,False,35.152861,33.36736
2026-09-01T14:48:21Z,arch_kyprianou,FRC4,36,36,27,27,1,False,35.148093,33.341583
2026-09-01T14:48:21Z,a1_motorway,FRC0,109,109,342,342,1,False,35.074318,33.376958
2026-09-01T14:48:21Z,makariou_lakat,FRC4,45,45,270,270,1,False,35.088983,33.28557
2026-09-01T14:48:21Z,griva_digeni,FRC4,43,43,45,45,1,False,35.165117,33.340667
2026-09-01T14:48:21Z,aglantzias,FRC4,29,41,35,24,0.99,False,35.155801,33.382409
2026-09-01T14:48:21Z,kranidioti,FRC3,61,61,61,61,1,False,35.102546,33.313234
2026-09-01T14:48:21Z,perimetrikos,FRC4,59,59,17,17,1,False,35.113096,33.322016
2026-09-01T14:48:21Z,hatziiosif,FRC3,22,38,126,73,0.98,False,35.136817,33.358074
2026-09-01T14:48:21Z,perikleous,FRC4,16,40,29,11,0.85,False,35.138923,33.346836
2026-09-01T14:48:21Z,avraamidi,FRC4,44,44,23,23,1,False,35.141552,33.36142
2026-09-01T14:48:21Z,athinon,FRC4,35,35,2,2,1,False,35.139348,33.346279
2026-09-01T14:48:21Z,tasou_markou,FRC4,44,44,39,39,1,False,35.136146,33.369732
2026-09-01T14:48:21Z,peiraios,FRC3,26,38,72,49,0.976931,False,35.148686,33.351249
2026-09-01T15:08:58Z,strovolou,FRC3,45,45,48,48,1,False,35.137521,33.333087
2026-09-01T15:08:58Z,tseriou,FRC4,12,40,68,20,0.95,False,35.13293,33.339276
2026-09-01T15:08:58Z,prodromou,FRC4,42,42,12,12,1,False,35.159656,33.3459
2026-09-01T15:08:58Z,akropoleos,FRC3,27,41,103,68,0.96,False,35.138676,33.358135
2026-09-01T15:08:58Z,athalassas,FRC3,32,42,67,51,0.98,False,35.144718,33.362216
2026-09-01T15:08:58Z,lemesou,FRC3,50,50,20,20,1,False,35.149928,33.374288
2026-09-01T15:08:58Z,sp_kyprianou,FRC4,35,35,28,28,1,False,35.150176,33.339743
2026-09-01T15:08:58Z,archangelou,FRC3,49,49,28,28,1,False,35.135323,33.331244
2026-09-01T15:08:58Z,konstantinoup,FRC4,49,49,19,19,1,False,35.126091,33.34383
2026-09-01T15:08:58Z,stavrou,FRC3,24,38,116,73,0.97,False,35.136817,33.358074
2026-09-01T15:08:58Z,makedonitissas,FRC4,26,39,117,78,0.98,False,35.14653,33.332584
2026-09-01T15:08:58Z,armenias,FRC4,23,38,56,34,0.96,False,35.152861,33.36736
2026-09-01T15:08:58Z,arch_kyprianou,FRC4,23,35,43,28,0.92,False,35.148093,33.341583
2026-09-01T15:08:58Z,a1_motorway,FRC0,109,109,342,342,1,False,35.074318,33.376958
2026-09-01T15:08:58Z,makariou_lakat,FRC4,45,45,270,270,1,False,35.088983,33.28557
2026-09-01T15:08:58Z,griva_digeni,FRC4,43,43,45,45,1,False,35.165117,33.340667
2026-09-01T15:08:58Z,aglantzias,FRC4,28,40,36,25,0.94,False,35.155801,33.382409
2026-09-01T15:08:58Z,kranidioti,FRC3,61,61,61,61,1,False,35.102546,33.313234
2026-09-01T15:08:58Z,perimetrikos,FRC4,59,59,17,17,1,False,35.113096,33.322016
2026-09-01T15:08:58Z,hatziiosif,FRC3,24,38,116,73,0.97,False,35.136817,33.358074
2026-09-01T15:08:58Z,perikleous,FRC4,28,40,16,11,0.96,False,35.138923,33.346836
2026-09-01T15:08:58Z,avraamidi,FRC4,44,44,23,23,1,False,35.141552,33.36142
2026-09-01T15:08:58Z,athinon,FRC4,35,35,2,2,1,False,35.139348,33.346279
2026-09-01T15:08:58Z,tasou_markou,FRC4,44,44,39,39,1,False,35.136146,33.369732
2026-09-01T15:08:58Z,peiraios,FRC3,18,37,104,50,0.97,False,35.148686,33.351249
2026-09-01T15:29:34Z,strovolou,FRC3,21,46,103,47,0.99,False,35.137521,33.333087
2026-09-01T15:29:34Z,tseriou,FRC4,21,40,39,20,0.94,False,35.13293,33.339276
2026-09-01T15:29:34Z,prodromou,FRC4,42,42,12,12,1,False,35.159656,33.3459
2026-09-01T15:29:34Z,akropoleos,FRC3,32,41,87,68,0.97,False,35.138676,33.358135
2026-09-01T15:29:34Z,athalassas,FRC3,42,42,51,51,1,False,35.144718,33.362216
2026-09-01T15:29:34Z,lemesou,FRC3,36,50,28,20,0.99,False,35.149928,33.374288
2026-09-01T15:29:34Z,sp_kyprianou,FRC4,35,35,28,28,1,False,35.150176,33.339743
2026-09-01T15:29:34Z,archangelou,FRC3,33,48,42,29,0.97,False,35.135323,33.331244
2026-09-01T15:29:34Z,konstantinoup,FRC4,49,49,19,19,1,False,35.126091,33.34383
2026-09-01T15:29:34Z,stavrou,FRC3,26,39,107,71,0.95,False,35.136817,33.358074
2026-09-01T15:29:34Z,makedonitissas,FRC4,30,39,102,78,0.98,False,35.14653,33.332584
2026-09-01T15:29:34Z,armenias,FRC4,15,40,87,32,0.932578,False,35.152861,33.36736
2026-09-01T15:29:34Z,arch_kyprianou,FRC4,23,35,43,28,0.9,False,35.148093,33.341583
2026-09-01T15:29:34Z,a1_motorway,FRC0,109,109,342,342,1,False,35.074318,33.376958
2026-09-01T15:29:34Z,makariou_lakat,FRC4,35,45,347,270,0.873896,False,35.088983,33.28557
2026-09-01T15:29:34Z,griva_digeni,FRC4,43,43,45,45,1,False,35.165117,33.340667
2026-09-01T15:29:34Z,aglantzias,FRC4,41,41,24,24,1,False,35.155801,33.382409
2026-09-01T15:29:34Z,kranidioti,FRC3,61,61,61,61,1,False,35.102546,33.313234
2026-09-01T15:29:34Z,perimetrikos,FRC4,59,59,17,17,1,False,35.113096,33.322016
2026-09-01T15:29:34Z,hatziiosif,FRC3,26,39,107,71,0.95,False,35.136817,33.358074
2026-09-01T15:29:34Z,perikleous,FRC4,18,40,26,11,0.93,False,35.138923,33.346836
2026-09-01T15:29:34Z,avraamidi,FRC4,44,44,23,23,1,False,35.141552,33.36142
2026-09-01T15:29:34Z,athinon,FRC4,35,35,2,2,1,False,35.139348,33.346279
2026-09-01T15:29:34Z,tasou_markou,FRC4,44,44,39,39,1,False,35.136146,33.369732
2026-09-01T15:29:34Z,peiraios,FRC3,25,36,75,52,0.99,False,35.148686,33.351249
2026-09-01T16:00:33Z,strovolou,FRC3,26,44,83,49,1,False,35.137521,33.333087
2026-09-01T16:00:33Z,tseriou,FRC4,27,40,30,20,0.93,False,35.13293,33.339276
2026-09-01T16:00:33Z,prodromou,FRC4,42,42,12,12,1,False,35.159656,33.3459
2026-09-01T16:00:33Z,akropoleos,FRC3,41,41,68,68,1,False,35.138676,33.358135
2026-09-01T16:00:33Z,athalassas,FRC3,30,41,72,53,0.97,False,35.144718,33.362216
2026-09-01T16:00:33Z,lemesou,FRC3,50,50,20,20,1,False,35.149928,33.374288
2026-09-01T16:00:33Z,sp_kyprianou,FRC4,35,35,28,28,1,False,35.150176,33.339743
2026-09-01T16:00:33Z,archangelou,FRC3,49,49,28,28,1,False,35.135323,33.331244
2026-09-01T16:00:33Z,konstantinoup,FRC4,27,49,35,19,0.96,False,35.126091,33.34383
2026-09-01T16:00:33Z,stavrou,FRC3,25,39,111,71,0.98,False,35.136817,33.358074
2026-09-01T16:00:33Z,makedonitissas,FRC4,30,40,102,76,0.97,False,35.14653,33.332584
2026-09-01T16:00:33Z,armenias,FRC4,28,38,46,34,0.94,False,35.152861,33.36736
2026-09-01T16:00:33Z,arch_kyprianou,FRC4,23,36,43,27,0.9,False,35.148093,33.341583
2026-09-01T16:00:33Z,a1_motorway,FRC0,109,109,342,342,1,False,35.074318,33.376958
2026-09-01T16:00:33Z,makariou_lakat,FRC4,45,45,270,270,1,False,35.088983,33.28557
2026-09-01T16:00:33Z,griva_digeni,FRC4,43,43,45,45,1,False,35.165117,33.340667
2026-09-01T16:00:33Z,aglantzias,FRC4,41,41,24,24,1,False,35.155801,33.382409
2026-09-01T16:00:33Z,kranidioti,FRC3,61,61,61,61,1,False,35.102546,33.313234
2026-09-01T16:00:33Z,perimetrikos,FRC4,59,59,17,17,1,False,35.113096,33.322016
2026-09-01T16:00:33Z,hatziiosif,FRC3,25,39,111,71,0.98,False,35.136817,33.358074
2026-09-01T16:00:33Z,perikleous,FRC4,23,40,20,11,0.96,False,35.138923,33.346836
2026-09-01T16:00:33Z,avraamidi,FRC4,44,44,23,23,1,False,35.141552,33.36142
2026-09-01T16:00:33Z,athinon,FRC4,35,35,2,2,1,False,35.139348,33.346279
2026-09-01T16:00:33Z,tasou_markou,FRC4,44,44,39,39,1,False,35.136146,33.369732
2026-09-01T16:00:33Z,peiraios,FRC3,22,37,85,50,0.97,False,35.148686,33.351249
2026-09-02T04:20:44Z,strovolou,FRC3,45,45,48,48,1,False,35.137521,33.333087
2026-09-02T04:20:44Z,tseriou,FRC4,41,41,20,20,1,False,35.13293,33.339276
2026-09-02T04:20:44Z,prodromou,FRC4,42,42,12,12,1,False,35.159656,33.3459
2026-09-02T04:20:44Z,akropoleos,FRC3,21,41,132,68,0.97,False,35.138676,33.358135
2026-09-02T04:20:44Z,athalassas,FRC3,30,42,72,51,0.966339,False,35.144718,33.362216
2026-09-02T04:20:44Z,lemesou,FRC3,50,50,20,20,1,False,35.149928,33.374288
2026-09-02T04:20:44Z,sp_kyprianou,FRC4,35,35,28,28,1,False,35.150176,33.339743
2026-09-02T04:20:44Z,archangelou,FRC3,33,49,42,28,1,False,35.135323,33.331244
2026-09-02T04:20:44Z,konstantinoup,FRC4,49,49,19,19,1,False,35.126091,33.34383
2026-09-02T04:20:44Z,stavrou,FRC3,39,39,71,71,1,False,35.136817,33.358074
2026-09-02T04:20:44Z,makedonitissas,FRC4,32,40,95,76,0.99,False,35.14653,33.332584
2026-09-02T04:20:44Z,armenias,FRC4,28,38,46,34,0.97,False,35.152861,33.36736
2026-09-02T04:20:44Z,arch_kyprianou,FRC4,36,36,27,27,1,False,35.148093,33.341583
2026-09-02T04:20:44Z,a1_motorway,FRC0,109,109,342,342,1,False,35.074318,33.376958
2026-09-02T04:20:44Z,makariou_lakat,FRC4,45,45,270,270,1,False,35.088983,33.28557
2026-09-02T04:20:44Z,griva_digeni,FRC4,31,43,62,45,0.97,False,35.165117,33.340667
2026-09-02T04:20:44Z,aglantzias,FRC4,24,40,42,25,1,False,35.155801,33.382409
2026-09-02T04:20:44Z,kranidioti,FRC3,61,61,61,61,1,False,35.102546,33.313234
2026-09-02T04:20:44Z,perimetrikos,FRC4,59,59,17,17,1,False,35.113096,33.322016
2026-09-02T04:20:44Z,hatziiosif,FRC3,39,39,71,71,1,False,35.136817,33.358074
2026-09-02T04:20:44Z,perikleous,FRC4,40,40,11,11,1,False,35.138923,33.346836
2026-09-02T04:20:44Z,avraamidi,FRC4,44,44,23,23,1,False,35.141552,33.36142
2026-09-02T04:20:44Z,athinon,FRC4,35,35,2,2,1,False,35.139348,33.346279
2026-09-02T04:20:44Z,tasou_markou,FRC4,44,44,39,39,1,False,35.136146,33.369732
2026-09-02T04:20:44Z,peiraios,FRC3,20,36,93,52,0.95,False,35.148686,33.351249
2026-09-02T04:41:15Z,strovolou,FRC3,45,45,48,48,1,False,35.137521,33.333087
2026-09-02T04:41:15Z,tseriou,FRC4,29,41,28,20,0.85,False,35.13293,33.339276
2026-09-02T04:41:15Z,prodromou,FRC4,42,42,12,12,1,False,35.159656,33.3459
2026-09-02T04:41:15Z,akropoleos,FRC3,18,40,154,69,0.99,False,35.138676,33.358135
2026-09-02T04:41:15Z,athalassas,FRC3,42,42,51,51,1,False,35.144718,33.362216
2026-09-02T04:41:15Z,lemesou,FRC3,39,49,26,20,1,False,35.149928,33.374288
2026-09-02T04:41:15Z,sp_kyprianou,FRC4,28,35,36,28,1,False,35.150176,33.339743
2026-09-02T04:41:15Z,archangelou,FRC3,49,49,28,28,1,False,35.135323,33.331244
2026-09-02T04:41:15Z,konstantinoup,FRC4,49,49,19,19,1,False,35.126091,33.34383
2026-09-02T04:41:15Z,stavrou,FRC3,39,39,71,71,1,False,35.136817,33.358074
2026-09-02T04:41:15Z,makedonitissas,FRC4,31,39,98,78,0.99,False,35.14653,33.332584
2026-09-02T04:41:15Z,armenias,FRC4,28,38,46,34,0.93,False,35.152861,33.36736
2026-09-02T04:41:15Z,arch_kyprianou,FRC4,27,35,37,28,0.69,False,35.148093,33.341583
2026-09-02T04:41:15Z,a1_motorway,FRC0,109,109,342,342,1,False,35.074318,33.376958
2026-09-02T04:41:15Z,makariou_lakat,FRC4,45,45,270,270,1,False,35.088983,33.28557
2026-09-02T04:41:15Z,griva_digeni,FRC4,26,43,74,45,0.98,False,35.165117,33.340667
2026-09-02T04:41:15Z,aglantzias,FRC4,21,40,48,25,1,False,35.155801,33.382409
2026-09-02T04:41:15Z,kranidioti,FRC3,61,61,61,61,1,False,35.102546,33.313234
2026-09-02T04:41:15Z,perimetrikos,FRC4,59,59,17,17,1,False,35.113096,33.322016
2026-09-02T04:41:15Z,hatziiosif,FRC3,39,39,71,71,1,False,35.136817,33.358074
2026-09-02T04:41:15Z,perikleous,FRC4,40,40,11,11,1,False,35.138923,33.346836
2026-09-02T04:41:15Z,avraamidi,FRC4,44,44,23,23,1,False,35.141552,33.36142
2026-09-02T04:41:15Z,athinon,FRC4,35,35,2,2,1,False,35.139348,33.346279
2026-09-02T04:41:15Z,tasou_markou,FRC4,44,44,39,39,1,False,35.136146,33.369732
2026-09-02T04:41:15Z,peiraios,FRC3,16,37,117,50,0.98,False,35.148686,33.351249
2026-09-02T05:01:49Z,strovolou,FRC3,45,45,48,48,1,False,35.137521,33.333087
2026-09-02T05:01:49Z,tseriou,FRC4,25,40,32,20,0.91,False,35.13293,33.339276
2026-09-02T05:01:49Z,prodromou,FRC4,42,42,12,12,1,False,35.159656,33.3459
2026-09-02T05:01:49Z,akropoleos,FRC3,33,41,84,68,0.99,False,35.138676,33.358135
2026-09-02T05:01:49Z,athalassas,FRC3,32,41,67,53,0.99,False,35.144718,33.362216
2026-09-02T05:01:49Z,lemesou,FRC3,29,49,35,20,1,False,35.149928,33.374288
2026-09-02T05:01:49Z,sp_kyprianou,FRC4,35,35,28,28,1,False,35.150176,33.339743
2026-09-02T05:01:49Z,archangelou,FRC3,32,49,44,28,1,False,35.135323,33.331244
2026-09-02T05:01:49Z,konstantinoup,FRC4,49,49,19,19,1,False,35.126091,33.34383
2026-09-02T05:01:49Z,stavrou,FRC3,39,39,71,71,1,False,35.136817,33.358074
2026-09-02T05:01:49Z,makedonitissas,FRC4,26,40,117,76,0.975645,False,35.14653,33.332584
2026-09-02T05:01:49Z,armenias,FRC4,39,39,33,33,1,False,35.152861,33.36736
2026-09-02T05:01:49Z,arch_kyprianou,FRC4,26,36,38,27,0.74,False,35.148093,33.341583
2026-09-02T05:01:49Z,a1_motorway,FRC0,109,109,342,342,1,False,35.074318,33.376958
2026-09-02T05:01:49Z,makariou_lakat,FRC4,45,45,270,270,1,False,35.088983,33.28557
2026-09-02T05:01:49Z,griva_digeni,FRC4,28,43,69,45,0.98,False,35.165117,33.340667
2026-09-02T05:01:49Z,aglantzias,FRC4,41,41,24,24,1,False,35.155801,33.382409
2026-09-02T05:01:49Z,kranidioti,FRC3,61,61,61,61,1,False,35.102546,33.313234
2026-09-02T05:01:49Z,perimetrikos,FRC4,59,59,17,17,1,False,35.113096,33.322016
2026-09-02T05:01:49Z,hatziiosif,FRC3,39,39,71,71,1,False,35.136817,33.358074
2026-09-02T05:01:49Z,perikleous,FRC4,25,40,18,11,0.98,False,35.138923,33.346836
2026-09-02T05:01:49Z,avraamidi,FRC4,44,44,23,23,1,False,35.141552,33.36142
2026-09-02T05:01:49Z,athinon,FRC4,35,35,2,2,1,False,35.139348,33.346279
2026-09-02T05:01:49Z,tasou_markou,FRC4,44,44,39,39,1,False,35.136146,33.369732
2026-09-02T05:01:49Z,peiraios,FRC3,25,36,75,52,0.98,False,35.148686,33.351249
2026-09-02T05:22:25Z,strovolou,FRC3,45,45,48,48,1,False,35.137521,33.333087
2026-09-02T05:22:25Z,tseriou,FRC4,24,41,34,20,0.97,False,35.13293,33.339276
2026-09-02T05:22:25Z,prodromou,FRC4,42,42,12,12,1,False,35.159656,33.3459
2026-09-02T05:22:25Z,akropoleos,FRC3,21,41,132,68,0.99,False,35.138676,33.358135
2026-09-02T05:22:25Z,athalassas,FRC3,31,42,70,51,0.975611,False,35.144718,33.362216
2026-09-02T05:22:25Z,lemesou,FRC3,8,47,128,21,1,False,35.149928,33.374288
2026-09-02T05:22:25Z,sp_kyprianou,FRC4,35,35,28,28,1,False,35.150176,33.339743
2026-09-02T05:22:25Z,archangelou,FRC3,35,49,40,28,1,False,35.135323,33.331244
2026-09-02T05:22:25Z,konstantinoup,FRC4,49,49,19,19,1,False,35.126091,33.34383
2026-09-02T05:22:25Z,stavrou,FRC3,30,39,92,71,0.93,False,35.136817,33.358074
2026-09-02T05:22:25Z,makedonitissas,FRC4,27,39,113,78,0.96,False,35.14653,33.332584
2026-09-02T05:22:25Z,armenias,FRC4,30,38,43,34,0.94,False,35.152861,33.36736
2026-09-02T05:22:25Z,arch_kyprianou,FRC4,26,35,38,28,0.86,False,35.148093,33.341583
2026-09-02T05:22:25Z,a1_motorway,FRC0,109,109,342,342,1,False,35.074318,33.376958
2026-09-02T05:22:25Z,makariou_lakat,FRC4,37,45,328,270,0.971296,False,35.088983,33.28557
2026-09-02T05:22:25Z,griva_digeni,FRC4,43,43,45,45,1,False,35.165117,33.340667
2026-09-02T05:22:25Z,aglantzias,FRC4,41,41,24,24,1,False,35.155801,33.382409
2026-09-02T05:22:25Z,kranidioti,FRC3,61,61,61,61,1,False,35.102546,33.313234
2026-09-02T05:22:25Z,perimetrikos,FRC4,35,59,30,17,0.98,False,35.113096,33.322016
2026-09-02T05:22:25Z,hatziiosif,FRC3,30,39,92,71,0.93,False,35.136817,33.358074
2026-09-02T05:22:25Z,perikleous,FRC4,40,40,11,11,1,False,35.138923,33.346836
2026-09-02T05:22:25Z,avraamidi,FRC4,44,44,23,23,1,False,35.141552,33.36142
2026-09-02T05:22:25Z,athinon,FRC4,35,35,2,2,1,False,35.139348,33.346279
2026-09-02T05:22:25Z,tasou_markou,FRC4,44,44,39,39,1,False,35.136146,33.369732
2026-09-02T05:22:25Z,peiraios,FRC3,21,37,89,50,0.97,False,35.148686,33.351249
2026-09-02T05:42:59Z,strovolou,FRC3,45,45,48,48,1,False,35.137521,33.333087
2026-09-02T05:42:59Z,tseriou,FRC4,19,40,43,20,0.91,False,35.13293,33.339276
2026-09-02T05:42:59Z,prodromou,FRC4,42,42,12,12,1,False,35.159656,33.3459
2026-09-02T05:42:59Z,akropoleos,FRC3,23,40,121,69,0.97204,False,35.138676,33.358135
2026-09-02T05:42:59Z,athalassas,FRC3,31,41,70,53,0.983661,False,35.144718,33.362216
2026-09-02T05:42:59Z,lemesou,FRC3,27,48,37,21,1,False,35.149928,33.374288
2026-09-02T05:42:59Z,sp_kyprianou,FRC4,27,35,37,28,0.98,False,35.150176,33.339743
2026-09-02T05:42:59Z,archangelou,FRC3,49,49,28,28,1,False,35.135323,33.331244
2026-09-02T05:42:59Z,konstantinoup,FRC4,49,49,19,19,1,False,35.126091,33.34383
2026-09-02T05:42:59Z,stavrou,FRC3,39,39,71,71,1,False,35.136817,33.358074
2026-09-02T05:42:59Z,makedonitissas,FRC4,27,39,113,78,0.95129,False,35.14653,33.332584
2026-09-02T05:42:59Z,armenias,FRC4,24,38,54,34,0.94,False,35.152861,33.36736
2026-09-02T05:42:59Z,arch_kyprianou,FRC4,27,35,37,28,0.91,False,35.148093,33.341583
2026-09-02T05:42:59Z,a1_motorway,FRC0,109,109,342,342,1,False,35.074318,33.376958
2026-09-02T05:42:59Z,makariou_lakat,FRC4,45,45,270,270,1,False,35.088983,33.28557
2026-09-02T05:42:59Z,griva_digeni,FRC4,31,43,62,45,1,False,35.165117,33.340667
2026-09-02T05:42:59Z,aglantzias,FRC4,41,41,24,24,1,False,35.155801,33.382409
2026-09-02T05:42:59Z,kranidioti,FRC3,61,61,61,61,1,False,35.102546,33.313234
2026-09-02T05:42:59Z,perimetrikos,FRC4,59,59,17,17,1,False,35.113096,33.322016
2026-09-02T05:42:59Z,hatziiosif,FRC3,39,39,71,71,1,False,35.136817,33.358074
2026-09-02T05:42:59Z,perikleous,FRC4,30,40,15,11,0.96,False,35.138923,33.346836
2026-09-02T05:42:59Z,avraamidi,FRC4,44,44,23,23,1,False,35.141552,33.36142
2026-09-02T05:42:59Z,athinon,FRC4,35,35,2,2,1,False,35.139348,33.346279
2026-09-02T05:42:59Z,tasou_markou,FRC4,44,44,39,39,1,False,35.136146,33.369732
2026-09-02T05:42:59Z,peiraios,FRC3,12,36,156,52,0.967502,False,35.148686,33.351249
2026-09-02T06:03:11Z,strovolou,FRC3,45,45,48,48,1,False,35.137521,33.333087
2026-09-02T06:03:11Z,tseriou,FRC4,27,40,30,20,0.94,False,35.13293,33.339276
2026-09-02T06:03:11Z,prodromou,FRC4,42,42,12,12,1,False,35.159656,33.3459
2026-09-02T06:03:11Z,akropoleos,FRC3,41,41,68,68,1,False,35.138676,33.358135
2026-09-02T06:03:11Z,athalassas,FRC3,42,42,51,51,1,False,35.144718,33.362216
2026-09-02T06:03:11Z,lemesou,FRC3,50,50,20,20,1,False,35.149928,33.374288
2026-09-02T06:03:11Z,sp_kyprianou,FRC4,27,34,37,29,0.95,False,35.150176,33.339743
2026-09-02T06:03:11Z,archangelou,FRC3,49,49,28,28,1,False,35.135323,33.331244
2026-09-02T06:03:11Z,konstantinoup,FRC4,49,49,19,19,1,False,35.126091,33.34383
2026-09-02T06:03:11Z,stavrou,FRC3,39,39,71,71,1,False,35.136817,33.358074
2026-09-02T06:03:11Z,makedonitissas,FRC4,20,40,153,76,0.975645,False,35.14653,33.332584
2026-09-02T06:03:11Z,armenias,FRC4,39,39,33,33,1,False,35.152861,33.36736
2026-09-02T06:03:11Z,arch_kyprianou,FRC4,26,35,38,28,0.9,False,35.148093,33.341583
2026-09-02T06:03:11Z,a1_motorway,FRC0,109,109,342,342,1,False,35.074318,33.376958
2026-09-02T06:03:11Z,makariou_lakat,FRC4,45,45,270,270,1,False,35.088983,33.28557
2026-09-02T06:03:11Z,griva_digeni,FRC4,31,42,62,46,0.98,False,35.165117,33.340667
2026-09-02T06:03:11Z,aglantzias,FRC4,33,41,30,24,0.99,False,35.155801,33.382409
2026-09-02T06:03:11Z,kranidioti,FRC3,61,61,61,61,1,False,35.102546,33.313234
2026-09-02T06:03:11Z,perimetrikos,FRC4,59,59,17,17,1,False,35.113096,33.322016
2026-09-02T06:03:11Z,hatziiosif,FRC3,39,39,71,71,1,False,35.136817,33.358074
2026-09-02T06:03:11Z,perikleous,FRC4,40,40,11,11,1,False,35.138923,33.346836
2026-09-02T06:03:11Z,avraamidi,FRC4,34,43,29,23,0.95,False,35.141552,33.36142
2026-09-02T06:03:11Z,athinon,FRC4,35,35,2,2,1,False,35.139348,33.346279
2026-09-02T06:03:11Z,tasou_markou,FRC4,44,44,39,39,1,False,35.136146,33.369732
2026-09-02T06:03:11Z,peiraios,FRC3,12,37,156,50,0.984917,False,35.148686,33.351249
2026-09-02T11:20:49Z,strovolou,FRC3,28,45,77,48,0.99,False,35.137521,33.333087
2026-09-02T11:20:49Z,tseriou,FRC4,7,40,117,20,0.97,False,35.13293,33.339276
2026-09-02T11:20:49Z,prodromou,FRC4,42,42,12,12,1,False,35.159656,33.3459
2026-09-02T11:20:49Z,akropoleos,FRC3,32,40,87,69,0.93,False,35.138676,33.358135
2026-09-02T11:20:49Z,athalassas,FRC3,29,42,74,51,0.98,False,35.144718,33.362216
2026-09-02T11:20:49Z,lemesou,FRC3,50,50,20,20,1,False,35.149928,33.374288
2026-09-02T11:20:49Z,sp_kyprianou,FRC4,35,35,28,28,1,False,35.150176,33.339743
2026-09-02T11:20:49Z,archangelou,FRC3,49,49,28,28,1,False,35.135323,33.331244
2026-09-02T11:20:49Z,konstantinoup,FRC4,49,49,19,19,1,False,35.126091,33.34383
2026-09-02T11:20:49Z,stavrou,FRC3,23,38,121,73,0.98,False,35.136817,33.358074
2026-09-02T11:20:49Z,makedonitissas,FRC4,29,40,105,76,0.97,False,35.14653,33.332584
2026-09-02T11:20:49Z,armenias,FRC4,30,38,43,34,0.97,False,35.152861,33.36736
2026-09-02T11:20:49Z,arch_kyprianou,FRC4,23,36,43,27,0.83,False,35.148093,33.341583
2026-09-02T11:20:49Z,a1_motorway,FRC0,109,109,342,342,1,False,35.074318,33.376958
2026-09-02T11:20:49Z,makariou_lakat,FRC4,45,45,270,270,1,False,35.088983,33.28557
2026-09-02T11:20:49Z,griva_digeni,FRC4,43,43,45,45,1,False,35.165117,33.340667
2026-09-02T11:20:49Z,aglantzias,FRC4,29,40,35,25,0.95,False,35.155801,33.382409
2026-09-02T11:20:49Z,kranidioti,FRC3,61,61,61,61,1,False,35.102546,33.313234
2026-09-02T11:20:49Z,perimetrikos,FRC4,59,59,17,17,1,False,35.113096,33.322016
2026-09-02T11:20:49Z,hatziiosif,FRC3,23,38,121,73,0.98,False,35.136817,33.358074
2026-09-02T11:20:49Z,perikleous,FRC4,40,40,11,11,1,False,35.138923,33.346836
2026-09-02T11:20:49Z,avraamidi,FRC4,44,44,23,23,1,False,35.141552,33.36142
2026-09-02T11:20:49Z,athinon,FRC4,35,35,2,2,1,False,35.139348,33.346279
2026-09-02T11:20:49Z,tasou_markou,FRC4,44,44,39,39,1,False,35.136146,33.369732
2026-09-02T11:20:49Z,peiraios,FRC3,18,36,104,52,0.97,False,35.148686,33.351249
2026-09-02T12:01:08Z,strovolou,FRC3,25,45,86,48,0.98,False,35.137521,33.333087
2026-09-02T12:01:08Z,tseriou,FRC4,25,40,32,20,0.73,False,35.13293,33.339276
2026-09-02T12:01:08Z,prodromou,FRC4,42,42,12,12,1,False,35.159656,33.3459
2026-09-02T12:01:08Z,akropoleos,FRC3,33,41,84,68,0.95,False,35.138676,33.358135
2026-09-02T12:01:08Z,athalassas,FRC3,42,42,51,51,1,False,35.144718,33.362216
2026-09-02T12:01:08Z,lemesou,FRC3,50,50,20,20,1,False,35.149928,33.374288
2026-09-02T12:01:08Z,sp_kyprianou,FRC4,35,35,28,28,1,False,35.150176,33.339743
2026-09-02T12:01:08Z,archangelou,FRC3,49,49,28,28,1,False,35.135323,33.331244
2026-09-02T12:01:08Z,konstantinoup,FRC4,49,49,19,19,1,False,35.126091,33.34383
2026-09-02T12:01:08Z,stavrou,FRC3,16,39,174,71,0.97,False,35.136817,33.358074
2026-09-02T12:01:08Z,makedonitissas,FRC4,32,40,95,76,0.96,False,35.14653,33.332584
2026-09-02T12:01:08Z,armenias,FRC4,26,39,50,33,0.97,False,35.152861,33.36736
2026-09-02T12:01:08Z,arch_kyprianou,FRC4,20,36,50,27,0.88,False,35.148093,33.341583
2026-09-02T12:01:08Z,a1_motorway,FRC0,109,109,342,342,1,False,35.074318,33.376958
2026-09-02T12:01:08Z,makariou_lakat,FRC4,45,45,270,270,1,False,35.088983,33.28557
2026-09-02T12:01:08Z,griva_digeni,FRC4,34,42,57,46,0.97,False,35.165117,33.340667
2026-09-02T12:01:08Z,aglantzias,FRC4,41,41,24,24,1,False,35.155801,33.382409
2026-09-02T12:01:08Z,kranidioti,FRC3,61,61,61,61,1,False,35.102546,33.313234
2026-09-02T12:01:08Z,perimetrikos,FRC4,59,59,17,17,1,False,35.113096,33.322016
2026-09-02T12:01:08Z,hatziiosif,FRC3,16,39,174,71,0.97,False,35.136817,33.358074
2026-09-02T12:01:08Z,perikleous,FRC4,24,39,19,12,0.95,False,35.138923,33.346836
2026-09-02T12:01:08Z,avraamidi,FRC4,44,44,23,23,1,False,35.141552,33.36142
2026-09-02T12:01:08Z,athinon,FRC4,35,35,2,2,1,False,35.139348,33.346279
2026-09-02T12:01:08Z,tasou_markou,FRC4,44,44,39,39,1,False,35.136146,33.369732
2026-09-02T12:01:08Z,peiraios,FRC3,16,36,117,52,0.97,False,35.148686,33.351249
2026-09-02T13:01:39Z,strovolou,FRC3,45,45,48,48,1,False,35.137521,33.333087
2026-09-02T13:01:39Z,tseriou,FRC4,28,41,29,20,0.88,False,35.13293,33.339276
2026-09-02T13:01:39Z,prodromou,FRC4,42,42,12,12,1,False,35.159656,33.3459
2026-09-02T13:01:39Z,akropoleos,FRC3,41,41,68,68,1,False,35.138676,33.358135
2026-09-02T13:01:39Z,athalassas,FRC3,16,41,135,53,0.953859,False,35.144718,33.362216
2026-09-02T13:01:39Z,lemesou,FRC3,50,50,20,20,1,False,35.149928,33.374288
2026-09-02T13:01:39Z,sp_kyprianou,FRC4,35,35,28,28,1,False,35.150176,33.339743
2026-09-02T13:01:39Z,archangelou,FRC3,49,49,28,28,1,False,35.135323,33.331244
2026-09-02T13:01:39Z,konstantinoup,FRC4,49,49,19,19,1,False,35.126091,33.34383
2026-09-02T13:01:39Z,stavrou,FRC3,22,39,126,71,0.956566,False,35.136817,33.358074
2026-09-02T13:01:39Z,makedonitissas,FRC4,31,39,98,78,0.97,False,35.14653,33.332584
2026-09-02T13:01:39Z,armenias,FRC4,30,38,43,34,0.97,False,35.152861,33.36736
2026-09-02T13:01:39Z,arch_kyprianou,FRC4,23,36,43,27,0.81,False,35.148093,33.341583
2026-09-02T13:01:39Z,a1_motorway,FRC0,109,109,342,342,1,False,35.074318,33.376958
2026-09-02T13:01:39Z,makariou_lakat,FRC4,45,45,270,270,1,False,35.088983,33.28557
2026-09-02T13:01:39Z,griva_digeni,FRC4,43,43,45,45,1,False,35.165117,33.340667
2026-09-02T13:01:39Z,aglantzias,FRC4,31,41,32,24,0.98,False,35.155801,33.382409
2026-09-02T13:01:39Z,kranidioti,FRC3,61,61,61,61,1,False,35.102546,33.313234
2026-09-02T13:01:39Z,perimetrikos,FRC4,59,59,17,17,1,False,35.113096,33.322016
2026-09-02T13:01:39Z,hatziiosif,FRC3,22,39,126,71,0.956566,False,35.136817,33.358074
2026-09-02T13:01:39Z,perikleous,FRC4,40,40,11,11,1,False,35.138923,33.346836
2026-09-02T13:01:39Z,avraamidi,FRC4,44,44,23,23,1,False,35.141552,33.36142
2026-09-02T13:01:39Z,athinon,FRC4,35,35,2,2,1,False,35.139348,33.346279
2026-09-02T13:01:39Z,tasou_markou,FRC4,44,44,39,39,1,False,35.136146,33.369732
2026-09-02T13:01:39Z,peiraios,FRC3,17,36,110,52,0.97,False,35.148686,33.351249
2026-09-02T17:09:54Z,strovolou,FRC3,29,45,74,48,0.99,False,35.137521,33.333087
2026-09-02T17:09:54Z,tseriou,FRC4,32,40,25,20,0.7,False,35.13293,33.339276
2026-09-02T17:09:54Z,prodromou,FRC4,42,42,12,12,1,False,35.159656,33.3459
2026-09-02T17:09:54Z,akropoleos,FRC3,32,41,87,68,0.91,False,35.138676,33.358135
2026-09-02T17:09:54Z,athalassas,FRC3,42,42,51,51,1,False,35.144718,33.362216
2026-09-02T17:09:54Z,lemesou,FRC3,35,50,29,20,1,False,35.149928,33.374288
2026-09-02T17:09:54Z,sp_kyprianou,FRC4,35,35,28,28,1,False,35.150176,33.339743
2026-09-02T17:09:54Z,archangelou,FRC3,49,49,28,28,1,False,35.135323,33.331244
2026-09-02T17:09:54Z,konstantinoup,FRC4,49,49,19,19,1,False,35.126091,33.34383
2026-09-02T17:09:54Z,stavrou,FRC3,39,39,71,71,1,False,35.136817,33.358074
2026-09-02T17:09:54Z,makedonitissas,FRC4,40,40,76,76,1,False,35.14653,33.332584
2026-09-02T17:09:54Z,armenias,FRC4,39,39,33,33,1,False,35.152861,33.36736
2026-09-02T17:09:54Z,arch_kyprianou,FRC4,20,36,50,27,0.89,False,35.148093,33.341583
2026-09-02T17:09:54Z,a1_motorway,FRC0,109,109,342,342,1,False,35.074318,33.376958
2026-09-02T17:09:54Z,makariou_lakat,FRC4,45,45,270,270,1,False,35.088983,33.28557
2026-09-02T17:09:54Z,griva_digeni,FRC4,43,43,45,45,1,False,35.165117,33.340667
2026-09-02T17:09:54Z,aglantzias,FRC4,27,40,37,25,0.99,False,35.155801,33.382409
2026-09-02T17:09:54Z,kranidioti,FRC3,61,61,61,61,1,False,35.102546,33.313234
2026-09-02T17:09:54Z,perimetrikos,FRC4,59,59,17,17,1,False,35.113096,33.322016
2026-09-02T17:09:54Z,hatziiosif,FRC3,39,39,71,71,1,False,35.136817,33.358074
2026-09-02T17:09:54Z,perikleous,FRC4,30,40,15,11,0.88,False,35.138923,33.346836
2026-09-02T17:09:54Z,avraamidi,FRC4,44,44,23,23,1,False,35.141552,33.36142
2026-09-02T17:09:54Z,athinon,FRC4,35,35,2,2,1,False,35.139348,33.346279
2026-09-02T17:09:54Z,tasou_markou,FRC4,44,44,39,39,1,False,35.136146,33.369732
2026-09-02T17:09:54Z,peiraios,FRC3,25,36,75,52,0.96,False,35.148686,33.351249
2026-09-02T18:00:23Z,strovolou,FRC3,33,44,65,49,0.97,False,35.137521,33.333087
2026-09-02T18:00:23Z,tseriou,FRC4,30,41,27,20,0.84,False,35.13293,33.339276
2026-09-02T18:00:23Z,prodromou,FRC4,42,42,12,12,1,False,35.159656,33.3459
2026-09-02T18:00:23Z,akropoleos,FRC3,41,41,68,68,1,False,35.138676,33.358135
2026-09-02T18:00:23Z,athalassas,FRC3,42,42,51,51,1,False,35.144718,33.362216
2026-09-02T18:00:23Z,lemesou,FRC3,50,50,20,20,1,False,35.149928,33.374288
2026-09-02T18:00:23Z,sp_kyprianou,FRC4,35,35,28,28,1,False,35.150176,33.339743
2026-09-02T18:00:23Z,archangelou,FRC3,49,49,28,28,1,False,35.135323,33.331244
2026-09-02T18:00:23Z,konstantinoup,FRC4,49,49,19,19,1,False,35.126091,33.34383
2026-09-02T18:00:23Z,stavrou,FRC3,39,39,71,71,1,False,35.136817,33.358074
2026-09-02T18:00:23Z,makedonitissas,FRC4,40,40,76,76,1,False,35.14653,33.332584
2026-09-02T18:00:23Z,armenias,FRC4,39,39,33,33,1,False,35.152861,33.36736
2026-09-02T18:00:23Z,arch_kyprianou,FRC4,27,36,37,27,0.66,False,35.148093,33.341583
2026-09-02T18:00:23Z,a1_motorway,FRC0,109,109,342,342,1,False,35.074318,33.376958
2026-09-02T18:00:23Z,makariou_lakat,FRC4,45,45,270,270,1,False,35.088983,33.28557
2026-09-02T18:00:23Z,griva_digeni,FRC4,43,43,45,45,1,False,35.165117,33.340667
2026-09-02T18:00:23Z,aglantzias,FRC4,25,41,40,24,0.94,False,35.155801,33.382409
2026-09-02T18:00:23Z,kranidioti,FRC3,61,61,61,61,1,False,35.102546,33.313234
2026-09-02T18:00:23Z,perimetrikos,FRC4,59,59,17,17,1,False,35.113096,33.322016
2026-09-02T18:00:23Z,hatziiosif,FRC3,39,39,71,71,1,False,35.136817,33.358074
2026-09-02T18:00:23Z,perikleous,FRC4,40,40,11,11,1,False,35.138923,33.346836
2026-09-02T18:00:23Z,avraamidi,FRC4,44,44,23,23,1,False,35.141552,33.36142
2026-09-02T18:00:23Z,athinon,FRC4,35,35,2,2,1,False,35.139348,33.346279
2026-09-02T18:00:23Z,tasou_markou,FRC4,44,44,39,39,1,False,35.136146,33.369732
2026-09-02T18:00:23Z,peiraios,FRC3,37,37,50,50,1,False,35.148686,33.351249
2026-09-03T04:24:47Z,strovolou,FRC3,35,45,61,48,0.94,False,35.137521,33.333087
2026-09-03T04:24:47Z,tseriou,FRC4,27,41,30,20,0.81,False,35.13293,33.339276
2026-09-03T04:24:47Z,prodromou,FRC4,42,42,12,12,1,False,35.159656,33.3459
2026-09-03T04:24:47Z,akropoleos,FRC3,23,40,121,69,0.98,False,35.138676,33.358135
2026-09-03T04:24:47Z,athalassas,FRC3,42,42,51,51,1,False,35.144718,33.362216
2026-09-03T04:24:47Z,lemesou,FRC3,38,49,26,20,1,False,35.149928,33.374288
2026-09-03T04:24:47Z,sp_kyprianou,FRC4,35,35,28,28,1,False,35.150176,33.339743
2026-09-03T04:24:47Z,archangelou,FRC3,37,49,38,28,0.99,False,35.135323,33.331244
2026-09-03T04:24:47Z,konstantinoup,FRC4,49,49,19,19,1,False,35.126091,33.34383
2026-09-03T04:24:47Z,stavrou,FRC3,39,39,71,71,1,False,35.136817,33.358074
2026-09-03T04:24:47Z,makedonitissas,FRC4,30,40,102,76,0.976704,False,35.14653,33.332584
2026-09-03T04:24:47Z,armenias,FRC4,30,39,43,33,0.95,False,35.152861,33.36736
2026-09-03T04:24:47Z,arch_kyprianou,FRC4,36,36,27,27,1,False,35.148093,33.341583
2026-09-03T04:24:47Z,a1_motorway,FRC0,109,109,342,342,1,False,35.074318,33.376958
2026-09-03T04:24:47Z,makariou_lakat,FRC4,37,45,328,270,0.937256,False,35.088983,33.28557
2026-09-03T04:24:47Z,griva_digeni,FRC4,25,43,77,45,0.98,False,35.165117,33.340667
2026-09-03T04:24:47Z,aglantzias,FRC4,31,40,32,25,1,False,35.155801,33.382409
2026-09-03T04:24:47Z,kranidioti,FRC3,61,61,61,61,1,False,35.102546,33.313234
2026-09-03T04:24:47Z,perimetrikos,FRC4,59,59,17,17,1,False,35.113096,33.322016
2026-09-03T04:24:47Z,hatziiosif,FRC3,39,39,71,71,1,False,35.136817,33.358074
2026-09-03T04:24:47Z,perikleous,FRC4,40,40,11,11,1,False,35.138923,33.346836
2026-09-03T04:24:47Z,avraamidi,FRC4,44,44,23,23,1,False,35.141552,33.36142
2026-09-03T04:24:47Z,athinon,FRC4,35,35,2,2,1,False,35.139348,33.346279
2026-09-03T04:24:47Z,tasou_markou,FRC4,44,44,39,39,1,False,35.136146,33.369732
2026-09-03T04:24:47Z,peiraios,FRC3,18,37,104,50,0.94,False,35.148686,33.351249
2026-09-03T04:45:27Z,strovolou,FRC3,24,44,90,49,0.93,False,35.137521,33.333087
2026-09-03T04:45:27Z,tseriou,FRC4,41,41,20,20,1,False,35.13293,33.339276
2026-09-03T04:45:27Z,prodromou,FRC4,42,42,12,12,1,False,35.159656,33.3459
2026-09-03T04:45:27Z,akropoleos,FRC3,29,40,96,69,0.98,False,35.138676,33.358135
2026-09-03T04:45:27Z,athalassas,FRC3,31,41,70,53,0.975892,False,35.144718,33.362216
2026-09-03T04:45:27Z,lemesou,FRC3,36,49,28,20,1,False,35.149928,33.374288
2026-09-03T04:45:27Z,sp_kyprianou,FRC4,35,35,28,28,1,False,35.150176,33.339743
2026-09-03T04:45:27Z,archangelou,FRC3,38,48,37,29,1,False,35.135323,33.331244
2026-09-03T04:45:27Z,konstantinoup,FRC4,49,49,19,19,1,False,35.126091,33.34383
2026-09-03T04:45:27Z,stavrou,FRC3,39,39,71,71,1,False,35.136817,33.358074
2026-09-03T04:45:27Z,makedonitissas,FRC4,28,39,109,78,0.99,False,35.14653,33.332584
2026-09-03T04:45:27Z,armenias,FRC4,28,38,46,34,0.96,False,35.152861,33.36736
2026-09-03T04:45:27Z,arch_kyprianou,FRC4,36,36,27,27,1,False,35.148093,33.341583
2026-09-03T04:45:27Z,a1_motorway,FRC0,109,109,342,342,1,False,35.074318,33.376958
2026-09-03T04:45:27Z,makariou_lakat,FRC4,45,45,270,270,1,False,35.088983,33.28557
2026-09-03T04:45:27Z,griva_digeni,FRC4,29,43,67,45,0.98,False,35.165117,33.340667
2026-09-03T04:45:27Z,aglantzias,FRC4,27,40,37,25,1,False,35.155801,33.382409
2026-09-03T04:45:27Z,kranidioti,FRC3,61,61,61,61,1,False,35.102546,33.313234
2026-09-03T04:45:27Z,perimetrikos,FRC4,43,59,24,17,0.97,False,35.113096,33.322016
2026-09-03T04:45:27Z,hatziiosif,FRC3,39,39,71,71,1,False,35.136817,33.358074
2026-09-03T04:45:27Z,perikleous,FRC4,40,40,11,11,1,False,35.138923,33.346836
2026-09-03T04:45:27Z,avraamidi,FRC4,44,44,23,23,1,False,35.141552,33.36142
2026-09-03T04:45:27Z,athinon,FRC4,35,35,2,2,1,False,35.139348,33.346279
2026-09-03T04:45:27Z,tasou_markou,FRC4,44,44,39,39,1,False,35.136146,33.369732
2026-09-03T04:45:27Z,peiraios,FRC3,20,37,93,50,0.98,False,35.148686,33.351249
2026-09-03T05:06:04Z,strovolou,FRC3,45,45,48,48,1,False,35.137521,33.333087
2026-09-03T05:06:04Z,tseriou,FRC4,20,41,41,20,0.91,False,35.13293,33.339276
2026-09-03T05:06:04Z,prodromou,FRC4,42,42,12,12,1,False,35.159656,33.3459
2026-09-03T05:06:04Z,akropoleos,FRC3,33,41,84,68,0.99,False,35.138676,33.358135
2026-09-03T05:06:04Z,athalassas,FRC3,31,41,70,53,0.966339,False,35.144718,33.362216
2026-09-03T05:06:04Z,lemesou,FRC3,19,51,53,20,1,False,35.149928,33.374288
2026-09-03T05:06:04Z,sp_kyprianou,FRC4,35,35,28,28,1,False,35.150176,33.339743
2026-09-03T05:06:04Z,archangelou,FRC3,35,48,40,29,0.99,False,35.135323,33.331244
2026-09-03T05:06:04Z,konstantinoup,FRC4,49,49,19,19,1,False,35.126091,33.34383
2026-09-03T05:06:04Z,stavrou,FRC3,26,39,107,71,0.97,False,35.136817,33.358074
2026-09-03T05:06:04Z,makedonitissas,FRC4,23,39,133,78,0.97,False,35.14653,33.332584
2026-09-03T05:06:04Z,armenias,FRC4,28,38,46,34,0.95,False,35.152861,33.36736
2026-09-03T05:06:04Z,arch_kyprianou,FRC4,26,36,38,27,0.6,False,35.148093,33.341583
2026-09-03T05:06:04Z,a1_motorway,FRC0,109,109,342,342,1,False,35.074318,33.376958
2026-09-03T05:06:04Z,makariou_lakat,FRC4,36,46,337,264,0.973598,False,35.088983,33.28557
2026-09-03T05:06:04Z,griva_digeni,FRC4,30,42,64,46,0.97,False,35.165117,33.340667
2026-09-03T05:06:04Z,aglantzias,FRC4,41,41,24,24,1,False,35.155801,33.382409
2026-09-03T05:06:04Z,kranidioti,FRC3,61,61,61,61,1,False,35.102546,33.313234
2026-09-03T05:06:04Z,perimetrikos,FRC4,59,59,17,17,1,False,35.113096,33.322016
2026-09-03T05:06:04Z,hatziiosif,FRC3,26,39,107,71,0.97,False,35.136817,33.358074
2026-09-03T05:06:04Z,perikleous,FRC4,28,39,16,12,0.98,False,35.138923,33.346836
2026-09-03T05:06:04Z,avraamidi,FRC4,44,44,23,23,1,False,35.141552,33.36142
2026-09-03T05:06:04Z,athinon,FRC4,35,35,2,2,1,False,35.139348,33.346279
2026-09-03T05:06:04Z,tasou_markou,FRC4,44,44,39,39,1,False,35.136146,33.369732
2026-09-03T05:06:04Z,peiraios,FRC3,19,37,98,50,0.97,False,35.148686,33.351249
2026-09-03T05:26:42Z,strovolou,FRC3,45,45,48,48,1,False,35.137521,33.333087
2026-09-03T05:26:42Z,tseriou,FRC4,15,41,54,20,0.94,False,35.13293,33.339276
2026-09-03T05:26:42Z,prodromou,FRC4,42,42,12,12,1,False,35.159656,33.3459
2026-09-03T05:26:42Z,akropoleos,FRC3,25,40,111,69,0.99,False,35.138676,33.358135
2026-09-03T05:26:42Z,athalassas,FRC3,33,42,65,51,0.98,False,35.144718,33.362216
2026-09-03T05:26:42Z,lemesou,FRC3,32,48,32,21,1,False,35.149928,33.374288
2026-09-03T05:26:42Z,sp_kyprianou,FRC4,35,35,28,28,1,False,35.150176,33.339743
2026-09-03T05:26:42Z,archangelou,FRC3,49,49,28,28,1,False,35.135323,33.331244
2026-09-03T05:26:42Z,konstantinoup,FRC4,49,49,19,19,1,False,35.126091,33.34383
2026-09-03T05:26:42Z,stavrou,FRC3,31,39,89,71,0.97,False,35.136817,33.358074
2026-09-03T05:26:42Z,makedonitissas,FRC4,23,40,133,76,0.98,False,35.14653,33.332584
2026-09-03T05:26:42Z,armenias,FRC4,30,39,43,33,0.96,False,35.152861,33.36736
2026-09-03T05:26:42Z,arch_kyprianou,FRC4,36,36,27,27,1,False,35.148093,33.341583
2026-09-03T05:26:42Z,a1_motorway,FRC0,109,109,342,342,1,False,35.074318,33.376958
2026-09-03T05:26:42Z,makariou_lakat,FRC4,45,45,270,270,1,False,35.088983,33.28557
2026-09-03T05:26:42Z,griva_digeni,FRC4,32,43,60,45,0.99,False,35.165117,33.340667
2026-09-03T05:26:42Z,aglantzias,FRC4,41,41,24,24,1,False,35.155801,33.382409
2026-09-03T05:26:42Z,kranidioti,FRC3,61,61,61,61,1,False,35.102546,33.313234
2026-09-03T05:26:42Z,perimetrikos,FRC4,59,59,17,17,1,False,35.113096,33.322016
2026-09-03T05:26:42Z,hatziiosif,FRC3,31,39,89,71,0.97,False,35.136817,33.358074
2026-09-03T05:26:42Z,perikleous,FRC4,40,40,11,11,1,False,35.138923,33.346836
2026-09-03T05:26:42Z,avraamidi,FRC4,44,44,23,23,1,False,35.141552,33.36142
2026-09-03T05:26:42Z,athinon,FRC4,35,35,2,2,1,False,35.139348,33.346279
2026-09-03T05:26:42Z,tasou_markou,FRC4,44,44,39,39,1,False,35.136146,33.369732
2026-09-03T05:26:42Z,peiraios,FRC3,19,37,98,50,0.97,False,35.148686,33.351249
2026-09-03T05:47:21Z,strovolou,FRC3,45,45,48,48,1,False,35.137521,33.333087
2026-09-03T05:47:21Z,tseriou,FRC4,15,41,54,20,0.82,False,35.13293,33.339276
2026-09-03T05:47:21Z,prodromou,FRC4,42,42,12,12,1,False,35.159656,33.3459
2026-09-03T05:47:21Z,akropoleos,FRC3,40,45,69,61,0.98,False,35.138676,33.358135
2026-09-03T05:47:21Z,athalassas,FRC3,33,42,65,51,0.97,False,35.144718,33.362216
2026-09-03T05:47:21Z,lemesou,FRC3,50,50,20,20,1,False,35.149928,33.374288
2026-09-03T05:47:21Z,sp_kyprianou,FRC4,35,35,28,28,1,False,35.150176,33.339743
2026-09-03T05:47:21Z,archangelou,FRC3,29,49,48,28,0.99,False,35.135323,33.331244
2026-09-03T05:47:21Z,konstantinoup,FRC4,49,49,19,19,1,False,35.126091,33.34383
2026-09-03T05:47:21Z,stavrou,FRC3,39,39,71,71,1,False,35.136817,33.358074
2026-09-03T05:47:21Z,makedonitissas,FRC4,26,40,117,76,0.976716,False,35.14653,33.332584
2026-09-03T05:47:21Z,armenias,FRC4,28,38,46,34,0.95,False,35.152861,33.36736
2026-09-03T05:47:21Z,arch_kyprianou,FRC4,23,36,43,27,0.89,False,35.148093,33.341583
2026-09-03T05:47:21Z,a1_motorway,FRC0,109,109,342,342,1,False,35.074318,33.376958
2026-09-03T05:47:21Z,makariou_lakat,FRC4,45,45,270,270,1,False,35.088983,33.28557
2026-09-03T05:47:21Z,griva_digeni,FRC4,43,43,45,45,1,False,35.165117,33.340667
2026-09-03T05:47:21Z,aglantzias,FRC4,41,41,24,24,1,False,35.155801,33.382409
2026-09-03T05:47:21Z,kranidioti,FRC3,61,61,61,61,1,False,35.102546,33.313234
2026-09-03T05:47:21Z,perimetrikos,FRC4,59,59,17,17,1,False,35.113096,33.322016
2026-09-03T05:47:21Z,hatziiosif,FRC3,39,39,71,71,1,False,35.136817,33.358074
2026-09-03T05:47:21Z,perikleous,FRC4,40,40,11,11,1,False,35.138923,33.346836
2026-09-03T05:47:21Z,avraamidi,FRC4,44,44,23,23,1,False,35.141552,33.36142
2026-09-03T05:47:21Z,athinon,FRC4,35,35,2,2,1,False,35.139348,33.346279
2026-09-03T05:47:21Z,tasou_markou,FRC4,44,44,39,39,1,False,35.136146,33.369732
2026-09-03T05:47:21Z,peiraios,FRC3,20,37,93,50,0.93,False,35.148686,33.351249
2026-09-03T06:07:36Z,strovolou,FRC3,45,45,48,48,1,False,35.137521,33.333087
2026-09-03T06:07:36Z,tseriou,FRC4,24,41,34,20,0.96,False,35.13293,33.339276
2026-09-03T06:07:36Z,prodromou,FRC4,42,42,12,12,1,False,35.159656,33.3459
2026-09-03T06:07:36Z,akropoleos,FRC3,28,40,99,69,0.98,False,35.138676,33.358135
2026-09-03T06:07:36Z,athalassas,FRC3,24,42,90,51,0.985611,False,35.144718,33.362216
2026-09-03T06:07:36Z,lemesou,FRC3,30,49,34,20,0.99,False,35.149928,33.374288
2026-09-03T06:07:36Z,sp_kyprianou,FRC4,35,35,28,28,1,False,35.150176,33.339743
2026-09-03T06:07:36Z,archangelou,FRC3,49,49,28,28,1,False,35.135323,33.331244
2026-09-03T06:07:36Z,konstantinoup,FRC4,49,49,19,19,1,False,35.126091,33.34383
2026-09-03T06:07:36Z,stavrou,FRC3,39,39,71,71,1,False,35.136817,33.358074
2026-09-03T06:07:36Z,makedonitissas,FRC4,28,40,109,76,0.98,False,35.14653,33.332584
2026-09-03T06:07:36Z,armenias,FRC4,30,39,43,33,0.96,False,35.152861,33.36736
2026-09-03T06:07:36Z,arch_kyprianou,FRC4,24,36,41,27,0.92,False,35.148093,33.341583
2026-09-03T06:07:36Z,a1_motorway,FRC0,109,109,342,342,1,False,35.074318,33.376958
2026-09-03T06:07:36Z,makariou_lakat,FRC4,45,45,270,270,1,False,35.088983,33.28557
2026-09-03T06:07:36Z,griva_digeni,FRC4,34,42,57,46,0.99,False,35.165117,33.340667
2026-09-03T06:07:36Z,aglantzias,FRC4,41,41,24,24,1,False,35.155801,33.382409
2026-09-03T06:07:36Z,kranidioti,FRC3,49,61,76,61,0.99,False,35.102546,33.313234
2026-09-03T06:07:36Z,perimetrikos,FRC4,59,59,17,17,1,False,35.113096,33.322016
2026-09-03T06:07:36Z,hatziiosif,FRC3,39,39,71,71,1,False,35.136817,33.358074
2026-09-03T06:07:36Z,perikleous,FRC4,40,40,11,11,1,False,35.138923,33.346836
2026-09-03T06:07:36Z,avraamidi,FRC4,44,44,23,23,1,False,35.141552,33.36142
2026-09-03T06:07:36Z,athinon,FRC4,35,35,2,2,1,False,35.139348,33.346279
2026-09-03T06:07:36Z,tasou_markou,FRC4,44,44,39,39,1,False,35.136146,33.369732
2026-09-03T06:07:36Z,peiraios,FRC3,20,36,93,52,0.97,False,35.148686,33.351249
2026-09-03T11:06:47Z,strovolou,FRC3,31,45,69,48,0.99,False,35.137521,33.333087
2026-09-03T11:06:47Z,tseriou,FRC4,22,40,37,20,0.95,False,35.13293,33.339276
2026-09-03T11:06:47Z,prodromou,FRC4,42,42,12,12,1,False,35.159656,33.3459
2026-09-03T11:06:47Z,akropoleos,FRC3,41,41,68,68,1,False,35.138676,33.358135
2026-09-03T11:06:47Z,athalassas,FRC3,42,42,51,51,1,False,35.144718,33.362216
2026-09-03T11:06:47Z,lemesou,FRC3,50,50,20,20,1,False,35.149928,33.374288
2026-09-03T11:06:47Z,sp_kyprianou,FRC4,35,35,28,28,1,False,35.150176,33.339743
2026-09-03T11:06:47Z,archangelou,FRC3,49,49,28,28,1,False,35.135323,33.331244
2026-09-03T11:06:47Z,konstantinoup,FRC4,49,49,19,19,1,False,35.126091,33.34383
2026-09-03T11:06:47Z,stavrou,FRC3,25,38,111,73,0.98,False,35.136817,33.358074
2026-09-03T11:06:47Z,makedonitissas,FRC4,40,40,76,76,1,False,35.14653,33.332584
2026-09-03T11:06:47Z,armenias,FRC4,22,38,59,34,0.91,False,35.152861,33.36736
2026-09-03T11:06:47Z,arch_kyprianou,FRC4,28,35,35,28,0.95,False,35.148093,33.341583
2026-09-03T11:06:47Z,a1_motorway,FRC0,109,109,342,342,1,False,35.074318,33.376958
2026-09-03T11:06:47Z,makariou_lakat,FRC4,45,45,270,270,1,False,35.088983,33.28557
2026-09-03T11:06:47Z,griva_digeni,FRC4,43,43,45,45,1,False,35.165117,33.340667
2026-09-03T11:06:47Z,aglantzias,FRC4,24,40,42,25,0.98,False,35.155801,33.382409
2026-09-03T11:06:47Z,kranidioti,FRC3,61,61,61,61,1,False,35.102546,33.313234
2026-09-03T11:06:47Z,perimetrikos,FRC4,59,59,17,17,1,False,35.113096,33.322016
2026-09-03T11:06:47Z,hatziiosif,FRC3,25,38,111,73,0.98,False,35.136817,33.358074
2026-09-03T11:06:47Z,perikleous,FRC4,28,40,16,11,0.94,False,35.138923,33.346836
2026-09-03T11:06:47Z,avraamidi,FRC4,44,44,23,23,1,False,35.141552,33.36142
2026-09-03T11:06:47Z,athinon,FRC4,35,35,2,2,1,False,35.139348,33.346279
2026-09-03T11:06:47Z,tasou_markou,FRC4,44,44,39,39,1,False,35.136146,33.369732
2026-09-03T11:06:47Z,peiraios,FRC3,17,37,110,50,0.97,False,35.148686,33.351249
2026-09-03T11:27:27Z,strovolou,FRC3,29,45,74,48,0.98,False,35.137521,33.333087
2026-09-03T11:27:27Z,tseriou,FRC4,25,41,32,20,0.91,False,35.13293,33.339276
2026-09-03T11:27:27Z,prodromou,FRC4,42,42,12,12,1,False,35.159656,33.3459
2026-09-03T11:27:27Z,akropoleos,FRC3,31,41,89,68,0.95,False,35.138676,33.358135
2026-09-03T11:27:27Z,athalassas,FRC3,42,42,51,51,1,False,35.144718,33.362216
2026-09-03T11:27:27Z,lemesou,FRC3,50,50,20,20,1,False,35.149928,33.374288
2026-09-03T11:27:27Z,sp_kyprianou,FRC4,35,35,28,28,1,False,35.150176,33.339743
2026-09-03T11:27:27Z,archangelou,FRC3,49,49,28,28,1,False,35.135323,33.331244
2026-09-03T11:27:27Z,konstantinoup,FRC4,49,49,19,19,1,False,35.126091,33.34383
2026-09-03T11:27:27Z,stavrou,FRC3,28,38,99,73,0.96,False,35.136817,33.358074
2026-09-03T11:27:27Z,makedonitissas,FRC4,40,40,76,76,1,False,35.14653,33.332584
2026-09-03T11:27:27Z,armenias,FRC4,28,38,46,34,0.92,False,35.152861,33.36736
2026-09-03T11:27:27Z,arch_kyprianou,FRC4,23,36,43,27,0.93,False,35.148093,33.341583
2026-09-03T11:27:27Z,a1_motorway,FRC0,109,109,342,342,1,False,35.074318,33.376958
2026-09-03T11:27:27Z,makariou_lakat,FRC4,45,45,270,270,1,False,35.088983,33.28557
2026-09-03T11:27:27Z,griva_digeni,FRC4,43,43,45,45,1,False,35.165117,33.340667
2026-09-03T11:27:27Z,aglantzias,FRC4,41,41,24,24,1,False,35.155801,33.382409
2026-09-03T11:27:27Z,kranidioti,FRC3,61,61,61,61,1,False,35.102546,33.313234
2026-09-03T11:27:27Z,perimetrikos,FRC4,59,59,17,17,1,False,35.113096,33.322016
2026-09-03T11:27:27Z,hatziiosif,FRC3,28,38,99,73,0.96,False,35.136817,33.358074
2026-09-03T11:27:27Z,perikleous,FRC4,29,40,16,11,0.92,False,35.138923,33.346836
2026-09-03T11:27:27Z,avraamidi,FRC4,44,44,23,23,1,False,35.141552,33.36142
2026-09-03T11:27:27Z,athinon,FRC4,35,35,2,2,1,False,35.139348,33.346279
2026-09-03T11:27:27Z,tasou_markou,FRC4,44,44,39,39,1,False,35.136146,33.369732
2026-09-03T11:27:27Z,peiraios,FRC3,18,36,104,52,0.96,False,35.148686,33.351249
2026-09-03T12:08:04Z,strovolou,FRC3,27,45,80,48,0.99,False,35.137521,33.333087
2026-09-03T12:08:04Z,tseriou,FRC4,18,40,45,20,0.97,False,35.13293,33.339276
2026-09-03T12:08:04Z,prodromou,FRC4,42,42,12,12,1,False,35.159656,33.3459
2026-09-03T12:08:04Z,akropoleos,FRC3,30,40,92,69,0.98,False,35.138676,33.358135
2026-09-03T12:08:04Z,athalassas,FRC3,42,42,51,51,1,False,35.144718,33.362216
2026-09-03T12:08:04Z,lemesou,FRC3,50,50,20,20,1,False,35.149928,33.374288
2026-09-03T12:08:04Z,sp_kyprianou,FRC4,35,35,28,28,1,False,35.150176,33.339743
2026-09-03T12:08:04Z,archangelou,FRC3,49,49,28,28,1,False,35.135323,33.331244
2026-09-03T12:08:04Z,konstantinoup,FRC4,49,49,19,19,1,False,35.126091,33.34383
2026-09-03T12:08:04Z,stavrou,FRC3,22,39,126,71,0.98,False,35.136817,33.358074
2026-09-03T12:08:04Z,makedonitissas,FRC4,40,40,76,76,1,False,35.14653,33.332584
2026-09-03T12:08:04Z,armenias,FRC4,26,38,50,34,0.93,False,35.152861,33.36736
2026-09-03T12:08:04Z,arch_kyprianou,FRC4,26,36,38,27,0.6,False,35.148093,33.341583
2026-09-03T12:08:04Z,a1_motorway,FRC0,109,109,342,342,1,False,35.074318,33.376958
2026-09-03T12:08:04Z,makariou_lakat,FRC4,45,45,270,270,1,False,35.088983,33.28557
2026-09-03T12:08:04Z,griva_digeni,FRC4,43,43,45,45,1,False,35.165117,33.340667
2026-09-03T12:08:04Z,aglantzias,FRC4,41,41,24,24,1,False,35.155801,33.382409
2026-09-03T12:08:04Z,kranidioti,FRC3,61,61,61,61,1,False,35.102546,33.313234
2026-09-03T12:08:04Z,perimetrikos,FRC4,47,57,22,18,0.98,False,35.113096,33.322016
2026-09-03T12:08:04Z,hatziiosif,FRC3,22,39,126,71,0.98,False,35.136817,33.358074
2026-09-03T12:08:04Z,perikleous,FRC4,28,40,16,11,0.95,False,35.138923,33.346836
2026-09-03T12:08:04Z,avraamidi,FRC4,44,44,23,23,1,False,35.141552,33.36142
2026-09-03T12:08:04Z,athinon,FRC4,26,34,3,2,0.93,False,35.139348,33.346279
2026-09-03T12:08:04Z,tasou_markou,FRC4,44,44,39,39,1,False,35.136146,33.369732
2026-09-03T12:08:04Z,peiraios,FRC3,27,38,69,49,0.97,False,35.148686,33.351249
2026-09-03T13:08:56Z,strovolou,FRC3,31,45,69,48,1,False,35.137521,33.333087
2026-09-03T13:08:56Z,tseriou,FRC4,20,40,41,20,0.97,False,35.13293,33.339276
2026-09-03T13:08:56Z,prodromou,FRC4,31,42,16,12,0.99,False,35.159656,33.3459
2026-09-03T13:08:56Z,akropoleos,FRC3,30,41,92,68,0.97,False,35.138676,33.358135
2026-09-03T13:08:56Z,athalassas,FRC3,33,42,65,51,0.95,False,35.144718,33.362216
2026-09-03T13:08:56Z,lemesou,FRC3,50,50,20,20,1,False,35.149928,33.374288
2026-09-03T13:08:56Z,sp_kyprianou,FRC4,35,35,28,28,1,False,35.150176,33.339743
2026-09-03T13:08:56Z,archangelou,FRC3,49,49,28,28,1,False,35.135323,33.331244
2026-09-03T13:08:56Z,konstantinoup,FRC4,49,49,19,19,1,False,35.126091,33.34383
2026-09-03T13:08:56Z,stavrou,FRC3,29,38,96,73,0.98,False,35.136817,33.358074
2026-09-03T13:08:56Z,makedonitissas,FRC4,31,39,98,78,0.97,False,35.14653,33.332584
2026-09-03T13:08:56Z,armenias,FRC4,28,39,46,33,0.98,False,35.152861,33.36736
2026-09-03T13:08:56Z,arch_kyprianou,FRC4,36,36,27,27,1,False,35.148093,33.341583
2026-09-03T13:08:56Z,a1_motorway,FRC0,109,109,342,342,1,False,35.074318,33.376958
2026-09-03T13:08:56Z,makariou_lakat,FRC4,36,45,337,270,0.957508,False,35.088983,33.28557
2026-09-03T13:08:56Z,griva_digeni,FRC4,43,43,45,45,1,False,35.165117,33.340667
2026-09-03T13:08:56Z,aglantzias,FRC4,41,41,24,24,1,False,35.155801,33.382409
2026-09-03T13:08:56Z,kranidioti,FRC3,61,61,61,61,1,False,35.102546,33.313234
2026-09-03T13:08:56Z,perimetrikos,FRC4,59,59,17,17,1,False,35.113096,33.322016
2026-09-03T13:08:56Z,hatziiosif,FRC3,29,38,96,73,0.98,False,35.136817,33.358074
2026-09-03T13:08:56Z,perikleous,FRC4,19,40,24,11,0.92,False,35.138923,33.346836
2026-09-03T13:08:56Z,avraamidi,FRC4,44,44,23,23,1,False,35.141552,33.36142
2026-09-03T13:08:56Z,athinon,FRC4,35,35,2,2,1,False,35.139348,33.346279
2026-09-03T13:08:56Z,tasou_markou,FRC4,44,44,39,39,1,False,35.136146,33.369732
2026-09-03T13:08:56Z,peiraios,FRC3,20,36,93,52,0.98,False,35.148686,33.351249
2026-09-03T17:00:37Z,strovolou,FRC3,35,45,61,48,0.96,False,35.137521,33.333087
2026-09-03T17:00:37Z,tseriou,FRC4,24,40,34,20,0.89,False,35.13293,33.339276
2026-09-03T17:00:37Z,prodromou,FRC4,42,42,12,12,1,False,35.159656,33.3459
2026-09-03T17:00:37Z,akropoleos,FRC3,41,41,68,68,1,False,35.138676,33.358135
2026-09-03T17:00:37Z,athalassas,FRC3,42,42,51,51,1,False,35.144718,33.362216
2026-09-03T17:00:37Z,lemesou,FRC3,50,50,20,20,1,False,35.149928,33.374288
2026-09-03T17:00:37Z,sp_kyprianou,FRC4,28,35,36,28,0.94,False,35.150176,33.339743
2026-09-03T17:00:37Z,archangelou,FRC3,49,49,28,28,1,False,35.135323,33.331244
2026-09-03T17:00:37Z,konstantinoup,FRC4,49,49,19,19,1,False,35.126091,33.34383
2026-09-03T17:00:37Z,stavrou,FRC3,26,38,107,73,0.97,False,35.136817,33.358074
2026-09-03T17:00:37Z,makedonitissas,FRC4,30,40,102,76,0.97,False,35.14653,33.332584
2026-09-03T17:00:37Z,armenias,FRC4,39,39,33,33,1,False,35.152861,33.36736
2026-09-03T17:00:37Z,arch_kyprianou,FRC4,17,35,58,28,0.86,False,35.148093,33.341583
2026-09-03T17:00:37Z,a1_motorway,FRC0,109,109,342,342,1,False,35.074318,33.376958
2026-09-03T17:00:37Z,makariou_lakat,FRC4,39,45,311,270,0.946283,False,35.088983,33.28557
2026-09-03T17:00:37Z,griva_digeni,FRC4,43,43,45,45,1,False,35.165117,33.340667
2026-09-03T17:00:37Z,aglantzias,FRC4,41,41,24,24,1,False,35.155801,33.382409
2026-09-03T17:00:37Z,kranidioti,FRC3,61,61,61,61,1,False,35.102546,33.313234
2026-09-03T17:00:37Z,perimetrikos,FRC4,59,59,17,17,1,False,35.113096,33.322016
2026-09-03T17:00:37Z,hatziiosif,FRC3,26,38,107,73,0.97,False,35.136817,33.358074
2026-09-03T17:00:37Z,perikleous,FRC4,28,40,16,11,0.96,False,35.138923,33.346836
2026-09-03T17:00:37Z,avraamidi,FRC4,44,44,23,23,1,False,35.141552,33.36142
2026-09-03T17:00:37Z,athinon,FRC4,35,35,2,2,1,False,35.139348,33.346279
2026-09-03T17:00:37Z,tasou_markou,FRC4,44,44,39,39,1,False,35.136146,33.369732
2026-09-03T17:00:37Z,peiraios,FRC3,22,36,85,52,0.97,False,35.148686,33.351249
2026-09-03T18:01:08Z,strovolou,FRC3,45,45,48,48,1,False,35.137521,33.333087
2026-09-03T18:01:08Z,tseriou,FRC4,29,40,28,20,0.81,False,35.13293,33.339276
2026-09-03T18:01:08Z,prodromou,FRC4,42,42,12,12,1,False,35.159656,33.3459
2026-09-03T18:01:08Z,akropoleos,FRC3,41,41,68,68,1,False,35.138676,33.358135
2026-09-03T18:01:08Z,athalassas,FRC3,42,42,51,51,1,False,35.144718,33.362216
2026-09-03T18:01:08Z,lemesou,FRC3,50,50,20,20,1,False,35.149928,33.374288
2026-09-03T18:01:08Z,sp_kyprianou,FRC4,27,35,37,28,0.84,False,35.150176,33.339743
2026-09-03T18:01:08Z,archangelou,FRC3,49,49,28,28,1,False,35.135323,33.331244
2026-09-03T18:01:08Z,konstantinoup,FRC4,49,49,19,19,1,False,35.126091,33.34383
2026-09-03T18:01:08Z,stavrou,FRC3,39,39,71,71,1,False,35.136817,33.358074
2026-09-03T18:01:08Z,makedonitissas,FRC4,40,40,76,76,1,False,35.14653,33.332584
2026-09-03T18:01:08Z,armenias,FRC4,39,39,33,33,1,False,35.152861,33.36736
2026-09-03T18:01:08Z,arch_kyprianou,FRC4,26,35,38,28,0.68,False,35.148093,33.341583
2026-09-03T18:01:08Z,a1_motorway,FRC0,109,109,342,342,1,False,35.074318,33.376958
2026-09-03T18:01:08Z,makariou_lakat,FRC4,45,45,270,270,1,False,35.088983,33.28557
2026-09-03T18:01:08Z,griva_digeni,FRC4,43,43,45,45,1,False,35.165117,33.340667
2026-09-03T18:01:08Z,aglantzias,FRC4,41,41,24,24,1,False,35.155801,33.382409
2026-09-03T18:01:08Z,kranidioti,FRC3,61,61,61,61,1,False,35.102546,33.313234
2026-09-03T18:01:08Z,perimetrikos,FRC4,59,59,17,17,1,False,35.113096,33.322016
2026-09-03T18:01:08Z,hatziiosif,FRC3,39,39,71,71,1,False,35.136817,33.358074
2026-09-03T18:01:08Z,perikleous,FRC4,40,40,11,11,1,False,35.138923,33.346836
2026-09-03T18:01:08Z,avraamidi,FRC4,44,44,23,23,1,False,35.141552,33.36142
2026-09-03T18:01:08Z,athinon,FRC4,35,35,2,2,1,False,35.139348,33.346279
2026-09-03T18:01:08Z,tasou_markou,FRC4,44,44,39,39,1,False,35.136146,33.369732
2026-09-03T18:01:08Z,peiraios,FRC3,37,37,50,50,1,False,35.148686,33.351249
2026-09-04T04:21:38Z,strovolou,FRC3,45,45,48,48,1,False,35.137521,33.333087
2026-09-04T04:21:38Z,tseriou,FRC4,28,41,29,20,0.71,False,35.13293,33.339276
2026-09-04T04:21:38Z,prodromou,FRC4,42,42,12,12,1,False,35.159656,33.3459
2026-09-04T04:21:38Z,akropoleos,FRC3,14,41,199,68,0.98,False,35.138676,33.358135
2026-09-04T04:21:38Z,athalassas,FRC3,33,41,65,53,0.97,False,35.144718,33.362216
2026-09-04T04:21:38Z,lemesou,FRC3,30,49,34,20,1,False,35.149928,33.374288
2026-09-04T04:21:38Z,sp_kyprianou,FRC4,35,35,28,28,1,False,35.150176,33.339743
2026-09-04T04:21:38Z,archangelou,FRC3,37,49,38,28,1,False,35.135323,33.331244
2026-09-04T04:21:38Z,konstantinoup,FRC4,49,49,19,19,1,False,35.126091,33.34383
2026-09-04T04:21:38Z,stavrou,FRC3,39,39,71,71,1,False,35.136817,33.358074
2026-09-04T04:21:38Z,makedonitissas,FRC4,28,39,109,78,0.98,False,35.14653,33.332584
2026-09-04T04:21:38Z,armenias,FRC4,28,39,46,33,0.98,False,35.152861,33.36736
2026-09-04T04:21:38Z,arch_kyprianou,FRC4,28,35,35,28,0.85,False,35.148093,33.341583
2026-09-04T04:21:38Z,a1_motorway,FRC0,109,109,342,342,1,False,35.074318,33.376958
2026-09-04T04:21:38Z,makariou_lakat,FRC4,45,45,270,270,1,False,35.088983,33.28557
2026-09-04T04:21:38Z,griva_digeni,FRC4,29,42,67,46,0.95,False,35.165117,33.340667
2026-09-04T04:21:38Z,aglantzias,FRC4,41,41,24,24,1,False,35.155801,33.382409
2026-09-04T04:21:38Z,kranidioti,FRC3,61,61,61,61,1,False,35.102546,33.313234
2026-09-04T04:21:38Z,perimetrikos,FRC4,59,59,17,17,1,False,35.113096,33.322016
2026-09-04T04:21:38Z,hatziiosif,FRC3,39,39,71,71,1,False,35.136817,33.358074
2026-09-04T04:21:38Z,perikleous,FRC4,40,40,11,11,1,False,35.138923,33.346836
2026-09-04T04:21:38Z,avraamidi,FRC4,44,44,23,23,1,False,35.141552,33.36142
2026-09-04T04:21:38Z,athinon,FRC4,35,35,2,2,1,False,35.139348,33.346279
2026-09-04T04:21:38Z,tasou_markou,FRC4,44,44,39,39,1,False,35.136146,33.369732
2026-09-04T04:21:38Z,peiraios,FRC3,19,37,98,50,0.97,False,35.148686,33.351249
2026-09-04T04:42:21Z,strovolou,FRC3,45,45,48,48,1,False,35.137521,33.333087
2026-09-04T04:42:21Z,tseriou,FRC4,41,41,20,20,1,False,35.13293,33.339276
2026-09-04T04:42:21Z,prodromou,FRC4,42,42,12,12,1,False,35.159656,33.3459
2026-09-04T04:42:21Z,akropoleos,FRC3,30,41,92,68,0.99,False,35.138676,33.358135
2026-09-04T04:42:21Z,athalassas,FRC3,30,42,72,51,0.97,False,35.144718,33.362216
2026-09-04T04:42:21Z,lemesou,FRC3,22,49,46,20,1,False,35.149928,33.374288
2026-09-04T04:42:21Z,sp_kyprianou,FRC4,35,35,28,28,1,False,35.150176,33.339743
2026-09-04T04:42:21Z,archangelou,FRC3,36,48,39,29,0.99,False,35.135323,33.331244
2026-09-04T04:42:21Z,konstantinoup,FRC4,49,49,19,19,1,False,35.126091,33.34383
2026-09-04T04:42:21Z,stavrou,FRC3,29,39,96,71,0.98,False,35.136817,33.358074
2026-09-04T04:42:21Z,makedonitissas,FRC4,19,39,161,78,0.986189,False,35.14653,33.332584
2026-09-04T04:42:21Z,armenias,FRC4,26,38,50,34,0.92,False,35.152861,33.36736
2026-09-04T04:42:21Z,arch_kyprianou,FRC4,24,36,41,27,0.94,False,35.148093,33.341583
2026-09-04T04:42:21Z,a1_motorway,FRC0,109,109,342,342,1,False,35.074318,33.376958
2026-09-04T04:42:21Z,makariou_lakat,FRC4,26,46,467,264,0.967546,False,35.088983,33.28557
2026-09-04T04:42:21Z,griva_digeni,FRC4,31,43,62,45,0.98,False,35.165117,33.340667
2026-09-04T04:42:21Z,aglantzias,FRC4,30,40,34,25,1,False,35.155801,33.382409
2026-09-04T04:42:21Z,kranidioti,FRC3,61,61,61,61,1,False,35.102546,33.313234
2026-09-04T04:42:21Z,perimetrikos,FRC4,59,59,17,17,1,False,35.113096,33.322016
2026-09-04T04:42:21Z,hatziiosif,FRC3,29,39,96,71,0.98,False,35.136817,33.358074
2026-09-04T04:42:21Z,perikleous,FRC4,40,40,11,11,1,False,35.138923,33.346836
2026-09-04T04:42:21Z,avraamidi,FRC4,44,44,23,23,1,False,35.141552,33.36142
2026-09-04T04:42:21Z,athinon,FRC4,35,35,2,2,1,False,35.139348,33.346279
2026-09-04T04:42:21Z,tasou_markou,FRC4,44,44,39,39,1,False,35.136146,33.369732
2026-09-04T04:42:21Z,peiraios,FRC3,19,37,98,50,0.97,False,35.148686,33.351249
2026-09-04T05:03:07Z,strovolou,FRC3,45,45,48,48,1,False,35.137521,33.333087
2026-09-04T05:03:07Z,tseriou,FRC4,23,40,35,20,0.93,False,35.13293,33.339276
2026-09-04T05:03:07Z,prodromou,FRC4,42,42,12,12,1,False,35.159656,33.3459
2026-09-04T05:03:07Z,akropoleos,FRC3,29,41,96,68,0.98,False,35.138676,33.358135
2026-09-04T05:03:07Z,athalassas,FRC3,42,42,51,51,1,False,35.144718,33.362216
2026-09-04T05:03:07Z,lemesou,FRC3,32,49,32,20,1,False,35.149928,33.374288
2026-09-04T05:03:07Z,sp_kyprianou,FRC4,35,35,28,28,1,False,35.150176,33.339743
2026-09-04T05:03:07Z,archangelou,FRC3,32,48,44,29,0.99,False,35.135323,33.331244
2026-09-04T05:03:07Z,konstantinoup,FRC4,49,49,19,19,1,False,35.126091,33.34383
2026-09-04T05:03:07Z,stavrou,FRC3,31,39,89,71,0.98,False,35.136817,33.358074
2026-09-04T05:03:07Z,makedonitissas,FRC4,28,40,109,76,0.98,False,35.14653,33.332584
2026-09-04T05:03:07Z,armenias,FRC4,28,38,46,34,0.94,False,35.152861,33.36736
2026-09-04T05:03:07Z,arch_kyprianou,FRC4,20,36,50,27,0.85,False,35.148093,33.341583
2026-09-04T05:03:07Z,a1_motorway,FRC0,109,109,342,342,1,False,35.074318,33.376958
2026-09-04T05:03:07Z,makariou_lakat,FRC4,26,45,467,270,0.966224,False,35.088983,33.28557
2026-09-04T05:03:07Z,griva_digeni,FRC4,31,43,62,45,0.98,False,35.165117,33.340667
2026-09-04T05:03:07Z,aglantzias,FRC4,30,41,34,24,1,False,35.155801,33.382409
2026-09-04T05:03:07Z,kranidioti,FRC3,61,61,61,61,1,False,35.102546,33.313234
2026-09-04T05:03:07Z,perimetrikos,FRC4,44,57,23,18,0.98,False,35.113096,33.322016
2026-09-04T05:03:07Z,hatziiosif,FRC3,31,39,89,71,0.98,False,35.136817,33.358074
2026-09-04T05:03:07Z,perikleous,FRC4,40,40,11,11,1,False,35.138923,33.346836
2026-09-04T05:03:07Z,avraamidi,FRC4,44,44,23,23,1,False,35.141552,33.36142
2026-09-04T05:03:07Z,athinon,FRC4,35,35,2,2,1,False,35.139348,33.346279
2026-09-04T05:03:07Z,tasou_markou,FRC4,44,44,39,39,1,False,35.136146,33.369732
2026-09-04T05:03:07Z,peiraios,FRC3,21,36,89,52,0.99,False,35.148686,33.351249
2026-09-04T05:23:52Z,strovolou,FRC3,45,45,48,48,1,False,35.137521,33.333087
2026-09-04T05:23:52Z,tseriou,FRC4,21,40,39,20,0.85,False,35.13293,33.339276
2026-09-04T05:23:52Z,prodromou,FRC4,42,42,12,12,1,False,35.159656,33.3459
2026-09-04T05:23:52Z,akropoleos,FRC3,23,40,121,69,0.98,False,35.138676,33.358135
2026-09-04T05:23:52Z,athalassas,FRC3,32,41,67,53,0.99,False,35.144718,33.362216
2026-09-04T05:23:52Z,lemesou,FRC3,29,49,35,20,1,False,35.149928,33.374288
2026-09-04T05:23:52Z,sp_kyprianou,FRC4,35,35,28,28,1,False,35.150176,33.339743
2026-09-04T05:23:52Z,archangelou,FRC3,33,49,42,28,0.99,False,35.135323,33.331244
2026-09-04T05:23:52Z,konstantinoup,FRC4,49,49,19,19,1,False,35.126091,33.34383
2026-09-04T05:23:52Z,stavrou,FRC3,39,39,71,71,1,False,35.136817,33.358074
2026-09-04T05:23:52Z,makedonitissas,FRC4,31,39,98,78,0.98,False,35.14653,33.332584
2026-09-04T05:23:52Z,armenias,FRC4,30,39,43,33,0.94,False,35.152861,33.36736
2026-09-04T05:23:52Z,arch_kyprianou,FRC4,27,36,37,27,0.81,False,35.148093,33.341583
2026-09-04T05:23:52Z,a1_motorway,FRC0,109,109,342,342,1,False,35.074318,33.376958
2026-09-04T05:23:52Z,makariou_lakat,FRC4,28,46,434,264,0.942997,False,35.088983,33.28557
2026-09-04T05:23:52Z,griva_digeni,FRC4,33,43,59,45,0.99,False,35.165117,33.340667
2026-09-04T05:23:52Z,aglantzias,FRC4,41,41,24,24,1,False,35.155801,33.382409
2026-09-04T05:23:52Z,kranidioti,FRC3,61,61,61,61,1,False,35.102546,33.313234
2026-09-04T05:23:52Z,perimetrikos,FRC4,42,57,25,18,0.98,False,35.113096,33.322016
2026-09-04T05:23:52Z,hatziiosif,FRC3,39,39,71,71,1,False,35.136817,33.358074
2026-09-04T05:23:52Z,perikleous,FRC4,40,40,11,11,1,False,35.138923,33.346836
2026-09-04T05:23:52Z,avraamidi,FRC4,44,44,23,23,1,False,35.141552,33.36142
2026-09-04T05:23:52Z,athinon,FRC4,35,35,2,2,1,False,35.139348,33.346279
2026-09-04T05:23:52Z,tasou_markou,FRC4,44,44,39,39,1,False,35.136146,33.369732
2026-09-04T05:23:52Z,peiraios,FRC3,23,37,81,50,0.99,False,35.148686,33.351249
2026-09-04T05:44:35Z,strovolou,FRC3,45,45,48,48,1,False,35.137521,33.333087
2026-09-04T05:44:35Z,tseriou,FRC4,30,41,27,20,0.88,False,35.13293,33.339276
2026-09-04T05:44:35Z,prodromou,FRC4,42,42,12,12,1,False,35.159656,33.3459
2026-09-04T05:44:35Z,akropoleos,FRC3,24,40,116,69,0.99,False,35.138676,33.358135
2026-09-04T05:44:35Z,athalassas,FRC3,42,42,51,51,1,False,35.144718,33.362216
2026-09-04T05:44:35Z,lemesou,FRC3,34,50,30,20,1,False,35.149928,33.374288
2026-09-04T05:44:35Z,sp_kyprianou,FRC4,35,35,28,28,1,False,35.150176,33.339743
2026-09-04T05:44:35Z,archangelou,FRC3,37,49,38,28,0.99,False,35.135323,33.331244
2026-09-04T05:44:35Z,konstantinoup,FRC4,49,49,19,19,1,False,35.126091,33.34383
2026-09-04T05:44:35Z,stavrou,FRC3,39,39,71,71,1,False,35.136817,33.358074
2026-09-04T05:44:35Z,makedonitissas,FRC4,16,39,191,78,0.974622,False,35.14653,33.332584
2026-09-04T05:44:35Z,armenias,FRC4,28,39,46,33,0.94,False,35.152861,33.36736
2026-09-04T05:44:35Z,arch_kyprianou,FRC4,36,36,27,27,1,False,35.148093,33.341583
2026-09-04T05:44:35Z,a1_motorway,FRC0,109,109,342,342,1,False,35.074318,33.376958
2026-09-04T05:44:35Z,makariou_lakat,FRC4,45,45,270,270,1,False,35.088983,33.28557
2026-09-04T05:44:35Z,griva_digeni,FRC4,43,43,45,45,1,False,35.165117,33.340667
2026-09-04T05:44:35Z,aglantzias,FRC4,29,40,35,25,0.99,False,35.155801,33.382409
2026-09-04T05:44:35Z,kranidioti,FRC3,61,61,61,61,1,False,35.102546,33.313234
2026-09-04T05:44:35Z,perimetrikos,FRC4,59,59,17,17,1,False,35.113096,33.322016
2026-09-04T05:44:35Z,hatziiosif,FRC3,39,39,71,71,1,False,35.136817,33.358074
2026-09-04T05:44:35Z,perikleous,FRC4,40,40,11,11,1,False,35.138923,33.346836
2026-09-04T05:44:35Z,avraamidi,FRC4,44,44,23,23,1,False,35.141552,33.36142
2026-09-04T05:44:35Z,athinon,FRC4,35,35,2,2,1,False,35.139348,33.346279
2026-09-04T05:44:35Z,tasou_markou,FRC4,44,44,39,39,1,False,35.136146,33.369732
2026-09-04T05:44:35Z,peiraios,FRC3,28,37,67,50,0.99,False,35.148686,33.351249
2026-09-04T06:04:57Z,strovolou,FRC3,45,45,48,48,1,False,35.137521,33.333087
2026-09-04T06:04:57Z,tseriou,FRC4,24,40,34,20,0.89,False,35.13293,33.339276
2026-09-04T06:04:57Z,prodromou,FRC4,42,42,12,12,1,False,35.159656,33.3459
2026-09-04T06:04:57Z,akropoleos,FRC3,41,41,68,68,1,False,35.138676,33.358135
2026-09-04T06:04:57Z,athalassas,FRC3,34,41,63,53,0.974389,False,35.144718,33.362216
2026-09-04T06:04:57Z,lemesou,FRC3,50,50,20,20,1,False,35.149928,33.374288
2026-09-04T06:04:57Z,sp_kyprianou,FRC4,21,35,48,28,0.96,False,35.150176,33.339743
2026-09-04T06:04:57Z,archangelou,FRC3,32,49,44,28,0.99,False,35.135323,33.331244
2026-09-04T06:04:57Z,konstantinoup,FRC4,49,49,19,19,1,False,35.126091,33.34383
2026-09-04T06:04:57Z,stavrou,FRC3,39,39,71,71,1,False,35.136817,33.358074
2026-09-04T06:04:57Z,makedonitissas,FRC4,22,39,139,78,0.974634,False,35.14653,33.332584
2026-09-04T06:04:57Z,armenias,FRC4,28,38,46,34,0.95,False,35.152861,33.36736
2026-09-04T06:04:57Z,arch_kyprianou,FRC4,27,36,37,27,0.89,False,35.148093,33.341583
2026-09-04T06:04:57Z,a1_motorway,FRC0,109,109,342,342,1,False,35.074318,33.376958
2026-09-04T06:04:57Z,makariou_lakat,FRC4,37,45,328,270,0.975359,False,35.088983,33.28557
2026-09-04T06:04:57Z,griva_digeni,FRC4,43,43,45,45,1,False,35.165117,33.340667
2026-09-04T06:04:57Z,aglantzias,FRC4,41,41,24,24,1,False,35.155801,33.382409
2026-09-04T06:04:57Z,kranidioti,FRC3,61,61,61,61,1,False,35.102546,33.313234
2026-09-04T06:04:57Z,perimetrikos,FRC4,59,59,17,17,1,False,35.113096,33.322016
2026-09-04T06:04:57Z,hatziiosif,FRC3,39,39,71,71,1,False,35.136817,33.358074
2026-09-04T06:04:57Z,perikleous,FRC4,40,40,11,11,1,False,35.138923,33.346836
2026-09-04T06:04:57Z,avraamidi,FRC4,44,44,23,23,1,False,35.141552,33.36142
2026-09-04T06:04:57Z,athinon,FRC4,35,35,2,2,1,False,35.139348,33.346279
2026-09-04T06:04:57Z,tasou_markou,FRC4,44,44,39,39,1,False,35.136146,33.369732
2026-09-04T06:04:57Z,peiraios,FRC3,27,37,69,50,0.97,False,35.148686,33.351249
2026-09-04T11:09:39Z,strovolou,FRC3,31,44,69,49,0.99,False,35.137521,33.333087
2026-09-04T11:09:39Z,tseriou,FRC4,24,41,34,20,0.91,False,35.13293,33.339276
2026-09-04T11:09:39Z,prodromou,FRC4,42,42,12,12,1,False,35.159656,33.3459
2026-09-04T11:09:39Z,akropoleos,FRC3,41,41,68,68,1,False,35.138676,33.358135
2026-09-04T11:09:39Z,athalassas,FRC3,42,42,51,51,1,False,35.144718,33.362216
2026-09-04T11:09:39Z,lemesou,FRC3,50,50,20,20,1,False,35.149928,33.374288
2026-09-04T11:09:39Z,sp_kyprianou,FRC4,35,35,28,28,1,False,35.150176,33.339743
2026-09-04T11:09:39Z,archangelou,FRC3,49,49,28,28,1,False,35.135323,33.331244
2026-09-04T11:09:39Z,konstantinoup,FRC4,49,49,19,19,1,False,35.126091,33.34383
2026-09-04T11:09:39Z,stavrou,FRC3,13,40,214,69,0.98,False,35.136817,33.358074
2026-09-04T11:09:39Z,makedonitissas,FRC4,31,40,98,76,0.96,False,35.14653,33.332584
2026-09-04T11:09:39Z,armenias,FRC4,22,38,59,34,0.95,False,35.152861,33.36736
2026-09-04T11:09:39Z,arch_kyprianou,FRC4,25,36,40,27,0.94,False,35.148093,33.341583
2026-09-04T11:09:39Z,a1_motorway,FRC0,109,109,342,342,1,False,35.074318,33.376958
2026-09-04T11:09:39Z,makariou_lakat,FRC4,45,45,270,270,1,False,35.088983,33.28557
2026-09-04T11:09:39Z,griva_digeni,FRC4,43,43,45,45,1,False,35.165117,33.340667
2026-09-04T11:09:39Z,aglantzias,FRC4,41,41,24,24,1,False,35.155801,33.382409
2026-09-04T11:09:39Z,kranidioti,FRC3,61,61,61,61,1,False,35.102546,33.313234
2026-09-04T11:09:39Z,perimetrikos,FRC4,59,59,17,17,1,False,35.113096,33.322016
2026-09-04T11:09:39Z,hatziiosif,FRC3,13,40,214,69,0.98,False,35.136817,33.358074
2026-09-04T11:09:39Z,perikleous,FRC4,30,40,15,11,0.98,False,35.138923,33.346836
2026-09-04T11:09:39Z,avraamidi,FRC4,44,44,23,23,1,False,35.141552,33.36142
2026-09-04T11:09:39Z,athinon,FRC4,35,35,2,2,1,False,35.139348,33.346279
2026-09-04T11:09:39Z,tasou_markou,FRC4,44,44,39,39,1,False,35.136146,33.369732
2026-09-04T11:09:39Z,peiraios,FRC3,21,36,89,52,0.98,False,35.148686,33.351249
2026-09-04T12:00:40Z,strovolou,FRC3,31,45,69,48,0.99,False,35.137521,33.333087
2026-09-04T12:00:40Z,tseriou,FRC4,15,41,54,20,0.98,False,35.13293,33.339276
2026-09-04T12:00:40Z,prodromou,FRC4,42,42,12,12,1,False,35.159656,33.3459
2026-09-04T12:00:40Z,akropoleos,FRC3,23,41,121,68,0.98,False,35.138676,33.358135
2026-09-04T12:00:40Z,athalassas,FRC3,13,45,167,48,0.953661,False,35.144718,33.362216
2026-09-04T12:00:40Z,lemesou,FRC3,50,50,20,20,1,False,35.149928,33.374288
2026-09-04T12:00:40Z,sp_kyprianou,FRC4,35,35,28,28,1,False,35.150176,33.339743
2026-09-04T12:00:40Z,archangelou,FRC3,49,49,28,28,1,False,35.135323,33.331244
2026-09-04T12:00:40Z,konstantinoup,FRC4,49,49,19,19,1,False,35.126091,33.34383
2026-09-04T12:00:40Z,stavrou,FRC3,11,38,253,73,0.943434,False,35.136817,33.358074
2026-09-04T12:00:40Z,makedonitissas,FRC4,30,39,102,78,0.95,False,35.14653,33.332584
2026-09-04T12:00:40Z,armenias,FRC4,6,36,218,36,0.97,False,35.152861,33.36736
2026-09-04T12:00:40Z,arch_kyprianou,FRC4,22,36,45,27,0.94,False,35.148093,33.341583
2026-09-04T12:00:40Z,a1_motorway,FRC0,109,109,342,342,1,False,35.074318,33.376958
2026-09-04T12:00:40Z,makariou_lakat,FRC4,36,46,337,264,0.970603,False,35.088983,33.28557
2026-09-04T12:00:40Z,griva_digeni,FRC4,43,43,45,45,1,False,35.165117,33.340667
2026-09-04T12:00:40Z,aglantzias,FRC4,26,40,39,25,0.97,False,35.155801,33.382409
2026-09-04T12:00:40Z,kranidioti,FRC3,61,61,61,61,1,False,35.102546,33.313234
2026-09-04T12:00:40Z,perimetrikos,FRC4,59,59,17,17,1,False,35.113096,33.322016
2026-09-04T12:00:40Z,hatziiosif,FRC3,11,38,253,73,0.943434,False,35.136817,33.358074
2026-09-04T12:00:40Z,perikleous,FRC4,25,39,18,12,0.97,False,35.138923,33.346836
2026-09-04T12:00:40Z,avraamidi,FRC4,44,44,23,23,1,False,35.141552,33.36142
2026-09-04T12:00:40Z,athinon,FRC4,35,35,2,2,1,False,35.139348,33.346279
2026-09-04T12:00:40Z,tasou_markou,FRC4,44,44,39,39,1,False,35.136146,33.369732
2026-09-04T12:00:40Z,peiraios,FRC3,25,37,75,50,0.984917,False,35.148686,33.351249
2026-09-04T13:01:24Z,strovolou,FRC3,26,45,83,48,1,False,35.137521,33.333087
2026-09-04T13:01:24Z,tseriou,FRC4,23,40,35,20,0.96,False,35.13293,33.339276
2026-09-04T13:01:24Z,prodromou,FRC4,42,42,12,12,1,False,35.159656,33.3459
2026-09-04T13:01:24Z,akropoleos,FRC3,32,41,87,68,0.97,False,35.138676,33.358135
2026-09-04T13:01:24Z,athalassas,FRC3,11,39,197,55,0.946555,False,35.144718,33.362216
2026-09-04T13:01:24Z,lemesou,FRC3,50,50,20,20,1,False,35.149928,33.374288
2026-09-04T13:01:24Z,sp_kyprianou,FRC4,35,35,28,28,1,False,35.150176,33.339743
2026-09-04T13:01:24Z,archangelou,FRC3,38,48,37,29,0.97,False,35.135323,33.331244
2026-09-04T13:01:24Z,konstantinoup,FRC4,49,49,19,19,1,False,35.126091,33.34383
2026-09-04T13:01:24Z,stavrou,FRC3,4,37,697,75,0.93,False,35.136817,33.358074
2026-09-04T13:01:24Z,makedonitissas,FRC4,21,39,145,78,0.96,False,35.14653,33.332584
2026-09-04T13:01:24Z,armenias,FRC4,6,39,218,33,0.909071,False,35.152861,33.36736
2026-09-04T13:01:24Z,arch_kyprianou,FRC4,24,35,41,28,0.92,False,35.148093,33.341583
2026-09-04T13:01:24Z,a1_motorway,FRC0,109,109,342,342,1,False,35.074318,33.376958
2026-09-04T13:01:24Z,makariou_lakat,FRC4,40,45,304,270,0.9559,False,35.088983,33.28557
2026-09-04T13:01:24Z,griva_digeni,FRC4,43,43,45,45,1,False,35.165117,33.340667
2026-09-04T13:01:24Z,aglantzias,FRC4,30,40,34,25,0.98,False,35.155801,33.382409
2026-09-04T13:01:24Z,kranidioti,FRC3,61,61,61,61,1,False,35.102546,33.313234
2026-09-04T13:01:24Z,perimetrikos,FRC4,59,59,17,17,1,False,35.113096,33.322016
2026-09-04T13:01:24Z,hatziiosif,FRC3,4,37,697,75,0.93,False,35.136817,33.358074
2026-09-04T13:01:24Z,perikleous,FRC4,13,40,36,11,0.96,False,35.138923,33.346836
2026-09-04T13:01:24Z,avraamidi,FRC4,44,44,23,23,1,False,35.141552,33.36142
2026-09-04T13:01:24Z,athinon,FRC4,35,35,2,2,1,False,35.139348,33.346279
2026-09-04T13:01:24Z,tasou_markou,FRC4,44,44,39,39,1,False,35.136146,33.369732
2026-09-04T13:01:24Z,peiraios,FRC3,20,37,93,50,0.984917,False,35.148686,33.351249
2026-09-04T17:06:26Z,strovolou,FRC3,45,45,48,48,1,False,35.137521,33.333087
2026-09-04T17:06:26Z,tseriou,FRC4,29,41,28,20,0.89,False,35.13293,33.339276
2026-09-04T17:06:26Z,prodromou,FRC4,42,42,12,12,1,False,35.159656,33.3459
2026-09-04T17:06:26Z,akropoleos,FRC3,41,41,68,68,1,False,35.138676,33.358135
2026-09-04T17:06:26Z,athalassas,FRC3,42,42,51,51,1,False,35.144718,33.362216
2026-09-04T17:06:26Z,lemesou,FRC3,38,50,26,20,0.99,False,35.149928,33.374288
2026-09-04T17:06:26Z,sp_kyprianou,FRC4,26,34,38,29,0.9,False,35.150176,33.339743
2026-09-04T17:06:26Z,archangelou,FRC3,49,49,28,28,1,False,35.135323,33.331244
2026-09-04T17:06:26Z,konstantinoup,FRC4,49,49,19,19,1,False,35.126091,33.34383
2026-09-04T17:06:26Z,stavrou,FRC3,39,39,71,71,1,False,35.136817,33.358074
2026-09-04T17:06:26Z,makedonitissas,FRC4,29,40,105,76,0.97,False,35.14653,33.332584
2026-09-04T17:06:26Z,armenias,FRC4,39,39,33,33,1,False,35.152861,33.36736
2026-09-04T17:06:26Z,arch_kyprianou,FRC4,36,36,27,27,1,False,35.148093,33.341583
2026-09-04T17:06:26Z,a1_motorway,FRC0,109,109,342,342,1,False,35.074318,33.376958
2026-09-04T17:06:26Z,makariou_lakat,FRC4,35,45,347,270,0.9309,False,35.088983,33.28557
2026-09-04T17:06:26Z,griva_digeni,FRC4,43,43,45,45,1,False,35.165117,33.340667
2026-09-04T17:06:26Z,aglantzias,FRC4,27,40,37,25,0.94,False,35.155801,33.382409
2026-09-04T17:06:26Z,kranidioti,FRC3,61,61,61,61,1,False,35.102546,33.313234
2026-09-04T17:06:26Z,perimetrikos,FRC4,59,59,17,17,1,False,35.113096,33.322016
2026-09-04T17:06:26Z,hatziiosif,FRC3,39,39,71,71,1,False,35.136817,33.358074
2026-09-04T17:06:26Z,perikleous,FRC4,40,40,11,11,1,False,35.138923,33.346836
2026-09-04T17:06:26Z,avraamidi,FRC4,44,44,23,23,1,False,35.141552,33.36142
2026-09-04T17:06:26Z,athinon,FRC4,35,35,2,2,1,False,35.139348,33.346279
2026-09-04T17:06:26Z,tasou_markou,FRC4,44,44,39,39,1,False,35.136146,33.369732
2026-09-04T17:06:26Z,peiraios,FRC3,27,37,69,50,0.94,False,35.148686,33.351249
2026-09-04T18:07:11Z,strovolou,FRC3,36,45,60,48,0.93,False,35.137521,33.333087
2026-09-04T18:07:11Z,tseriou,FRC4,30,41,27,20,0.91,False,35.13293,33.339276
2026-09-04T18:07:11Z,prodromou,FRC4,42,42,12,12,1,False,35.159656,33.3459
2026-09-04T18:07:11Z,akropoleos,FRC3,41,41,68,68,1,False,35.138676,33.358135
2026-09-04T18:07:11Z,athalassas,FRC3,42,42,51,51,1,False,35.144718,33.362216
2026-09-04T18:07:11Z,lemesou,FRC3,50,50,20,20,1,False,35.149928,33.374288
2026-09-04T18:07:11Z,sp_kyprianou,FRC4,35,35,28,28,1,False,35.150176,33.339743
2026-09-04T18:07:11Z,archangelou,FRC3,49,49,28,28,1,False,35.135323,33.331244
2026-09-04T18:07:11Z,konstantinoup,FRC4,38,48,25,20,0.97,False,35.126091,33.34383
2026-09-04T18:07:11Z,stavrou,FRC3,39,39,71,71,1,False,35.136817,33.358074
2026-09-04T18:07:11Z,makedonitissas,FRC4,40,40,76,76,1,False,35.14653,33.332584
2026-09-04T18:07:11Z,armenias,FRC4,39,39,33,33,1,False,35.152861,33.36736
2026-09-04T18:07:11Z,arch_kyprianou,FRC4,26,36,38,27,0.74,False,35.148093,33.341583
2026-09-04T18:07:11Z,a1_motorway,FRC0,109,109,342,342,1,False,35.074318,33.376958
2026-09-04T18:07:11Z,makariou_lakat,FRC4,45,45,270,270,1,False,35.088983,33.28557
2026-09-04T18:07:11Z,griva_digeni,FRC4,34,43,57,45,0.97,False,35.165117,33.340667
2026-09-04T18:07:11Z,aglantzias,FRC4,21,41,48,24,0.98,False,35.155801,33.382409
2026-09-04T18:07:11Z,kranidioti,FRC3,61,61,61,61,1,False,35.102546,33.313234
2026-09-04T18:07:11Z,perimetrikos,FRC4,59,59,17,17,1,False,35.113096,33.322016
2026-09-04T18:07:11Z,hatziiosif,FRC3,39,39,71,71,1,False,35.136817,33.358074
2026-09-04T18:07:11Z,perikleous,FRC4,29,40,16,11,0.92,False,35.138923,33.346836
2026-09-04T18:07:11Z,avraamidi,FRC4,44,44,23,23,1,False,35.141552,33.36142
2026-09-04T18:07:11Z,athinon,FRC4,28,35,3,2,0.91,False,35.139348,33.346279
2026-09-04T18:07:11Z,tasou_markou,FRC4,44,44,39,39,1,False,35.136146,33.369732
2026-09-04T18:07:11Z,peiraios,FRC3,37,37,50,50,1,False,35.148686,33.351249
2026-09-07T04:26:01Z,strovolou,FRC3,35,45,61,48,0.9,False,35.137521,33.333087
2026-09-07T04:26:01Z,tseriou,FRC4,30,41,27,20,0.54,False,35.13293,33.339276
2026-09-07T04:26:01Z,prodromou,FRC4,42,42,12,12,1,False,35.159656,33.3459
2026-09-07T04:26:01Z,akropoleos,FRC3,17,41,164,68,0.99,False,35.138676,33.358135
2026-09-07T04:26:01Z,athalassas,FRC3,34,41,63,53,0.979669,False,35.144718,33.362216
2026-09-07T04:26:01Z,lemesou,FRC3,28,49,36,20,1,False,35.149928,33.374288
2026-09-07T04:26:01Z,sp_kyprianou,FRC4,35,35,28,28,1,False,35.150176,33.339743
2026-09-07T04:26:01Z,archangelou,FRC3,40,48,35,29,1,False,35.135323,33.331244
2026-09-07T04:26:01Z,konstantinoup,FRC4,49,49,19,19,1,False,35.126091,33.34383
2026-09-07T04:26:01Z,stavrou,FRC3,39,39,71,71,1,False,35.136817,33.358074
2026-09-07T04:26:01Z,makedonitissas,FRC4,30,39,102,78,0.98,False,35.14653,33.332584
2026-09-07T04:26:01Z,armenias,FRC4,27,38,48,34,0.98,False,35.152861,33.36736
2026-09-07T04:26:01Z,arch_kyprianou,FRC4,28,36,35,27,0.81,False,35.148093,33.341583
2026-09-07T04:26:01Z,a1_motorway,FRC0,102,109,366,342,1,False,35.074318,33.376958
2026-09-07T04:26:01Z,makariou_lakat,FRC4,45,45,270,270,1,False,35.088983,33.28557
2026-09-07T04:26:01Z,griva_digeni,FRC4,34,43,57,45,0.96,False,35.165117,33.340667
2026-09-07T04:26:01Z,aglantzias,FRC4,29,41,35,24,1,False,35.155801,33.382409
2026-09-07T04:26:01Z,kranidioti,FRC3,61,61,61,61,1,False,35.102546,33.313234
2026-09-07T04:26:01Z,perimetrikos,FRC4,59,59,17,17,1,False,35.113096,33.322016
2026-09-07T04:26:01Z,hatziiosif,FRC3,39,39,71,71,1,False,35.136817,33.358074
2026-09-07T04:26:01Z,perikleous,FRC4,28,40,16,11,0.98,False,35.138923,33.346836
2026-09-07T04:26:01Z,avraamidi,FRC4,44,44,23,23,1,False,35.141552,33.36142
2026-09-07T04:26:01Z,athinon,FRC4,35,35,2,2,1,False,35.139348,33.346279
2026-09-07T04:26:01Z,tasou_markou,FRC4,44,44,39,39,1,False,35.136146,33.369732
2026-09-07T04:26:01Z,peiraios,FRC3,10,38,187,49,0.98,False,35.148686,33.351249
2026-09-07T04:46:39Z,strovolou,FRC3,35,44,61,49,0.95,False,35.137521,33.333087
2026-09-07T04:46:39Z,tseriou,FRC4,30,41,27,20,0.94,False,35.13293,33.339276
2026-09-07T04:46:39Z,prodromou,FRC4,42,42,12,12,1,False,35.159656,33.3459
2026-09-07T04:46:39Z,akropoleos,FRC3,16,41,174,68,0.98,False,35.138676,33.358135
2026-09-07T04:46:39Z,athalassas,FRC3,30,41,72,53,0.98,False,35.144718,33.362216
2026-09-07T04:46:39Z,lemesou,FRC3,22,50,46,20,1,False,35.149928,33.374288
2026-09-07T04:46:39Z,sp_kyprianou,FRC4,25,34,40,29,0.99,False,35.150176,33.339743
2026-09-07T04:46:39Z,archangelou,FRC3,17,48,83,29,1,False,35.135323,33.331244
2026-09-07T04:46:39Z,konstantinoup,FRC4,49,49,19,19,1,False,35.126091,33.34383
2026-09-07T04:46:39Z,stavrou,FRC3,26,39,107,71,0.98,False,35.136817,33.358074
2026-09-07T04:46:39Z,makedonitissas,FRC4,18,38,170,80,0.98,False,35.14653,33.332584
2026-09-07T04:46:39Z,armenias,FRC4,21,39,62,33,0.96,False,35.152861,33.36736
2026-09-07T04:46:39Z,arch_kyprianou,FRC4,26,35,38,28,0.84,False,35.148093,33.341583
2026-09-07T04:46:39Z,a1_motorway,FRC0,109,109,342,342,1,False,35.074318,33.376958
2026-09-07T04:46:39Z,makariou_lakat,FRC4,45,45,270,270,1,False,35.088983,33.28557
2026-09-07T04:46:39Z,griva_digeni,FRC4,24,42,81,46,0.99,False,35.165117,33.340667
2026-09-07T04:46:39Z,aglantzias,FRC4,31,40,32,25,0.998992,False,35.155801,33.382409
2026-09-07T04:46:39Z,kranidioti,FRC3,61,61,61,61,1,False,35.102546,33.313234
2026-09-07T04:46:39Z,perimetrikos,FRC4,59,59,17,17,1,False,35.113096,33.322016
2026-09-07T04:46:39Z,hatziiosif,FRC3,26,39,107,71,0.98,False,35.136817,33.358074
2026-09-07T04:46:39Z,perikleous,FRC4,40,40,11,11,1,False,35.138923,33.346836
2026-09-07T04:46:39Z,avraamidi,FRC4,44,44,23,23,1,False,35.141552,33.36142
2026-09-07T04:46:39Z,athinon,FRC4,26,34,3,2,0.98,False,35.139348,33.346279
2026-09-07T04:46:39Z,tasou_markou,FRC4,44,44,39,39,1,False,35.136146,33.369732
2026-09-07T04:46:39Z,peiraios,FRC3,4,33,469,56,0.99,False,35.148686,33.351249
2026-09-07T05:07:24Z,strovolou,FRC3,34,45,63,48,0.97,False,35.137521,33.333087
2026-09-07T05:07:24Z,tseriou,FRC4,15,42,54,19,0.96,False,35.13293,33.339276
2026-09-07T05:07:24Z,prodromou,FRC4,42,42,12,12,1,False,35.159656,33.3459
2026-09-07T05:07:24Z,akropoleos,FRC3,25,40,111,69,0.98,False,35.138676,33.358135
2026-09-07T05:07:24Z,athalassas,FRC3,33,41,65,53,0.985892,False,35.144718,33.362216
2026-09-07T05:07:24Z,lemesou,FRC3,16,50,64,20,1,False,35.149928,33.374288
2026-09-07T05:07:24Z,sp_kyprianou,FRC4,26,34,38,29,0.99,False,35.150176,33.339743
2026-09-07T05:07:24Z,archangelou,FRC3,23,47,61,30,0.99,False,35.135323,33.331244
2026-09-07T05:07:24Z,konstantinoup,FRC4,49,49,19,19,1,False,35.126091,33.34383
2026-09-07T05:07:24Z,stavrou,FRC3,29,39,96,71,0.96,False,35.136817,33.358074
2026-09-07T05:07:24Z,makedonitissas,FRC4,27,40,113,76,0.97,False,35.14653,33.332584
2026-09-07T05:07:24Z,armenias,FRC4,28,38,46,34,0.94,False,35.152861,33.36736
2026-09-07T05:07:24Z,arch_kyprianou,FRC4,11,35,90,28,0.93,False,35.148093,33.341583
2026-09-07T05:07:24Z,a1_motorway,FRC0,109,109,342,342,1,False,35.074318,33.376958
2026-09-07T05:07:24Z,makariou_lakat,FRC4,45,45,270,270,1,False,35.088983,33.28557
2026-09-07T05:07:24Z,griva_digeni,FRC4,26,42,74,46,0.99,False,35.165117,33.340667
2026-09-07T05:07:24Z,aglantzias,FRC4,32,39,31,26,0.98,False,35.155801,33.382409
2026-09-07T05:07:24Z,kranidioti,FRC3,61,61,61,61,1,False,35.102546,33.313234
2026-09-07T05:07:24Z,perimetrikos,FRC4,59,59,17,17,1,False,35.113096,33.322016
2026-09-07T05:07:24Z,hatziiosif,FRC3,29,39,96,71,0.96,False,35.136817,33.358074
2026-09-07T05:07:24Z,perikleous,FRC4,19,40,24,11,0.95,False,35.138923,33.346836
2026-09-07T05:07:24Z,avraamidi,FRC4,44,44,23,23,1,False,35.141552,33.36142
2026-09-07T05:07:24Z,athinon,FRC4,35,35,2,2,1,False,35.139348,33.346279
2026-09-07T05:07:24Z,tasou_markou,FRC4,44,44,39,39,1,False,35.136146,33.369732
2026-09-07T05:07:24Z,peiraios,FRC3,13,37,144,50,0.883246,False,35.148686,33.351249
2026-09-07T05:28:08Z,strovolou,FRC3,45,45,48,48,1,False,35.137521,33.333087
2026-09-07T05:28:08Z,tseriou,FRC4,41,41,20,20,1,False,35.13293,33.339276
2026-09-07T05:28:08Z,prodromou,FRC4,42,42,12,12,1,False,35.159656,33.3459
2026-09-07T05:28:08Z,akropoleos,FRC3,19,41,146,68,0.99,False,35.138676,33.358135
2026-09-07T05:28:08Z,athalassas,FRC3,30,41,72,53,0.98,False,35.144718,33.362216
2026-09-07T05:28:08Z,lemesou,FRC3,6,50,170,20,1,False,35.149928,33.374288
2026-09-07T05:28:08Z,sp_kyprianou,FRC4,35,35,28,28,1,False,35.150176,33.339743
2026-09-07T05:28:08Z,archangelou,FRC3,3,44,472,32,0.99,False,35.135323,33.331244
2026-09-07T05:28:08Z,konstantinoup,FRC4,49,49,19,19,1,False,35.126091,33.34383
2026-09-07T05:28:08Z,stavrou,FRC3,31,38,89,73,0.93,False,35.136817,33.358074
2026-09-07T05:28:08Z,makedonitissas,FRC4,20,39,153,78,0.965645,False,35.14653,33.332584
2026-09-07T05:28:08Z,armenias,FRC4,28,39,46,33,0.92,False,35.152861,33.36736
2026-09-07T05:28:08Z,arch_kyprianou,FRC4,21,36,47,27,0.66,False,35.148093,33.341583
2026-09-07T05:28:08Z,a1_motorway,FRC0,109,109,342,342,1,False,35.074318,33.376958
2026-09-07T05:28:08Z,makariou_lakat,FRC4,37,45,328,270,0.970683,False,35.088983,33.28557
2026-09-07T05:28:08Z,griva_digeni,FRC4,30,43,64,45,0.99,False,35.165117,33.340667
2026-09-07T05:28:08Z,aglantzias,FRC4,41,41,24,24,1,False,35.155801,33.382409
2026-09-07T05:28:08Z,kranidioti,FRC3,61,61,61,61,1,False,35.102546,33.313234
2026-09-07T05:28:08Z,perimetrikos,FRC4,44,57,23,18,0.97,False,35.113096,33.322016
2026-09-07T05:28:08Z,hatziiosif,FRC3,31,38,89,73,0.93,False,35.136817,33.358074
2026-09-07T05:28:08Z,perikleous,FRC4,40,40,11,11,1,False,35.138923,33.346836
2026-09-07T05:28:08Z,avraamidi,FRC4,44,44,23,23,1,False,35.141552,33.36142
2026-09-07T05:28:08Z,athinon,FRC4,35,35,2,2,1,False,35.139348,33.346279
2026-09-07T05:28:08Z,tasou_markou,FRC4,44,44,39,39,1,False,35.136146,33.369732
2026-09-07T05:28:08Z,peiraios,FRC3,13,38,144,49,0.957272,False,35.148686,33.351249
2026-09-07T05:48:50Z,strovolou,FRC3,45,45,48,48,1,False,35.137521,33.333087
2026-09-07T05:48:50Z,tseriou,FRC4,30,41,27,20,0.9,False,35.13293,33.339276
2026-09-07T05:48:50Z,prodromou,FRC4,42,42,12,12,1,False,35.159656,33.3459
2026-09-07T05:48:50Z,akropoleos,FRC3,13,38,214,73,0.99,False,35.138676,33.358135
2026-09-07T05:48:50Z,athalassas,FRC3,31,42,70,51,0.98,False,35.144718,33.362216
2026-09-07T05:48:50Z,lemesou,FRC3,20,50,51,20,1,False,35.149928,33.374288
2026-09-07T05:48:50Z,sp_kyprianou,FRC4,35,35,28,28,1,False,35.150176,33.339743
2026-09-07T05:48:50Z,archangelou,FRC3,12,49,118,28,0.99,False,35.135323,33.331244
2026-09-07T05:48:50Z,konstantinoup,FRC4,49,49,19,19,1,False,35.126091,33.34383
2026-09-07T05:48:50Z,stavrou,FRC3,39,39,71,71,1,False,35.136817,33.358074
2026-09-07T05:48:50Z,makedonitissas,FRC4,20,39,153,78,0.974634,False,35.14653,33.332584
2026-09-07T05:48:50Z,armenias,FRC4,23,38,56,34,0.98,False,35.152861,33.36736
2026-09-07T05:48:50Z,arch_kyprianou,FRC4,36,36,27,27,1,False,35.148093,33.341583
2026-09-07T05:48:50Z,a1_motorway,FRC0,109,109,342,342,1,False,35.074318,33.376958
2026-09-07T05:48:50Z,makariou_lakat,FRC4,45,45,270,270,1,False,35.088983,33.28557
2026-09-07T05:48:50Z,griva_digeni,FRC4,34,42,57,46,1,False,35.165117,33.340667
2026-09-07T05:48:50Z,aglantzias,FRC4,41,41,24,24,1,False,35.155801,33.382409
2026-09-07T05:48:50Z,kranidioti,FRC3,61,61,61,61,1,False,35.102546,33.313234
2026-09-07T05:48:50Z,perimetrikos,FRC4,59,59,17,17,1,False,35.113096,33.322016
2026-09-07T05:48:50Z,hatziiosif,FRC3,39,39,71,71,1,False,35.136817,33.358074
2026-09-07T05:48:50Z,perikleous,FRC4,28,39,16,12,0.98,False,35.138923,33.346836
2026-09-07T05:48:50Z,avraamidi,FRC4,44,44,23,23,1,False,35.141552,33.36142
2026-09-07T05:48:50Z,athinon,FRC4,27,34,3,2,0.98,False,35.139348,33.346279
2026-09-07T05:48:50Z,tasou_markou,FRC4,44,44,39,39,1,False,35.136146,33.369732
2026-09-07T05:48:50Z,peiraios,FRC3,7,38,268,49,0.92,False,35.148686,33.351249
2026-09-07T06:09:09Z,strovolou,FRC3,45,45,48,48,1,False,35.137521,33.333087
2026-09-07T06:09:09Z,tseriou,FRC4,29,41,28,20,0.92,False,35.13293,33.339276
2026-09-07T06:09:09Z,prodromou,FRC4,31,41,16,12,0.93,False,35.159656,33.3459
2026-09-07T06:09:09Z,akropoleos,FRC3,24,41,116,68,0.99,False,35.138676,33.358135
2026-09-07T06:09:09Z,athalassas,FRC3,42,42,51,51,1,False,35.144718,33.362216
2026-09-07T06:09:09Z,lemesou,FRC3,38,49,26,20,1,False,35.149928,33.374288
2026-09-07T06:09:09Z,sp_kyprianou,FRC4,35,35,28,28,1,False,35.150176,33.339743
2026-09-07T06:09:09Z,archangelou,FRC3,22,48,64,29,0.99,False,35.135323,33.331244
2026-09-07T06:09:09Z,konstantinoup,FRC4,49,49,19,19,1,False,35.126091,33.34383
2026-09-07T06:09:09Z,stavrou,FRC3,39,39,71,71,1,False,35.136817,33.358074
2026-09-07T06:09:09Z,makedonitissas,FRC4,25,39,122,78,0.97,False,35.14653,33.332584
2026-09-07T06:09:09Z,armenias,FRC4,28,39,46,33,0.97,False,35.152861,33.36736
2026-09-07T06:09:09Z,arch_kyprianou,FRC4,24,35,41,28,0.9,False,35.148093,33.341583
2026-09-07T06:09:09Z,a1_motorway,FRC0,109,109,342,342,1,False,35.074318,33.376958
2026-09-07T06:09:09Z,makariou_lakat,FRC4,45,45,270,270,1,False,35.088983,33.28557
2026-09-07T06:09:09Z,griva_digeni,FRC4,32,43,60,45,0.98,False,35.165117,33.340667
2026-09-07T06:09:09Z,aglantzias,FRC4,41,41,24,24,1,False,35.155801,33.382409
2026-09-07T06:09:09Z,kranidioti,FRC3,61,61,61,61,1,False,35.102546,33.313234
2026-09-07T06:09:09Z,perimetrikos,FRC4,59,59,17,17,1,False,35.113096,33.322016
2026-09-07T06:09:09Z,hatziiosif,FRC3,39,39,71,71,1,False,35.136817,33.358074
2026-09-07T06:09:09Z,perikleous,FRC4,25,39,18,12,0.98,False,35.138923,33.346836
2026-09-07T06:09:09Z,avraamidi,FRC4,44,44,23,23,1,False,35.141552,33.36142
2026-09-07T06:09:09Z,athinon,FRC4,35,35,2,2,1,False,35.139348,33.346279
2026-09-07T06:09:09Z,tasou_markou,FRC4,44,44,39,39,1,False,35.136146,33.369732
2026-09-07T06:09:09Z,peiraios,FRC3,17,36,110,52,0.96,False,35.148686,33.351249
2026-09-07T13:00:56Z,strovolou,FRC3,28,45,77,48,0.99,False,35.137521,33.333087
2026-09-07T13:00:56Z,tseriou,FRC4,19,41,43,20,0.96,False,35.13293,33.339276
2026-09-07T13:00:56Z,prodromou,FRC4,30,41,17,12,0.93,False,35.159656,33.3459
2026-09-07T13:00:56Z,akropoleos,FRC3,26,40,107,69,0.98,False,35.138676,33.358135
2026-09-07T13:00:56Z,athalassas,FRC3,42,42,51,51,1,False,35.144718,33.362216
2026-09-07T13:00:56Z,lemesou,FRC3,40,50,25,20,1,False,35.149928,33.374288
2026-09-07T13:00:56Z,sp_kyprianou,FRC4,35,35,28,28,1,False,35.150176,33.339743
2026-09-07T13:00:56Z,archangelou,FRC3,49,49,28,28,1,False,35.135323,33.331244
2026-09-07T13:00:56Z,konstantinoup,FRC4,49,49,19,19,1,False,35.126091,33.34383
2026-09-07T13:00:56Z,stavrou,FRC3,25,39,111,71,0.98,False,35.136817,33.358074
2026-09-07T13:00:56Z,makedonitissas,FRC4,29,40,105,76,0.94,False,35.14653,33.332584
2026-09-07T13:00:56Z,armenias,FRC4,26,39,50,33,0.97,False,35.152861,33.36736
2026-09-07T13:00:56Z,arch_kyprianou,FRC4,36,36,27,27,1,False,35.148093,33.341583
2026-09-07T13:00:56Z,a1_motorway,FRC0,109,109,342,342,1,False,35.074318,33.376958
2026-09-07T13:00:56Z,makariou_lakat,FRC4,45,45,270,270,1,False,35.088983,33.28557
2026-09-07T13:00:56Z,griva_digeni,FRC4,43,43,45,45,1,False,35.165117,33.340667
2026-09-07T13:00:56Z,aglantzias,FRC4,41,41,24,24,1,False,35.155801,33.382409
2026-09-07T13:00:56Z,kranidioti,FRC3,61,61,61,61,1,False,35.102546,33.313234
2026-09-07T13:00:56Z,perimetrikos,FRC4,59,59,17,17,1,False,35.113096,33.322016
2026-09-07T13:00:56Z,hatziiosif,FRC3,25,39,111,71,0.98,False,35.136817,33.358074
2026-09-07T13:00:56Z,perikleous,FRC4,31,39,15,12,0.95,False,35.138923,33.346836
2026-09-07T13:00:56Z,avraamidi,FRC4,44,44,23,23,1,False,35.141552,33.36142
2026-09-07T13:00:56Z,athinon,FRC4,35,35,2,2,1,False,35.139348,33.346279
2026-09-07T13:00:56Z,tasou_markou,FRC4,44,44,39,39,1,False,35.136146,33.369732
2026-09-07T13:00:56Z,peiraios,FRC3,19,39,98,48,0.973862,False,35.148686,33.351249
2026-09-07T14:01:50Z,strovolou,FRC3,35,45,61,48,1,False,35.137521,33.333087
2026-09-07T14:01:50Z,tseriou,FRC4,17,42,48,19,0.95,False,35.13293,33.339276
2026-09-07T14:01:50Z,prodromou,FRC4,42,42,12,12,1,False,35.159656,33.3459
2026-09-07T14:01:50Z,akropoleos,FRC3,28,40,99,69,0.97,False,35.138676,33.358135
2026-09-07T14:01:50Z,athalassas,FRC3,33,41,65,53,0.97,False,35.144718,33.362216
2026-09-07T14:01:50Z,lemesou,FRC3,50,50,20,20,1,False,35.149928,33.374288
2026-09-07T14:01:50Z,sp_kyprianou,FRC4,35,35,28,28,1,False,35.150176,33.339743
2026-09-07T14:01:50Z,archangelou,FRC3,35,48,40,29,0.99,False,35.135323,33.331244
2026-09-07T14:01:50Z,konstantinoup,FRC4,49,49,19,19,1,False,35.126091,33.34383
2026-09-07T14:01:50Z,stavrou,FRC3,31,38,89,73,0.98,False,35.136817,33.358074
2026-09-07T14:01:50Z,makedonitissas,FRC4,29,40,105,76,0.973285,False,35.14653,33.332584
2026-09-07T14:01:50Z,armenias,FRC4,23,39,56,33,0.96,False,35.152861,33.36736
2026-09-07T14:01:50Z,arch_kyprianou,FRC4,36,36,27,27,1,False,35.148093,33.341583
2026-09-07T14:01:50Z,a1_motorway,FRC0,109,109,342,342,1,False,35.074318,33.376958
2026-09-07T14:01:50Z,makariou_lakat,FRC4,36,46,337,264,0.918422,False,35.088983,33.28557
2026-09-07T14:01:50Z,griva_digeni,FRC4,43,43,45,45,1,False,35.165117,33.340667
2026-09-07T14:01:50Z,aglantzias,FRC4,26,41,39,24,0.98,False,35.155801,33.382409
2026-09-07T14:01:50Z,kranidioti,FRC3,61,61,61,61,1,False,35.102546,33.313234
2026-09-07T14:01:50Z,perimetrikos,FRC4,44,59,23,17,0.99,False,35.113096,33.322016
2026-09-07T14:01:50Z,hatziiosif,FRC3,31,38,89,73,0.98,False,35.136817,33.358074
2026-09-07T14:01:50Z,perikleous,FRC4,29,40,16,11,0.95,False,35.138923,33.346836
2026-09-07T14:01:50Z,avraamidi,FRC4,44,44,23,23,1,False,35.141552,33.36142
2026-09-07T14:01:50Z,athinon,FRC4,35,35,2,2,1,False,35.139348,33.346279
2026-09-07T14:01:50Z,tasou_markou,FRC4,44,44,39,39,1,False,35.136146,33.369732
2026-09-07T14:01:50Z,peiraios,FRC3,16,36,117,52,0.98,False,35.148686,33.351249
2026-09-07T14:22:23Z,strovolou,FRC3,45,45,48,48,1,False,35.137521,33.333087
2026-09-07T14:22:23Z,tseriou,FRC4,21,40,39,20,0.94,False,35.13293,33.339276
2026-09-07T14:22:23Z,prodromou,FRC4,42,42,12,12,1,False,35.159656,33.3459
2026-09-07T14:22:23Z,akropoleos,FRC3,30,40,92,69,0.98,False,35.138676,33.358135
2026-09-07T14:22:23Z,athalassas,FRC3,33,41,65,53,0.94,False,35.144718,33.362216
2026-09-07T14:22:23Z,lemesou,FRC3,37,50,27,20,0.99,False,35.149928,33.374288
2026-09-07T14:22:23Z,sp_kyprianou,FRC4,35,35,28,28,1,False,35.150176,33.339743
2026-09-07T14:22:23Z,archangelou,FRC3,34,48,41,29,0.99,False,35.135323,33.331244
2026-09-07T14:22:23Z,konstantinoup,FRC4,49,49,19,19,1,False,35.126091,33.34383
2026-09-07T14:22:23Z,stavrou,FRC3,30,39,92,71,0.97,False,35.136817,33.358074
2026-09-07T14:22:23Z,makedonitissas,FRC4,40,40,76,76,1,False,35.14653,33.332584
2026-09-07T14:22:23Z,armenias,FRC4,27,39,48,33,0.94,False,35.152861,33.36736
2026-09-07T14:22:23Z,arch_kyprianou,FRC4,25,35,40,28,0.96,False,35.148093,33.341583
2026-09-07T14:22:23Z,a1_motorway,FRC0,109,109,342,342,1,False,35.074318,33.376958
2026-09-07T14:22:23Z,makariou_lakat,FRC4,37,45,328,270,0.935688,False,35.088983,33.28557
2026-09-07T14:22:23Z,griva_digeni,FRC4,43,43,45,45,1,False,35.165117,33.340667
2026-09-07T14:22:23Z,aglantzias,FRC4,41,41,24,24,1,False,35.155801,33.382409
2026-09-07T14:22:23Z,kranidioti,FRC3,61,61,61,61,1,False,35.102546,33.313234
2026-09-07T14:22:23Z,perimetrikos,FRC4,25,59,42,17,0.99,False,35.113096,33.322016
2026-09-07T14:22:23Z,hatziiosif,FRC3,30,39,92,71,0.97,False,35.136817,33.358074
2026-09-07T14:22:23Z,perikleous,FRC4,25,40,18,11,0.99,False,35.138923,33.346836
2026-09-07T14:22:23Z,avraamidi,FRC4,44,44,23,23,1,False,35.141552,33.36142
2026-09-07T14:22:23Z,athinon,FRC4,35,35,2,2,1,False,35.139348,33.346279
2026-09-07T14:22:23Z,tasou_markou,FRC4,44,44,39,39,1,False,35.136146,33.369732
2026-09-07T14:22:23Z,peiraios,FRC3,15,36,125,52,0.98,False,35.148686,33.351249
2026-09-07T14:42:54Z,strovolou,FRC3,45,45,48,48,1,False,35.137521,33.333087
2026-09-07T14:42:54Z,tseriou,FRC4,16,41,51,20,0.94,False,35.13293,33.339276
2026-09-07T14:42:54Z,prodromou,FRC4,42,42,12,12,1,False,35.159656,33.3459
2026-09-07T14:42:54Z,akropoleos,FRC3,41,41,68,68,1,False,35.138676,33.358135
2026-09-07T14:42:54Z,athalassas,FRC3,42,42,51,51,1,False,35.144718,33.362216
2026-09-07T14:42:54Z,lemesou,FRC3,50,50,20,20,1,False,35.149928,33.374288
2026-09-07T14:42:54Z,sp_kyprianou,FRC4,35,35,28,28,1,False,35.150176,33.339743
2026-09-07T14:42:54Z,archangelou,FRC3,36,48,39,29,0.97,False,35.135323,33.331244
2026-09-07T14:42:54Z,konstantinoup,FRC4,49,49,19,19,1,False,35.126091,33.34383
2026-09-07T14:42:54Z,stavrou,FRC3,25,39,111,71,0.97,False,35.136817,33.358074
2026-09-07T14:42:54Z,makedonitissas,FRC4,30,40,102,76,0.98,False,35.14653,33.332584
2026-09-07T14:42:54Z,armenias,FRC4,26,37,50,35,0.96,False,35.152861,33.36736
2026-09-07T14:42:54Z,arch_kyprianou,FRC4,24,36,41,27,0.97,False,35.148093,33.341583
2026-09-07T14:42:54Z,a1_motorway,FRC0,109,109,342,342,1,False,35.074318,33.376958
2026-09-07T14:42:54Z,makariou_lakat,FRC4,45,45,270,270,1,False,35.088983,33.28557
2026-09-07T14:42:54Z,griva_digeni,FRC4,43,43,45,45,1,False,35.165117,33.340667
2026-09-07T14:42:54Z,aglantzias,FRC4,41,41,24,24,1,False,35.155801,33.382409
2026-09-07T14:42:54Z,kranidioti,FRC3,61,61,61,61,1,False,35.102546,33.313234
2026-09-07T14:42:54Z,perimetrikos,FRC4,6,55,175,19,0.98,False,35.113096,33.322016
2026-09-07T14:42:54Z,hatziiosif,FRC3,25,39,111,71,0.97,False,35.136817,33.358074
2026-09-07T14:42:54Z,perikleous,FRC4,20,39,23,12,0.99,False,35.138923,33.346836
2026-09-07T14:42:54Z,avraamidi,FRC4,44,44,23,23,1,False,35.141552,33.36142
2026-09-07T14:42:54Z,athinon,FRC4,24,34,3,2,0.99,False,35.139348,33.346279
2026-09-07T14:42:54Z,tasou_markou,FRC4,44,44,39,39,1,False,35.136146,33.369732
2026-09-07T14:42:54Z,peiraios,FRC3,25,38,75,49,0.986931,False,35.148686,33.351249
2026-09-08T04:25:44Z,strovolou,FRC3,45,45,48,48,1,False,35.137521,33.333087
2026-09-08T04:25:44Z,tseriou,FRC4,26,41,31,20,0.84,False,35.13293,33.339276
2026-09-08T04:25:44Z,prodromou,FRC4,42,42,12,12,1,False,35.159656,33.3459
2026-09-08T04:25:44Z,akropoleos,FRC3,16,40,174,69,0.99,False,35.138676,33.358135
2026-09-08T04:25:44Z,athalassas,FRC3,26,41,83,53,0.98,False,35.144718,33.362216
2026-09-08T04:25:44Z,lemesou,FRC3,20,50,51,20,1,False,35.149928,33.374288
2026-09-08T04:25:44Z,sp_kyprianou,FRC4,35,35,28,28,1,False,35.150176,33.339743
2026-09-08T04:25:44Z,archangelou,FRC3,37,47,38,30,1,False,35.135323,33.331244
2026-09-08T04:25:44Z,konstantinoup,FRC4,37,48,25,20,0.97,False,35.126091,33.34383
2026-09-08T04:25:44Z,stavrou,FRC3,39,39,71,71,1,False,35.136817,33.358074
2026-09-08T04:25:44Z,makedonitissas,FRC4,25,39,122,78,0.99,False,35.14653,33.332584
2026-09-08T04:25:44Z,armenias,FRC4,18,39,72,33,0.96,False,35.152861,33.36736
2026-09-08T04:25:44Z,arch_kyprianou,FRC4,36,36,27,27,1,False,35.148093,33.341583
2026-09-08T04:25:44Z,a1_motorway,FRC0,109,109,342,342,1,False,35.074318,33.376958
2026-09-08T04:25:44Z,makariou_lakat,FRC4,45,45,270,270,1,False,35.088983,33.28557
2026-09-08T04:25:44Z,griva_digeni,FRC4,24,43,81,45,0.98,False,35.165117,33.340667
2026-09-08T04:25:44Z,aglantzias,FRC4,28,40,36,25,0.998674,False,35.155801,33.382409
2026-09-08T04:25:44Z,kranidioti,FRC3,61,61,61,61,1,False,35.102546,33.313234
2026-09-08T04:25:44Z,perimetrikos,FRC4,59,59,17,17,1,False,35.113096,33.322016
2026-09-08T04:25:44Z,hatziiosif,FRC3,39,39,71,71,1,False,35.136817,33.358074
2026-09-08T04:25:44Z,perikleous,FRC4,40,40,11,11,1,False,35.138923,33.346836
2026-09-08T04:25:44Z,avraamidi,FRC4,44,44,23,23,1,False,35.141552,33.36142
2026-09-08T04:25:44Z,athinon,FRC4,35,35,2,2,1,False,35.139348,33.346279
2026-09-08T04:25:44Z,tasou_markou,FRC4,44,44,39,39,1,False,35.136146,33.369732
2026-09-08T04:25:44Z,peiraios,FRC3,11,36,170,52,0.99,False,35.148686,33.351249
2026-09-08T04:46:24Z,strovolou,FRC3,45,45,48,48,1,False,35.137521,33.333087
2026-09-08T04:46:24Z,tseriou,FRC4,30,41,27,20,0.96,False,35.13293,33.339276
2026-09-08T04:46:24Z,prodromou,FRC4,24,42,21,12,0.95,False,35.159656,33.3459
2026-09-08T04:46:24Z,akropoleos,FRC3,30,39,92,71,0.98,False,35.138676,33.358135
2026-09-08T04:46:24Z,athalassas,FRC3,24,41,90,53,0.98,False,35.144718,33.362216
2026-09-08T04:46:24Z,lemesou,FRC3,8,50,128,20,1,False,35.149928,33.374288
2026-09-08T04:46:24Z,sp_kyprianou,FRC4,35,35,28,28,1,False,35.150176,33.339743
2026-09-08T04:46:24Z,archangelou,FRC3,4,54,354,26,1,False,35.135323,33.331244
2026-09-08T04:46:24Z,konstantinoup,FRC4,49,49,19,19,1,False,35.126091,33.34383
2026-09-08T04:46:24Z,stavrou,FRC3,39,39,71,71,1,False,35.136817,33.358074
2026-09-08T04:46:24Z,makedonitissas,FRC4,19,40,161,76,0.98,False,35.14653,33.332584
2026-09-08T04:46:24Z,armenias,FRC4,30,38,43,34,0.97,False,35.152861,33.36736
2026-09-08T04:46:24Z,arch_kyprianou,FRC4,26,36,38,27,0.66,False,35.148093,33.341583
2026-09-08T04:46:24Z,a1_motorway,FRC0,109,109,342,342,1,False,35.074318,33.376958
2026-09-08T04:46:24Z,makariou_lakat,FRC4,45,45,270,270,1,False,35.088983,33.28557
2026-09-08T04:46:24Z,griva_digeni,FRC4,28,42,69,46,0.98,False,35.165117,33.340667
2026-09-08T04:46:24Z,aglantzias,FRC4,10,39,102,26,1,False,35.155801,33.382409
2026-09-08T04:46:24Z,kranidioti,FRC3,61,61,61,61,1,False,35.102546,33.313234
2026-09-08T04:46:24Z,perimetrikos,FRC4,59,59,17,17,1,False,35.113096,33.322016
2026-09-08T04:46:24Z,hatziiosif,FRC3,39,39,71,71,1,False,35.136817,33.358074
2026-09-08T04:46:24Z,perikleous,FRC4,40,40,11,11,1,False,35.138923,33.346836
2026-09-08T04:46:24Z,avraamidi,FRC4,44,44,23,23,1,False,35.141552,33.36142
2026-09-08T04:46:24Z,athinon,FRC4,35,35,2,2,1,False,35.139348,33.346279
2026-09-08T04:46:24Z,tasou_markou,FRC4,44,44,39,39,1,False,35.136146,33.369732
2026-09-08T04:46:24Z,peiraios,FRC3,5,37,375,50,0.99,False,35.148686,33.351249
2026-09-08T05:07:07Z,strovolou,FRC3,31,44,69,49,0.98,False,35.137521,33.333087
2026-09-08T05:07:07Z,tseriou,FRC4,24,41,34,20,0.95,False,35.13293,33.339276
2026-09-08T05:07:07Z,prodromou,FRC4,42,42,12,12,1,False,35.159656,33.3459
2026-09-08T05:07:07Z,akropoleos,FRC3,28,41,99,68,0.98,False,35.138676,33.358135
2026-09-08T05:07:07Z,athalassas,FRC3,32,42,67,51,0.99,False,35.144718,33.362216
2026-09-08T05:07:07Z,lemesou,FRC3,10,50,102,20,1,False,35.149928,33.374288
2026-09-08T05:07:07Z,sp_kyprianou,FRC4,27,34,37,29,1,False,35.150176,33.339743
2026-09-08T05:07:07Z,archangelou,FRC3,34,48,41,29,0.99,False,35.135323,33.331244
2026-09-08T05:07:07Z,konstantinoup,FRC4,49,49,19,19,1,False,35.126091,33.34383
2026-09-08T05:07:07Z,stavrou,FRC3,29,38,96,73,0.96,False,35.136817,33.358074
2026-09-08T05:07:07Z,makedonitissas,FRC4,28,39,109,78,0.98,False,35.14653,33.332584
2026-09-08T05:07:07Z,armenias,FRC4,28,38,46,34,0.97,False,35.152861,33.36736
2026-09-08T05:07:07Z,arch_kyprianou,FRC4,17,36,58,27,0.94,False,35.148093,33.341583
2026-09-08T05:07:07Z,a1_motorway,FRC0,109,109,342,342,1,False,35.074318,33.376958
2026-09-08T05:07:07Z,makariou_lakat,FRC4,38,45,320,270,0.96187,False,35.088983,33.28557
2026-09-08T05:07:07Z,griva_digeni,FRC4,24,42,81,46,0.99,False,35.165117,33.340667
2026-09-08T05:07:07Z,aglantzias,FRC4,26,39,39,26,0.99072,False,35.155801,33.382409
2026-09-08T05:07:07Z,kranidioti,FRC3,61,61,61,61,1,False,35.102546,33.313234
2026-09-08T05:07:07Z,perimetrikos,FRC4,59,59,17,17,1,False,35.113096,33.322016
2026-09-08T05:07:07Z,hatziiosif,FRC3,29,38,96,73,0.96,False,35.136817,33.358074
2026-09-08T05:07:07Z,perikleous,FRC4,40,40,11,11,1,False,35.138923,33.346836
2026-09-08T05:07:07Z,avraamidi,FRC4,44,44,23,23,1,False,35.141552,33.36142
2026-09-08T05:07:07Z,athinon,FRC4,35,35,2,2,1,False,35.139348,33.346279
2026-09-08T05:07:07Z,tasou_markou,FRC4,44,44,39,39,1,False,35.136146,33.369732
2026-09-08T05:07:07Z,peiraios,FRC3,9,39,208,48,0.98,False,35.148686,33.351249
2026-09-08T05:27:49Z,strovolou,FRC3,29,44,74,49,0.98,False,35.137521,33.333087
2026-09-08T05:27:49Z,tseriou,FRC4,27,41,30,20,0.96,False,35.13293,33.339276
2026-09-08T05:27:49Z,prodromou,FRC4,42,42,12,12,1,False,35.159656,33.3459
2026-09-08T05:27:49Z,akropoleos,FRC3,27,41,103,68,0.99,False,35.138676,33.358135
2026-09-08T05:27:49Z,athalassas,FRC3,30,41,72,53,0.98,False,35.144718,33.362216
2026-09-08T05:27:49Z,lemesou,FRC3,4,55,256,18,1,False,35.149928,33.374288
2026-09-08T05:27:49Z,sp_kyprianou,FRC4,35,35,28,28,1,False,35.150176,33.339743
2026-09-08T05:27:49Z,archangelou,FRC3,39,49,36,28,0.99,False,35.135323,33.331244
2026-09-08T05:27:49Z,konstantinoup,FRC4,49,49,19,19,1,False,35.126091,33.34383
2026-09-08T05:27:49Z,stavrou,FRC3,39,39,71,71,1,False,35.136817,33.358074
2026-09-08T05:27:49Z,makedonitissas,FRC4,24,40,127,76,0.98,False,35.14653,33.332584
2026-09-08T05:27:49Z,armenias,FRC4,26,38,50,34,0.98,False,35.152861,33.36736
2026-09-08T05:27:49Z,arch_kyprianou,FRC4,26,36,38,27,0.94,False,35.148093,33.341583
2026-09-08T05:27:49Z,a1_motorway,FRC0,109,109,342,342,1,False,35.074318,33.376958
2026-09-08T05:27:49Z,makariou_lakat,FRC4,35,45,347,270,0.945101,False,35.088983,33.28557
2026-09-08T05:27:49Z,griva_digeni,FRC4,27,43,72,45,0.99,False,35.165117,33.340667
2026-09-08T05:27:49Z,aglantzias,FRC4,41,41,24,24,1,False,35.155801,33.382409
2026-09-08T05:27:49Z,kranidioti,FRC3,61,61,61,61,1,False,35.102546,33.313234
2026-09-08T05:27:49Z,perimetrikos,FRC4,59,59,17,17,1,False,35.113096,33.322016
2026-09-08T05:27:49Z,hatziiosif,FRC3,39,39,71,71,1,False,35.136817,33.358074
2026-09-08T05:27:49Z,perikleous,FRC4,30,40,15,11,0.97,False,35.138923,33.346836
2026-09-08T05:27:49Z,avraamidi,FRC4,44,44,23,23,1,False,35.141552,33.36142
2026-09-08T05:27:49Z,athinon,FRC4,35,35,2,2,1,False,35.139348,33.346279
2026-09-08T05:27:49Z,tasou_markou,FRC4,44,44,39,39,1,False,35.136146,33.369732
2026-09-08T05:27:49Z,peiraios,FRC3,18,37,104,50,0.97,False,35.148686,33.351249
2026-09-08T05:48:30Z,strovolou,FRC3,45,45,48,48,1,False,35.137521,33.333087
2026-09-08T05:48:30Z,tseriou,FRC4,28,41,29,20,0.94,False,35.13293,33.339276
2026-09-08T05:48:30Z,prodromou,FRC4,42,42,12,12,1,False,35.159656,33.3459
2026-09-08T05:48:30Z,akropoleos,FRC3,31,41,89,68,0.99,False,35.138676,33.358135
2026-09-08T05:48:30Z,athalassas,FRC3,30,42,72,51,0.98,False,35.144718,33.362216
2026-09-08T05:48:30Z,lemesou,FRC3,8,48,128,21,1,False,35.149928,33.374288
2026-09-08T05:48:30Z,sp_kyprianou,FRC4,27,34,37,29,0.99,False,35.150176,33.339743
2026-09-08T05:48:30Z,archangelou,FRC3,36,49,39,28,0.98,False,35.135323,33.331244
2026-09-08T05:48:30Z,konstantinoup,FRC4,49,49,19,19,1,False,35.126091,33.34383
2026-09-08T05:48:30Z,stavrou,FRC3,39,39,71,71,1,False,35.136817,33.358074
2026-09-08T05:48:30Z,makedonitissas,FRC4,28,40,109,76,0.98,False,35.14653,33.332584
2026-09-08T05:48:30Z,armenias,FRC4,28,38,46,34,0.96,False,35.152861,33.36736
2026-09-08T05:48:30Z,arch_kyprianou,FRC4,23,35,43,28,0.88,False,35.148093,33.341583
2026-09-08T05:48:30Z,a1_motorway,FRC0,109,109,342,342,1,False,35.074318,33.376958
2026-09-08T05:48:30Z,makariou_lakat,FRC4,45,45,270,270,1,False,35.088983,33.28557
2026-09-08T05:48:30Z,griva_digeni,FRC4,27,42,72,46,1,False,35.165117,33.340667
2026-09-08T05:48:30Z,aglantzias,FRC4,41,41,24,24,1,False,35.155801,33.382409
2026-09-08T05:48:30Z,kranidioti,FRC3,61,61,61,61,1,False,35.102546,33.313234
2026-09-08T05:48:30Z,perimetrikos,FRC4,59,59,17,17,1,False,35.113096,33.322016
2026-09-08T05:48:30Z,hatziiosif,FRC3,39,39,71,71,1,False,35.136817,33.358074
2026-09-08T05:48:30Z,perikleous,FRC4,25,39,18,12,0.97,False,35.138923,33.346836
2026-09-08T05:48:30Z,avraamidi,FRC4,44,44,23,23,1,False,35.141552,33.36142
2026-09-08T05:48:30Z,athinon,FRC4,14,34,6,2,0.98,False,35.139348,33.346279
2026-09-08T05:48:30Z,tasou_markou,FRC4,44,44,39,39,1,False,35.136146,33.369732
2026-09-08T05:48:30Z,peiraios,FRC3,16,37,117,50,0.967502,False,35.148686,33.351249
2026-09-08T06:08:49Z,strovolou,FRC3,45,45,48,48,1,False,35.137521,33.333087
2026-09-08T06:08:49Z,tseriou,FRC4,32,41,25,20,0.94,False,35.13293,33.339276
2026-09-08T06:08:49Z,prodromou,FRC4,42,42,12,12,1,False,35.159656,33.3459
2026-09-08T06:08:49Z,akropoleos,FRC3,26,41,107,68,0.98,False,35.138676,33.358135
2026-09-08T06:08:49Z,athalassas,FRC3,20,41,108,53,0.97,False,35.144718,33.362216
2026-09-08T06:08:49Z,lemesou,FRC3,37,49,27,20,1,False,35.149928,33.374288
2026-09-08T06:08:49Z,sp_kyprianou,FRC4,35,35,28,28,1,False,35.150176,33.339743
2026-09-08T06:08:49Z,archangelou,FRC3,34,49,41,28,0.99,False,35.135323,33.331244
2026-09-08T06:08:49Z,konstantinoup,FRC4,49,49,19,19,1,False,35.126091,33.34383
2026-09-08T06:08:49Z,stavrou,FRC3,39,39,71,71,1,False,35.136817,33.358074
2026-09-08T06:08:49Z,makedonitissas,FRC4,28,39,109,78,0.96,False,35.14653,33.332584
2026-09-08T06:08:49Z,armenias,FRC4,28,39,46,33,0.95,False,35.152861,33.36736
2026-09-08T06:08:49Z,arch_kyprianou,FRC4,36,36,27,27,1,False,35.148093,33.341583
2026-09-08T06:08:49Z,a1_motorway,FRC0,109,109,342,342,1,False,35.074318,33.376958
2026-09-08T06:08:49Z,makariou_lakat,FRC4,45,45,270,270,1,False,35.088983,33.28557
2026-09-08T06:08:49Z,griva_digeni,FRC4,27,43,72,45,0.99,False,35.165117,33.340667
2026-09-08T06:08:49Z,aglantzias,FRC4,41,41,24,24,1,False,35.155801,33.382409
2026-09-08T06:08:49Z,kranidioti,FRC3,61,61,61,61,1,False,35.102546,33.313234
2026-09-08T06:08:49Z,perimetrikos,FRC4,59,59,17,17,1,False,35.113096,33.322016
2026-09-08T06:08:49Z,hatziiosif,FRC3,39,39,71,71,1,False,35.136817,33.358074
2026-09-08T06:08:49Z,perikleous,FRC4,40,40,11,11,1,False,35.138923,33.346836
2026-09-08T06:08:49Z,avraamidi,FRC4,44,44,23,23,1,False,35.141552,33.36142
2026-09-08T06:08:49Z,athinon,FRC4,35,35,2,2,1,False,35.139348,33.346279
2026-09-08T06:08:49Z,tasou_markou,FRC4,44,44,39,39,1,False,35.136146,33.369732
2026-09-08T06:08:49Z,peiraios,FRC3,22,37,85,50,0.96,False,35.148686,33.351249
2026-09-08T11:09:25Z,strovolou,FRC3,28,45,77,48,0.98,False,35.137521,33.333087
2026-09-08T11:09:25Z,tseriou,FRC4,24,41,34,20,0.96,False,35.13293,33.339276
2026-09-08T11:09:25Z,prodromou,FRC4,42,42,12,12,1,False,35.159656,33.3459
2026-09-08T11:09:25Z,akropoleos,FRC3,30,40,92,69,0.97,False,35.138676,33.358135
2026-09-08T11:09:25Z,athalassas,FRC3,42,42,51,51,1,False,35.144718,33.362216
2026-09-08T11:09:25Z,lemesou,FRC3,50,50,20,20,1,False,35.149928,33.374288
2026-09-08T11:09:25Z,sp_kyprianou,FRC4,35,35,28,28,1,False,35.150176,33.339743
2026-09-08T11:09:25Z,archangelou,FRC3,39,48,36,29,0.98,False,35.135323,33.331244
2026-09-08T11:09:25Z,konstantinoup,FRC4,49,49,19,19,1,False,35.126091,33.34383
2026-09-08T11:09:25Z,stavrou,FRC3,22,39,126,71,0.96,False,35.136817,33.358074
2026-09-08T11:09:25Z,makedonitissas,FRC4,24,40,127,76,0.97,False,35.14653,33.332584
2026-09-08T11:09:25Z,armenias,FRC4,20,39,65,33,0.97,False,35.152861,33.36736
2026-09-08T11:09:25Z,arch_kyprianou,FRC4,27,36,37,27,0.94,False,35.148093,33.341583
2026-09-08T11:09:25Z,a1_motorway,FRC0,109,109,342,342,1,False,35.074318,33.376958
2026-09-08T11:09:25Z,makariou_lakat,FRC4,45,45,270,270,1,False,35.088983,33.28557
2026-09-08T11:09:25Z,griva_digeni,FRC4,43,43,45,45,1,False,35.165117,33.340667
2026-09-08T11:09:25Z,aglantzias,FRC4,24,40,42,25,0.98,False,35.155801,33.382409
2026-09-08T11:09:25Z,kranidioti,FRC3,61,61,61,61,1,False,35.102546,33.313234
2026-09-08T11:09:25Z,perimetrikos,FRC4,59,59,17,17,1,False,35.113096,33.322016
2026-09-08T11:09:25Z,hatziiosif,FRC3,22,39,126,71,0.96,False,35.136817,33.358074
2026-09-08T11:09:25Z,perikleous,FRC4,15,41,31,11,0.98,False,35.138923,33.346836
2026-09-08T11:09:25Z,avraamidi,FRC4,44,44,23,23,1,False,35.141552,33.36142
2026-09-08T11:09:25Z,athinon,FRC4,22,34,4,2,0.98,False,35.139348,33.346279
2026-09-08T11:09:25Z,tasou_markou,FRC4,44,44,39,39,1,False,35.136146,33.369732
2026-09-08T11:09:25Z,peiraios,FRC3,19,37,98,50,0.984917,False,35.148686,33.351249
2026-09-08T11:29:56Z,strovolou,FRC3,26,45,83,48,0.99,False,35.137521,33.333087
2026-09-08T11:29:56Z,tseriou,FRC4,30,41,27,20,0.96,False,35.13293,33.339276
2026-09-08T11:29:56Z,prodromou,FRC4,42,42,12,12,1,False,35.159656,33.3459
2026-09-08T11:29:56Z,akropoleos,FRC3,41,41,68,68,1,False,35.138676,33.358135
2026-09-08T11:29:56Z,athalassas,FRC3,30,41,72,53,0.94,False,35.144718,33.362216
2026-09-08T11:29:56Z,lemesou,FRC3,50,50,20,20,1,False,35.149928,33.374288
2026-09-08T11:29:56Z,sp_kyprianou,FRC4,35,35,28,28,1,False,35.150176,33.339743
2026-09-08T11:29:56Z,archangelou,FRC3,49,49,28,28,1,False,35.135323,33.331244
2026-09-08T11:29:56Z,konstantinoup,FRC4,49,49,19,19,1,False,35.126091,33.34383
2026-09-08T11:29:56Z,stavrou,FRC3,23,38,121,73,0.99,False,35.136817,33.358074
2026-09-08T11:29:56Z,makedonitissas,FRC4,28,39,109,78,0.89,False,35.14653,33.332584
2026-09-08T11:29:56Z,armenias,FRC4,25,39,52,33,0.98,False,35.152861,33.36736
2026-09-08T11:29:56Z,arch_kyprianou,FRC4,28,35,35,28,0.83,False,35.148093,33.341583
2026-09-08T11:29:56Z,a1_motorway,FRC0,109,109,342,342,1,False,35.074318,33.376958
2026-09-08T11:29:56Z,makariou_lakat,FRC4,45,45,270,270,1,False,35.088983,33.28557
2026-09-08T11:29:56Z,griva_digeni,FRC4,43,43,45,45,1,False,35.165117,33.340667
2026-09-08T11:29:56Z,aglantzias,FRC4,41,41,24,24,1,False,35.155801,33.382409
2026-09-08T11:29:56Z,kranidioti,FRC3,61,61,61,61,1,False,35.102546,33.313234
2026-09-08T11:29:56Z,perimetrikos,FRC4,59,59,17,17,1,False,35.113096,33.322016
2026-09-08T11:29:56Z,hatziiosif,FRC3,23,38,121,73,0.99,False,35.136817,33.358074
2026-09-08T11:29:56Z,perikleous,FRC4,31,39,15,12,0.96,False,35.138923,33.346836
2026-09-08T11:29:56Z,avraamidi,FRC4,44,44,23,23,1,False,35.141552,33.36142
2026-09-08T11:29:56Z,athinon,FRC4,35,35,2,2,1,False,35.139348,33.346279
2026-09-08T11:29:56Z,tasou_markou,FRC4,44,44,39,39,1,False,35.136146,33.369732
2026-09-08T11:29:56Z,peiraios,FRC3,15,37,125,50,0.98,False,35.148686,33.351249
2026-09-08T12:00:12Z,strovolou,FRC3,27,44,80,49,0.98,False,35.137521,33.333087
2026-09-08T12:00:12Z,tseriou,FRC4,21,41,39,20,0.98,False,35.13293,33.339276
2026-09-08T12:00:12Z,prodromou,FRC4,42,42,12,12,1,False,35.159656,33.3459
2026-09-08T12:00:12Z,akropoleos,FRC3,28,40,99,69,0.98,False,35.138676,33.358135
2026-09-08T12:00:12Z,athalassas,FRC3,42,42,51,51,1,False,35.144718,33.362216
2026-09-08T12:00:12Z,lemesou,FRC3,38,50,26,20,1,False,35.149928,33.374288
2026-09-08T12:00:12Z,sp_kyprianou,FRC4,35,35,28,28,1,False,35.150176,33.339743
2026-09-08T12:00:12Z,archangelou,FRC3,49,49,28,28,1,False,35.135323,33.331244
2026-09-08T12:00:12Z,konstantinoup,FRC4,49,49,19,19,1,False,35.126091,33.34383
2026-09-08T12:00:12Z,stavrou,FRC3,30,38,92,73,0.98,False,35.136817,33.358074
2026-09-08T12:00:12Z,makedonitissas,FRC4,26,40,117,76,0.98,False,35.14653,33.332584
2026-09-08T12:00:12Z,armenias,FRC4,23,38,56,34,0.93,False,35.152861,33.36736
2026-09-08T12:00:12Z,arch_kyprianou,FRC4,24,36,41,27,0.87,False,35.148093,33.341583
2026-09-08T12:00:12Z,a1_motorway,FRC0,109,109,342,342,1,False,35.074318,33.376958
2026-09-08T12:00:12Z,makariou_lakat,FRC4,45,45,270,270,1,False,35.088983,33.28557
2026-09-08T12:00:12Z,griva_digeni,FRC4,43,43,45,45,1,False,35.165117,33.340667
2026-09-08T12:00:12Z,aglantzias,FRC4,41,41,24,24,1,False,35.155801,33.382409
2026-09-08T12:00:12Z,kranidioti,FRC3,61,61,61,61,1,False,35.102546,33.313234
2026-09-08T12:00:12Z,perimetrikos,FRC4,59,59,17,17,1,False,35.113096,33.322016
2026-09-08T12:00:12Z,hatziiosif,FRC3,30,38,92,73,0.98,False,35.136817,33.358074
2026-09-08T12:00:12Z,perikleous,FRC4,22,40,21,11,0.96,False,35.138923,33.346836
2026-09-08T12:00:12Z,avraamidi,FRC4,44,44,23,23,1,False,35.141552,33.36142
2026-09-08T12:00:12Z,athinon,FRC4,35,35,2,2,1,False,35.139348,33.346279
2026-09-08T12:00:12Z,tasou_markou,FRC4,44,44,39,39,1,False,35.136146,33.369732
2026-09-08T12:00:12Z,peiraios,FRC3,22,37,85,50,0.950794,False,35.148686,33.351249
2026-09-08T13:00:43Z,strovolou,FRC3,27,44,80,49,0.99,False,35.137521,33.333087
2026-09-08T13:00:43Z,tseriou,FRC4,23,41,35,20,0.93,False,35.13293,33.339276
2026-09-08T13:00:43Z,prodromou,FRC4,42,42,12,12,1,False,35.159656,33.3459
2026-09-08T13:00:43Z,akropoleos,FRC3,30,41,92,68,0.96,False,35.138676,33.358135
2026-09-08T13:00:43Z,athalassas,FRC3,33,42,65,51,0.94,False,35.144718,33.362216
2026-09-08T13:00:43Z,lemesou,FRC3,37,50,27,20,0.99,False,35.149928,33.374288
2026-09-08T13:00:43Z,sp_kyprianou,FRC4,35,35,28,28,1,False,35.150176,33.339743
2026-09-08T13:00:43Z,archangelou,FRC3,49,49,28,28,1,False,35.135323,33.331244
2026-09-08T13:00:43Z,konstantinoup,FRC4,49,49,19,19,1,False,35.126091,33.34383
2026-09-08T13:00:43Z,stavrou,FRC3,24,38,116,73,0.99,False,35.136817,33.358074
2026-09-08T13:00:43Z,makedonitissas,FRC4,28,39,109,78,0.9,False,35.14653,33.332584
2026-09-08T13:00:43Z,armenias,FRC4,17,38,77,34,0.952474,False,35.152861,33.36736
2026-09-08T13:00:43Z,arch_kyprianou,FRC4,24,35,41,28,0.91,False,35.148093,33.341583
2026-09-08T13:00:43Z,a1_motorway,FRC0,109,109,342,342,1,False,35.074318,33.376958
2026-09-08T13:00:43Z,makariou_lakat,FRC4,39,46,311,264,0.934916,False,35.088983,33.28557
2026-09-08T13:00:43Z,griva_digeni,FRC4,43,43,45,45,1,False,35.165117,33.340667
2026-09-08T13:00:43Z,aglantzias,FRC4,30,41,34,24,0.98,False,35.155801,33.382409
2026-09-08T13:00:43Z,kranidioti,FRC3,61,61,61,61,1,False,35.102546,33.313234
2026-09-08T13:00:43Z,perimetrikos,FRC4,59,59,17,17,1,False,35.113096,33.322016
2026-09-08T13:00:43Z,hatziiosif,FRC3,24,38,116,73,0.99,False,35.136817,33.358074
2026-09-08T13:00:43Z,perikleous,FRC4,40,40,11,11,1,False,35.138923,33.346836
2026-09-08T13:00:43Z,avraamidi,FRC4,44,44,23,23,1,False,35.141552,33.36142
2026-09-08T13:00:43Z,athinon,FRC4,35,35,2,2,1,False,35.139348,33.346279
2026-09-08T13:00:43Z,tasou_markou,FRC4,44,44,39,39,1,False,35.136146,33.369732
2026-09-08T13:00:43Z,peiraios,FRC3,12,35,156,53,0.98,False,35.148686,33.351249
2026-09-08T17:03:48Z,strovolou,FRC3,45,45,48,48,1,False,35.137521,33.333087
2026-09-08T17:03:48Z,tseriou,FRC4,28,40,29,20,0.88,False,35.13293,33.339276
2026-09-08T17:03:48Z,prodromou,FRC4,32,42,16,12,0.91,False,35.159656,33.3459
2026-09-08T17:03:48Z,akropoleos,FRC3,26,40,107,69,0.97,False,35.138676,33.358135
2026-09-08T17:03:48Z,athalassas,FRC3,42,42,51,51,1,False,35.144718,33.362216
2026-09-08T17:03:48Z,lemesou,FRC3,50,50,20,20,1,False,35.149928,33.374288
2026-09-08T17:03:48Z,sp_kyprianou,FRC4,35,35,28,28,1,False,35.150176,33.339743
2026-09-08T17:03:48Z,archangelou,FRC3,49,49,28,28,1,False,35.135323,33.331244
2026-09-08T17:03:48Z,konstantinoup,FRC4,49,49,19,19,1,False,35.126091,33.34383
2026-09-08T17:03:48Z,stavrou,FRC3,30,39,92,71,0.97,False,35.136817,33.358074
2026-09-08T17:03:48Z,makedonitissas,FRC4,32,40,95,76,0.96,False,35.14653,33.332584
2026-09-08T17:03:48Z,armenias,FRC4,26,39,50,33,0.94,False,35.152861,33.36736
2026-09-08T17:03:48Z,arch_kyprianou,FRC4,26,35,38,28,0.88,False,35.148093,33.341583
2026-09-08T17:03:48Z,a1_motorway,FRC0,109,109,342,342,1,False,35.074318,33.376958
2026-09-08T17:03:48Z,makariou_lakat,FRC4,35,46,347,264,0.906686,False,35.088983,33.28557
2026-09-08T17:03:48Z,griva_digeni,FRC4,43,43,45,45,1,False,35.165117,33.340667
2026-09-08T17:03:48Z,aglantzias,FRC4,24,41,42,24,0.93,False,35.155801,33.382409
2026-09-08T17:03:48Z,kranidioti,FRC3,61,61,61,61,1,False,35.102546,33.313234
2026-09-08T17:03:48Z,perimetrikos,FRC4,59,59,17,17,1,False,35.113096,33.322016
2026-09-08T17:03:48Z,hatziiosif,FRC3,30,39,92,71,0.97,False,35.136817,33.358074
2026-09-08T17:03:48Z,perikleous,FRC4,40,40,11,11,1,False,35.138923,33.346836
2026-09-08T17:03:48Z,avraamidi,FRC4,44,44,23,23,1,False,35.141552,33.36142
2026-09-08T17:03:48Z,athinon,FRC4,35,35,2,2,1,False,35.139348,33.346279
2026-09-08T17:03:48Z,tasou_markou,FRC4,44,44,39,39,1,False,35.136146,33.369732
2026-09-08T17:03:48Z,peiraios,FRC3,24,37,78,50,0.98,False,35.148686,33.351249
2026-09-08T18:04:15Z,strovolou,FRC3,45,45,48,48,1,False,35.137521,33.333087
2026-09-08T18:04:15Z,tseriou,FRC4,41,41,20,20,1,False,35.13293,33.339276
2026-09-08T18:04:15Z,prodromou,FRC4,42,42,12,12,1,False,35.159656,33.3459
2026-09-08T18:04:15Z,akropoleos,FRC3,41,41,68,68,1,False,35.138676,33.358135
2026-09-08T18:04:15Z,athalassas,FRC3,42,42,51,51,1,False,35.144718,33.362216
2026-09-08T18:04:15Z,lemesou,FRC3,50,50,20,20,1,False,35.149928,33.374288
2026-09-08T18:04:15Z,sp_kyprianou,FRC4,35,35,28,28,1,False,35.150176,33.339743
2026-09-08T18:04:15Z,archangelou,FRC3,49,49,28,28,1,False,35.135323,33.331244
2026-09-08T18:04:15Z,konstantinoup,FRC4,49,49,19,19,1,False,35.126091,33.34383
2026-09-08T18:04:15Z,stavrou,FRC3,39,39,71,71,1,False,35.136817,33.358074
2026-09-08T18:04:15Z,makedonitissas,FRC4,40,40,76,76,1,False,35.14653,33.332584
2026-09-08T18:04:15Z,armenias,FRC4,39,39,33,33,1,False,35.152861,33.36736
2026-09-08T18:04:15Z,arch_kyprianou,FRC4,36,36,27,27,1,False,35.148093,33.341583
2026-09-08T18:04:15Z,a1_motorway,FRC0,109,109,342,342,1,False,35.074318,33.376958
2026-09-08T18:04:15Z,makariou_lakat,FRC4,45,45,270,270,1,False,35.088983,33.28557
2026-09-08T18:04:15Z,griva_digeni,FRC4,43,43,45,45,1,False,35.165117,33.340667
2026-09-08T18:04:15Z,aglantzias,FRC4,41,41,24,24,1,False,35.155801,33.382409
2026-09-08T18:04:15Z,kranidioti,FRC3,61,61,61,61,1,False,35.102546,33.313234
2026-09-08T18:04:15Z,perimetrikos,FRC4,59,59,17,17,1,False,35.113096,33.322016
2026-09-08T18:04:15Z,hatziiosif,FRC3,39,39,71,71,1,False,35.136817,33.358074
2026-09-08T18:04:15Z,perikleous,FRC4,40,40,11,11,1,False,35.138923,33.346836
2026-09-08T18:04:15Z,avraamidi,FRC4,44,44,23,23,1,False,35.141552,33.36142
2026-09-08T18:04:15Z,athinon,FRC4,35,35,2,2,1,False,35.139348,33.346279
2026-09-08T18:04:15Z,tasou_markou,FRC4,44,44,39,39,1,False,35.136146,33.369732
2026-09-08T18:04:15Z,peiraios,FRC3,37,37,50,50,1,False,35.148686,33.351249
2026-09-09T04:41:14Z,strovolou,FRC3,36,45,60,48,0.94,False,35.137521,33.333087
2026-09-09T04:41:14Z,tseriou,FRC4,27,40,30,20,0.94,False,35.13293,33.339276
2026-09-09T04:41:14Z,prodromou,FRC4,42,42,12,12,1,False,35.159656,33.3459
2026-09-09T04:41:14Z,akropoleos,FRC3,38,44,73,63,0.98,False,35.138676,33.358135
2026-09-09T04:41:14Z,athalassas,FRC3,28,42,77,51,0.99,False,35.144718,33.362216
2026-09-09T04:41:14Z,lemesou,FRC3,8,49,128,20,1,False,35.149928,33.374288
2026-09-09T04:41:14Z,sp_kyprianou,FRC4,35,35,28,28,1,False,35.150176,33.339743
2026-09-09T04:41:14Z,archangelou,FRC3,29,47,48,30,0.99,False,35.135323,33.331244
2026-09-09T04:41:14Z,konstantinoup,FRC4,39,49,24,19,0.93,False,35.126091,33.34383
2026-09-09T04:41:14Z,stavrou,FRC3,39,39,71,71,1,False,35.136817,33.358074
2026-09-09T04:41:14Z,makedonitissas,FRC4,27,39,113,78,0.99,False,35.14653,33.332584
2026-09-09T04:41:14Z,armenias,FRC4,27,38,48,34,0.96,False,35.152861,33.36736
2026-09-09T04:41:14Z,arch_kyprianou,FRC4,24,35,41,28,0.87,False,35.148093,33.341583
2026-09-09T04:41:14Z,a1_motorway,FRC0,109,109,342,342,1,False,35.074318,33.376958
2026-09-09T04:41:14Z,makariou_lakat,FRC4,45,45,270,270,1,False,35.088983,33.28557
2026-09-09T04:41:14Z,griva_digeni,FRC4,8,41,243,47,0.99,False,35.165117,33.340667
2026-09-09T04:41:14Z,aglantzias,FRC4,16,40,63,25,1,False,35.155801,33.382409
2026-09-09T04:41:14Z,kranidioti,FRC3,61,61,61,61,1,False,35.102546,33.313234
2026-09-09T04:41:14Z,perimetrikos,FRC4,59,59,17,17,1,False,35.113096,33.322016
2026-09-09T04:41:14Z,hatziiosif,FRC3,39,39,71,71,1,False,35.136817,33.358074
2026-09-09T04:41:14Z,perikleous,FRC4,40,40,11,11,1,False,35.138923,33.346836
2026-09-09T04:41:14Z,avraamidi,FRC4,44,44,23,23,1,False,35.141552,33.36142
2026-09-09T04:41:14Z,athinon,FRC4,35,35,2,2,1,False,35.139348,33.346279
2026-09-09T04:41:14Z,tasou_markou,FRC4,44,44,39,39,1,False,35.136146,33.369732
2026-09-09T04:41:14Z,peiraios,FRC3,6,37,312,50,0.99,False,35.148686,33.351249
2026-09-09T05:01:47Z,strovolou,FRC3,45,45,48,48,1,False,35.137521,33.333087
2026-09-09T05:01:47Z,tseriou,FRC4,25,40,32,20,0.97,False,35.13293,33.339276
2026-09-09T05:01:47Z,prodromou,FRC4,42,42,12,12,1,False,35.159656,33.3459
2026-09-09T05:01:47Z,akropoleos,FRC3,26,40,107,69,0.99,False,35.138676,33.358135
2026-09-09T05:01:47Z,athalassas,FRC3,33,41,65,53,0.98,False,35.144718,33.362216
2026-09-09T05:01:47Z,lemesou,FRC3,11,49,93,20,1,False,35.149928,33.374288
2026-09-09T05:01:47Z,sp_kyprianou,FRC4,35,35,28,28,1,False,35.150176,33.339743
2026-09-09T05:01:47Z,archangelou,FRC3,29,47,48,30,1,False,35.135323,33.331244
2026-09-09T05:01:47Z,konstantinoup,FRC4,49,49,19,19,1,False,35.126091,33.34383
2026-09-09T05:01:47Z,stavrou,FRC3,39,39,71,71,1,False,35.136817,33.358074
2026-09-09T05:01:47Z,makedonitissas,FRC4,21,40,145,76,0.97,False,35.14653,33.332584
2026-09-09T05:01:47Z,armenias,FRC4,26,38,50,34,0.96,False,35.152861,33.36736
2026-09-09T05:01:47Z,arch_kyprianou,FRC4,25,35,40,28,0.83,False,35.148093,33.341583
2026-09-09T05:01:47Z,a1_motorway,FRC0,109,109,342,342,1,False,35.074318,33.376958
2026-09-09T05:01:47Z,makariou_lakat,FRC4,45,45,270,270,1,False,35.088983,33.28557
2026-09-09T05:01:47Z,griva_digeni,FRC4,19,43,102,45,0.99,False,35.165117,33.340667
2026-09-09T05:01:47Z,aglantzias,FRC4,41,41,24,24,1,False,35.155801,33.382409
2026-09-09T05:01:47Z,kranidioti,FRC3,61,61,61,61,1,False,35.102546,33.313234
2026-09-09T05:01:47Z,perimetrikos,FRC4,59,59,17,17,1,False,35.113096,33.322016
2026-09-09T05:01:47Z,hatziiosif,FRC3,39,39,71,71,1,False,35.136817,33.358074
2026-09-09T05:01:47Z,perikleous,FRC4,28,39,16,12,0.98,False,35.138923,33.346836
2026-09-09T05:01:47Z,avraamidi,FRC4,44,44,23,23,1,False,35.141552,33.36142
2026-09-09T05:01:47Z,athinon,FRC4,27,35,3,2,0.98,False,35.139348,33.346279
2026-09-09T05:01:47Z,tasou_markou,FRC4,44,44,39,39,1,False,35.136146,33.369732
2026-09-09T05:01:47Z,peiraios,FRC3,7,38,268,49,0.95,False,35.148686,33.351249
2026-09-09T05:22:18Z,strovolou,FRC3,45,45,48,48,1,False,35.137521,33.333087
2026-09-09T05:22:18Z,tseriou,FRC4,25,41,32,20,0.98,False,35.13293,33.339276
2026-09-09T05:22:18Z,prodromou,FRC4,32,42,16,12,0.96,False,35.159656,33.3459
2026-09-09T05:22:18Z,akropoleos,FRC3,16,42,174,66,0.99,False,35.138676,33.358135
2026-09-09T05:22:18Z,athalassas,FRC3,25,42,86,51,0.97,False,35.144718,33.362216
2026-09-09T05:22:18Z,lemesou,FRC3,8,50,128,20,1,False,35.149928,33.374288
2026-09-09T05:22:18Z,sp_kyprianou,FRC4,35,35,28,28,1,False,35.150176,33.339743
2026-09-09T05:22:18Z,archangelou,FRC3,36,48,39,29,1,False,35.135323,33.331244
2026-09-09T05:22:18Z,konstantinoup,FRC4,49,49,19,19,1,False,35.126091,33.34383
2026-09-09T05:22:18Z,stavrou,FRC3,39,39,71,71,1,False,35.136817,33.358074
2026-09-09T05:22:18Z,makedonitissas,FRC4,28,40,109,76,0.98,False,35.14653,33.332584
2026-09-09T05:22:18Z,armenias,FRC4,28,39,46,33,0.96,False,35.152861,33.36736
2026-09-09T05:22:18Z,arch_kyprianou,FRC4,22,36,45,27,0.9,False,35.148093,33.341583
2026-09-09T05:22:18Z,a1_motorway,FRC0,109,109,342,342,1,False,35.074318,33.376958
2026-09-09T05:22:18Z,makariou_lakat,FRC4,45,45,270,270,1,False,35.088983,33.28557
2026-09-09T05:22:18Z,griva_digeni,FRC4,32,42,60,46,0.984771,False,35.165117,33.340667
2026-09-09T05:22:18Z,aglantzias,FRC4,41,41,24,24,1,False,35.155801,33.382409
2026-09-09T05:22:18Z,kranidioti,FRC3,61,61,61,61,1,False,35.102546,33.313234
2026-09-09T05:22:18Z,perimetrikos,FRC4,59,59,17,17,1,False,35.113096,33.322016
2026-09-09T05:22:18Z,hatziiosif,FRC3,39,39,71,71,1,False,35.136817,33.358074
2026-09-09T05:22:18Z,perikleous,FRC4,40,40,11,11,1,False,35.138923,33.346836
2026-09-09T05:22:18Z,avraamidi,FRC4,44,44,23,23,1,False,35.141552,33.36142
2026-09-09T05:22:18Z,athinon,FRC4,35,35,2,2,1,False,35.139348,33.346279
2026-09-09T05:22:18Z,tasou_markou,FRC4,44,44,39,39,1,False,35.136146,33.369732
2026-09-09T05:22:18Z,peiraios,FRC3,19,36,98,52,0.97,False,35.148686,33.351249
2026-09-09T05:42:54Z,strovolou,FRC3,45,45,48,48,1,False,35.137521,33.333087
2026-09-09T05:42:54Z,tseriou,FRC4,30,41,27,20,0.93,False,35.13293,33.339276
2026-09-09T05:42:54Z,prodromou,FRC4,42,42,12,12,1,False,35.159656,33.3459
2026-09-09T05:42:54Z,akropoleos,FRC3,33,41,84,68,0.98,False,35.138676,33.358135
2026-09-09T05:42:54Z,athalassas,FRC3,42,42,51,51,1,False,35.144718,33.362216
2026-09-09T05:42:54Z,lemesou,FRC3,26,49,39,20,1,False,35.149928,33.374288
2026-09-09T05:42:54Z,sp_kyprianou,FRC4,28,35,36,28,0.99,False,35.150176,33.339743
2026-09-09T05:42:54Z,archangelou,FRC3,49,49,28,28,1,False,35.135323,33.331244
2026-09-09T05:42:54Z,konstantinoup,FRC4,49,49,19,19,1,False,35.126091,33.34383
2026-09-09T05:42:54Z,stavrou,FRC3,26,39,107,71,0.98,False,35.136817,33.358074
2026-09-09T05:42:54Z,makedonitissas,FRC4,30,40,102,76,0.97,False,35.14653,33.332584
2026-09-09T05:42:54Z,armenias,FRC4,30,38,43,34,0.97,False,35.152861,33.36736
2026-09-09T05:42:54Z,arch_kyprianou,FRC4,22,36,45,27,0.88,False,35.148093,33.341583
2026-09-09T05:42:54Z,a1_motorway,FRC0,109,109,342,342,1,False,35.074318,33.376958
2026-09-09T05:42:54Z,makariou_lakat,FRC4,45,45,270,270,1,False,35.088983,33.28557
2026-09-09T05:42:54Z,griva_digeni,FRC4,28,42,69,46,1,False,35.165117,33.340667
2026-09-09T05:42:54Z,aglantzias,FRC4,41,41,24,24,1,False,35.155801,33.382409
2026-09-09T05:42:54Z,kranidioti,FRC3,61,61,61,61,1,False,35.102546,33.313234
2026-09-09T05:42:54Z,perimetrikos,FRC4,59,59,17,17,1,False,35.113096,33.322016
2026-09-09T05:42:54Z,hatziiosif,FRC3,26,39,107,71,0.98,False,35.136817,33.358074
2026-09-09T05:42:54Z,perikleous,FRC4,40,40,11,11,1,False,35.138923,33.346836
2026-09-09T05:42:54Z,avraamidi,FRC4,44,44,23,23,1,False,35.141552,33.36142
2026-09-09T05:42:54Z,athinon,FRC4,35,35,2,2,1,False,35.139348,33.346279
2026-09-09T05:42:54Z,tasou_markou,FRC4,44,44,39,39,1,False,35.136146,33.369732
2026-09-09T05:42:54Z,peiraios,FRC3,19,37,98,50,0.950033,False,35.148686,33.351249
2026-09-09T06:03:08Z,strovolou,FRC3,45,45,48,48,1,False,35.137521,33.333087
2026-09-09T06:03:08Z,tseriou,FRC4,25,41,32,20,0.97,False,35.13293,33.339276
2026-09-09T06:03:08Z,prodromou,FRC4,42,42,12,12,1,False,35.159656,33.3459
2026-09-09T06:03:08Z,akropoleos,FRC3,28,40,99,69,0.96,False,35.138676,33.358135
2026-09-09T06:03:08Z,athalassas,FRC3,42,42,51,51,1,False,35.144718,33.362216
2026-09-09T06:03:08Z,lemesou,FRC3,30,49,34,20,1,False,35.149928,33.374288
2026-09-09T06:03:08Z,sp_kyprianou,FRC4,35,35,28,28,1,False,35.150176,33.339743
2026-09-09T06:03:08Z,archangelou,FRC3,38,49,37,28,0.99,False,35.135323,33.331244
2026-09-09T06:03:08Z,konstantinoup,FRC4,49,49,19,19,1,False,35.126091,33.34383
2026-09-09T06:03:08Z,stavrou,FRC3,31,38,89,73,0.98,False,35.136817,33.358074
2026-09-09T06:03:08Z,makedonitissas,FRC4,26,40,117,76,0.97,False,35.14653,33.332584
2026-09-09T06:03:08Z,armenias,FRC4,39,39,33,33,1,False,35.152861,33.36736
2026-09-09T06:03:08Z,arch_kyprianou,FRC4,36,36,27,27,1,False,35.148093,33.341583
2026-09-09T06:03:08Z,a1_motorway,FRC0,109,109,342,342,1,False,35.074318,33.376958
2026-09-09T06:03:08Z,makariou_lakat,FRC4,37,45,328,270,0.962746,False,35.088983,33.28557
2026-09-09T06:03:08Z,griva_digeni,FRC4,28,43,69,45,0.99,False,35.165117,33.340667
2026-09-09T06:03:08Z,aglantzias,FRC4,41,41,24,24,1,False,35.155801,33.382409
2026-09-09T06:03:08Z,kranidioti,FRC3,61,61,61,61,1,False,35.102546,33.313234
2026-09-09T06:03:08Z,perimetrikos,FRC4,36,59,29,17,0.97,False,35.113096,33.322016
2026-09-09T06:03:08Z,hatziiosif,FRC3,31,38,89,73,0.98,False,35.136817,33.358074
2026-09-09T06:03:08Z,perikleous,FRC4,40,40,11,11,1,False,35.138923,33.346836
2026-09-09T06:03:08Z,avraamidi,FRC4,44,44,23,23,1,False,35.141552,33.36142
2026-09-09T06:03:08Z,athinon,FRC4,35,35,2,2,1,False,35.139348,33.346279
2026-09-09T06:03:08Z,tasou_markou,FRC4,44,44,39,39,1,False,35.136146,33.369732
2026-09-09T06:03:08Z,peiraios,FRC3,27,37,69,50,0.99,False,35.148686,33.351249
2026-09-09T07:03:40Z,strovolou,FRC3,45,45,48,48,1,False,35.137521,33.333087
2026-09-09T07:03:40Z,tseriou,FRC4,30,41,27,20,0.96,False,35.13293,33.339276
2026-09-09T07:03:40Z,prodromou,FRC4,42,42,12,12,1,False,35.159656,33.3459
2026-09-09T07:03:40Z,akropoleos,FRC3,30,41,92,68,0.98,False,35.138676,33.358135
2026-09-09T07:03:40Z,athalassas,FRC3,42,42,51,51,1,False,35.144718,33.362216
2026-09-09T07:03:40Z,lemesou,FRC3,50,50,20,20,1,False,35.149928,33.374288
2026-09-09T07:03:40Z,sp_kyprianou,FRC4,35,35,28,28,1,False,35.150176,33.339743
2026-09-09T07:03:40Z,archangelou,FRC3,49,49,28,28,1,False,35.135323,33.331244
2026-09-09T07:03:40Z,konstantinoup,FRC4,49,49,19,19,1,False,35.126091,33.34383
2026-09-09T07:03:40Z,stavrou,FRC3,26,39,107,71,0.98,False,35.136817,33.358074
2026-09-09T07:03:40Z,makedonitissas,FRC4,24,40,127,76,0.98,False,35.14653,33.332584
2026-09-09T07:03:40Z,armenias,FRC4,30,38,43,34,0.97,False,35.152861,33.36736
2026-09-09T07:03:40Z,arch_kyprianou,FRC4,29,36,34,27,0.92,False,35.148093,33.341583
2026-09-09T07:03:40Z,a1_motorway,FRC0,109,109,342,342,1,False,35.074318,33.376958
2026-09-09T07:03:40Z,makariou_lakat,FRC4,45,45,270,270,1,False,35.088983,33.28557
2026-09-09T07:03:40Z,griva_digeni,FRC4,32,43,60,45,0.96,False,35.165117,33.340667
2026-09-09T07:03:40Z,aglantzias,FRC4,41,41,24,24,1,False,35.155801,33.382409
2026-09-09T07:03:40Z,kranidioti,FRC3,61,61,61,61,1,False,35.102546,33.313234
2026-09-09T07:03:40Z,perimetrikos,FRC4,46,57,22,18,0.95,False,35.113096,33.322016
2026-09-09T07:03:40Z,hatziiosif,FRC3,26,39,107,71,0.98,False,35.136817,33.358074
2026-09-09T07:03:40Z,perikleous,FRC4,30,39,15,12,0.99,False,35.138923,33.346836
2026-09-09T07:03:40Z,avraamidi,FRC4,44,44,23,23,1,False,35.141552,33.36142
2026-09-09T07:03:40Z,athinon,FRC4,35,35,2,2,1,False,35.139348,33.346279
2026-09-09T07:03:40Z,tasou_markou,FRC4,44,44,39,39,1,False,35.136146,33.369732
2026-09-09T07:03:40Z,peiraios,FRC3,19,37,98,50,0.97,False,35.148686,33.351249
2026-09-09T11:23:48Z,strovolou,FRC3,29,46,74,47,0.93,False,35.137521,33.333087
2026-09-09T11:23:48Z,tseriou,FRC4,26,41,31,20,0.95,False,35.13293,33.339276
2026-09-09T11:23:48Z,prodromou,FRC4,42,42,12,12,1,False,35.159656,33.3459
2026-09-09T11:23:48Z,akropoleos,FRC3,31,40,89,69,0.95,False,35.138676,33.358135
2026-09-09T11:23:48Z,athalassas,FRC3,42,42,51,51,1,False,35.144718,33.362216
2026-09-09T11:23:48Z,lemesou,FRC3,50,50,20,20,1,False,35.149928,33.374288
2026-09-09T11:23:48Z,sp_kyprianou,FRC4,35,35,28,28,1,False,35.150176,33.339743
2026-09-09T11:23:48Z,archangelou,FRC3,49,49,28,28,1,False,35.135323,33.331244
2026-09-09T11:23:48Z,konstantinoup,FRC4,49,49,19,19,1,False,35.126091,33.34383
2026-09-09T11:23:48Z,stavrou,FRC3,25,38,111,73,0.98,False,35.136817,33.358074
2026-09-09T11:23:48Z,makedonitissas,FRC4,40,40,76,76,1,False,35.14653,33.332584
2026-09-09T11:23:48Z,armenias,FRC4,16,38,81,34,0.97,False,35.152861,33.36736
2026-09-09T11:23:48Z,arch_kyprianou,FRC4,25,36,40,27,0.92,False,35.148093,33.341583
2026-09-09T11:23:48Z,a1_motorway,FRC0,109,109,342,342,1,False,35.074318,33.376958
2026-09-09T11:23:48Z,makariou_lakat,FRC4,45,45,270,270,1,False,35.088983,33.28557
2026-09-09T11:23:48Z,griva_digeni,FRC4,34,43,57,45,0.97,False,35.165117,33.340667
2026-09-09T11:23:48Z,aglantzias,FRC4,41,41,24,24,1,False,35.155801,33.382409
2026-09-09T11:23:48Z,kranidioti,FRC3,61,61,61,61,1,False,35.102546,33.313234
2026-09-09T11:23:48Z,perimetrikos,FRC4,59,59,17,17,1,False,35.113096,33.322016
2026-09-09T11:23:48Z,hatziiosif,FRC3,25,38,111,73,0.98,False,35.136817,33.358074
2026-09-09T11:23:48Z,perikleous,FRC4,25,39,18,12,0.93,False,35.138923,33.346836
2026-09-09T11:23:48Z,avraamidi,FRC4,44,44,23,23,1,False,35.141552,33.36142
2026-09-09T11:23:48Z,athinon,FRC4,35,35,2,2,1,False,35.139348,33.346279
2026-09-09T11:23:48Z,tasou_markou,FRC4,44,44,39,39,1,False,35.136146,33.369732
2026-09-09T11:23:48Z,peiraios,FRC3,16,37,117,50,0.97,False,35.148686,33.351249
2026-09-09T12:04:18Z,strovolou,FRC3,28,44,77,49,0.99,False,35.137521,33.333087
2026-09-09T12:04:18Z,tseriou,FRC4,25,41,32,20,0.95,False,35.13293,33.339276
2026-09-09T12:04:18Z,prodromou,FRC4,42,42,12,12,1,False,35.159656,33.3459
2026-09-09T12:04:18Z,akropoleos,FRC3,33,41,84,68,0.96,False,35.138676,33.358135
2026-09-09T12:04:18Z,athalassas,FRC3,33,41,65,53,0.984389,False,35.144718,33.362216
2026-09-09T12:04:18Z,lemesou,FRC3,50,50,20,20,1,False,35.149928,33.374288
2026-09-09T12:04:18Z,sp_kyprianou,FRC4,35,35,28,28,1,False,35.150176,33.339743
2026-09-09T12:04:18Z,archangelou,FRC3,49,49,28,28,1,False,35.135323,33.331244
2026-09-09T12:04:18Z,konstantinoup,FRC4,49,49,19,19,1,False,35.126091,33.34383
2026-09-09T12:04:18Z,stavrou,FRC3,15,40,185,69,0.96,False,35.136817,33.358074
2026-09-09T12:04:18Z,makedonitissas,FRC4,40,40,76,76,1,False,35.14653,33.332584
2026-09-09T12:04:18Z,armenias,FRC4,26,37,50,35,0.96,False,35.152861,33.36736
2026-09-09T12:04:18Z,arch_kyprianou,FRC4,27,35,37,28,0.94,False,35.148093,33.341583
2026-09-09T12:04:18Z,a1_motorway,FRC0,109,109,342,342,1,False,35.074318,33.376958
2026-09-09T12:04:18Z,makariou_lakat,FRC4,45,45,270,270,1,False,35.088983,33.28557
2026-09-09T12:04:18Z,griva_digeni,FRC4,31,43,62,45,0.97,False,35.165117,33.340667
2026-09-09T12:04:18Z,aglantzias,FRC4,41,41,24,24,1,False,35.155801,33.382409
2026-09-09T12:04:18Z,kranidioti,FRC3,61,61,61,61,1,False,35.102546,33.313234
2026-09-09T12:04:18Z,perimetrikos,FRC4,59,59,17,17,1,False,35.113096,33.322016
2026-09-09T12:04:18Z,hatziiosif,FRC3,15,40,185,69,0.96,False,35.136817,33.358074
2026-09-09T12:04:18Z,perikleous,FRC4,29,40,16,11,0.96,False,35.138923,33.346836
2026-09-09T12:04:18Z,avraamidi,FRC4,44,44,23,23,1,False,35.141552,33.36142
2026-09-09T12:04:18Z,athinon,FRC4,35,35,2,2,1,False,35.139348,33.346279
2026-09-09T12:04:18Z,tasou_markou,FRC4,44,44,39,39,1,False,35.136146,33.369732
2026-09-09T12:04:18Z,peiraios,FRC3,15,37,125,50,0.98,False,35.148686,33.351249
2026-09-09T13:05:01Z,strovolou,FRC3,32,45,67,48,1,False,35.137521,33.333087
2026-09-09T13:05:01Z,tseriou,FRC4,16,42,51,19,0.96,False,35.13293,33.339276
2026-09-09T13:05:01Z,prodromou,FRC4,42,42,12,12,1,False,35.159656,33.3459
2026-09-09T13:05:01Z,akropoleos,FRC3,29,41,96,68,0.97,False,35.138676,33.358135
2026-09-09T13:05:01Z,athalassas,FRC3,32,42,67,51,0.973661,False,35.144718,33.362216
2026-09-09T13:05:01Z,lemesou,FRC3,50,50,20,20,1,False,35.149928,33.374288
2026-09-09T13:05:01Z,sp_kyprianou,FRC4,35,35,28,28,1,False,35.150176,33.339743
2026-09-09T13:05:01Z,archangelou,FRC3,49,49,28,28,1,False,35.135323,33.331244
2026-09-09T13:05:01Z,konstantinoup,FRC4,49,49,19,19,1,False,35.126091,33.34383
2026-09-09T13:05:01Z,stavrou,FRC3,30,39,92,71,0.96,False,35.136817,33.358074
2026-09-09T13:05:01Z,makedonitissas,FRC4,29,39,105,78,0.97,False,35.14653,33.332584
2026-09-09T13:05:01Z,armenias,FRC4,39,39,33,33,1,False,35.152861,33.36736
2026-09-09T13:05:01Z,arch_kyprianou,FRC4,9,34,111,29,0.93,False,35.148093,33.341583
2026-09-09T13:05:01Z,a1_motorway,FRC0,109,109,342,342,1,False,35.074318,33.376958
2026-09-09T13:05:01Z,makariou_lakat,FRC4,38,45,320,270,0.861236,False,35.088983,33.28557
2026-09-09T13:05:01Z,griva_digeni,FRC4,43,43,45,45,1,False,35.165117,33.340667
2026-09-09T13:05:01Z,aglantzias,FRC4,41,41,24,24,1,False,35.155801,33.382409
2026-09-09T13:05:01Z,kranidioti,FRC3,61,61,61,61,1,False,35.102546,33.313234
2026-09-09T13:05:01Z,perimetrikos,FRC4,59,59,17,17,1,False,35.113096,33.322016
2026-09-09T13:05:01Z,hatziiosif,FRC3,30,39,92,71,0.96,False,35.136817,33.358074
2026-09-09T13:05:01Z,perikleous,FRC4,29,40,16,11,0.98,False,35.138923,33.346836
2026-09-09T13:05:01Z,avraamidi,FRC4,44,44,23,23,1,False,35.141552,33.36142
2026-09-09T13:05:01Z,athinon,FRC4,35,35,2,2,1,False,35.139348,33.346279
2026-09-09T13:05:01Z,tasou_markou,FRC4,44,44,39,39,1,False,35.136146,33.369732
2026-09-09T13:05:01Z,peiraios,FRC3,18,36,104,52,0.98,False,35.148686,33.351249
2026-09-09T13:46:00Z,strovolou,FRC3,45,45,48,48,1,False,35.137521,33.333087
2026-09-09T13:46:00Z,tseriou,FRC4,20,41,41,20,0.97,False,35.13293,33.339276
2026-09-09T13:46:00Z,prodromou,FRC4,42,42,12,12,1,False,35.159656,33.3459
2026-09-09T13:46:00Z,akropoleos,FRC3,41,41,68,68,1,False,35.138676,33.358135
2026-09-09T13:46:00Z,athalassas,FRC3,31,41,70,53,0.986339,False,35.144718,33.362216
2026-09-09T13:46:00Z,lemesou,FRC3,50,50,20,20,1,False,35.149928,33.374288
2026-09-09T13:46:00Z,sp_kyprianou,FRC4,35,35,28,28,1,False,35.150176,33.339743
2026-09-09T13:46:00Z,archangelou,FRC3,34,49,41,28,0.99,False,35.135323,33.331244
2026-09-09T13:46:00Z,konstantinoup,FRC4,49,49,19,19,1,False,35.126091,33.34383
2026-09-09T13:46:00Z,stavrou,FRC3,26,39,107,71,0.98,False,35.136817,33.358074
2026-09-09T13:46:00Z,makedonitissas,FRC4,29,40,105,76,0.95,False,35.14653,33.332584
2026-09-09T13:46:00Z,armenias,FRC4,25,38,52,34,0.97,False,35.152861,33.36736
2026-09-09T13:46:00Z,arch_kyprianou,FRC4,26,35,38,28,0.94,False,35.148093,33.341583
2026-09-09T13:46:00Z,a1_motorway,FRC0,109,109,342,342,1,False,35.074318,33.376958
2026-09-09T13:46:00Z,makariou_lakat,FRC4,45,45,270,270,1,False,35.088983,33.28557
2026-09-09T13:46:00Z,griva_digeni,FRC4,31,42,62,46,0.98,False,35.165117,33.340667
2026-09-09T13:46:00Z,aglantzias,FRC4,41,41,24,24,1,False,35.155801,33.382409
2026-09-09T13:46:00Z,kranidioti,FRC3,61,61,61,61,1,False,35.102546,33.313234
2026-09-09T13:46:00Z,perimetrikos,FRC4,59,59,17,17,1,False,35.113096,33.322016
2026-09-09T13:46:00Z,hatziiosif,FRC3,26,39,107,71,0.98,False,35.136817,33.358074
2026-09-09T13:46:00Z,perikleous,FRC4,22,40,21,11,0.95,False,35.138923,33.346836
2026-09-09T13:46:00Z,avraamidi,FRC4,44,44,23,23,1,False,35.141552,33.36142
2026-09-09T13:46:00Z,athinon,FRC4,8,35,11,2,0.95,False,35.139348,33.346279
2026-09-09T13:46:00Z,tasou_markou,FRC4,44,44,39,39,1,False,35.136146,33.369732
2026-09-09T13:46:00Z,peiraios,FRC3,18,36,104,52,0.97,False,35.148686,33.351249
2026-09-09T17:02:42Z,strovolou,FRC3,33,44,65,49,0.94,False,35.137521,33.333087
2026-09-09T17:02:42Z,tseriou,FRC4,26,41,31,20,0.93,False,35.13293,33.339276
2026-09-09T17:02:42Z,prodromou,FRC4,42,42,12,12,1,False,35.159656,33.3459
2026-09-09T17:02:42Z,akropoleos,FRC3,31,40,89,69,0.96,False,35.138676,33.358135
2026-09-09T17:02:42Z,athalassas,FRC3,42,42,51,51,1,False,35.144718,33.362216
2026-09-09T17:02:42Z,lemesou,FRC3,50,50,20,20,1,False,35.149928,33.374288
2026-09-09T17:02:42Z,sp_kyprianou,FRC4,35,35,28,28,1,False,35.150176,33.339743
2026-09-09T17:02:42Z,archangelou,FRC3,49,49,28,28,1,False,35.135323,33.331244
2026-09-09T17:02:42Z,konstantinoup,FRC4,49,49,19,19,1,False,35.126091,33.34383
2026-09-09T17:02:42Z,stavrou,FRC3,25,38,111,73,0.98,False,35.136817,33.358074
2026-09-09T17:02:42Z,makedonitissas,FRC4,40,40,76,76,1,False,35.14653,33.332584
2026-09-09T17:02:42Z,armenias,FRC4,39,39,33,33,1,False,35.152861,33.36736
2026-09-09T17:02:42Z,arch_kyprianou,FRC4,36,36,27,27,1,False,35.148093,33.341583
2026-09-09T17:02:42Z,a1_motorway,FRC0,109,109,342,342,1,False,35.074318,33.376958
2026-09-09T17:02:42Z,makariou_lakat,FRC4,35,45,347,270,0.815386,False,35.088983,33.28557
2026-09-09T17:02:42Z,griva_digeni,FRC4,43,43,45,45,1,False,35.165117,33.340667
2026-09-09T17:02:42Z,aglantzias,FRC4,31,41,32,24,0.98,False,35.155801,33.382409
2026-09-09T17:02:42Z,kranidioti,FRC3,61,61,61,61,1,False,35.102546,33.313234
2026-09-09T17:02:42Z,perimetrikos,FRC4,59,59,17,17,1,False,35.113096,33.322016
2026-09-09T17:02:42Z,hatziiosif,FRC3,25,38,111,73,0.97,False,35.136817,33.358074
2026-09-09T17:02:42Z,perikleous,FRC4,30,40,15,11,0.95,False,35.138923,33.346836
2026-09-09T17:02:42Z,avraamidi,FRC4,44,44,23,23,1,False,35.141552,33.36142
2026-09-09T17:02:42Z,athinon,FRC4,35,35,2,2,1,False,35.139348,33.346279
2026-09-09T17:02:42Z,tasou_markou,FRC4,44,44,39,39,1,False,35.136146,33.369732
2026-09-09T17:02:42Z,peiraios,FRC3,37,37,50,50,1,False,35.148686,33.351249
2026-09-09T18:03:21Z,strovolou,FRC3,34,45,63,48,0.95,False,35.137521,33.333087
2026-09-09T18:03:21Z,tseriou,FRC4,41,41,20,20,1,False,35.13293,33.339276
2026-09-09T18:03:21Z,prodromou,FRC4,42,42,12,12,1,False,35.159656,33.3459
2026-09-09T18:03:21Z,akropoleos,FRC3,41,41,68,68,1,False,35.138676,33.358135
2026-09-09T18:03:21Z,athalassas,FRC3,42,42,51,51,1,False,35.144718,33.362216
2026-09-09T18:03:21Z,lemesou,FRC3,50,50,20,20,1,False,35.149928,33.374288
2026-09-09T18:03:21Z,sp_kyprianou,FRC4,35,35,28,28,1,False,35.150176,33.339743
2026-09-09T18:03:21Z,archangelou,FRC3,49,49,28,28,1,False,35.135323,33.331244
2026-09-09T18:03:21Z,konstantinoup,FRC4,49,49,19,19,1,False,35.126091,33.34383
2026-09-09T18:03:21Z,stavrou,FRC3,39,39,71,71,1,False,35.136817,33.358074
2026-09-09T18:03:21Z,makedonitissas,FRC4,40,40,76,76,1,False,35.14653,33.332584
2026-09-09T18:03:21Z,armenias,FRC4,39,39,33,33,1,False,35.152861,33.36736
2026-09-09T18:03:21Z,arch_kyprianou,FRC4,36,36,27,27,1,False,35.148093,33.341583
2026-09-09T18:03:21Z,a1_motorway,FRC0,109,109,342,342,1,False,35.074318,33.376958
2026-09-09T18:03:21Z,makariou_lakat,FRC4,45,45,270,270,1,False,35.088983,33.28557
2026-09-09T18:03:21Z,griva_digeni,FRC4,43,43,45,45,1,False,35.165117,33.340667
2026-09-09T18:03:21Z,aglantzias,FRC4,41,41,24,24,1,False,35.155801,33.382409
2026-09-09T18:03:21Z,kranidioti,FRC3,61,61,61,61,1,False,35.102546,33.313234
2026-09-09T18:03:21Z,perimetrikos,FRC4,59,59,17,17,1,False,35.113096,33.322016
2026-09-09T18:03:21Z,hatziiosif,FRC3,39,39,71,71,1,False,35.136817,33.358074
2026-09-09T18:03:21Z,perikleous,FRC4,40,40,11,11,1,False,35.138923,33.346836
2026-09-09T18:03:21Z,avraamidi,FRC4,44,44,23,23,1,False,35.141552,33.36142
2026-09-09T18:03:21Z,athinon,FRC4,35,35,2,2,1,False,35.139348,33.346279
2026-09-09T18:03:21Z,tasou_markou,FRC4,44,44,39,39,1,False,35.136146,33.369732
2026-09-09T18:03:21Z,peiraios,FRC3,37,37,50,50,1,False,35.148686,33.351249
2026-09-10T04:40:35Z,strovolou,FRC3,45,45,48,48,1,False,35.137521,33.333087
2026-09-10T04:40:35Z,tseriou,FRC4,32,41,25,20,0.6,False,35.13293,33.339276
2026-09-10T04:40:35Z,prodromou,FRC4,7,41,74,12,0.97,False,35.159656,33.3459
2026-09-10T04:40:35Z,akropoleos,FRC3,19,41,146,68,0.96592,False,35.138676,33.358135
2026-09-10T04:40:35Z,athalassas,FRC3,33,41,65,53,0.97,False,35.144718,33.362216
2026-09-10T04:40:35Z,lemesou,FRC3,10,50,102,20,1,False,35.149928,33.374288
2026-09-10T04:40:35Z,sp_kyprianou,FRC4,35,35,28,28,1,False,35.150176,33.339743
2026-09-10T04:40:35Z,archangelou,FRC3,28,49,50,28,1,False,35.135323,33.331244
2026-09-10T04:40:35Z,konstantinoup,FRC4,49,49,19,19,1,False,35.126091,33.34383
2026-09-10T04:40:35Z,stavrou,FRC3,39,39,71,71,1,False,35.136817,33.358074
2026-09-10T04:40:35Z,makedonitissas,FRC4,31,40,98,76,0.98,False,35.14653,33.332584
2026-09-10T04:40:35Z,armenias,FRC4,24,38,54,34,0.973705,False,35.152861,33.36736
2026-09-10T04:40:35Z,arch_kyprianou,FRC4,27,36,37,27,0.65,False,35.148093,33.341583
2026-09-10T04:40:35Z,a1_motorway,FRC0,109,109,342,342,1,False,35.074318,33.376958
2026-09-10T04:40:35Z,makariou_lakat,FRC4,45,45,270,270,1,False,35.088983,33.28557
2026-09-10T04:40:35Z,griva_digeni,FRC4,23,43,84,45,0.99,False,35.165117,33.340667
2026-09-10T04:40:35Z,aglantzias,FRC4,22,41,46,24,1,False,35.155801,33.382409
2026-09-10T04:40:35Z,kranidioti,FRC3,48,61,77,61,0.909267,False,35.102546,33.313234
2026-09-10T04:40:35Z,perimetrikos,FRC4,59,59,17,17,1,False,35.113096,33.322016
2026-09-10T04:40:35Z,hatziiosif,FRC3,39,39,71,71,1,False,35.136817,33.358074
2026-09-10T04:40:35Z,perikleous,FRC4,40,40,11,11,1,False,35.138923,33.346836
2026-09-10T04:40:35Z,avraamidi,FRC4,44,44,23,23,1,False,35.141552,33.36142
2026-09-10T04:40:35Z,athinon,FRC4,35,35,2,2,1,False,35.139348,33.346279
2026-09-10T04:40:35Z,tasou_markou,FRC4,44,44,39,39,1,False,35.136146,33.369732
2026-09-10T04:40:35Z,peiraios,FRC3,4,36,469,52,0.99,False,35.148686,33.351249
2026-09-10T05:01:15Z,strovolou,FRC3,45,45,48,48,1,False,35.137521,33.333087
2026-09-10T05:01:15Z,tseriou,FRC4,29,40,28,20,0.96,False,35.13293,33.339276
2026-09-10T05:01:15Z,prodromou,FRC4,42,42,12,12,1,False,35.159656,33.3459
2026-09-10T05:01:15Z,akropoleos,FRC3,21,40,132,69,0.98,False,35.138676,33.358135
2026-09-10T05:01:15Z,athalassas,FRC3,32,41,67,53,0.975611,False,35.144718,33.362216
2026-09-10T05:01:15Z,lemesou,FRC3,12,52,85,19,1,False,35.149928,33.374288
2026-09-10T05:01:15Z,sp_kyprianou,FRC4,28,35,36,28,0.99,False,35.150176,33.339743
2026-09-10T05:01:15Z,archangelou,FRC3,42,48,33,29,0.99,False,35.135323,33.331244
2026-09-10T05:01:15Z,konstantinoup,FRC4,49,49,19,19,1,False,35.126091,33.34383
2026-09-10T05:01:15Z,stavrou,FRC3,39,39,71,71,1,False,35.136817,33.358074
2026-09-10T05:01:15Z,makedonitissas,FRC4,27,40,113,76,0.98,False,35.14653,33.332584
2026-09-10T05:01:15Z,armenias,FRC4,30,39,43,33,0.96,False,35.152861,33.36736
2026-09-10T05:01:15Z,arch_kyprianou,FRC4,36,36,27,27,1,False,35.148093,33.341583
2026-09-10T05:01:15Z,a1_motorway,FRC0,109,109,342,342,1,False,35.074318,33.376958
2026-09-10T05:01:15Z,makariou_lakat,FRC4,45,45,270,270,1,False,35.088983,33.28557
2026-09-10T05:01:15Z,griva_digeni,FRC4,30,43,64,45,0.99,False,35.165117,33.340667
2026-09-10T05:01:15Z,aglantzias,FRC4,27,41,37,24,0.985113,False,35.155801,33.382409
2026-09-10T05:01:15Z,kranidioti,FRC3,61,61,61,61,1,False,35.102546,33.313234
2026-09-10T05:01:15Z,perimetrikos,FRC4,59,59,17,17,1,False,35.113096,33.322016
2026-09-10T05:01:15Z,hatziiosif,FRC3,39,39,71,71,1,False,35.136817,33.358074
2026-09-10T05:01:15Z,perikleous,FRC4,22,40,21,11,0.98,False,35.138923,33.346836
2026-09-10T05:01:15Z,avraamidi,FRC4,44,44,23,23,1,False,35.141552,33.36142
2026-09-10T05:01:15Z,athinon,FRC4,35,35,2,2,1,False,35.139348,33.346279
2026-09-10T05:01:15Z,tasou_markou,FRC4,44,44,39,39,1,False,35.136146,33.369732
2026-09-10T05:01:15Z,peiraios,FRC3,6,35,312,53,0.97,False,35.148686,33.351249
2026-09-10T05:21:51Z,strovolou,FRC3,45,45,48,48,1,False,35.137521,33.333087
2026-09-10T05:21:51Z,tseriou,FRC4,23,40,35,20,0.96,False,35.13293,33.339276
2026-09-10T05:21:51Z,prodromou,FRC4,42,42,12,12,1,False,35.159656,33.3459
2026-09-10T05:21:51Z,akropoleos,FRC3,16,41,174,68,0.99,False,35.138676,33.358135
2026-09-10T05:21:51Z,athalassas,FRC3,33,41,65,53,0.99,False,35.144718,33.362216
2026-09-10T05:21:51Z,lemesou,FRC3,8,47,128,21,1,False,35.149928,33.374288
2026-09-10T05:21:51Z,sp_kyprianou,FRC4,26,34,38,29,0.99,False,35.150176,33.339743
2026-09-10T05:21:51Z,archangelou,FRC3,41,47,34,30,0.99,False,35.135323,33.331244
2026-09-10T05:21:51Z,konstantinoup,FRC4,49,49,19,19,1,False,35.126091,33.34383
2026-09-10T05:21:51Z,stavrou,FRC3,39,39,71,71,1,False,35.136817,33.358074
2026-09-10T05:21:51Z,makedonitissas,FRC4,27,40,113,76,0.97,False,35.14653,33.332584
2026-09-10T05:21:51Z,armenias,FRC4,39,39,33,33,1,False,35.152861,33.36736
2026-09-10T05:21:51Z,arch_kyprianou,FRC4,24,36,41,27,0.92,False,35.148093,33.341583
2026-09-10T05:21:51Z,a1_motorway,FRC0,109,109,342,342,1,False,35.074318,33.376958
2026-09-10T05:21:51Z,makariou_lakat,FRC4,45,45,270,270,1,False,35.088983,33.28557
2026-09-10T05:21:51Z,griva_digeni,FRC4,33,43,59,45,0.99,False,35.165117,33.340667
2026-09-10T05:21:51Z,aglantzias,FRC4,41,41,24,24,1,False,35.155801,33.382409
2026-09-10T05:21:51Z,kranidioti,FRC3,61,61,61,61,1,False,35.102546,33.313234
2026-09-10T05:21:51Z,perimetrikos,FRC4,59,59,17,17,1,False,35.113096,33.322016
2026-09-10T05:21:51Z,hatziiosif,FRC3,39,39,71,71,1,False,35.136817,33.358074
2026-09-10T05:21:51Z,perikleous,FRC4,40,40,11,11,1,False,35.138923,33.346836
2026-09-10T05:21:51Z,avraamidi,FRC4,44,44,23,23,1,False,35.141552,33.36142
2026-09-10T05:21:51Z,athinon,FRC4,28,35,3,2,0.98,False,35.139348,33.346279
2026-09-10T05:21:51Z,tasou_markou,FRC4,44,44,39,39,1,False,35.136146,33.369732
2026-09-10T05:21:51Z,peiraios,FRC3,13,37,144,50,0.973345,False,35.148686,33.351249
2026-09-10T05:42:30Z,strovolou,FRC3,45,45,48,48,1,False,35.137521,33.333087
2026-09-10T05:42:30Z,tseriou,FRC4,28,41,29,20,0.96,False,35.13293,33.339276
2026-09-10T05:42:30Z,prodromou,FRC4,42,42,12,12,1,False,35.159656,33.3459
2026-09-10T05:42:30Z,akropoleos,FRC3,27,40,103,69,0.98,False,35.138676,33.358135
2026-09-10T05:42:30Z,athalassas,FRC3,33,41,65,53,0.97,False,35.144718,33.362216
2026-09-10T05:42:30Z,lemesou,FRC3,8,50,128,20,1,False,35.149928,33.374288
2026-09-10T05:42:30Z,sp_kyprianou,FRC4,27,35,37,28,0.98,False,35.150176,33.339743
2026-09-10T05:42:30Z,archangelou,FRC3,37,49,38,28,0.99,False,35.135323,33.331244
2026-09-10T05:42:30Z,konstantinoup,FRC4,49,49,19,19,1,False,35.126091,33.34383
2026-09-10T05:42:30Z,stavrou,FRC3,39,39,71,71,1,False,35.136817,33.358074
2026-09-10T05:42:30Z,makedonitissas,FRC4,25,39,122,78,0.97,False,35.14653,33.332584
2026-09-10T05:42:30Z,armenias,FRC4,24,39,54,33,0.98,False,35.152861,33.36736
2026-09-10T05:42:30Z,arch_kyprianou,FRC4,21,35,47,28,0.65,False,35.148093,33.341583
2026-09-10T05:42:30Z,a1_motorway,FRC0,109,109,342,342,1,False,35.074318,33.376958
2026-09-10T05:42:30Z,makariou_lakat,FRC4,37,45,328,270,0.976392,False,35.088983,33.28557
2026-09-10T05:42:30Z,griva_digeni,FRC4,30,42,64,46,0.99,False,35.165117,33.340667
2026-09-10T05:42:30Z,aglantzias,FRC4,41,41,24,24,1,False,35.155801,33.382409
2026-09-10T05:42:30Z,kranidioti,FRC3,48,61,77,61,0.99,False,35.102546,33.313234
2026-09-10T05:42:30Z,perimetrikos,FRC4,59,59,17,17,1,False,35.113096,33.322016
2026-09-10T05:42:30Z,hatziiosif,FRC3,39,39,71,71,1,False,35.136817,33.358074
2026-09-10T05:42:30Z,perikleous,FRC4,29,40,16,11,0.98,False,35.138923,33.346836
2026-09-10T05:42:30Z,avraamidi,FRC4,44,44,23,23,1,False,35.141552,33.36142
2026-09-10T05:42:30Z,athinon,FRC4,35,35,2,2,1,False,35.139348,33.346279
2026-09-10T05:42:30Z,tasou_markou,FRC4,44,44,39,39,1,False,35.136146,33.369732
2026-09-10T05:42:30Z,peiraios,FRC3,9,39,208,48,0.96,False,35.148686,33.351249
2026-09-10T06:02:52Z,strovolou,FRC3,45,45,48,48,1,False,35.137521,33.333087
2026-09-10T06:02:52Z,tseriou,FRC4,24,41,34,20,0.97,False,35.13293,33.339276
2026-09-10T06:02:52Z,prodromou,FRC4,42,42,12,12,1,False,35.159656,33.3459
2026-09-10T06:02:52Z,akropoleos,FRC3,41,41,68,68,1,False,35.138676,33.358135
2026-09-10T06:02:52Z,athalassas,FRC3,33,41,65,53,0.99,False,35.144718,33.362216
2026-09-10T06:02:52Z,lemesou,FRC3,50,50,20,20,1,False,35.149928,33.374288
2026-09-10T06:02:52Z,sp_kyprianou,FRC4,35,35,28,28,1,False,35.150176,33.339743
2026-09-10T06:02:52Z,archangelou,FRC3,49,49,28,28,1,False,35.135323,33.331244
2026-09-10T06:02:52Z,konstantinoup,FRC4,49,49,19,19,1,False,35.126091,33.34383
2026-09-10T06:02:52Z,stavrou,FRC3,31,39,89,71,0.94,False,35.136817,33.358074
2026-09-10T06:02:52Z,makedonitissas,FRC4,24,39,127,78,0.976166,False,35.14653,33.332584
2026-09-10T06:02:52Z,armenias,FRC4,28,39,46,33,0.95,False,35.152861,33.36736
2026-09-10T06:02:52Z,arch_kyprianou,FRC4,23,35,43,28,0.87,False,35.148093,33.341583
2026-09-10T06:02:52Z,a1_motorway,FRC0,109,109,342,342,1,False,35.074318,33.376958
2026-09-10T06:02:52Z,makariou_lakat,FRC4,45,45,270,270,1,False,35.088983,33.28557
2026-09-10T06:02:52Z,griva_digeni,FRC4,25,43,77,45,0.99,False,35.165117,33.340667
2026-09-10T06:02:52Z,aglantzias,FRC4,41,41,24,24,1,False,35.155801,33.382409
2026-09-10T06:02:52Z,kranidioti,FRC3,61,61,61,61,1,False,35.102546,33.313234
2026-09-10T06:02:52Z,perimetrikos,FRC4,59,59,17,17,1,False,35.113096,33.322016
2026-09-10T06:02:52Z,hatziiosif,FRC3,31,39,89,71,0.94,False,35.136817,33.358074
2026-09-10T06:02:52Z,perikleous,FRC4,23,40,20,11,0.95,False,35.138923,33.346836
2026-09-10T06:02:52Z,avraamidi,FRC4,44,44,23,23,1,False,35.141552,33.36142
2026-09-10T06:02:52Z,athinon,FRC4,22,35,4,2,0.95,False,35.139348,33.346279
2026-09-10T06:02:52Z,tasou_markou,FRC4,44,44,39,39,1,False,35.136146,33.369732
2026-09-10T06:02:52Z,peiraios,FRC3,18,37,104,50,0.92678,False,35.148686,33.351249
2026-09-10T07:03:47Z,strovolou,FRC3,34,45,63,48,0.98,False,35.137521,33.333087
2026-09-10T07:03:47Z,tseriou,FRC4,10,41,82,20,0.92,False,35.13293,33.339276
2026-09-10T07:03:47Z,prodromou,FRC4,42,42,12,12,1,False,35.159656,33.3459
2026-09-10T07:03:47Z,akropoleos,FRC3,24,41,116,68,0.99,False,35.138676,33.358135
2026-09-10T07:03:47Z,athalassas,FRC3,29,41,74,53,0.963859,False,35.144718,33.362216
2026-09-10T07:03:47Z,lemesou,FRC3,50,50,20,20,1,False,35.149928,33.374288
2026-09-10T07:03:47Z,sp_kyprianou,FRC4,17,36,59,28,0.96,False,35.150176,33.339743
2026-09-10T07:03:47Z,archangelou,FRC3,49,49,28,28,1,False,35.135323,33.331244
2026-09-10T07:03:47Z,konstantinoup,FRC4,49,49,19,19,1,False,35.126091,33.34383
2026-09-10T07:03:47Z,stavrou,FRC3,31,39,89,71,0.96,False,35.136817,33.358074
2026-09-10T07:03:47Z,makedonitissas,FRC4,21,39,145,78,0.97,False,35.14653,33.332584
2026-09-10T07:03:47Z,armenias,FRC4,23,39,56,33,0.99,False,35.152861,33.36736
2026-09-10T07:03:47Z,arch_kyprianou,FRC4,27,35,37,28,0.84,False,35.148093,33.341583
2026-09-10T07:03:47Z,a1_motorway,FRC0,109,109,342,342,1,False,35.074318,33.376958
2026-09-10T07:03:47Z,makariou_lakat,FRC4,45,45,270,270,1,False,35.088983,33.28557
2026-09-10T07:03:47Z,griva_digeni,FRC4,43,43,45,45,1,False,35.165117,33.340667
2026-09-10T07:03:47Z,aglantzias,FRC4,32,40,31,25,0.98,False,35.155801,33.382409
2026-09-10T07:03:47Z,kranidioti,FRC3,61,61,61,61,1,False,35.102546,33.313234
2026-09-10T07:03:47Z,perimetrikos,FRC4,59,59,17,17,1,False,35.113096,33.322016
2026-09-10T07:03:47Z,hatziiosif,FRC3,31,39,89,71,0.96,False,35.136817,33.358074
2026-09-10T07:03:47Z,perikleous,FRC4,30,40,15,11,0.95,False,35.138923,33.346836
2026-09-10T07:03:47Z,avraamidi,FRC4,44,44,23,23,1,False,35.141552,33.36142
2026-09-10T07:03:47Z,athinon,FRC4,35,35,2,2,1,False,35.139348,33.346279
2026-09-10T07:03:47Z,tasou_markou,FRC4,44,44,39,39,1,False,35.136146,33.369732
2026-09-10T07:03:47Z,peiraios,FRC3,19,38,98,49,0.97,False,35.148686,33.351249
2026-09-10T11:20:43Z,strovolou,FRC3,23,44,94,49,0.99,False,35.137521,33.333087
2026-09-10T11:20:43Z,tseriou,FRC4,23,40,35,20,0.94,False,35.13293,33.339276
2026-09-10T11:20:43Z,prodromou,FRC4,42,42,12,12,1,False,35.159656,33.3459
2026-09-10T11:20:43Z,akropoleos,FRC3,30,41,92,68,0.97,False,35.138676,33.358135
2026-09-10T11:20:43Z,athalassas,FRC3,33,41,65,53,0.97,False,35.144718,33.362216
2026-09-10T11:20:43Z,lemesou,FRC3,50,50,20,20,1,False,35.149928,33.374288
2026-09-10T11:20:43Z,sp_kyprianou,FRC4,35,35,28,28,1,False,35.150176,33.339743
2026-09-10T11:20:43Z,archangelou,FRC3,38,49,37,28,0.95,False,35.135323,33.331244
2026-09-10T11:20:43Z,konstantinoup,FRC4,49,49,19,19,1,False,35.126091,33.34383
2026-09-10T11:20:43Z,stavrou,FRC3,21,40,132,69,0.98,False,35.136817,33.358074
2026-09-10T11:20:43Z,makedonitissas,FRC4,40,40,76,76,1,False,35.14653,33.332584
2026-09-10T11:20:43Z,armenias,FRC4,13,38,100,34,0.98,False,35.152861,33.36736
2026-09-10T11:20:43Z,arch_kyprianou,FRC4,36,36,27,27,1,False,35.148093,33.341583
2026-09-10T11:20:43Z,a1_motorway,FRC0,109,109,342,342,1,False,35.074318,33.376958
2026-09-10T11:20:43Z,makariou_lakat,FRC4,45,45,270,270,1,False,35.088983,33.28557
2026-09-10T11:20:43Z,griva_digeni,FRC4,43,43,45,45,1,False,35.165117,33.340667
2026-09-10T11:20:43Z,aglantzias,FRC4,41,41,24,24,1,False,35.155801,33.382409
2026-09-10T11:20:43Z,kranidioti,FRC3,61,61,61,61,1,False,35.102546,33.313234
2026-09-10T11:20:43Z,perimetrikos,FRC4,59,59,17,17,1,False,35.113096,33.322016
2026-09-10T11:20:43Z,hatziiosif,FRC3,21,40,132,69,0.98,False,35.136817,33.358074
2026-09-10T11:20:43Z,perikleous,FRC4,25,39,18,12,0.97,False,35.138923,33.346836
2026-09-10T11:20:43Z,avraamidi,FRC4,44,44,23,23,1,False,35.141552,33.36142
2026-09-10T11:20:43Z,athinon,FRC4,35,35,2,2,1,False,35.139348,33.346279
2026-09-10T11:20:43Z,tasou_markou,FRC4,44,44,39,39,1,False,35.136146,33.369732
2026-09-10T11:20:43Z,peiraios,FRC3,25,38,75,49,0.97,False,35.148686,33.351249
2026-09-10T12:01:13Z,strovolou,FRC3,33,46,65,47,0.984872,False,35.137521,33.333087
2026-09-10T12:01:13Z,tseriou,FRC4,15,40,54,20,0.94,False,35.13293,33.339276
2026-09-10T12:01:13Z,prodromou,FRC4,42,42,12,12,1,False,35.159656,33.3459
2026-09-10T12:01:13Z,akropoleos,FRC3,41,41,68,68,1,False,35.138676,33.358135
2026-09-10T12:01:13Z,athalassas,FRC3,42,42,51,51,1,False,35.144718,33.362216
2026-09-10T12:01:13Z,lemesou,FRC3,50,50,20,20,1,False,35.149928,33.374288
2026-09-10T12:01:13Z,sp_kyprianou,FRC4,35,35,28,28,1,False,35.150176,33.339743
2026-09-10T12:01:13Z,archangelou,FRC3,49,49,28,28,1,False,35.135323,33.331244
2026-09-10T12:01:13Z,konstantinoup,FRC4,49,49,19,19,1,False,35.126091,33.34383
2026-09-10T12:01:13Z,stavrou,FRC3,35,44,79,63,0.972177,False,35.136817,33.358074
2026-09-10T12:01:13Z,makedonitissas,FRC4,40,40,76,76,1,False,35.14653,33.332584
2026-09-10T12:01:13Z,armenias,FRC4,16,39,81,33,0.939456,False,35.152861,33.36736
2026-09-10T12:01:13Z,arch_kyprianou,FRC4,29,36,34,27,0.87,False,35.148093,33.341583
2026-09-10T12:01:13Z,a1_motorway,FRC0,109,109,342,342,1,False,35.074318,33.376958
2026-09-10T12:01:13Z,makariou_lakat,FRC4,45,45,270,270,1,False,35.088983,33.28557
2026-09-10T12:01:13Z,griva_digeni,FRC4,43,43,45,45,1,False,35.165117,33.340667
2026-09-10T12:01:13Z,aglantzias,FRC4,41,41,24,24,1,False,35.155801,33.382409
2026-09-10T12:01:13Z,kranidioti,FRC3,61,61,61,61,1,False,35.102546,33.313234
2026-09-10T12:01:13Z,perimetrikos,FRC4,59,59,17,17,1,False,35.113096,33.322016
2026-09-10T12:01:13Z,hatziiosif,FRC3,35,44,79,63,0.972177,False,35.136817,33.358074
2026-09-10T12:01:13Z,perikleous,FRC4,31,39,15,12,0.97,False,35.138923,33.346836
2026-09-10T12:01:13Z,avraamidi,FRC4,44,44,23,23,1,False,35.141552,33.36142
2026-09-10T12:01:13Z,athinon,FRC4,35,35,2,2,1,False,35.139348,33.346279
2026-09-10T12:01:13Z,tasou_markou,FRC4,44,44,39,39,1,False,35.136146,33.369732
2026-09-10T12:01:13Z,peiraios,FRC3,18,38,104,49,0.98,False,35.148686,33.351249
2026-09-10T13:01:53Z,strovolou,FRC3,34,45,63,48,1,False,35.137521,33.333087
2026-09-10T13:01:53Z,tseriou,FRC4,27,41,30,20,0.96,False,35.13293,33.339276
2026-09-10T13:01:53Z,prodromou,FRC4,42,42,12,12,1,False,35.159656,33.3459
2026-09-10T13:01:53Z,akropoleos,FRC3,41,41,68,68,1,False,35.138676,33.358135
2026-09-10T13:01:53Z,athalassas,FRC3,28,42,77,51,0.96,False,35.144718,33.362216
2026-09-10T13:01:53Z,lemesou,FRC3,40,49,25,20,1,False,35.149928,33.374288
2026-09-10T13:01:53Z,sp_kyprianou,FRC4,35,35,28,28,1,False,35.150176,33.339743
2026-09-10T13:01:53Z,archangelou,FRC3,49,49,28,28,1,False,35.135323,33.331244
2026-09-10T13:01:53Z,konstantinoup,FRC4,49,49,19,19,1,False,35.126091,33.34383
2026-09-10T13:01:53Z,stavrou,FRC3,28,38,99,73,0.97,False,35.136817,33.358074
2026-09-10T13:01:53Z,makedonitissas,FRC4,30,39,102,78,0.94,False,35.14653,33.332584
2026-09-10T13:01:53Z,armenias,FRC4,13,39,100,33,0.94,False,35.152861,33.36736
2026-09-10T13:01:53Z,arch_kyprianou,FRC4,36,36,27,27,1,False,35.148093,33.341583
2026-09-10T13:01:53Z,a1_motorway,FRC0,109,109,342,342,1,False,35.074318,33.376958
2026-09-10T13:01:53Z,makariou_lakat,FRC4,37,45,328,270,0.955377,False,35.088983,33.28557
2026-09-10T13:01:53Z,griva_digeni,FRC4,32,43,60,45,0.98,False,35.165117,33.340667
2026-09-10T13:01:53Z,aglantzias,FRC4,29,41,35,24,0.99,False,35.155801,33.382409
2026-09-10T13:01:53Z,kranidioti,FRC3,61,61,61,61,1,False,35.102546,33.313234
2026-09-10T13:01:53Z,perimetrikos,FRC4,59,59,17,17,1,False,35.113096,33.322016
2026-09-10T13:01:53Z,hatziiosif,FRC3,28,38,99,73,0.97,False,35.136817,33.358074
2026-09-10T13:01:53Z,perikleous,FRC4,25,39,18,12,0.97,False,35.138923,33.346836
2026-09-10T13:01:53Z,avraamidi,FRC4,44,44,23,23,1,False,35.141552,33.36142
2026-09-10T13:01:53Z,athinon,FRC4,35,35,2,2,1,False,35.139348,33.346279
2026-09-10T13:01:53Z,tasou_markou,FRC4,44,44,39,39,1,False,35.136146,33.369732
2026-09-10T13:01:53Z,peiraios,FRC3,23,37,81,50,0.98,False,35.148686,33.351249
2026-09-10T17:09:25Z,strovolou,FRC3,29,45,74,48,0.98,False,35.137521,33.333087
2026-09-10T17:09:25Z,tseriou,FRC4,28,41,29,20,0.92,False,35.13293,33.339276
2026-09-10T17:09:25Z,prodromou,FRC4,42,42,12,12,1,False,35.159656,33.3459
2026-09-10T17:09:25Z,akropoleos,FRC3,41,41,68,68,1,False,35.138676,33.358135
2026-09-10T17:09:25Z,athalassas,FRC3,42,42,51,51,1,False,35.144718,33.362216
2026-09-10T17:09:25Z,lemesou,FRC3,50,50,20,20,1,False,35.149928,33.374288
2026-09-10T17:09:25Z,sp_kyprianou,FRC4,35,35,28,28,1,False,35.150176,33.339743
2026-09-10T17:09:25Z,archangelou,FRC3,49,49,28,28,1,False,35.135323,33.331244
2026-09-10T17:09:25Z,konstantinoup,FRC4,49,49,19,19,1,False,35.126091,33.34383
2026-09-10T17:09:25Z,stavrou,FRC3,30,38,92,73,0.94,False,35.136817,33.358074
2026-09-10T17:09:25Z,makedonitissas,FRC4,28,40,109,76,0.98,False,35.14653,33.332584
2026-09-10T17:09:25Z,armenias,FRC4,39,39,33,33,1,False,35.152861,33.36736
2026-09-10T17:09:25Z,arch_kyprianou,FRC4,25,35,40,28,0.71,False,35.148093,33.341583
2026-09-10T17:09:25Z,a1_motorway,FRC0,109,109,342,342,1,False,35.074318,33.376958
2026-09-10T17:09:25Z,makariou_lakat,FRC4,31,45,392,270,0.967869,False,35.088983,33.28557
2026-09-10T17:09:25Z,griva_digeni,FRC4,43,43,45,45,1,False,35.165117,33.340667
2026-09-10T17:09:25Z,aglantzias,FRC4,41,41,24,24,1,False,35.155801,33.382409
2026-09-10T17:09:25Z,kranidioti,FRC3,61,61,61,61,1,False,35.102546,33.313234
2026-09-10T17:09:25Z,perimetrikos,FRC4,59,59,17,17,1,False,35.113096,33.322016
2026-09-10T17:09:25Z,hatziiosif,FRC3,30,38,92,73,0.94,False,35.136817,33.358074
2026-09-10T17:09:25Z,perikleous,FRC4,40,40,11,11,1,False,35.138923,33.346836
2026-09-10T17:09:25Z,avraamidi,FRC4,44,44,23,23,1,False,35.141552,33.36142
2026-09-10T17:09:25Z,athinon,FRC4,35,35,2,2,1,False,35.139348,33.346279
2026-09-10T17:09:25Z,tasou_markou,FRC4,44,44,39,39,1,False,35.136146,33.369732
2026-09-10T17:09:25Z,peiraios,FRC3,29,37,64,50,0.97,False,35.148686,33.351249
2026-09-10T18:00:09Z,strovolou,FRC3,45,45,48,48,1,False,35.137521,33.333087
2026-09-10T18:00:09Z,tseriou,FRC4,41,41,20,20,1,False,35.13293,33.339276
2026-09-10T18:00:09Z,prodromou,FRC4,42,42,12,12,1,False,35.159656,33.3459
2026-09-10T18:00:09Z,akropoleos,FRC3,41,41,68,68,1,False,35.138676,33.358135
2026-09-10T18:00:09Z,athalassas,FRC3,42,42,51,51,1,False,35.144718,33.362216
2026-09-10T18:00:09Z,lemesou,FRC3,50,50,20,20,1,False,35.149928,33.374288
2026-09-10T18:00:09Z,sp_kyprianou,FRC4,27,34,37,29,0.9,False,35.150176,33.339743
2026-09-10T18:00:09Z,archangelou,FRC3,49,49,28,28,1,False,35.135323,33.331244
2026-09-10T18:00:09Z,konstantinoup,FRC4,49,49,19,19,1,False,35.126091,33.34383
2026-09-10T18:00:09Z,stavrou,FRC3,39,39,71,71,1,False,35.136817,33.358074
2026-09-10T18:00:09Z,makedonitissas,FRC4,40,40,76,76,1,False,35.14653,33.332584
2026-09-10T18:00:09Z,armenias,FRC4,39,39,33,33,1,False,35.152861,33.36736
2026-09-10T18:00:09Z,arch_kyprianou,FRC4,27,35,37,28,0.82,False,35.148093,33.341583
2026-09-10T18:00:09Z,a1_motorway,FRC0,109,109,342,342,1,False,35.074318,33.376958
2026-09-10T18:00:09Z,makariou_lakat,FRC4,45,45,270,270,1,False,35.088983,33.28557
2026-09-10T18:00:09Z,griva_digeni,FRC4,43,43,45,45,1,False,35.165117,33.340667
2026-09-10T18:00:09Z,aglantzias,FRC4,41,41,24,24,1,False,35.155801,33.382409
2026-09-10T18:00:09Z,kranidioti,FRC3,61,61,61,61,1,False,35.102546,33.313234
2026-09-10T18:00:09Z,perimetrikos,FRC4,59,59,17,17,1,False,35.113096,33.322016
2026-09-10T18:00:09Z,hatziiosif,FRC3,39,39,71,71,1,False,35.136817,33.358074
2026-09-10T18:00:09Z,perikleous,FRC4,40,40,11,11,1,False,35.138923,33.346836
2026-09-10T18:00:09Z,avraamidi,FRC4,44,44,23,23,1,False,35.141552,33.36142
2026-09-10T18:00:09Z,athinon,FRC4,35,35,2,2,1,False,35.139348,33.346279
2026-09-10T18:00:09Z,tasou_markou,FRC4,44,44,39,39,1,False,35.136146,33.369732
2026-09-10T18:00:09Z,peiraios,FRC3,29,36,64,52,0.96,False,35.148686,33.351249
2026-09-11T04:43:24Z,strovolou,FRC3,45,45,48,48,1,False,35.137521,33.333087
2026-09-11T04:43:24Z,tseriou,FRC4,20,40,41,20,0.86,False,35.13293,33.339276
2026-09-11T04:43:24Z,prodromou,FRC4,42,42,12,12,1,False,35.159656,33.3459
2026-09-11T04:43:24Z,akropoleos,FRC3,27,40,103,69,0.97,False,35.138676,33.358135
2026-09-11T04:43:24Z,athalassas,FRC3,42,42,51,51,1,False,35.144718,33.362216
2026-09-11T04:43:24Z,lemesou,FRC3,11,50,93,20,1,False,35.149928,33.374288
2026-09-11T04:43:24Z,sp_kyprianou,FRC4,28,35,36,28,1,False,35.150176,33.339743
2026-09-11T04:43:24Z,archangelou,FRC3,49,49,28,28,1,False,35.135323,33.331244
2026-09-11T04:43:24Z,konstantinoup,FRC4,49,49,19,19,1,False,35.126091,33.34383
2026-09-11T04:43:24Z,stavrou,FRC3,39,45,71,61,0.98,False,35.136817,33.358074
2026-09-11T04:43:24Z,makedonitissas,FRC4,27,40,113,76,0.99,False,35.14653,33.332584
2026-09-11T04:43:24Z,armenias,FRC4,23,38,56,34,0.97,False,35.152861,33.36736
2026-09-11T04:43:24Z,arch_kyprianou,FRC4,28,36,35,27,0.74,False,35.148093,33.341583
2026-09-11T04:43:24Z,a1_motorway,FRC0,109,109,342,342,1,False,35.074318,33.376958
2026-09-11T04:43:24Z,makariou_lakat,FRC4,36,44,337,276,0.97177,False,35.088983,33.28557
2026-09-11T04:43:24Z,griva_digeni,FRC4,11,44,177,44,0.99,False,35.165117,33.340667
2026-09-11T04:43:24Z,aglantzias,FRC4,26,39,39,26,0.997349,False,35.155801,33.382409
2026-09-11T04:43:24Z,kranidioti,FRC3,61,61,61,61,1,False,35.102546,33.313234
2026-09-11T04:43:24Z,perimetrikos,FRC4,59,59,17,17,1,False,35.113096,33.322016
2026-09-11T04:43:24Z,hatziiosif,FRC3,39,45,71,61,0.98,False,35.136817,33.358074
2026-09-11T04:43:24Z,perikleous,FRC4,30,39,15,12,0.98,False,35.138923,33.346836
2026-09-11T04:43:24Z,avraamidi,FRC4,44,44,23,23,1,False,35.141552,33.36142
2026-09-11T04:43:24Z,athinon,FRC4,35,35,2,2,1,False,35.139348,33.346279
2026-09-11T04:43:24Z,tasou_markou,FRC4,44,44,39,39,1,False,35.136146,33.369732
2026-09-11T04:43:24Z,peiraios,FRC3,6,36,312,52,0.99,False,35.148686,33.351249
2026-09-11T05:08:05Z,strovolou,FRC3,45,45,48,48,1,False,35.137521,33.333087
2026-09-11T05:08:05Z,tseriou,FRC4,26,40,31,20,0.92,False,35.13293,33.339276
2026-09-11T05:08:05Z,prodromou,FRC4,33,41,15,12,0.91,False,35.159656,33.3459
2026-09-11T05:08:05Z,akropoleos,FRC3,27,40,103,69,0.99,False,35.138676,33.358135
2026-09-11T05:08:05Z,athalassas,FRC3,34,42,63,51,0.98,False,35.144718,33.362216
2026-09-11T05:08:05Z,lemesou,FRC3,11,50,93,20,1,False,35.149928,33.374288
2026-09-11T05:08:05Z,sp_kyprianou,FRC4,35,35,28,28,1,False,35.150176,33.339743
2026-09-11T05:08:05Z,archangelou,FRC3,27,49,52,28,1,False,35.135323,33.331244
2026-09-11T05:08:05Z,konstantinoup,FRC4,49,49,19,19,1,False,35.126091,33.34383
2026-09-11T05:08:05Z,stavrou,FRC3,31,39,89,71,0.96,False,35.136817,33.358074
2026-09-11T05:08:05Z,makedonitissas,FRC4,24,40,127,76,0.97,False,35.14653,33.332584
2026-09-11T05:08:05Z,armenias,FRC4,25,39,52,33,0.93,False,35.152861,33.36736
2026-09-11T05:08:05Z,arch_kyprianou,FRC4,19,35,52,28,0.95,False,35.148093,33.341583
2026-09-11T05:08:05Z,a1_motorway,FRC0,109,109,342,342,1,False,35.074318,33.376958
2026-09-11T05:08:05Z,makariou_lakat,FRC4,38,45,320,270,0.958878,False,35.088983,33.28557
2026-09-11T05:08:05Z,griva_digeni,FRC4,29,42,67,46,1,False,35.165117,33.340667
2026-09-11T05:08:05Z,aglantzias,FRC4,29,40,35,25,0.97,False,35.155801,33.382409
2026-09-11T05:08:05Z,kranidioti,FRC3,49,60,76,62,0.98,False,35.102546,33.313234
2026-09-11T05:08:05Z,perimetrikos,FRC4,59,59,17,17,1,False,35.113096,33.322016
2026-09-11T05:08:05Z,hatziiosif,FRC3,31,39,89,71,0.96,False,35.136817,33.358074
2026-09-11T05:08:05Z,perikleous,FRC4,40,40,11,11,1,False,35.138923,33.346836
2026-09-11T05:08:05Z,avraamidi,FRC4,44,44,23,23,1,False,35.141552,33.36142
2026-09-11T05:08:05Z,athinon,FRC4,24,35,3,2,0.99,False,35.139348,33.346279
2026-09-11T05:08:05Z,tasou_markou,FRC4,44,44,39,39,1,False,35.136146,33.369732
2026-09-11T05:08:05Z,peiraios,FRC3,16,39,117,48,0.984917,False,35.148686,33.351249
2026-09-11T05:20:38Z,strovolou,FRC3,45,45,48,48,1,False,35.137521,33.333087
2026-09-11T05:20:38Z,tseriou,FRC4,27,40,30,20,0.94,False,35.13293,33.339276
2026-09-11T05:20:38Z,prodromou,FRC4,42,42,12,12,1,False,35.159656,33.3459
2026-09-11T05:20:38Z,akropoleos,FRC3,25,40,111,69,0.99,False,35.138676,33.358135
2026-09-11T05:20:38Z,athalassas,FRC3,28,42,77,51,0.98,False,35.144718,33.362216
2026-09-11T05:20:38Z,lemesou,FRC3,24,49,42,20,1,False,35.149928,33.374288
2026-09-11T05:20:38Z,sp_kyprianou,FRC4,27,35,37,28,0.99,False,35.150176,33.339743
2026-09-11T05:20:38Z,archangelou,FRC3,49,49,28,28,1,False,35.135323,33.331244
2026-09-11T05:20:38Z,konstantinoup,FRC4,49,49,19,19,1,False,35.126091,33.34383
2026-09-11T05:20:38Z,stavrou,FRC3,39,39,71,71,1,False,35.136817,33.358074
2026-09-11T05:20:38Z,makedonitissas,FRC4,27,40,113,76,0.95,False,35.14653,33.332584
2026-09-11T05:20:38Z,armenias,FRC4,30,39,43,33,0.95,False,35.152861,33.36736
2026-09-11T05:20:38Z,arch_kyprianou,FRC4,25,36,40,27,0.96,False,35.148093,33.341583
2026-09-11T05:20:38Z,a1_motorway,FRC0,109,109,342,342,1,False,35.074318,33.376958
2026-09-11T05:20:38Z,makariou_lakat,FRC4,45,45,270,270,1,False,35.088983,33.28557
2026-09-11T05:20:38Z,griva_digeni,FRC4,26,43,74,45,0.99,False,35.165117,33.340667
2026-09-11T05:20:38Z,aglantzias,FRC4,41,41,24,24,1,False,35.155801,33.382409
2026-09-11T05:20:38Z,kranidioti,FRC3,61,61,61,61,1,False,35.102546,33.313234
2026-09-11T05:20:38Z,perimetrikos,FRC4,59,59,17,17,1,False,35.113096,33.322016
2026-09-11T05:20:38Z,hatziiosif,FRC3,39,39,71,71,1,False,35.136817,33.358074
2026-09-11T05:20:38Z,perikleous,FRC4,29,40,16,11,0.97,False,35.138923,33.346836
2026-09-11T05:20:38Z,avraamidi,FRC4,44,44,23,23,1,False,35.141552,33.36142
2026-09-11T05:20:38Z,athinon,FRC4,35,35,2,2,1,False,35.139348,33.346279
2026-09-11T05:20:38Z,tasou_markou,FRC4,44,44,39,39,1,False,35.136146,33.369732
2026-09-11T05:20:38Z,peiraios,FRC3,14,37,134,50,0.96,False,35.148686,33.351249
2026-09-11T05:45:20Z,strovolou,FRC3,45,45,48,48,1,False,35.137521,33.333087
2026-09-11T05:45:20Z,tseriou,FRC4,29,40,28,20,0.95,False,35.13293,33.339276
2026-09-11T05:45:20Z,prodromou,FRC4,42,42,12,12,1,False,35.159656,33.3459
2026-09-11T05:45:20Z,akropoleos,FRC3,30,41,92,68,0.97,False,35.138676,33.358135
2026-09-11T05:45:20Z,athalassas,FRC3,31,41,70,53,0.98,False,35.144718,33.362216
2026-09-11T05:45:20Z,lemesou,FRC3,26,48,39,21,1,False,35.149928,33.374288
2026-09-11T05:45:20Z,sp_kyprianou,FRC4,35,35,28,28,1,False,35.150176,33.339743
2026-09-11T05:45:20Z,archangelou,FRC3,49,49,28,28,1,False,35.135323,33.331244
2026-09-11T05:45:20Z,konstantinoup,FRC4,49,49,19,19,1,False,35.126091,33.34383
2026-09-11T05:45:20Z,stavrou,FRC3,39,39,71,71,1,False,35.136817,33.358074
2026-09-11T05:45:20Z,makedonitissas,FRC4,28,39,109,78,0.954355,False,35.14653,33.332584
2026-09-11T05:45:20Z,armenias,FRC4,28,39,46,33,0.97,False,35.152861,33.36736
2026-09-11T05:45:20Z,arch_kyprianou,FRC4,26,35,38,28,0.94,False,35.148093,33.341583
2026-09-11T05:45:20Z,a1_motorway,FRC0,109,109,342,342,1,False,35.074318,33.376958
2026-09-11T05:45:20Z,makariou_lakat,FRC4,45,45,270,270,1,False,35.088983,33.28557
2026-09-11T05:45:20Z,griva_digeni,FRC4,31,42,62,46,1,False,35.165117,33.340667
2026-09-11T05:45:20Z,aglantzias,FRC4,41,41,24,24,1,False,35.155801,33.382409
2026-09-11T05:45:20Z,kranidioti,FRC3,49,61,76,61,0.98,False,35.102546,33.313234
2026-09-11T05:45:20Z,perimetrikos,FRC4,59,59,17,17,1,False,35.113096,33.322016
2026-09-11T05:45:20Z,hatziiosif,FRC3,39,39,71,71,1,False,35.136817,33.358074
2026-09-11T05:45:20Z,perikleous,FRC4,40,40,11,11,1,False,35.138923,33.346836
2026-09-11T05:45:20Z,avraamidi,FRC4,44,44,23,23,1,False,35.141552,33.36142
2026-09-11T05:45:20Z,athinon,FRC4,35,35,2,2,1,False,35.139348,33.346279
2026-09-11T05:45:20Z,tasou_markou,FRC4,44,44,39,39,1,False,35.136146,33.369732
2026-09-11T05:45:20Z,peiraios,FRC3,22,36,85,52,0.96,False,35.148686,33.351249
2026-09-11T06:09:37Z,strovolou,FRC3,45,45,48,48,1,False,35.137521,33.333087
2026-09-11T06:09:37Z,tseriou,FRC4,22,40,37,20,0.97,False,35.13293,33.339276
2026-09-11T06:09:37Z,prodromou,FRC4,42,42,12,12,1,False,35.159656,33.3459
2026-09-11T06:09:37Z,akropoleos,FRC3,41,41,68,68,1,False,35.138676,33.358135
2026-09-11T06:09:37Z,athalassas,FRC3,34,42,63,51,0.98,False,35.144718,33.362216
2026-09-11T06:09:37Z,lemesou,FRC3,32,50,32,20,1,False,35.149928,33.374288
2026-09-11T06:09:37Z,sp_kyprianou,FRC4,35,35,28,28,1,False,35.150176,33.339743
2026-09-11T06:09:37Z,archangelou,FRC3,49,49,28,28,1,False,35.135323,33.331244
2026-09-11T06:09:37Z,konstantinoup,FRC4,49,49,19,19,1,False,35.126091,33.34383
2026-09-11T06:09:37Z,stavrou,FRC3,39,39,71,71,1,False,35.136817,33.358074
2026-09-11T06:09:37Z,makedonitissas,FRC4,29,40,105,76,0.99,False,35.14653,33.332584
2026-09-11T06:09:37Z,armenias,FRC4,28,38,46,34,0.95,False,35.152861,33.36736
2026-09-11T06:09:37Z,arch_kyprianou,FRC4,36,36,27,27,1,False,35.148093,33.341583
2026-09-11T06:09:37Z,a1_motorway,FRC0,109,109,342,342,1,False,35.074318,33.376958
2026-09-11T06:09:37Z,makariou_lakat,FRC4,45,45,270,270,1,False,35.088983,33.28557
2026-09-11T06:09:37Z,griva_digeni,FRC4,43,43,45,45,1,False,35.165117,33.340667
2026-09-11T06:09:37Z,aglantzias,FRC4,32,40,31,25,0.99,False,35.155801,33.382409
2026-09-11T06:09:37Z,kranidioti,FRC3,61,61,61,61,1,False,35.102546,33.313234
2026-09-11T06:09:37Z,perimetrikos,FRC4,59,59,17,17,1,False,35.113096,33.322016
2026-09-11T06:09:37Z,hatziiosif,FRC3,39,39,71,71,1,False,35.136817,33.358074
2026-09-11T06:09:37Z,perikleous,FRC4,40,40,11,11,1,False,35.138923,33.346836
2026-09-11T06:09:37Z,avraamidi,FRC4,44,44,23,23,1,False,35.141552,33.36142
2026-09-11T06:09:37Z,athinon,FRC4,35,35,2,2,1,False,35.139348,33.346279
2026-09-11T06:09:37Z,tasou_markou,FRC4,44,44,39,39,1,False,35.136146,33.369732
2026-09-11T06:09:37Z,peiraios,FRC3,25,37,75,50,0.98,False,35.148686,33.351249
2026-09-11T07:04:21Z,strovolou,FRC3,45,45,48,48,1,False,35.137521,33.333087
2026-09-11T07:04:21Z,tseriou,FRC4,20,40,41,20,0.96,False,35.13293,33.339276
2026-09-11T07:04:21Z,prodromou,FRC4,42,42,12,12,1,False,35.159656,33.3459
2026-09-11T07:04:21Z,akropoleos,FRC3,30,41,92,68,0.98,False,35.138676,33.358135
2026-09-11T07:04:21Z,athalassas,FRC3,31,42,70,51,0.98,False,35.144718,33.362216
2026-09-11T07:04:21Z,lemesou,FRC3,50,50,20,20,1,False,35.149928,33.374288
2026-09-11T07:04:21Z,sp_kyprianou,FRC4,26,34,38,29,0.97,False,35.150176,33.339743
2026-09-11T07:04:21Z,archangelou,FRC3,37,49,38,28,0.99,False,35.135323,33.331244
2026-09-11T07:04:21Z,konstantinoup,FRC4,49,49,19,19,1,False,35.126091,33.34383
2026-09-11T07:04:21Z,stavrou,FRC3,29,39,96,71,0.98,False,35.136817,33.358074
2026-09-11T07:04:21Z,makedonitissas,FRC4,30,39,102,78,0.95,False,35.14653,33.332584
2026-09-11T07:04:21Z,armenias,FRC4,28,38,46,34,0.95,False,35.152861,33.36736
2026-09-11T07:04:21Z,arch_kyprianou,FRC4,27,35,37,28,0.92,False,35.148093,33.341583
2026-09-11T07:04:21Z,a1_motorway,FRC0,109,109,342,342,1,False,35.074318,33.376958
2026-09-11T07:04:21Z,makariou_lakat,FRC4,45,45,270,270,1,False,35.088983,33.28557
2026-09-11T07:04:21Z,griva_digeni,FRC4,43,43,45,45,1,False,35.165117,33.340667
2026-09-11T07:04:21Z,aglantzias,FRC4,41,41,24,24,1,False,35.155801,33.382409
2026-09-11T07:04:21Z,kranidioti,FRC3,61,61,61,61,1,False,35.102546,33.313234
2026-09-11T07:04:21Z,perimetrikos,FRC4,59,59,17,17,1,False,35.113096,33.322016
2026-09-11T07:04:21Z,hatziiosif,FRC3,29,39,96,71,0.98,False,35.136817,33.358074
2026-09-11T07:04:21Z,perikleous,FRC4,27,40,17,11,0.95,False,35.138923,33.346836
2026-09-11T07:04:21Z,avraamidi,FRC4,44,44,23,23,1,False,35.141552,33.36142
2026-09-11T07:04:21Z,athinon,FRC4,35,35,2,2,1,False,35.139348,33.346279
2026-09-11T07:04:21Z,tasou_markou,FRC4,44,44,39,39,1,False,35.136146,33.369732
2026-09-11T07:04:21Z,peiraios,FRC3,22,36,85,52,0.97,False,35.148686,33.351249
2026-09-11T11:20:42Z,strovolou,FRC3,26,45,83,48,0.99,False,35.137521,33.333087
2026-09-11T11:20:42Z,tseriou,FRC4,28,41,29,20,0.95,False,35.13293,33.339276
2026-09-11T11:20:42Z,prodromou,FRC4,42,42,12,12,1,False,35.159656,33.3459
2026-09-11T11:20:42Z,akropoleos,FRC3,33,41,84,68,0.95,False,35.138676,33.358135
2026-09-11T11:20:42Z,athalassas,FRC3,32,41,67,53,0.93,False,35.144718,33.362216
2026-09-11T11:20:42Z,lemesou,FRC3,50,50,20,20,1,False,35.149928,33.374288
2026-09-11T11:20:42Z,sp_kyprianou,FRC4,35,35,28,28,1,False,35.150176,33.339743
2026-09-11T11:20:42Z,archangelou,FRC3,49,49,28,28,1,False,35.135323,33.331244
2026-09-11T11:20:42Z,konstantinoup,FRC4,49,49,19,19,1,False,35.126091,33.34383
2026-09-11T11:20:42Z,stavrou,FRC3,19,40,146,69,0.98,False,35.136817,33.358074
2026-09-11T11:20:42Z,makedonitissas,FRC4,32,40,95,76,0.97,False,35.14653,33.332584
2026-09-11T11:20:42Z,armenias,FRC4,20,38,65,34,0.98,False,35.152861,33.36736
2026-09-11T11:20:42Z,arch_kyprianou,FRC4,24,36,41,27,0.9,False,35.148093,33.341583
2026-09-11T11:20:42Z,a1_motorway,FRC0,109,109,342,342,1,False,35.074318,33.376958
2026-09-11T11:20:42Z,makariou_lakat,FRC4,45,45,270,270,1,False,35.088983,33.28557
2026-09-11T11:20:42Z,griva_digeni,FRC4,43,43,45,45,1,False,35.165117,33.340667
2026-09-11T11:20:42Z,aglantzias,FRC4,32,41,31,24,0.97,False,35.155801,33.382409
2026-09-11T11:20:42Z,kranidioti,FRC3,61,61,61,61,1,False,35.102546,33.313234
2026-09-11T11:20:42Z,perimetrikos,FRC4,59,59,17,17,1,False,35.113096,33.322016
2026-09-11T11:20:42Z,hatziiosif,FRC3,19,40,146,69,0.98,False,35.136817,33.358074
2026-09-11T11:20:42Z,perikleous,FRC4,27,39,17,12,0.97,False,35.138923,33.346836
2026-09-11T11:20:42Z,avraamidi,FRC4,44,44,23,23,1,False,35.141552,33.36142
2026-09-11T11:20:42Z,athinon,FRC4,35,35,2,2,1,False,35.139348,33.346279
2026-09-11T11:20:42Z,tasou_markou,FRC4,44,44,39,39,1,False,35.136146,33.369732
2026-09-11T11:20:42Z,peiraios,FRC3,20,38,93,49,0.979835,False,35.148686,33.351249
2026-09-11T12:01:12Z,strovolou,FRC3,24,45,90,48,0.99,False,35.137521,33.333087
2026-09-11T12:01:12Z,tseriou,FRC4,21,40,39,20,0.97,False,35.13293,33.339276
2026-09-11T12:01:12Z,prodromou,FRC4,42,42,12,12,1,False,35.159656,33.3459
2026-09-11T12:01:12Z,akropoleos,FRC3,41,41,68,68,1,False,35.138676,33.358135
2026-09-11T12:01:12Z,athalassas,FRC3,17,43,127,50,0.958779,False,35.144718,33.362216
2026-09-11T12:01:12Z,lemesou,FRC3,32,48,32,21,1,False,35.149928,33.374288
2026-09-11T12:01:12Z,sp_kyprianou,FRC4,35,35,28,28,1,False,35.150176,33.339743
2026-09-11T12:01:12Z,archangelou,FRC3,49,49,28,28,1,False,35.135323,33.331244
2026-09-11T12:01:12Z,konstantinoup,FRC4,49,49,19,19,1,False,35.126091,33.34383
2026-09-11T12:01:12Z,stavrou,FRC3,16,39,174,71,0.94,False,35.136817,33.358074
2026-09-11T12:01:12Z,makedonitissas,FRC4,31,39,98,78,0.97,False,35.14653,33.332584
2026-09-11T12:01:12Z,armenias,FRC4,4,41,327,31,0.95,False,35.152861,33.36736
2026-09-11T12:01:12Z,arch_kyprianou,FRC4,21,35,47,28,0.95,False,35.148093,33.341583
2026-09-11T12:01:12Z,a1_motorway,FRC0,109,109,342,342,1,False,35.074318,33.376958
2026-09-11T12:01:12Z,makariou_lakat,FRC4,38,45,320,270,0.93996,False,35.088983,33.28557
2026-09-11T12:01:12Z,griva_digeni,FRC4,43,43,45,45,1,False,35.165117,33.340667
2026-09-11T12:01:12Z,aglantzias,FRC4,41,41,24,24,1,False,35.155801,33.382409
2026-09-11T12:01:12Z,kranidioti,FRC3,61,61,61,61,1,False,35.102546,33.313234
2026-09-11T12:01:12Z,perimetrikos,FRC4,59,59,17,17,1,False,35.113096,33.322016
2026-09-11T12:01:12Z,hatziiosif,FRC3,16,39,174,71,0.94,False,35.136817,33.358074
2026-09-11T12:01:12Z,perikleous,FRC4,30,39,15,12,0.98,False,35.138923,33.346836
2026-09-11T12:01:12Z,avraamidi,FRC4,44,44,23,23,1,False,35.141552,33.36142
2026-09-11T12:01:12Z,athinon,FRC4,35,35,2,2,1,False,35.139348,33.346279
2026-09-11T12:01:12Z,tasou_markou,FRC4,44,44,39,39,1,False,35.136146,33.369732
2026-09-11T12:01:12Z,peiraios,FRC3,21,39,89,48,0.976931,False,35.148686,33.351249
2026-09-11T13:01:51Z,strovolou,FRC3,33,45,65,48,0.994872,False,35.137521,33.333087
2026-09-11T13:01:51Z,tseriou,FRC4,22,40,37,20,0.96,False,35.13293,33.339276
2026-09-11T13:01:51Z,prodromou,FRC4,42,42,12,12,1,False,35.159656,33.3459
2026-09-11T13:01:51Z,akropoleos,FRC3,25,40,111,69,0.98,False,35.138676,33.358135
2026-09-11T13:01:51Z,athalassas,FRC3,42,42,51,51,1,False,35.144718,33.362216
2026-09-11T13:01:51Z,lemesou,FRC3,33,49,31,20,1,False,35.149928,33.374288
2026-09-11T13:01:51Z,sp_kyprianou,FRC4,35,35,28,28,1,False,35.150176,33.339743
2026-09-11T13:01:51Z,archangelou,FRC3,23,48,61,29,0.97,False,35.135323,33.331244
2026-09-11T13:01:51Z,konstantinoup,FRC4,49,49,19,19,1,False,35.126091,33.34383
2026-09-11T13:01:51Z,stavrou,FRC3,34,45,82,61,0.962177,False,35.136817,33.358074
2026-09-11T13:01:51Z,makedonitissas,FRC4,25,40,122,76,0.97,False,35.14653,33.332584
2026-09-11T13:01:51Z,armenias,FRC4,22,38,59,34,0.93518,False,35.152861,33.36736
2026-09-11T13:01:51Z,arch_kyprianou,FRC4,21,35,47,28,0.97,False,35.148093,33.341583
2026-09-11T13:01:51Z,a1_motorway,FRC0,109,109,342,342,1,False,35.074318,33.376958
2026-09-11T13:01:51Z,makariou_lakat,FRC4,45,45,270,270,1,False,35.088983,33.28557
2026-09-11T13:01:51Z,griva_digeni,FRC4,43,43,45,45,1,False,35.165117,33.340667
2026-09-11T13:01:51Z,aglantzias,FRC4,41,41,24,24,1,False,35.155801,33.382409
2026-09-11T13:01:51Z,kranidioti,FRC3,61,61,61,61,1,False,35.102546,33.313234
2026-09-11T13:01:51Z,perimetrikos,FRC4,59,59,17,17,1,False,35.113096,33.322016
2026-09-11T13:01:51Z,hatziiosif,FRC3,34,45,82,61,0.962177,False,35.136817,33.358074
2026-09-11T13:01:51Z,perikleous,FRC4,20,39,23,12,0.98,False,35.138923,33.346836
2026-09-11T13:01:51Z,avraamidi,FRC4,44,44,23,23,1,False,35.141552,33.36142
2026-09-11T13:01:51Z,athinon,FRC4,27,35,3,2,0.98,False,35.139348,33.346279
2026-09-11T13:01:51Z,tasou_markou,FRC4,44,44,39,39,1,False,35.136146,33.369732
2026-09-11T13:01:51Z,peiraios,FRC3,13,37,144,50,0.994917,False,35.148686,33.351249
2026-09-11T17:03:26Z,strovolou,FRC3,45,45,48,48,1,False,35.137521,33.333087
2026-09-11T17:03:26Z,tseriou,FRC4,24,41,34,20,0.95,False,35.13293,33.339276
2026-09-11T17:03:26Z,prodromou,FRC4,42,42,12,12,1,False,35.159656,33.3459
2026-09-11T17:03:26Z,akropoleos,FRC3,41,41,68,68,1,False,35.138676,33.358135
2026-09-11T17:03:26Z,athalassas,FRC3,42,42,51,51,1,False,35.144718,33.362216
2026-09-11T17:03:26Z,lemesou,FRC3,35,50,29,20,0.99,False,35.149928,33.374288
2026-09-11T17:03:26Z,sp_kyprianou,FRC4,25,34,40,29,0.91,False,35.150176,33.339743
2026-09-11T17:03:26Z,archangelou,FRC3,49,49,28,28,1,False,35.135323,33.331244
2026-09-11T17:03:26Z,konstantinoup,FRC4,49,49,19,19,1,False,35.126091,33.34383
2026-09-11T17:03:26Z,stavrou,FRC3,24,38,116,73,0.98,False,35.136817,33.358074
2026-09-11T17:03:26Z,makedonitissas,FRC4,31,40,98,76,0.96,False,35.14653,33.332584
2026-09-11T17:03:26Z,armenias,FRC4,39,39,33,33,1,False,35.152861,33.36736
2026-09-11T17:03:26Z,arch_kyprianou,FRC4,36,36,27,27,1,False,35.148093,33.341583
2026-09-11T17:03:26Z,a1_motorway,FRC0,109,109,342,342,1,False,35.074318,33.376958
2026-09-11T17:03:26Z,makariou_lakat,FRC4,35,45,347,270,0.953184,False,35.088983,33.28557
2026-09-11T17:03:26Z,griva_digeni,FRC4,43,43,45,45,1,False,35.165117,33.340667
2026-09-11T17:03:26Z,aglantzias,FRC4,41,41,24,24,1,False,35.155801,33.382409
2026-09-11T17:03:26Z,kranidioti,FRC3,61,61,61,61,1,False,35.102546,33.313234
2026-09-11T17:03:26Z,perimetrikos,FRC4,59,59,17,17,1,False,35.113096,33.322016
2026-09-11T17:03:26Z,hatziiosif,FRC3,24,38,116,73,0.98,False,35.136817,33.358074
2026-09-11T17:03:26Z,perikleous,FRC4,40,40,11,11,1,False,35.138923,33.346836
2026-09-11T17:03:26Z,avraamidi,FRC4,44,44,23,23,1,False,35.141552,33.36142
2026-09-11T17:03:26Z,athinon,FRC4,35,35,2,2,1,False,35.139348,33.346279
2026-09-11T17:03:26Z,tasou_markou,FRC4,44,44,39,39,1,False,35.136146,33.369732
2026-09-11T17:03:26Z,peiraios,FRC3,24,36,78,52,0.89,False,35.148686,33.351249
2026-09-11T18:04:14Z,strovolou,FRC3,45,45,48,48,1,False,35.137521,33.333087
2026-09-11T18:04:14Z,tseriou,FRC4,28,41,29,20,0.71,False,35.13293,33.339276
2026-09-11T18:04:14Z,prodromou,FRC4,42,42,12,12,1,False,35.159656,33.3459
2026-09-11T18:04:14Z,akropoleos,FRC3,41,41,68,68,1,False,35.138676,33.358135
2026-09-11T18:04:14Z,athalassas,FRC3,42,42,51,51,1,False,35.144718,33.362216
2026-09-11T18:04:14Z,lemesou,FRC3,50,50,20,20,1,False,35.149928,33.374288
2026-09-11T18:04:14Z,sp_kyprianou,FRC4,35,35,28,28,1,False,35.150176,33.339743
2026-09-11T18:04:14Z,archangelou,FRC3,49,49,28,28,1,False,35.135323,33.331244
2026-09-11T18:04:14Z,konstantinoup,FRC4,49,49,19,19,1,False,35.126091,33.34383
2026-09-11T18:04:14Z,stavrou,FRC3,39,39,71,71,1,False,35.136817,33.358074
2026-09-11T18:04:14Z,makedonitissas,FRC4,40,40,76,76,1,False,35.14653,33.332584
2026-09-11T18:04:14Z,armenias,FRC4,39,39,33,33,1,False,35.152861,33.36736
2026-09-11T18:04:14Z,arch_kyprianou,FRC4,36,36,27,27,1,False,35.148093,33.341583
2026-09-11T18:04:14Z,a1_motorway,FRC0,109,109,342,342,1,False,35.074318,33.376958
2026-09-11T18:04:14Z,makariou_lakat,FRC4,45,45,270,270,1,False,35.088983,33.28557
2026-09-11T18:04:14Z,griva_digeni,FRC4,43,43,45,45,1,False,35.165117,33.340667
2026-09-11T18:04:14Z,aglantzias,FRC4,41,41,24,24,1,False,35.155801,33.382409
2026-09-11T18:04:14Z,kranidioti,FRC3,61,61,61,61,1,False,35.102546,33.313234
2026-09-11T18:04:14Z,perimetrikos,FRC4,59,59,17,17,1,False,35.113096,33.322016
2026-09-11T18:04:14Z,hatziiosif,FRC3,39,39,71,71,1,False,35.136817,33.358074
2026-09-11T18:04:14Z,perikleous,FRC4,40,40,11,11,1,False,35.138923,33.346836
2026-09-11T18:04:14Z,avraamidi,FRC4,44,44,23,23,1,False,35.141552,33.36142
2026-09-11T18:04:14Z,athinon,FRC4,35,35,2,2,1,False,35.139348,33.346279
2026-09-11T18:04:14Z,tasou_markou,FRC4,44,44,39,39,1,False,35.136146,33.369732
2026-09-11T18:04:14Z,peiraios,FRC3,27,37,69,50,0.97,False,35.148686,33.351249
2026-09-14T04:46:38Z,strovolou,FRC3,45,45,48,48,1,False,35.137521,33.333087
2026-09-14T04:46:38Z,tseriou,FRC4,25,41,32,20,0.95,False,35.13293,33.339276
2026-09-14T04:46:38Z,prodromou,FRC4,18,41,29,12,0.93,False,35.159656,33.3459
2026-09-14T04:46:38Z,akropoleos,FRC3,23,40,121,69,0.97,False,35.138676,33.358135
2026-09-14T04:46:38Z,athalassas,FRC3,28,42,77,51,0.99,False,35.144718,33.362216
2026-09-14T04:46:38Z,lemesou,FRC3,14,48,73,21,1,False,35.149928,33.374288
2026-09-14T04:46:38Z,sp_kyprianou,FRC4,13,36,77,28,0.98,False,35.150176,33.339743
2026-09-14T04:46:38Z,archangelou,FRC3,39,49,36,28,0.99,False,35.135323,33.331244
2026-09-14T04:46:38Z,konstantinoup,FRC4,49,49,19,19,1,False,35.126091,33.34383
2026-09-14T04:46:38Z,stavrou,FRC3,39,39,71,71,1,False,35.136817,33.358074
2026-09-14T04:46:38Z,makedonitissas,FRC4,29,40,105,76,0.98,False,35.14653,33.332584
2026-09-14T04:46:38Z,armenias,FRC4,27,39,48,33,0.93,False,35.152861,33.36736
2026-09-14T04:46:38Z,arch_kyprianou,FRC4,24,35,41,28,0.65,False,35.148093,33.341583
2026-09-14T04:46:38Z,a1_motorway,FRC0,109,109,342,342,1,False,35.074318,33.376958
2026-09-14T04:46:38Z,makariou_lakat,FRC4,45,45,270,270,1,False,35.088983,33.28557
2026-09-14T04:46:38Z,griva_digeni,FRC4,25,43,77,45,0.99,False,35.165117,33.340667
2026-09-14T04:46:38Z,aglantzias,FRC4,30,41,34,24,1,False,35.155801,33.382409
2026-09-14T04:46:38Z,kranidioti,FRC3,61,61,61,61,1,False,35.102546,33.313234
2026-09-14T04:46:38Z,perimetrikos,FRC4,59,59,17,17,1,False,35.113096,33.322016
2026-09-14T04:46:38Z,hatziiosif,FRC3,39,39,71,71,1,False,35.136817,33.358074
2026-09-14T04:46:38Z,perikleous,FRC4,40,40,11,11,1,False,35.138923,33.346836
2026-09-14T04:46:38Z,avraamidi,FRC4,44,44,23,23,1,False,35.141552,33.36142
2026-09-14T04:46:38Z,athinon,FRC4,35,35,2,2,1,False,35.139348,33.346279
2026-09-14T04:46:38Z,tasou_markou,FRC4,44,44,39,39,1,False,35.136146,33.369732
2026-09-14T04:46:38Z,peiraios,FRC3,5,40,375,46,0.99,False,35.148686,33.351249
2026-09-14T05:07:20Z,strovolou,FRC3,45,45,48,48,1,False,35.137521,33.333087
2026-09-14T05:07:20Z,tseriou,FRC4,30,41,27,20,0.93,False,35.13293,33.339276
2026-09-14T05:07:20Z,prodromou,FRC4,42,42,12,12,1,False,35.159656,33.3459
2026-09-14T05:07:20Z,akropoleos,FRC3,30,41,92,68,0.99,False,35.138676,33.358135
2026-09-14T05:07:20Z,athalassas,FRC3,22,42,98,51,0.98,False,35.144718,33.362216
2026-09-14T05:07:20Z,lemesou,FRC3,9,52,113,19,1,False,35.149928,33.374288
2026-09-14T05:07:20Z,sp_kyprianou,FRC4,16,34,63,29,0.99,False,35.150176,33.339743
2026-09-14T05:07:20Z,archangelou,FRC3,40,47,35,30,0.99,False,35.135323,33.331244
2026-09-14T05:07:20Z,konstantinoup,FRC4,49,49,19,19,1,False,35.126091,33.34383
2026-09-14T05:07:20Z,stavrou,FRC3,28,38,99,73,0.98,False,35.136817,33.358074
2026-09-14T05:07:20Z,makedonitissas,FRC4,31,40,98,76,0.94,False,35.14653,33.332584
2026-09-14T05:07:20Z,armenias,FRC4,27,38,48,34,0.92,False,35.152861,33.36736
2026-09-14T05:07:20Z,arch_kyprianou,FRC4,21,35,47,28,0.7,False,35.148093,33.341583
2026-09-14T05:07:20Z,a1_motorway,FRC0,109,109,342,342,1,False,35.074318,33.376958
2026-09-14T05:07:20Z,makariou_lakat,FRC4,39,45,311,270,0.976851,False,35.088983,33.28557
2026-09-14T05:07:20Z,griva_digeni,FRC4,28,43,69,45,0.99,False,35.165117,33.340667
2026-09-14T05:07:20Z,aglantzias,FRC4,28,41,36,24,0.99,False,35.155801,33.382409
2026-09-14T05:07:20Z,kranidioti,FRC3,61,61,61,61,1,False,35.102546,33.313234
2026-09-14T05:07:20Z,perimetrikos,FRC4,59,59,17,17,1,False,35.113096,33.322016
2026-09-14T05:07:20Z,hatziiosif,FRC3,28,38,99,73,0.98,False,35.136817,33.358074
2026-09-14T05:07:20Z,perikleous,FRC4,40,40,11,11,1,False,35.138923,33.346836
2026-09-14T05:07:20Z,avraamidi,FRC4,44,44,23,23,1,False,35.141552,33.36142
2026-09-14T05:07:20Z,athinon,FRC4,35,35,2,2,1,False,35.139348,33.346279
2026-09-14T05:07:20Z,tasou_markou,FRC4,44,44,39,39,1,False,35.136146,33.369732
2026-09-14T05:07:20Z,peiraios,FRC3,5,37,375,50,0.98,False,35.148686,33.351249
2026-09-14T05:28:04Z,strovolou,FRC3,45,45,48,48,1,False,35.137521,33.333087
2026-09-14T05:28:04Z,tseriou,FRC4,24,41,34,20,0.91,False,35.13293,33.339276
2026-09-14T05:28:04Z,prodromou,FRC4,42,42,12,12,1,False,35.159656,33.3459
2026-09-14T05:28:04Z,akropoleos,FRC3,30,41,92,68,0.98,False,35.138676,33.358135
2026-09-14T05:28:04Z,athalassas,FRC3,42,42,51,51,1,False,35.144718,33.362216
2026-09-14T05:28:04Z,lemesou,FRC3,12,49,85,20,1,False,35.149928,33.374288
2026-09-14T05:28:04Z,sp_kyprianou,FRC4,27,35,37,28,0.98,False,35.150176,33.339743
2026-09-14T05:28:04Z,archangelou,FRC3,49,49,28,28,1,False,35.135323,33.331244
2026-09-14T05:28:04Z,konstantinoup,FRC4,49,49,19,19,1,False,35.126091,33.34383
2026-09-14T05:28:04Z,stavrou,FRC3,31,38,89,73,0.93,False,35.136817,33.358074
2026-09-14T05:28:04Z,makedonitissas,FRC4,30,40,102,76,0.96,False,35.14653,33.332584
2026-09-14T05:28:04Z,armenias,FRC4,30,39,43,33,0.91,False,35.152861,33.36736
2026-09-14T05:28:04Z,arch_kyprianou,FRC4,22,36,45,27,0.83,False,35.148093,33.341583
2026-09-14T05:28:04Z,a1_motorway,FRC0,109,109,342,342,1,False,35.074318,33.376958
2026-09-14T05:28:04Z,makariou_lakat,FRC4,45,45,270,270,1,False,35.088983,33.28557
2026-09-14T05:28:04Z,griva_digeni,FRC4,26,43,74,45,0.99,False,35.165117,33.340667
2026-09-14T05:28:04Z,aglantzias,FRC4,41,41,24,24,1,False,35.155801,33.382409
2026-09-14T05:28:04Z,kranidioti,FRC3,61,61,61,61,1,False,35.102546,33.313234
2026-09-14T05:28:04Z,perimetrikos,FRC4,59,59,17,17,1,False,35.113096,33.322016
2026-09-14T05:28:04Z,hatziiosif,FRC3,31,38,89,73,0.93,False,35.136817,33.358074
2026-09-14T05:28:04Z,perikleous,FRC4,30,39,15,12,0.98,False,35.138923,33.346836
2026-09-14T05:28:04Z,avraamidi,FRC4,44,44,23,23,1,False,35.141552,33.36142
2026-09-14T05:28:04Z,athinon,FRC4,35,35,2,2,1,False,35.139348,33.346279
2026-09-14T05:28:04Z,tasou_markou,FRC4,44,44,39,39,1,False,35.136146,33.369732
2026-09-14T05:28:04Z,peiraios,FRC3,15,38,125,49,0.947502,False,35.148686,33.351249
2026-09-14T05:48:50Z,strovolou,FRC3,45,45,48,48,1,False,35.137521,33.333087
2026-09-14T05:48:50Z,tseriou,FRC4,30,40,27,20,0.68,False,35.13293,33.339276
2026-09-14T05:48:50Z,prodromou,FRC4,42,42,12,12,1,False,35.159656,33.3459
2026-09-14T05:48:50Z,akropoleos,FRC3,41,41,68,68,1,False,35.138676,33.358135
2026-09-14T05:48:50Z,athalassas,FRC3,28,41,77,53,0.96,False,35.144718,33.362216
2026-09-14T05:48:50Z,lemesou,FRC3,11,50,93,20,1,False,35.149928,33.374288
2026-09-14T05:48:50Z,sp_kyprianou,FRC4,35,35,28,28,1,False,35.150176,33.339743
2026-09-14T05:48:50Z,archangelou,FRC3,35,48,40,29,0.99,False,35.135323,33.331244
2026-09-14T05:48:50Z,konstantinoup,FRC4,49,49,19,19,1,False,35.126091,33.34383
2026-09-14T05:48:50Z,stavrou,FRC3,39,39,71,71,1,False,35.136817,33.358074
2026-09-14T05:48:50Z,makedonitissas,FRC4,25,39,122,78,0.94,False,35.14653,33.332584
2026-09-14T05:48:50Z,armenias,FRC4,30,38,43,34,0.91,False,35.152861,33.36736
2026-09-14T05:48:50Z,arch_kyprianou,FRC4,36,36,27,27,1,False,35.148093,33.341583
2026-09-14T05:48:50Z,a1_motorway,FRC0,109,109,342,342,1,False,35.074318,33.376958
2026-09-14T05:48:50Z,makariou_lakat,FRC4,36,45,337,270,0.98,False,35.088983,33.28557
2026-09-14T05:48:50Z,griva_digeni,FRC4,25,42,77,46,0.99,False,35.165117,33.340667
2026-09-14T05:48:50Z,aglantzias,FRC4,32,40,31,25,1,False,35.155801,33.382409
2026-09-14T05:48:50Z,kranidioti,FRC3,61,61,61,61,1,False,35.102546,33.313234
2026-09-14T05:48:50Z,perimetrikos,FRC4,59,59,17,17,1,False,35.113096,33.322016
2026-09-14T05:48:50Z,hatziiosif,FRC3,39,39,71,71,1,False,35.136817,33.358074
2026-09-14T05:48:50Z,perikleous,FRC4,40,40,11,11,1,False,35.138923,33.346836
2026-09-14T05:48:50Z,avraamidi,FRC4,44,44,23,23,1,False,35.141552,33.36142
2026-09-14T05:48:50Z,athinon,FRC4,35,35,2,2,1,False,35.139348,33.346279
2026-09-14T05:48:50Z,tasou_markou,FRC4,44,44,39,39,1,False,35.136146,33.369732
2026-09-14T05:48:50Z,peiraios,FRC3,11,40,170,46,0.941944,False,35.148686,33.351249
2026-09-14T06:09:08Z,strovolou,FRC3,45,45,48,48,1,False,35.137521,33.333087
2026-09-14T06:09:08Z,tseriou,FRC4,21,40,39,20,0.92,False,35.13293,33.339276
2026-09-14T06:09:08Z,prodromou,FRC4,42,42,12,12,1,False,35.159656,33.3459
2026-09-14T06:09:08Z,akropoleos,FRC3,41,41,68,68,1,False,35.138676,33.358135
2026-09-14T06:09:08Z,athalassas,FRC3,28,42,77,51,0.98,False,35.144718,33.362216
2026-09-14T06:09:08Z,lemesou,FRC3,26,49,39,20,1,False,35.149928,33.374288
2026-09-14T06:09:08Z,sp_kyprianou,FRC4,35,35,28,28,1,False,35.150176,33.339743
2026-09-14T06:09:08Z,archangelou,FRC3,36,49,39,28,0.99,False,35.135323,33.331244
2026-09-14T06:09:08Z,konstantinoup,FRC4,49,49,19,19,1,False,35.126091,33.34383
2026-09-14T06:09:08Z,stavrou,FRC3,31,39,89,71,0.91,False,35.136817,33.358074
2026-09-14T06:09:08Z,makedonitissas,FRC4,29,40,105,76,0.96,False,35.14653,33.332584
2026-09-14T06:09:08Z,armenias,FRC4,39,39,33,33,1,False,35.152861,33.36736
2026-09-14T06:09:08Z,arch_kyprianou,FRC4,36,36,27,27,1,False,35.148093,33.341583
2026-09-14T06:09:08Z,a1_motorway,FRC0,109,109,342,342,1,False,35.074318,33.376958
2026-09-14T06:09:08Z,makariou_lakat,FRC4,45,45,270,270,1,False,35.088983,33.28557
2026-09-14T06:09:08Z,griva_digeni,FRC4,31,43,62,45,0.99,False,35.165117,33.340667
2026-09-14T06:09:08Z,aglantzias,FRC4,32,41,31,24,0.99,False,35.155801,33.382409
2026-09-14T06:09:08Z,kranidioti,FRC3,61,61,61,61,1,False,35.102546,33.313234
2026-09-14T06:09:08Z,perimetrikos,FRC4,59,59,17,17,1,False,35.113096,33.322016
2026-09-14T06:09:08Z,hatziiosif,FRC3,31,39,89,71,0.91,False,35.136817,33.358074
2026-09-14T06:09:08Z,perikleous,FRC4,40,40,11,11,1,False,35.138923,33.346836
2026-09-14T06:09:08Z,avraamidi,FRC4,44,44,23,23,1,False,35.141552,33.36142
2026-09-14T06:09:08Z,athinon,FRC4,35,35,2,2,1,False,35.139348,33.346279
2026-09-14T06:09:08Z,tasou_markou,FRC4,44,44,39,39,1,False,35.136146,33.369732
2026-09-14T06:09:08Z,peiraios,FRC3,15,37,125,50,0.97,False,35.148686,33.351249
2026-09-14T07:09:54Z,strovolou,FRC3,45,45,48,48,1,False,35.137521,33.333087
2026-09-14T07:09:54Z,tseriou,FRC4,27,40,30,20,0.94,False,35.13293,33.339276
2026-09-14T07:09:54Z,prodromou,FRC4,42,42,12,12,1,False,35.159656,33.3459
2026-09-14T07:09:54Z,akropoleos,FRC3,29,40,96,69,0.98,False,35.138676,33.358135
2026-09-14T07:09:54Z,athalassas,FRC3,33,42,65,51,0.94,False,35.144718,33.362216
2026-09-14T07:09:54Z,lemesou,FRC3,50,50,20,20,1,False,35.149928,33.374288
2026-09-14T07:09:54Z,sp_kyprianou,FRC4,23,34,44,29,0.94,False,35.150176,33.339743
2026-09-14T07:09:54Z,archangelou,FRC3,49,49,28,28,1,False,35.135323,33.331244
2026-09-14T07:09:54Z,konstantinoup,FRC4,49,49,19,19,1,False,35.126091,33.34383
2026-09-14T07:09:54Z,stavrou,FRC3,39,39,71,71,1,False,35.136817,33.358074
2026-09-14T07:09:54Z,makedonitissas,FRC4,15,39,204,78,0.98287,False,35.14653,33.332584
2026-09-14T07:09:54Z,armenias,FRC4,39,39,33,33,1,False,35.152861,33.36736
2026-09-14T07:09:54Z,arch_kyprianou,FRC4,36,36,27,27,1,False,35.148093,33.341583
2026-09-14T07:09:54Z,a1_motorway,FRC0,109,109,342,342,1,False,35.074318,33.376958
2026-09-14T07:09:54Z,makariou_lakat,FRC4,45,45,270,270,1,False,35.088983,33.28557
2026-09-14T07:09:54Z,griva_digeni,FRC4,43,43,45,45,1,False,35.165117,33.340667
2026-09-14T07:09:54Z,aglantzias,FRC4,41,41,24,24,1,False,35.155801,33.382409
2026-09-14T07:09:54Z,kranidioti,FRC3,61,61,61,61,1,False,35.102546,33.313234
2026-09-14T07:09:54Z,perimetrikos,FRC4,59,59,17,17,1,False,35.113096,33.322016
2026-09-14T07:09:54Z,hatziiosif,FRC3,39,39,71,71,1,False,35.136817,33.358074
2026-09-14T07:09:54Z,perikleous,FRC4,40,40,11,11,1,False,35.138923,33.346836
2026-09-14T07:09:54Z,avraamidi,FRC4,44,44,23,23,1,False,35.141552,33.36142
2026-09-14T07:09:54Z,athinon,FRC4,35,35,2,2,1,False,35.139348,33.346279
2026-09-14T07:09:54Z,tasou_markou,FRC4,44,44,39,39,1,False,35.136146,33.369732
2026-09-14T07:09:54Z,peiraios,FRC3,17,37,110,50,0.97,False,35.148686,33.351249
2026-09-14T13:05:24Z,strovolou,FRC3,45,45,48,48,1,False,35.137521,33.333087
2026-09-14T13:05:24Z,tseriou,FRC4,26,40,31,20,0.97,False,35.13293,33.339276
2026-09-14T13:05:24Z,prodromou,FRC4,42,42,12,12,1,False,35.159656,33.3459
2026-09-14T13:05:24Z,akropoleos,FRC3,29,40,96,69,0.99,False,35.138676,33.358135
2026-09-14T13:05:24Z,athalassas,FRC3,42,42,51,51,1,False,35.144718,33.362216
2026-09-14T13:05:24Z,lemesou,FRC3,50,50,20,20,1,False,35.149928,33.374288
2026-09-14T13:05:24Z,sp_kyprianou,FRC4,34,34,29,29,1,False,35.150176,33.339743
2026-09-14T13:05:24Z,archangelou,FRC3,49,49,28,28,1,False,35.135323,33.331244
2026-09-14T13:05:24Z,konstantinoup,FRC4,48,48,20,20,1,False,35.126091,33.34383
2026-09-14T13:05:24Z,stavrou,FRC3,39,39,71,71,1,False,35.136817,33.358074
2026-09-14T13:05:24Z,makedonitissas,FRC4,30,39,102,78,0.94,False,35.14653,33.332584
2026-09-14T13:05:24Z,armenias,FRC4,30,39,43,33,0.99,False,35.152861,33.36736
2026-09-14T13:05:24Z,arch_kyprianou,FRC4,23,35,43,28,0.85,False,35.148093,33.341583
2026-09-14T13:05:24Z,a1_motorway,FRC0,109,109,342,342,1,False,35.074318,33.376958
2026-09-14T13:05:24Z,makariou_lakat,FRC4,38,46,320,264,0.959369,False,35.088983,33.28557
2026-09-14T13:05:24Z,griva_digeni,FRC4,30,42,64,46,0.97,False,35.165117,33.340667
2026-09-14T13:05:24Z,aglantzias,FRC4,27,40,37,25,0.98,False,35.155801,33.382409
2026-09-14T13:05:24Z,kranidioti,FRC3,61,61,61,61,1,False,35.102546,33.313234
2026-09-14T13:05:24Z,perimetrikos,FRC4,59,59,17,17,1,False,35.113096,33.322016
2026-09-14T13:05:24Z,hatziiosif,FRC3,39,39,71,71,1,False,35.136817,33.358074
2026-09-14T13:05:24Z,perikleous,FRC4,12,38,39,12,0.98,False,35.138923,33.346836
2026-09-14T13:05:24Z,avraamidi,FRC4,43,43,23,23,1,False,35.141552,33.36142
2026-09-14T13:05:24Z,athinon,FRC4,35,35,2,2,1,False,35.139348,33.346279
2026-09-14T13:05:24Z,tasou_markou,FRC4,44,44,39,39,1,False,35.136146,33.369732
2026-09-14T13:05:24Z,peiraios,FRC3,27,38,69,49,0.986931,False,35.148686,33.351249
2026-09-14T13:46:16Z,strovolou,FRC3,45,45,48,48,1,False,35.137521,33.333087
2026-09-14T13:46:16Z,tseriou,FRC4,10,42,82,19,0.98,False,35.13293,33.339276
2026-09-14T13:46:16Z,prodromou,FRC4,42,42,12,12,1,False,35.159656,33.3459
2026-09-14T13:46:16Z,akropoleos,FRC3,41,41,68,68,1,False,35.138676,33.358135
2026-09-14T13:46:16Z,athalassas,FRC3,42,42,51,51,1,False,35.144718,33.362216
2026-09-14T13:46:16Z,lemesou,FRC3,50,50,20,20,1,False,35.149928,33.374288
2026-09-14T13:46:16Z,sp_kyprianou,FRC4,34,34,29,29,1,False,35.150176,33.339743
2026-09-14T13:46:16Z,archangelou,FRC3,49,49,28,28,1,False,35.135323,33.331244
2026-09-14T13:46:16Z,konstantinoup,FRC4,48,48,20,20,1,False,35.126091,33.34383
2026-09-14T13:46:16Z,stavrou,FRC3,26,38,107,73,0.97,False,35.136817,33.358074
2026-09-14T13:46:16Z,makedonitissas,FRC4,24,40,127,76,0.98,False,35.14653,33.332584
2026-09-14T13:46:16Z,armenias,FRC4,26,39,50,33,0.98,False,35.152861,33.36736
2026-09-14T13:46:16Z,arch_kyprianou,FRC4,36,36,27,27,1,False,35.148093,33.341583
2026-09-14T13:46:16Z,a1_motorway,FRC0,109,109,342,342,1,False,35.074318,33.376958
2026-09-14T13:46:16Z,makariou_lakat,FRC4,45,45,270,270,1,False,35.088983,33.28557
2026-09-14T13:46:16Z,griva_digeni,FRC4,43,43,45,45,1,False,35.165117,33.340667
2026-09-14T13:46:16Z,aglantzias,FRC4,41,41,24,24,1,False,35.155801,33.382409
2026-09-14T13:46:16Z,kranidioti,FRC3,61,61,61,61,1,False,35.102546,33.313234
2026-09-14T13:46:16Z,perimetrikos,FRC4,59,59,17,17,1,False,35.113096,33.322016
2026-09-14T13:46:16Z,hatziiosif,FRC3,26,38,107,73,0.97,False,35.136817,33.358074
2026-09-14T13:46:16Z,perikleous,FRC4,40,40,11,11,1,False,35.138923,33.346836
2026-09-14T13:46:16Z,avraamidi,FRC4,43,43,23,23,1,False,35.141552,33.36142
2026-09-14T13:46:16Z,athinon,FRC4,35,35,2,2,1,False,35.139348,33.346279
2026-09-14T13:46:16Z,tasou_markou,FRC4,44,44,39,39,1,False,35.136146,33.369732
2026-09-14T13:46:16Z,peiraios,FRC3,18,37,104,50,0.98,False,35.148686,33.351249
2026-09-14T14:06:59Z,strovolou,FRC3,45,45,48,48,1,False,35.137521,33.333087
2026-09-14T14:06:59Z,tseriou,FRC4,19,40,43,20,0.99,False,35.13293,33.339276
2026-09-14T14:06:59Z,prodromou,FRC4,42,42,12,12,1,False,35.159656,33.3459
2026-09-14T14:06:59Z,akropoleos,FRC3,31,40,89,69,0.98,False,35.138676,33.358135
2026-09-14T14:06:59Z,athalassas,FRC3,24,41,90,53,0.94,False,35.144718,33.362216
2026-09-14T14:06:59Z,lemesou,FRC3,36,50,28,20,1,False,35.149928,33.374288
2026-09-14T14:06:59Z,sp_kyprianou,FRC4,34,34,29,29,1,False,35.150176,33.339743
2026-09-14T14:06:59Z,archangelou,FRC3,49,49,28,28,1,False,35.135323,33.331244
2026-09-14T14:06:59Z,konstantinoup,FRC4,48,48,20,20,1,False,35.126091,33.34383
2026-09-14T14:06:59Z,stavrou,FRC3,29,38,96,73,0.96,False,35.136817,33.358074
2026-09-14T14:06:59Z,makedonitissas,FRC4,25,39,122,78,0.96,False,35.14653,33.332584
2026-09-14T14:06:59Z,armenias,FRC4,20,38,65,34,0.97,False,35.152861,33.36736
2026-09-14T14:06:59Z,arch_kyprianou,FRC4,21,35,47,28,0.93,False,35.148093,33.341583
2026-09-14T14:06:59Z,a1_motorway,FRC0,109,109,342,342,1,False,35.074318,33.376958
2026-09-14T14:06:59Z,makariou_lakat,FRC4,37,45,328,270,0.914524,False,35.088983,33.28557
2026-09-14T14:06:59Z,griva_digeni,FRC4,43,43,45,45,1,False,35.165117,33.340667
2026-09-14T14:06:59Z,aglantzias,FRC4,41,41,24,24,1,False,35.155801,33.382409
2026-09-14T14:06:59Z,kranidioti,FRC3,61,61,61,61,1,False,35.102546,33.313234
2026-09-14T14:06:59Z,perimetrikos,FRC4,59,59,17,17,1,False,35.113096,33.322016
2026-09-14T14:06:59Z,hatziiosif,FRC3,29,38,96,73,0.96,False,35.136817,33.358074
2026-09-14T14:06:59Z,perikleous,FRC4,24,39,19,12,0.97,False,35.138923,33.346836
2026-09-14T14:06:59Z,avraamidi,FRC4,43,43,23,23,1,False,35.141552,33.36142
2026-09-14T14:06:59Z,athinon,FRC4,35,35,2,2,1,False,35.139348,33.346279
2026-09-14T14:06:59Z,tasou_markou,FRC4,44,44,39,39,1,False,35.136146,33.369732
2026-09-14T14:06:59Z,peiraios,FRC3,15,36,125,52,0.98,False,35.148686,33.351249
2026-09-14T14:27:41Z,strovolou,FRC3,35,45,61,48,1,False,35.137521,33.333087
2026-09-14T14:27:41Z,tseriou,FRC4,18,41,45,20,0.91,False,35.13293,33.339276
2026-09-14T14:27:41Z,prodromou,FRC4,42,42,12,12,1,False,35.159656,33.3459
2026-09-14T14:27:41Z,akropoleos,FRC3,27,40,103,69,0.99,False,35.138676,33.358135
2026-09-14T14:27:41Z,athalassas,FRC3,32,42,67,51,0.98,False,35.144718,33.362216
2026-09-14T14:27:41Z,lemesou,FRC3,50,50,20,20,1,False,35.149928,33.374288
2026-09-14T14:27:41Z,sp_kyprianou,FRC4,34,34,29,29,1,False,35.150176,33.339743
2026-09-14T14:27:41Z,archangelou,FRC3,36,49,39,28,0.98,False,35.135323,33.331244
2026-09-14T14:27:41Z,konstantinoup,FRC4,48,48,20,20,1,False,35.126091,33.34383
2026-09-14T14:27:41Z,stavrou,FRC3,38,44,73,63,0.97,False,35.136817,33.358074
2026-09-14T14:27:41Z,makedonitissas,FRC4,27,40,113,76,0.95,False,35.14653,33.332584
2026-09-14T14:27:41Z,armenias,FRC4,27,39,48,33,0.99,False,35.152861,33.36736
2026-09-14T14:27:41Z,arch_kyprianou,FRC4,26,36,38,27,0.91,False,35.148093,33.341583
2026-09-14T14:27:41Z,a1_motorway,FRC0,109,109,342,342,1,False,35.074318,33.376958
2026-09-14T14:27:41Z,makariou_lakat,FRC4,38,46,320,264,0.954008,False,35.088983,33.28557
2026-09-14T14:27:41Z,griva_digeni,FRC4,43,43,45,45,1,False,35.165117,33.340667
2026-09-14T14:27:41Z,aglantzias,FRC4,41,41,24,24,1,False,35.155801,33.382409
2026-09-14T14:27:41Z,kranidioti,FRC3,61,61,61,61,1,False,35.102546,33.313234
2026-09-14T14:27:41Z,perimetrikos,FRC4,44,57,23,18,0.98,False,35.113096,33.322016
2026-09-14T14:27:41Z,hatziiosif,FRC3,38,44,73,63,0.97,False,35.136817,33.358074
2026-09-14T14:27:41Z,perikleous,FRC4,23,39,20,12,0.98,False,35.138923,33.346836
2026-09-14T14:27:41Z,avraamidi,FRC4,43,43,23,23,1,False,35.141552,33.36142
2026-09-14T14:27:41Z,athinon,FRC4,35,35,2,2,1,False,35.139348,33.346279
2026-09-14T14:27:41Z,tasou_markou,FRC4,44,44,39,39,1,False,35.136146,33.369732
2026-09-14T14:27:41Z,peiraios,FRC3,16,38,117,49,0.98,False,35.148686,33.351249
2026-09-14T14:48:26Z,strovolou,FRC3,45,45,48,48,1,False,35.137521,33.333087
2026-09-14T14:48:26Z,tseriou,FRC4,19,40,43,20,0.91,False,35.13293,33.339276
2026-09-14T14:48:26Z,prodromou,FRC4,42,42,12,12,1,False,35.159656,33.3459
2026-09-14T14:48:26Z,akropoleos,FRC3,23,40,121,69,0.98,False,35.138676,33.358135
2026-09-14T14:48:26Z,athalassas,FRC3,42,42,51,51,1,False,35.144718,33.362216
2026-09-14T14:48:26Z,lemesou,FRC3,50,50,20,20,1,False,35.149928,33.374288
2026-09-14T14:48:26Z,sp_kyprianou,FRC4,34,34,29,29,1,False,35.150176,33.339743
2026-09-14T14:48:26Z,archangelou,FRC3,33,49,42,28,0.98,False,35.135323,33.331244
2026-09-14T14:48:26Z,konstantinoup,FRC4,48,48,20,20,1,False,35.126091,33.34383
2026-09-14T14:48:26Z,stavrou,FRC3,24,39,116,71,0.97,False,35.136817,33.358074
2026-09-14T14:48:26Z,makedonitissas,FRC4,28,39,109,78,0.96,False,35.14653,33.332584
2026-09-14T14:48:26Z,armenias,FRC4,21,39,62,33,0.982474,False,35.152861,33.36736
2026-09-14T14:48:26Z,arch_kyprianou,FRC4,20,36,50,27,0.86,False,35.148093,33.341583
2026-09-14T14:48:26Z,a1_motorway,FRC0,109,109,342,342,1,False,35.074318,33.376958
2026-09-14T14:48:26Z,makariou_lakat,FRC4,36,45,337,270,0.879677,False,35.088983,33.28557
2026-09-14T14:48:26Z,griva_digeni,FRC4,43,43,45,45,1,False,35.165117,33.340667
2026-09-14T14:48:26Z,aglantzias,FRC4,28,41,36,24,0.99,False,35.155801,33.382409
2026-09-14T14:48:26Z,kranidioti,FRC3,61,61,61,61,1,False,35.102546,33.313234
2026-09-14T14:48:26Z,perimetrikos,FRC4,59,59,17,17,1,False,35.113096,33.322016
2026-09-14T14:48:26Z,hatziiosif,FRC3,24,39,116,71,0.97,False,35.136817,33.358074
2026-09-14T14:48:26Z,perikleous,FRC4,21,40,22,11,0.97,False,35.138923,33.346836
2026-09-14T14:48:26Z,avraamidi,FRC4,43,43,23,23,1,False,35.141552,33.36142
2026-09-14T14:48:26Z,athinon,FRC4,23,35,4,2,0.97,False,35.139348,33.346279
2026-09-14T14:48:26Z,tasou_markou,FRC4,44,44,39,39,1,False,35.136146,33.369732
2026-09-14T14:48:26Z,peiraios,FRC3,17,37,110,50,0.97,False,35.148686,33.351249
2026-09-14T15:09:12Z,strovolou,FRC3,45,45,48,48,1,False,35.137521,33.333087
2026-09-14T15:09:12Z,tseriou,FRC4,28,40,29,20,0.94,False,35.13293,33.339276
2026-09-14T15:09:12Z,prodromou,FRC4,42,42,12,12,1,False,35.159656,33.3459
2026-09-14T15:09:12Z,akropoleos,FRC3,32,41,87,68,0.96,False,35.138676,33.358135
2026-09-14T15:09:12Z,athalassas,FRC3,42,42,51,51,1,False,35.144718,33.362216
2026-09-14T15:09:12Z,lemesou,FRC3,43,49,23,20,0.99,False,35.149928,33.374288
2026-09-14T15:09:12Z,sp_kyprianou,FRC4,34,34,29,29,1,False,35.150176,33.339743
2026-09-14T15:09:12Z,archangelou,FRC3,35,49,40,28,0.98,False,35.135323,33.331244
2026-09-14T15:09:12Z,konstantinoup,FRC4,48,48,20,20,1,False,35.126091,33.34383
2026-09-14T15:09:12Z,stavrou,FRC3,30,38,92,73,0.99,False,35.136817,33.358074
2026-09-14T15:09:12Z,makedonitissas,FRC4,40,40,76,76,1,False,35.14653,33.332584
2026-09-14T15:09:12Z,armenias,FRC4,20,40,65,32,0.96,False,35.152861,33.36736
2026-09-14T15:09:12Z,arch_kyprianou,FRC4,21,36,47,27,0.84,False,35.148093,33.341583
2026-09-14T15:09:12Z,a1_motorway,FRC0,109,109,342,342,1,False,35.074318,33.376958
2026-09-14T15:09:12Z,makariou_lakat,FRC4,38,45,320,270,0.924837,False,35.088983,33.28557
2026-09-14T15:09:12Z,griva_digeni,FRC4,43,43,45,45,1,False,35.165117,33.340667
2026-09-14T15:09:12Z,aglantzias,FRC4,30,40,34,25,0.98,False,35.155801,33.382409
2026-09-14T15:09:12Z,kranidioti,FRC3,50,60,74,62,0.98,False,35.102546,33.313234
2026-09-14T15:09:12Z,perimetrikos,FRC4,59,59,17,17,1,False,35.113096,33.322016
2026-09-14T15:09:12Z,hatziiosif,FRC3,30,38,92,73,0.99,False,35.136817,33.358074
2026-09-14T15:09:12Z,perikleous,FRC4,19,41,24,11,0.96,False,35.138923,33.346836
2026-09-14T15:09:12Z,avraamidi,FRC4,43,43,23,23,1,False,35.141552,33.36142
2026-09-14T15:09:12Z,athinon,FRC4,35,35,2,2,1,False,35.139348,33.346279
2026-09-14T15:09:12Z,tasou_markou,FRC4,44,44,39,39,1,False,35.136146,33.369732
2026-09-14T15:09:12Z,peiraios,FRC3,17,37,110,50,0.98,False,35.148686,33.351249
2026-09-15T04:45:19Z,strovolou,FRC3,45,45,48,48,1,False,35.137521,33.333087
2026-09-15T04:45:19Z,tseriou,FRC4,26,41,31,20,0.96,False,35.13293,33.339276
2026-09-15T04:45:19Z,prodromou,FRC4,27,41,19,12,0.97,False,35.159656,33.3459
2026-09-15T04:45:19Z,akropoleos,FRC3,26,41,107,68,0.98,False,35.138676,33.358135
2026-09-15T04:45:19Z,athalassas,FRC3,27,42,80,51,0.99,False,35.144718,33.362216
2026-09-15T04:45:19Z,lemesou,FRC3,11,51,93,20,1,False,35.149928,33.374288
2026-09-15T04:45:19Z,sp_kyprianou,FRC4,14,34,72,29,0.98,False,35.150176,33.339743
2026-09-15T04:45:19Z,archangelou,FRC3,34,48,41,29,0.99,False,35.135323,33.331244
2026-09-15T04:45:19Z,konstantinoup,FRC4,48,48,20,20,1,False,35.126091,33.34383
2026-09-15T04:45:19Z,stavrou,FRC3,39,39,71,71,1,False,35.136817,33.358074
2026-09-15T04:45:19Z,makedonitissas,FRC4,31,40,98,76,0.97,False,35.14653,33.332584
2026-09-15T04:45:19Z,armenias,FRC4,27,38,48,34,0.97,False,35.152861,33.36736
2026-09-15T04:45:19Z,arch_kyprianou,FRC4,36,36,27,27,1,False,35.148093,33.341583
2026-09-15T04:45:19Z,a1_motorway,FRC0,103,109,362,342,1,False,35.074318,33.376958
2026-09-15T04:45:19Z,makariou_lakat,FRC4,40,45,304,270,0.979878,False,35.088983,33.28557
2026-09-15T04:45:19Z,griva_digeni,FRC4,14,44,139,44,0.99,False,35.165117,33.340667
2026-09-15T04:45:19Z,aglantzias,FRC4,30,40,34,25,1,False,35.155801,33.382409
2026-09-15T04:45:19Z,kranidioti,FRC3,61,61,61,61,1,False,35.102546,33.313234
2026-09-15T04:45:19Z,perimetrikos,FRC4,59,59,17,17,1,False,35.113096,33.322016
2026-09-15T04:45:19Z,hatziiosif,FRC3,39,39,71,71,1,False,35.136817,33.358074
2026-09-15T04:45:19Z,perikleous,FRC4,23,40,20,11,0.96,False,35.138923,33.346836
2026-09-15T04:45:19Z,avraamidi,FRC4,34,42,29,24,0.97,False,35.141552,33.36142
2026-09-15T04:45:19Z,athinon,FRC4,35,35,2,2,1,False,35.139348,33.346279
2026-09-15T04:45:19Z,tasou_markou,FRC4,44,44,39,39,1,False,35.136146,33.369732
2026-09-15T04:45:19Z,peiraios,FRC3,10,37,187,50,0.994917,False,35.148686,33.351249
2026-09-15T05:05:52Z,strovolou,FRC3,35,45,61,48,0.98,False,35.137521,33.333087
2026-09-15T05:05:52Z,tseriou,FRC4,26,41,31,20,0.99,False,35.13293,33.339276
2026-09-15T05:05:52Z,prodromou,FRC4,42,42,12,12,1,False,35.159656,33.3459
2026-09-15T05:05:52Z,akropoleos,FRC3,25,40,111,69,0.98,False,35.138676,33.358135
2026-09-15T05:05:52Z,athalassas,FRC3,30,41,72,53,0.99,False,35.144718,33.362216
2026-09-15T05:05:52Z,lemesou,FRC3,12,50,85,20,1,False,35.149928,33.374288
2026-09-15T05:05:52Z,sp_kyprianou,FRC4,25,33,40,30,0.98,False,35.150176,33.339743
2026-09-15T05:05:52Z,archangelou,FRC3,9,47,157,30,0.99,False,35.135323,33.331244
2026-09-15T05:05:52Z,konstantinoup,FRC4,48,48,20,20,1,False,35.126091,33.34383
2026-09-15T05:05:52Z,stavrou,FRC3,39,39,71,71,1,False,35.136817,33.358074
2026-09-15T05:05:52Z,makedonitissas,FRC4,26,39,117,78,0.95287,False,35.14653,33.332584
2026-09-15T05:05:52Z,armenias,FRC4,20,38,65,34,0.93,False,35.152861,33.36736
2026-09-15T05:05:52Z,arch_kyprianou,FRC4,27,36,37,27,0.94,False,35.148093,33.341583
2026-09-15T05:05:52Z,a1_motorway,FRC0,101,109,370,342,1,False,35.074318,33.376958
2026-09-15T05:05:52Z,makariou_lakat,FRC4,39,44,311,276,0.989287,False,35.088983,33.28557
2026-09-15T05:05:52Z,griva_digeni,FRC4,11,41,177,47,0.99,False,35.165117,33.340667
2026-09-15T05:05:52Z,aglantzias,FRC4,32,39,31,26,0.99,False,35.155801,33.382409
2026-09-15T05:05:52Z,kranidioti,FRC3,61,61,61,61,1,False,35.102546,33.313234
2026-09-15T05:05:52Z,perimetrikos,FRC4,59,59,17,17,1,False,35.113096,33.322016
2026-09-15T05:05:52Z,hatziiosif,FRC3,39,39,71,71,1,False,35.136817,33.358074
2026-09-15T05:05:52Z,perikleous,FRC4,40,40,11,11,1,False,35.138923,33.346836
2026-09-15T05:05:52Z,avraamidi,FRC4,43,43,23,23,1,False,35.141552,33.36142
2026-09-15T05:05:52Z,athinon,FRC4,35,35,2,2,1,False,35.139348,33.346279
2026-09-15T05:05:52Z,tasou_markou,FRC4,44,44,39,39,1,False,35.136146,33.369732
2026-09-15T05:05:52Z,peiraios,FRC3,8,37,234,50,0.96,False,35.148686,33.351249
2026-09-15T05:26:29Z,strovolou,FRC3,45,45,48,48,1,False,35.137521,33.333087
2026-09-15T05:26:29Z,tseriou,FRC4,23,40,35,20,0.97,False,35.13293,33.339276
2026-09-15T05:26:29Z,prodromou,FRC4,27,42,19,12,0.94,False,35.159656,33.3459
2026-09-15T05:26:29Z,akropoleos,FRC3,24,41,116,68,0.99,False,35.138676,33.358135
2026-09-15T05:26:29Z,athalassas,FRC3,30,41,72,53,0.986339,False,35.144718,33.362216
2026-09-15T05:26:29Z,lemesou,FRC3,6,54,170,18,1,False,35.149928,33.374288
2026-09-15T05:26:29Z,sp_kyprianou,FRC4,34,34,29,29,1,False,35.150176,33.339743
2026-09-15T05:26:29Z,archangelou,FRC3,31,49,45,28,0.99,False,35.135323,33.331244
2026-09-15T05:26:29Z,konstantinoup,FRC4,48,48,20,20,1,False,35.126091,33.34383
2026-09-15T05:26:29Z,stavrou,FRC3,39,39,71,71,1,False,35.136817,33.358074
2026-09-15T05:26:29Z,makedonitissas,FRC4,27,40,113,76,0.95,False,35.14653,33.332584
2026-09-15T05:26:29Z,armenias,FRC4,27,39,48,33,0.96,False,35.152861,33.36736
2026-09-15T05:26:29Z,arch_kyprianou,FRC4,23,35,43,28,0.86,False,35.148093,33.341583
2026-09-15T05:26:29Z,a1_motorway,FRC0,109,109,342,342,1,False,35.074318,33.376958
2026-09-15T05:26:29Z,makariou_lakat,FRC4,45,45,270,270,1,False,35.088983,33.28557
2026-09-15T05:26:29Z,griva_digeni,FRC4,30,43,64,45,1,False,35.165117,33.340667
2026-09-15T05:26:29Z,aglantzias,FRC4,31,40,32,25,0.97062,False,35.155801,33.382409
2026-09-15T05:26:29Z,kranidioti,FRC3,46,60,81,62,0.99,False,35.102546,33.313234
2026-09-15T05:26:29Z,perimetrikos,FRC4,59,59,17,17,1,False,35.113096,33.322016
2026-09-15T05:26:29Z,hatziiosif,FRC3,39,39,71,71,1,False,35.136817,33.358074
2026-09-15T05:26:29Z,perikleous,FRC4,40,40,11,11,1,False,35.138923,33.346836
2026-09-15T05:26:29Z,avraamidi,FRC4,43,43,23,23,1,False,35.141552,33.36142
2026-09-15T05:26:29Z,athinon,FRC4,35,35,2,2,1,False,35.139348,33.346279
2026-09-15T05:26:29Z,tasou_markou,FRC4,44,44,39,39,1,False,35.136146,33.369732
2026-09-15T05:26:29Z,peiraios,FRC3,11,38,170,49,0.97,False,35.148686,33.351249
2026-09-15T05:47:02Z,strovolou,FRC3,45,45,48,48,1,False,35.137521,33.333087
2026-09-15T05:47:02Z,tseriou,FRC4,26,41,31,20,0.94,False,35.13293,33.339276
2026-09-15T05:47:02Z,prodromou,FRC4,42,42,12,12,1,False,35.159656,33.3459
2026-09-15T05:47:02Z,akropoleos,FRC3,28,40,99,69,0.99,False,35.138676,33.358135
2026-09-15T05:47:02Z,athalassas,FRC3,28,41,77,53,0.976339,False,35.144718,33.362216
2026-09-15T05:47:02Z,lemesou,FRC3,8,50,128,20,1,False,35.149928,33.374288
2026-09-15T05:47:02Z,sp_kyprianou,FRC4,23,33,44,30,0.97,False,35.150176,33.339743
2026-09-15T05:47:02Z,archangelou,FRC3,33,49,42,28,0.99,False,35.135323,33.331244
2026-09-15T05:47:02Z,konstantinoup,FRC4,48,48,20,20,1,False,35.126091,33.34383
2026-09-15T05:47:02Z,stavrou,FRC3,26,38,107,73,0.98,False,35.136817,33.358074
2026-09-15T05:47:02Z,makedonitissas,FRC4,24,39,127,78,0.94,False,35.14653,33.332584
2026-09-15T05:47:02Z,armenias,FRC4,26,38,50,34,0.95,False,35.152861,33.36736
2026-09-15T05:47:02Z,arch_kyprianou,FRC4,24,35,41,28,0.81,False,35.148093,33.341583
2026-09-15T05:47:02Z,a1_motorway,FRC0,109,109,342,342,1,False,35.074318,33.376958
2026-09-15T05:47:02Z,makariou_lakat,FRC4,45,45,270,270,1,False,35.088983,33.28557
2026-09-15T05:47:02Z,griva_digeni,FRC4,20,42,97,46,1,False,35.165117,33.340667
2026-09-15T05:47:02Z,aglantzias,FRC4,25,40,40,25,0.99,False,35.155801,33.382409
2026-09-15T05:47:02Z,kranidioti,FRC3,49,61,76,61,0.97,False,35.102546,33.313234
2026-09-15T05:47:02Z,perimetrikos,FRC4,42,59,25,17,0.97,False,35.113096,33.322016
2026-09-15T05:47:02Z,hatziiosif,FRC3,26,38,107,73,0.98,False,35.136817,33.358074
2026-09-15T05:47:02Z,perikleous,FRC4,30,39,15,12,0.95,False,35.138923,33.346836
2026-09-15T05:47:02Z,avraamidi,FRC4,43,43,23,23,1,False,35.141552,33.36142
2026-09-15T05:47:02Z,athinon,FRC4,26,34,3,2,0.95,False,35.139348,33.346279
2026-09-15T05:47:02Z,tasou_markou,FRC4,44,44,39,39,1,False,35.136146,33.369732
2026-09-15T05:47:02Z,peiraios,FRC3,10,35,187,53,0.97,False,35.148686,33.351249
2026-09-15T06:07:15Z,strovolou,FRC3,45,45,48,48,1,False,35.137521,33.333087
2026-09-15T06:07:15Z,tseriou,FRC4,27,41,30,20,0.94,False,35.13293,33.339276
2026-09-15T06:07:15Z,prodromou,FRC4,42,42,12,12,1,False,35.159656,33.3459
2026-09-15T06:07:15Z,akropoleos,FRC3,25,41,111,68,0.98,False,35.138676,33.358135
2026-09-15T06:07:15Z,athalassas,FRC3,30,42,72,51,0.99,False,35.144718,33.362216
2026-09-15T06:07:15Z,lemesou,FRC3,37,49,27,20,1,False,35.149928,33.374288
2026-09-15T06:07:15Z,sp_kyprianou,FRC4,26,33,38,30,0.97,False,35.150176,33.339743
2026-09-15T06:07:15Z,archangelou,FRC3,49,49,28,28,1,False,35.135323,33.331244
2026-09-15T06:07:15Z,konstantinoup,FRC4,48,48,20,20,1,False,35.126091,33.34383
2026-09-15T06:07:15Z,stavrou,FRC3,39,39,71,71,1,False,35.136817,33.358074
2026-09-15T06:07:15Z,makedonitissas,FRC4,22,39,139,78,0.977279,False,35.14653,33.332584
2026-09-15T06:07:15Z,armenias,FRC4,39,39,33,33,1,False,35.152861,33.36736
2026-09-15T06:07:15Z,arch_kyprianou,FRC4,23,35,43,28,0.91,False,35.148093,33.341583
2026-09-15T06:07:15Z,a1_motorway,FRC0,109,109,342,342,1,False,35.074318,33.376958
2026-09-15T06:07:15Z,makariou_lakat,FRC4,45,45,270,270,1,False,35.088983,33.28557
2026-09-15T06:07:15Z,griva_digeni,FRC4,33,42,59,46,0.99,False,35.165117,33.340667
2026-09-15T06:07:15Z,aglantzias,FRC4,41,41,24,24,1,False,35.155801,33.382409
2026-09-15T06:07:15Z,kranidioti,FRC3,49,61,76,61,0.97,False,35.102546,33.313234
2026-09-15T06:07:15Z,perimetrikos,FRC4,59,59,17,17,1,False,35.113096,33.322016
2026-09-15T06:07:15Z,hatziiosif,FRC3,39,39,71,71,1,False,35.136817,33.358074
2026-09-15T06:07:15Z,perikleous,FRC4,40,40,11,11,1,False,35.138923,33.346836
2026-09-15T06:07:15Z,avraamidi,FRC4,43,43,23,23,1,False,35.141552,33.36142
2026-09-15T06:07:15Z,athinon,FRC4,35,35,2,2,1,False,35.139348,33.346279
2026-09-15T06:07:15Z,tasou_markou,FRC4,44,44,39,39,1,False,35.136146,33.369732
2026-09-15T06:07:15Z,peiraios,FRC3,14,39,134,48,0.975972,False,35.148686,33.351249
2026-09-15T07:07:47Z,strovolou,FRC3,45,45,48,48,1,False,35.137521,33.333087
2026-09-15T07:07:47Z,tseriou,FRC4,17,40,48,20,0.96,False,35.13293,33.339276
2026-09-15T07:07:47Z,prodromou,FRC4,42,42,12,12,1,False,35.159656,33.3459
2026-09-15T07:07:47Z,akropoleos,FRC3,21,42,132,66,0.98,False,35.138676,33.358135
2026-09-15T07:07:47Z,athalassas,FRC3,32,41,67,53,0.96,False,35.144718,33.362216
2026-09-15T07:07:47Z,lemesou,FRC3,37,49,27,20,1,False,35.149928,33.374288
2026-09-15T07:07:47Z,sp_kyprianou,FRC4,13,33,77,30,0.97,False,35.150176,33.339743
2026-09-15T07:07:47Z,archangelou,FRC3,49,49,28,28,1,False,35.135323,33.331244
2026-09-15T07:07:47Z,konstantinoup,FRC4,48,48,20,20,1,False,35.126091,33.34383
2026-09-15T07:07:47Z,stavrou,FRC3,28,38,99,73,0.99,False,35.136817,33.358074
2026-09-15T07:07:47Z,makedonitissas,FRC4,25,40,122,76,0.98,False,35.14653,33.332584
2026-09-15T07:07:47Z,armenias,FRC4,39,39,33,33,1,False,35.152861,33.36736
2026-09-15T07:07:47Z,arch_kyprianou,FRC4,25,36,40,27,0.86,False,35.148093,33.341583
2026-09-15T07:07:47Z,a1_motorway,FRC0,109,109,342,342,1,False,35.074318,33.376958
2026-09-15T07:07:47Z,makariou_lakat,FRC4,39,46,311,264,0.954714,False,35.088983,33.28557
2026-09-15T07:07:47Z,griva_digeni,FRC4,30,43,64,45,0.99,False,35.165117,33.340667
2026-09-15T07:07:47Z,aglantzias,FRC4,41,41,24,24,1,False,35.155801,33.382409
2026-09-15T07:07:47Z,kranidioti,FRC3,61,61,61,61,1,False,35.102546,33.313234
2026-09-15T07:07:47Z,perimetrikos,FRC4,47,59,22,17,0.96,False,35.113096,33.322016
2026-09-15T07:07:47Z,hatziiosif,FRC3,28,38,99,73,0.99,False,35.136817,33.358074
2026-09-15T07:07:47Z,perikleous,FRC4,28,39,16,12,0.97,False,35.138923,33.346836
2026-09-15T07:07:47Z,avraamidi,FRC4,43,43,23,23,1,False,35.141552,33.36142
2026-09-15T07:07:47Z,athinon,FRC4,21,34,4,2,0.97,False,35.139348,33.346279
2026-09-15T07:07:47Z,tasou_markou,FRC4,44,44,39,39,1,False,35.136146,33.369732
2026-09-15T07:07:47Z,peiraios,FRC3,15,36,125,52,0.97,False,35.148686,33.351249
2026-09-15T12:07:02Z,strovolou,FRC3,28,45,77,48,0.99,False,35.137521,33.333087
2026-09-15T12:07:02Z,tseriou,FRC4,28,41,29,20,0.98,False,35.13293,33.339276
2026-09-15T12:07:02Z,prodromou,FRC4,42,42,12,12,1,False,35.159656,33.3459
2026-09-15T12:07:02Z,akropoleos,FRC3,31,41,89,68,0.94,False,35.138676,33.358135
2026-09-15T12:07:02Z,athalassas,FRC3,34,41,63,53,0.974108,False,35.144718,33.362216
2026-09-15T12:07:02Z,lemesou,FRC3,36,50,28,20,0.99,False,35.149928,33.374288
2026-09-15T12:07:02Z,sp_kyprianou,FRC4,34,34,29,29,1,False,35.150176,33.339743
2026-09-15T12:07:02Z,archangelou,FRC3,49,49,28,28,1,False,35.135323,33.331244
2026-09-15T12:07:02Z,konstantinoup,FRC4,48,48,20,20,1,False,35.126091,33.34383
2026-09-15T12:07:02Z,stavrou,FRC3,21,39,132,71,0.98,False,35.136817,33.358074
2026-09-15T12:07:02Z,makedonitissas,FRC4,31,40,98,76,0.98,False,35.14653,33.332584
2026-09-15T12:07:02Z,armenias,FRC4,26,38,50,34,0.94,False,35.152861,33.36736
2026-09-15T12:07:02Z,arch_kyprianou,FRC4,20,35,50,28,0.91,False,35.148093,33.341583
2026-09-15T12:07:02Z,a1_motorway,FRC0,109,109,342,342,1,False,35.074318,33.376958
2026-09-15T12:07:02Z,makariou_lakat,FRC4,45,45,270,270,1,False,35.088983,33.28557
2026-09-15T12:07:02Z,griva_digeni,FRC4,43,43,45,45,1,False,35.165117,33.340667
2026-09-15T12:07:02Z,aglantzias,FRC4,30,41,34,24,0.99,False,35.155801,33.382409
2026-09-15T12:07:02Z,kranidioti,FRC3,61,61,61,61,1,False,35.102546,33.313234
2026-09-15T12:07:02Z,perimetrikos,FRC4,59,59,17,17,1,False,35.113096,33.322016
2026-09-15T12:07:02Z,hatziiosif,FRC3,21,39,132,71,0.98,False,35.136817,33.358074
2026-09-15T12:07:02Z,perikleous,FRC4,26,40,18,11,0.97,False,35.138923,33.346836
2026-09-15T12:07:02Z,avraamidi,FRC4,43,43,23,23,1,False,35.141552,33.36142
2026-09-15T12:07:02Z,athinon,FRC4,35,35,2,2,1,False,35.139348,33.346279
2026-09-15T12:07:02Z,tasou_markou,FRC4,44,44,39,39,1,False,35.136146,33.369732
2026-09-15T12:07:02Z,peiraios,FRC3,18,37,104,50,0.98,False,35.148686,33.351249
2026-09-15T13:07:45Z,strovolou,FRC3,45,45,48,48,1,False,35.137521,33.333087
2026-09-15T13:07:45Z,tseriou,FRC4,19,41,43,20,0.97,False,35.13293,33.339276
2026-09-15T13:07:45Z,prodromou,FRC4,42,42,12,12,1,False,35.159656,33.3459
2026-09-15T13:07:45Z,akropoleos,FRC3,30,41,92,68,0.98,False,35.138676,33.358135
2026-09-15T13:07:45Z,athalassas,FRC3,33,41,65,53,0.91,False,35.144718,33.362216
2026-09-15T13:07:45Z,lemesou,FRC3,36,49,28,20,0.99,False,35.149928,33.374288
2026-09-15T13:07:45Z,sp_kyprianou,FRC4,34,34,29,29,1,False,35.150176,33.339743
2026-09-15T13:07:45Z,archangelou,FRC3,33,48,42,29,0.99,False,35.135323,33.331244
2026-09-15T13:07:45Z,konstantinoup,FRC4,48,48,20,20,1,False,35.126091,33.34383
2026-09-15T13:07:45Z,stavrou,FRC3,36,44,77,63,0.987823,False,35.136817,33.358074
2026-09-15T13:07:45Z,makedonitissas,FRC4,30,40,102,76,0.97,False,35.14653,33.332584
2026-09-15T13:07:45Z,armenias,FRC4,28,38,46,34,0.98,False,35.152861,33.36736
2026-09-15T13:07:45Z,arch_kyprianou,FRC4,19,35,52,28,0.94,False,35.148093,33.341583
2026-09-15T13:07:45Z,a1_motorway,FRC0,109,109,342,342,1,False,35.074318,33.376958
2026-09-15T13:07:45Z,makariou_lakat,FRC4,45,45,270,270,1,False,35.088983,33.28557
2026-09-15T13:07:45Z,griva_digeni,FRC4,34,43,57,45,0.88,False,35.165117,33.340667
2026-09-15T13:07:45Z,aglantzias,FRC4,30,41,34,24,0.98,False,35.155801,33.382409
2026-09-15T13:07:45Z,kranidioti,FRC3,61,61,61,61,1,False,35.102546,33.313234
2026-09-15T13:07:45Z,perimetrikos,FRC4,59,59,17,17,1,False,35.113096,33.322016
2026-09-15T13:07:45Z,hatziiosif,FRC3,36,44,77,63,0.987823,False,35.136817,33.358074
2026-09-15T13:07:45Z,perikleous,FRC4,28,39,16,12,0.98,False,35.138923,33.346836
2026-09-15T13:07:45Z,avraamidi,FRC4,43,43,23,23,1,False,35.141552,33.36142
2026-09-15T13:07:45Z,athinon,FRC4,35,35,2,2,1,False,35.139348,33.346279
2026-09-15T13:07:45Z,tasou_markou,FRC4,44,44,39,39,1,False,35.136146,33.369732
2026-09-15T13:07:45Z,peiraios,FRC3,24,38,78,49,0.950794,False,35.148686,33.351249
2026-09-15T13:48:34Z,strovolou,FRC3,45,45,48,48,1,False,35.137521,33.333087
2026-09-15T13:48:34Z,tseriou,FRC4,15,40,54,20,0.97,False,35.13293,33.339276
2026-09-15T13:48:34Z,prodromou,FRC4,42,42,12,12,1,False,35.159656,33.3459
2026-09-15T13:48:34Z,akropoleos,FRC3,41,41,68,68,1,False,35.138676,33.358135
2026-09-15T13:48:34Z,athalassas,FRC3,30,41,72,53,0.966141,False,35.144718,33.362216
2026-09-15T13:48:34Z,lemesou,FRC3,50,50,20,20,1,False,35.149928,33.374288
2026-09-15T13:48:34Z,sp_kyprianou,FRC4,34,34,29,29,1,False,35.150176,33.339743
2026-09-15T13:48:34Z,archangelou,FRC3,49,49,28,28,1,False,35.135323,33.331244
2026-09-15T13:48:34Z,konstantinoup,FRC4,48,48,20,20,1,False,35.126091,33.34383
2026-09-15T13:48:34Z,stavrou,FRC3,24,39,116,71,0.99,False,35.136817,33.358074
2026-09-15T13:48:34Z,makedonitissas,FRC4,30,40,102,76,0.95,False,35.14653,33.332584
2026-09-15T13:48:34Z,armenias,FRC4,25,38,52,34,0.99,False,35.152861,33.36736
2026-09-15T13:48:34Z,arch_kyprianou,FRC4,26,35,38,28,0.96,False,35.148093,33.341583
2026-09-15T13:48:34Z,a1_motorway,FRC0,109,109,342,342,1,False,35.074318,33.376958
2026-09-15T13:48:34Z,makariou_lakat,FRC4,36,45,337,270,0.965747,False,35.088983,33.28557
2026-09-15T13:48:34Z,griva_digeni,FRC4,43,43,45,45,1,False,35.165117,33.340667
2026-09-15T13:48:34Z,aglantzias,FRC4,41,41,24,24,1,False,35.155801,33.382409
2026-09-15T13:48:34Z,kranidioti,FRC3,61,61,61,61,1,False,35.102546,33.313234
2026-09-15T13:48:34Z,perimetrikos,FRC4,59,59,17,17,1,False,35.113096,33.322016
2026-09-15T13:48:34Z,hatziiosif,FRC3,24,39,116,71,0.99,False,35.136817,33.358074
2026-09-15T13:48:34Z,perikleous,FRC4,28,40,16,11,0.98,False,35.138923,33.346836
2026-09-15T13:48:34Z,avraamidi,FRC4,30,43,33,23,0.95,False,35.141552,33.36142
2026-09-15T13:48:34Z,athinon,FRC4,35,35,2,2,1,False,35.139348,33.346279
2026-09-15T13:48:34Z,tasou_markou,FRC4,44,44,39,39,1,False,35.136146,33.369732
2026-09-15T13:48:34Z,peiraios,FRC3,17,37,110,50,0.98,False,35.148686,33.351249
2026-09-15T14:09:11Z,strovolou,FRC3,28,44,77,49,0.99,False,35.137521,33.333087
2026-09-15T14:09:11Z,tseriou,FRC4,19,41,43,20,0.97,False,35.13293,33.339276
2026-09-15T14:09:11Z,prodromou,FRC4,42,42,12,12,1,False,35.159656,33.3459
2026-09-15T14:09:11Z,akropoleos,FRC3,26,41,107,68,0.98,False,35.138676,33.358135
2026-09-15T14:09:11Z,athalassas,FRC3,42,42,51,51,1,False,35.144718,33.362216
2026-09-15T14:09:11Z,lemesou,FRC3,50,50,20,20,1,False,35.149928,33.374288
2026-09-15T14:09:11Z,sp_kyprianou,FRC4,34,34,29,29,1,False,35.150176,33.339743
2026-09-15T14:09:11Z,archangelou,FRC3,29,49,48,28,0.98,False,35.135323,33.331244
2026-09-15T14:09:11Z,konstantinoup,FRC4,48,48,20,20,1,False,35.126091,33.34383
2026-09-15T14:09:11Z,stavrou,FRC3,24,39,116,71,0.99,False,35.136817,33.358074
2026-09-15T14:09:11Z,makedonitissas,FRC4,25,40,122,76,0.96129,False,35.14653,33.332584
2026-09-15T14:09:11Z,armenias,FRC4,30,39,43,33,0.98,False,35.152861,33.36736
2026-09-15T14:09:11Z,arch_kyprianou,FRC4,27,35,37,28,0.95,False,35.148093,33.341583
2026-09-15T14:09:11Z,a1_motorway,FRC0,109,109,342,342,1,False,35.074318,33.376958
2026-09-15T14:09:11Z,makariou_lakat,FRC4,39,45,311,270,0.943006,False,35.088983,33.28557
2026-09-15T14:09:11Z,griva_digeni,FRC4,43,43,45,45,1,False,35.165117,33.340667
2026-09-15T14:09:11Z,aglantzias,FRC4,29,40,35,25,0.97,False,35.155801,33.382409
2026-09-15T14:09:11Z,kranidioti,FRC3,61,61,61,61,1,False,35.102546,33.313234
2026-09-15T14:09:11Z,perimetrikos,FRC4,59,59,17,17,1,False,35.113096,33.322016
2026-09-15T14:09:11Z,hatziiosif,FRC3,24,39,116,71,0.99,False,35.136817,33.358074
2026-09-15T14:09:11Z,perikleous,FRC4,10,39,47,12,0.97,False,35.138923,33.346836
2026-09-15T14:09:11Z,avraamidi,FRC4,43,43,23,23,1,False,35.141552,33.36142
2026-09-15T14:09:11Z,athinon,FRC4,14,34,6,2,0.97,False,35.139348,33.346279
2026-09-15T14:09:11Z,tasou_markou,FRC4,44,44,39,39,1,False,35.136146,33.369732
2026-09-15T14:09:11Z,peiraios,FRC3,19,37,98,50,0.98,False,35.148686,33.351249
2026-09-15T17:01:06Z,strovolou,FRC3,45,45,48,48,1,False,35.137521,33.333087
2026-09-15T17:01:06Z,tseriou,FRC4,22,40,37,20,0.94,False,35.13293,33.339276
2026-09-15T17:01:06Z,prodromou,FRC4,42,42,12,12,1,False,35.159656,33.3459
2026-09-15T17:01:06Z,akropoleos,FRC3,41,41,68,68,1,False,35.138676,33.358135
2026-09-15T17:01:06Z,athalassas,FRC3,42,42,51,51,1,False,35.144718,33.362216
2026-09-15T17:01:06Z,lemesou,FRC3,37,50,27,20,0.99,False,35.149928,33.374288
2026-09-15T17:01:06Z,sp_kyprianou,FRC4,34,34,29,29,1,False,35.150176,33.339743
2026-09-15T17:01:06Z,archangelou,FRC3,38,49,37,28,0.98,False,35.135323,33.331244
2026-09-15T17:01:06Z,konstantinoup,FRC4,48,48,20,20,1,False,35.126091,33.34383
2026-09-15T17:01:06Z,stavrou,FRC3,31,38,89,73,0.91,False,35.136817,33.358074
2026-09-15T17:01:06Z,makedonitissas,FRC4,31,40,98,76,0.92,False,35.14653,33.332584
2026-09-15T17:01:06Z,armenias,FRC4,9,39,145,33,0.94,False,35.152861,33.36736
2026-09-15T17:01:06Z,arch_kyprianou,FRC4,36,36,27,27,1,False,35.148093,33.341583
2026-09-15T17:01:06Z,a1_motorway,FRC0,109,109,342,342,1,False,35.074318,33.376958
2026-09-15T17:01:06Z,makariou_lakat,FRC4,45,45,270,270,1,False,35.088983,33.28557
2026-09-15T17:01:06Z,griva_digeni,FRC4,43,43,45,45,1,False,35.165117,33.340667
2026-09-15T17:01:06Z,aglantzias,FRC4,31,41,32,24,0.97,False,35.155801,33.382409
2026-09-15T17:01:06Z,kranidioti,FRC3,61,61,61,61,1,False,35.102546,33.313234
2026-09-15T17:01:06Z,perimetrikos,FRC4,59,59,17,17,1,False,35.113096,33.322016
2026-09-15T17:01:06Z,hatziiosif,FRC3,31,38,89,73,0.91,False,35.136817,33.358074
2026-09-15T17:01:06Z,perikleous,FRC4,40,40,11,11,1,False,35.138923,33.346836
2026-09-15T17:01:06Z,avraamidi,FRC4,43,43,23,23,1,False,35.141552,33.36142
2026-09-15T17:01:06Z,athinon,FRC4,35,35,2,2,1,False,35.139348,33.346279
2026-09-15T17:01:06Z,tasou_markou,FRC4,44,44,39,39,1,False,35.136146,33.369732
2026-09-15T17:01:06Z,peiraios,FRC3,20,36,93,52,0.96,False,35.148686,33.351249
2026-09-15T18:01:34Z,strovolou,FRC3,32,45,67,48,0.96,False,35.137521,33.333087
2026-09-15T18:01:34Z,tseriou,FRC4,30,41,27,20,0.92,False,35.13293,33.339276
2026-09-15T18:01:34Z,prodromou,FRC4,42,42,12,12,1,False,35.159656,33.3459
2026-09-15T18:01:34Z,akropoleos,FRC3,41,41,68,68,1,False,35.138676,33.358135
2026-09-15T18:01:34Z,athalassas,FRC3,42,42,51,51,1,False,35.144718,33.362216
2026-09-15T18:01:34Z,lemesou,FRC3,50,50,20,20,1,False,35.149928,33.374288
2026-09-15T18:01:34Z,sp_kyprianou,FRC4,34,34,29,29,1,False,35.150176,33.339743
2026-09-15T18:01:34Z,archangelou,FRC3,49,49,28,28,1,False,35.135323,33.331244
2026-09-15T18:01:34Z,konstantinoup,FRC4,48,48,20,20,1,False,35.126091,33.34383
2026-09-15T18:01:34Z,stavrou,FRC3,39,39,71,71,1,False,35.136817,33.358074
2026-09-15T18:01:34Z,makedonitissas,FRC4,33,40,92,76,0.946715,False,35.14653,33.332584
2026-09-15T18:01:34Z,armenias,FRC4,39,39,33,33,1,False,35.152861,33.36736
2026-09-15T18:01:34Z,arch_kyprianou,FRC4,24,36,41,27,0.74,False,35.148093,33.341583
2026-09-15T18:01:34Z,a1_motorway,FRC0,109,109,342,342,1,False,35.074318,33.376958
2026-09-15T18:01:34Z,makariou_lakat,FRC4,45,45,270,270,1,False,35.088983,33.28557
2026-09-15T18:01:34Z,griva_digeni,FRC4,43,43,45,45,1,False,35.165117,33.340667
2026-09-15T18:01:34Z,aglantzias,FRC4,41,41,24,24,1,False,35.155801,33.382409
2026-09-15T18:01:34Z,kranidioti,FRC3,61,61,61,61,1,False,35.102546,33.313234
2026-09-15T18:01:34Z,perimetrikos,FRC4,59,59,17,17,1,False,35.113096,33.322016
2026-09-15T18:01:34Z,hatziiosif,FRC3,39,39,71,71,1,False,35.136817,33.358074
2026-09-15T18:01:34Z,perikleous,FRC4,40,40,11,11,1,False,35.138923,33.346836
2026-09-15T18:01:34Z,avraamidi,FRC4,43,43,23,23,1,False,35.141552,33.36142
2026-09-15T18:01:34Z,athinon,FRC4,35,35,2,2,1,False,35.139348,33.346279
2026-09-15T18:01:34Z,tasou_markou,FRC4,44,44,39,39,1,False,35.136146,33.369732
2026-09-15T18:01:34Z,peiraios,FRC3,28,36,67,52,0.92,False,35.148686,33.351249
2026-09-16T04:41:58Z,strovolou,FRC3,45,45,48,48,1,False,35.137521,33.333087
2026-09-16T04:41:58Z,tseriou,FRC4,20,40,41,20,0.91,False,35.13293,33.339276
2026-09-16T04:41:58Z,prodromou,FRC4,27,42,19,12,0.94,False,35.159656,33.3459
2026-09-16T04:41:58Z,akropoleos,FRC3,21,41,132,68,0.97,False,35.138676,33.358135
2026-09-16T04:41:58Z,athalassas,FRC3,29,41,74,53,0.976141,False,35.144718,33.362216
2026-09-16T04:41:58Z,lemesou,FRC3,10,48,102,21,1,False,35.149928,33.374288
2026-09-16T04:41:58Z,sp_kyprianou,FRC4,11,35,92,28,0.99,False,35.150176,33.339743
2026-09-16T04:41:58Z,archangelou,FRC3,35,49,40,28,0.99,False,35.135323,33.331244
2026-09-16T04:41:58Z,konstantinoup,FRC4,36,48,26,20,0.96,False,35.126091,33.34383
2026-09-16T04:41:58Z,stavrou,FRC3,39,39,71,71,1,False,35.136817,33.358074
2026-09-16T04:41:58Z,makedonitissas,FRC4,22,39,139,78,0.98,False,35.14653,33.332584
2026-09-16T04:41:58Z,armenias,FRC4,25,38,52,34,0.96,False,35.152861,33.36736
2026-09-16T04:41:58Z,arch_kyprianou,FRC4,36,36,27,27,1,False,35.148093,33.341583
2026-09-16T04:41:58Z,a1_motorway,FRC0,109,109,342,342,1,False,35.074318,33.376958
2026-09-16T04:41:58Z,makariou_lakat,FRC4,45,45,270,270,1,False,35.088983,33.28557
2026-09-16T04:41:58Z,griva_digeni,FRC4,26,43,74,45,0.985229,False,35.165117,33.340667
2026-09-16T04:41:58Z,aglantzias,FRC4,24,40,42,25,0.998992,False,35.155801,33.382409
2026-09-16T04:41:58Z,kranidioti,FRC3,61,61,61,61,1,False,35.102546,33.313234
2026-09-16T04:41:58Z,perimetrikos,FRC4,59,59,17,17,1,False,35.113096,33.322016
2026-09-16T04:41:58Z,hatziiosif,FRC3,39,39,71,71,1,False,35.136817,33.358074
2026-09-16T04:41:58Z,perikleous,FRC4,40,40,11,11,1,False,35.138923,33.346836
2026-09-16T04:41:58Z,avraamidi,FRC4,43,43,23,23,1,False,35.141552,33.36142
2026-09-16T04:41:58Z,athinon,FRC4,35,35,2,2,1,False,35.139348,33.346279
2026-09-16T04:41:58Z,tasou_markou,FRC4,44,44,39,39,1,False,35.136146,33.369732
2026-09-16T04:41:58Z,peiraios,FRC3,4,33,469,56,1,False,35.148686,33.351249
2026-09-16T05:02:31Z,strovolou,FRC3,36,45,60,48,0.95,False,35.137521,33.333087
2026-09-16T05:02:31Z,tseriou,FRC4,26,40,31,20,0.96,False,35.13293,33.339276
2026-09-16T05:02:31Z,prodromou,FRC4,30,42,17,12,0.96,False,35.159656,33.3459
2026-09-16T05:02:31Z,akropoleos,FRC3,29,40,96,69,0.98,False,35.138676,33.358135
2026-09-16T05:02:31Z,athalassas,FRC3,42,42,51,51,1,False,35.144718,33.362216
2026-09-16T05:02:31Z,lemesou,FRC3,9,48,113,21,1,False,35.149928,33.374288
2026-09-16T05:02:31Z,sp_kyprianou,FRC4,26,33,38,30,0.99,False,35.150176,33.339743
2026-09-16T05:02:31Z,archangelou,FRC3,38,49,37,28,0.99,False,35.135323,33.331244
2026-09-16T05:02:31Z,konstantinoup,FRC4,48,48,20,20,1,False,35.126091,33.34383
2026-09-16T05:02:31Z,stavrou,FRC3,28,38,99,73,0.98,False,35.136817,33.358074
2026-09-16T05:02:31Z,makedonitissas,FRC4,28,40,109,76,0.97,False,35.14653,33.332584
2026-09-16T05:02:31Z,armenias,FRC4,27,39,48,33,0.94,False,35.152861,33.36736
2026-09-16T05:02:31Z,arch_kyprianou,FRC4,19,35,52,28,0.89,False,35.148093,33.341583
2026-09-16T05:02:31Z,a1_motorway,FRC0,109,109,342,342,1,False,35.074318,33.376958
2026-09-16T05:02:31Z,makariou_lakat,FRC4,39,46,311,264,0.965083,False,35.088983,33.28557
2026-09-16T05:02:31Z,griva_digeni,FRC4,16,42,121,46,1,False,35.165117,33.340667
2026-09-16T05:02:31Z,aglantzias,FRC4,32,39,31,26,1,False,35.155801,33.382409
2026-09-16T05:02:31Z,kranidioti,FRC3,61,61,61,61,1,False,35.102546,33.313234
2026-09-16T05:02:31Z,perimetrikos,FRC4,59,59,17,17,1,False,35.113096,33.322016
2026-09-16T05:02:31Z,hatziiosif,FRC3,28,38,99,73,0.98,False,35.136817,33.358074
2026-09-16T05:02:31Z,perikleous,FRC4,23,40,20,11,0.97,False,35.138923,33.346836
2026-09-16T05:02:31Z,avraamidi,FRC4,43,43,23,23,1,False,35.141552,33.36142
2026-09-16T05:02:31Z,athinon,FRC4,35,35,2,2,1,False,35.139348,33.346279
2026-09-16T05:02:31Z,tasou_markou,FRC4,44,44,39,39,1,False,35.136146,33.369732
2026-09-16T05:02:31Z,peiraios,FRC3,24,36,78,52,0.974917,False,35.148686,33.351249
2026-09-16T05:23:07Z,strovolou,FRC3,45,45,48,48,1,False,35.137521,33.333087
2026-09-16T05:23:07Z,tseriou,FRC4,28,41,29,20,0.97,False,35.13293,33.339276
2026-09-16T05:23:07Z,prodromou,FRC4,10,41,52,12,0.93,False,35.159656,33.3459
2026-09-16T05:23:07Z,akropoleos,FRC3,32,44,87,63,0.99,False,35.138676,33.358135
2026-09-16T05:23:07Z,athalassas,FRC3,30,41,72,53,0.973661,False,35.144718,33.362216
2026-09-16T05:23:07Z,lemesou,FRC3,7,49,146,20,1,False,35.149928,33.374288
2026-09-16T05:23:07Z,sp_kyprianou,FRC4,34,34,29,29,1,False,35.150176,33.339743
2026-09-16T05:23:07Z,archangelou,FRC3,37,48,38,29,0.99,False,35.135323,33.331244
2026-09-16T05:23:07Z,konstantinoup,FRC4,48,48,20,20,1,False,35.126091,33.34383
2026-09-16T05:23:07Z,stavrou,FRC3,39,39,71,71,1,False,35.136817,33.358074
2026-09-16T05:23:07Z,makedonitissas,FRC4,27,40,113,76,0.94,False,35.14653,33.332584
2026-09-16T05:23:07Z,armenias,FRC4,30,39,43,33,0.98,False,35.152861,33.36736
2026-09-16T05:23:07Z,arch_kyprianou,FRC4,28,36,35,27,0.91,False,35.148093,33.341583
2026-09-16T05:23:07Z,a1_motorway,FRC0,109,109,342,342,1,False,35.074318,33.376958
2026-09-16T05:23:07Z,makariou_lakat,FRC4,39,45,311,270,0.980073,False,35.088983,33.28557
2026-09-16T05:23:07Z,griva_digeni,FRC4,35,42,55,46,1,False,35.165117,33.340667
2026-09-16T05:23:07Z,aglantzias,FRC4,28,40,36,25,0.99,False,35.155801,33.382409
2026-09-16T05:23:07Z,kranidioti,FRC3,61,61,61,61,1,False,35.102546,33.313234
2026-09-16T05:23:07Z,perimetrikos,FRC4,45,59,23,17,0.97,False,35.113096,33.322016
2026-09-16T05:23:07Z,hatziiosif,FRC3,39,39,71,71,1,False,35.136817,33.358074
2026-09-16T05:23:07Z,perikleous,FRC4,15,39,31,12,0.98,False,35.138923,33.346836
2026-09-16T05:23:07Z,avraamidi,FRC4,43,43,23,23,1,False,35.141552,33.36142
2026-09-16T05:23:07Z,athinon,FRC4,35,35,2,2,1,False,35.139348,33.346279
2026-09-16T05:23:07Z,tasou_markou,FRC4,44,44,39,39,1,False,35.136146,33.369732
2026-09-16T05:23:07Z,peiraios,FRC3,9,36,208,52,0.93,False,35.148686,33.351249
2026-09-16T05:43:44Z,strovolou,FRC3,45,45,48,48,1,False,35.137521,33.333087
2026-09-16T05:43:44Z,tseriou,FRC4,24,40,34,20,0.93,False,35.13293,33.339276
2026-09-16T05:43:44Z,prodromou,FRC4,42,42,12,12,1,False,35.159656,33.3459
2026-09-16T05:43:44Z,akropoleos,FRC3,35,44,79,63,0.99,False,35.138676,33.358135
2026-09-16T05:43:44Z,athalassas,FRC3,42,42,51,51,1,False,35.144718,33.362216
2026-09-16T05:43:44Z,lemesou,FRC3,8,51,128,20,1,False,35.149928,33.374288
2026-09-16T05:43:44Z,sp_kyprianou,FRC4,34,34,29,29,1,False,35.150176,33.339743
2026-09-16T05:43:44Z,archangelou,FRC3,49,49,28,28,1,False,35.135323,33.331244
2026-09-16T05:43:44Z,konstantinoup,FRC4,48,48,20,20,1,False,35.126091,33.34383
2026-09-16T05:43:44Z,stavrou,FRC3,39,39,71,71,1,False,35.136817,33.358074
2026-09-16T05:43:44Z,makedonitissas,FRC4,30,39,102,78,0.96,False,35.14653,33.332584
2026-09-16T05:43:44Z,armenias,FRC4,39,39,33,33,1,False,35.152861,33.36736
2026-09-16T05:43:44Z,arch_kyprianou,FRC4,23,36,43,27,0.81,False,35.148093,33.341583
2026-09-16T05:43:44Z,a1_motorway,FRC0,109,109,342,342,1,False,35.074318,33.376958
2026-09-16T05:43:44Z,makariou_lakat,FRC4,45,45,270,270,1,False,35.088983,33.28557
2026-09-16T05:43:44Z,griva_digeni,FRC4,29,42,67,46,0.99,False,35.165117,33.340667
2026-09-16T05:43:44Z,aglantzias,FRC4,41,41,24,24,1,False,35.155801,33.382409
2026-09-16T05:43:44Z,kranidioti,FRC3,61,61,61,61,1,False,35.102546,33.313234
2026-09-16T05:43:44Z,perimetrikos,FRC4,59,59,17,17,1,False,35.113096,33.322016
2026-09-16T05:43:44Z,hatziiosif,FRC3,39,39,71,71,1,False,35.136817,33.358074
2026-09-16T05:43:44Z,perikleous,FRC4,40,40,11,11,1,False,35.138923,33.346836
2026-09-16T05:43:44Z,avraamidi,FRC4,43,43,23,23,1,False,35.141552,33.36142
2026-09-16T05:43:44Z,athinon,FRC4,35,35,2,2,1,False,35.139348,33.346279
2026-09-16T05:43:44Z,tasou_markou,FRC4,44,44,39,39,1,False,35.136146,33.369732
2026-09-16T05:43:44Z,peiraios,FRC3,11,35,170,53,0.97,False,35.148686,33.351249
2026-09-16T06:03:57Z,strovolou,FRC3,45,45,48,48,1,False,35.137521,33.333087
2026-09-16T06:03:57Z,tseriou,FRC4,26,41,31,20,0.91,False,35.13293,33.339276
2026-09-16T06:03:57Z,prodromou,FRC4,42,42,12,12,1,False,35.159656,33.3459
2026-09-16T06:03:57Z,akropoleos,FRC3,28,40,99,69,0.98,False,35.138676,33.358135
2026-09-16T06:03:57Z,athalassas,FRC3,42,42,51,51,1,False,35.144718,33.362216
2026-09-16T06:03:57Z,lemesou,FRC3,26,49,39,20,1,False,35.149928,33.374288
2026-09-16T06:03:57Z,sp_kyprianou,FRC4,34,34,29,29,1,False,35.150176,33.339743
2026-09-16T06:03:57Z,archangelou,FRC3,49,49,28,28,1,False,35.135323,33.331244
2026-09-16T06:03:57Z,konstantinoup,FRC4,48,48,20,20,1,False,35.126091,33.34383
2026-09-16T06:03:57Z,stavrou,FRC3,26,39,107,71,0.98,False,35.136817,33.358074
2026-09-16T06:03:57Z,makedonitissas,FRC4,26,39,117,78,0.975645,False,35.14653,33.332584
2026-09-16T06:03:57Z,armenias,FRC4,28,38,46,34,0.96,False,35.152861,33.36736
2026-09-16T06:03:57Z,arch_kyprianou,FRC4,36,36,27,27,1,False,35.148093,33.341583
2026-09-16T06:03:57Z,a1_motorway,FRC0,109,109,342,342,1,False,35.074318,33.376958
2026-09-16T06:03:57Z,makariou_lakat,FRC4,45,45,270,270,1,False,35.088983,33.28557
2026-09-16T06:03:57Z,griva_digeni,FRC4,35,42,55,46,0.99,False,35.165117,33.340667
2026-09-16T06:03:57Z,aglantzias,FRC4,41,41,24,24,1,False,35.155801,33.382409
2026-09-16T06:03:57Z,kranidioti,FRC3,49,60,76,62,0.99,False,35.102546,33.313234
2026-09-16T06:03:57Z,perimetrikos,FRC4,59,59,17,17,1,False,35.113096,33.322016
2026-09-16T06:03:57Z,hatziiosif,FRC3,26,39,107,71,0.98,False,35.136817,33.358074
2026-09-16T06:03:57Z,perikleous,FRC4,31,40,15,11,0.97,False,35.138923,33.346836
2026-09-16T06:03:57Z,avraamidi,FRC4,43,43,23,23,1,False,35.141552,33.36142
2026-09-16T06:03:57Z,athinon,FRC4,35,35,2,2,1,False,35.139348,33.346279
2026-09-16T06:03:57Z,tasou_markou,FRC4,44,44,39,39,1,False,35.136146,33.369732
2026-09-16T06:03:57Z,peiraios,FRC3,21,37,89,50,0.99,False,35.148686,33.351249
2026-09-16T07:04:33Z,strovolou,FRC3,45,45,48,48,1,False,35.137521,33.333087
2026-09-16T07:04:33Z,tseriou,FRC4,12,40,68,20,0.95,False,35.13293,33.339276
2026-09-16T07:04:33Z,prodromou,FRC4,42,42,12,12,1,False,35.159656,33.3459
2026-09-16T07:04:33Z,akropoleos,FRC3,26,41,107,68,0.97,False,35.138676,33.358135
2026-09-16T07:04:33Z,athalassas,FRC3,42,42,51,51,1,False,35.144718,33.362216
2026-09-16T07:04:33Z,lemesou,FRC3,50,50,20,20,1,False,35.149928,33.374288
2026-09-16T07:04:33Z,sp_kyprianou,FRC4,34,34,29,29,1,False,35.150176,33.339743
2026-09-16T07:04:33Z,archangelou,FRC3,49,49,28,28,1,False,35.135323,33.331244
2026-09-16T07:04:33Z,konstantinoup,FRC4,48,48,20,20,1,False,35.126091,33.34383
2026-09-16T07:04:33Z,stavrou,FRC3,39,39,71,71,1,False,35.136817,33.358074
2026-09-16T07:04:33Z,makedonitissas,FRC4,25,39,122,78,0.97,False,35.14653,33.332584
2026-09-16T07:04:33Z,armenias,FRC4,26,38,50,34,0.99,False,35.152861,33.36736
2026-09-16T07:04:33Z,arch_kyprianou,FRC4,27,36,37,27,0.76,False,35.148093,33.341583
2026-09-16T07:04:33Z,a1_motorway,FRC0,109,109,342,342,1,False,35.074318,33.376958
2026-09-16T07:04:33Z,makariou_lakat,FRC4,45,45,270,270,1,False,35.088983,33.28557
2026-09-16T07:04:33Z,griva_digeni,FRC4,43,43,45,45,1,False,35.165117,33.340667
2026-09-16T07:04:33Z,aglantzias,FRC4,41,41,24,24,1,False,35.155801,33.382409
2026-09-16T07:04:33Z,kranidioti,FRC3,47,61,79,61,0.98,False,35.102546,33.313234
2026-09-16T07:04:33Z,perimetrikos,FRC4,59,59,17,17,1,False,35.113096,33.322016
2026-09-16T07:04:33Z,hatziiosif,FRC3,39,39,71,71,1,False,35.136817,33.358074
2026-09-16T07:04:33Z,perikleous,FRC4,40,40,11,11,1,False,35.138923,33.346836
2026-09-16T07:04:33Z,avraamidi,FRC4,43,43,23,23,1,False,35.141552,33.36142
2026-09-16T07:04:33Z,athinon,FRC4,35,35,2,2,1,False,35.139348,33.346279
2026-09-16T07:04:33Z,tasou_markou,FRC4,44,44,39,39,1,False,35.136146,33.369732
2026-09-16T07:04:33Z,peiraios,FRC3,16,37,117,50,0.99,False,35.148686,33.351249
2026-09-16T11:24:18Z,strovolou,FRC3,24,45,90,48,0.97,False,35.137521,33.333087
2026-09-16T11:24:18Z,tseriou,FRC4,22,40,37,20,0.91,False,35.13293,33.339276
2026-09-16T11:24:18Z,prodromou,FRC4,42,42,12,12,1,False,35.159656,33.3459
2026-09-16T11:24:18Z,akropoleos,FRC3,29,41,96,68,0.95,False,35.138676,33.358135
2026-09-16T11:24:18Z,athalassas,FRC3,25,41,86,53,0.966339,False,35.144718,33.362216
2026-09-16T11:24:18Z,lemesou,FRC3,50,50,20,20,1,False,35.149928,33.374288
2026-09-16T11:24:18Z,sp_kyprianou,FRC4,34,34,29,29,1,False,35.150176,33.339743
2026-09-16T11:24:18Z,archangelou,FRC3,49,49,28,28,1,False,35.135323,33.331244
2026-09-16T11:24:18Z,konstantinoup,FRC4,48,48,20,20,1,False,35.126091,33.34383
2026-09-16T11:24:18Z,stavrou,FRC3,26,39,107,71,0.99,False,35.136817,33.358074
2026-09-16T11:24:18Z,makedonitissas,FRC4,26,39,117,78,0.954634,False,35.14653,33.332584
2026-09-16T11:24:18Z,armenias,FRC4,26,39,50,33,0.97,False,35.152861,33.36736
2026-09-16T11:24:18Z,arch_kyprianou,FRC4,27,36,37,27,0.94,False,35.148093,33.341583
2026-09-16T11:24:18Z,a1_motorway,FRC0,109,109,342,342,1,False,35.074318,33.376958
2026-09-16T11:24:18Z,makariou_lakat,FRC4,45,45,270,270,1,False,35.088983,33.28557
2026-09-16T11:24:18Z,griva_digeni,FRC4,43,43,45,45,1,False,35.165117,33.340667
2026-09-16T11:24:18Z,aglantzias,FRC4,41,41,24,24,1,False,35.155801,33.382409
2026-09-16T11:24:18Z,kranidioti,FRC3,61,61,61,61,1,False,35.102546,33.313234
2026-09-16T11:24:18Z,perimetrikos,FRC4,59,59,17,17,1,False,35.113096,33.322016
2026-09-16T11:24:18Z,hatziiosif,FRC3,26,39,107,71,0.99,False,35.136817,33.358074
2026-09-16T11:24:18Z,perikleous,FRC4,40,40,11,11,1,False,35.138923,33.346836
2026-09-16T11:24:18Z,avraamidi,FRC4,43,43,23,23,1,False,35.141552,33.36142
2026-09-16T11:24:18Z,athinon,FRC4,35,35,2,2,1,False,35.139348,33.346279
2026-09-16T11:24:18Z,tasou_markou,FRC4,44,44,39,39,1,False,35.136146,33.369732
2026-09-16T11:24:18Z,peiraios,FRC3,18,37,104,50,0.97,False,35.148686,33.351249
2026-09-16T12:04:44Z,strovolou,FRC3,26,44,83,49,0.99,False,35.137521,33.333087
2026-09-16T12:04:44Z,tseriou,FRC4,25,41,32,20,0.97,False,35.13293,33.339276
2026-09-16T12:04:44Z,prodromou,FRC4,42,42,12,12,1,False,35.159656,33.3459
2026-09-16T12:04:44Z,akropoleos,FRC3,23,40,121,69,0.98,False,35.138676,33.358135
2026-09-16T12:04:44Z,athalassas,FRC3,28,42,77,51,0.98,False,35.144718,33.362216
2026-09-16T12:04:44Z,lemesou,FRC3,50,50,20,20,1,False,35.149928,33.374288
2026-09-16T12:04:44Z,sp_kyprianou,FRC4,34,34,29,29,1,False,35.150176,33.339743
2026-09-16T12:04:44Z,archangelou,FRC3,49,49,28,28,1,False,35.135323,33.331244
2026-09-16T12:04:44Z,konstantinoup,FRC4,48,48,20,20,1,False,35.126091,33.34383
2026-09-16T12:04:44Z,stavrou,FRC3,21,39,132,71,0.95,False,35.136817,33.358074
2026-09-16T12:04:44Z,makedonitissas,FRC4,32,40,95,76,0.93,False,35.14653,33.332584
2026-09-16T12:04:44Z,armenias,FRC4,24,38,54,34,0.886295,False,35.152861,33.36736
2026-09-16T12:04:44Z,arch_kyprianou,FRC4,28,35,35,28,0.55,False,35.148093,33.341583
2026-09-16T12:04:44Z,a1_motorway,FRC0,109,109,342,342,1,False,35.074318,33.376958
2026-09-16T12:04:44Z,makariou_lakat,FRC4,45,45,270,270,1,False,35.088983,33.28557
2026-09-16T12:04:44Z,griva_digeni,FRC4,43,43,45,45,1,False,35.165117,33.340667
2026-09-16T12:04:44Z,aglantzias,FRC4,23,40,44,25,0.96,False,35.155801,33.382409
2026-09-16T12:04:44Z,kranidioti,FRC3,61,61,61,61,1,False,35.102546,33.313234
2026-09-16T12:04:44Z,perimetrikos,FRC4,59,59,17,17,1,False,35.113096,33.322016
2026-09-16T12:04:44Z,hatziiosif,FRC3,21,39,132,71,0.95,False,35.136817,33.358074
2026-09-16T12:04:44Z,perikleous,FRC4,31,39,15,12,0.98,False,35.138923,33.346836
2026-09-16T12:04:44Z,avraamidi,FRC4,43,43,23,23,1,False,35.141552,33.36142
2026-09-16T12:04:44Z,athinon,FRC4,35,35,2,2,1,False,35.139348,33.346279
2026-09-16T12:04:44Z,tasou_markou,FRC4,44,44,39,39,1,False,35.136146,33.369732
2026-09-16T12:04:44Z,peiraios,FRC3,23,38,81,49,0.980794,False,35.148686,33.351249
2026-09-16T13:05:20Z,strovolou,FRC3,36,45,60,48,0.99,False,35.137521,33.333087
2026-09-16T13:05:20Z,tseriou,FRC4,28,40,29,20,0.86,False,35.13293,33.339276
2026-09-16T13:05:20Z,prodromou,FRC4,42,42,12,12,1,False,35.159656,33.3459
2026-09-16T13:05:20Z,akropoleos,FRC3,32,40,87,69,0.97,False,35.138676,33.358135
2026-09-16T13:05:20Z,athalassas,FRC3,28,42,77,51,0.975234,False,35.144718,33.362216
2026-09-16T13:05:20Z,lemesou,FRC3,33,48,31,21,1,False,35.149928,33.374288
2026-09-16T13:05:20Z,sp_kyprianou,FRC4,34,34,29,29,1,False,35.150176,33.339743
2026-09-16T13:05:20Z,archangelou,FRC3,38,49,37,28,0.98,False,35.135323,33.331244
2026-09-16T13:05:20Z,konstantinoup,FRC4,48,48,20,20,1,False,35.126091,33.34383
2026-09-16T13:05:20Z,stavrou,FRC3,16,39,174,71,0.981717,False,35.136817,33.358074
2026-09-16T13:05:20Z,makedonitissas,FRC4,25,39,122,78,0.97,False,35.14653,33.332584
2026-09-16T13:05:20Z,armenias,FRC4,13,38,100,34,0.976295,False,35.152861,33.36736
2026-09-16T13:05:20Z,arch_kyprianou,FRC4,24,35,41,28,0.95,False,35.148093,33.341583
2026-09-16T13:05:20Z,a1_motorway,FRC0,109,109,342,342,1,False,35.074318,33.376958
2026-09-16T13:05:20Z,makariou_lakat,FRC4,36,46,337,264,0.924334,False,35.088983,33.28557
2026-09-16T13:05:20Z,griva_digeni,FRC4,34,42,57,46,0.98,False,35.165117,33.340667
2026-09-16T13:05:20Z,aglantzias,FRC4,41,41,24,24,1,False,35.155801,33.382409
2026-09-16T13:05:20Z,kranidioti,FRC3,61,61,61,61,1,False,35.102546,33.313234
2026-09-16T13:05:20Z,perimetrikos,FRC4,59,59,17,17,1,False,35.113096,33.322016
2026-09-16T13:05:20Z,hatziiosif,FRC3,16,39,174,71,0.981717,False,35.136817,33.358074
2026-09-16T13:05:20Z,perikleous,FRC4,30,40,15,11,0.98,False,35.138923,33.346836
2026-09-16T13:05:20Z,avraamidi,FRC4,43,43,23,23,1,False,35.141552,33.36142
2026-09-16T13:05:20Z,athinon,FRC4,35,35,2,2,1,False,35.139348,33.346279
2026-09-16T13:05:20Z,tasou_markou,FRC4,44,44,39,39,1,False,35.136146,33.369732
2026-09-16T13:05:20Z,peiraios,FRC3,19,38,98,49,0.96,False,35.148686,33.351249
2026-09-16T13:46:12Z,strovolou,FRC3,45,45,48,48,1,False,35.137521,33.333087
2026-09-16T13:46:12Z,tseriou,FRC4,21,40,39,20,0.94,False,35.13293,33.339276
2026-09-16T13:46:12Z,prodromou,FRC4,42,42,12,12,1,False,35.159656,33.3459
2026-09-16T13:46:12Z,akropoleos,FRC3,30,40,92,69,0.96,False,35.138676,33.358135
2026-09-16T13:46:12Z,athalassas,FRC3,30,42,72,51,0.95,False,35.144718,33.362216
2026-09-16T13:46:12Z,lemesou,FRC3,50,50,20,20,1,False,35.149928,33.374288
2026-09-16T13:46:12Z,sp_kyprianou,FRC4,34,34,29,29,1,False,35.150176,33.339743
2026-09-16T13:46:12Z,archangelou,FRC3,38,48,37,29,0.99,False,35.135323,33.331244
2026-09-16T13:46:12Z,konstantinoup,FRC4,48,48,20,20,1,False,35.126091,33.34383
2026-09-16T13:46:12Z,stavrou,FRC3,26,39,107,71,0.97,False,35.136817,33.358074
2026-09-16T13:46:12Z,makedonitissas,FRC4,30,40,102,76,0.96,False,35.14653,33.332584
2026-09-16T13:46:12Z,armenias,FRC4,22,39,59,33,0.95,False,35.152861,33.36736
2026-09-16T13:46:12Z,arch_kyprianou,FRC4,24,35,41,28,0.96,False,35.148093,33.341583
2026-09-16T13:46:12Z,a1_motorway,FRC0,109,109,342,342,1,False,35.074318,33.376958
2026-09-16T13:46:12Z,makariou_lakat,FRC4,38,46,320,264,0.963231,False,35.088983,33.28557
2026-09-16T13:46:12Z,griva_digeni,FRC4,34,42,57,46,0.98,False,35.165117,33.340667
2026-09-16T13:46:12Z,aglantzias,FRC4,41,41,24,24,1,False,35.155801,33.382409
2026-09-16T13:46:12Z,kranidioti,FRC3,61,61,61,61,1,False,35.102546,33.313234
2026-09-16T13:46:12Z,perimetrikos,FRC4,59,59,17,17,1,False,35.113096,33.322016
2026-09-16T13:46:12Z,hatziiosif,FRC3,26,39,107,71,0.97,False,35.136817,33.358074
2026-09-16T13:46:12Z,perikleous,FRC4,24,39,19,12,0.98,False,35.138923,33.346836
2026-09-16T13:46:12Z,avraamidi,FRC4,43,43,23,23,1,False,35.141552,33.36142
2026-09-16T13:46:12Z,athinon,FRC4,35,35,2,2,1,False,35.139348,33.346279
2026-09-16T13:46:12Z,tasou_markou,FRC4,44,44,39,39,1,False,35.136146,33.369732
2026-09-16T13:46:12Z,peiraios,FRC3,18,37,104,50,0.99,False,35.148686,33.351249
2026-09-16T17:05:19Z,strovolou,FRC3,33,45,65,48,0.94,False,35.137521,33.333087
2026-09-16T17:05:19Z,tseriou,FRC4,29,41,28,20,0.92,False,35.13293,33.339276
2026-09-16T17:05:19Z,prodromou,FRC4,42,42,12,12,1,False,35.159656,33.3459
2026-09-16T17:05:19Z,akropoleos,FRC3,41,41,68,68,1,False,35.138676,33.358135
2026-09-16T17:05:19Z,athalassas,FRC3,42,42,51,51,1,False,35.144718,33.362216
2026-09-16T17:05:19Z,lemesou,FRC3,50,50,20,20,1,False,35.149928,33.374288
2026-09-16T17:05:19Z,sp_kyprianou,FRC4,34,34,29,29,1,False,35.150176,33.339743
2026-09-16T17:05:19Z,archangelou,FRC3,38,49,37,28,0.98,False,35.135323,33.331244
2026-09-16T17:05:19Z,konstantinoup,FRC4,48,48,20,20,1,False,35.126091,33.34383
2026-09-16T17:05:19Z,stavrou,FRC3,39,39,71,71,1,False,35.136817,33.358074
2026-09-16T17:05:19Z,makedonitissas,FRC4,25,39,122,78,0.943189,False,35.14653,33.332584
2026-09-16T17:05:19Z,armenias,FRC4,39,39,33,33,1,False,35.152861,33.36736
2026-09-16T17:05:19Z,arch_kyprianou,FRC4,29,36,34,27,0.6,False,35.148093,33.341583
2026-09-16T17:05:19Z,a1_motorway,FRC0,109,109,342,342,1,False,35.074318,33.376958
2026-09-16T17:05:19Z,makariou_lakat,FRC4,45,45,270,270,1,False,35.088983,33.28557
2026-09-16T17:05:19Z,griva_digeni,FRC4,43,43,45,45,1,False,35.165117,33.340667
2026-09-16T17:05:19Z,aglantzias,FRC4,41,41,24,24,1,False,35.155801,33.382409
2026-09-16T17:05:19Z,kranidioti,FRC3,61,61,61,61,1,False,35.102546,33.313234
2026-09-16T17:05:19Z,perimetrikos,FRC4,59,59,17,17,1,False,35.113096,33.322016
2026-09-16T17:05:19Z,hatziiosif,FRC3,39,39,71,71,1,False,35.136817,33.358074
2026-09-16T17:05:19Z,perikleous,FRC4,30,40,15,11,0.96,False,35.138923,33.346836
2026-09-16T17:05:19Z,avraamidi,FRC4,43,43,23,23,1,False,35.141552,33.36142
2026-09-16T17:05:19Z,athinon,FRC4,35,35,2,2,1,False,35.139348,33.346279
2026-09-16T17:05:19Z,tasou_markou,FRC4,44,44,39,39,1,False,35.136146,33.369732
2026-09-16T17:05:19Z,peiraios,FRC3,37,37,50,50,1,False,35.148686,33.351249
2026-09-16T18:06:03Z,strovolou,FRC3,45,45,48,48,1,False,35.137521,33.333087
2026-09-16T18:06:03Z,tseriou,FRC4,33,41,24,20,0.64,False,35.13293,33.339276
2026-09-16T18:06:03Z,prodromou,FRC4,42,42,12,12,1,False,35.159656,33.3459
2026-09-16T18:06:03Z,akropoleos,FRC3,41,41,68,68,1,False,35.138676,33.358135
2026-09-16T18:06:03Z,athalassas,FRC3,42,42,51,51,1,False,35.144718,33.362216
2026-09-16T18:06:03Z,lemesou,FRC3,50,50,20,20,1,False,35.149928,33.374288
2026-09-16T18:06:03Z,sp_kyprianou,FRC4,34,34,29,29,1,False,35.150176,33.339743
2026-09-16T18:06:03Z,archangelou,FRC3,49,49,28,28,1,False,35.135323,33.331244
2026-09-16T18:06:03Z,konstantinoup,FRC4,48,48,20,20,1,False,35.126091,33.34383
2026-09-16T18:06:03Z,stavrou,FRC3,39,39,71,71,1,False,35.136817,33.358074
2026-09-16T18:06:03Z,makedonitissas,FRC4,40,40,76,76,1,False,35.14653,33.332584
2026-09-16T18:06:03Z,armenias,FRC4,39,39,33,33,1,False,35.152861,33.36736
2026-09-16T18:06:03Z,arch_kyprianou,FRC4,25,35,40,28,0.6,False,35.148093,33.341583
2026-09-16T18:06:03Z,a1_motorway,FRC0,109,109,342,342,1,False,35.074318,33.376958
2026-09-16T18:06:03Z,makariou_lakat,FRC4,45,45,270,270,1,False,35.088983,33.28557
2026-09-16T18:06:03Z,griva_digeni,FRC4,43,43,45,45,1,False,35.165117,33.340667
2026-09-16T18:06:03Z,aglantzias,FRC4,41,41,24,24,1,False,35.155801,33.382409
2026-09-16T18:06:03Z,kranidioti,FRC3,61,61,61,61,1,False,35.102546,33.313234
2026-09-16T18:06:03Z,perimetrikos,FRC4,59,59,17,17,1,False,35.113096,33.322016
2026-09-16T18:06:03Z,hatziiosif,FRC3,39,39,71,71,1,False,35.136817,33.358074
2026-09-16T18:06:03Z,perikleous,FRC4,40,40,11,11,1,False,35.138923,33.346836
2026-09-16T18:06:03Z,avraamidi,FRC4,43,43,23,23,1,False,35.141552,33.36142
2026-09-16T18:06:03Z,athinon,FRC4,35,35,2,2,1,False,35.139348,33.346279
2026-09-16T18:06:03Z,tasou_markou,FRC4,44,44,39,39,1,False,35.136146,33.369732
2026-09-16T18:06:03Z,peiraios,FRC3,37,37,50,50,1,False,35.148686,33.351249
2026-09-17T04:45:22Z,strovolou,FRC3,45,45,48,48,1,False,35.137521,33.333087
2026-09-17T04:45:22Z,tseriou,FRC4,41,41,20,20,1,False,35.13293,33.339276
2026-09-17T04:45:22Z,prodromou,FRC4,25,41,20,12,0.94,False,35.159656,33.3459
2026-09-17T04:45:22Z,akropoleos,FRC3,16,39,174,71,0.97,False,35.138676,33.358135
2026-09-17T04:45:22Z,athalassas,FRC3,33,41,65,53,0.98,False,35.144718,33.362216
2026-09-17T04:45:22Z,lemesou,FRC3,9,48,113,21,1,False,35.149928,33.374288
2026-09-17T04:45:22Z,sp_kyprianou,FRC4,11,35,92,28,0.99,False,35.150176,33.339743
2026-09-17T04:45:22Z,archangelou,FRC3,19,48,74,29,0.99,False,35.135323,33.331244
2026-09-17T04:45:22Z,konstantinoup,FRC4,48,48,20,20,1,False,35.126091,33.34383
2026-09-17T04:45:22Z,stavrou,FRC3,39,39,71,71,1,False,35.136817,33.358074
2026-09-17T04:45:22Z,makedonitissas,FRC4,13,38,235,80,0.983293,False,35.14653,33.332584
2026-09-17T04:45:22Z,armenias,FRC4,27,38,48,34,0.96,False,35.152861,33.36736
2026-09-17T04:45:22Z,arch_kyprianou,FRC4,27,35,37,28,0.91,False,35.148093,33.341583
2026-09-17T04:45:22Z,a1_motorway,FRC0,109,109,342,342,1,False,35.074318,33.376958
2026-09-17T04:45:22Z,makariou_lakat,FRC4,37,45,328,270,0.959801,False,35.088983,33.28557
2026-09-17T04:45:22Z,griva_digeni,FRC4,28,43,69,45,0.99,False,35.165117,33.340667
2026-09-17T04:45:22Z,aglantzias,FRC4,26,40,39,25,0.998674,False,35.155801,33.382409
2026-09-17T04:45:22Z,kranidioti,FRC3,61,61,61,61,1,False,35.102546,33.313234
2026-09-17T04:45:22Z,perimetrikos,FRC4,59,59,17,17,1,False,35.113096,33.322016
2026-09-17T04:45:22Z,hatziiosif,FRC3,39,39,71,71,1,False,35.136817,33.358074
2026-09-17T04:45:22Z,perikleous,FRC4,40,40,11,11,1,False,35.138923,33.346836
2026-09-17T04:45:22Z,avraamidi,FRC4,43,43,23,23,1,False,35.141552,33.36142
2026-09-17T04:45:22Z,athinon,FRC4,35,35,2,2,1,False,35.139348,33.346279
2026-09-17T04:45:22Z,tasou_markou,FRC4,44,44,39,39,1,False,35.136146,33.369732
2026-09-17T04:45:22Z,peiraios,FRC3,4,34,469,55,0.99,False,35.148686,33.351249
2026-09-17T05:05:54Z,strovolou,FRC3,45,45,48,48,1,False,35.137521,33.333087
2026-09-17T05:05:54Z,tseriou,FRC4,24,40,34,20,0.93,False,35.13293,33.339276
2026-09-17T05:05:54Z,prodromou,FRC4,24,42,21,12,0.93,False,35.159656,33.3459
2026-09-17T05:05:54Z,akropoleos,FRC3,14,41,199,68,0.98,False,35.138676,33.358135
2026-09-17T05:05:54Z,athalassas,FRC3,33,41,65,53,0.949018,False,35.144718,33.362216
2026-09-17T05:05:54Z,lemesou,FRC3,9,52,113,19,1,False,35.149928,33.374288
2026-09-17T05:05:54Z,sp_kyprianou,FRC4,34,34,29,29,1,False,35.150176,33.339743
2026-09-17T05:05:54Z,archangelou,FRC3,21,50,67,28,0.98,False,35.135323,33.331244
2026-09-17T05:05:54Z,konstantinoup,FRC4,48,48,20,20,1,False,35.126091,33.34383
2026-09-17T05:05:54Z,stavrou,FRC3,30,39,92,71,0.98,False,35.136817,33.358074
2026-09-17T05:05:54Z,makedonitissas,FRC4,28,39,109,78,0.97,False,35.14653,33.332584
2026-09-17T05:05:54Z,armenias,FRC4,28,38,46,34,0.96,False,35.152861,33.36736
2026-09-17T05:05:54Z,arch_kyprianou,FRC4,27,36,37,27,0.93,False,35.148093,33.341583
2026-09-17T05:05:54Z,a1_motorway,FRC0,109,109,342,342,1,False,35.074318,33.376958
2026-09-17T05:05:54Z,makariou_lakat,FRC4,36,45,337,270,0.978189,False,35.088983,33.28557
2026-09-17T05:05:54Z,griva_digeni,FRC4,8,42,243,46,1,False,35.165117,33.340667
2026-09-17T05:05:54Z,aglantzias,FRC4,29,40,35,25,0.99938,False,35.155801,33.382409
2026-09-17T05:05:54Z,kranidioti,FRC3,61,61,61,61,1,False,35.102546,33.313234
2026-09-17T05:05:54Z,perimetrikos,FRC4,59,59,17,17,1,False,35.113096,33.322016
2026-09-17T05:05:54Z,hatziiosif,FRC3,30,39,92,71,0.98,False,35.136817,33.358074
2026-09-17T05:05:54Z,perikleous,FRC4,40,40,11,11,1,False,35.138923,33.346836
2026-09-17T05:05:54Z,avraamidi,FRC4,43,43,23,23,1,False,35.141552,33.36142
2026-09-17T05:05:54Z,athinon,FRC4,35,35,2,2,1,False,35.139348,33.346279
2026-09-17T05:05:54Z,tasou_markou,FRC4,44,44,39,39,1,False,35.136146,33.369732
2026-09-17T05:05:54Z,peiraios,FRC3,8,37,234,50,0.97,False,35.148686,33.351249
2026-09-17T05:26:28Z,strovolou,FRC3,45,45,48,48,1,False,35.137521,33.333087
2026-09-17T05:26:28Z,tseriou,FRC4,27,40,30,20,0.95,False,35.13293,33.339276
2026-09-17T05:26:28Z,prodromou,FRC4,18,41,29,12,0.93,False,35.159656,33.3459
2026-09-17T05:26:28Z,akropoleos,FRC3,18,41,154,68,0.98204,False,35.138676,33.358135
2026-09-17T05:26:28Z,athalassas,FRC3,26,41,83,53,0.953661,False,35.144718,33.362216
2026-09-17T05:26:28Z,lemesou,FRC3,8,51,128,20,1,False,35.149928,33.374288
2026-09-17T05:26:28Z,sp_kyprianou,FRC4,34,34,29,29,1,False,35.150176,33.339743
2026-09-17T05:26:28Z,archangelou,FRC3,34,48,41,29,0.99,False,35.135323,33.331244
2026-09-17T05:26:28Z,konstantinoup,FRC4,48,48,20,20,1,False,35.126091,33.34383
2026-09-17T05:26:28Z,stavrou,FRC3,39,39,71,71,1,False,35.136817,33.358074
2026-09-17T05:26:28Z,makedonitissas,FRC4,31,39,98,78,0.97,False,35.14653,33.332584
2026-09-17T05:26:28Z,armenias,FRC4,30,39,43,33,0.96,False,35.152861,33.36736
2026-09-17T05:26:28Z,arch_kyprianou,FRC4,23,36,43,27,0.94,False,35.148093,33.341583
2026-09-17T05:26:28Z,a1_motorway,FRC0,109,109,342,342,1,False,35.074318,33.376958
2026-09-17T05:26:28Z,makariou_lakat,FRC4,39,45,311,270,0.986241,False,35.088983,33.28557
2026-09-17T05:26:28Z,griva_digeni,FRC4,30,42,64,46,1,False,35.165117,33.340667
2026-09-17T05:26:28Z,aglantzias,FRC4,29,41,35,24,0.99,False,35.155801,33.382409
2026-09-17T05:26:28Z,kranidioti,FRC3,46,60,81,62,0.98,False,35.102546,33.313234
2026-09-17T05:26:28Z,perimetrikos,FRC4,59,59,17,17,1,False,35.113096,33.322016
2026-09-17T05:26:28Z,hatziiosif,FRC3,39,39,71,71,1,False,35.136817,33.358074
2026-09-17T05:26:28Z,perikleous,FRC4,24,40,19,11,0.98,False,35.138923,33.346836
2026-09-17T05:26:28Z,avraamidi,FRC4,43,43,23,23,1,False,35.141552,33.36142
2026-09-17T05:26:28Z,athinon,FRC4,35,35,2,2,1,False,35.139348,33.346279
2026-09-17T05:26:28Z,tasou_markou,FRC4,44,44,39,39,1,False,35.136146,33.369732
2026-09-17T05:26:28Z,peiraios,FRC3,10,37,187,50,0.95,False,35.148686,33.351249
2026-09-17T05:47:01Z,strovolou,FRC3,45,45,48,48,1,False,35.137521,33.333087
2026-09-17T05:47:01Z,tseriou,FRC4,21,41,39,20,0.93,False,35.13293,33.339276
2026-09-17T05:47:01Z,prodromou,FRC4,42,42,12,12,1,False,35.159656,33.3459
2026-09-17T05:47:01Z,akropoleos,FRC3,40,46,69,60,0.99,False,35.138676,33.358135
2026-09-17T05:47:01Z,athalassas,FRC3,42,42,51,51,1,False,35.144718,33.362216
2026-09-17T05:47:01Z,lemesou,FRC3,14,51,73,20,1,False,35.149928,33.374288
2026-09-17T05:47:01Z,sp_kyprianou,FRC4,34,34,29,29,1,False,35.150176,33.339743
2026-09-17T05:47:01Z,archangelou,FRC3,49,49,28,28,1,False,35.135323,33.331244
2026-09-17T05:47:01Z,konstantinoup,FRC4,48,48,20,20,1,False,35.126091,33.34383
2026-09-17T05:47:01Z,stavrou,FRC3,39,39,71,71,1,False,35.136817,33.358074
2026-09-17T05:47:01Z,makedonitissas,FRC4,23,40,133,76,0.965645,False,35.14653,33.332584
2026-09-17T05:47:01Z,armenias,FRC4,28,39,46,33,0.94,False,35.152861,33.36736
2026-09-17T05:47:01Z,arch_kyprianou,FRC4,23,35,43,28,0.91,False,35.148093,33.341583
2026-09-17T05:47:01Z,a1_motorway,FRC0,109,109,342,342,1,False,35.074318,33.376958
2026-09-17T05:47:01Z,makariou_lakat,FRC4,36,45,337,270,0.955824,False,35.088983,33.28557
2026-09-17T05:47:01Z,griva_digeni,FRC4,33,42,59,46,1,False,35.165117,33.340667
2026-09-17T05:47:01Z,aglantzias,FRC4,31,40,32,25,0.99,False,35.155801,33.382409
2026-09-17T05:47:01Z,kranidioti,FRC3,49,60,76,62,0.98,False,35.102546,33.313234
2026-09-17T05:47:01Z,perimetrikos,FRC4,59,59,17,17,1,False,35.113096,33.322016
2026-09-17T05:47:01Z,hatziiosif,FRC3,39,39,71,71,1,False,35.136817,33.358074
2026-09-17T05:47:01Z,perikleous,FRC4,32,40,14,11,0.97,False,35.138923,33.346836
2026-09-17T05:47:01Z,avraamidi,FRC4,43,43,23,23,1,False,35.141552,33.36142
2026-09-17T05:47:01Z,athinon,FRC4,35,35,2,2,1,False,35.139348,33.346279
2026-09-17T05:47:01Z,tasou_markou,FRC4,44,44,39,39,1,False,35.136146,33.369732
2026-09-17T05:47:01Z,peiraios,FRC3,15,38,125,49,0.975001,False,35.148686,33.351249
2026-09-17T06:07:16Z,strovolou,FRC3,45,45,48,48,1,False,35.137521,33.333087
2026-09-17T06:07:16Z,tseriou,FRC4,22,40,37,20,0.96,False,35.13293,33.339276
2026-09-17T06:07:16Z,prodromou,FRC4,32,42,16,12,0.93,False,35.159656,33.3459
2026-09-17T06:07:16Z,akropoleos,FRC3,32,41,87,68,0.98,False,35.138676,33.358135
2026-09-17T06:07:16Z,athalassas,FRC3,28,41,77,53,0.99,False,35.144718,33.362216
2026-09-17T06:07:16Z,lemesou,FRC3,37,50,27,20,1,False,35.149928,33.374288
2026-09-17T06:07:16Z,sp_kyprianou,FRC4,27,34,37,29,0.97,False,35.150176,33.339743
2026-09-17T06:07:16Z,archangelou,FRC3,49,49,28,28,1,False,35.135323,33.331244
2026-09-17T06:07:16Z,konstantinoup,FRC4,48,48,20,20,1,False,35.126091,33.34383
2026-09-17T06:07:16Z,stavrou,FRC3,39,39,71,71,1,False,35.136817,33.358074
2026-09-17T06:07:16Z,makedonitissas,FRC4,29,40,105,76,0.97,False,35.14653,33.332584
2026-09-17T06:07:16Z,armenias,FRC4,28,38,46,34,0.97,False,35.152861,33.36736
2026-09-17T06:07:16Z,arch_kyprianou,FRC4,23,36,43,27,0.89,False,35.148093,33.341583
2026-09-17T06:07:16Z,a1_motorway,FRC0,109,109,342,342,1,False,35.074318,33.376958
2026-09-17T06:07:16Z,makariou_lakat,FRC4,45,45,270,270,1,False,35.088983,33.28557
2026-09-17T06:07:16Z,griva_digeni,FRC4,34,43,57,45,0.98,False,35.165117,33.340667
2026-09-17T06:07:16Z,aglantzias,FRC4,41,41,24,24,1,False,35.155801,33.382409
2026-09-17T06:07:16Z,kranidioti,FRC3,61,61,61,61,1,False,35.102546,33.313234
2026-09-17T06:07:16Z,perimetrikos,FRC4,59,59,17,17,1,False,35.113096,33.322016
2026-09-17T06:07:16Z,hatziiosif,FRC3,39,39,71,71,1,False,35.136817,33.358074
2026-09-17T06:07:16Z,perikleous,FRC4,30,39,15,12,0.97,False,35.138923,33.346836
2026-09-17T06:07:16Z,avraamidi,FRC4,34,43,29,23,0.88,False,35.141552,33.36142
2026-09-17T06:07:16Z,athinon,FRC4,35,35,2,2,1,False,35.139348,33.346279
2026-09-17T06:07:16Z,tasou_markou,FRC4,44,44,39,39,1,False,35.136146,33.369732
2026-09-17T06:07:16Z,peiraios,FRC3,24,37,78,50,0.98,False,35.148686,33.351249
2026-09-17T07:07:57Z,strovolou,FRC3,45,45,48,48,1,False,35.137521,33.333087
2026-09-17T07:07:57Z,tseriou,FRC4,28,41,29,20,0.93,False,35.13293,33.339276
2026-09-17T07:07:57Z,prodromou,FRC4,42,42,12,12,1,False,35.159656,33.3459
2026-09-17T07:07:57Z,akropoleos,FRC3,22,41,126,68,0.99,False,35.138676,33.358135
2026-09-17T07:07:57Z,athalassas,FRC3,19,41,114,53,0.98,False,35.144718,33.362216
2026-09-17T07:07:57Z,lemesou,FRC3,50,50,20,20,1,False,35.149928,33.374288
2026-09-17T07:07:57Z,sp_kyprianou,FRC4,24,33,42,30,0.95,False,35.150176,33.339743
2026-09-17T07:07:57Z,archangelou,FRC3,49,49,28,28,1,False,35.135323,33.331244
2026-09-17T07:07:57Z,konstantinoup,FRC4,48,48,20,20,1,False,35.126091,33.34383
2026-09-17T07:07:57Z,stavrou,FRC3,25,38,111,73,0.98,False,35.136817,33.358074
2026-09-17T07:07:57Z,makedonitissas,FRC4,25,40,122,76,0.98,False,35.14653,33.332584
2026-09-17T07:07:57Z,armenias,FRC4,27,39,48,33,0.96,False,35.152861,33.36736
2026-09-17T07:07:57Z,arch_kyprianou,FRC4,29,36,34,27,0.86,False,35.148093,33.341583
2026-09-17T07:07:57Z,a1_motorway,FRC0,109,109,342,342,1,False,35.074318,33.376958
2026-09-17T07:07:57Z,makariou_lakat,FRC4,37,46,328,264,0.975495,False,35.088983,33.28557
2026-09-17T07:07:57Z,griva_digeni,FRC4,30,42,64,46,0.99,False,35.165117,33.340667
2026-09-17T07:07:57Z,aglantzias,FRC4,41,41,24,24,1,False,35.155801,33.382409
2026-09-17T07:07:57Z,kranidioti,FRC3,61,61,61,61,1,False,35.102546,33.313234
2026-09-17T07:07:57Z,perimetrikos,FRC4,59,59,17,17,1,False,35.113096,33.322016
2026-09-17T07:07:57Z,hatziiosif,FRC3,25,38,111,73,0.98,False,35.136817,33.358074
2026-09-17T07:07:57Z,perikleous,FRC4,40,40,11,11,1,False,35.138923,33.346836
2026-09-17T07:07:57Z,avraamidi,FRC4,43,43,23,23,1,False,35.141552,33.36142
2026-09-17T07:07:57Z,athinon,FRC4,35,35,2,2,1,False,35.139348,33.346279
2026-09-17T07:07:57Z,tasou_markou,FRC4,44,44,39,39,1,False,35.136146,33.369732
2026-09-17T07:07:57Z,peiraios,FRC3,21,37,89,50,0.98,False,35.148686,33.351249
2026-09-17T12:03:35Z,strovolou,FRC3,33,45,65,48,1,False,35.137521,33.333087
2026-09-17T12:03:35Z,tseriou,FRC4,25,41,32,20,0.93,False,35.13293,33.339276
2026-09-17T12:03:35Z,prodromou,FRC4,42,42,12,12,1,False,35.159656,33.3459
2026-09-17T12:03:35Z,akropoleos,FRC3,28,41,99,68,0.98,False,35.138676,33.358135
2026-09-17T12:03:35Z,athalassas,FRC3,42,42,51,51,1,False,35.144718,33.362216
2026-09-17T12:03:35Z,lemesou,FRC3,50,50,20,20,1,False,35.149928,33.374288
2026-09-17T12:03:35Z,sp_kyprianou,FRC4,34,34,29,29,1,False,35.150176,33.339743
2026-09-17T12:03:35Z,archangelou,FRC3,49,49,28,28,1,False,35.135323,33.331244
2026-09-17T12:03:35Z,konstantinoup,FRC4,48,48,20,20,1,False,35.126091,33.34383
2026-09-17T12:03:35Z,stavrou,FRC3,24,39,116,71,0.9,False,35.136817,33.358074
2026-09-17T12:03:35Z,makedonitissas,FRC4,26,40,117,76,0.962599,False,35.14653,33.332584
2026-09-17T12:03:35Z,armenias,FRC4,28,38,46,34,0.94,False,35.152861,33.36736
2026-09-17T12:03:35Z,arch_kyprianou,FRC4,24,35,41,28,0.81,False,35.148093,33.341583
2026-09-17T12:03:35Z,a1_motorway,FRC0,109,109,342,342,1,False,35.074318,33.376958
2026-09-17T12:03:35Z,makariou_lakat,FRC4,45,45,270,270,1,False,35.088983,33.28557
2026-09-17T12:03:35Z,griva_digeni,FRC4,32,42,60,46,0.97,False,35.165117,33.340667
2026-09-17T12:03:35Z,aglantzias,FRC4,41,41,24,24,1,False,35.155801,33.382409
2026-09-17T12:03:35Z,kranidioti,FRC3,61,61,61,61,1,False,35.102546,33.313234
2026-09-17T12:03:35Z,perimetrikos,FRC4,59,59,17,17,1,False,35.113096,33.322016
2026-09-17T12:03:35Z,hatziiosif,FRC3,24,39,116,71,0.9,False,35.136817,33.358074
2026-09-17T12:03:35Z,perikleous,FRC4,20,39,23,12,0.97,False,35.138923,33.346836
2026-09-17T12:03:35Z,avraamidi,FRC4,43,43,23,23,1,False,35.141552,33.36142
2026-09-17T12:03:35Z,athinon,FRC4,35,35,2,2,1,False,35.139348,33.346279
2026-09-17T12:03:35Z,tasou_markou,FRC4,44,44,39,39,1,False,35.136146,33.369732
2026-09-17T12:03:35Z,peiraios,FRC3,24,37,78,50,0.979835,False,35.148686,33.351249
2026-09-17T13:04:31Z,strovolou,FRC3,26,45,83,48,1,False,35.137521,33.333087
2026-09-17T13:04:31Z,tseriou,FRC4,24,41,34,20,0.71,False,35.13293,33.339276
2026-09-17T13:04:31Z,prodromou,FRC4,42,42,12,12,1,False,35.159656,33.3459
2026-09-17T13:04:31Z,akropoleos,FRC3,26,40,107,69,0.97,False,35.138676,33.358135
2026-09-17T13:04:31Z,athalassas,FRC3,34,41,63,53,0.98,False,35.144718,33.362216
2026-09-17T13:04:31Z,lemesou,FRC3,30,50,34,20,0.99,False,35.149928,33.374288
2026-09-17T13:04:31Z,sp_kyprianou,FRC4,34,34,29,29,1,False,35.150176,33.339743
2026-09-17T13:04:31Z,archangelou,FRC3,49,49,28,28,1,False,35.135323,33.331244
2026-09-17T13:04:31Z,konstantinoup,FRC4,48,48,20,20,1,False,35.126091,33.34383
2026-09-17T13:04:31Z,stavrou,FRC3,26,38,107,73,0.96,False,35.136817,33.358074
2026-09-17T13:04:31Z,makedonitissas,FRC4,29,40,105,76,0.9,False,35.14653,33.332584
2026-09-17T13:04:31Z,armenias,FRC4,20,38,65,34,0.97,False,35.152861,33.36736
2026-09-17T13:04:31Z,arch_kyprianou,FRC4,23,35,43,28,0.93,False,35.148093,33.341583
2026-09-17T13:04:31Z,a1_motorway,FRC0,109,109,342,342,1,False,35.074318,33.376958
2026-09-17T13:04:31Z,makariou_lakat,FRC4,45,45,270,270,1,False,35.088983,33.28557
2026-09-17T13:04:31Z,griva_digeni,FRC4,33,43,59,45,0.95,False,35.165117,33.340667
2026-09-17T13:04:31Z,aglantzias,FRC4,31,40,32,25,0.99,False,35.155801,33.382409
2026-09-17T13:04:31Z,kranidioti,FRC3,61,61,61,61,1,False,35.102546,33.313234
2026-09-17T13:04:31Z,perimetrikos,FRC4,27,57,39,18,0.98,False,35.113096,33.322016
2026-09-17T13:04:31Z,hatziiosif,FRC3,26,38,107,73,0.96,False,35.136817,33.358074
2026-09-17T13:04:31Z,perikleous,FRC4,31,40,15,11,0.98,False,35.138923,33.346836
2026-09-17T13:04:31Z,avraamidi,FRC4,43,43,23,23,1,False,35.141552,33.36142
2026-09-17T13:04:31Z,athinon,FRC4,27,35,3,2,0.98,False,35.139348,33.346279
2026-09-17T13:04:31Z,tasou_markou,FRC4,44,44,39,39,1,False,35.136146,33.369732
2026-09-17T13:04:31Z,peiraios,FRC3,17,36,110,52,0.98,False,35.148686,33.351249
2026-09-17T13:45:39Z,strovolou,FRC3,32,45,67,48,0.994872,False,35.137521,33.333087
2026-09-17T13:45:39Z,tseriou,FRC4,17,42,48,19,0.96,False,35.13293,33.339276
2026-09-17T13:45:39Z,prodromou,FRC4,42,42,12,12,1,False,35.159656,33.3459
2026-09-17T13:45:39Z,akropoleos,FRC3,28,41,99,68,0.94,False,35.138676,33.358135
2026-09-17T13:45:39Z,athalassas,FRC3,28,41,77,53,0.98,False,35.144718,33.362216
2026-09-17T13:45:39Z,lemesou,FRC3,50,50,20,20,1,False,35.149928,33.374288
2026-09-17T13:45:39Z,sp_kyprianou,FRC4,23,33,44,30,0.98,False,35.150176,33.339743
2026-09-17T13:45:39Z,archangelou,FRC3,49,49,28,28,1,False,35.135323,33.331244
2026-09-17T13:45:39Z,konstantinoup,FRC4,48,48,20,20,1,False,35.126091,33.34383
2026-09-17T13:45:39Z,stavrou,FRC3,29,39,96,71,0.97,False,35.136817,33.358074
2026-09-17T13:45:39Z,makedonitissas,FRC4,29,40,105,76,0.97,False,35.14653,33.332584
2026-09-17T13:45:39Z,armenias,FRC4,23,39,56,33,0.99,False,35.152861,33.36736
2026-09-17T13:45:39Z,arch_kyprianou,FRC4,26,36,38,27,0.94,False,35.148093,33.341583
2026-09-17T13:45:39Z,a1_motorway,FRC0,109,109,342,342,1,False,35.074318,33.376958
2026-09-17T13:45:39Z,makariou_lakat,FRC4,38,45,320,270,0.942925,False,35.088983,33.28557
2026-09-17T13:45:39Z,griva_digeni,FRC4,34,43,57,45,0.97,False,35.165117,33.340667
2026-09-17T13:45:39Z,aglantzias,FRC4,23,41,44,24,0.97,False,35.155801,33.382409
2026-09-17T13:45:39Z,kranidioti,FRC3,61,61,61,61,1,False,35.102546,33.313234
2026-09-17T13:45:39Z,perimetrikos,FRC4,59,59,17,17,1,False,35.113096,33.322016
2026-09-17T13:45:39Z,hatziiosif,FRC3,29,39,96,71,0.97,False,35.136817,33.358074
2026-09-17T13:45:39Z,perikleous,FRC4,20,40,23,11,0.95,False,35.138923,33.346836
2026-09-17T13:45:39Z,avraamidi,FRC4,43,43,23,23,1,False,35.141552,33.36142
2026-09-17T13:45:39Z,athinon,FRC4,35,35,2,2,1,False,35.139348,33.346279
2026-09-17T13:45:39Z,tasou_markou,FRC4,44,44,39,39,1,False,35.136146,33.369732
2026-09-17T13:45:39Z,peiraios,FRC3,16,37,117,50,0.98,False,35.148686,33.351249
2026-09-17T14:06:33Z,strovolou,FRC3,32,45,67,48,1,False,35.137521,33.333087
2026-09-17T14:06:33Z,tseriou,FRC4,20,41,41,20,0.93,False,35.13293,33.339276
2026-09-17T14:06:33Z,prodromou,FRC4,42,42,12,12,1,False,35.159656,33.3459
2026-09-17T14:06:33Z,akropoleos,FRC3,31,40,89,69,0.97,False,35.138676,33.358135
2026-09-17T14:06:33Z,athalassas,FRC3,30,41,72,53,0.98,False,35.144718,33.362216
2026-09-17T14:06:33Z,lemesou,FRC3,38,48,26,21,1,False,35.149928,33.374288
2026-09-17T14:06:33Z,sp_kyprianou,FRC4,34,34,29,29,1,False,35.150176,33.339743
2026-09-17T14:06:33Z,archangelou,FRC3,49,49,28,28,1,False,35.135323,33.331244
2026-09-17T14:06:33Z,konstantinoup,FRC4,48,48,20,20,1,False,35.126091,33.34383
2026-09-17T14:06:33Z,stavrou,FRC3,29,38,96,73,0.95,False,35.136817,33.358074
2026-09-17T14:06:33Z,makedonitissas,FRC4,32,40,95,76,0.98,False,35.14653,33.332584
2026-09-17T14:06:33Z,armenias,FRC4,21,39,62,33,0.98,False,35.152861,33.36736
2026-09-17T14:06:33Z,arch_kyprianou,FRC4,28,36,35,27,0.97,False,35.148093,33.341583
2026-09-17T14:06:33Z,a1_motorway,FRC0,109,109,342,342,1,False,35.074318,33.376958
2026-09-17T14:06:33Z,makariou_lakat,FRC4,45,45,270,270,1,False,35.088983,33.28557
2026-09-17T14:06:33Z,griva_digeni,FRC4,34,42,57,46,0.99,False,35.165117,33.340667
2026-09-17T14:06:33Z,aglantzias,FRC4,41,41,24,24,1,False,35.155801,33.382409
2026-09-17T14:06:33Z,kranidioti,FRC3,49,61,76,61,0.98,False,35.102546,33.313234
2026-09-17T14:06:33Z,perimetrikos,FRC4,59,59,17,17,1,False,35.113096,33.322016
2026-09-17T14:06:33Z,hatziiosif,FRC3,29,38,96,73,0.95,False,35.136817,33.358074
2026-09-17T14:06:33Z,perikleous,FRC4,21,39,22,12,0.97,False,35.138923,33.346836
2026-09-17T14:06:33Z,avraamidi,FRC4,43,43,23,23,1,False,35.141552,33.36142
2026-09-17T14:06:33Z,athinon,FRC4,35,35,2,2,1,False,35.139348,33.346279
2026-09-17T14:06:33Z,tasou_markou,FRC4,44,44,39,39,1,False,35.136146,33.369732
2026-09-17T14:06:33Z,peiraios,FRC3,13,37,144,50,0.99,False,35.148686,33.351249
2026-09-17T17:02:01Z,strovolou,FRC3,45,45,48,48,1,False,35.137521,33.333087
2026-09-17T17:02:01Z,tseriou,FRC4,30,40,27,20,0.6,False,35.13293,33.339276
2026-09-17T17:02:01Z,prodromou,FRC4,42,42,12,12,1,False,35.159656,33.3459
2026-09-17T17:02:01Z,akropoleos,FRC3,41,41,68,68,1,False,35.138676,33.358135
2026-09-17T17:02:01Z,athalassas,FRC3,42,42,51,51,1,False,35.144718,33.362216
2026-09-17T17:02:01Z,lemesou,FRC3,50,50,20,20,1,False,35.149928,33.374288
2026-09-17T17:02:01Z,sp_kyprianou,FRC4,34,34,29,29,1,False,35.150176,33.339743
2026-09-17T17:02:01Z,archangelou,FRC3,49,49,28,28,1,False,35.135323,33.331244
2026-09-17T17:02:01Z,konstantinoup,FRC4,48,48,20,20,1,False,35.126091,33.34383
2026-09-17T17:02:01Z,stavrou,FRC3,28,39,99,71,0.97,False,35.136817,33.358074
2026-09-17T17:02:01Z,makedonitissas,FRC4,26,39,117,78,0.98,False,35.14653,33.332584
2026-09-17T17:02:01Z,armenias,FRC4,30,39,43,33,0.96,False,35.152861,33.36736
2026-09-17T17:02:01Z,arch_kyprianou,FRC4,13,35,76,28,0.85,False,35.148093,33.341583
2026-09-17T17:02:01Z,a1_motorway,FRC0,109,109,342,342,1,False,35.074318,33.376958
2026-09-17T17:02:01Z,makariou_lakat,FRC4,33,45,368,270,0.95,False,35.088983,33.28557
2026-09-17T17:02:01Z,griva_digeni,FRC4,43,43,45,45,1,False,35.165117,33.340667
2026-09-17T17:02:01Z,aglantzias,FRC4,41,41,24,24,1,False,35.155801,33.382409
2026-09-17T17:02:01Z,kranidioti,FRC3,61,61,61,61,1,False,35.102546,33.313234
2026-09-17T17:02:01Z,perimetrikos,FRC4,59,59,17,17,1,False,35.113096,33.322016
2026-09-17T17:02:01Z,hatziiosif,FRC3,28,39,99,71,0.97,False,35.136817,33.358074
2026-09-17T17:02:01Z,perikleous,FRC4,30,39,15,12,0.96,False,35.138923,33.346836
2026-09-17T17:02:01Z,avraamidi,FRC4,43,43,23,23,1,False,35.141552,33.36142
2026-09-17T17:02:01Z,athinon,FRC4,35,35,2,2,1,False,35.139348,33.346279
2026-09-17T17:02:01Z,tasou_markou,FRC4,44,44,39,39,1,False,35.136146,33.369732
2026-09-17T17:02:01Z,peiraios,FRC3,26,36,72,52,0.97,False,35.148686,33.351249
2026-09-17T18:02:41Z,strovolou,FRC3,45,45,48,48,1,False,35.137521,33.333087
2026-09-17T18:02:41Z,tseriou,FRC4,33,41,24,20,0.6,False,35.13293,33.339276
2026-09-17T18:02:41Z,prodromou,FRC4,42,42,12,12,1,False,35.159656,33.3459
2026-09-17T18:02:41Z,akropoleos,FRC3,41,41,68,68,1,False,35.138676,33.358135
2026-09-17T18:02:41Z,athalassas,FRC3,42,42,51,51,1,False,35.144718,33.362216
2026-09-17T18:02:41Z,lemesou,FRC3,50,50,20,20,1,False,35.149928,33.374288
2026-09-17T18:02:41Z,sp_kyprianou,FRC4,25,33,40,30,0.84,False,35.150176,33.339743
2026-09-17T18:02:41Z,archangelou,FRC3,49,49,28,28,1,False,35.135323,33.331244
2026-09-17T18:02:41Z,konstantinoup,FRC4,48,48,20,20,1,False,35.126091,33.34383
2026-09-17T18:02:41Z,stavrou,FRC3,39,39,71,71,1,False,35.136817,33.358074
2026-09-17T18:02:41Z,makedonitissas,FRC4,40,40,76,76,1,False,35.14653,33.332584
2026-09-17T18:02:41Z,armenias,FRC4,39,39,33,33,1,False,35.152861,33.36736
2026-09-17T18:02:41Z,arch_kyprianou,FRC4,26,35,38,28,0.58,False,35.148093,33.341583
2026-09-17T18:02:41Z,a1_motorway,FRC0,109,109,342,342,1,False,35.074318,33.376958
2026-09-17T18:02:41Z,makariou_lakat,FRC4,45,45,270,270,1,False,35.088983,33.28557
2026-09-17T18:02:41Z,griva_digeni,FRC4,43,43,45,45,1,False,35.165117,33.340667
2026-09-17T18:02:41Z,aglantzias,FRC4,41,41,24,24,1,False,35.155801,33.382409
2026-09-17T18:02:41Z,kranidioti,FRC3,61,61,61,61,1,False,35.102546,33.313234
2026-09-17T18:02:41Z,perimetrikos,FRC4,59,59,17,17,1,False,35.113096,33.322016
2026-09-17T18:02:41Z,hatziiosif,FRC3,39,39,71,71,1,False,35.136817,33.358074
2026-09-17T18:02:41Z,perikleous,FRC4,40,40,11,11,1,False,35.138923,33.346836
2026-09-17T18:02:41Z,avraamidi,FRC4,43,43,23,23,1,False,35.141552,33.36142
2026-09-17T18:02:41Z,athinon,FRC4,35,35,2,2,1,False,35.139348,33.346279
2026-09-17T18:02:41Z,tasou_markou,FRC4,44,44,39,39,1,False,35.136146,33.369732
2026-09-17T18:02:41Z,peiraios,FRC3,37,37,50,50,1,False,35.148686,33.351249
2026-09-18T04:43:01Z,strovolou,FRC3,33,45,65,48,0.98,False,35.137521,33.333087
2026-09-18T04:43:01Z,tseriou,FRC4,21,42,39,19,0.9,False,35.13293,33.339276
2026-09-18T04:43:01Z,prodromou,FRC4,42,42,12,12,1,False,35.159656,33.3459
2026-09-18T04:43:01Z,akropoleos,FRC3,16,41,174,68,0.97796,False,35.138676,33.358135
2026-09-18T04:43:01Z,athalassas,FRC3,42,42,51,51,1,False,35.144718,33.362216
2026-09-18T04:43:01Z,lemesou,FRC3,11,50,93,20,1,False,35.149928,33.374288
2026-09-18T04:43:01Z,sp_kyprianou,FRC4,14,34,72,29,0.99,False,35.150176,33.339743
2026-09-18T04:43:01Z,archangelou,FRC3,34,49,41,28,1,False,35.135323,33.331244
2026-09-18T04:43:01Z,konstantinoup,FRC4,34,48,28,20,0.98,False,35.126091,33.34383
2026-09-18T04:43:01Z,stavrou,FRC3,39,39,71,71,1,False,35.136817,33.358074
2026-09-18T04:43:01Z,makedonitissas,FRC4,40,40,76,76,1,False,35.14653,33.332584
2026-09-18T04:43:01Z,armenias,FRC4,27,39,48,33,0.97,False,35.152861,33.36736
2026-09-18T04:43:01Z,arch_kyprianou,FRC4,28,36,35,27,0.82,False,35.148093,33.341583
2026-09-18T04:43:01Z,a1_motorway,FRC0,109,109,342,342,1,False,35.074318,33.376958
2026-09-18T04:43:01Z,makariou_lakat,FRC4,40,46,304,264,0.964717,False,35.088983,33.28557
2026-09-18T04:43:01Z,griva_digeni,FRC4,11,43,177,45,0.99,False,35.165117,33.340667
2026-09-18T04:43:01Z,aglantzias,FRC4,16,42,63,24,1,False,35.155801,33.382409
2026-09-18T04:43:01Z,kranidioti,FRC3,61,61,61,61,1,False,35.102546,33.313234
2026-09-18T04:43:01Z,perimetrikos,FRC4,59,59,17,17,1,False,35.113096,33.322016
2026-09-18T04:43:01Z,hatziiosif,FRC3,39,39,71,71,1,False,35.136817,33.358074
2026-09-18T04:43:01Z,perikleous,FRC4,40,40,11,11,1,False,35.138923,33.346836
2026-09-18T04:43:01Z,avraamidi,FRC4,43,43,23,23,1,False,35.141552,33.36142
2026-09-18T04:43:01Z,athinon,FRC4,26,34,3,2,0.98,False,35.139348,33.346279
2026-09-18T04:43:01Z,tasou_markou,FRC4,44,44,39,39,1,False,35.136146,33.369732
2026-09-18T04:43:01Z,peiraios,FRC3,14,36,134,52,0.975001,False,35.148686,33.351249
2026-09-18T05:03:43Z,strovolou,FRC3,36,45,60,48,0.99,False,35.137521,33.333087
2026-09-18T05:03:43Z,tseriou,FRC4,25,41,32,20,0.88,False,35.13293,33.339276
2026-09-18T05:03:43Z,prodromou,FRC4,31,41,16,12,0.93,False,35.159656,33.3459
2026-09-18T05:03:43Z,akropoleos,FRC3,25,40,111,69,0.98,False,35.138676,33.358135
2026-09-18T05:03:43Z,athalassas,FRC3,29,42,74,51,0.962679,False,35.144718,33.362216
2026-09-18T05:03:43Z,lemesou,FRC3,9,49,113,20,1,False,35.149928,33.374288
2026-09-18T05:03:43Z,sp_kyprianou,FRC4,24,34,42,29,0.99,False,35.150176,33.339743
2026-09-18T05:03:43Z,archangelou,FRC3,49,49,28,28,1,False,35.135323,33.331244
2026-09-18T05:03:43Z,konstantinoup,FRC4,48,48,20,20,1,False,35.126091,33.34383
2026-09-18T05:03:43Z,stavrou,FRC3,28,38,99,73,0.97,False,35.136817,33.358074
2026-09-18T05:03:43Z,makedonitissas,FRC4,31,40,98,76,0.98,False,35.14653,33.332584
2026-09-18T05:03:43Z,armenias,FRC4,26,39,50,33,0.98,False,35.152861,33.36736
2026-09-18T05:03:43Z,arch_kyprianou,FRC4,25,35,40,28,0.91,False,35.148093,33.341583
2026-09-18T05:03:43Z,a1_motorway,FRC0,109,109,342,342,1,False,35.074318,33.376958
2026-09-18T05:03:43Z,makariou_lakat,FRC4,38,45,320,270,0.984489,False,35.088983,33.28557
2026-09-18T05:03:43Z,griva_digeni,FRC4,24,43,81,45,0.99,False,35.165117,33.340667
2026-09-18T05:03:43Z,aglantzias,FRC4,31,41,32,24,0.988674,False,35.155801,33.382409
2026-09-18T05:03:43Z,kranidioti,FRC3,61,61,61,61,1,False,35.102546,33.313234
2026-09-18T05:03:43Z,perimetrikos,FRC4,59,59,17,17,1,False,35.113096,33.322016
2026-09-18T05:03:43Z,hatziiosif,FRC3,28,38,99,73,0.97,False,35.136817,33.358074
2026-09-18T05:03:43Z,perikleous,FRC4,22,40,21,11,0.98,False,35.138923,33.346836
2026-09-18T05:03:43Z,avraamidi,FRC4,43,43,23,23,1,False,35.141552,33.36142
2026-09-18T05:03:43Z,athinon,FRC4,26,35,3,2,0.99,False,35.139348,33.346279
2026-09-18T05:03:43Z,tasou_markou,FRC4,44,44,39,39,1,False,35.136146,33.369732
2026-09-18T05:03:43Z,peiraios,FRC3,16,37,117,50,0.986689,False,35.148686,33.351249
2026-09-18T05:24:22Z,strovolou,FRC3,45,45,48,48,1,False,35.137521,33.333087
2026-09-18T05:24:22Z,tseriou,FRC4,26,41,31,20,0.86,False,35.13293,33.339276
2026-09-18T05:24:22Z,prodromou,FRC4,42,42,12,12,1,False,35.159656,33.3459
2026-09-18T05:24:22Z,akropoleos,FRC3,24,41,116,68,0.99,False,35.138676,33.358135
2026-09-18T05:24:22Z,athalassas,FRC3,30,42,72,51,0.97,False,35.144718,33.362216
2026-09-18T05:24:22Z,lemesou,FRC3,7,53,146,19,1,False,35.149928,33.374288
2026-09-18T05:24:22Z,sp_kyprianou,FRC4,34,34,29,29,1,False,35.150176,33.339743
2026-09-18T05:24:22Z,archangelou,FRC3,49,49,28,28,1,False,35.135323,33.331244
2026-09-18T05:24:22Z,konstantinoup,FRC4,48,48,20,20,1,False,35.126091,33.34383
2026-09-18T05:24:22Z,stavrou,FRC3,39,39,71,71,1,False,35.136817,33.358074
2026-09-18T05:24:22Z,makedonitissas,FRC4,28,39,109,78,0.99,False,35.14653,33.332584
2026-09-18T05:24:22Z,armenias,FRC4,30,38,43,34,0.98,False,35.152861,33.36736
2026-09-18T05:24:22Z,arch_kyprianou,FRC4,24,35,41,28,0.68,False,35.148093,33.341583
2026-09-18T05:24:22Z,a1_motorway,FRC0,109,109,342,342,1,False,35.074318,33.376958
2026-09-18T05:24:22Z,makariou_lakat,FRC4,40,45,304,270,0.975732,False,35.088983,33.28557
2026-09-18T05:24:22Z,griva_digeni,FRC4,43,43,45,45,1,False,35.165117,33.340667
2026-09-18T05:24:22Z,aglantzias,FRC4,41,41,24,24,1,False,35.155801,33.382409
2026-09-18T05:24:22Z,kranidioti,FRC3,61,61,61,61,1,False,35.102546,33.313234
2026-09-18T05:24:22Z,perimetrikos,FRC4,59,59,17,17,1,False,35.113096,33.322016
2026-09-18T05:24:22Z,hatziiosif,FRC3,39,39,71,71,1,False,35.136817,33.358074
2026-09-18T05:24:22Z,perikleous,FRC4,32,40,14,11,0.94,False,35.138923,33.346836
2026-09-18T05:24:22Z,avraamidi,FRC4,43,43,23,23,1,False,35.141552,33.36142
2026-09-18T05:24:22Z,athinon,FRC4,35,35,2,2,1,False,35.139348,33.346279
2026-09-18T05:24:22Z,tasou_markou,FRC4,44,44,39,39,1,False,35.136146,33.369732
2026-09-18T05:24:22Z,peiraios,FRC3,18,36,104,52,0.99,False,35.148686,33.351249
2026-09-18T05:45:01Z,strovolou,FRC3,45,45,48,48,1,False,35.137521,33.333087
2026-09-18T05:45:01Z,tseriou,FRC4,25,41,32,20,0.6,False,35.13293,33.339276
2026-09-18T05:45:01Z,prodromou,FRC4,42,42,12,12,1,False,35.159656,33.3459
2026-09-18T05:45:01Z,akropoleos,FRC3,41,41,68,68,1,False,35.138676,33.358135
2026-09-18T05:45:01Z,athalassas,FRC3,34,42,63,51,0.98,False,35.144718,33.362216
2026-09-18T05:45:01Z,lemesou,FRC3,13,48,78,21,1,False,35.149928,33.374288
2026-09-18T05:45:01Z,sp_kyprianou,FRC4,34,34,29,29,1,False,35.150176,33.339743
2026-09-18T05:45:01Z,archangelou,FRC3,49,49,28,28,1,False,35.135323,33.331244
2026-09-18T05:45:01Z,konstantinoup,FRC4,48,48,20,20,1,False,35.126091,33.34383
2026-09-18T05:45:01Z,stavrou,FRC3,39,39,71,71,1,False,35.136817,33.358074
2026-09-18T05:45:01Z,makedonitissas,FRC4,29,40,105,76,0.96,False,35.14653,33.332584
2026-09-18T05:45:01Z,armenias,FRC4,28,39,46,33,0.95,False,35.152861,33.36736
2026-09-18T05:45:01Z,arch_kyprianou,FRC4,24,36,41,27,0.68,False,35.148093,33.341583
2026-09-18T05:45:01Z,a1_motorway,FRC0,109,109,342,342,1,False,35.074318,33.376958
2026-09-18T05:45:01Z,makariou_lakat,FRC4,35,44,347,276,0.980591,False,35.088983,33.28557
2026-09-18T05:45:01Z,griva_digeni,FRC4,30,43,64,45,1,False,35.165117,33.340667
2026-09-18T05:45:01Z,aglantzias,FRC4,41,41,24,24,1,False,35.155801,33.382409
2026-09-18T05:45:01Z,kranidioti,FRC3,61,61,61,61,1,False,35.102546,33.313234
2026-09-18T05:45:01Z,perimetrikos,FRC4,59,59,17,17,1,False,35.113096,33.322016
2026-09-18T05:45:01Z,hatziiosif,FRC3,39,39,71,71,1,False,35.136817,33.358074
2026-09-18T05:45:01Z,perikleous,FRC4,40,40,11,11,1,False,35.138923,33.346836
2026-09-18T05:45:01Z,avraamidi,FRC4,43,43,23,23,1,False,35.141552,33.36142
2026-09-18T05:45:01Z,athinon,FRC4,35,35,2,2,1,False,35.139348,33.346279
2026-09-18T05:45:01Z,tasou_markou,FRC4,44,44,39,39,1,False,35.136146,33.369732
2026-09-18T05:45:01Z,peiraios,FRC3,21,36,89,52,0.98,False,35.148686,33.351249
2026-09-18T06:05:16Z,strovolou,FRC3,45,45,48,48,1,False,35.137521,33.333087
2026-09-18T06:05:16Z,tseriou,FRC4,22,40,37,20,0.86,False,35.13293,33.339276
2026-09-18T06:05:16Z,prodromou,FRC4,42,42,12,12,1,False,35.159656,33.3459
2026-09-18T06:05:16Z,akropoleos,FRC3,32,41,87,68,0.99,False,35.138676,33.358135
2026-09-18T06:05:16Z,athalassas,FRC3,33,41,65,53,0.96,False,35.144718,33.362216
2026-09-18T06:05:16Z,lemesou,FRC3,39,50,26,20,1,False,35.149928,33.374288
2026-09-18T06:05:16Z,sp_kyprianou,FRC4,34,34,29,29,1,False,35.150176,33.339743
2026-09-18T06:05:16Z,archangelou,FRC3,49,49,28,28,1,False,35.135323,33.331244
2026-09-18T06:05:16Z,konstantinoup,FRC4,48,48,20,20,1,False,35.126091,33.34383
2026-09-18T06:05:16Z,stavrou,FRC3,26,38,107,73,0.98,False,35.136817,33.358074
2026-09-18T06:05:16Z,makedonitissas,FRC4,24,39,127,78,0.98,False,35.14653,33.332584
2026-09-18T06:05:16Z,armenias,FRC4,30,39,43,33,0.94,False,35.152861,33.36736
2026-09-18T06:05:16Z,arch_kyprianou,FRC4,23,35,43,28,0.88,False,35.148093,33.341583
2026-09-18T06:05:16Z,a1_motorway,FRC0,109,109,342,342,1,False,35.074318,33.376958
2026-09-18T06:05:16Z,makariou_lakat,FRC4,45,45,270,270,1,False,35.088983,33.28557
2026-09-18T06:05:16Z,griva_digeni,FRC4,33,42,59,46,0.98,False,35.165117,33.340667
2026-09-18T06:05:16Z,aglantzias,FRC4,41,41,24,24,1,False,35.155801,33.382409
2026-09-18T06:05:16Z,kranidioti,FRC3,61,61,61,61,1,False,35.102546,33.313234
2026-09-18T06:05:16Z,perimetrikos,FRC4,59,59,17,17,1,False,35.113096,33.322016
2026-09-18T06:05:16Z,hatziiosif,FRC3,26,38,107,73,0.98,False,35.136817,33.358074
2026-09-18T06:05:16Z,perikleous,FRC4,18,40,26,11,0.96,False,35.138923,33.346836
2026-09-18T06:05:16Z,avraamidi,FRC4,43,43,23,23,1,False,35.141552,33.36142
2026-09-18T06:05:16Z,athinon,FRC4,35,35,2,2,1,False,35.139348,33.346279
2026-09-18T06:05:16Z,tasou_markou,FRC4,44,44,39,39,1,False,35.136146,33.369732
2026-09-18T06:05:16Z,peiraios,FRC3,23,36,81,52,0.98,False,35.148686,33.351249
2026-09-18T07:05:55Z,strovolou,FRC3,45,45,48,48,1,False,35.137521,33.333087
2026-09-18T07:05:55Z,tseriou,FRC4,26,40,31,20,0.59,False,35.13293,33.339276
2026-09-18T07:05:55Z,prodromou,FRC4,42,42,12,12,1,False,35.159656,33.3459
2026-09-18T07:05:55Z,akropoleos,FRC3,29,41,96,68,0.98,False,35.138676,33.358135
2026-09-18T07:05:55Z,athalassas,FRC3,30,41,72,53,0.99,False,35.144718,33.362216
2026-09-18T07:05:55Z,lemesou,FRC3,50,50,20,20,1,False,35.149928,33.374288
2026-09-18T07:05:55Z,sp_kyprianou,FRC4,34,34,29,29,1,False,35.150176,33.339743
2026-09-18T07:05:55Z,archangelou,FRC3,29,49,48,28,0.98,False,35.135323,33.331244
2026-09-18T07:05:55Z,konstantinoup,FRC4,48,48,20,20,1,False,35.126091,33.34383
2026-09-18T07:05:55Z,stavrou,FRC3,25,39,111,71,0.97,False,35.136817,33.358074
2026-09-18T07:05:55Z,makedonitissas,FRC4,27,40,113,76,0.93,False,35.14653,33.332584
2026-09-18T07:05:55Z,armenias,FRC4,28,39,46,33,0.97,False,35.152861,33.36736
2026-09-18T07:05:55Z,arch_kyprianou,FRC4,23,35,43,28,0.7,False,35.148093,33.341583
2026-09-18T07:05:55Z,a1_motorway,FRC0,109,109,342,342,1,False,35.074318,33.376958
2026-09-18T07:05:55Z,makariou_lakat,FRC4,45,45,270,270,1,False,35.088983,33.28557
2026-09-18T07:05:55Z,griva_digeni,FRC4,43,43,45,45,1,False,35.165117,33.340667
2026-09-18T07:05:55Z,aglantzias,FRC4,26,41,39,24,0.96,False,35.155801,33.382409
2026-09-18T07:05:55Z,kranidioti,FRC3,61,61,61,61,1,False,35.102546,33.313234
2026-09-18T07:05:55Z,perimetrikos,FRC4,59,59,17,17,1,False,35.113096,33.322016
2026-09-18T07:05:55Z,hatziiosif,FRC3,25,39,111,71,0.97,False,35.136817,33.358074
2026-09-18T07:05:55Z,perikleous,FRC4,30,39,15,12,0.96,False,35.138923,33.346836
2026-09-18T07:05:55Z,avraamidi,FRC4,30,42,33,24,0.82,False,35.141552,33.36142
2026-09-18T07:05:55Z,athinon,FRC4,35,35,2,2,1,False,35.139348,33.346279
2026-09-18T07:05:55Z,tasou_markou,FRC4,44,44,39,39,1,False,35.136146,33.369732
2026-09-18T07:05:55Z,peiraios,FRC3,19,37,98,50,0.97,False,35.148686,33.351249
2026-09-18T11:05:16Z,strovolou,FRC3,25,44,86,49,0.98,False,35.137521,33.333087
2026-09-18T11:05:16Z,tseriou,FRC4,22,40,37,20,0.6,False,35.13293,33.339276
2026-09-18T11:05:16Z,prodromou,FRC4,42,42,12,12,1,False,35.159656,33.3459
2026-09-18T11:05:16Z,akropoleos,FRC3,30,40,92,69,0.98,False,35.138676,33.358135
2026-09-18T11:05:16Z,athalassas,FRC3,28,42,77,51,0.98,False,35.144718,33.362216
2026-09-18T11:05:16Z,lemesou,FRC3,50,50,20,20,1,False,35.149928,33.374288
2026-09-18T11:05:16Z,sp_kyprianou,FRC4,34,34,29,29,1,False,35.150176,33.339743
2026-09-18T11:05:16Z,archangelou,FRC3,35,49,40,28,0.97,False,35.135323,33.331244
2026-09-18T11:05:16Z,konstantinoup,FRC4,48,48,20,20,1,False,35.126091,33.34383
2026-09-18T11:05:16Z,stavrou,FRC3,22,39,126,71,0.99,False,35.136817,33.358074
2026-09-18T11:05:16Z,makedonitissas,FRC4,40,40,76,76,1,False,35.14653,33.332584
2026-09-18T11:05:16Z,armenias,FRC4,20,39,65,33,0.98,False,35.152861,33.36736
2026-09-18T11:05:16Z,arch_kyprianou,FRC4,21,35,47,28,0.72,False,35.148093,33.341583
2026-09-18T11:05:16Z,a1_motorway,FRC0,109,109,342,342,1,False,35.074318,33.376958
2026-09-18T11:05:16Z,makariou_lakat,FRC4,45,45,270,270,1,False,35.088983,33.28557
2026-09-18T11:05:16Z,griva_digeni,FRC4,43,43,45,45,1,False,35.165117,33.340667
2026-09-18T11:05:16Z,aglantzias,FRC4,41,41,24,24,1,False,35.155801,33.382409
2026-09-18T11:05:16Z,kranidioti,FRC3,61,61,61,61,1,False,35.102546,33.313234
2026-09-18T11:05:16Z,perimetrikos,FRC4,59,59,17,17,1,False,35.113096,33.322016
2026-09-18T11:05:16Z,hatziiosif,FRC3,22,39,126,71,0.99,False,35.136817,33.358074
2026-09-18T11:05:16Z,perikleous,FRC4,30,40,15,11,0.98,False,35.138923,33.346836
2026-09-18T11:05:16Z,avraamidi,FRC4,43,43,23,23,1,False,35.141552,33.36142
2026-09-18T11:05:16Z,athinon,FRC4,27,35,3,2,0.99,False,35.139348,33.346279
2026-09-18T11:05:16Z,tasou_markou,FRC4,44,44,39,39,1,False,35.136146,33.369732
2026-09-18T11:05:16Z,peiraios,FRC3,14,37,134,50,0.974752,False,35.148686,33.351249
2026-09-18T11:25:49Z,strovolou,FRC3,28,44,77,49,0.99,False,35.137521,33.333087
2026-09-18T11:25:49Z,tseriou,FRC4,19,40,43,20,0.92,False,35.13293,33.339276
2026-09-18T11:25:49Z,prodromou,FRC4,42,42,12,12,1,False,35.159656,33.3459
2026-09-18T11:25:49Z,akropoleos,FRC3,26,41,107,68,0.97,False,35.138676,33.358135
2026-09-18T11:25:49Z,athalassas,FRC3,42,42,51,51,1,False,35.144718,33.362216
2026-09-18T11:25:49Z,lemesou,FRC3,50,50,20,20,1,False,35.149928,33.374288
2026-09-18T11:25:49Z,sp_kyprianou,FRC4,34,34,29,29,1,False,35.150176,33.339743
2026-09-18T11:25:49Z,archangelou,FRC3,49,49,28,28,1,False,35.135323,33.331244
2026-09-18T11:25:49Z,konstantinoup,FRC4,48,48,20,20,1,False,35.126091,33.34383
2026-09-18T11:25:49Z,stavrou,FRC3,28,38,99,73,0.98,False,35.136817,33.358074
2026-09-18T11:25:49Z,makedonitissas,FRC4,31,39,98,78,0.98,False,35.14653,33.332584
2026-09-18T11:25:49Z,armenias,FRC4,21,38,62,34,0.96,False,35.152861,33.36736
2026-09-18T11:25:49Z,arch_kyprianou,FRC4,19,36,52,27,0.8,False,35.148093,33.341583
2026-09-18T11:25:49Z,a1_motorway,FRC0,109,109,342,342,1,False,35.074318,33.376958
2026-09-18T11:25:49Z,makariou_lakat,FRC4,45,45,270,270,1,False,35.088983,33.28557
2026-09-18T11:25:49Z,griva_digeni,FRC4,43,43,45,45,1,False,35.165117,33.340667
2026-09-18T11:25:49Z,aglantzias,FRC4,29,40,35,25,0.98,False,35.155801,33.382409
2026-09-18T11:25:49Z,kranidioti,FRC3,61,61,61,61,1,False,35.102546,33.313234
2026-09-18T11:25:49Z,perimetrikos,FRC4,20,59,52,17,0.98,False,35.113096,33.322016
2026-09-18T11:25:49Z,hatziiosif,FRC3,28,38,99,73,0.98,False,35.136817,33.358074
2026-09-18T11:25:49Z,perikleous,FRC4,40,40,11,11,1,False,35.138923,33.346836
2026-09-18T11:25:49Z,avraamidi,FRC4,43,43,23,23,1,False,35.141552,33.36142
2026-09-18T11:25:49Z,athinon,FRC4,35,35,2,2,1,False,35.139348,33.346279
2026-09-18T11:25:49Z,tasou_markou,FRC4,44,44,39,39,1,False,35.136146,33.369732
2026-09-18T11:25:49Z,peiraios,FRC3,16,36,117,52,0.97,False,35.148686,33.351249
2026-09-18T12:06:23Z,strovolou,FRC3,29,45,74,48,1,False,35.137521,33.333087
2026-09-18T12:06:23Z,tseriou,FRC4,29,41,28,20,0.96,False,35.13293,33.339276
2026-09-18T12:06:23Z,prodromou,FRC4,42,42,12,12,1,False,35.159656,33.3459
2026-09-18T12:06:23Z,akropoleos,FRC3,29,41,96,68,0.97,False,35.138676,33.358135
2026-09-18T12:06:23Z,athalassas,FRC3,26,42,83,51,0.934042,False,35.144718,33.362216
2026-09-18T12:06:23Z,lemesou,FRC3,45,49,22,20,0.99,False,35.149928,33.374288
2026-09-18T12:06:23Z,sp_kyprianou,FRC4,34,34,29,29,1,False,35.150176,33.339743
2026-09-18T12:06:23Z,archangelou,FRC3,49,49,28,28,1,False,35.135323,33.331244
2026-09-18T12:06:23Z,konstantinoup,FRC4,48,48,20,20,1,False,35.126091,33.34383
2026-09-18T12:06:23Z,stavrou,FRC3,35,45,79,61,0.96,False,35.136817,33.358074
2026-09-18T12:06:23Z,makedonitissas,FRC4,30,39,102,78,0.97,False,35.14653,33.332584
2026-09-18T12:06:23Z,armenias,FRC4,3,34,436,38,0.97,False,35.152861,33.36736
2026-09-18T12:06:23Z,arch_kyprianou,FRC4,24,36,41,27,0.96,False,35.148093,33.341583
2026-09-18T12:06:23Z,a1_motorway,FRC0,109,109,342,342,1,False,35.074318,33.376958
2026-09-18T12:06:23Z,makariou_lakat,FRC4,45,45,270,270,1,False,35.088983,33.28557
2026-09-18T12:06:23Z,griva_digeni,FRC4,43,43,45,45,1,False,35.165117,33.340667
2026-09-18T12:06:23Z,aglantzias,FRC4,28,40,36,25,0.96,False,35.155801,33.382409
2026-09-18T12:06:23Z,kranidioti,FRC3,61,61,61,61,1,False,35.102546,33.313234
2026-09-18T12:06:23Z,perimetrikos,FRC4,59,59,17,17,1,False,35.113096,33.322016
2026-09-18T12:06:23Z,hatziiosif,FRC3,35,45,79,61,0.96,False,35.136817,33.358074
2026-09-18T12:06:23Z,perikleous,FRC4,24,40,19,11,0.97,False,35.138923,33.346836
2026-09-18T12:06:23Z,avraamidi,FRC4,43,43,23,23,1,False,35.141552,33.36142
2026-09-18T12:06:23Z,athinon,FRC4,35,35,2,2,1,False,35.139348,33.346279
2026-09-18T12:06:23Z,tasou_markou,FRC4,44,44,39,39,1,False,35.136146,33.369732
2026-09-18T12:06:23Z,peiraios,FRC3,24,38,78,49,0.973862,False,35.148686,33.351249
2026-09-18T13:07:05Z,strovolou,FRC3,31,45,69,48,1,False,35.137521,33.333087
2026-09-18T13:07:05Z,tseriou,FRC4,17,41,48,20,0.86,False,35.13293,33.339276
2026-09-18T13:07:05Z,prodromou,FRC4,42,42,12,12,1,False,35.159656,33.3459
2026-09-18T13:07:05Z,akropoleos,FRC3,32,41,87,68,0.98,False,35.138676,33.358135
2026-09-18T13:07:05Z,athalassas,FRC3,27,42,80,51,0.96,False,35.144718,33.362216
2026-09-18T13:07:05Z,lemesou,FRC3,28,50,36,20,0.98,False,35.149928,33.374288
2026-09-18T13:07:05Z,sp_kyprianou,FRC4,34,34,29,29,1,False,35.150176,33.339743
2026-09-18T13:07:05Z,archangelou,FRC3,39,49,36,28,0.96,False,35.135323,33.331244
2026-09-18T13:07:05Z,konstantinoup,FRC4,48,48,20,20,1,False,35.126091,33.34383
2026-09-18T13:07:05Z,stavrou,FRC3,26,38,107,73,0.97,False,35.136817,33.358074
2026-09-18T13:07:05Z,makedonitissas,FRC4,29,40,105,76,0.94,False,35.14653,33.332584
2026-09-18T13:07:05Z,armenias,FRC4,5,36,261,36,0.92,False,35.152861,33.36736
2026-09-18T13:07:05Z,arch_kyprianou,FRC4,27,36,37,27,0.9,False,35.148093,33.341583
2026-09-18T13:07:05Z,a1_motorway,FRC0,109,109,342,342,1,False,35.074318,33.376958
2026-09-18T13:07:05Z,makariou_lakat,FRC4,45,45,270,270,1,False,35.088983,33.28557
2026-09-18T13:07:05Z,griva_digeni,FRC4,43,43,45,45,1,False,35.165117,33.340667
2026-09-18T13:07:05Z,aglantzias,FRC4,30,41,34,24,0.98,False,35.155801,33.382409
2026-09-18T13:07:05Z,kranidioti,FRC3,61,61,61,61,1,False,35.102546,33.313234
2026-09-18T13:07:05Z,perimetrikos,FRC4,45,59,23,17,0.99,False,35.113096,33.322016
2026-09-18T13:07:05Z,hatziiosif,FRC3,26,38,107,73,0.97,False,35.136817,33.358074
2026-09-18T13:07:05Z,perikleous,FRC4,11,41,42,11,0.98,False,35.138923,33.346836
2026-09-18T13:07:05Z,avraamidi,FRC4,43,43,23,23,1,False,35.141552,33.36142
2026-09-18T13:07:05Z,athinon,FRC4,35,35,2,2,1,False,35.139348,33.346279
2026-09-18T13:07:05Z,tasou_markou,FRC4,44,44,39,39,1,False,35.136146,33.369732
2026-09-18T13:07:05Z,peiraios,FRC3,19,36,98,52,0.97,False,35.148686,33.351249
