fetched_utc,route_id,direction,length_m,travel_s,freeflow_s,delay_s
2026-09-01T10:04:25Z,strovolou,ab,5400,622,507,0
2026-09-01T10:04:25Z,strovolou,ba,4712,548,405,0
2026-09-01T10:04:25Z,tseriou,ab,2555,362,228,0
2026-09-01T10:04:25Z,tseriou,ba,3739,495,368,0
2026-09-01T10:04:25Z,prodromou,ab,2418,310,258,0
2026-09-01T10:04:25Z,prodromou,ba,2414,361,302,0
2026-09-01T10:04:25Z,akropoleos,ab,5010,777,465,0
2026-09-01T10:04:25Z,akropoleos,ba,5145,756,481,0
2026-09-01T10:04:25Z,athalassas,ab,2793,513,282,0
2026-09-01T10:04:25Z,athalassas,ba,6269,796,542,0
2026-09-01T10:04:25Z,lemesou,ab,2014,321,213,0
2026-09-01T10:04:25Z,lemesou,ba,2007,326,196,0
2026-09-01T10:04:25Z,sp_kyprianou,ab,6489,749,584,0
2026-09-01T10:04:25Z,sp_kyprianou,ba,6573,856,630,0
2026-09-01T10:04:25Z,archangelou,ab,7265,605,521,0
2026-09-01T10:04:25Z,archangelou,ba,6911,685,592,0
2026-09-01T10:04:25Z,konstantinoup,ab,2628,318,291,0
2026-09-01T10:04:25Z,konstantinoup,ba,2629,339,314,0
2026-09-01T10:04:25Z,stavrou,ab,2187,262,208,0
2026-09-01T10:04:25Z,stavrou,ba,2245,247,208,0
2026-09-01T10:04:25Z,makedonitissas,ab,2904,449,404,0
2026-09-01T10:04:25Z,makedonitissas,ba,2705,314,289,0
2026-09-01T10:04:25Z,armenias,ab,1079,150,120,0
2026-09-01T10:04:25Z,armenias,ba,1079,229,133,0
2026-09-01T10:04:25Z,arch_kyprianou,ab,1701,284,217,0
2026-09-01T10:04:25Z,arch_kyprianou,ba,1726,314,203,0
2026-09-01T10:04:25Z,a1_motorway,ab,10597,351,349,0
2026-09-01T10:04:25Z,a1_motorway,ba,14048,572,558,0
2026-09-01T10:04:25Z,makariou_lakat,ab,5849,637,517,0
2026-09-01T10:04:25Z,makariou_lakat,ba,6901,704,583,0
2026-09-01T10:04:25Z,griva_digeni,ab,4212,565,439,0
2026-09-01T10:04:25Z,griva_digeni,ba,5350,878,684,0
2026-09-01T10:04:25Z,aglantzias,ab,1775,214,175,0
2026-09-01T10:04:25Z,aglantzias,ba,3098,566,373,86
2026-09-01T10:04:25Z,kranidioti,ab,1458,111,105,0
2026-09-01T10:04:25Z,kranidioti,ba,1652,121,117,0
2026-09-01T10:04:25Z,perimetrikos,ab,2510,245,225,0
2026-09-01T10:04:25Z,perimetrikos,ba,2094,179,161,0
2026-09-01T10:04:25Z,hatziiosif,ab,2049,392,196,0
2026-09-01T10:04:25Z,hatziiosif,ba,2045,320,203,0
2026-09-01T10:04:25Z,perikleous,ab,2238,426,233,0
2026-09-01T10:04:25Z,perikleous,ba,2649,359,274,0
2026-09-01T10:04:25Z,avraamidi,ab,1264,203,140,0
2026-09-01T10:04:25Z,avraamidi,ba,1266,210,149,0
2026-09-01T10:04:25Z,athinon,ab,1573,236,205,0
2026-09-01T10:04:25Z,athinon,ba,1040,244,131,0
2026-09-01T10:04:25Z,tasou_markou,ab,544,83,71,0
2026-09-01T10:04:25Z,tasou_markou,ba,492,55,55,0
2026-09-01T10:04:25Z,peiraios,ab,590,109,72,0
2026-09-01T10:04:25Z,peiraios,ba,590,99,64,0
2026-09-01T10:24:57Z,strovolou,ab,5400,619,507,0
2026-09-01T10:24:57Z,strovolou,ba,4712,556,405,0
2026-09-01T10:24:57Z,tseriou,ab,2555,367,228,0
2026-09-01T10:24:57Z,tseriou,ba,3739,570,368,131
2026-09-01T10:24:57Z,prodromou,ab,2418,310,258,0
2026-09-01T10:24:57Z,prodromou,ba,2414,361,302,0
2026-09-01T10:24:57Z,akropoleos,ab,8641,840,615,0
2026-09-01T10:24:57Z,akropoleos,ba,5145,761,481,0
2026-09-01T10:24:57Z,athalassas,ab,2793,519,282,0
2026-09-01T10:24:57Z,athalassas,ba,6269,802,542,0
2026-09-01T10:24:57Z,lemesou,ab,2014,328,213,0
2026-09-01T10:24:57Z,lemesou,ba,2007,320,196,0
2026-09-01T10:24:57Z,sp_kyprianou,ab,6489,761,584,0
2026-09-01T10:24:57Z,sp_kyprianou,ba,7358,931,782,0
2026-09-01T10:24:57Z,archangelou,ab,8029,710,651,0
2026-09-01T10:24:57Z,archangelou,ba,6911,686,592,0
2026-09-01T10:24:57Z,konstantinoup,ab,2628,317,291,0
2026-09-01T10:24:57Z,konstantinoup,ba,2629,339,314,0
2026-09-01T10:24:57Z,stavrou,ab,2187,265,208,0
2026-09-01T10:24:57Z,stavrou,ba,2245,249,208,0
2026-09-01T10:24:57Z,makedonitissas,ab,2904,450,404,0
2026-09-01T10:24:57Z,makedonitissas,ba,2705,317,289,0
2026-09-01T10:24:57Z,armenias,ab,1079,151,120,0
2026-09-01T10:24:57Z,armenias,ba,1079,234,133,0
2026-09-01T10:24:57Z,arch_kyprianou,ab,1701,289,217,0
2026-09-01T10:24:57Z,arch_kyprianou,ba,1726,314,203,0
2026-09-01T10:24:57Z,a1_motorway,ab,10597,351,349,0
2026-09-01T10:24:57Z,a1_motorway,ba,14048,572,558,0
2026-09-01T10:24:57Z,makariou_lakat,ab,5849,640,517,0
2026-09-01T10:24:57Z,makariou_lakat,ba,6901,707,583,0
2026-09-01T10:24:57Z,griva_digeni,ab,4212,570,439,0
2026-09-01T10:24:57Z,griva_digeni,ba,5795,957,743,0
2026-09-01T10:24:57Z,aglantzias,ab,1775,214,175,0
2026-09-01T10:24:57Z,aglantzias,ba,3098,505,373,0
2026-09-01T10:24:57Z,kranidioti,ab,1458,111,105,0
2026-09-01T10:24:57Z,kranidioti,ba,1652,122,117,0
2026-09-01T10:24:57Z,perimetrikos,ab,2510,247,225,0
2026-09-01T10:24:57Z,perimetrikos,ba,2094,180,161,0
2026-09-01T10:24:57Z,hatziiosif,ab,4136,538,332,0
2026-09-01T10:24:57Z,hatziiosif,ba,2045,321,203,0
2026-09-01T10:24:57Z,perikleous,ab,2238,435,233,0
2026-09-01T10:24:57Z,perikleous,ba,2649,361,274,0
2026-09-01T10:24:57Z,avraamidi,ab,1264,203,140,0
2026-09-01T10:24:57Z,avraamidi,ba,1266,211,149,0
2026-09-01T10:24:57Z,athinon,ab,1573,238,205,0
2026-09-01T10:24:57Z,athinon,ba,1040,324,131,131
2026-09-01T10:24:57Z,tasou_markou,ab,544,83,71,0
2026-09-01T10:24:57Z,tasou_markou,ba,492,55,55,0
2026-09-01T10:24:57Z,peiraios,ab,590,110,72,0
2026-09-01T10:24:57Z,peiraios,ba,590,101,64,0
2026-09-01T10:45:30Z,strovolou,ab,5400,622,507,0
2026-09-01T10:45:30Z,strovolou,ba,4712,570,405,0
2026-09-01T10:45:30Z,tseriou,ab,2555,383,228,0
2026-09-01T10:45:30Z,tseriou,ba,3739,494,368,0
2026-09-01T10:45:30Z,prodromou,ab,2418,313,258,0
2026-09-01T10:45:30Z,prodromou,ba,2414,362,302,0
2026-09-01T10:45:30Z,akropoleos,ab,8641,860,615,0
2026-09-01T10:45:30Z,akropoleos,ba,5145,773,481,0
2026-09-01T10:45:30Z,athalassas,ab,2793,534,282,0
2026-09-01T10:45:30Z,athalassas,ba,6037,811,531,0
2026-09-01T10:45:30Z,lemesou,ab,2014,343,213,0
2026-09-01T10:45:30Z,lemesou,ba,2355,405,284,0
2026-09-01T10:45:30Z,sp_kyprianou,ab,6489,782,584,0
2026-09-01T10:45:30Z,sp_kyprianou,ba,7358,934,782,0
2026-09-01T10:45:30Z,archangelou,ab,7265,620,521,0
2026-09-01T10:45:30Z,archangelou,ba,6911,691,592,0
2026-09-01T10:45:30Z,konstantinoup,ab,2628,317,291,0
2026-09-01T10:45:30Z,konstantinoup,ba,2629,340,314,0
2026-09-01T10:45:30Z,stavrou,ab,2187,273,208,0
2026-09-01T10:45:30Z,stavrou,ba,2245,251,208,0
2026-09-01T10:45:30Z,makedonitissas,ab,2904,455,404,0
2026-09-01T10:45:30Z,makedonitissas,ba,2705,320,289,0
2026-09-01T10:45:30Z,armenias,ab,1079,151,120,0
2026-09-01T10:45:30Z,armenias,ba,1079,240,133,0
2026-09-01T10:45:30Z,arch_kyprianou,ab,1701,300,217,0
2026-09-01T10:45:30Z,arch_kyprianou,ba,1726,317,203,0
2026-09-01T10:45:30Z,a1_motorway,ab,10597,351,349,0
2026-09-01T10:45:30Z,a1_motorway,ba,14048,573,558,0
2026-09-01T10:45:30Z,makariou_lakat,ab,5849,645,517,0
2026-09-01T10:45:30Z,makariou_lakat,ba,6901,712,583,0
2026-09-01T10:45:30Z,griva_digeni,ab,4212,583,439,0
2026-09-01T10:45:30Z,griva_digeni,ba,5795,962,743,0
2026-09-01T10:45:30Z,aglantzias,ab,1775,214,175,0
2026-09-01T10:45:30Z,aglantzias,ba,3098,519,373,29
2026-09-01T10:45:30Z,kranidioti,ab,1458,111,105,0
2026-09-01T10:45:30Z,kranidioti,ba,1652,122,117,0
2026-09-01T10:45:30Z,perimetrikos,ab,2510,248,225,0
2026-09-01T10:45:30Z,perimetrikos,ba,2094,180,161,0
2026-09-01T10:45:30Z,hatziiosif,ab,4136,551,332,0
2026-09-01T10:45:30Z,hatziiosif,ba,2045,325,203,0
2026-09-01T10:45:30Z,perikleous,ab,2238,450,233,0
2026-09-01T10:45:30Z,perikleous,ba,2649,366,274,0
2026-09-01T10:45:30Z,avraamidi,ab,1264,205,140,0
2026-09-01T10:45:30Z,avraamidi,ba,1266,217,149,0
2026-09-01T10:45:30Z,athinon,ab,1573,238,205,0
2026-09-01T10:45:30Z,athinon,ba,1040,248,131,0
2026-09-01T10:45:30Z,tasou_markou,ab,544,83,71,0
2026-09-01T10:45:30Z,tasou_markou,ba,492,55,55,0
2026-09-01T10:45:30Z,peiraios,ab,590,111,72,0
2026-09-01T10:45:30Z,peiraios,ba,590,102,64,0
2026-09-01T11:06:00Z,strovolou,ab,5400,619,507,0
2026-09-01T11:06:00Z,strovolou,ba,4712,583,405,0
2026-09-01T11:06:00Z,tseriou,ab,2555,387,228,0
2026-09-01T11:06:00Z,tseriou,ba,3739,492,368,0
2026-09-01T11:06:00Z,prodromou,ab,2418,311,258,0
2026-09-01T11:06:00Z,prodromou,ba,2414,361,302,0
2026-09-01T11:06:00Z,akropoleos,ab,8641,869,615,0
2026-09-01T11:06:00Z,akropoleos,ba,8177,789,597,6
2026-09-01T11:06:00Z,athalassas,ab,2793,540,282,0
2026-09-01T11:06:00Z,athalassas,ba,6269,813,542,0
2026-09-01T11:06:00Z,lemesou,ab,2014,353,213,0
2026-09-01T11:06:00Z,lemesou,ba,2355,409,284,6
2026-09-01T11:06:00Z,sp_kyprianou,ab,6489,795,584,0
2026-09-01T11:06:00Z,sp_kyprianou,ba,6573,861,630,0
2026-09-01T11:06:00Z,archangelou,ab,7265,627,521,0
2026-09-01T11:06:00Z,archangelou,ba,6911,686,592,0
2026-09-01T11:06:00Z,konstantinoup,ab,2628,315,291,0
2026-09-01T11:06:00Z,konstantinoup,ba,2629,340,314,0
2026-09-01T11:06:00Z,stavrou,ab,2187,280,208,0
2026-09-01T11:06:00Z,stavrou,ba,2245,251,208,0
2026-09-01T11:06:00Z,makedonitissas,ab,2904,461,404,0
2026-09-01T11:06:00Z,makedonitissas,ba,2705,319,289,0
2026-09-01T11:06:00Z,armenias,ab,1079,151,120,0
2026-09-01T11:06:00Z,armenias,ba,1079,242,133,0
2026-09-01T11:06:00Z,arch_kyprianou,ab,1701,308,217,0
2026-09-01T11:06:00Z,arch_kyprianou,ba,1726,314,203,0
2026-09-01T11:06:00Z,a1_motorway,ab,10597,351,349,0
2026-09-01T11:06:00Z,a1_motorway,ba,14048,572,558,0
2026-09-01T11:06:00Z,makariou_lakat,ab,5849,646,517,0
2026-09-01T11:06:00Z,makariou_lakat,ba,6901,711,583,0
2026-09-01T11:06:00Z,griva_digeni,ab,4212,584,439,0
2026-09-01T11:06:00Z,griva_digeni,ba,5350,887,684,0
2026-09-01T11:06:00Z,aglantzias,ab,1775,211,175,0
2026-09-01T11:06:00Z,aglantzias,ba,3098,570,373,86
2026-09-01T11:06:00Z,kranidioti,ab,1458,111,105,0
2026-09-01T11:06:00Z,kranidioti,ba,1652,122,117,0
2026-09-01T11:06:00Z,perimetrikos,ab,2510,247,225,0
2026-09-01T11:06:00Z,perimetrikos,ba,2094,181,161,0
2026-09-01T11:06:00Z,hatziiosif,ab,4136,559,332,0
2026-09-01T11:06:00Z,hatziiosif,ba,2045,326,203,0
2026-09-01T11:06:00Z,perikleous,ab,2016,429,273,0
2026-09-01T11:06:00Z,perikleous,ba,2649,366,274,0
2026-09-01T11:06:00Z,avraamidi,ab,1264,205,140,0
2026-09-01T11:06:00Z,avraamidi,ba,1266,221,149,0
2026-09-01T11:06:00Z,athinon,ab,1573,240,205,0
2026-09-01T11:06:00Z,athinon,ba,1040,246,131,0
2026-09-01T11:06:00Z,tasou_markou,ab,544,83,71,0
2026-09-01T11:06:00Z,tasou_markou,ba,492,54,55,0
2026-09-01T11:06:00Z,peiraios,ab,590,111,72,0
2026-09-01T11:06:00Z,peiraios,ba,590,103,64,0
2026-09-01T14:06:53Z,strovolou,ab,5400,668,507,0
2026-09-01T14:06:53Z,strovolou,ba,5074,907,557,77
2026-09-01T14:06:53Z,tseriou,ab,3240,395,285,0
2026-09-01T14:06:53Z,tseriou,ba,3739,591,368,95
2026-09-01T14:06:53Z,prodromou,ab,2418,324,258,0
2026-09-01T14:06:53Z,prodromou,ba,2414,380,302,0
2026-09-01T14:06:53Z,akropoleos,ab,5010,1073,465,279
2026-09-01T14:06:53Z,akropoleos,ba,8177,1030,597,287
2026-09-01T14:06:53Z,athalassas,ab,2997,662,347,0
2026-09-01T14:06:53Z,athalassas,ba,6362,848,609,0
2026-09-01T14:06:53Z,lemesou,ab,2798,621,415,0
2026-09-01T14:06:53Z,lemesou,ba,2007,397,196,109
2026-09-01T14:06:53Z,sp_kyprianou,ab,7006,1199,664,320
2026-09-01T14:06:53Z,sp_kyprianou,ba,7358,953,782,0
2026-09-01T14:06:53Z,archangelou,ab,8138,925,694,1
2026-09-01T14:06:53Z,archangelou,ba,6911,716,592,0
2026-09-01T14:06:53Z,konstantinoup,ab,2628,326,291,0
2026-09-01T14:06:53Z,konstantinoup,ba,2629,364,314,0
2026-09-01T14:06:53Z,stavrou,ab,2187,378,208,0
2026-09-01T14:06:53Z,stavrou,ba,2245,274,208,0
2026-09-01T14:06:53Z,makedonitissas,ab,2797,702,387,240
2026-09-01T14:06:53Z,makedonitissas,ba,2705,358,289,0
2026-09-01T14:06:53Z,armenias,ab,1079,158,120,0
2026-09-01T14:06:53Z,armenias,ba,1079,313,133,0
2026-09-01T14:06:53Z,arch_kyprianou,ab,1652,325,253,0
2026-09-01T14:06:53Z,arch_kyprianou,ba,1726,356,203,0
2026-09-01T14:06:53Z,a1_motorway,ab,10597,351,349,0
2026-09-01T14:06:53Z,a1_motorway,ba,14048,575,558,0
2026-09-01T14:06:53Z,makariou_lakat,ab,6840,820,690,0
2026-09-01T14:06:53Z,makariou_lakat,ba,6901,798,583,0
2026-09-01T14:06:53Z,griva_digeni,ab,5053,763,578,0
2026-09-01T14:06:53Z,griva_digeni,ba,5350,949,684,0
2026-09-01T14:06:53Z,aglantzias,ab,1775,233,175,2
2026-09-01T14:06:53Z,aglantzias,ba,3098,585,373,102
2026-09-01T14:06:53Z,kranidioti,ab,1458,115,105,0
2026-09-01T14:06:53Z,kranidioti,ba,1652,264,117,143
2026-09-01T14:06:53Z,perimetrikos,ab,2510,261,225,0
2026-09-01T14:06:53Z,perimetrikos,ba,2327,217,181,0
2026-09-01T14:06:53Z,hatziiosif,ab,2049,600,196,279
2026-09-01T14:06:53Z,hatziiosif,ba,2045,345,203,0
2026-09-01T14:06:53Z,perikleous,ab,2016,578,273,196
2026-09-01T14:06:53Z,perikleous,ba,2649,438,274,47
2026-09-01T14:06:53Z,avraamidi,ab,1264,218,140,0
2026-09-01T14:06:53Z,avraamidi,ba,2857,391,291,0
2026-09-01T14:06:53Z,athinon,ab,1440,269,215,0
2026-09-01T14:06:53Z,athinon,ba,1040,338,131,95
2026-09-01T14:06:53Z,tasou_markou,ab,544,85,71,0
2026-09-01T14:06:53Z,tasou_markou,ba,492,54,55,0
2026-09-01T14:06:53Z,peiraios,ab,590,122,72,0
2026-09-01T14:06:53Z,peiraios,ba,590,120,64,0
2026-09-01T14:27:26Z,strovolou,ab,5400,785,507,144
2026-09-01T14:27:26Z,strovolou,ba,5074,927,557,104
2026-09-01T14:27:26Z,tseriou,ab,3240,394,285,0
2026-09-01T14:27:26Z,tseriou,ba,3739,618,368,138
2026-09-01T14:27:26Z,prodromou,ab,2418,325,258,0
2026-09-01T14:27:26Z,prodromou,ba,2414,378,302,0
2026-09-01T14:27:26Z,akropoleos,ab,6408,1202,589,210
2026-09-01T14:27:26Z,akropoleos,ba,5145,1000,481,280
2026-09-01T14:27:26Z,athalassas,ab,3201,746,433,122
2026-09-01T14:27:26Z,athalassas,ba,6362,957,609,144
2026-09-01T14:27:26Z,lemesou,ab,2014,684,213,371
2026-09-01T14:27:26Z,lemesou,ba,2007,350,196,0
2026-09-01T14:27:26Z,sp_kyprianou,ab,7006,1202,664,340
2026-09-01T14:27:26Z,sp_kyprianou,ba,7358,950,782,0
2026-09-01T14:27:26Z,archangelou,ab,6502,1056,603,229
2026-09-01T14:27:26Z,archangelou,ba,6911,713,592,0
2026-09-01T14:27:26Z,konstantinoup,ab,2628,325,291,0
2026-09-01T14:27:26Z,konstantinoup,ba,2629,363,314,0
2026-09-01T14:27:26Z,stavrou,ab,2187,367,208,0
2026-09-01T14:27:26Z,stavrou,ba,2245,272,208,0
2026-09-01T14:27:26Z,makedonitissas,ab,2797,697,387,240
2026-09-01T14:27:26Z,makedonitissas,ba,2705,355,289,0
2026-09-01T14:27:26Z,armenias,ab,1079,159,120,0
2026-09-01T14:27:26Z,armenias,ba,1079,309,133,0
2026-09-01T14:27:26Z,arch_kyprianou,ab,1652,322,253,0
2026-09-01T14:27:26Z,arch_kyprianou,ba,1726,454,203,122
2026-09-01T14:27:26Z,a1_motorway,ab,10597,351,349,0
2026-09-01T14:27:26Z,a1_motorway,ba,14048,574,558,0
2026-09-01T14:27:26Z,makariou_lakat,ab,6453,844,561,131
2026-09-01T14:27:26Z,makariou_lakat,ba,6901,796,583,0
2026-09-01T14:27:26Z,griva_digeni,ab,4756,779,532,0
2026-09-01T14:27:26Z,griva_digeni,ba,6075,995,755,0
2026-09-01T14:27:26Z,aglantzias,ab,1775,233,175,0
2026-09-01T14:27:26Z,aglantzias,ba,3098,543,373,0
2026-09-01T14:27:26Z,kranidioti,ab,1458,115,105,0
2026-09-01T14:27:26Z,kranidioti,ba,1652,330,117,209
2026-09-01T14:27:26Z,perimetrikos,ab,2510,260,225,0
2026-09-01T14:27:26Z,perimetrikos,ba,2327,217,181,0
2026-09-01T14:27:26Z,hatziiosif,ab,2049,787,196,495
2026-09-01T14:27:26Z,hatziiosif,ba,2045,345,203,7
2026-09-01T14:27:26Z,perikleous,ab,2016,584,273,207
2026-09-01T14:27:26Z,perikleous,ba,2649,426,274,39
2026-09-01T14:27:26Z,avraamidi,ab,1264,216,140,0
2026-09-01T14:27:26Z,avraamidi,ba,1266,258,149,0
2026-09-01T14:27:26Z,athinon,ab,1440,269,215,0
2026-09-01T14:27:26Z,athinon,ba,1040,346,131,108
2026-09-01T14:27:26Z,tasou_markou,ab,544,84,71,0
2026-09-01T14:27:26Z,tasou_markou,ba,492,54,55,0
2026-09-01T14:27:26Z,peiraios,ab,590,120,72,0
2026-09-01T14:27:26Z,peiraios,ba,590,118,64,0
2026-09-01T14:48:00Z,strovolou,ab,5993,848,670,0
2026-09-01T14:48:00Z,strovolou,ba,6244,935,667,0
2026-09-01T14:48:00Z,tseriou,ab,3443,546,335,94
2026-09-01T14:48:00Z,tseriou,ba,3739,584,368,108
2026-09-01T14:48:00Z,prodromou,ab,2418,322,258,0
2026-09-01T14:48:00Z,prodromou,ba,2414,376,302,0
2026-09-01T14:48:00Z,akropoleos,ab,5010,1156,465,472
2026-09-01T14:48:00Z,akropoleos,ba,5145,984,481,254
2026-09-01T14:48:00Z,athalassas,ab,2793,664,282,95
2026-09-01T14:48:00Z,athalassas,ba,7142,1099,587,270
2026-09-01T14:48:00Z,lemesou,ab,2814,661,425,95
2026-09-01T14:48:00Z,lemesou,ba,2007,422,196,148
2026-09-01T14:48:00Z,sp_kyprianou,ab,7131,1314,748,350
2026-09-01T14:48:00Z,sp_kyprianou,ba,7358,943,782,0
2026-09-01T14:48:00Z,archangelou,ab,8699,988,789,0
2026-09-01T14:48:00Z,archangelou,ba,6911,706,592,0
2026-09-01T14:48:00Z,konstantinoup,ab,2628,323,291,0
2026-09-01T14:48:00Z,konstantinoup,ba,2629,357,314,0
2026-09-01T14:48:00Z,stavrou,ab,2187,343,208,0
2026-09-01T14:48:00Z,stavrou,ba,2245,268,208,0
2026-09-01T14:48:00Z,makedonitissas,ab,2797,690,387,240
2026-09-01T14:48:00Z,makedonitissas,ba,2705,352,289,0
2026-09-01T14:48:00Z,armenias,ab,1079,157,120,0
2026-09-01T14:48:00Z,armenias,ba,1079,352,133,138
2026-09-01T14:48:00Z,arch_kyprianou,ab,1652,318,253,0
2026-09-01T14:48:00Z,arch_kyprianou,ba,2319,542,366,0
2026-09-01T14:48:00Z,a1_motorway,ab,10597,351,349,0
2026-09-01T14:48:00Z,a1_motorway,ba,14048,571,558,0
2026-09-01T14:48:00Z,makariou_lakat,ab,6840,815,690,0
2026-09-01T14:48:00Z,makariou_lakat,ba,6901,785,583,0
2026-09-01T14:48:00Z,griva_digeni,ab,4756,770,532,0
2026-09-01T14:48:00Z,griva_digeni,ba,6075,987,755,0
2026-09-01T14:48:00Z,aglantzias,ab,1775,231,175,0
2026-09-01T14:48:00Z,aglantzias,ba,3098,536,373,29
2026-09-01T14:48:00Z,kranidioti,ab,1458,115,105,0
2026-09-01T14:48:00Z,kranidioti,ba,1652,149,117,0
2026-09-01T14:48:00Z,perimetrikos,ab,2510,260,225,0
2026-09-01T14:48:00Z,perimetrikos,ba,2327,217,181,0
2026-09-01T14:48:00Z,hatziiosif,ab,2049,634,196,345
2026-09-01T14:48:00Z,hatziiosif,ba,2045,414,203,111
2026-09-01T14:48:00Z,perikleous,ab,2016,526,273,140
2026-09-01T14:48:00Z,perikleous,ba,2649,413,274,33
2026-09-01T14:48:00Z,avraamidi,ab,1264,212,140,0
2026-09-01T14:48:00Z,avraamidi,ba,1266,244,149,0
2026-09-01T14:48:00Z,athinon,ab,1440,266,215,0
2026-09-01T14:48:00Z,athinon,ba,1040,336,131,108
2026-09-01T14:48:00Z,tasou_markou,ab,544,84,71,0
2026-09-01T14:48:00Z,tasou_markou,ba,492,54,55,0
2026-09-01T14:48:00Z,peiraios,ab,590,117,72,0
2026-09-01T14:48:00Z,peiraios,ba,590,114,64,0
2026-09-01T15:08:38Z,strovolou,ab,5400,756,507,121
2026-09-01T15:08:38Z,strovolou,ba,5074,888,557,85
2026-09-01T15:08:38Z,tseriou,ab,3443,470,335,0
2026-09-01T15:08:38Z,tseriou,ba,3578,614,431,131
2026-09-01T15:08:38Z,prodromou,ab,2418,322,258,0
2026-09-01T15:08:38Z,prodromou,ba,2414,378,302,0
2026-09-01T15:08:38Z,akropoleos,ab,5010,1046,465,288
2026-09-01T15:08:38Z,akropoleos,ba,5145,891,481,146
2026-09-01T15:08:38Z,athalassas,ab,3201,708,433,122
2026-09-01T15:08:38Z,athalassas,ba,6362,1000,609,197
2026-09-01T15:08:38Z,lemesou,ab,3331,611,420,72
2026-09-01T15:08:38Z,lemesou,ba,2007,447,196,175
2026-09-01T15:08:38Z,sp_kyprianou,ab,7006,1280,664,450
2026-09-01T15:08:38Z,sp_kyprianou,ba,7358,943,782,0
2026-09-01T15:08:38Z,archangelou,ab,6502,984,603,182
2026-09-01T15:08:38Z,archangelou,ba,6911,703,592,0
2026-09-01T15:08:38Z,konstantinoup,ab,2628,322,291,0
2026-09-01T15:08:38Z,konstantinoup,ba,2629,356,314,0
2026-09-01T15:08:38Z,stavrou,ab,2412,371,257,8
2026-09-01T15:08:38Z,stavrou,ba,2245,268,208,0
2026-09-01T15:08:38Z,makedonitissas,ab,2797,690,387,240
2026-09-01T15:08:38Z,makedonitissas,ba,2705,351,289,0
2026-09-01T15:08:38Z,armenias,ab,1079,158,120,0
2026-09-01T15:08:38Z,armenias,ba,1079,282,133,0
2026-09-01T15:08:38Z,arch_kyprianou,ab,1652,315,253,0
2026-09-01T15:08:38Z,arch_kyprianou,ba,2260,404,310,0
2026-09-01T15:08:38Z,a1_motorway,ab,10597,351,349,0
2026-09-01T15:08:38Z,a1_motorway,ba,14048,573,558,0
2026-09-01T15:08:38Z,makariou_lakat,ab,6453,762,561,0
2026-09-01T15:08:38Z,makariou_lakat,ba,6901,789,583,0
2026-09-01T15:08:38Z,griva_digeni,ab,5002,762,552,0
2026-09-01T15:08:38Z,griva_digeni,ba,5350,921,684,8
2026-09-01T15:08:38Z,aglantzias,ab,1775,233,175,0
2026-09-01T15:08:38Z,aglantzias,ba,3036,607,445,0
2026-09-01T15:08:38Z,kranidioti,ab,1458,115,105,0
2026-09-01T15:08:38Z,kranidioti,ba,1652,329,117,209
2026-09-01T15:08:38Z,perimetrikos,ab,2510,261,225,0
2026-09-01T15:08:38Z,perimetrikos,ba,2094,217,161,0
2026-09-01T15:08:38Z,hatziiosif,ab,2049,601,196,288
2026-09-01T15:08:38Z,hatziiosif,ba,2045,332,203,0
2026-09-01T15:08:38Z,perikleous,ab,2016,573,273,193
2026-09-01T15:08:38Z,perikleous,ba,2649,413,274,33
2026-09-01T15:08:38Z,avraamidi,ab,1264,218,140,0
2026-09-01T15:08:38Z,avraamidi,ba,1266,241,149,0
2026-09-01T15:08:38Z,athinon,ab,1440,264,215,0
2026-09-01T15:08:38Z,athinon,ba,1594,352,261,0
2026-09-01T15:08:38Z,tasou_markou,ab,544,84,71,0
2026-09-01T15:08:38Z,tasou_markou,ba,492,54,55,0
2026-09-01T15:08:38Z,peiraios,ab,590,115,72,0
2026-09-01T15:08:38Z,peiraios,ba,590,114,64,0
2026-09-01T15:29:14Z,strovolou,ab,5400,635,507,0
2026-09-01T15:29:14Z,strovolou,ba,5074,905,557,130
2026-09-01T15:29:14Z,tseriou,ab,3240,375,285,0
2026-09-01T15:29:14Z,tseriou,ba,3739,568,368,108
2026-09-01T15:29:14Z,prodromou,ab,2418,312,258,0
2026-09-01T15:29:14Z,prodromou,ba,2414,370,302,0
2026-09-01T15:29:14Z,akropoleos,ab,5010,928,465,232
2026-09-01T15:29:14Z,akropoleos,ba,5145,911,481,203
2026-09-01T15:29:14Z,athalassas,ab,3201,679,433,122
2026-09-01T15:29:14Z,athalassas,ba,7142,803,587,0
2026-09-01T15:29:14Z,lemesou,ab,3331,572,420,60
2026-09-01T15:29:14Z,lemesou,ba,2007,399,196,117
2026-09-01T15:29:14Z,sp_kyprianou,ab,7006,1148,664,353
2026-09-01T15:29:14Z,sp_kyprianou,ba,7358,924,782,0
2026-09-01T15:29:14Z,archangelou,ab,7265,958,521,353
2026-09-01T15:29:14Z,archangelou,ba,6911,686,592,0
2026-09-01T15:29:14Z,konstantinoup,ab,2628,318,291,0
2026-09-01T15:29:14Z,konstantinoup,ba,2629,347,314,0
2026-09-01T15:29:14Z,stavrou,ab,2187,316,208,0
2026-09-01T15:29:14Z,stavrou,ba,2245,259,208,0
2026-09-01T15:29:14Z,makedonitissas,ab,2797,623,387,178
2026-09-01T15:29:14Z,makedonitissas,ba,2705,339,289,0
2026-09-01T15:29:14Z,armenias,ab,1079,153,120,0
2026-09-01T15:29:14Z,armenias,ba,1079,258,133,0
2026-09-01T15:29:14Z,arch_kyprianou,ab,1652,302,253,0
2026-09-01T15:29:14Z,arch_kyprianou,ba,1726,338,203,0
2026-09-01T15:29:14Z,a1_motorway,ab,10597,351,349,0
2026-09-01T15:29:14Z,a1_motorway,ba,14048,569,558,0
2026-09-01T15:29:14Z,makariou_lakat,ab,6453,719,561,0
2026-09-01T15:29:14Z,makariou_lakat,ba,6901,758,583,0
2026-09-01T15:29:14Z,griva_digeni,ab,5002,734,552,0
2026-09-01T15:29:14Z,griva_digeni,ba,5350,881,684,0
2026-09-01T15:29:14Z,aglantzias,ab,1775,226,175,0
2026-09-01T15:29:14Z,aglantzias,ba,3098,589,373,90
2026-09-01T15:29:14Z,kranidioti,ab,1458,113,105,0
2026-09-01T15:29:14Z,kranidioti,ba,1652,139,117,0
2026-09-01T15:29:14Z,perimetrikos,ab,2510,256,225,0
2026-09-01T15:29:14Z,perimetrikos,ba,2094,206,161,0
2026-09-01T15:29:14Z,hatziiosif,ab,2049,512,196,232
2026-09-01T15:29:14Z,hatziiosif,ba,2045,313,203,0
2026-09-01T15:29:14Z,perikleous,ab,2016,576,273,207
2026-09-01T15:29:14Z,perikleous,ba,2649,392,274,28
2026-09-01T15:29:14Z,avraamidi,ab,1264,211,140,0
2026-09-01T15:29:14Z,avraamidi,ba,1266,224,149,0
2026-09-01T15:29:14Z,athinon,ab,1573,261,205,0
2026-09-01T15:29:14Z,athinon,ba,1040,323,131,108
2026-09-01T15:29:14Z,tasou_markou,ab,544,82,71,0
2026-09-01T15:29:14Z,tasou_markou,ba,492,54,55,0
2026-09-01T15:29:14Z,peiraios,ab,590,110,72,0
2026-09-01T15:29:14Z,peiraios,ba,590,106,64,0
2026-09-01T15:49:47Z,strovolou,ab,5400,609,507,0
2026-09-01T15:49:47Z,strovolou,ba,5074,863,557,131
2026-09-01T15:49:47Z,tseriou,ab,3240,356,285,0
2026-09-01T15:49:47Z,tseriou,ba,3739,513,368,0
2026-09-01T15:49:47Z,prodromou,ab,2418,303,258,0
2026-09-01T15:49:47Z,prodromou,ba,2414,358,302,0
2026-09-01T15:49:47Z,akropoleos,ab,6408,889,589,0
2026-09-01T15:49:47Z,akropoleos,ba,5145,799,481,131
2026-09-01T15:49:47Z,athalassas,ab,3185,534,423,0
2026-09-01T15:49:47Z,athalassas,ba,7142,755,587,0
2026-09-01T15:49:47Z,lemesou,ab,2386,437,292,34
2026-09-01T15:49:47Z,lemesou,ba,2007,398,196,140
2026-09-01T15:49:47Z,sp_kyprianou,ab,6489,922,584,151
2026-09-01T15:49:47Z,sp_kyprianou,ba,6573,809,630,0
2026-09-01T15:49:47Z,archangelou,ab,7265,763,521,151
2026-09-01T15:49:47Z,archangelou,ba,6911,664,592,0
2026-09-01T15:49:47Z,konstantinoup,ab,2628,313,291,0
2026-09-01T15:49:47Z,konstantinoup,ba,2629,337,314,0
2026-09-01T15:49:47Z,stavrou,ab,2187,289,208,0
2026-09-01T15:49:47Z,stavrou,ba,2245,249,208,0
2026-09-01T15:49:47Z,makedonitissas,ab,2904,587,404,151
2026-09-01T15:49:47Z,makedonitissas,ba,2705,323,289,0
2026-09-01T15:49:47Z,armenias,ab,1079,148,120,0
2026-09-01T15:49:47Z,armenias,ba,1079,233,133,0
2026-09-01T15:49:47Z,arch_kyprianou,ab,1652,290,253,0
2026-09-01T15:49:47Z,arch_kyprianou,ba,1726,315,203,0
2026-09-01T15:49:47Z,a1_motorway,ab,10597,351,349,0
2026-09-01T15:49:47Z,a1_motorway,ba,14048,564,558,0
2026-09-01T15:49:47Z,makariou_lakat,ab,6453,683,561,0
2026-09-01T15:49:47Z,makariou_lakat,ba,6316,752,614,3
2026-09-01T15:49:47Z,griva_digeni,ab,4756,726,532,0
2026-09-01T15:49:47Z,griva_digeni,ba,5350,843,684,0
2026-09-01T15:49:47Z,aglantzias,ab,1775,218,175,0
2026-09-01T15:49:47Z,aglantzias,ba,3098,559,373,86
2026-09-01T15:49:47Z,kranidioti,ab,1458,111,105,0
2026-09-01T15:49:47Z,kranidioti,ba,1652,132,117,0
2026-09-01T15:49:47Z,perimetrikos,ab,2510,250,225,0
2026-09-01T15:49:47Z,perimetrikos,ba,2094,197,161,0
2026-09-01T15:49:47Z,hatziiosif,ab,3459,524,325,0
2026-09-01T15:49:47Z,hatziiosif,ba,2045,293,203,0
2026-09-01T15:49:47Z,perikleous,ab,2016,500,273,140
2026-09-01T15:49:47Z,perikleous,ba,2649,394,274,47
2026-09-01T15:49:47Z,avraamidi,ab,1264,201,140,0
2026-09-01T15:49:47Z,avraamidi,ba,1266,209,149,0
2026-09-01T15:49:47Z,athinon,ab,1573,248,205,0
2026-09-01T15:49:47Z,athinon,ba,1040,273,131,0
2026-09-01T15:49:47Z,tasou_markou,ab,544,81,71,0
2026-09-01T15:49:47Z,tasou_markou,ba,492,54,55,0
2026-09-01T15:49:47Z,peiraios,ab,590,105,72,0
2026-09-01T15:49:47Z,peiraios,ba,590,99,64,0
2026-09-01T16:00:13Z,strovolou,ab,5400,596,507,0
2026-09-01T16:00:13Z,strovolou,ba,4712,648,405,108
2026-09-01T16:00:13Z,tseriou,ab,2555,375,228,0
2026-09-01T16:00:13Z,tseriou,ba,3739,557,368,127
2026-09-01T16:00:13Z,prodromou,ab,2418,298,258,0
2026-09-01T16:00:13Z,prodromou,ba,2414,352,302,0
2026-09-01T16:00:13Z,akropoleos,ab,5010,711,465,0
2026-09-01T16:00:13Z,akropoleos,ba,5145,787,481,143
2026-09-01T16:00:13Z,athalassas,ab,2793,489,282,0
2026-09-01T16:00:13Z,athalassas,ba,7142,736,587,0
2026-09-01T16:00:13Z,lemesou,ab,2386,395,292,0
2026-09-01T16:00:13Z,lemesou,ba,2007,287,196,0
2026-09-01T16:00:13Z,sp_kyprianou,ab,6489,865,584,119
2026-09-01T16:00:13Z,sp_kyprianou,ba,6573,804,630,0
2026-09-01T16:00:13Z,archangelou,ab,7265,719,521,119
2026-09-01T16:00:13Z,archangelou,ba,6911,655,592,0
2026-09-01T16:00:13Z,konstantinoup,ab,2628,310,291,0
2026-09-01T16:00:13Z,konstantinoup,ba,2629,333,314,0
2026-09-01T16:00:13Z,stavrou,ab,2187,280,208,0
2026-09-01T16:00:13Z,stavrou,ba,2245,245,208,0
2026-09-01T16:00:13Z,makedonitissas,ab,2904,481,404,0
2026-09-01T16:00:13Z,makedonitissas,ba,2705,318,289,0
2026-09-01T16:00:13Z,armenias,ab,1079,150,120,0
2026-09-01T16:00:13Z,armenias,ba,1079,222,133,0
2026-09-01T16:00:13Z,arch_kyprianou,ab,1652,284,253,0
2026-09-01T16:00:13Z,arch_kyprianou,ba,1726,304,203,0
2026-09-01T16:00:13Z,a1_motorway,ab,10597,351,349,0
2026-09-01T16:00:13Z,a1_motorway,ba,14048,566,558,0
2026-09-01T16:00:13Z,makariou_lakat,ab,6453,669,561,0
2026-09-01T16:00:13Z,makariou_lakat,ba,6901,729,583,0
2026-09-01T16:00:13Z,griva_digeni,ab,4756,711,532,0
2026-09-01T16:00:13Z,griva_digeni,ba,5350,845,684,0
2026-09-01T16:00:13Z,aglantzias,ab,1775,220,175,0
2026-09-01T16:00:13Z,aglantzias,ba,3098,595,373,120
2026-09-01T16:00:13Z,kranidioti,ab,1458,112,105,0
2026-09-01T16:00:13Z,kranidioti,ba,1652,129,117,0
2026-09-01T16:00:13Z,perimetrikos,ab,2510,248,225,0
2026-09-01T16:00:13Z,perimetrikos,ba,2094,192,161,0
2026-09-01T16:00:13Z,hatziiosif,ab,2049,344,196,0
2026-09-01T16:00:13Z,hatziiosif,ba,2045,283,203,0
2026-09-01T16:00:13Z,perikleous,ab,2238,438,233,87
2026-09-01T16:00:13Z,perikleous,ba,2649,361,274,21
2026-09-01T16:00:13Z,avraamidi,ab,1264,196,140,0
2026-09-01T16:00:13Z,avraamidi,ba,1266,207,149,0
2026-09-01T16:00:13Z,athinon,ab,1573,245,205,0
2026-09-01T16:00:13Z,athinon,ba,1040,317,131,127
2026-09-01T16:00:13Z,tasou_markou,ab,544,80,71,0
2026-09-01T16:00:13Z,tasou_markou,ba,492,54,55,0
2026-09-01T16:00:13Z,peiraios,ab,590,102,72,0
2026-09-01T16:00:13Z,peiraios,ba,590,99,64,0
2026-09-02T04:20:24Z,strovolou,ab,5706,1197,571,213
2026-09-02T04:20:24Z,strovolou,ba,4712,496,405,0
2026-09-02T04:20:24Z,tseriou,ab,2555,320,228,0
2026-09-02T04:20:24Z,tseriou,ba,3739,533,368,0
2026-09-02T04:20:24Z,prodromou,ab,2418,375,258,0
2026-09-02T04:20:24Z,prodromou,ba,2414,452,302,0
2026-09-02T04:20:24Z,akropoleos,ab,5010,804,465,153
2026-09-02T04:20:24Z,akropoleos,ba,5145,1191,481,336
2026-09-02T04:20:24Z,athalassas,ab,2793,496,282,0
2026-09-02T04:20:24Z,athalassas,ba,4619,924,562,0
2026-09-02T04:20:24Z,lemesou,ab,2014,325,213,0
2026-09-02T04:20:24Z,lemesou,ba,2007,378,196,0
2026-09-02T04:20:24Z,sp_kyprianou,ab,6489,736,584,0
2026-09-02T04:20:24Z,sp_kyprianou,ba,7057,1314,745,0
2026-09-02T04:20:24Z,archangelou,ab,7265,620,521,0
2026-09-02T04:20:24Z,archangelou,ba,6911,1135,592,204
2026-09-02T04:20:24Z,konstantinoup,ab,2628,333,291,0
2026-09-02T04:20:24Z,konstantinoup,ba,2629,421,314,0
2026-09-02T04:20:24Z,stavrou,ab,2187,255,208,0
2026-09-02T04:20:24Z,stavrou,ba,2245,284,208,0
2026-09-02T04:20:24Z,makedonitissas,ab,2904,501,404,0
2026-09-02T04:20:24Z,makedonitissas,ba,2705,378,289,0
2026-09-02T04:20:24Z,armenias,ab,1079,178,120,0
2026-09-02T04:20:24Z,armenias,ba,1079,218,133,0
2026-09-02T04:20:24Z,arch_kyprianou,ab,1701,284,217,0
2026-09-02T04:20:24Z,arch_kyprianou,ba,1726,565,203,89
2026-09-02T04:20:24Z,a1_motorway,ab,10597,356,349,0
2026-09-02T04:20:24Z,a1_motorway,ba,14048,646,558,32
2026-09-02T04:20:24Z,makariou_lakat,ab,5849,674,517,0
2026-09-02T04:20:24Z,makariou_lakat,ba,6316,772,614,0
2026-09-02T04:20:24Z,griva_digeni,ab,4212,508,439,0
2026-09-02T04:20:24Z,griva_digeni,ba,6184,1126,764,0
2026-09-02T04:20:24Z,aglantzias,ab,1775,315,175,0
2026-09-02T04:20:24Z,aglantzias,ba,3098,536,373,0
2026-09-02T04:20:24Z,kranidioti,ab,1458,123,105,0
2026-09-02T04:20:24Z,kranidioti,ba,1652,143,117,0
2026-09-02T04:20:24Z,perimetrikos,ab,3173,484,388,0
2026-09-02T04:20:24Z,perimetrikos,ba,2094,180,161,0
2026-09-02T04:20:24Z,hatziiosif,ab,2049,392,196,153
2026-09-02T04:20:24Z,hatziiosif,ba,2045,521,203,152
2026-09-02T04:20:24Z,perikleous,ab,2016,375,273,0
2026-09-02T04:20:24Z,perikleous,ba,2649,403,274,0
2026-09-02T04:20:24Z,avraamidi,ab,1264,237,140,0
2026-09-02T04:20:24Z,avraamidi,ba,1266,190,149,0
2026-09-02T04:20:24Z,athinon,ab,1573,248,205,23
2026-09-02T04:20:24Z,athinon,ba,1040,261,131,1
2026-09-02T04:20:24Z,tasou_markou,ab,544,98,71,0
2026-09-02T04:20:24Z,tasou_markou,ba,492,57,55,0
2026-09-02T04:20:24Z,peiraios,ab,590,141,72,0
2026-09-02T04:20:24Z,peiraios,ba,590,85,64,0
2026-09-02T04:40:55Z,strovolou,ab,5693,1283,556,359
2026-09-02T04:40:55Z,strovolou,ba,4712,525,405,0
2026-09-02T04:40:55Z,tseriou,ab,2555,347,228,0
2026-09-02T04:40:55Z,tseriou,ba,3739,604,368,127
2026-09-02T04:40:55Z,prodromou,ab,2418,401,258,0
2026-09-02T04:40:55Z,prodromou,ba,2414,486,302,0
2026-09-02T04:40:55Z,akropoleos,ab,5010,774,465,0
2026-09-02T04:40:55Z,akropoleos,ba,5145,1186,481,249
2026-09-02T04:40:55Z,athalassas,ab,2793,537,282,0
2026-09-02T04:40:55Z,athalassas,ba,6269,1131,542,194
2026-09-02T04:40:55Z,lemesou,ab,2014,357,213,0
2026-09-02T04:40:55Z,lemesou,ba,2007,414,196,0
2026-09-02T04:40:55Z,sp_kyprianou,ab,6489,783,584,0
2026-09-02T04:40:55Z,sp_kyprianou,ba,7057,1426,745,102
2026-09-02T04:40:55Z,archangelou,ab,7265,643,521,0
2026-09-02T04:40:55Z,archangelou,ba,8740,1224,854,0
2026-09-02T04:40:55Z,konstantinoup,ab,2628,338,291,0
2026-09-02T04:40:55Z,konstantinoup,ba,2629,433,314,0
2026-09-02T04:40:55Z,stavrou,ab,2187,273,208,0
2026-09-02T04:40:55Z,stavrou,ba,2245,295,208,0
2026-09-02T04:40:55Z,makedonitissas,ab,2904,522,404,0
2026-09-02T04:40:55Z,makedonitissas,ba,2153,444,332,0
2026-09-02T04:40:55Z,armenias,ab,1079,184,120,0
2026-09-02T04:40:55Z,armenias,ba,1079,236,133,0
2026-09-02T04:40:55Z,arch_kyprianou,ab,1701,303,217,0
2026-09-02T04:40:55Z,arch_kyprianou,ba,1726,654,203,262
2026-09-02T04:40:55Z,a1_motorway,ab,10597,353,349,0
2026-09-02T04:40:55Z,a1_motorway,ba,14048,672,558,45
2026-09-02T04:40:55Z,makariou_lakat,ab,5849,707,517,0
2026-09-02T04:40:55Z,makariou_lakat,ba,6316,801,614,0
2026-09-02T04:40:55Z,griva_digeni,ab,4212,540,439,0
2026-09-02T04:40:55Z,griva_digeni,ba,6184,1191,764,0
2026-09-02T04:40:55Z,aglantzias,ab,1775,351,175,0
2026-09-02T04:40:55Z,aglantzias,ba,3098,564,373,0
2026-09-02T04:40:55Z,kranidioti,ab,1458,127,105,0
2026-09-02T04:40:55Z,kranidioti,ba,1652,149,117,0
2026-09-02T04:40:55Z,perimetrikos,ab,3173,504,388,16
2026-09-02T04:40:55Z,perimetrikos,ba,2094,183,161,0
2026-09-02T04:40:55Z,hatziiosif,ab,2049,332,196,0
2026-09-02T04:40:55Z,hatziiosif,ba,2045,436,203,0
2026-09-02T04:40:55Z,perikleous,ab,2016,404,273,0
2026-09-02T04:40:55Z,perikleous,ba,2649,421,274,0
2026-09-02T04:40:55Z,avraamidi,ab,1293,300,193,0
2026-09-02T04:40:55Z,avraamidi,ba,1266,198,149,0
2026-09-02T04:40:55Z,athinon,ab,1573,252,205,20
2026-09-02T04:40:55Z,athinon,ba,1040,329,131,127
2026-09-02T04:40:55Z,tasou_markou,ab,544,103,71,0
2026-09-02T04:40:55Z,tasou_markou,ba,492,57,55,0
2026-09-02T04:40:55Z,peiraios,ab,590,150,72,0
2026-09-02T04:40:55Z,peiraios,ba,590,92,64,0
2026-09-02T05:01:29Z,strovolou,ab,5400,1187,507,187
2026-09-02T05:01:29Z,strovolou,ba,4712,543,405,0
2026-09-02T05:01:29Z,tseriou,ab,2555,368,228,0
2026-09-02T05:01:29Z,tseriou,ba,3739,568,368,0
2026-09-02T05:01:29Z,prodromou,ab,2418,385,258,0
2026-09-02T05:01:29Z,prodromou,ba,2414,497,302,0
2026-09-02T05:01:29Z,akropoleos,ab,5010,823,465,121
2026-09-02T05:01:29Z,akropoleos,ba,5823,1238,571,307
2026-09-02T05:01:29Z,athalassas,ab,2793,559,282,0
2026-09-02T05:01:29Z,athalassas,ba,4619,1104,562,108
2026-09-02T05:01:29Z,lemesou,ab,2014,349,213,0
2026-09-02T05:01:29Z,lemesou,ba,2007,390,196,0
2026-09-02T05:01:29Z,sp_kyprianou,ab,6489,814,584,0
2026-09-02T05:01:29Z,sp_kyprianou,ba,7057,1430,745,248
2026-09-02T05:01:29Z,archangelou,ab,7265,656,521,0
2026-09-02T05:01:29Z,archangelou,ba,6911,1145,592,254
2026-09-02T05:01:29Z,konstantinoup,ab,2628,331,291,0
2026-09-02T05:01:29Z,konstantinoup,ba,2629,427,314,0
2026-09-02T05:01:29Z,stavrou,ab,2187,271,208,0
2026-09-02T05:01:29Z,stavrou,ba,2245,283,208,0
2026-09-02T05:01:29Z,makedonitissas,ab,2904,523,404,0
2026-09-02T05:01:29Z,makedonitissas,ba,2153,433,332,0
2026-09-02T05:01:29Z,armenias,ab,1079,177,120,0
2026-09-02T05:01:29Z,armenias,ba,1079,236,133,0
2026-09-02T05:01:29Z,arch_kyprianou,ab,1701,311,217,0
2026-09-02T05:01:29Z,arch_kyprianou,ba,2260,624,310,128
2026-09-02T05:01:29Z,a1_motorway,ab,10597,402,349,50
2026-09-02T05:01:29Z,a1_motorway,ba,14048,732,558,115
2026-09-02T05:01:29Z,makariou_lakat,ab,5849,687,517,0
2026-09-02T05:01:29Z,makariou_lakat,ba,6316,774,614,0
2026-09-02T05:01:29Z,griva_digeni,ab,4212,544,439,0
2026-09-02T05:01:29Z,griva_digeni,ba,6075,1154,755,0
2026-09-02T05:01:29Z,aglantzias,ab,1775,367,175,0
2026-09-02T05:01:29Z,aglantzias,ba,3098,581,373,0
2026-09-02T05:01:29Z,kranidioti,ab,1458,123,105,0
2026-09-02T05:01:29Z,kranidioti,ba,1652,148,117,0
2026-09-02T05:01:29Z,perimetrikos,ab,3173,523,388,42
2026-09-02T05:01:29Z,perimetrikos,ba,2094,182,161,0
2026-09-02T05:01:29Z,hatziiosif,ab,2049,358,196,0
2026-09-02T05:01:29Z,hatziiosif,ba,2045,526,203,171
2026-09-02T05:01:29Z,perikleous,ab,2016,422,273,0
2026-09-02T05:01:29Z,perikleous,ba,2649,401,274,0
2026-09-02T05:01:29Z,avraamidi,ab,1293,283,193,0
2026-09-02T05:01:29Z,avraamidi,ba,1266,196,149,0
2026-09-02T05:01:29Z,athinon,ab,1573,253,205,20
2026-09-02T05:01:29Z,athinon,ba,1040,279,131,0
2026-09-02T05:01:29Z,tasou_markou,ab,544,102,71,0
2026-09-02T05:01:29Z,tasou_markou,ba,492,57,55,0
2026-09-02T05:01:29Z,peiraios,ab,590,151,72,0
2026-09-02T05:01:29Z,peiraios,ba,590,92,64,0
2026-09-02T05:22:05Z,strovolou,ab,6338,1102,678,0
2026-09-02T05:22:05Z,strovolou,ba,4712,524,405,0
2026-09-02T05:22:05Z,tseriou,ab,2555,353,228,0
2026-09-02T05:22:05Z,tseriou,ba,3739,535,368,0
2026-09-02T05:22:05Z,prodromou,ab,2418,377,258,0
2026-09-02T05:22:05Z,prodromou,ba,2414,459,302,0
2026-09-02T05:22:05Z,akropoleos,ab,5010,817,465,121
2026-09-02T05:22:05Z,akropoleos,ba,5145,1039,481,181
2026-09-02T05:22:05Z,athalassas,ab,2793,517,282,0
2026-09-02T05:22:05Z,athalassas,ba,4619,1000,562,154
2026-09-02T05:22:05Z,lemesou,ab,2014,348,213,0
2026-09-02T05:22:05Z,lemesou,ba,2349,577,322,61
2026-09-02T05:22:05Z,sp_kyprianou,ab,6489,777,584,0
2026-09-02T05:22:05Z,sp_kyprianou,ba,8153,1348,912,0
2026-09-02T05:22:05Z,archangelou,ab,7265,624,521,0
2026-09-02T05:22:05Z,archangelou,ba,6880,1032,686,0
2026-09-02T05:22:05Z,konstantinoup,ab,2628,330,291,0
2026-09-02T05:22:05Z,konstantinoup,ba,2629,399,314,0
2026-09-02T05:22:05Z,stavrou,ab,2187,272,208,0
2026-09-02T05:22:05Z,stavrou,ba,2245,275,208,0
2026-09-02T05:22:05Z,makedonitissas,ab,2904,494,404,0
2026-09-02T05:22:05Z,makedonitissas,ba,2705,366,289,0
2026-09-02T05:22:05Z,armenias,ab,1079,172,120,0
2026-09-02T05:22:05Z,armenias,ba,1079,238,133,0
2026-09-02T05:22:05Z,arch_kyprianou,ab,1701,293,217,0
2026-09-02T05:22:05Z,arch_kyprianou,ba,2260,530,310,0
2026-09-02T05:22:05Z,a1_motorway,ab,10597,351,349,0
2026-09-02T05:22:05Z,a1_motorway,ba,14048,641,558,35
2026-09-02T05:22:05Z,makariou_lakat,ab,5849,681,517,0
2026-09-02T05:22:05Z,makariou_lakat,ba,6316,768,614,0
2026-09-02T05:22:05Z,griva_digeni,ab,4212,552,439,0
2026-09-02T05:22:05Z,griva_digeni,ba,6075,1114,755,0
2026-09-02T05:22:05Z,aglantzias,ab,1775,328,175,3
2026-09-02T05:22:05Z,aglantzias,ba,3098,616,373,169
2026-09-02T05:22:05Z,kranidioti,ab,1458,121,105,0
2026-09-02T05:22:05Z,kranidioti,ba,1652,145,117,0
2026-09-02T05:22:05Z,perimetrikos,ab,2510,292,225,0
2026-09-02T05:22:05Z,perimetrikos,ba,2094,182,161,0
2026-09-02T05:22:05Z,hatziiosif,ab,2049,336,196,0
2026-09-02T05:22:05Z,hatziiosif,ba,2045,404,203,3
2026-09-02T05:22:05Z,perikleous,ab,2016,399,273,0
2026-09-02T05:22:05Z,perikleous,ba,2649,392,274,0
2026-09-02T05:22:05Z,avraamidi,ab,1264,233,140,0
2026-09-02T05:22:05Z,avraamidi,ba,1266,200,149,0
2026-09-02T05:22:05Z,athinon,ab,1573,265,205,31
2026-09-02T05:22:05Z,athinon,ba,1040,280,131,1
2026-09-02T05:22:05Z,tasou_markou,ab,544,102,71,0
2026-09-02T05:22:05Z,tasou_markou,ba,492,56,55,0
2026-09-02T05:22:05Z,peiraios,ab,590,141,72,0
2026-09-02T05:22:05Z,peiraios,ba,590,93,64,0
2026-09-02T05:42:39Z,strovolou,ab,7418,1121,771,0
2026-09-02T05:42:39Z,strovolou,ba,4712,519,405,0
2026-09-02T05:42:39Z,tseriou,ab,2555,351,228,0
2026-09-02T05:42:39Z,tseriou,ba,3739,551,368,95
2026-09-02T05:42:39Z,prodromou,ab,2418,356,258,0
2026-09-02T05:42:39Z,prodromou,ba,2414,431,302,0
2026-09-02T05:42:39Z,akropoleos,ab,8641,829,615,0
2026-09-02T05:42:39Z,akropoleos,ba,5145,1207,481,472
2026-09-02T05:42:39Z,athalassas,ab,2793,501,282,0
2026-09-02T05:42:39Z,athalassas,ba,4712,1011,628,209
2026-09-02T05:42:39Z,lemesou,ab,2014,334,213,0
2026-09-02T05:42:39Z,lemesou,ba,2349,494,322,0
2026-09-02T05:42:39Z,sp_kyprianou,ab,6489,763,584,0
2026-09-02T05:42:39Z,sp_kyprianou,ba,6573,1143,630,157
2026-09-02T05:42:39Z,archangelou,ab,7265,615,521,0
2026-09-02T05:42:39Z,archangelou,ba,6911,878,592,0
2026-09-02T05:42:39Z,konstantinoup,ab,2628,332,291,0
2026-09-02T05:42:39Z,konstantinoup,ba,2629,377,314,0
2026-09-02T05:42:39Z,stavrou,ab,2187,266,208,0
2026-09-02T05:42:39Z,stavrou,ba,2245,265,208,0
2026-09-02T05:42:39Z,makedonitissas,ab,2904,475,404,0
2026-09-02T05:42:39Z,makedonitissas,ba,2705,349,289,0
2026-09-02T05:42:39Z,armenias,ab,1079,167,120,0
2026-09-02T05:42:39Z,armenias,ba,1079,233,133,0
2026-09-02T05:42:39Z,arch_kyprianou,ab,1701,282,217,0
2026-09-02T05:42:39Z,arch_kyprianou,ba,2260,483,310,0
2026-09-02T05:42:39Z,a1_motorway,ab,10597,351,349,0
2026-09-02T05:42:39Z,a1_motorway,ba,14048,592,558,0
2026-09-02T05:42:39Z,makariou_lakat,ab,5849,665,517,0
2026-09-02T05:42:39Z,makariou_lakat,ba,6901,756,583,0
2026-09-02T05:42:39Z,griva_digeni,ab,4212,551,439,0
2026-09-02T05:42:39Z,griva_digeni,ba,6075,1079,755,0
2026-09-02T05:42:39Z,aglantzias,ab,1775,297,175,3
2026-09-02T05:42:39Z,aglantzias,ba,3098,650,373,207
2026-09-02T05:42:39Z,kranidioti,ab,1458,117,105,0
2026-09-02T05:42:39Z,kranidioti,ba,1652,140,117,0
2026-09-02T05:42:39Z,perimetrikos,ab,2510,278,225,0
2026-09-02T05:42:39Z,perimetrikos,ba,2094,180,161,0
2026-09-02T05:42:39Z,hatziiosif,ab,2049,329,196,0
2026-09-02T05:42:39Z,hatziiosif,ba,2912,531,402,0
2026-09-02T05:42:39Z,perikleous,ab,2016,396,273,1
2026-09-02T05:42:39Z,perikleous,ba,2649,485,274,128
2026-09-02T05:42:39Z,avraamidi,ab,1264,221,140,1
2026-09-02T05:42:39Z,avraamidi,ba,1266,199,149,1
2026-09-02T05:42:39Z,athinon,ab,1573,276,205,44
2026-09-02T05:42:39Z,athinon,ba,1040,305,131,100
2026-09-02T05:42:39Z,tasou_markou,ab,544,96,71,0
2026-09-02T05:42:39Z,tasou_markou,ba,492,56,55,0
2026-09-02T05:42:39Z,peiraios,ab,590,131,72,0
2026-09-02T05:42:39Z,peiraios,ba,590,93,64,0
2026-09-02T11:20:28Z,strovolou,ab,5400,634,507,0
2026-09-02T11:20:28Z,strovolou,ba,4712,618,405,0
2026-09-02T11:20:28Z,tseriou,ab,3240,362,285,0
2026-09-02T11:20:28Z,tseriou,ba,3739,512,368,0
2026-09-02T11:20:28Z,prodromou,ab,2418,307,258,0
2026-09-02T11:20:28Z,prodromou,ba,2414,361,302,0
2026-09-02T11:20:28Z,akropoleos,ab,5010,881,465,115
2026-09-02T11:20:28Z,akropoleos,ba,5145,788,481,0
2026-09-02T11:20:28Z,athalassas,ab,3640,573,408,0
2026-09-02T11:20:28Z,athalassas,ba,6269,823,542,0
2026-09-02T11:20:28Z,lemesou,ab,2014,385,213,0
2026-09-02T11:20:28Z,lemesou,ba,2007,333,196,0
2026-09-02T11:20:28Z,sp_kyprianou,ab,6489,848,584,0
2026-09-02T11:20:28Z,sp_kyprianou,ba,6573,863,630,0
2026-09-02T11:20:28Z,archangelou,ab,7265,654,521,0
2026-09-02T11:20:28Z,archangelou,ba,6911,693,592,0
2026-09-02T11:20:28Z,konstantinoup,ab,2628,321,291,0
2026-09-02T11:20:28Z,konstantinoup,ba,2629,341,314,0
2026-09-02T11:20:28Z,stavrou,ab,2187,283,208,0
2026-09-02T11:20:28Z,stavrou,ba,2245,257,208,0
2026-09-02T11:20:28Z,makedonitissas,ab,2904,475,404,0
2026-09-02T11:20:28Z,makedonitissas,ba,2705,326,289,0
2026-09-02T11:20:28Z,armenias,ab,1079,153,120,0
2026-09-02T11:20:28Z,armenias,ba,1079,254,133,0
2026-09-02T11:20:28Z,arch_kyprianou,ab,1652,292,253,0
2026-09-02T11:20:28Z,arch_kyprianou,ba,1726,319,203,0
2026-09-02T11:20:28Z,a1_motorway,ab,10597,351,349,0
2026-09-02T11:20:28Z,a1_motorway,ba,14048,575,558,0
2026-09-02T11:20:28Z,makariou_lakat,ab,6453,671,561,0
2026-09-02T11:20:28Z,makariou_lakat,ba,6901,720,583,0
2026-09-02T11:20:28Z,griva_digeni,ab,4212,605,439,0
2026-09-02T11:20:28Z,griva_digeni,ba,5350,894,684,0
2026-09-02T11:20:28Z,aglantzias,ab,1775,209,175,0
2026-09-02T11:20:28Z,aglantzias,ba,3098,516,373,0
2026-09-02T11:20:28Z,kranidioti,ab,1458,109,105,0
2026-09-02T11:20:28Z,kranidioti,ba,1652,126,117,0
2026-09-02T11:20:28Z,perimetrikos,ab,2510,251,225,0
2026-09-02T11:20:28Z,perimetrikos,ba,2094,186,161,0
2026-09-02T11:20:28Z,hatziiosif,ab,2049,454,196,115
2026-09-02T11:20:28Z,hatziiosif,ba,2045,325,203,0
2026-09-02T11:20:28Z,perikleous,ab,2016,445,273,0
2026-09-02T11:20:28Z,perikleous,ba,2649,374,274,0
2026-09-02T11:20:28Z,avraamidi,ab,1264,212,140,0
2026-09-02T11:20:28Z,avraamidi,ba,1266,225,149,0
2026-09-02T11:20:28Z,athinon,ab,1573,244,205,0
2026-09-02T11:20:28Z,athinon,ba,1040,267,131,0
2026-09-02T11:20:28Z,tasou_markou,ab,544,84,71,0
2026-09-02T11:20:28Z,tasou_markou,ba,492,55,55,0
2026-09-02T11:20:28Z,peiraios,ab,590,111,72,0
2026-09-02T11:20:28Z,peiraios,ba,590,97,64,0
2026-09-03T04:24:24Z,strovolou,ab,5400,1112,507,102
2026-09-03T04:24:24Z,strovolou,ba,4712,500,405,0
2026-09-03T04:24:24Z,tseriou,ab,2555,321,228,0
2026-09-03T04:24:24Z,tseriou,ba,3739,520,368,0
2026-09-03T04:24:24Z,prodromou,ab,2418,366,258,0
2026-09-03T04:24:24Z,prodromou,ba,2414,456,302,0
2026-09-03T04:24:24Z,akropoleos,ab,5010,704,465,0
2026-09-03T04:24:24Z,akropoleos,ba,5145,1160,481,302
2026-09-03T04:24:24Z,athalassas,ab,2793,519,282,0
2026-09-03T04:24:24Z,athalassas,ba,4619,956,562,13
2026-09-03T04:24:24Z,lemesou,ab,2014,327,213,0
2026-09-03T04:24:24Z,lemesou,ba,2007,383,196,0
2026-09-03T04:24:24Z,sp_kyprianou,ab,6489,747,584,0
2026-09-03T04:24:24Z,sp_kyprianou,ba,6573,1340,630,204
2026-09-03T04:24:24Z,archangelou,ab,7265,633,521,0
2026-09-03T04:24:24Z,archangelou,ba,6880,1094,686,0
2026-09-03T04:24:24Z,konstantinoup,ab,2628,324,291,0
2026-09-03T04:24:24Z,konstantinoup,ba,2629,408,314,0
2026-09-03T04:24:24Z,stavrou,ab,2187,253,208,0
2026-09-03T04:24:24Z,stavrou,ba,2245,264,208,0
2026-09-03T04:24:24Z,makedonitissas,ab,2797,500,387,0
2026-09-03T04:24:24Z,makedonitissas,ba,2705,385,289,0
2026-09-03T04:24:24Z,armenias,ab,1079,180,120,0
2026-09-03T04:24:24Z,armenias,ba,1079,218,133,0
2026-09-03T04:24:24Z,arch_kyprianou,ab,1701,285,217,0
2026-09-03T04:24:24Z,arch_kyprianou,ba,1726,583,203,102
2026-09-03T04:24:24Z,a1_motorway,ab,10597,355,349,0
2026-09-03T04:24:24Z,a1_motorway,ba,14048,611,558,0
2026-09-03T04:24:24Z,makariou_lakat,ab,5849,675,517,0
2026-09-03T04:24:24Z,makariou_lakat,ba,6316,777,614,0
2026-09-03T04:24:24Z,griva_digeni,ab,4212,523,439,0
2026-09-03T04:24:24Z,griva_digeni,ba,6184,1125,764,0
2026-09-03T04:24:24Z,aglantzias,ab,1775,318,175,0
2026-09-03T04:24:24Z,aglantzias,ba,3098,534,373,0
2026-09-03T04:24:24Z,kranidioti,ab,1458,124,105,0
2026-09-03T04:24:24Z,kranidioti,ba,1652,139,117,0
2026-09-03T04:24:24Z,perimetrikos,ab,3173,487,388,0
2026-09-03T04:24:24Z,perimetrikos,ba,2094,183,161,0
2026-09-03T04:24:24Z,hatziiosif,ab,2049,303,196,0
2026-09-03T04:24:24Z,hatziiosif,ba,2045,410,203,0
2026-09-03T04:24:24Z,perikleous,ab,2016,396,273,0
2026-09-03T04:24:24Z,perikleous,ba,2649,384,274,0
2026-09-03T04:24:24Z,avraamidi,ab,1264,233,140,0
2026-09-03T04:24:24Z,avraamidi,ba,1266,192,149,0
2026-09-03T04:24:24Z,athinon,ab,1573,258,205,27
2026-09-03T04:24:24Z,athinon,ba,1040,248,131,1
2026-09-03T04:24:24Z,tasou_markou,ab,544,97,71,0
2026-09-03T04:24:24Z,tasou_markou,ba,492,57,55,0
2026-09-03T04:24:24Z,peiraios,ab,590,143,72,0
2026-09-03T04:24:24Z,peiraios,ba,590,93,64,0
2026-09-03T04:45:04Z,strovolou,ab,5400,1261,507,425
2026-09-03T04:45:04Z,strovolou,ba,4712,526,405,0
2026-09-03T04:45:04Z,tseriou,ab,2555,351,228,0
2026-09-03T04:45:04Z,tseriou,ba,3739,549,368,0
2026-09-03T04:45:04Z,prodromou,ab,2418,385,258,0
2026-09-03T04:45:04Z,prodromou,ba,2414,573,302,163
2026-09-03T04:45:04Z,akropoleos,ab,5010,761,465,0
2026-09-03T04:45:04Z,akropoleos,ba,5145,1205,481,249
2026-09-03T04:45:04Z,athalassas,ab,2793,562,282,0
2026-09-03T04:45:04Z,athalassas,ba,4712,960,628,0
2026-09-03T04:45:04Z,lemesou,ab,2014,357,213,0
2026-09-03T04:45:04Z,lemesou,ba,2007,415,196,0
2026-09-03T04:45:04Z,sp_kyprianou,ab,6489,787,584,0
2026-09-03T04:45:04Z,sp_kyprianou,ba,7057,1420,745,134
2026-09-03T04:45:04Z,archangelou,ab,7265,652,521,0
2026-09-03T04:45:04Z,archangelou,ba,8740,1178,854,0
2026-09-03T04:45:04Z,konstantinoup,ab,2628,326,291,0
2026-09-03T04:45:04Z,konstantinoup,ba,2629,419,314,0
2026-09-03T04:45:04Z,stavrou,ab,2187,271,208,0
2026-09-03T04:45:04Z,stavrou,ba,2245,273,208,0
2026-09-03T04:45:04Z,makedonitissas,ab,2904,522,404,0
2026-09-03T04:45:04Z,makedonitissas,ba,2705,396,289,0
2026-09-03T04:45:04Z,armenias,ab,1079,190,120,0
2026-09-03T04:45:04Z,armenias,ba,1079,240,133,0
2026-09-03T04:45:04Z,arch_kyprianou,ab,1701,303,217,0
2026-09-03T04:45:04Z,arch_kyprianou,ba,2260,659,310,0
2026-09-03T04:45:04Z,a1_motorway,ab,10597,353,349,0
2026-09-03T04:45:04Z,a1_motorway,ba,14048,617,558,0
2026-09-03T04:45:04Z,makariou_lakat,ab,5849,717,517,0
2026-09-03T04:45:04Z,makariou_lakat,ba,6316,804,614,0
2026-09-03T04:45:04Z,griva_digeni,ab,4212,559,439,0
2026-09-03T04:45:04Z,griva_digeni,ba,6145,1175,824,0
2026-09-03T04:45:04Z,aglantzias,ab,1775,349,175,0
2026-09-03T04:45:04Z,aglantzias,ba,3098,564,373,0
2026-09-03T04:45:04Z,kranidioti,ab,1458,128,105,0
2026-09-03T04:45:04Z,kranidioti,ba,1652,146,117,0
2026-09-03T04:45:04Z,perimetrikos,ab,2510,511,225,245
2026-09-03T04:45:04Z,perimetrikos,ba,2094,186,161,0
2026-09-03T04:45:04Z,hatziiosif,ab,2049,334,196,0
2026-09-03T04:45:04Z,hatziiosif,ba,2045,437,203,0
2026-09-03T04:45:04Z,perikleous,ab,2016,419,273,0
2026-09-03T04:45:04Z,perikleous,ba,2649,403,274,0
2026-09-03T04:45:04Z,avraamidi,ab,1264,244,140,0
2026-09-03T04:45:04Z,avraamidi,ba,1266,200,149,0
2026-09-03T04:45:04Z,athinon,ab,1573,278,205,37
2026-09-03T04:45:04Z,athinon,ba,1040,275,131,1
2026-09-03T04:45:04Z,tasou_markou,ab,544,100,71,0
2026-09-03T04:45:04Z,tasou_markou,ba,492,57,55,0
2026-09-03T04:45:04Z,peiraios,ab,590,151,72,0
2026-09-03T04:45:04Z,peiraios,ba,590,97,64,0
2026-09-03T05:05:42Z,strovolou,ab,6338,1177,678,0
2026-09-03T05:05:42Z,strovolou,ba,4712,526,405,0
2026-09-03T05:05:42Z,tseriou,ab,2555,361,228,0
2026-09-03T05:05:42Z,tseriou,ba,3739,539,368,0
2026-09-03T05:05:42Z,prodromou,ab,2418,376,258,0
2026-09-03T05:05:42Z,prodromou,ba,2414,525,302,131
2026-09-03T05:05:42Z,akropoleos,ab,5010,801,465,126
2026-09-03T05:05:42Z,akropoleos,ba,5145,1081,481,152
2026-09-03T05:05:42Z,athalassas,ab,2793,547,282,0
2026-09-03T05:05:42Z,athalassas,ba,4619,982,562,0
2026-09-03T05:05:42Z,lemesou,ab,2014,349,213,0
2026-09-03T05:05:42Z,lemesou,ba,2007,450,196,151
2026-09-03T05:05:42Z,sp_kyprianou,ab,6489,779,584,0
2026-09-03T05:05:42Z,sp_kyprianou,ba,8383,1378,948,0
2026-09-03T05:05:42Z,archangelou,ab,7265,642,521,0
2026-09-03T05:05:42Z,archangelou,ba,6880,1082,686,0
2026-09-03T05:05:42Z,konstantinoup,ab,2628,317,291,0
2026-09-03T05:05:42Z,konstantinoup,ba,2629,402,314,0
2026-09-03T05:05:42Z,stavrou,ab,2187,274,208,0
2026-09-03T05:05:42Z,stavrou,ba,2245,267,208,0
2026-09-03T05:05:42Z,makedonitissas,ab,2904,505,404,0
2026-09-03T05:05:42Z,makedonitissas,ba,2705,380,289,0
2026-09-03T05:05:42Z,armenias,ab,1079,186,120,0
2026-09-03T05:05:42Z,armenias,ba,1079,242,133,0
2026-09-03T05:05:42Z,arch_kyprianou,ab,1777,305,215,0
2026-09-03T05:05:42Z,arch_kyprianou,ba,2260,594,310,0
2026-09-03T05:05:42Z,a1_motorway,ab,10597,351,349,0
2026-09-03T05:05:42Z,a1_motorway,ba,14048,692,558,85
2026-09-03T05:05:42Z,makariou_lakat,ab,5849,708,517,0
2026-09-03T05:05:42Z,makariou_lakat,ba,6316,783,614,0
2026-09-03T05:05:42Z,griva_digeni,ab,4212,564,439,0
2026-09-03T05:05:42Z,griva_digeni,ba,6145,1142,824,0
2026-09-03T05:05:42Z,aglantzias,ab,1775,589,175,377
2026-09-03T05:05:42Z,aglantzias,ba,3098,608,373,148
2026-09-03T05:05:42Z,kranidioti,ab,1458,125,105,0
2026-09-03T05:05:42Z,kranidioti,ba,1652,146,117,0
2026-09-03T05:05:42Z,perimetrikos,ab,2510,546,225,285
2026-09-03T05:05:42Z,perimetrikos,ba,2094,186,161,0
2026-09-03T05:05:42Z,hatziiosif,ab,2049,390,196,126
2026-09-03T05:05:42Z,hatziiosif,ba,2045,517,203,152
2026-09-03T05:05:42Z,perikleous,ab,2016,417,273,0
2026-09-03T05:05:42Z,perikleous,ba,2649,393,274,0
2026-09-03T05:05:42Z,avraamidi,ab,1264,233,140,0
2026-09-03T05:05:42Z,avraamidi,ba,1266,198,149,0
2026-09-03T05:05:42Z,athinon,ab,1573,278,205,37
2026-09-03T05:05:42Z,athinon,ba,1040,273,131,1
2026-09-03T05:05:42Z,tasou_markou,ab,544,101,71,0
2026-09-03T05:05:42Z,tasou_markou,ba,492,56,55,0
2026-09-03T05:05:42Z,peiraios,ab,590,147,72,0
2026-09-03T05:05:42Z,peiraios,ba,590,97,64,0
2026-09-03T05:26:20Z,strovolou,ab,6338,1086,678,0
2026-09-03T05:26:20Z,strovolou,ba,4712,527,405,0
2026-09-03T05:26:20Z,tseriou,ab,2555,367,228,0
2026-09-03T05:26:20Z,tseriou,ba,3739,572,368,108
2026-09-03T05:26:20Z,prodromou,ab,2418,368,258,0
2026-09-03T05:26:20Z,prodromou,ba,2414,450,302,0
2026-09-03T05:26:20Z,akropoleos,ab,5010,782,465,106
2026-09-03T05:26:20Z,akropoleos,ba,5145,1190,481,457
2026-09-03T05:26:20Z,athalassas,ab,2793,542,282,0
2026-09-03T05:26:20Z,athalassas,ba,4712,956,628,150
2026-09-03T05:26:20Z,lemesou,ab,2014,343,213,0
2026-09-03T05:26:20Z,lemesou,ba,2355,508,284,22
2026-09-03T05:26:20Z,sp_kyprianou,ab,6489,776,584,0
2026-09-03T05:26:20Z,sp_kyprianou,ba,6573,1259,630,236
2026-09-03T05:26:20Z,archangelou,ab,7265,634,521,0
2026-09-03T05:26:20Z,archangelou,ba,6911,998,592,162
2026-09-03T05:26:20Z,konstantinoup,ab,2628,314,291,0
2026-09-03T05:26:20Z,konstantinoup,ba,2629,391,314,0
2026-09-03T05:26:20Z,stavrou,ab,2187,274,208,0
2026-09-03T05:26:20Z,stavrou,ba,2245,263,208,0
2026-09-03T05:26:20Z,makedonitissas,ab,2904,491,404,0
2026-09-03T05:26:20Z,makedonitissas,ba,2705,365,289,0
2026-09-03T05:26:20Z,armenias,ab,1079,180,120,0
2026-09-03T05:26:20Z,armenias,ba,1079,242,133,0
2026-09-03T05:26:20Z,arch_kyprianou,ab,1701,296,217,0
2026-09-03T05:26:20Z,arch_kyprianou,ba,2260,534,310,0
2026-09-03T05:26:20Z,a1_motorway,ab,10597,351,349,0
2026-09-03T05:26:20Z,a1_motorway,ba,14048,602,558,0
2026-09-03T05:26:20Z,makariou_lakat,ab,5849,699,517,0
2026-09-03T05:26:20Z,makariou_lakat,ba,6316,776,614,0
2026-09-03T05:26:20Z,griva_digeni,ab,4212,566,439,0
2026-09-03T05:26:20Z,griva_digeni,ba,5350,1038,684,0
2026-09-03T05:26:20Z,aglantzias,ab,1775,318,175,3
2026-09-03T05:26:20Z,aglantzias,ba,3098,616,373,169
2026-09-03T05:26:20Z,kranidioti,ab,1458,123,105,0
2026-09-03T05:26:20Z,kranidioti,ba,1652,142,117,0
2026-09-03T05:26:20Z,perimetrikos,ab,2510,292,225,0
2026-09-03T05:26:20Z,perimetrikos,ba,2094,186,161,0
2026-09-03T05:26:20Z,hatziiosif,ab,2049,376,196,106
2026-09-03T05:26:20Z,hatziiosif,ba,2045,398,203,0
2026-09-03T05:26:20Z,perikleous,ab,2016,419,273,0
2026-09-03T05:26:20Z,perikleous,ba,2649,389,274,0
2026-09-03T05:26:20Z,avraamidi,ab,1293,290,193,0
2026-09-03T05:26:20Z,avraamidi,ba,1266,202,149,0
2026-09-03T05:26:20Z,athinon,ab,1573,273,205,31
2026-09-03T05:26:20Z,athinon,ba,1040,317,131,109
2026-09-03T05:26:20Z,tasou_markou,ab,544,100,71,0
2026-09-03T05:26:20Z,tasou_markou,ba,492,56,55,0
2026-09-03T05:26:20Z,peiraios,ab,590,141,72,0
2026-09-03T05:26:20Z,peiraios,ba,590,97,64,0
2026-09-03T05:46:59Z,strovolou,ab,6338,1002,678,0
2026-09-03T05:46:59Z,strovolou,ba,4712,520,405,0
2026-09-03T05:46:59Z,tseriou,ab,2555,367,228,0
2026-09-03T05:46:59Z,tseriou,ba,3739,519,368,0
2026-09-03T05:46:59Z,prodromou,ab,2418,350,258,0
2026-09-03T05:46:59Z,prodromou,ba,2414,427,302,0
2026-09-03T05:46:59Z,akropoleos,ab,5010,726,465,0
2026-09-03T05:46:59Z,akropoleos,ba,5145,1042,481,287
2026-09-03T05:46:59Z,athalassas,ab,2793,524,282,0
2026-09-03T05:46:59Z,athalassas,ba,4712,914,628,117
2026-09-03T05:46:59Z,lemesou,ab,2014,328,213,0
2026-09-03T05:46:59Z,lemesou,ba,2007,460,196,194
2026-09-03T05:46:59Z,sp_kyprianou,ab,6489,760,584,0
2026-09-03T05:46:59Z,sp_kyprianou,ba,6573,1033,630,0
2026-09-03T05:46:59Z,archangelou,ab,7265,626,521,0
2026-09-03T05:46:59Z,archangelou,ba,6911,843,592,0
2026-09-03T05:46:59Z,konstantinoup,ab,2628,313,291,0
2026-09-03T05:46:59Z,konstantinoup,ba,2629,374,314,0
2026-09-03T05:46:59Z,stavrou,ab,2187,267,208,0
2026-09-03T05:46:59Z,stavrou,ba,2245,257,208,0
2026-09-03T05:46:59Z,makedonitissas,ab,2904,474,404,0
2026-09-03T05:46:59Z,makedonitissas,ba,2705,349,289,0
2026-09-03T05:46:59Z,armenias,ab,1079,173,120,0
2026-09-03T05:46:59Z,armenias,ba,1079,235,133,0
2026-09-03T05:46:59Z,arch_kyprianou,ab,1701,303,217,20
2026-09-03T05:46:59Z,arch_kyprianou,ba,2447,522,363,0
2026-09-03T05:46:59Z,a1_motorway,ab,10597,351,349,0
2026-09-03T05:46:59Z,a1_motorway,ba,14048,592,558,0
2026-09-03T05:46:59Z,makariou_lakat,ab,5849,679,517,0
2026-09-03T05:46:59Z,makariou_lakat,ba,6316,760,614,0
2026-09-03T05:46:59Z,griva_digeni,ab,4212,562,439,0
2026-09-03T05:46:59Z,griva_digeni,ba,5350,996,684,0
2026-09-03T05:46:59Z,aglantzias,ab,1775,291,175,3
2026-09-03T05:46:59Z,aglantzias,ba,3098,612,373,169
2026-09-03T05:46:59Z,kranidioti,ab,1458,120,105,0
2026-09-03T05:46:59Z,kranidioti,ba,1652,138,117,0
2026-09-03T05:46:59Z,perimetrikos,ab,2510,276,225,0
2026-09-03T05:46:59Z,perimetrikos,ba,2094,184,161,0
2026-09-03T05:46:59Z,hatziiosif,ab,2049,331,196,0
2026-09-03T05:46:59Z,hatziiosif,ba,2381,461,311,46
2026-09-03T05:46:59Z,perikleous,ab,2016,418,273,2
2026-09-03T05:46:59Z,perikleous,ba,2649,411,274,48
2026-09-03T05:46:59Z,avraamidi,ab,1264,222,140,2
2026-09-03T05:46:59Z,avraamidi,ba,1266,204,149,2
2026-09-03T05:46:59Z,athinon,ab,1573,262,205,23
2026-09-03T05:46:59Z,athinon,ba,1040,269,131,1
2026-09-03T05:46:59Z,tasou_markou,ab,544,94,71,0
2026-09-03T05:46:59Z,tasou_markou,ba,492,56,55,0
2026-09-03T05:46:59Z,peiraios,ab,590,130,72,0
2026-09-03T05:46:59Z,peiraios,ba,590,97,64,0
2026-09-03T11:06:24Z,strovolou,ab,5400,633,507,0
2026-09-03T11:06:24Z,strovolou,ba,4712,592,405,0
2026-09-03T11:06:24Z,tseriou,ab,3240,360,285,0
2026-09-03T11:06:24Z,tseriou,ba,3739,497,368,0
2026-09-03T11:06:24Z,prodromou,ab,2418,314,258,0
2026-09-03T11:06:24Z,prodromou,ba,2414,366,302,0
2026-09-03T11:06:24Z,akropoleos,ab,8641,895,615,0
2026-09-03T11:06:24Z,akropoleos,ba,5145,776,481,0
2026-09-03T11:06:24Z,athalassas,ab,3640,559,408,0
2026-09-03T11:06:24Z,athalassas,ba,7097,814,568,0
2026-09-03T11:06:24Z,lemesou,ab,2014,366,213,0
2026-09-03T11:06:24Z,lemesou,ba,2355,404,284,0
2026-09-03T11:06:24Z,sp_kyprianou,ab,6489,820,584,0
2026-09-03T11:06:24Z,sp_kyprianou,ba,6573,851,630,0
2026-09-03T11:06:24Z,archangelou,ab,7265,642,521,0
2026-09-03T11:06:24Z,archangelou,ba,6911,688,592,0
2026-09-03T11:06:24Z,konstantinoup,ab,2628,311,291,0
2026-09-03T11:06:24Z,konstantinoup,ba,2629,344,314,0
2026-09-03T11:06:24Z,stavrou,ab,2187,290,208,0
2026-09-03T11:06:24Z,stavrou,ba,2245,257,208,0
2026-09-03T11:06:24Z,makedonitissas,ab,2904,468,404,0
2026-09-03T11:06:24Z,makedonitissas,ba,2705,321,289,0
2026-09-03T11:06:24Z,armenias,ab,1079,152,120,0
2026-09-03T11:06:24Z,armenias,ba,1079,248,133,0
2026-09-03T11:06:24Z,arch_kyprianou,ab,1652,295,253,0
2026-09-03T11:06:24Z,arch_kyprianou,ba,1726,320,203,0
2026-09-03T11:06:24Z,a1_motorway,ab,10597,351,349,0
2026-09-03T11:06:24Z,a1_motorway,ba,14048,577,558,0
2026-09-03T11:06:24Z,makariou_lakat,ab,5849,659,517,0
2026-09-03T11:06:24Z,makariou_lakat,ba,6901,718,583,0
2026-09-03T11:06:24Z,griva_digeni,ab,4212,600,439,0
2026-09-03T11:06:24Z,griva_digeni,ba,5350,904,684,0
2026-09-03T11:06:24Z,aglantzias,ab,1775,211,175,0
2026-09-03T11:06:24Z,aglantzias,ba,4471,671,491,0
2026-09-03T11:06:24Z,kranidioti,ab,1458,111,105,0
2026-09-03T11:06:24Z,kranidioti,ba,1652,122,117,0
2026-09-03T11:06:24Z,perimetrikos,ab,2510,249,225,0
2026-09-03T11:06:24Z,perimetrikos,ba,2094,184,161,0
2026-09-03T11:06:24Z,hatziiosif,ab,2049,615,196,341
2026-09-03T11:06:24Z,hatziiosif,ba,2045,323,203,0
2026-09-03T11:06:24Z,perikleous,ab,2016,438,273,0
2026-09-03T11:06:24Z,perikleous,ba,2649,376,274,0
2026-09-03T11:06:24Z,avraamidi,ab,1264,199,140,0
2026-09-03T11:06:24Z,avraamidi,ba,1266,214,149,0
2026-09-03T11:06:24Z,athinon,ab,1573,243,205,0
2026-09-03T11:06:24Z,athinon,ba,1040,253,131,0
2026-09-03T11:06:24Z,tasou_markou,ab,544,83,71,0
2026-09-03T11:06:24Z,tasou_markou,ba,492,54,55,0
2026-09-03T11:06:24Z,peiraios,ab,590,112,72,0
2026-09-03T11:06:24Z,peiraios,ba,590,104,64,0
2026-09-03T11:27:04Z,strovolou,ab,5400,639,507,0
2026-09-03T11:27:04Z,strovolou,ba,4712,621,405,0
2026-09-03T11:27:04Z,tseriou,ab,3240,364,285,0
2026-09-03T11:27:04Z,tseriou,ba,3739,506,368,0
2026-09-03T11:27:04Z,prodromou,ab,2418,316,258,0
2026-09-03T11:27:04Z,prodromou,ba,2414,369,302,0
2026-09-03T11:27:04Z,akropoleos,ab,8641,929,615,0
2026-09-03T11:27:04Z,akropoleos,ba,5145,794,481,0
2026-09-03T11:27:04Z,athalassas,ab,2793,575,282,0
2026-09-03T11:27:04Z,athalassas,ba,6269,830,542,0
2026-09-03T11:27:04Z,lemesou,ab,2014,391,213,0
2026-09-03T11:27:04Z,lemesou,ba,2007,331,196,0
2026-09-03T11:27:04Z,sp_kyprianou,ab,6489,853,584,0
2026-09-03T11:27:04Z,sp_kyprianou,ba,6573,859,630,0
2026-09-03T11:27:04Z,archangelou,ab,7265,656,521,0
2026-09-03T11:27:04Z,archangelou,ba,6911,694,592,0
2026-09-03T11:27:04Z,konstantinoup,ab,2628,313,291,0
2026-09-03T11:27:04Z,konstantinoup,ba,2629,347,314,0
2026-09-03T11:27:04Z,stavrou,ab,2187,300,208,0
2026-09-03T11:27:04Z,stavrou,ba,2245,260,208,0
2026-09-03T11:27:04Z,makedonitissas,ab,2904,485,404,0
2026-09-03T11:27:04Z,makedonitissas,ba,2705,325,289,0
2026-09-03T11:27:04Z,armenias,ab,1079,153,120,0
2026-09-03T11:27:04Z,armenias,ba,1079,255,133,0
2026-09-03T11:27:04Z,arch_kyprianou,ab,1652,297,253,0
2026-09-03T11:27:04Z,arch_kyprianou,ba,1726,326,203,0
2026-09-03T11:27:04Z,a1_motorway,ab,10597,351,349,0
2026-09-03T11:27:04Z,a1_motorway,ba,14048,577,558,0
2026-09-03T11:27:04Z,makariou_lakat,ab,5849,669,517,0
2026-09-03T11:27:04Z,makariou_lakat,ba,6901,726,583,0
2026-09-03T11:27:04Z,griva_digeni,ab,4212,613,439,0
2026-09-03T11:27:04Z,griva_digeni,ba,5350,912,684,0
2026-09-03T11:27:04Z,aglantzias,ab,1775,214,175,0
2026-09-03T11:27:04Z,aglantzias,ba,3098,514,373,0
2026-09-03T11:27:04Z,kranidioti,ab,1458,112,105,0
2026-09-03T11:27:04Z,kranidioti,ba,1652,123,117,0
2026-09-03T11:27:04Z,perimetrikos,ab,2510,251,225,0
2026-09-03T11:27:04Z,perimetrikos,ba,2094,187,161,0
2026-09-03T11:27:04Z,hatziiosif,ab,2049,573,196,279
2026-09-03T11:27:04Z,hatziiosif,ba,2045,327,203,0
2026-09-03T11:27:04Z,perikleous,ab,2016,442,273,0
2026-09-03T11:27:04Z,perikleous,ba,2649,380,274,0
2026-09-03T11:27:04Z,avraamidi,ab,1264,200,140,0
2026-09-03T11:27:04Z,avraamidi,ba,1266,217,149,0
2026-09-03T11:27:04Z,athinon,ab,1573,246,205,0
2026-09-03T11:27:04Z,athinon,ba,1040,259,131,0
2026-09-03T11:27:04Z,tasou_markou,ab,544,83,71,0
2026-09-03T11:27:04Z,tasou_markou,ba,492,54,55,0
2026-09-03T11:27:04Z,peiraios,ab,590,115,72,0
2026-09-03T11:27:04Z,peiraios,ba,590,109,64,0
2026-09-04T04:21:13Z,strovolou,ab,5400,1158,507,399
2026-09-04T04:21:13Z,strovolou,ba,4712,509,405,8
2026-09-04T04:21:13Z,tseriou,ab,2555,321,228,0
2026-09-04T04:21:13Z,tseriou,ba,3739,509,368,0
2026-09-04T04:21:13Z,prodromou,ab,2418,351,258,0
2026-09-04T04:21:13Z,prodromou,ba,2414,425,302,0
2026-09-04T04:21:13Z,akropoleos,ab,5010,699,465,0
2026-09-04T04:21:13Z,akropoleos,ba,5145,1177,481,426
2026-09-04T04:21:13Z,athalassas,ab,2793,462,282,0
2026-09-04T04:21:13Z,athalassas,ba,4619,895,562,54
2026-09-04T04:21:13Z,lemesou,ab,2014,312,213,0
2026-09-04T04:21:13Z,lemesou,ba,2007,373,196,0
2026-09-04T04:21:13Z,sp_kyprianou,ab,6489,755,584,0
2026-09-04T04:21:13Z,sp_kyprianou,ba,6573,1233,630,167
2026-09-04T04:21:13Z,archangelou,ab,7265,630,521,0
2026-09-04T04:21:13Z,archangelou,ba,7441,1096,671,167
2026-09-04T04:21:13Z,konstantinoup,ab,2628,324,291,0
2026-09-04T04:21:13Z,konstantinoup,ba,2629,386,314,0
2026-09-04T04:21:13Z,stavrou,ab,2187,257,208,0
2026-09-04T04:21:13Z,stavrou,ba,2245,276,208,0
2026-09-04T04:21:13Z,makedonitissas,ab,2904,503,404,0
2026-09-04T04:21:13Z,makedonitissas,ba,2705,358,289,0
2026-09-04T04:21:13Z,armenias,ab,1079,177,120,0
2026-09-04T04:21:13Z,armenias,ba,1079,212,133,0
2026-09-04T04:21:13Z,arch_kyprianou,ab,1701,284,217,0
2026-09-04T04:21:13Z,arch_kyprianou,ba,1726,628,203,253
2026-09-04T04:21:13Z,a1_motorway,ab,10597,355,349,0
2026-09-04T04:21:13Z,a1_motorway,ba,14048,597,558,0
2026-09-04T04:21:13Z,makariou_lakat,ab,5849,663,517,0
2026-09-04T04:21:13Z,makariou_lakat,ba,6316,767,614,0
2026-09-04T04:21:13Z,griva_digeni,ab,4212,520,439,0
2026-09-04T04:21:13Z,griva_digeni,ba,5350,1037,684,0
2026-09-04T04:21:13Z,aglantzias,ab,1775,296,175,0
2026-09-04T04:21:13Z,aglantzias,ba,3098,526,373,0
2026-09-04T04:21:13Z,kranidioti,ab,1458,118,105,0
2026-09-04T04:21:13Z,kranidioti,ba,1652,138,117,0
2026-09-04T04:21:13Z,perimetrikos,ab,2510,509,225,248
2026-09-04T04:21:13Z,perimetrikos,ba,2094,179,161,0
2026-09-04T04:21:13Z,hatziiosif,ab,2049,304,196,0
2026-09-04T04:21:13Z,hatziiosif,ba,2045,371,203,0
2026-09-04T04:21:13Z,perikleous,ab,2016,372,273,0
2026-09-04T04:21:13Z,perikleous,ba,2649,380,274,0
2026-09-04T04:21:13Z,avraamidi,ab,1264,209,140,0
2026-09-04T04:21:13Z,avraamidi,ba,1266,184,149,0
2026-09-04T04:21:13Z,athinon,ab,1573,259,205,31
2026-09-04T04:21:13Z,athinon,ba,1040,239,131,1
2026-09-04T04:21:13Z,tasou_markou,ab,544,96,71,0
2026-09-04T04:21:13Z,tasou_markou,ba,492,57,55,0
2026-09-04T04:21:13Z,peiraios,ab,590,131,72,0
2026-09-04T04:21:13Z,peiraios,ba,590,93,64,0
2026-09-04T04:41:56Z,strovolou,ab,5400,1428,507,785
2026-09-04T04:41:56Z,strovolou,ba,4712,538,405,12
2026-09-04T04:41:56Z,tseriou,ab,2555,347,228,0
2026-09-04T04:41:56Z,tseriou,ba,3739,531,368,0
2026-09-04T04:41:56Z,prodromou,ab,2418,369,258,0
2026-09-04T04:41:56Z,prodromou,ba,2414,450,302,0
2026-09-04T04:41:56Z,akropoleos,ab,8641,855,615,0
2026-09-04T04:41:56Z,akropoleos,ba,5823,1227,571,372
2026-09-04T04:41:56Z,athalassas,ab,2793,501,282,0
2026-09-04T04:41:56Z,athalassas,ba,4712,971,628,177
2026-09-04T04:41:56Z,lemesou,ab,2014,334,213,0
2026-09-04T04:41:56Z,lemesou,ba,2007,397,196,0
2026-09-04T04:41:56Z,sp_kyprianou,ab,6489,798,584,0
2026-09-04T04:41:56Z,sp_kyprianou,ba,6573,1355,630,329
2026-09-04T04:41:56Z,archangelou,ab,7265,649,521,0
2026-09-04T04:41:56Z,archangelou,ba,7441,1161,671,227
2026-09-04T04:41:56Z,konstantinoup,ab,2628,328,291,0
2026-09-04T04:41:56Z,konstantinoup,ba,2629,393,314,0
2026-09-04T04:41:56Z,stavrou,ab,2187,277,208,0
2026-09-04T04:41:56Z,stavrou,ba,2245,289,208,0
2026-09-04T04:41:56Z,makedonitissas,ab,2904,520,404,0
2026-09-04T04:41:56Z,makedonitissas,ba,2705,445,289,88
2026-09-04T04:41:56Z,armenias,ab,1079,184,120,0
2026-09-04T04:41:56Z,armenias,ba,1079,226,133,0
2026-09-04T04:41:56Z,arch_kyprianou,ab,1777,312,215,0
2026-09-04T04:41:56Z,arch_kyprianou,ba,2660,694,406,121
2026-09-04T04:41:56Z,a1_motorway,ab,10597,351,349,0
2026-09-04T04:41:56Z,a1_motorway,ba,14048,641,558,35
2026-09-04T04:41:56Z,makariou_lakat,ab,5849,700,517,0
2026-09-04T04:41:56Z,makariou_lakat,ba,6480,935,709,8
2026-09-04T04:41:56Z,griva_digeni,ab,4212,553,439,0
2026-09-04T04:41:56Z,griva_digeni,ba,5350,1134,684,102
2026-09-04T04:41:56Z,aglantzias,ab,1775,316,175,0
2026-09-04T04:41:56Z,aglantzias,ba,3098,553,373,0
2026-09-04T04:41:56Z,kranidioti,ab,1458,120,105,0
2026-09-04T04:41:56Z,kranidioti,ba,1652,147,117,0
2026-09-04T04:41:56Z,perimetrikos,ab,3173,471,388,0
2026-09-04T04:41:56Z,perimetrikos,ba,2094,183,161,0
2026-09-04T04:41:56Z,hatziiosif,ab,4136,516,332,0
2026-09-04T04:41:56Z,hatziiosif,ba,2045,386,203,0
2026-09-04T04:41:56Z,perikleous,ab,2016,400,273,0
2026-09-04T04:41:56Z,perikleous,ba,2649,398,274,0
2026-09-04T04:41:56Z,avraamidi,ab,1264,217,140,0
2026-09-04T04:41:56Z,avraamidi,ba,1266,194,149,0
2026-09-04T04:41:56Z,athinon,ab,1573,275,205,37
2026-09-04T04:41:56Z,athinon,ba,1040,260,131,1
2026-09-04T04:41:56Z,tasou_markou,ab,544,101,71,0
2026-09-04T04:41:56Z,tasou_markou,ba,492,57,55,0
2026-09-04T04:41:56Z,peiraios,ab,590,140,72,0
2026-09-04T04:41:56Z,peiraios,ba,590,98,64,0
2026-09-04T05:02:42Z,strovolou,ab,7418,1209,771,6
2026-09-04T05:02:42Z,strovolou,ba,4712,538,405,9
2026-09-04T05:02:42Z,tseriou,ab,2555,354,228,0
2026-09-04T05:02:42Z,tseriou,ba,3739,529,368,0
2026-09-04T05:02:42Z,prodromou,ab,2418,372,258,0
2026-09-04T05:02:42Z,prodromou,ba,2414,518,302,136
2026-09-04T05:02:42Z,akropoleos,ab,8641,855,615,0
2026-09-04T05:02:42Z,akropoleos,ba,5145,1130,481,400
2026-09-04T05:02:42Z,athalassas,ab,2793,507,282,0
2026-09-04T05:02:42Z,athalassas,ba,4712,953,628,133
2026-09-04T05:02:42Z,lemesou,ab,2014,337,213,0
2026-09-04T05:02:42Z,lemesou,ba,2007,392,196,0
2026-09-04T05:02:42Z,sp_kyprianou,ab,7006,872,664,0
2026-09-04T05:02:42Z,sp_kyprianou,ba,6573,1494,630,558
2026-09-04T05:02:42Z,archangelou,ab,7265,644,521,0
2026-09-04T05:02:42Z,archangelou,ba,6742,1062,668,0
2026-09-04T05:02:42Z,konstantinoup,ab,2628,321,291,0
2026-09-04T05:02:42Z,konstantinoup,ba,2629,383,314,0
2026-09-04T05:02:42Z,stavrou,ab,2187,281,208,0
2026-09-04T05:02:42Z,stavrou,ba,2245,288,208,0
2026-09-04T05:02:42Z,makedonitissas,ab,2904,508,404,0
2026-09-04T05:02:42Z,makedonitissas,ba,2705,363,289,0
2026-09-04T05:02:42Z,armenias,ab,1079,181,120,0
2026-09-04T05:02:42Z,armenias,ba,1079,230,133,0
2026-09-04T05:02:42Z,arch_kyprianou,ab,1701,298,217,0
2026-09-04T05:02:42Z,arch_kyprianou,ba,1726,664,203,359
2026-09-04T05:02:42Z,a1_motorway,ab,10597,351,349,0
2026-09-04T05:02:42Z,a1_motorway,ba,14048,594,558,0
2026-09-04T05:02:42Z,makariou_lakat,ab,5849,697,517,0
2026-09-04T05:02:42Z,makariou_lakat,ba,6480,947,709,7
2026-09-04T05:02:42Z,griva_digeni,ab,4756,751,532,0
2026-09-04T05:02:42Z,griva_digeni,ba,5350,1109,684,125
2026-09-04T05:02:42Z,aglantzias,ab,1775,307,175,0
2026-09-04T05:02:42Z,aglantzias,ba,3098,556,373,0
2026-09-04T05:02:42Z,kranidioti,ab,1458,119,105,0
2026-09-04T05:02:42Z,kranidioti,ba,1652,149,117,0
2026-09-04T05:02:42Z,perimetrikos,ab,3173,483,388,28
2026-09-04T05:02:42Z,perimetrikos,ba,2094,181,161,0
2026-09-04T05:02:42Z,hatziiosif,ab,2049,539,196,281
2026-09-04T05:02:42Z,hatziiosif,ba,2045,447,203,111
2026-09-04T05:02:42Z,perikleous,ab,2016,403,273,0
2026-09-04T05:02:42Z,perikleous,ba,2649,395,274,0
2026-09-04T05:02:42Z,avraamidi,ab,1264,220,140,0
2026-09-04T05:02:42Z,avraamidi,ba,1266,203,149,0
2026-09-04T05:02:42Z,athinon,ab,1573,271,205,27
2026-09-04T05:02:42Z,athinon,ba,1040,268,131,1
2026-09-04T05:02:42Z,tasou_markou,ab,544,101,71,0
2026-09-04T05:02:42Z,tasou_markou,ba,492,56,55,0
2026-09-04T05:02:42Z,peiraios,ab,590,138,72,0
2026-09-04T05:02:42Z,peiraios,ba,590,99,64,0
2026-09-04T05:23:27Z,strovolou,ab,5400,1085,507,440
2026-09-04T05:23:27Z,strovolou,ba,4712,532,405,0
2026-09-04T05:23:27Z,tseriou,ab,2555,361,228,0
2026-09-04T05:23:27Z,tseriou,ba,3739,527,368,0
2026-09-04T05:23:27Z,prodromou,ab,2418,355,258,0
2026-09-04T05:23:27Z,prodromou,ba,3748,577,416,0
2026-09-04T05:23:27Z,akropoleos,ab,5010,852,465,190
2026-09-04T05:23:27Z,akropoleos,ba,5145,1136,481,317
2026-09-04T05:23:27Z,athalassas,ab,2793,508,282,0
2026-09-04T05:23:27Z,athalassas,ba,4619,948,562,151
2026-09-04T05:23:27Z,lemesou,ab,2014,335,213,0
2026-09-04T05:23:27Z,lemesou,ba,2388,527,301,86
2026-09-04T05:23:27Z,sp_kyprianou,ab,6489,846,584,92
2026-09-04T05:23:27Z,sp_kyprianou,ba,7669,1267,797,140
2026-09-04T05:23:27Z,archangelou,ab,7265,637,521,0
2026-09-04T05:23:27Z,archangelou,ba,6911,972,592,140
2026-09-04T05:23:27Z,konstantinoup,ab,2628,318,291,0
2026-09-04T05:23:27Z,konstantinoup,ba,2629,374,314,0
2026-09-04T05:23:27Z,stavrou,ab,2187,282,208,0
2026-09-04T05:23:27Z,stavrou,ba,2245,282,208,0
2026-09-04T05:23:27Z,makedonitissas,ab,2904,499,404,0
2026-09-04T05:23:27Z,makedonitissas,ba,2705,346,289,0
2026-09-04T05:23:27Z,armenias,ab,1079,177,120,0
2026-09-04T05:23:27Z,armenias,ba,1079,231,133,0
2026-09-04T05:23:27Z,arch_kyprianou,ab,1701,295,217,0
2026-09-04T05:23:27Z,arch_kyprianou,ba,2260,636,310,202
2026-09-04T05:23:27Z,a1_motorway,ab,10597,352,349,0
2026-09-04T05:23:27Z,a1_motorway,ba,14048,590,558,0
2026-09-04T05:23:27Z,makariou_lakat,ab,5849,693,517,0
2026-09-04T05:23:27Z,makariou_lakat,ba,6480,911,709,0
2026-09-04T05:23:27Z,griva_digeni,ab,4212,630,439,92
2026-09-04T05:23:27Z,griva_digeni,ba,6075,1105,755,0
2026-09-04T05:23:27Z,aglantzias,ab,1775,290,175,2
2026-09-04T05:23:27Z,aglantzias,ba,3098,587,373,141
2026-09-04T05:23:27Z,kranidioti,ab,1458,118,105,0
2026-09-04T05:23:27Z,kranidioti,ba,1652,146,117,0
2026-09-04T05:23:27Z,perimetrikos,ab,2510,282,225,0
2026-09-04T05:23:27Z,perimetrikos,ba,2094,181,161,0
2026-09-04T05:23:27Z,hatziiosif,ab,2049,453,196,190
2026-09-04T05:23:27Z,hatziiosif,ba,2045,373,203,0
2026-09-04T05:23:27Z,perikleous,ab,2238,433,233,0
2026-09-04T05:23:27Z,perikleous,ba,2649,393,274,0
2026-09-04T05:23:27Z,avraamidi,ab,1264,215,140,0
2026-09-04T05:23:27Z,avraamidi,ba,1266,200,149,0
2026-09-04T05:23:27Z,athinon,ab,1573,266,205,27
2026-09-04T05:23:27Z,athinon,ba,1040,271,131,1
2026-09-04T05:23:27Z,tasou_markou,ab,544,100,71,0
2026-09-04T05:23:27Z,tasou_markou,ba,492,56,55,0
2026-09-04T05:23:27Z,peiraios,ab,590,132,72,0
2026-09-04T05:23:27Z,peiraios,ba,590,100,64,0
2026-09-04T05:44:10Z,strovolou,ab,5400,912,507,251
2026-09-04T05:44:10Z,strovolou,ba,4712,527,405,0
2026-09-04T05:44:10Z,tseriou,ab,2555,361,228,0
2026-09-04T05:44:10Z,tseriou,ba,3739,518,368,0
2026-09-04T05:44:10Z,prodromou,ab,2418,342,258,0
2026-09-04T05:44:10Z,prodromou,ba,3748,552,416,0
2026-09-04T05:44:10Z,akropoleos,ab,5010,825,465,179
2026-09-04T05:44:10Z,akropoleos,ba,8210,1066,594,266
2026-09-04T05:44:10Z,athalassas,ab,2793,501,282,0
2026-09-04T05:44:10Z,athalassas,ba,6269,1038,542,273
2026-09-04T05:44:10Z,lemesou,ab,2014,488,213,212
2026-09-04T05:44:10Z,lemesou,ba,2007,448,196,190
2026-09-04T05:44:10Z,sp_kyprianou,ab,6489,764,584,0
2026-09-04T05:44:10Z,sp_kyprianou,ba,6573,1126,630,156
2026-09-04T05:44:10Z,archangelou,ab,7265,629,521,0
2026-09-04T05:44:10Z,archangelou,ba,6911,838,592,0
2026-09-04T05:44:10Z,konstantinoup,ab,2628,317,291,0
2026-09-04T05:44:10Z,konstantinoup,ba,2629,362,314,0
2026-09-04T05:44:10Z,stavrou,ab,2187,274,208,0
2026-09-04T05:44:10Z,stavrou,ba,2245,272,208,0
2026-09-04T05:44:10Z,makedonitissas,ab,2904,482,404,0
2026-09-04T05:44:10Z,makedonitissas,ba,2705,337,289,0
2026-09-04T05:44:10Z,armenias,ab,1079,171,120,0
2026-09-04T05:44:10Z,armenias,ba,1079,230,133,0
2026-09-04T05:44:10Z,arch_kyprianou,ab,1701,288,217,0
2026-09-04T05:44:10Z,arch_kyprianou,ba,2260,464,310,0
2026-09-04T05:44:10Z,a1_motorway,ab,10597,351,349,0
2026-09-04T05:44:10Z,a1_motorway,ba,14048,585,558,0
2026-09-04T05:44:10Z,makariou_lakat,ab,5849,678,517,0
2026-09-04T05:44:10Z,makariou_lakat,ba,6316,765,614,0
2026-09-04T05:44:10Z,griva_digeni,ab,4212,558,439,0
2026-09-04T05:44:10Z,griva_digeni,ba,5350,993,684,0
2026-09-04T05:44:10Z,aglantzias,ab,1775,273,175,2
2026-09-04T05:44:10Z,aglantzias,ba,3098,583,373,141
2026-09-04T05:44:10Z,kranidioti,ab,1458,116,105,0
2026-09-04T05:44:10Z,kranidioti,ba,1652,141,117,0
2026-09-04T05:44:10Z,perimetrikos,ab,2510,270,225,0
2026-09-04T05:44:10Z,perimetrikos,ba,2094,180,161,0
2026-09-04T05:44:10Z,hatziiosif,ab,2049,437,196,179
2026-09-04T05:44:10Z,hatziiosif,ba,2045,553,203,288
2026-09-04T05:44:10Z,perikleous,ab,2016,405,273,0
2026-09-04T05:44:10Z,perikleous,ba,2649,387,274,0
2026-09-04T05:44:10Z,avraamidi,ab,1264,212,140,0
2026-09-04T05:44:10Z,avraamidi,ba,1266,201,149,0
2026-09-04T05:44:10Z,athinon,ab,1573,260,205,23
2026-09-04T05:44:10Z,athinon,ba,1040,266,131,1
2026-09-04T05:44:10Z,tasou_markou,ab,544,95,71,0
2026-09-04T05:44:10Z,tasou_markou,ba,492,56,55,0
2026-09-04T05:44:10Z,peiraios,ab,590,120,72,0
2026-09-04T05:44:10Z,peiraios,ba,590,99,64,0
2026-09-04T11:09:16Z,strovolou,ab,5400,629,507,0
2026-09-04T11:09:16Z,strovolou,ba,5074,836,557,64
2026-09-04T11:09:16Z,tseriou,ab,3240,384,285,0
2026-09-04T11:09:16Z,tseriou,ba,3739,523,368,0
2026-09-04T11:09:16Z,prodromou,ab,2418,315,258,0
2026-09-04T11:09:16Z,prodromou,ba,2414,361,302,0
2026-09-04T11:09:16Z,akropoleos,ab,8970,1156,662,254
2026-09-04T11:09:16Z,akropoleos,ba,5145,786,481,0
2026-09-04T11:09:16Z,athalassas,ab,3185,581,423,0
2026-09-04T11:09:16Z,athalassas,ba,7142,817,587,0
2026-09-04T11:09:16Z,lemesou,ab,2014,550,213,254
2026-09-04T11:09:16Z,lemesou,ba,2007,429,196,135
2026-09-04T11:09:16Z,sp_kyprianou,ab,6489,1074,584,243
2026-09-04T11:09:16Z,sp_kyprianou,ba,6573,880,630,0
2026-09-04T11:09:16Z,archangelou,ab,7265,893,521,243
2026-09-04T11:09:16Z,archangelou,ba,7009,741,631,0
2026-09-04T11:09:16Z,konstantinoup,ab,2628,314,291,0
2026-09-04T11:09:16Z,konstantinoup,ba,2629,343,314,0
2026-09-04T11:09:16Z,stavrou,ab,2187,302,208,0
2026-09-04T11:09:16Z,stavrou,ba,2245,266,208,0
2026-09-04T11:09:16Z,makedonitissas,ab,2797,691,387,243
2026-09-04T11:09:16Z,makedonitissas,ba,2705,328,289,0
2026-09-04T11:09:16Z,armenias,ab,1079,158,120,0
2026-09-04T11:09:16Z,armenias,ba,1079,362,133,113
2026-09-04T11:09:16Z,arch_kyprianou,ab,1652,315,253,0
2026-09-04T11:09:16Z,arch_kyprianou,ba,1726,339,203,0
2026-09-04T11:09:16Z,a1_motorway,ab,10597,351,349,0
2026-09-04T11:09:16Z,a1_motorway,ba,14048,577,558,0
2026-09-04T11:09:16Z,makariou_lakat,ab,5849,689,517,0
2026-09-04T11:09:16Z,makariou_lakat,ba,6901,741,583,0
2026-09-04T11:09:16Z,griva_digeni,ab,4212,609,439,0
2026-09-04T11:09:16Z,griva_digeni,ba,5350,921,684,0
2026-09-04T11:09:16Z,aglantzias,ab,1775,214,175,0
2026-09-04T11:09:16Z,aglantzias,ba,3036,587,445,0
2026-09-04T11:09:16Z,kranidioti,ab,1458,110,105,0
2026-09-04T11:09:16Z,kranidioti,ba,1652,125,117,0
2026-09-04T11:09:16Z,perimetrikos,ab,2510,249,225,0
2026-09-04T11:09:16Z,perimetrikos,ba,2094,187,161,0
2026-09-04T11:09:16Z,hatziiosif,ab,4397,618,435,0
2026-09-04T11:09:16Z,hatziiosif,ba,2045,334,203,0
2026-09-04T11:09:16Z,perikleous,ab,2016,505,273,140
2026-09-04T11:09:16Z,perikleous,ba,2649,402,274,28
2026-09-04T11:09:16Z,avraamidi,ab,1264,211,140,0
2026-09-04T11:09:16Z,avraamidi,ba,1266,228,149,0
2026-09-04T11:09:16Z,athinon,ab,1573,251,205,0
2026-09-04T11:09:16Z,athinon,ba,1040,277,131,0
2026-09-04T11:09:16Z,tasou_markou,ab,544,83,71,0
2026-09-04T11:09:16Z,tasou_markou,ba,492,55,55,0
2026-09-04T11:09:16Z,peiraios,ab,590,99,72,0
2026-09-04T11:09:16Z,peiraios,ba,590,107,64,0
2026-09-04T11:29:56Z,strovolou,ab,5400,635,507,0
2026-09-04T11:29:56Z,strovolou,ba,4712,841,405,317
2026-09-04T11:29:56Z,tseriou,ab,3240,389,285,0
2026-09-04T11:29:56Z,tseriou,ba,3739,532,368,0
2026-09-04T11:29:56Z,prodromou,ab,2418,319,258,0
2026-09-04T11:29:56Z,prodromou,ba,2414,362,302,0
2026-09-04T11:29:56Z,akropoleos,ab,9336,1153,763,273
2026-09-04T11:29:56Z,akropoleos,ba,5145,801,481,0
2026-09-04T11:29:56Z,athalassas,ab,3185,598,423,0
2026-09-04T11:29:56Z,athalassas,ba,6362,823,609,0
2026-09-04T11:29:56Z,lemesou,ab,2798,586,415,0
2026-09-04T11:29:56Z,lemesou,ba,2007,348,196,0
2026-09-04T11:29:56Z,sp_kyprianou,ab,7006,1176,664,328
2026-09-04T11:29:56Z,sp_kyprianou,ba,6573,960,630,151
2026-09-04T11:29:56Z,archangelou,ab,8138,890,694,1
2026-09-04T11:29:56Z,archangelou,ba,6911,698,592,0
2026-09-04T11:29:56Z,konstantinoup,ab,2628,315,291,0
2026-09-04T11:29:56Z,konstantinoup,ba,2629,346,314,0
2026-09-04T11:29:56Z,stavrou,ab,2187,314,208,0
2026-09-04T11:29:56Z,stavrou,ba,2245,269,208,0
2026-09-04T11:29:56Z,makedonitissas,ab,2797,657,387,206
2026-09-04T11:29:56Z,makedonitissas,ba,2705,332,289,0
2026-09-04T11:29:56Z,armenias,ab,1079,159,120,0
2026-09-04T11:29:56Z,armenias,ba,1079,362,133,95
2026-09-04T11:29:56Z,arch_kyprianou,ab,1652,320,253,0
2026-09-04T11:29:56Z,arch_kyprianou,ba,1726,346,203,0
2026-09-04T11:29:56Z,a1_motorway,ab,10597,351,349,0
2026-09-04T11:29:56Z,a1_motorway,ba,14048,577,558,0
2026-09-04T11:29:56Z,makariou_lakat,ab,6453,699,561,0
2026-09-04T11:29:56Z,makariou_lakat,ba,6901,750,583,0
2026-09-04T11:29:56Z,griva_digeni,ab,4212,748,439,180
2026-09-04T11:29:56Z,griva_digeni,ba,5350,931,684,0
2026-09-04T11:29:56Z,aglantzias,ab,1775,216,175,0
2026-09-04T11:29:56Z,aglantzias,ba,3098,635,373,120
2026-09-04T11:29:56Z,kranidioti,ab,1458,110,105,0
2026-09-04T11:29:56Z,kranidioti,ba,1652,126,117,0
2026-09-04T11:29:56Z,perimetrikos,ab,2510,250,225,0
2026-09-04T11:29:56Z,perimetrikos,ba,2094,191,161,0
2026-09-04T11:29:56Z,hatziiosif,ab,4397,639,435,0
2026-09-04T11:29:56Z,hatziiosif,ba,2045,337,203,0
2026-09-04T11:29:56Z,perikleous,ab,2016,504,273,120
2026-09-04T11:29:56Z,perikleous,ba,2649,403,274,24
2026-09-04T11:29:56Z,avraamidi,ab,1264,215,140,0
2026-09-04T11:29:56Z,avraamidi,ba,1266,240,149,0
2026-09-04T11:29:56Z,athinon,ab,1573,255,205,0
2026-09-04T11:29:56Z,athinon,ba,1040,287,131,0
2026-09-04T11:29:56Z,tasou_markou,ab,544,84,71,0
2026-09-04T11:29:56Z,tasou_markou,ba,492,55,55,0
2026-09-04T11:29:56Z,peiraios,ab,590,101,72,0
2026-09-04T11:29:56Z,peiraios,ba,590,112,64,0
2026-09-07T04:25:38Z,strovolou,ab,6229,1600,639,774
2026-09-07T04:25:38Z,strovolou,ba,4712,513,405,7
2026-09-07T04:25:38Z,tseriou,ab,2555,332,228,0
2026-09-07T04:25:38Z,tseriou,ba,3739,535,368,0
2026-09-07T04:25:38Z,prodromou,ab,2418,397,258,0
2026-09-07T04:25:38Z,prodromou,ba,2966,576,370,0
2026-09-07T04:25:38Z,akropoleos,ab,5010,722,465,0
2026-09-07T04:25:38Z,akropoleos,ba,8210,1640,594,777
2026-09-07T04:25:38Z,athalassas,ab,3185,608,423,0
2026-09-07T04:25:38Z,athalassas,ba,4712,1052,628,276
2026-09-07T04:25:38Z,lemesou,ab,2014,419,213,82
2026-09-07T04:25:38Z,lemesou,ba,2388,542,301,86
2026-09-07T04:25:38Z,sp_kyprianou,ab,6489,752,584,0
2026-09-07T04:25:38Z,sp_kyprianou,ba,9789,1739,1022,222
2026-09-07T04:25:38Z,archangelou,ab,7265,730,521,107
2026-09-07T04:25:38Z,archangelou,ba,10087,1817,1011,567
2026-09-07T04:25:38Z,konstantinoup,ab,2628,329,291,0
2026-09-07T04:25:38Z,konstantinoup,ba,2629,418,314,0
2026-09-07T04:25:38Z,stavrou,ab,2187,258,208,0
2026-09-07T04:25:38Z,stavrou,ba,2245,274,208,0
2026-09-07T04:25:38Z,makedonitissas,ab,2904,528,404,0
2026-09-07T04:25:38Z,makedonitissas,ba,2705,412,289,0
2026-09-07T04:25:38Z,armenias,ab,1079,180,120,0
2026-09-07T04:25:38Z,armenias,ba,1079,233,133,0
2026-09-07T04:25:38Z,arch_kyprianou,ab,1777,293,215,0
2026-09-07T04:25:38Z,arch_kyprianou,ba,3091,835,426,169
2026-09-07T04:25:38Z,a1_motorway,ab,10597,588,349,231
2026-09-07T04:25:38Z,a1_motorway,ba,14048,1055,558,473
2026-09-07T04:25:38Z,makariou_lakat,ab,5849,693,517,0
2026-09-07T04:25:38Z,makariou_lakat,ba,6316,846,614,64
2026-09-07T04:25:38Z,griva_digeni,ab,4212,531,439,0
2026-09-07T04:25:38Z,griva_digeni,ba,6184,1184,764,151
2026-09-07T04:25:38Z,aglantzias,ab,1775,405,175,166
2026-09-07T04:25:38Z,aglantzias,ba,3098,586,373,141
2026-09-07T04:25:38Z,kranidioti,ab,1458,126,105,0
2026-09-07T04:25:38Z,kranidioti,ba,1652,141,117,0
2026-09-07T04:25:38Z,perimetrikos,ab,2510,515,225,248
2026-09-07T04:25:38Z,perimetrikos,ba,2094,185,161,0
2026-09-07T04:25:38Z,hatziiosif,ab,2049,313,196,4
2026-09-07T04:25:38Z,hatziiosif,ba,2045,641,203,320
2026-09-07T04:25:38Z,perikleous,ab,2016,379,273,0
2026-09-07T04:25:38Z,perikleous,ba,2649,502,274,144
2026-09-07T04:25:38Z,avraamidi,ab,1264,307,140,148
2026-09-07T04:25:38Z,avraamidi,ba,1266,190,149,0
2026-09-07T04:25:38Z,athinon,ab,1573,276,205,37
2026-09-07T04:25:38Z,athinon,ba,1040,257,131,1
2026-09-07T04:25:38Z,tasou_markou,ab,544,100,71,0
2026-09-07T04:25:38Z,tasou_markou,ba,492,58,55,0
2026-09-07T04:25:38Z,peiraios,ab,590,230,72,144
2026-09-07T04:25:38Z,peiraios,ba,590,94,64,0
2026-09-07T04:46:16Z,strovolou,ab,8629,1949,887,603
2026-09-07T04:46:16Z,strovolou,ba,4712,559,405,27
2026-09-07T04:46:16Z,tseriou,ab,2555,363,228,0
2026-09-07T04:46:16Z,tseriou,ba,3739,564,368,0
2026-09-07T04:46:16Z,prodromou,ab,2418,533,258,205
2026-09-07T04:46:16Z,prodromou,ba,2843,684,465,128
2026-09-07T04:46:16Z,akropoleos,ab,8385,1035,631,121
2026-09-07T04:46:16Z,akropoleos,ba,6916,1536,726,274
2026-09-07T04:46:16Z,athalassas,ab,2793,754,282,268
2026-09-07T04:46:16Z,athalassas,ba,4712,1262,628,444
2026-09-07T04:46:16Z,lemesou,ab,2798,517,415,0
2026-09-07T04:46:16Z,lemesou,ba,2388,517,301,13
2026-09-07T04:46:16Z,sp_kyprianou,ab,6489,794,584,0
2026-09-07T04:46:16Z,sp_kyprianou,ba,10033,1859,1126,267
2026-09-07T04:46:16Z,archangelou,ab,7693,818,699,0
2026-09-07T04:46:16Z,archangelou,ba,8740,1555,854,429
2026-09-07T04:46:16Z,konstantinoup,ab,2628,333,291,0
2026-09-07T04:46:16Z,konstantinoup,ba,2629,425,314,0
2026-09-07T04:46:16Z,stavrou,ab,2187,276,208,0
2026-09-07T04:46:16Z,stavrou,ba,2245,283,208,0
2026-09-07T04:46:16Z,makedonitissas,ab,2891,672,437,100
2026-09-07T04:46:16Z,makedonitissas,ba,2153,473,332,0
2026-09-07T04:46:16Z,armenias,ab,1079,258,120,112
2026-09-07T04:46:16Z,armenias,ba,1079,293,133,80
2026-09-07T04:46:16Z,arch_kyprianou,ab,1777,307,215,0
2026-09-07T04:46:16Z,arch_kyprianou,ba,2660,791,406,172
2026-09-07T04:46:16Z,a1_motorway,ab,10597,582,349,212
2026-09-07T04:46:16Z,a1_motorway,ba,14048,729,558,97
2026-09-07T04:46:16Z,makariou_lakat,ab,5849,726,517,0
2026-09-07T04:46:16Z,makariou_lakat,ba,6316,841,614,0
2026-09-07T04:46:16Z,griva_digeni,ab,4212,562,439,0
2026-09-07T04:46:16Z,griva_digeni,ba,6584,1308,952,0
2026-09-07T04:46:16Z,aglantzias,ab,1775,625,175,407
2026-09-07T04:46:16Z,aglantzias,ba,3098,663,373,207
2026-09-07T04:46:16Z,kranidioti,ab,1458,130,105,0
2026-09-07T04:46:16Z,kranidioti,ba,1652,149,117,0
2026-09-07T04:46:16Z,perimetrikos,ab,2510,476,225,205
2026-09-07T04:46:16Z,perimetrikos,ba,2094,190,161,0
2026-09-07T04:46:16Z,hatziiosif,ab,2049,628,196,384
2026-09-07T04:46:16Z,hatziiosif,ba,3146,571,451,12
2026-09-07T04:46:16Z,perikleous,ab,2016,410,273,0
2026-09-07T04:46:16Z,perikleous,ba,1593,459,312,0
2026-09-07T04:46:16Z,avraamidi,ab,1293,318,193,0
2026-09-07T04:46:16Z,avraamidi,ba,1266,200,149,0
2026-09-07T04:46:16Z,athinon,ab,1440,333,215,88
2026-09-07T04:46:16Z,athinon,ba,1040,285,131,2
2026-09-07T04:46:16Z,tasou_markou,ab,544,105,71,0
2026-09-07T04:46:16Z,tasou_markou,ba,492,57,55,0
2026-09-07T04:46:16Z,peiraios,ab,590,145,72,0
2026-09-07T04:46:16Z,peiraios,ba,590,98,64,0
2026-09-07T05:07:01Z,strovolou,ab,8644,2054,877,689
2026-09-07T05:07:01Z,strovolou,ba,4712,641,405,76
2026-09-07T05:07:01Z,tseriou,ab,2555,401,228,0
2026-09-07T05:07:01Z,tseriou,ba,3739,600,368,6
2026-09-07T05:07:01Z,prodromou,ab,2418,431,258,0
2026-09-07T05:07:01Z,prodromou,ba,3869,674,444,37
2026-09-07T05:07:01Z,akropoleos,ab,5010,1082,465,403
2026-09-07T05:07:01Z,akropoleos,ba,5145,1457,481,660
2026-09-07T05:07:01Z,athalassas,ab,3068,653,385,6
2026-09-07T05:07:01Z,athalassas,ba,4712,1426,628,547
2026-09-07T05:07:01Z,lemesou,ab,2014,537,213,154
2026-09-07T05:07:01Z,lemesou,ba,2007,479,196,151
2026-09-07T05:07:01Z,sp_kyprianou,ab,6489,838,584,0
2026-09-07T05:07:01Z,sp_kyprianou,ba,10843,1819,1165,145
2026-09-07T05:07:01Z,archangelou,ab,8029,802,651,0
2026-09-07T05:07:01Z,archangelou,ba,8740,1715,854,563
2026-09-07T05:07:01Z,konstantinoup,ab,2628,335,291,0
2026-09-07T05:07:01Z,konstantinoup,ba,2629,427,314,0
2026-09-07T05:07:01Z,stavrou,ab,2187,292,208,0
2026-09-07T05:07:01Z,stavrou,ba,2245,292,208,0
2026-09-07T05:07:01Z,makedonitissas,ab,2904,552,404,0
2026-09-07T05:07:01Z,makedonitissas,ba,2705,431,289,0
2026-09-07T05:07:01Z,armenias,ab,1079,206,120,0
2026-09-07T05:07:01Z,armenias,ba,1079,353,133,132
2026-09-07T05:07:01Z,arch_kyprianou,ab,1777,331,215,0
2026-09-07T05:07:01Z,arch_kyprianou,ba,2484,1013,390,460
2026-09-07T05:07:01Z,a1_motorway,ab,10597,595,349,231
2026-09-07T05:07:01Z,a1_motorway,ba,14048,745,558,115
2026-09-07T05:07:01Z,makariou_lakat,ab,6453,760,561,0
2026-09-07T05:07:01Z,makariou_lakat,ba,6316,862,614,0
2026-09-07T05:07:01Z,griva_digeni,ab,4212,601,439,0
2026-09-07T05:07:01Z,griva_digeni,ba,6904,1265,868,0
2026-09-07T05:07:01Z,aglantzias,ab,4208,704,387,44
2026-09-07T05:07:01Z,aglantzias,ba,3098,624,373,141
2026-09-07T05:07:01Z,kranidioti,ab,1458,132,105,0
2026-09-07T05:07:01Z,kranidioti,ba,1652,157,117,0
2026-09-07T05:07:01Z,perimetrikos,ab,2510,345,225,0
2026-09-07T05:07:01Z,perimetrikos,ba,2094,194,161,0
2026-09-07T05:07:01Z,hatziiosif,ab,2049,504,196,232
2026-09-07T05:07:01Z,hatziiosif,ba,2045,575,203,205
2026-09-07T05:07:01Z,perikleous,ab,2016,444,273,1
2026-09-07T05:07:01Z,perikleous,ba,2649,516,274,128
2026-09-07T05:07:01Z,avraamidi,ab,1301,278,217,21
2026-09-07T05:07:01Z,avraamidi,ba,1266,215,149,1
2026-09-07T05:07:01Z,athinon,ab,1440,373,215,123
2026-09-07T05:07:01Z,athinon,ba,1040,320,131,2
2026-09-07T05:07:01Z,tasou_markou,ab,544,108,71,0
2026-09-07T05:07:01Z,tasou_markou,ba,492,58,55,0
2026-09-07T05:07:01Z,peiraios,ab,791,276,201,49
2026-09-07T05:07:01Z,peiraios,ba,590,106,64,0
2026-09-07T05:27:45Z,strovolou,ab,7835,1823,743,618
2026-09-07T05:27:45Z,strovolou,ba,4712,568,405,0
2026-09-07T05:27:45Z,tseriou,ab,2555,406,228,0
2026-09-07T05:27:45Z,tseriou,ba,3739,587,368,4
2026-09-07T05:27:45Z,prodromou,ab,2418,410,258,0
2026-09-07T05:27:45Z,prodromou,ba,3869,637,444,0
2026-09-07T05:27:45Z,akropoleos,ab,5010,843,465,0
2026-09-07T05:27:45Z,akropoleos,ba,6999,1594,769,372
2026-09-07T05:27:45Z,athalassas,ab,2793,646,282,94
2026-09-07T05:27:45Z,athalassas,ba,4712,1192,628,325
2026-09-07T05:27:45Z,lemesou,ab,2014,403,213,0
2026-09-07T05:27:45Z,lemesou,ba,2349,603,322,38
2026-09-07T05:27:45Z,sp_kyprianou,ab,6489,828,584,0
2026-09-07T05:27:45Z,sp_kyprianou,ba,7898,1512,833,247
2026-09-07T05:27:45Z,archangelou,ab,8029,785,651,0
2026-09-07T05:27:45Z,archangelou,ba,8775,1442,894,247
2026-09-07T05:27:45Z,konstantinoup,ab,2628,333,291,0
2026-09-07T05:27:45Z,konstantinoup,ba,2629,406,314,0
2026-09-07T05:27:45Z,stavrou,ab,2187,289,208,0
2026-09-07T05:27:45Z,stavrou,ba,2245,286,208,0
2026-09-07T05:27:45Z,makedonitissas,ab,2891,618,437,65
2026-09-07T05:27:45Z,makedonitissas,ba,2705,408,289,0
2026-09-07T05:27:45Z,armenias,ab,1079,198,120,0
2026-09-07T05:27:45Z,armenias,ba,1079,284,133,0
2026-09-07T05:27:45Z,arch_kyprianou,ab,1777,329,215,0
2026-09-07T05:27:45Z,arch_kyprianou,ba,2473,683,353,121
2026-09-07T05:27:45Z,a1_motorway,ab,10597,418,349,68
2026-09-07T05:27:45Z,a1_motorway,ba,14048,726,558,105
2026-09-07T05:27:45Z,makariou_lakat,ab,5849,745,517,0
2026-09-07T05:27:45Z,makariou_lakat,ba,6316,842,614,0
2026-09-07T05:27:45Z,griva_digeni,ab,4212,605,439,0
2026-09-07T05:27:45Z,griva_digeni,ba,6699,1303,876,0
2026-09-07T05:27:45Z,aglantzias,ab,1775,367,175,3
2026-09-07T05:27:45Z,aglantzias,ba,3098,676,373,207
2026-09-07T05:27:45Z,kranidioti,ab,1458,128,105,0
2026-09-07T05:27:45Z,kranidioti,ba,1652,153,117,0
2026-09-07T05:27:45Z,perimetrikos,ab,2510,323,225,0
2026-09-07T05:27:45Z,perimetrikos,ba,2094,193,161,0
2026-09-07T05:27:45Z,hatziiosif,ab,2049,388,196,0
2026-09-07T05:27:45Z,hatziiosif,ba,2045,753,203,424
2026-09-07T05:27:45Z,perikleous,ab,2016,450,273,2
2026-09-07T05:27:45Z,perikleous,ba,1593,471,312,2
2026-09-07T05:27:45Z,avraamidi,ab,1264,275,140,2
2026-09-07T05:27:45Z,avraamidi,ba,1266,220,149,2
2026-09-07T05:27:45Z,athinon,ab,1440,304,215,54
2026-09-07T05:27:45Z,athinon,ba,1040,318,131,1
2026-09-07T05:27:45Z,tasou_markou,ab,544,107,71,0
2026-09-07T05:27:45Z,tasou_markou,ba,492,58,55,0
2026-09-07T05:27:45Z,peiraios,ab,590,358,72,283
2026-09-07T05:27:45Z,peiraios,ba,590,107,64,0
2026-09-07T05:48:27Z,strovolou,ab,7835,1369,743,233
2026-09-07T05:48:27Z,strovolou,ba,4712,560,405,0
2026-09-07T05:48:27Z,tseriou,ab,2555,408,228,0
2026-09-07T05:48:27Z,tseriou,ba,3739,569,368,0
2026-09-07T05:48:27Z,prodromou,ab,2418,389,258,0
2026-09-07T05:48:27Z,prodromou,ba,3748,611,416,0
2026-09-07T05:48:27Z,akropoleos,ab,5010,813,465,0
2026-09-07T05:48:27Z,akropoleos,ba,8210,1365,594,530
2026-09-07T05:48:27Z,athalassas,ab,3185,790,423,278
2026-09-07T05:48:27Z,athalassas,ba,4712,1057,628,206
2026-09-07T05:48:27Z,lemesou,ab,2014,374,213,0
2026-09-07T05:48:27Z,lemesou,ba,2388,505,301,0
2026-09-07T05:48:27Z,sp_kyprianou,ab,6489,803,584,0
2026-09-07T05:48:27Z,sp_kyprianou,ba,7777,1338,806,100
2026-09-07T05:48:27Z,archangelou,ab,7265,703,521,68
2026-09-07T05:48:27Z,archangelou,ba,8141,1148,700,100
2026-09-07T05:48:27Z,konstantinoup,ab,2628,331,291,0
2026-09-07T05:48:27Z,konstantinoup,ba,2629,388,314,0
2026-09-07T05:48:27Z,stavrou,ab,2187,280,208,0
2026-09-07T05:48:27Z,stavrou,ba,2245,277,208,0
2026-09-07T05:48:27Z,makedonitissas,ab,2891,594,437,65
2026-09-07T05:48:27Z,makedonitissas,ba,2705,383,289,0
2026-09-07T05:48:27Z,armenias,ab,1079,189,120,0
2026-09-07T05:48:27Z,armenias,ba,1079,273,133,0
2026-09-07T05:48:27Z,arch_kyprianou,ab,1777,321,215,0
2026-09-07T05:48:27Z,arch_kyprianou,ba,2447,703,363,223
2026-09-07T05:48:27Z,a1_motorway,ab,10597,352,349,0
2026-09-07T05:48:27Z,a1_motorway,ba,14048,682,558,71
2026-09-07T05:48:27Z,makariou_lakat,ab,5849,722,517,0
2026-09-07T05:48:27Z,makariou_lakat,ba,6316,814,614,0
2026-09-07T05:48:27Z,griva_digeni,ab,4212,596,439,0
2026-09-07T05:48:27Z,griva_digeni,ba,6184,1240,764,127
2026-09-07T05:48:27Z,aglantzias,ab,1775,333,175,3
2026-09-07T05:48:27Z,aglantzias,ba,3098,633,373,169
2026-09-07T05:48:27Z,kranidioti,ab,1458,122,105,0
2026-09-07T05:48:27Z,kranidioti,ba,1652,146,117,0
2026-09-07T05:48:27Z,perimetrikos,ab,2510,299,225,0
2026-09-07T05:48:27Z,perimetrikos,ba,2094,191,161,0
2026-09-07T05:48:27Z,hatziiosif,ab,2049,382,196,0
2026-09-07T05:48:27Z,hatziiosif,ba,3146,560,451,20
2026-09-07T05:48:27Z,perikleous,ab,2016,446,273,2
2026-09-07T05:48:27Z,perikleous,ba,2649,681,274,311
2026-09-07T05:48:27Z,avraamidi,ab,1264,301,140,122
2026-09-07T05:48:27Z,avraamidi,ba,1266,220,149,2
2026-09-07T05:48:27Z,athinon,ab,1440,291,215,44
2026-09-07T05:48:27Z,athinon,ba,1040,308,131,1
2026-09-07T05:48:27Z,tasou_markou,ab,544,104,71,0
2026-09-07T05:48:27Z,tasou_markou,ba,492,58,55,0
2026-09-07T05:48:27Z,peiraios,ab,590,207,72,117
2026-09-07T05:48:27Z,peiraios,ba,590,106,64,0
2026-09-07T14:01:29Z,strovolou,ab,5400,683,507,0
2026-09-07T14:01:29Z,strovolou,ba,5074,932,557,0
2026-09-07T14:01:29Z,tseriou,ab,3240,477,285,100
2026-09-07T14:01:29Z,tseriou,ba,3739,573,368,0
2026-09-07T14:01:29Z,prodromou,ab,2418,325,258,0
2026-09-07T14:01:29Z,prodromou,ba,2414,381,302,0
2026-09-07T14:01:29Z,akropoleos,ab,8385,1203,631,226
2026-09-07T14:01:29Z,akropoleos,ba,8177,920,597,178
2026-09-07T14:01:29Z,athalassas,ab,3185,611,423,0
2026-09-07T14:01:29Z,athalassas,ba,6362,970,609,131
2026-09-07T14:01:29Z,lemesou,ab,2798,589,415,0
2026-09-07T14:01:29Z,lemesou,ba,2007,439,196,190
2026-09-07T14:01:29Z,sp_kyprianou,ab,7006,1186,664,291
2026-09-07T14:01:29Z,sp_kyprianou,ba,7358,964,782,0
2026-09-07T14:01:29Z,archangelou,ab,7265,964,521,292
2026-09-07T14:01:29Z,archangelou,ba,6911,735,592,0
2026-09-07T14:01:29Z,konstantinoup,ab,2628,328,291,0
2026-09-07T14:01:29Z,konstantinoup,ba,2629,369,314,0
2026-09-07T14:01:29Z,stavrou,ab,2187,374,208,0
2026-09-07T14:01:29Z,stavrou,ba,2245,279,208,0
2026-09-07T14:01:29Z,makedonitissas,ab,2797,719,387,239
2026-09-07T14:01:29Z,makedonitissas,ba,2705,366,289,0
2026-09-07T14:01:29Z,armenias,ab,1079,157,120,0
2026-09-07T14:01:29Z,armenias,ba,1079,312,133,0
2026-09-07T14:01:29Z,arch_kyprianou,ab,1652,343,253,0
2026-09-07T14:01:29Z,arch_kyprianou,ba,1726,370,203,0
2026-09-07T14:01:29Z,a1_motorway,ab,10597,351,349,0
2026-09-07T14:01:29Z,a1_motorway,ba,14048,578,558,0
2026-09-07T14:01:29Z,makariou_lakat,ab,6840,842,690,0
2026-09-07T14:01:29Z,makariou_lakat,ba,6901,809,583,0
2026-09-07T14:01:29Z,griva_digeni,ab,4212,723,439,0
2026-09-07T14:01:29Z,griva_digeni,ba,5795,1004,743,0
2026-09-07T14:01:29Z,aglantzias,ab,1775,223,175,2
2026-09-07T14:01:29Z,aglantzias,ba,3098,615,373,141
2026-09-07T14:01:29Z,kranidioti,ab,1458,112,105,0
2026-09-07T14:01:29Z,kranidioti,ba,2775,378,310,0
2026-09-07T14:01:29Z,perimetrikos,ab,2510,262,225,0
2026-09-07T14:01:29Z,perimetrikos,ba,2327,243,181,23
2026-09-07T14:01:29Z,hatziiosif,ab,4340,730,397,131
2026-09-07T14:01:29Z,hatziiosif,ba,2045,353,203,0
2026-09-07T14:01:29Z,perikleous,ab,2016,577,273,193
2026-09-07T14:01:29Z,perikleous,ba,2649,447,274,47
2026-09-07T14:01:29Z,avraamidi,ab,1264,212,140,0
2026-09-07T14:01:29Z,avraamidi,ba,1266,257,149,0
2026-09-07T14:01:29Z,athinon,ab,1440,275,215,0
2026-09-07T14:01:29Z,athinon,ba,1040,324,131,0
2026-09-07T14:01:29Z,tasou_markou,ab,544,85,71,0
2026-09-07T14:01:29Z,tasou_markou,ba,492,54,55,0
2026-09-07T14:01:29Z,peiraios,ab,590,109,72,0
2026-09-07T14:01:29Z,peiraios,ba,590,124,64,0
2026-09-07T14:22:02Z,strovolou,ab,5400,693,507,0
2026-09-07T14:22:02Z,strovolou,ba,4712,949,405,318
2026-09-07T14:22:02Z,tseriou,ab,3240,411,285,0
2026-09-07T14:22:02Z,tseriou,ba,3739,733,368,255
2026-09-07T14:22:02Z,prodromou,ab,2418,328,258,0
2026-09-07T14:22:02Z,prodromou,ba,2414,384,302,0
2026-09-07T14:22:02Z,akropoleos,ab,7604,1281,764,278
2026-09-07T14:22:02Z,akropoleos,ba,8177,887,597,145
2026-09-07T14:22:02Z,athalassas,ab,3199,649,423,63
2026-09-07T14:22:02Z,athalassas,ba,6362,950,609,103
2026-09-07T14:22:02Z,lemesou,ab,2014,615,213,278
2026-09-07T14:22:02Z,lemesou,ba,2007,419,196,162
2026-09-07T14:22:02Z,sp_kyprianou,ab,7006,1220,664,301
2026-09-07T14:22:02Z,sp_kyprianou,ba,7358,972,782,0
2026-09-07T14:22:02Z,archangelou,ab,8138,951,694,1
2026-09-07T14:22:02Z,archangelou,ba,6911,743,592,0
2026-09-07T14:22:02Z,konstantinoup,ab,2628,331,291,0
2026-09-07T14:22:02Z,konstantinoup,ba,2629,372,314,0
2026-09-07T14:22:02Z,stavrou,ab,2187,374,208,0
2026-09-07T14:22:02Z,stavrou,ba,2245,281,208,0
2026-09-07T14:22:02Z,makedonitissas,ab,2797,703,387,206
2026-09-07T14:22:02Z,makedonitissas,ba,2705,370,289,0
2026-09-07T14:22:02Z,armenias,ab,1079,161,120,0
2026-09-07T14:22:02Z,armenias,ba,1079,347,133,113
2026-09-07T14:22:02Z,arch_kyprianou,ab,1652,349,253,0
2026-09-07T14:22:02Z,arch_kyprianou,ba,1726,380,203,0
2026-09-07T14:22:02Z,a1_motorway,ab,10597,351,349,0
2026-09-07T14:22:02Z,a1_motorway,ba,14048,579,558,0
2026-09-07T14:22:02Z,makariou_lakat,ab,6840,856,690,0
2026-09-07T14:22:02Z,makariou_lakat,ba,6901,821,583,0
2026-09-07T14:22:02Z,griva_digeni,ab,4819,780,552,0
2026-09-07T14:22:02Z,griva_digeni,ba,5350,966,684,0
2026-09-07T14:22:02Z,aglantzias,ab,1775,229,175,2
2026-09-07T14:22:02Z,aglantzias,ba,3098,605,373,120
2026-09-07T14:22:02Z,kranidioti,ab,1458,113,105,0
2026-09-07T14:22:02Z,kranidioti,ba,1652,292,117,170
2026-09-07T14:22:02Z,perimetrikos,ab,2510,265,225,0
2026-09-07T14:22:02Z,perimetrikos,ba,2327,242,181,19
2026-09-07T14:22:02Z,hatziiosif,ab,2049,622,196,311
2026-09-07T14:22:02Z,hatziiosif,ba,2045,418,203,103
2026-09-07T14:22:02Z,perikleous,ab,2276,585,321,112
2026-09-07T14:22:02Z,perikleous,ba,2649,432,274,28
2026-09-07T14:22:02Z,avraamidi,ab,1264,217,140,0
2026-09-07T14:22:02Z,avraamidi,ba,1266,256,149,0
2026-09-07T14:22:02Z,athinon,ab,1440,281,215,0
2026-09-07T14:22:02Z,athinon,ba,1594,375,261,0
2026-09-07T14:22:02Z,tasou_markou,ab,544,86,71,0
2026-09-07T14:22:02Z,tasou_markou,ba,492,55,55,0
2026-09-07T14:22:02Z,peiraios,ab,590,109,72,0
2026-09-07T14:22:02Z,peiraios,ba,590,129,64,0
2026-09-07T14:42:33Z,strovolou,ab,5400,682,507,0
2026-09-07T14:42:33Z,strovolou,ba,6244,989,667,0
2026-09-07T14:42:33Z,tseriou,ab,3240,406,285,0
2026-09-07T14:42:33Z,tseriou,ba,3578,677,431,203
2026-09-07T14:42:33Z,prodromou,ab,2418,326,258,0
2026-09-07T14:42:33Z,prodromou,ba,2414,381,302,0
2026-09-07T14:42:33Z,akropoleos,ab,5010,1280,465,626
2026-09-07T14:42:33Z,akropoleos,ba,8177,815,597,0
2026-09-07T14:42:33Z,athalassas,ab,3185,594,423,2
2026-09-07T14:42:33Z,athalassas,ba,6362,863,609,0
2026-09-07T14:42:33Z,lemesou,ab,2014,595,213,269
2026-09-07T14:42:33Z,lemesou,ba,2355,443,284,53
2026-09-07T14:42:33Z,sp_kyprianou,ab,7006,1313,664,436
2026-09-07T14:42:33Z,sp_kyprianou,ba,6573,890,630,0
2026-09-07T14:42:33Z,archangelou,ab,8138,1041,694,169
2026-09-07T14:42:33Z,archangelou,ba,6911,736,592,0
2026-09-07T14:42:33Z,konstantinoup,ab,2628,330,291,0
2026-09-07T14:42:33Z,konstantinoup,ba,2629,365,314,0
2026-09-07T14:42:33Z,stavrou,ab,2187,383,208,71
2026-09-07T14:42:33Z,stavrou,ba,2245,276,208,0
2026-09-07T14:42:33Z,makedonitissas,ab,2797,667,387,178
2026-09-07T14:42:33Z,makedonitissas,ba,2705,365,289,0
2026-09-07T14:42:33Z,armenias,ab,1079,159,120,0
2026-09-07T14:42:33Z,armenias,ba,1264,402,186,166
2026-09-07T14:42:33Z,arch_kyprianou,ab,1652,346,253,0
2026-09-07T14:42:33Z,arch_kyprianou,ba,1726,373,203,0
2026-09-07T14:42:33Z,a1_motorway,ab,10597,351,349,0
2026-09-07T14:42:33Z,a1_motorway,ba,14048,577,558,0
2026-09-07T14:42:33Z,makariou_lakat,ab,6840,850,690,0
2026-09-07T14:42:33Z,makariou_lakat,ba,6901,807,583,0
2026-09-07T14:42:33Z,griva_digeni,ab,4870,754,578,0
2026-09-07T14:42:33Z,griva_digeni,ba,5350,946,684,0
2026-09-07T14:42:33Z,aglantzias,ab,1775,229,175,3
2026-09-07T14:42:33Z,aglantzias,ba,3098,679,373,207
2026-09-07T14:42:33Z,kranidioti,ab,1458,114,105,0
2026-09-07T14:42:33Z,kranidioti,ba,1652,151,117,0
2026-09-07T14:42:33Z,perimetrikos,ab,2510,264,225,0
2026-09-07T14:42:33Z,perimetrikos,ba,2912,383,350,0
2026-09-07T14:42:33Z,hatziiosif,ab,2049,506,196,153
2026-09-07T14:42:33Z,hatziiosif,ba,2045,346,203,0
2026-09-07T14:42:33Z,perikleous,ab,1592,541,311,140
2026-09-07T14:42:33Z,perikleous,ba,2649,435,274,39
2026-09-07T14:42:33Z,avraamidi,ab,1264,218,140,0
2026-09-07T14:42:33Z,avraamidi,ba,1266,248,149,0
2026-09-07T14:42:33Z,athinon,ab,1440,278,215,0
2026-09-07T14:42:33Z,athinon,ba,1655,400,280,0
2026-09-07T14:42:33Z,tasou_markou,ab,544,85,71,0
2026-09-07T14:42:33Z,tasou_markou,ba,492,54,55,0
2026-09-07T14:42:33Z,peiraios,ab,590,106,72,0
2026-09-07T14:42:33Z,peiraios,ba,692,172,156,0
2026-09-08T04:25:21Z,strovolou,ab,11002,1985,1231,310
2026-09-08T04:25:21Z,strovolou,ba,4712,520,405,14
2026-09-08T04:25:21Z,tseriou,ab,2555,331,228,0
2026-09-08T04:25:21Z,tseriou,ba,3739,541,368,0
2026-09-08T04:25:21Z,prodromou,ab,2418,388,258,0
2026-09-08T04:25:21Z,prodromou,ba,2414,486,302,0
2026-09-08T04:25:21Z,akropoleos,ab,5010,796,465,126
2026-09-08T04:25:21Z,akropoleos,ba,8210,1534,594,632
2026-09-08T04:25:21Z,athalassas,ab,2793,538,282,0
2026-09-08T04:25:21Z,athalassas,ba,4712,1020,628,224
2026-09-08T04:25:21Z,lemesou,ab,2014,490,213,160
2026-09-08T04:25:21Z,lemesou,ba,2388,497,301,0
2026-09-08T04:25:21Z,sp_kyprianou,ab,6489,762,584,0
2026-09-08T04:25:21Z,sp_kyprianou,ba,7898,1684,833,478
2026-09-08T04:25:21Z,archangelou,ab,6502,741,603,0
2026-09-08T04:25:21Z,archangelou,ba,6911,1603,592,813
2026-09-08T04:25:21Z,konstantinoup,ab,2628,330,291,0
2026-09-08T04:25:21Z,konstantinoup,ba,2629,547,314,187
2026-09-08T04:25:21Z,stavrou,ab,2187,258,208,0
2026-09-08T04:25:21Z,stavrou,ba,2245,278,208,0
2026-09-08T04:25:21Z,makedonitissas,ab,2904,530,404,0
2026-09-08T04:25:21Z,makedonitissas,ba,2153,449,332,0
2026-09-08T04:25:21Z,armenias,ab,1079,183,120,0
2026-09-08T04:25:21Z,armenias,ba,1079,231,133,0
2026-09-08T04:25:21Z,arch_kyprianou,ab,1777,295,215,0
2026-09-08T04:25:21Z,arch_kyprianou,ba,2515,869,396,312
2026-09-08T04:25:21Z,a1_motorway,ab,10597,581,349,212
2026-09-08T04:25:21Z,a1_motorway,ba,14048,1242,558,658
2026-09-08T04:25:21Z,makariou_lakat,ab,5849,695,517,0
2026-09-08T04:25:21Z,makariou_lakat,ba,7420,903,720,0
2026-09-08T04:25:21Z,griva_digeni,ab,4212,534,439,0
2026-09-08T04:25:21Z,griva_digeni,ba,6145,1239,824,69
2026-09-08T04:25:21Z,aglantzias,ab,1775,549,175,333
2026-09-08T04:25:21Z,aglantzias,ba,3098,657,373,207
2026-09-08T04:25:21Z,kranidioti,ab,1458,125,105,0
2026-09-08T04:25:21Z,kranidioti,ba,1652,158,117,14
2026-09-08T04:25:21Z,perimetrikos,ab,2510,337,225,14
2026-09-08T04:25:21Z,perimetrikos,ba,2327,212,181,0
2026-09-08T04:25:21Z,hatziiosif,ab,2049,379,196,126
2026-09-08T04:25:21Z,hatziiosif,ba,2912,578,402,9
2026-09-08T04:25:21Z,perikleous,ab,2016,386,273,0
2026-09-08T04:25:21Z,perikleous,ba,2649,504,274,144
2026-09-08T04:25:21Z,avraamidi,ab,1264,303,140,146
2026-09-08T04:25:21Z,avraamidi,ba,1266,196,149,0
2026-09-08T04:25:21Z,athinon,ab,1573,284,205,44
2026-09-08T04:25:21Z,athinon,ba,1040,265,131,1
2026-09-08T04:25:21Z,tasou_markou,ab,544,99,71,0
2026-09-08T04:25:21Z,tasou_markou,ba,492,57,55,0
2026-09-08T04:25:21Z,peiraios,ab,590,260,72,173
2026-09-08T04:25:21Z,peiraios,ba,590,99,64,0
2026-09-08T04:46:01Z,strovolou,ab,9784,1983,1220,308
2026-09-08T04:46:01Z,strovolou,ba,4712,553,405,21
2026-09-08T04:46:01Z,tseriou,ab,2555,437,228,108
2026-09-08T04:46:01Z,tseriou,ba,3739,570,368,0
2026-09-08T04:46:01Z,prodromou,ab,2418,512,258,195
2026-09-08T04:46:01Z,prodromou,ba,3481,702,488,0
2026-09-08T04:46:01Z,akropoleos,ab,7549,1077,664,110
2026-09-08T04:46:01Z,akropoleos,ba,5659,1711,597,668
2026-09-08T04:46:01Z,athalassas,ab,2793,717,282,216
2026-09-08T04:46:01Z,athalassas,ba,4712,1181,628,362
2026-09-08T04:46:01Z,lemesou,ab,2812,538,415,0
2026-09-08T04:46:01Z,lemesou,ba,2007,577,196,319
2026-09-08T04:46:01Z,sp_kyprianou,ab,6489,806,584,1
2026-09-08T04:46:01Z,sp_kyprianou,ba,9959,1781,1141,100
2026-09-08T04:46:01Z,archangelou,ab,7693,821,699,0
2026-09-08T04:46:01Z,archangelou,ba,8740,1525,854,401
2026-09-08T04:46:01Z,konstantinoup,ab,2628,334,291,0
2026-09-08T04:46:01Z,konstantinoup,ba,2629,429,314,0
2026-09-08T04:46:01Z,stavrou,ab,2187,277,208,0
2026-09-08T04:46:01Z,stavrou,ba,2245,435,208,201
2026-09-08T04:46:01Z,makedonitissas,ab,2904,618,404,115
2026-09-08T04:46:01Z,makedonitissas,ba,2290,608,391,96
2026-09-08T04:46:01Z,armenias,ab,1079,266,120,104
2026-09-08T04:46:01Z,armenias,ba,1079,317,133,113
2026-09-08T04:46:01Z,arch_kyprianou,ab,1777,309,215,0
2026-09-08T04:46:01Z,arch_kyprianou,ba,2515,1035,396,527
2026-09-08T04:46:01Z,a1_motorway,ab,10597,529,349,171
2026-09-08T04:46:01Z,a1_motorway,ba,14048,747,558,115
2026-09-08T04:46:01Z,makariou_lakat,ab,5849,736,517,0
2026-09-08T04:46:01Z,makariou_lakat,ba,8508,914,764,0
2026-09-08T04:46:01Z,griva_digeni,ab,4212,567,439,0
2026-09-08T04:46:01Z,griva_digeni,ba,6250,1327,889,80
2026-09-08T04:46:01Z,aglantzias,ab,4763,887,507,213
2026-09-08T04:46:01Z,aglantzias,ba,3098,609,373,141
2026-09-08T04:46:01Z,kranidioti,ab,1458,130,105,0
2026-09-08T04:46:01Z,kranidioti,ba,1652,153,117,0
2026-09-08T04:46:01Z,perimetrikos,ab,2510,334,225,0
2026-09-08T04:46:01Z,perimetrikos,ba,2094,191,161,0
2026-09-08T04:46:01Z,hatziiosif,ab,2049,629,196,384
2026-09-08T04:46:01Z,hatziiosif,ba,2571,570,318,5
2026-09-08T04:46:01Z,perikleous,ab,2016,418,273,2
2026-09-08T04:46:01Z,perikleous,ba,2649,566,274,204
2026-09-08T04:46:01Z,avraamidi,ab,1264,271,140,2
2026-09-08T04:46:01Z,avraamidi,ba,1266,209,149,2
2026-09-08T04:46:01Z,athinon,ab,1440,314,215,68
2026-09-08T04:46:01Z,athinon,ba,1040,294,131,1
2026-09-08T04:46:01Z,tasou_markou,ab,544,103,71,0
2026-09-08T04:46:01Z,tasou_markou,ba,492,58,55,0
2026-09-08T04:46:01Z,peiraios,ab,590,227,72,131
2026-09-08T04:46:01Z,peiraios,ba,590,103,64,0
2026-09-08T05:06:44Z,strovolou,ab,8152,1712,775,425
2026-09-08T05:06:44Z,strovolou,ba,4712,575,405,0
2026-09-08T05:06:44Z,tseriou,ab,2555,397,228,0
2026-09-08T05:06:44Z,tseriou,ba,3739,610,368,0
2026-09-08T05:06:44Z,prodromou,ab,2418,532,258,199
2026-09-08T05:06:44Z,prodromou,ba,3748,740,416,161
2026-09-08T05:06:44Z,akropoleos,ab,9129,1246,649,317
2026-09-08T05:06:44Z,akropoleos,ba,5145,1749,481,865
2026-09-08T05:06:44Z,athalassas,ab,3639,767,538,41
2026-09-08T05:06:44Z,athalassas,ba,4712,1265,628,397
2026-09-08T05:06:44Z,lemesou,ab,2386,542,292,0
2026-09-08T05:06:44Z,lemesou,ba,2007,592,196,301
2026-09-08T05:06:44Z,sp_kyprianou,ab,6489,867,584,0
2026-09-08T05:06:44Z,sp_kyprianou,ba,7777,1677,806,415
2026-09-08T05:06:44Z,archangelou,ab,8029,802,651,0
2026-09-08T05:06:44Z,archangelou,ba,6911,1269,592,365
2026-09-08T05:06:44Z,konstantinoup,ab,2628,340,291,0
2026-09-08T05:06:44Z,konstantinoup,ba,2629,441,314,0
2026-09-08T05:06:44Z,stavrou,ab,2187,299,208,0
2026-09-08T05:06:44Z,stavrou,ba,2245,303,208,0
2026-09-08T05:06:44Z,makedonitissas,ab,2891,625,437,47
2026-09-08T05:06:44Z,makedonitissas,ba,2705,586,289,181
2026-09-08T05:06:44Z,armenias,ab,1079,213,120,0
2026-09-08T05:06:44Z,armenias,ba,1079,292,133,0
2026-09-08T05:06:44Z,arch_kyprianou,ab,1777,337,215,0
2026-09-08T05:06:44Z,arch_kyprianou,ba,2473,820,353,249
2026-09-08T05:06:44Z,a1_motorway,ab,10597,438,349,88
2026-09-08T05:06:44Z,a1_motorway,ba,14048,727,558,90
2026-09-08T05:06:44Z,makariou_lakat,ab,6840,869,690,0
2026-09-08T05:06:44Z,makariou_lakat,ba,6316,884,614,0
2026-09-08T05:06:44Z,griva_digeni,ab,4212,614,439,0
2026-09-08T05:06:44Z,griva_digeni,ba,6090,1332,854,32
2026-09-08T05:06:44Z,aglantzias,ab,2796,717,478,33
2026-09-08T05:06:44Z,aglantzias,ba,3098,651,373,158
2026-09-08T05:06:44Z,kranidioti,ab,1458,136,105,0
2026-09-08T05:06:44Z,kranidioti,ba,1652,164,117,0
2026-09-08T05:06:44Z,perimetrikos,ab,2510,342,225,0
2026-09-08T05:06:44Z,perimetrikos,ba,2094,195,161,0
2026-09-08T05:06:44Z,hatziiosif,ab,2049,605,196,341
2026-09-08T05:06:44Z,hatziiosif,ba,2045,632,203,301
2026-09-08T05:06:44Z,perikleous,ab,2016,459,273,0
2026-09-08T05:06:44Z,perikleous,ba,2649,446,274,0
2026-09-08T05:06:44Z,avraamidi,ab,1301,299,217,38
2026-09-08T05:06:44Z,avraamidi,ba,1266,227,149,0
2026-09-08T05:06:44Z,athinon,ab,1440,319,215,68
2026-09-08T05:06:44Z,athinon,ba,1040,337,131,1
2026-09-08T05:06:44Z,tasou_markou,ab,544,107,71,0
2026-09-08T05:06:44Z,tasou_markou,ba,492,59,55,1
2026-09-08T05:06:44Z,peiraios,ab,590,159,72,0
2026-09-08T05:06:44Z,peiraios,ba,590,113,64,0
2026-09-08T05:27:26Z,strovolou,ab,6338,1447,678,314
2026-09-08T05:27:26Z,strovolou,ba,4712,575,405,0
2026-09-08T05:27:26Z,tseriou,ab,2555,403,228,0
2026-09-08T05:27:26Z,tseriou,ba,3739,643,368,138
2026-09-08T05:27:26Z,prodromou,ab,2418,448,258,0
2026-09-08T05:27:26Z,prodromou,ba,3869,662,444,0
2026-09-08T05:27:26Z,akropoleos,ab,5010,879,465,0
2026-09-08T05:27:26Z,akropoleos,ba,8614,1550,703,529
2026-09-08T05:27:26Z,athalassas,ab,3364,875,435,198
2026-09-08T05:27:26Z,athalassas,ba,4712,1137,628,247
2026-09-08T05:27:26Z,lemesou,ab,2014,440,213,0
2026-09-08T05:27:26Z,lemesou,ba,2576,717,393,52
2026-09-08T05:27:26Z,sp_kyprianou,ab,6489,860,584,0
2026-09-08T05:27:26Z,sp_kyprianou,ba,8487,1604,1013,19
2026-09-08T05:27:26Z,archangelou,ab,7265,802,521,153
2026-09-08T05:27:26Z,archangelou,ba,6911,1233,592,314
2026-09-08T05:27:26Z,konstantinoup,ab,2628,339,291,0
2026-09-08T05:27:26Z,konstantinoup,ba,2629,423,314,0
2026-09-08T05:27:26Z,stavrou,ab,2187,296,208,0
2026-09-08T05:27:26Z,stavrou,ba,2245,295,208,0
2026-09-08T05:27:26Z,makedonitissas,ab,2891,624,437,65
2026-09-08T05:27:26Z,makedonitissas,ba,2705,431,289,28
2026-09-08T05:27:26Z,armenias,ab,1079,204,120,0
2026-09-08T05:27:26Z,armenias,ba,1079,290,133,0
2026-09-08T05:27:26Z,arch_kyprianou,ab,1777,334,215,0
2026-09-08T05:27:26Z,arch_kyprianou,ba,2447,736,363,200
2026-09-08T05:27:26Z,a1_motorway,ab,10597,351,349,0
2026-09-08T05:27:26Z,a1_motorway,ba,14048,684,558,53
2026-09-08T05:27:26Z,makariou_lakat,ab,6453,761,561,0
2026-09-08T05:27:26Z,makariou_lakat,ba,6316,864,614,0
2026-09-08T05:27:26Z,griva_digeni,ab,4212,619,439,0
2026-09-08T05:27:26Z,griva_digeni,ba,6920,1309,964,0
2026-09-08T05:27:26Z,aglantzias,ab,1775,388,175,4
2026-09-08T05:27:26Z,aglantzias,ba,3098,774,373,305
2026-09-08T05:27:26Z,kranidioti,ab,1458,133,105,0
2026-09-08T05:27:26Z,kranidioti,ba,1652,160,117,0
2026-09-08T05:27:26Z,perimetrikos,ab,2510,430,225,158
2026-09-08T05:27:26Z,perimetrikos,ba,2094,194,161,0
2026-09-08T05:27:26Z,hatziiosif,ab,2049,404,196,0
2026-09-08T05:27:26Z,hatziiosif,ba,2045,552,203,151
2026-09-08T05:27:26Z,perikleous,ab,2016,462,273,0
2026-09-08T05:27:26Z,perikleous,ba,2649,435,274,0
2026-09-08T05:27:26Z,avraamidi,ab,1293,332,193,0
2026-09-08T05:27:26Z,avraamidi,ba,1266,232,149,0
2026-09-08T05:27:26Z,athinon,ab,1440,303,215,54
2026-09-08T05:27:26Z,athinon,ba,1040,378,131,144
2026-09-08T05:27:26Z,tasou_markou,ab,544,106,71,0
2026-09-08T05:27:26Z,tasou_markou,ba,492,59,55,0
2026-09-08T05:27:26Z,peiraios,ab,1203,317,215,0
2026-09-08T05:27:26Z,peiraios,ba,590,112,64,0
2026-09-08T05:48:07Z,strovolou,ab,5400,1207,507,495
2026-09-08T05:48:07Z,strovolou,ba,4712,566,405,0
2026-09-08T05:48:07Z,tseriou,ab,2555,399,228,0
2026-09-08T05:48:07Z,tseriou,ba,3739,596,368,95
2026-09-08T05:48:07Z,prodromou,ab,2418,427,258,0
2026-09-08T05:48:07Z,prodromou,ba,3869,631,444,0
2026-09-08T05:48:07Z,akropoleos,ab,5010,850,465,0
2026-09-08T05:48:07Z,akropoleos,ba,8210,1370,594,532
2026-09-08T05:48:07Z,athalassas,ab,2793,627,282,0
2026-09-08T05:48:07Z,athalassas,ba,4712,1020,628,150
2026-09-08T05:48:07Z,lemesou,ab,2014,405,213,0
2026-09-08T05:48:07Z,lemesou,ba,2007,945,196,704
2026-09-08T05:48:07Z,sp_kyprianou,ab,6489,834,584,0
2026-09-08T05:48:07Z,sp_kyprianou,ba,7777,1493,806,271
2026-09-08T05:48:07Z,archangelou,ab,7265,667,521,0
2026-09-08T05:48:07Z,archangelou,ba,6742,1087,668,0
2026-09-08T05:48:07Z,konstantinoup,ab,2628,335,291,0
2026-09-08T05:48:07Z,konstantinoup,ba,2629,400,314,0
2026-09-08T05:48:07Z,stavrou,ab,2187,285,208,0
2026-09-08T05:48:07Z,stavrou,ba,2245,285,208,0
2026-09-08T05:48:07Z,makedonitissas,ab,2904,511,404,0
2026-09-08T05:48:07Z,makedonitissas,ba,2705,384,289,0
2026-09-08T05:48:07Z,armenias,ab,1079,196,120,0
2026-09-08T05:48:07Z,armenias,ba,1079,279,133,0
2026-09-08T05:48:07Z,arch_kyprianou,ab,1701,311,217,0
2026-09-08T05:48:07Z,arch_kyprianou,ba,2447,646,363,154
2026-09-08T05:48:07Z,a1_motorway,ab,10597,351,349,0
2026-09-08T05:48:07Z,a1_motorway,ba,14048,643,558,26
2026-09-08T05:48:07Z,makariou_lakat,ab,6453,733,561,0
2026-09-08T05:48:07Z,makariou_lakat,ba,6316,837,614,0
2026-09-08T05:48:07Z,griva_digeni,ab,4212,611,439,0
2026-09-08T05:48:07Z,griva_digeni,ba,6699,1310,876,0
2026-09-08T05:48:07Z,aglantzias,ab,1775,345,175,2
2026-09-08T05:48:07Z,aglantzias,ba,3098,653,373,188
2026-09-08T05:48:07Z,kranidioti,ab,1458,128,105,0
2026-09-08T05:48:07Z,kranidioti,ba,1652,153,117,0
2026-09-08T05:48:07Z,perimetrikos,ab,3173,473,388,16
2026-09-08T05:48:07Z,perimetrikos,ba,2094,191,161,0
2026-09-08T05:48:07Z,hatziiosif,ab,2049,399,196,2
2026-09-08T05:48:07Z,hatziiosif,ba,2045,539,203,164
2026-09-08T05:48:07Z,perikleous,ab,2016,458,273,0
2026-09-08T05:48:07Z,perikleous,ba,2649,420,274,0
2026-09-08T05:48:07Z,avraamidi,ab,1264,283,140,0
2026-09-08T05:48:07Z,avraamidi,ba,1266,228,149,0
2026-09-08T05:48:07Z,athinon,ab,1440,279,215,31
2026-09-08T05:48:07Z,athinon,ba,1040,340,131,100
2026-09-08T05:48:07Z,tasou_markou,ab,544,104,71,0
2026-09-08T05:48:07Z,tasou_markou,ba,492,58,55,0
2026-09-08T05:48:07Z,peiraios,ab,590,269,72,170
2026-09-08T05:48:07Z,peiraios,ba,590,110,64,0
2026-09-08T11:09:04Z,strovolou,ab,5400,652,507,0
2026-09-08T11:09:04Z,strovolou,ba,6542,792,615,0
2026-09-08T11:09:04Z,tseriou,ab,3240,379,285,0
2026-09-08T11:09:04Z,tseriou,ba,3739,527,368,0
2026-09-08T11:09:04Z,prodromou,ab,2418,325,258,0
2026-09-08T11:09:04Z,prodromou,ba,2414,377,302,0
2026-09-08T11:09:04Z,akropoleos,ab,8806,966,684,0
2026-09-08T11:09:04Z,akropoleos,ba,8177,830,597,6
2026-09-08T11:09:04Z,athalassas,ab,3640,592,408,0
2026-09-08T11:09:04Z,athalassas,ba,7097,874,568,0
2026-09-08T11:09:04Z,lemesou,ab,2014,401,213,0
2026-09-08T11:09:04Z,lemesou,ba,2355,439,284,6
2026-09-08T11:09:04Z,sp_kyprianou,ab,6489,852,584,0
2026-09-08T11:09:04Z,sp_kyprianou,ba,6573,925,630,0
2026-09-08T11:09:04Z,archangelou,ab,7265,661,521,0
2026-09-08T11:09:04Z,archangelou,ba,7441,825,671,0
2026-09-08T11:09:04Z,konstantinoup,ab,2628,323,291,0
2026-09-08T11:09:04Z,konstantinoup,ba,2629,350,314,0
2026-09-08T11:09:04Z,stavrou,ab,2187,300,208,0
2026-09-08T11:09:04Z,stavrou,ba,2245,264,208,0
2026-09-08T11:09:04Z,makedonitissas,ab,2904,482,404,0
2026-09-08T11:09:04Z,makedonitissas,ba,2705,331,289,0
2026-09-08T11:09:04Z,armenias,ab,1079,159,120,0
2026-09-08T11:09:04Z,armenias,ba,1079,374,133,173
2026-09-08T11:09:04Z,arch_kyprianou,ab,1652,305,253,0
2026-09-08T11:09:04Z,arch_kyprianou,ba,1726,342,203,0
2026-09-08T11:09:04Z,a1_motorway,ab,10597,351,349,0
2026-09-08T11:09:04Z,a1_motorway,ba,14048,579,558,0
2026-09-08T11:09:04Z,makariou_lakat,ab,5849,682,517,0
2026-09-08T11:09:04Z,makariou_lakat,ba,6901,746,583,0
2026-09-08T11:09:04Z,griva_digeni,ab,4212,619,439,0
2026-09-08T11:09:04Z,griva_digeni,ba,5350,949,684,0
2026-09-08T11:09:04Z,aglantzias,ab,1775,223,175,0
2026-09-08T11:09:04Z,aglantzias,ba,3140,635,424,0
2026-09-08T11:09:04Z,kranidioti,ab,1458,114,105,0
2026-09-08T11:09:04Z,kranidioti,ba,1652,125,117,0
2026-09-08T11:09:04Z,perimetrikos,ab,2510,254,225,0
2026-09-08T11:09:04Z,perimetrikos,ba,2094,188,161,0
2026-09-08T11:09:04Z,hatziiosif,ab,2049,517,196,200
2026-09-08T11:09:04Z,hatziiosif,ba,2045,358,203,0
2026-09-08T11:09:04Z,perikleous,ab,2016,463,273,0
2026-09-08T11:09:04Z,perikleous,ba,2649,403,274,28
2026-09-08T11:09:04Z,avraamidi,ab,1264,223,140,0
2026-09-08T11:09:04Z,avraamidi,ba,1266,233,149,0
2026-09-08T11:09:04Z,athinon,ab,1573,251,205,0
2026-09-08T11:09:04Z,athinon,ba,1040,275,131,0
2026-09-08T11:09:04Z,tasou_markou,ab,544,86,71,0
2026-09-08T11:09:04Z,tasou_markou,ba,492,55,55,0
2026-09-08T11:09:04Z,peiraios,ab,590,114,72,0
2026-09-08T11:09:04Z,peiraios,ba,590,113,64,0
2026-09-08T11:29:36Z,strovolou,ab,5400,659,507,0
2026-09-08T11:29:36Z,strovolou,ba,4712,679,405,0
2026-09-08T11:29:36Z,tseriou,ab,3240,383,285,0
2026-09-08T11:29:36Z,tseriou,ba,3739,534,368,0
2026-09-08T11:29:36Z,prodromou,ab,2418,329,258,0
2026-09-08T11:29:36Z,prodromou,ba,2414,378,302,0
2026-09-08T11:29:36Z,akropoleos,ab,8970,1002,662,0
2026-09-08T11:29:36Z,akropoleos,ba,8177,921,597,156
2026-09-08T11:29:36Z,athalassas,ab,3185,606,423,0
2026-09-08T11:29:36Z,athalassas,ba,6269,899,542,0
2026-09-08T11:29:36Z,lemesou,ab,2014,432,213,0
2026-09-08T11:29:36Z,lemesou,ba,2007,369,196,0
2026-09-08T11:29:36Z,sp_kyprianou,ab,6489,896,584,0
2026-09-08T11:29:36Z,sp_kyprianou,ba,6573,939,630,0
2026-09-08T11:29:36Z,archangelou,ab,7265,684,521,0
2026-09-08T11:29:36Z,archangelou,ba,6911,724,592,0
2026-09-08T11:29:36Z,konstantinoup,ab,2628,324,291,0
2026-09-08T11:29:36Z,konstantinoup,ba,2629,353,314,0
2026-09-08T11:29:36Z,stavrou,ab,2187,319,208,0
2026-09-08T11:29:36Z,stavrou,ba,2245,268,208,0
2026-09-08T11:29:36Z,makedonitissas,ab,2904,501,404,0
2026-09-08T11:29:36Z,makedonitissas,ba,2705,337,289,0
2026-09-08T11:29:36Z,armenias,ab,1079,160,120,0
2026-09-08T11:29:36Z,armenias,ba,1079,306,133,80
2026-09-08T11:29:36Z,arch_kyprianou,ab,1652,309,253,0
2026-09-08T11:29:36Z,arch_kyprianou,ba,1726,348,203,0
2026-09-08T11:29:36Z,a1_motorway,ab,10597,351,349,0
2026-09-08T11:29:36Z,a1_motorway,ba,14048,580,558,0
2026-09-08T11:29:36Z,makariou_lakat,ab,6453,692,561,0
2026-09-08T11:29:36Z,makariou_lakat,ba,6901,756,583,0
2026-09-08T11:29:36Z,griva_digeni,ab,4212,638,439,0
2026-09-08T11:29:36Z,griva_digeni,ba,5350,961,684,0
2026-09-08T11:29:36Z,aglantzias,ab,1775,226,175,0
2026-09-08T11:29:36Z,aglantzias,ba,3098,556,373,0
2026-09-08T11:29:36Z,kranidioti,ab,1458,115,105,0
2026-09-08T11:29:36Z,kranidioti,ba,1652,126,117,0
2026-09-08T11:29:36Z,perimetrikos,ab,2510,256,225,0
2026-09-08T11:29:36Z,perimetrikos,ba,2094,191,161,0
2026-09-08T11:29:36Z,hatziiosif,ab,2049,601,196,279
2026-09-08T11:29:36Z,hatziiosif,ba,2045,364,203,0
2026-09-08T11:29:36Z,perikleous,ab,2016,475,273,0
2026-09-08T11:29:36Z,perikleous,ba,2649,397,274,0
2026-09-08T11:29:36Z,avraamidi,ab,1264,226,140,0
2026-09-08T11:29:36Z,avraamidi,ba,1266,246,149,0
2026-09-08T11:29:36Z,athinon,ab,1573,256,205,0
2026-09-08T11:29:36Z,athinon,ba,1040,284,131,0
2026-09-08T11:29:36Z,tasou_markou,ab,544,86,71,0
2026-09-08T11:29:36Z,tasou_markou,ba,492,55,55,0
2026-09-08T11:29:36Z,peiraios,ab,590,117,72,0
2026-09-08T11:29:36Z,peiraios,ba,590,121,64,0
2026-09-09T04:40:54Z,strovolou,ab,10370,1854,1042,184
2026-09-09T04:40:54Z,strovolou,ba,4712,567,405,37
2026-09-09T04:40:54Z,tseriou,ab,2555,357,228,0
2026-09-09T04:40:54Z,tseriou,ba,3739,592,368,48
2026-09-09T04:40:54Z,prodromou,ab,2418,480,258,147
2026-09-09T04:40:54Z,prodromou,ba,2999,704,480,123
2026-09-09T04:40:54Z,akropoleos,ab,5010,1071,465,433
2026-09-09T04:40:54Z,akropoleos,ba,5833,1430,633,384
2026-09-09T04:40:54Z,athalassas,ab,2997,795,347,275
2026-09-09T04:40:54Z,athalassas,ba,4712,1435,628,616
2026-09-09T04:40:54Z,lemesou,ab,2798,541,415,0
2026-09-09T04:40:54Z,lemesou,ba,2007,594,196,363
2026-09-09T04:40:54Z,sp_kyprianou,ab,6489,795,584,0
2026-09-09T04:40:54Z,sp_kyprianou,ba,10369,1682,1164,0
2026-09-09T04:40:54Z,archangelou,ab,6502,771,603,3
2026-09-09T04:40:54Z,archangelou,ba,9009,1492,821,158
2026-09-09T04:40:54Z,konstantinoup,ab,2628,342,291,0
2026-09-09T04:40:54Z,konstantinoup,ba,2629,544,314,166
2026-09-09T04:40:54Z,stavrou,ab,2187,277,208,0
2026-09-09T04:40:54Z,stavrou,ba,2245,480,208,244
2026-09-09T04:40:54Z,makedonitissas,ab,2891,647,437,101
2026-09-09T04:40:54Z,makedonitissas,ba,2153,675,332,244
2026-09-09T04:40:54Z,armenias,ab,1079,205,120,23
2026-09-09T04:40:54Z,armenias,ba,1079,240,133,0
2026-09-09T04:40:54Z,arch_kyprianou,ab,1777,313,215,0
2026-09-09T04:40:54Z,arch_kyprianou,ba,2660,812,406,290
2026-09-09T04:40:54Z,a1_motorway,ab,10597,542,349,180
2026-09-09T04:40:54Z,a1_motorway,ba,14048,724,558,106
2026-09-09T04:40:54Z,makariou_lakat,ab,5849,719,517,0
2026-09-09T04:40:54Z,makariou_lakat,ba,6316,814,614,0
2026-09-09T04:40:54Z,griva_digeni,ab,4212,549,439,0
2026-09-09T04:40:54Z,griva_digeni,ba,6145,1216,824,0
2026-09-09T04:40:54Z,aglantzias,ab,1775,465,175,201
2026-09-09T04:40:54Z,aglantzias,ba,3098,603,373,141
2026-09-09T04:40:54Z,kranidioti,ab,1458,128,105,0
2026-09-09T04:40:54Z,kranidioti,ba,1652,152,117,0
2026-09-09T04:40:54Z,perimetrikos,ab,2510,331,225,0
2026-09-09T04:40:54Z,perimetrikos,ba,2094,186,161,0
2026-09-09T04:40:54Z,hatziiosif,ab,2049,586,196,345
2026-09-09T04:40:54Z,hatziiosif,ba,2571,603,318,82
2026-09-09T04:40:54Z,perikleous,ab,2016,413,273,2
2026-09-09T04:40:54Z,perikleous,ba,2649,658,274,320
2026-09-09T04:40:54Z,avraamidi,ab,1264,313,140,139
2026-09-09T04:40:54Z,avraamidi,ba,1266,204,149,2
2026-09-09T04:40:54Z,athinon,ab,1573,359,205,123
2026-09-09T04:40:54Z,athinon,ba,1040,286,131,2
2026-09-09T04:40:54Z,tasou_markou,ab,544,105,71,0
2026-09-09T04:40:54Z,tasou_markou,ba,492,57,55,0
2026-09-09T04:40:54Z,peiraios,ab,590,261,72,173
2026-09-09T04:40:54Z,peiraios,ba,590,95,64,0
2026-09-09T05:01:27Z,strovolou,ab,10078,1798,993,170
2026-09-09T05:01:27Z,strovolou,ba,4712,569,405,21
2026-09-09T05:01:27Z,tseriou,ab,2555,379,228,0
2026-09-09T05:01:27Z,tseriou,ba,3739,575,368,0
2026-09-09T05:01:27Z,prodromou,ab,2418,413,258,0
2026-09-09T05:01:27Z,prodromou,ba,3869,663,444,37
2026-09-09T05:01:27Z,akropoleos,ab,5010,987,465,324
2026-09-09T05:01:27Z,akropoleos,ba,8210,1408,594,565
2026-09-09T05:01:27Z,athalassas,ab,3054,626,385,0
2026-09-09T05:01:27Z,athalassas,ba,4712,1241,628,397
2026-09-09T05:01:27Z,lemesou,ab,2798,552,415,0
2026-09-09T05:01:27Z,lemesou,ba,2007,525,196,226
2026-09-09T05:01:27Z,sp_kyprianou,ab,6489,873,584,0
2026-09-09T05:01:27Z,sp_kyprianou,ba,8383,1646,948,193
2026-09-09T05:01:27Z,archangelou,ab,7265,773,521,130
2026-09-09T05:01:27Z,archangelou,ba,7779,1338,713,156
2026-09-09T05:01:27Z,konstantinoup,ab,2628,351,291,0
2026-09-09T05:01:27Z,konstantinoup,ba,2629,435,314,0
2026-09-09T05:01:27Z,stavrou,ab,2187,293,208,0
2026-09-09T05:01:27Z,stavrou,ba,2245,298,208,0
2026-09-09T05:01:27Z,makedonitissas,ab,2891,631,437,75
2026-09-09T05:01:27Z,makedonitissas,ba,2843,569,348,123
2026-09-09T05:01:27Z,armenias,ab,1079,192,120,0
2026-09-09T05:01:27Z,armenias,ba,1079,498,133,338
2026-09-09T05:01:27Z,arch_kyprianou,ab,1777,323,215,0
2026-09-09T05:01:27Z,arch_kyprianou,ba,2660,866,406,279
2026-09-09T05:01:27Z,a1_motorway,ab,10597,352,349,0
2026-09-09T05:01:27Z,a1_motorway,ba,14048,705,558,83
2026-09-09T05:01:27Z,makariou_lakat,ab,5849,881,517,193
2026-09-09T05:01:27Z,makariou_lakat,ba,6316,821,614,0
2026-09-09T05:01:27Z,griva_digeni,ab,4212,577,439,0
2026-09-09T05:01:27Z,griva_digeni,ba,6128,1261,794,187
2026-09-09T05:01:27Z,aglantzias,ab,1775,615,175,381
2026-09-09T05:01:27Z,aglantzias,ba,3098,610,373,141
2026-09-09T05:01:27Z,kranidioti,ab,1458,128,105,0
2026-09-09T05:01:27Z,kranidioti,ba,1652,155,117,0
2026-09-09T05:01:27Z,perimetrikos,ab,2510,326,225,0
2026-09-09T05:01:27Z,perimetrikos,ba,2094,189,161,0
2026-09-09T05:01:27Z,hatziiosif,ab,2049,426,196,153
2026-09-09T05:01:27Z,hatziiosif,ba,2381,632,311,214
2026-09-09T05:01:27Z,perikleous,ab,2016,453,273,0
2026-09-09T05:01:27Z,perikleous,ba,2649,432,274,0
2026-09-09T05:01:27Z,avraamidi,ab,1264,264,140,0
2026-09-09T05:01:27Z,avraamidi,ba,1266,216,149,0
2026-09-09T05:01:27Z,athinon,ab,1573,311,205,68
2026-09-09T05:01:27Z,athinon,ba,1040,329,131,1
2026-09-09T05:01:27Z,tasou_markou,ab,544,107,71,0
2026-09-09T05:01:27Z,tasou_markou,ba,492,57,55,0
2026-09-09T05:01:27Z,peiraios,ab,590,159,72,0
2026-09-09T05:01:27Z,peiraios,ba,590,106,64,0
2026-09-09T05:21:58Z,strovolou,ab,8039,1526,935,187
2026-09-09T05:21:58Z,strovolou,ba,4712,583,405,0
2026-09-09T05:21:58Z,tseriou,ab,2555,412,228,0
2026-09-09T05:21:58Z,tseriou,ba,3739,608,368,95
2026-09-09T05:21:58Z,prodromou,ab,2418,472,258,124
2026-09-09T05:21:58Z,prodromou,ba,3748,688,416,124
2026-09-09T05:21:58Z,akropoleos,ab,5010,1005,465,286
2026-09-09T05:21:58Z,akropoleos,ba,8210,1553,594,741
2026-09-09T05:21:58Z,athalassas,ab,2793,614,282,0
2026-09-09T05:21:58Z,athalassas,ba,4712,1219,628,350
2026-09-09T05:21:58Z,lemesou,ab,2812,567,415,0
2026-09-09T05:21:58Z,lemesou,ba,2007,658,196,422
2026-09-09T05:21:58Z,sp_kyprianou,ab,6489,873,584,0
2026-09-09T05:21:58Z,sp_kyprianou,ba,8262,1684,921,269
2026-09-09T05:21:58Z,archangelou,ab,7265,676,521,0
2026-09-09T05:21:58Z,archangelou,ba,7779,1343,713,145
2026-09-09T05:21:58Z,konstantinoup,ab,2628,348,291,0
2026-09-09T05:21:58Z,konstantinoup,ba,2629,429,314,0
2026-09-09T05:21:58Z,stavrou,ab,2187,304,208,0
2026-09-09T05:21:58Z,stavrou,ba,2245,306,208,0
2026-09-09T05:21:58Z,makedonitissas,ab,2797,553,387,0
2026-09-09T05:21:58Z,makedonitissas,ba,2153,476,332,0
2026-09-09T05:21:58Z,armenias,ab,1079,194,120,0
2026-09-09T05:21:58Z,armenias,ba,1079,277,133,0
2026-09-09T05:21:58Z,arch_kyprianou,ab,1777,346,215,0
2026-09-09T05:21:58Z,arch_kyprianou,ba,2660,754,406,224
2026-09-09T05:21:58Z,a1_motorway,ab,10597,351,349,0
2026-09-09T05:21:58Z,a1_motorway,ba,14048,622,558,0
2026-09-09T05:21:58Z,makariou_lakat,ab,5849,752,517,0
2026-09-09T05:21:58Z,makariou_lakat,ba,6316,837,614,0
2026-09-09T05:21:58Z,griva_digeni,ab,4212,603,439,0
2026-09-09T05:21:58Z,griva_digeni,ba,6184,1346,764,127
2026-09-09T05:21:58Z,aglantzias,ab,1775,382,175,2
2026-09-09T05:21:58Z,aglantzias,ba,3098,629,373,141
2026-09-09T05:21:58Z,kranidioti,ab,1458,130,105,0
2026-09-09T05:21:58Z,kranidioti,ba,1652,158,117,0
2026-09-09T05:21:58Z,perimetrikos,ab,2510,323,225,0
2026-09-09T05:21:58Z,perimetrikos,ba,2094,190,161,0
2026-09-09T05:21:58Z,hatziiosif,ab,2049,433,196,115
2026-09-09T05:21:58Z,hatziiosif,ba,2381,560,311,109
2026-09-09T05:21:58Z,perikleous,ab,2016,457,273,0
2026-09-09T05:21:58Z,perikleous,ba,2649,445,274,0
2026-09-09T05:21:58Z,avraamidi,ab,1264,276,140,0
2026-09-09T05:21:58Z,avraamidi,ba,1266,223,149,0
2026-09-09T05:21:58Z,athinon,ab,1573,314,205,68
2026-09-09T05:21:58Z,athinon,ba,1040,345,131,101
2026-09-09T05:21:58Z,tasou_markou,ab,544,109,71,0
2026-09-09T05:21:58Z,tasou_markou,ba,492,58,55,0
2026-09-09T05:21:58Z,peiraios,ab,590,150,72,0
2026-09-09T05:21:58Z,peiraios,ba,590,108,64,0
2026-09-09T05:42:34Z,strovolou,ab,6338,1268,678,228
2026-09-09T05:42:34Z,strovolou,ba,4712,572,405,0
2026-09-09T05:42:34Z,tseriou,ab,2555,410,228,0
2026-09-09T05:42:34Z,tseriou,ba,3739,606,368,109
2026-09-09T05:42:34Z,prodromou,ab,2418,572,258,253
2026-09-09T05:42:34Z,prodromou,ba,3748,626,416,0
2026-09-09T05:42:34Z,akropoleos,ab,5010,842,465,0
2026-09-09T05:42:34Z,akropoleos,ba,8210,1313,594,484
2026-09-09T05:42:34Z,athalassas,ab,2793,593,282,0
2026-09-09T05:42:34Z,athalassas,ba,4712,1043,628,167
2026-09-09T05:42:34Z,lemesou,ab,2014,395,213,0
2026-09-09T05:42:34Z,lemesou,ba,2388,583,301,103
2026-09-09T05:42:34Z,sp_kyprianou,ab,6489,845,584,0
2026-09-09T05:42:34Z,sp_kyprianou,ba,7777,1464,806,227
2026-09-09T05:42:34Z,archangelou,ab,7265,661,521,0
2026-09-09T05:42:34Z,archangelou,ba,6911,1102,592,227
2026-09-09T05:42:34Z,konstantinoup,ab,2628,346,291,0
2026-09-09T05:42:34Z,konstantinoup,ba,2629,409,314,0
2026-09-09T05:42:34Z,stavrou,ab,2187,294,208,0
2026-09-09T05:42:34Z,stavrou,ba,2245,292,208,0
2026-09-09T05:42:34Z,makedonitissas,ab,2904,509,404,0
2026-09-09T05:42:34Z,makedonitissas,ba,2705,412,289,40
2026-09-09T05:42:34Z,armenias,ab,1079,188,120,0
2026-09-09T05:42:34Z,armenias,ba,1079,272,133,0
2026-09-09T05:42:34Z,arch_kyprianou,ab,1701,324,217,18
2026-09-09T05:42:34Z,arch_kyprianou,ba,2447,641,363,154
2026-09-09T05:42:34Z,a1_motorway,ab,10597,351,349,0
2026-09-09T05:42:34Z,a1_motorway,ba,14048,610,558,0
2026-09-09T05:42:34Z,makariou_lakat,ab,5849,730,517,0
2026-09-09T05:42:34Z,makariou_lakat,ba,6316,815,614,0
2026-09-09T05:42:34Z,griva_digeni,ab,4212,600,439,0
2026-09-09T05:42:34Z,griva_digeni,ba,6184,1217,764,0
2026-09-09T05:42:34Z,aglantzias,ab,1775,351,175,3
2026-09-09T05:42:34Z,aglantzias,ba,3098,644,373,169
2026-09-09T05:42:34Z,kranidioti,ab,1458,125,105,0
2026-09-09T05:42:34Z,kranidioti,ba,1652,151,117,0
2026-09-09T05:42:34Z,perimetrikos,ab,2510,302,225,0
2026-09-09T05:42:34Z,perimetrikos,ba,2094,187,161,0
2026-09-09T05:42:34Z,hatziiosif,ab,2049,393,196,0
2026-09-09T05:42:34Z,hatziiosif,ba,2381,494,311,0
2026-09-09T05:42:34Z,perikleous,ab,2016,452,273,0
2026-09-09T05:42:34Z,perikleous,ba,2649,429,274,0
2026-09-09T05:42:34Z,avraamidi,ab,1264,259,140,0
2026-09-09T05:42:34Z,avraamidi,ba,1266,220,149,0
2026-09-09T05:42:34Z,athinon,ab,1573,277,205,31
2026-09-09T05:42:34Z,athinon,ba,1040,346,131,112
2026-09-09T05:42:34Z,tasou_markou,ab,544,108,71,0
2026-09-09T05:42:34Z,tasou_markou,ba,492,58,55,0
2026-09-09T05:42:34Z,peiraios,ab,590,145,72,0
2026-09-09T05:42:34Z,peiraios,ba,590,106,64,0
2026-09-09T11:23:22Z,strovolou,ab,5400,671,507,0
2026-09-09T11:23:22Z,strovolou,ba,4712,749,405,161
2026-09-09T11:23:22Z,tseriou,ab,3240,384,284,0
2026-09-09T11:23:22Z,tseriou,ba,3739,537,367,0
2026-09-09T11:23:22Z,prodromou,ab,2418,323,259,0
2026-09-09T11:23:22Z,prodromou,ba,2414,379,304,0
2026-09-09T11:23:22Z,akropoleos,ab,8641,1088,616,221
2026-09-09T11:23:22Z,akropoleos,ba,5145,897,481,108
2026-09-09T11:23:22Z,athalassas,ab,3199,607,421,8
2026-09-09T11:23:22Z,athalassas,ba,6362,866,609,0
2026-09-09T11:23:22Z,lemesou,ab,2014,531,213,221
2026-09-09T11:23:22Z,lemesou,ba,2007,372,196,0
2026-09-09T11:23:22Z,sp_kyprianou,ab,6614,1046,670,0
2026-09-09T11:23:22Z,sp_kyprianou,ba,7467,989,791,0
2026-09-09T11:23:22Z,archangelou,ab,6502,818,604,0
2026-09-09T11:23:22Z,archangelou,ba,6911,723,593,0
2026-09-09T11:23:22Z,konstantinoup,ab,2628,331,291,0
2026-09-09T11:23:22Z,konstantinoup,ba,2629,353,313,0
2026-09-09T11:23:22Z,stavrou,ab,2187,305,209,0
2026-09-09T11:23:22Z,stavrou,ba,2245,274,208,0
2026-09-09T11:23:22Z,makedonitissas,ab,2904,673,405,239
2026-09-09T11:23:22Z,makedonitissas,ba,2705,339,290,0
2026-09-09T11:23:22Z,armenias,ab,1079,162,120,0
2026-09-09T11:23:22Z,armenias,ba,1079,279,133,0
2026-09-09T11:23:22Z,arch_kyprianou,ab,1652,302,254,0
2026-09-09T11:23:22Z,arch_kyprianou,ba,1726,350,203,0
2026-09-09T11:23:22Z,a1_motorway,ab,10597,351,349,0
2026-09-09T11:23:22Z,a1_motorway,ba,14048,583,558,0
2026-09-09T11:23:22Z,makariou_lakat,ab,5849,697,519,0
2026-09-09T11:23:22Z,makariou_lakat,ba,6901,752,584,0
2026-09-09T11:23:22Z,griva_digeni,ab,4212,635,441,0
2026-09-09T11:23:22Z,griva_digeni,ba,5350,957,685,0
2026-09-09T11:23:22Z,aglantzias,ab,1775,220,175,0
2026-09-09T11:23:22Z,aglantzias,ba,3098,553,373,0
2026-09-09T11:23:22Z,kranidioti,ab,1458,113,105,0
2026-09-09T11:23:22Z,kranidioti,ba,1652,130,117,0
2026-09-09T11:23:22Z,perimetrikos,ab,2510,259,224,0
2026-09-09T11:23:22Z,perimetrikos,ba,2094,194,160,0
2026-09-09T11:23:22Z,hatziiosif,ab,2049,657,196,345
2026-09-09T11:23:22Z,hatziiosif,ba,2045,371,203,0
2026-09-09T11:23:22Z,perikleous,ab,2016,517,273,140
2026-09-09T11:23:22Z,perikleous,ba,2649,413,274,28
2026-09-09T11:23:22Z,avraamidi,ab,1264,231,141,0
2026-09-09T11:23:22Z,avraamidi,ba,1266,243,150,0
2026-09-09T11:23:22Z,athinon,ab,1440,249,215,0
2026-09-09T11:23:22Z,athinon,ba,1040,287,131,0
2026-09-09T11:23:22Z,tasou_markou,ab,544,87,71,0
2026-09-09T11:23:22Z,tasou_markou,ba,492,55,55,0
2026-09-09T11:23:22Z,peiraios,ab,590,114,72,0
2026-09-09T11:23:22Z,peiraios,ba,590,105,64,0
2026-09-09T13:45:34Z,strovolou,ab,5400,682,507,0
2026-09-09T13:45:34Z,strovolou,ba,4712,828,405,161
2026-09-09T13:45:34Z,tseriou,ab,3240,389,284,0
2026-09-09T13:45:34Z,tseriou,ba,3739,552,367,0
2026-09-09T13:45:34Z,prodromou,ab,2418,318,259,0
2026-09-09T13:45:34Z,prodromou,ba,2414,381,304,0
2026-09-09T13:45:34Z,akropoleos,ab,5010,1146,465,345
2026-09-09T13:45:34Z,akropoleos,ba,8177,873,597,40
2026-09-09T13:45:34Z,athalassas,ab,3185,672,421,0
2026-09-09T13:45:34Z,athalassas,ba,6362,860,609,0
2026-09-09T13:45:34Z,lemesou,ab,3427,590,353,0
2026-09-09T13:45:34Z,lemesou,ba,2007,423,196,162
2026-09-09T13:45:34Z,sp_kyprianou,ab,7006,1201,666,325
2026-09-09T13:45:34Z,sp_kyprianou,ba,7467,971,791,0
2026-09-09T13:45:34Z,archangelou,ab,7265,1019,522,325
2026-09-09T13:45:34Z,archangelou,ba,6911,738,593,0
2026-09-09T13:45:34Z,konstantinoup,ab,2628,330,291,0
2026-09-09T13:45:34Z,konstantinoup,ba,2629,350,313,0
2026-09-09T13:45:34Z,stavrou,ab,2187,333,209,0
2026-09-09T13:45:34Z,stavrou,ba,2245,270,208,0
2026-09-09T13:45:34Z,makedonitissas,ab,2797,675,387,206
2026-09-09T13:45:34Z,makedonitissas,ba,2705,362,290,0
2026-09-09T13:45:34Z,armenias,ab,1079,160,120,0
2026-09-09T13:45:34Z,armenias,ba,1079,305,133,0
2026-09-09T13:45:34Z,arch_kyprianou,ab,1652,324,254,0
2026-09-09T13:45:34Z,arch_kyprianou,ba,1726,363,203,0
2026-09-09T13:45:34Z,a1_motorway,ab,10597,351,349,0
2026-09-09T13:45:34Z,a1_motorway,ba,14048,576,558,0
2026-09-09T13:45:34Z,makariou_lakat,ab,5849,811,519,0
2026-09-09T13:45:34Z,makariou_lakat,ba,6901,777,584,0
2026-09-09T13:45:34Z,griva_digeni,ab,5053,758,580,0
2026-09-09T13:45:34Z,griva_digeni,ba,5350,948,685,0
2026-09-09T13:45:34Z,aglantzias,ab,1775,228,175,2
2026-09-09T13:45:34Z,aglantzias,ba,3098,593,373,120
2026-09-09T13:45:34Z,kranidioti,ab,1458,112,105,0
2026-09-09T13:45:34Z,kranidioti,ba,1652,152,117,0
2026-09-09T13:45:34Z,perimetrikos,ab,2510,265,224,0
2026-09-09T13:45:34Z,perimetrikos,ba,2094,221,160,0
2026-09-09T13:45:34Z,hatziiosif,ab,2049,674,196,345
2026-09-09T13:45:34Z,hatziiosif,ba,2045,361,203,0
2026-09-09T13:45:34Z,perikleous,ab,2016,527,273,140
2026-09-09T13:45:34Z,perikleous,ba,2649,418,274,33
2026-09-09T13:45:34Z,avraamidi,ab,1264,254,141,0
2026-09-09T13:45:34Z,avraamidi,ba,1266,273,150,0
2026-09-09T13:45:34Z,athinon,ab,1440,265,215,0
2026-09-09T13:45:34Z,athinon,ba,1040,304,131,0
2026-09-09T13:45:34Z,tasou_markou,ab,544,85,71,0
2026-09-09T13:45:34Z,tasou_markou,ba,492,54,55,0
2026-09-09T13:45:34Z,peiraios,ab,590,119,72,0
2026-09-09T13:45:34Z,peiraios,ba,590,116,64,0
2026-09-10T04:40:15Z,strovolou,ab,9962,2158,1278,426
2026-09-10T04:40:15Z,strovolou,ba,4712,564,405,27
2026-09-10T04:40:15Z,tseriou,ab,2555,360,229,0
2026-09-10T04:40:15Z,tseriou,ba,3739,554,367,0
2026-09-10T04:40:15Z,prodromou,ab,2418,475,259,156
2026-09-10T04:40:15Z,prodromou,ba,3869,714,445,135
2026-09-10T04:40:15Z,akropoleos,ab,5010,922,465,232
2026-09-10T04:40:15Z,akropoleos,ba,8210,1635,594,765
2026-09-10T04:40:15Z,athalassas,ab,3185,774,421,236
2026-09-10T04:40:15Z,athalassas,ba,4712,1269,630,465
2026-09-10T04:40:15Z,lemesou,ab,2798,537,414,0
2026-09-10T04:40:15Z,lemesou,ba,2007,519,196,271
2026-09-10T04:40:15Z,sp_kyprianou,ab,6489,802,585,0
2026-09-10T04:40:15Z,sp_kyprianou,ba,8383,1656,951,248
2026-09-10T04:40:15Z,archangelou,ab,6502,762,604,3
2026-09-10T04:40:15Z,archangelou,ba,8740,1769,855,733
2026-09-10T04:40:15Z,konstantinoup,ab,2628,332,291,0
2026-09-10T04:40:15Z,konstantinoup,ba,2629,623,313,264
2026-09-10T04:40:15Z,stavrou,ab,2187,274,209,0
2026-09-10T04:40:15Z,stavrou,ba,2245,278,208,0
2026-09-10T04:40:15Z,makedonitissas,ab,2904,573,405,54
2026-09-10T04:40:15Z,makedonitissas,ba,2153,612,333,167
2026-09-10T04:40:15Z,armenias,ab,1437,281,194,2
2026-09-10T04:40:15Z,armenias,ba,1079,385,133,183
2026-09-10T04:40:15Z,arch_kyprianou,ab,1777,312,215,0
2026-09-10T04:40:15Z,arch_kyprianou,ba,2660,804,406,284
2026-09-10T04:40:15Z,a1_motorway,ab,10597,565,349,212
2026-09-10T04:40:15Z,a1_motorway,ba,14048,904,558,329
2026-09-10T04:40:15Z,makariou_lakat,ab,5849,727,519,0
2026-09-10T04:40:15Z,makariou_lakat,ba,7490,883,707,0
2026-09-10T04:40:15Z,griva_digeni,ab,4212,559,441,0
2026-09-10T04:40:15Z,griva_digeni,ba,6145,1229,827,37
2026-09-10T04:40:15Z,aglantzias,ab,1775,564,175,343
2026-09-10T04:40:15Z,aglantzias,ba,3098,609,373,141
2026-09-10T04:40:15Z,kranidioti,ab,1458,128,105,0
2026-09-10T04:40:15Z,kranidioti,ba,1652,147,117,0
2026-09-10T04:40:15Z,perimetrikos,ab,2510,324,224,0
2026-09-10T04:40:15Z,perimetrikos,ba,2094,193,160,0
2026-09-10T04:40:15Z,hatziiosif,ab,2049,480,196,232
2026-09-10T04:40:15Z,hatziiosif,ba,4037,703,496,20
2026-09-10T04:40:15Z,perikleous,ab,2016,408,273,2
2026-09-10T04:40:15Z,perikleous,ba,2649,670,274,311
2026-09-10T04:40:15Z,avraamidi,ab,1301,278,217,29
2026-09-10T04:40:15Z,avraamidi,ba,1266,206,150,2
2026-09-10T04:40:15Z,athinon,ab,1573,331,205,88
2026-09-10T04:40:15Z,athinon,ba,1040,271,131,2
2026-09-10T04:40:15Z,tasou_markou,ab,544,103,71,0
2026-09-10T04:40:15Z,tasou_markou,ba,492,57,55,0
2026-09-10T04:40:15Z,peiraios,ab,590,323,72,240
2026-09-10T04:40:15Z,peiraios,ba,590,97,64,0
2026-09-10T05:00:55Z,strovolou,ab,9210,1791,875,485
2026-09-10T05:00:55Z,strovolou,ba,4712,578,405,21
2026-09-10T05:00:55Z,tseriou,ab,2555,382,229,0
2026-09-10T05:00:55Z,tseriou,ba,3739,569,367,0
2026-09-10T05:00:55Z,prodromou,ab,3095,560,375,0
2026-09-10T05:00:55Z,prodromou,ba,3748,686,417,145
2026-09-10T05:00:55Z,akropoleos,ab,7573,1143,690,5
2026-09-10T05:00:55Z,akropoleos,ba,8210,1470,594,580
2026-09-10T05:00:55Z,athalassas,ab,3201,921,431,394
2026-09-10T05:00:55Z,athalassas,ba,4712,1152,630,352
2026-09-10T05:00:55Z,lemesou,ab,2014,619,213,318
2026-09-10T05:00:55Z,lemesou,ba,2007,472,196,151
2026-09-10T05:00:55Z,sp_kyprianou,ab,6489,830,585,0
2026-09-10T05:00:55Z,sp_kyprianou,ba,7777,1613,808,468
2026-09-10T05:00:55Z,archangelou,ab,6295,829,626,0
2026-09-10T05:00:55Z,archangelou,ba,6911,1465,593,701
2026-09-10T05:00:55Z,konstantinoup,ab,2628,333,291,0
2026-09-10T05:00:55Z,konstantinoup,ba,2629,427,313,0
2026-09-10T05:00:55Z,stavrou,ab,2187,289,209,0
2026-09-10T05:00:55Z,stavrou,ba,2245,282,208,0
2026-09-10T05:00:55Z,makedonitissas,ab,2904,532,405,0
2026-09-10T05:00:55Z,makedonitissas,ba,2843,510,349,49
2026-09-10T05:00:55Z,armenias,ab,1079,199,120,0
2026-09-10T05:00:55Z,armenias,ba,1079,326,133,113
2026-09-10T05:00:55Z,arch_kyprianou,ab,1777,324,215,0
2026-09-10T05:00:55Z,arch_kyprianou,ba,2497,882,381,273
2026-09-10T05:00:55Z,a1_motorway,ab,10597,543,349,180
2026-09-10T05:00:55Z,a1_motorway,ba,14048,853,558,243
2026-09-10T05:00:55Z,makariou_lakat,ab,5849,761,519,0
2026-09-10T05:00:55Z,makariou_lakat,ba,6316,836,616,0
2026-09-10T05:00:55Z,griva_digeni,ab,4212,585,441,0
2026-09-10T05:00:55Z,griva_digeni,ba,6183,1274,871,0
2026-09-10T05:00:55Z,aglantzias,ab,1775,600,175,388
2026-09-10T05:00:55Z,aglantzias,ba,3098,636,373,148
2026-09-10T05:00:55Z,kranidioti,ab,1458,130,105,0
2026-09-10T05:00:55Z,kranidioti,ba,1652,152,117,0
2026-09-10T05:00:55Z,perimetrikos,ab,2510,321,224,0
2026-09-10T05:00:55Z,perimetrikos,ba,2094,196,160,0
2026-09-10T05:00:55Z,hatziiosif,ab,2049,558,196,316
2026-09-10T05:00:55Z,hatziiosif,ba,2045,631,203,306
2026-09-10T05:00:55Z,perikleous,ab,2016,432,273,1
2026-09-10T05:00:55Z,perikleous,ba,2649,558,274,189
2026-09-10T05:00:55Z,avraamidi,ab,1301,293,217,39
2026-09-10T05:00:55Z,avraamidi,ba,1266,212,150,1
2026-09-10T05:00:55Z,athinon,ab,1573,304,205,54
2026-09-10T05:00:55Z,athinon,ba,1040,293,131,1
2026-09-10T05:00:55Z,tasou_markou,ab,544,106,71,0
2026-09-10T05:00:55Z,tasou_markou,ba,492,57,55,0
2026-09-10T05:00:55Z,peiraios,ab,1048,303,229,49
2026-09-10T05:00:55Z,peiraios,ba,590,99,64,0
2026-09-10T05:21:31Z,strovolou,ab,6616,1334,718,138
2026-09-10T05:21:31Z,strovolou,ba,4712,586,405,0
2026-09-10T05:21:31Z,tseriou,ab,2555,418,229,0
2026-09-10T05:21:31Z,tseriou,ba,3739,637,367,138
2026-09-10T05:21:31Z,prodromou,ab,2418,407,259,0
2026-09-10T05:21:31Z,prodromou,ba,3748,667,417,96
2026-09-10T05:21:31Z,akropoleos,ab,5010,987,465,256
2026-09-10T05:21:31Z,akropoleos,ba,5145,1422,481,574
2026-09-10T05:21:31Z,athalassas,ab,3552,874,472,157
2026-09-10T05:21:31Z,athalassas,ba,4712,1247,630,403
2026-09-10T05:21:31Z,lemesou,ab,2014,542,213,155
2026-09-10T05:21:31Z,lemesou,ba,2007,722,196,485
2026-09-10T05:21:31Z,sp_kyprianou,ab,6489,866,585,0
2026-09-10T05:21:31Z,sp_kyprianou,ba,7777,1596,808,432
2026-09-10T05:21:31Z,archangelou,ab,7265,791,522,133
2026-09-10T05:21:31Z,archangelou,ba,6911,1221,593,336
2026-09-10T05:21:31Z,konstantinoup,ab,2628,334,291,0
2026-09-10T05:21:31Z,konstantinoup,ba,2629,427,313,0
2026-09-10T05:21:31Z,stavrou,ab,2187,305,209,0
2026-09-10T05:21:31Z,stavrou,ba,2245,291,208,0
2026-09-10T05:21:31Z,makedonitissas,ab,2904,541,405,0
2026-09-10T05:21:31Z,makedonitissas,ba,2705,411,290,0
2026-09-10T05:21:31Z,armenias,ab,1079,205,120,0
2026-09-10T05:21:31Z,armenias,ba,1079,283,133,0
2026-09-10T05:21:31Z,arch_kyprianou,ab,1701,334,217,0
2026-09-10T05:21:31Z,arch_kyprianou,ba,2473,665,353,90
2026-09-10T05:21:31Z,a1_motorway,ab,10597,351,349,0
2026-09-10T05:21:31Z,a1_motorway,ba,14048,626,558,0
2026-09-10T05:21:31Z,makariou_lakat,ab,5849,777,519,0
2026-09-10T05:21:31Z,makariou_lakat,ba,6316,856,616,0
2026-09-10T05:21:31Z,griva_digeni,ab,4212,611,441,0
2026-09-10T05:21:31Z,griva_digeni,ba,6184,1274,766,128
2026-09-10T05:21:31Z,aglantzias,ab,1775,409,175,123
2026-09-10T05:21:31Z,aglantzias,ba,3098,652,373,169
2026-09-10T05:21:31Z,kranidioti,ab,1458,134,105,0
2026-09-10T05:21:31Z,kranidioti,ba,1652,156,117,0
2026-09-10T05:21:31Z,perimetrikos,ab,2510,402,224,131
2026-09-10T05:21:31Z,perimetrikos,ba,2094,195,160,0
2026-09-10T05:21:31Z,hatziiosif,ab,2049,397,196,85
2026-09-10T05:21:31Z,hatziiosif,ba,2045,570,203,146
2026-09-10T05:21:31Z,perikleous,ab,2016,460,273,1
2026-09-10T05:21:31Z,perikleous,ba,1593,479,312,1
2026-09-10T05:21:31Z,avraamidi,ab,1301,287,217,28
2026-09-10T05:21:31Z,avraamidi,ba,1266,224,150,1
2026-09-10T05:21:31Z,athinon,ab,1440,303,215,54
2026-09-10T05:21:31Z,athinon,ba,1040,369,131,139
2026-09-10T05:21:31Z,tasou_markou,ab,544,105,71,0
2026-09-10T05:21:31Z,tasou_markou,ba,492,57,55,0
2026-09-10T05:21:31Z,peiraios,ab,590,150,72,0
2026-09-10T05:21:31Z,peiraios,ba,590,109,64,0
2026-09-10T05:42:10Z,strovolou,ab,5400,1212,507,579
2026-09-10T05:42:10Z,strovolou,ba,4712,579,405,0
2026-09-10T05:42:10Z,tseriou,ab,2555,421,229,0
2026-09-10T05:42:10Z,tseriou,ba,3739,573,367,0
2026-09-10T05:42:10Z,prodromou,ab,2418,485,259,160
2026-09-10T05:42:10Z,prodromou,ba,3748,618,417,0
2026-09-10T05:42:10Z,akropoleos,ab,5010,848,465,0
2026-09-10T05:42:10Z,akropoleos,ba,5145,1194,481,242
2026-09-10T05:42:10Z,athalassas,ab,3199,651,421,92
2026-09-10T05:42:10Z,athalassas,ba,4712,990,630,117
2026-09-10T05:42:10Z,lemesou,ab,2014,405,213,0
2026-09-10T05:42:10Z,lemesou,ba,2576,654,393,52
2026-09-10T05:42:10Z,sp_kyprianou,ab,6489,843,585,0
2026-09-10T05:42:10Z,sp_kyprianou,ba,7777,1466,808,271
2026-09-10T05:42:10Z,archangelou,ab,7265,679,522,0
2026-09-10T05:42:10Z,archangelou,ba,6742,1079,668,0
2026-09-10T05:42:10Z,konstantinoup,ab,2628,330,291,0
2026-09-10T05:42:10Z,konstantinoup,ba,2629,414,313,0
2026-09-10T05:42:10Z,stavrou,ab,2187,294,209,0
2026-09-10T05:42:10Z,stavrou,ba,2245,283,208,0
2026-09-10T05:42:10Z,makedonitissas,ab,2904,515,405,0
2026-09-10T05:42:10Z,makedonitissas,ba,2705,390,290,0
2026-09-10T05:42:10Z,armenias,ab,1079,198,120,0
2026-09-10T05:42:10Z,armenias,ba,1079,276,133,0
2026-09-10T05:42:10Z,arch_kyprianou,ab,1701,322,217,0
2026-09-10T05:42:10Z,arch_kyprianou,ba,2260,635,310,154
2026-09-10T05:42:10Z,a1_motorway,ab,10597,351,349,0
2026-09-10T05:42:10Z,a1_motorway,ba,14048,699,558,85
2026-09-10T05:42:10Z,makariou_lakat,ab,5849,752,519,0
2026-09-10T05:42:10Z,makariou_lakat,ba,6316,829,616,0
2026-09-10T05:42:10Z,griva_digeni,ab,4212,608,441,0
2026-09-10T05:42:10Z,griva_digeni,ba,6184,1229,766,0
2026-09-10T05:42:10Z,aglantzias,ab,1775,345,175,2
2026-09-10T05:42:10Z,aglantzias,ba,3098,622,373,141
2026-09-10T05:42:10Z,kranidioti,ab,1458,131,105,0
2026-09-10T05:42:10Z,kranidioti,ba,1652,150,117,0
2026-09-10T05:42:10Z,perimetrikos,ab,2510,417,224,148
2026-09-10T05:42:10Z,perimetrikos,ba,2094,193,160,0
2026-09-10T05:42:10Z,hatziiosif,ab,2049,392,196,0
2026-09-10T05:42:10Z,hatziiosif,ba,2045,459,203,0
2026-09-10T05:42:10Z,perikleous,ab,2016,456,273,0
2026-09-10T05:42:10Z,perikleous,ba,2649,429,274,0
2026-09-10T05:42:10Z,avraamidi,ab,1293,321,192,0
2026-09-10T05:42:10Z,avraamidi,ba,1266,224,150,0
2026-09-10T05:42:10Z,athinon,ab,1440,271,215,23
2026-09-10T05:42:10Z,athinon,ba,1040,312,131,1
2026-09-10T05:42:10Z,tasou_markou,ab,544,105,71,0
2026-09-10T05:42:10Z,tasou_markou,ba,492,57,55,0
2026-09-10T05:42:10Z,peiraios,ab,590,145,72,0
2026-09-10T05:42:10Z,peiraios,ba,590,109,64,0
2026-09-10T11:09:51Z,strovolou,ab,5400,666,507,0
2026-09-10T11:09:51Z,strovolou,ba,4712,802,405,198
2026-09-10T11:09:51Z,tseriou,ab,3240,380,284,0
2026-09-10T11:09:51Z,tseriou,ba,3739,524,367,0
2026-09-10T11:09:51Z,prodromou,ab,2418,328,259,0
2026-09-10T11:09:51Z,prodromou,ba,2414,380,304,0
2026-09-10T11:09:51Z,akropoleos,ab,7765,1255,726,198
2026-09-10T11:09:51Z,akropoleos,ba,5145,854,481,89
2026-09-10T11:09:51Z,athalassas,ab,3054,689,383,131
2026-09-10T11:09:51Z,athalassas,ba,6037,888,532,0
2026-09-10T11:09:51Z,lemesou,ab,2798,554,414,0
2026-09-10T11:09:51Z,lemesou,ba,2007,422,196,128
2026-09-10T11:09:51Z,sp_kyprianou,ab,7131,1175,751,182
2026-09-10T11:09:51Z,sp_kyprianou,ba,6573,902,630,0
2026-09-10T11:09:51Z,archangelou,ab,8138,860,696,0
2026-09-10T11:09:51Z,archangelou,ba,6911,710,593,0
2026-09-10T11:09:51Z,konstantinoup,ab,2628,318,291,0
2026-09-10T11:09:51Z,konstantinoup,ba,2629,357,313,0
2026-09-10T11:09:51Z,stavrou,ab,2187,312,209,0
2026-09-10T11:09:51Z,stavrou,ba,2245,272,208,0
2026-09-10T11:09:51Z,makedonitissas,ab,2797,538,387,40
2026-09-10T11:09:51Z,makedonitissas,ba,2705,330,290,0
2026-09-10T11:09:51Z,armenias,ab,1079,159,120,0
2026-09-10T11:09:51Z,armenias,ba,1264,355,187,79
2026-09-10T11:09:51Z,arch_kyprianou,ab,1652,307,254,0
2026-09-10T11:09:51Z,arch_kyprianou,ba,1726,343,203,0
2026-09-10T11:09:51Z,a1_motorway,ab,10597,351,349,0
2026-09-10T11:09:51Z,a1_motorway,ba,14048,582,558,0
2026-09-10T11:09:51Z,makariou_lakat,ab,6453,690,562,0
2026-09-10T11:09:51Z,makariou_lakat,ba,6901,752,584,0
2026-09-10T11:09:51Z,griva_digeni,ab,4212,739,441,180
2026-09-10T11:09:51Z,griva_digeni,ba,5350,960,685,0
2026-09-10T11:09:51Z,aglantzias,ab,1775,225,175,0
2026-09-10T11:09:51Z,aglantzias,ba,3098,539,373,0
2026-09-10T11:09:51Z,kranidioti,ab,1458,114,105,0
2026-09-10T11:09:51Z,kranidioti,ba,1652,126,117,0
2026-09-10T11:09:51Z,perimetrikos,ab,2510,257,224,0
2026-09-10T11:09:51Z,perimetrikos,ba,2094,193,160,0
2026-09-10T11:09:51Z,hatziiosif,ab,2049,648,196,345
2026-09-10T11:09:51Z,hatziiosif,ba,2045,346,203,0
2026-09-10T11:09:51Z,perikleous,ab,2238,517,233,0
2026-09-10T11:09:51Z,perikleous,ba,2649,399,274,0
2026-09-10T11:09:51Z,avraamidi,ab,1264,210,141,0
2026-09-10T11:09:51Z,avraamidi,ba,1266,226,150,0
2026-09-10T11:09:51Z,athinon,ab,1573,254,205,0
2026-09-10T11:09:51Z,athinon,ba,1040,273,131,0
2026-09-10T11:09:51Z,tasou_markou,ab,544,87,71,0
2026-09-10T11:09:51Z,tasou_markou,ba,492,55,55,0
2026-09-10T11:09:51Z,peiraios,ab,590,114,72,0
2026-09-10T11:09:51Z,peiraios,ba,590,111,64,0
2026-09-10T11:20:20Z,strovolou,ab,5400,670,507,0
2026-09-10T11:20:20Z,strovolou,ba,4712,757,405,123
2026-09-10T11:20:20Z,tseriou,ab,3240,383,284,0
2026-09-10T11:20:20Z,tseriou,ba,3739,527,367,0
2026-09-10T11:20:20Z,prodromou,ab,2418,331,259,0
2026-09-10T11:20:20Z,prodromou,ba,3831,567,421,0
2026-09-10T11:20:20Z,akropoleos,ab,8779,1141,694,250
2026-09-10T11:20:20Z,akropoleos,ba,8177,886,597,124
2026-09-10T11:20:20Z,athalassas,ab,3199,710,421,120
2026-09-10T11:20:20Z,athalassas,ba,6037,897,532,0
2026-09-10T11:20:20Z,lemesou,ab,3331,603,420,98
2026-09-10T11:20:20Z,lemesou,ba,2355,435,285,9
2026-09-10T11:20:20Z,sp_kyprianou,ab,7006,1252,666,415
2026-09-10T11:20:20Z,sp_kyprianou,ba,6573,908,630,0
2026-09-10T11:20:20Z,archangelou,ab,8138,865,696,0
2026-09-10T11:20:20Z,archangelou,ba,6911,715,593,0
2026-09-10T11:20:20Z,konstantinoup,ab,2628,318,291,0
2026-09-10T11:20:20Z,konstantinoup,ba,2629,359,313,0
2026-09-10T11:20:20Z,stavrou,ab,2187,322,209,0
2026-09-10T11:20:20Z,stavrou,ba,2245,274,208,0
2026-09-10T11:20:20Z,makedonitissas,ab,2797,530,387,26
2026-09-10T11:20:20Z,makedonitissas,ba,2705,331,290,0
2026-09-10T11:20:20Z,armenias,ab,1079,160,120,0
2026-09-10T11:20:20Z,armenias,ba,1264,343,187,53
2026-09-10T11:20:20Z,arch_kyprianou,ab,1652,308,254,0
2026-09-10T11:20:20Z,arch_kyprianou,ba,1726,345,203,0
2026-09-10T11:20:20Z,a1_motorway,ab,10597,351,349,0
2026-09-10T11:20:20Z,a1_motorway,ba,14048,583,558,0
2026-09-10T11:20:20Z,makariou_lakat,ab,6453,696,562,0
2026-09-10T11:20:20Z,makariou_lakat,ba,6901,759,584,0
2026-09-10T11:20:20Z,griva_digeni,ab,4212,748,441,187
2026-09-10T11:20:20Z,griva_digeni,ba,5350,964,685,0
2026-09-10T11:20:20Z,aglantzias,ab,1775,226,175,0
2026-09-10T11:20:20Z,aglantzias,ba,3098,565,373,52
2026-09-10T11:20:20Z,kranidioti,ab,1458,115,105,0
2026-09-10T11:20:20Z,kranidioti,ba,1652,127,117,0
2026-09-10T11:20:20Z,perimetrikos,ab,2510,258,224,0
2026-09-10T11:20:20Z,perimetrikos,ba,2094,194,160,0
2026-09-10T11:20:20Z,hatziiosif,ab,3193,625,398,125
2026-09-10T11:20:20Z,hatziiosif,ba,2045,349,203,0
2026-09-10T11:20:20Z,perikleous,ab,2276,505,322,0
2026-09-10T11:20:20Z,perikleous,ba,2649,402,274,0
2026-09-10T11:20:20Z,avraamidi,ab,1264,211,141,0
2026-09-10T11:20:20Z,avraamidi,ba,1266,229,150,0
2026-09-10T11:20:20Z,athinon,ab,1573,255,205,0
2026-09-10T11:20:20Z,athinon,ba,1040,278,131,0
2026-09-10T11:20:20Z,tasou_markou,ab,544,87,71,0
2026-09-10T11:20:20Z,tasou_markou,ba,492,55,55,0
2026-09-10T11:20:20Z,peiraios,ab,590,115,72,0
2026-09-10T11:20:20Z,peiraios,ba,590,113,64,0
2026-09-11T04:43:01Z,strovolou,ab,7634,1754,818,550
2026-09-11T04:43:01Z,strovolou,ba,4712,557,405,17
2026-09-11T04:43:01Z,tseriou,ab,2555,361,229,0
2026-09-11T04:43:01Z,tseriou,ba,3739,541,367,0
2026-09-11T04:43:01Z,prodromou,ab,3208,571,417,0
2026-09-11T04:43:01Z,prodromou,ba,2414,721,304,362
2026-09-11T04:43:01Z,akropoleos,ab,8385,948,629,88
2026-09-11T04:43:01Z,akropoleos,ba,5145,1261,481,460
2026-09-11T04:43:01Z,athalassas,ab,2793,598,280,111
2026-09-11T04:43:01Z,athalassas,ba,4712,1117,630,323
2026-09-11T04:43:01Z,lemesou,ab,2014,341,213,0
2026-09-11T04:43:01Z,lemesou,ba,2007,601,196,368
2026-09-11T04:43:01Z,sp_kyprianou,ab,6489,827,585,0
2026-09-11T04:43:01Z,sp_kyprianou,ba,11264,1722,1264,0
2026-09-11T04:43:01Z,archangelou,ab,7265,685,522,18
2026-09-11T04:43:01Z,archangelou,ba,7086,1432,734,296
2026-09-11T04:43:01Z,konstantinoup,ab,2628,554,291,245
2026-09-11T04:43:01Z,konstantinoup,ba,2629,406,313,0
2026-09-11T04:43:01Z,stavrou,ab,2187,287,209,0
2026-09-11T04:43:01Z,stavrou,ba,2245,291,208,0
2026-09-11T04:43:01Z,makedonitissas,ab,2904,538,405,0
2026-09-11T04:43:01Z,makedonitissas,ba,2705,375,290,0
2026-09-11T04:43:01Z,armenias,ab,1437,337,194,58
2026-09-11T04:43:01Z,armenias,ba,1079,294,133,94
2026-09-11T04:43:01Z,arch_kyprianou,ab,1701,313,217,0
2026-09-11T04:43:01Z,arch_kyprianou,ba,2473,730,353,172
2026-09-11T04:43:01Z,a1_motorway,ab,10597,373,349,21
2026-09-11T04:43:01Z,a1_motorway,ba,14048,973,558,397
2026-09-11T04:43:01Z,makariou_lakat,ab,5849,716,519,0
2026-09-11T04:43:01Z,makariou_lakat,ba,6316,812,616,0
2026-09-11T04:43:01Z,griva_digeni,ab,4212,570,441,0
2026-09-11T04:43:01Z,griva_digeni,ba,6145,1214,827,37
2026-09-11T04:43:01Z,aglantzias,ab,4208,837,387,338
2026-09-11T04:43:01Z,aglantzias,ba,3098,657,373,207
2026-09-11T04:43:01Z,kranidioti,ab,1458,122,105,0
2026-09-11T04:43:01Z,kranidioti,ba,1652,147,117,0
2026-09-11T04:43:01Z,perimetrikos,ab,2510,309,224,0
2026-09-11T04:43:01Z,perimetrikos,ba,2094,190,160,0
2026-09-11T04:43:01Z,hatziiosif,ab,4136,712,330,248
2026-09-11T04:43:01Z,hatziiosif,ba,2045,462,203,122
2026-09-11T04:43:01Z,perikleous,ab,2016,410,273,0
2026-09-11T04:43:01Z,perikleous,ba,2649,407,274,0
2026-09-11T04:43:01Z,avraamidi,ab,1293,280,192,0
2026-09-11T04:43:01Z,avraamidi,ba,1266,203,150,0
2026-09-11T04:43:01Z,athinon,ab,1573,298,205,54
2026-09-11T04:43:01Z,athinon,ba,1040,266,131,1
2026-09-11T04:43:01Z,tasou_markou,ab,544,105,71,0
2026-09-11T04:43:01Z,tasou_markou,ba,492,58,55,0
2026-09-11T04:43:01Z,peiraios,ab,590,142,72,0
2026-09-11T04:43:01Z,peiraios,ba,590,98,64,0
2026-09-11T05:07:43Z,strovolou,ab,7418,1412,774,125
2026-09-11T05:07:43Z,strovolou,ba,4712,595,405,17
2026-09-11T05:07:43Z,tseriou,ab,2555,400,229,0
2026-09-11T05:07:43Z,tseriou,ba,3739,581,367,0
2026-09-11T05:07:43Z,prodromou,ab,2418,518,259,199
2026-09-11T05:07:43Z,prodromou,ba,3869,671,445,32
2026-09-11T05:07:43Z,akropoleos,ab,8641,919,616,0
2026-09-11T05:07:43Z,akropoleos,ba,8210,1328,594,455
2026-09-11T05:07:43Z,athalassas,ab,3364,687,434,25
2026-09-11T05:07:43Z,athalassas,ba,4712,1103,630,251
2026-09-11T05:07:43Z,lemesou,ab,2014,382,213,0
2026-09-11T05:07:43Z,lemesou,ba,2007,481,196,190
2026-09-11T05:07:43Z,sp_kyprianou,ab,6489,868,585,0
2026-09-11T05:07:43Z,sp_kyprianou,ba,7790,1513,828,259
2026-09-11T05:07:43Z,archangelou,ab,7265,693,522,0
2026-09-11T05:07:43Z,archangelou,ba,6985,1127,685,0
2026-09-11T05:07:43Z,konstantinoup,ab,2628,342,291,0
2026-09-11T05:07:43Z,konstantinoup,ba,2629,413,313,0
2026-09-11T05:07:43Z,stavrou,ab,2187,313,209,0
2026-09-11T05:07:43Z,stavrou,ba,2245,308,208,0
2026-09-11T05:07:43Z,makedonitissas,ab,2904,545,405,0
2026-09-11T05:07:43Z,makedonitissas,ba,2705,376,290,0
2026-09-11T05:07:43Z,armenias,ab,1079,201,120,0
2026-09-11T05:07:43Z,armenias,ba,1079,250,133,0
2026-09-11T05:07:43Z,arch_kyprianou,ab,1777,346,215,0
2026-09-11T05:07:43Z,arch_kyprianou,ba,2660,704,406,121
2026-09-11T05:07:43Z,a1_motorway,ab,10597,351,349,0
2026-09-11T05:07:43Z,a1_motorway,ba,14048,650,558,35
2026-09-11T05:07:43Z,makariou_lakat,ab,5849,849,519,163
2026-09-11T05:07:43Z,makariou_lakat,ba,6316,849,616,0
2026-09-11T05:07:43Z,griva_digeni,ab,4212,609,441,0
2026-09-11T05:07:43Z,griva_digeni,ba,6795,1257,861,0
2026-09-11T05:07:43Z,aglantzias,ab,1775,522,175,295
2026-09-11T05:07:43Z,aglantzias,ba,3098,612,373,141
2026-09-11T05:07:43Z,kranidioti,ab,1458,126,105,0
2026-09-11T05:07:43Z,kranidioti,ba,1652,154,117,0
2026-09-11T05:07:43Z,perimetrikos,ab,2510,310,224,0
2026-09-11T05:07:43Z,perimetrikos,ba,2094,192,160,0
2026-09-11T05:07:43Z,hatziiosif,ab,2049,494,196,219
2026-09-11T05:07:43Z,hatziiosif,ba,2045,617,203,331
2026-09-11T05:07:43Z,perikleous,ab,2016,453,273,0
2026-09-11T05:07:43Z,perikleous,ba,2649,432,274,0
2026-09-11T05:07:43Z,avraamidi,ab,1293,296,192,0
2026-09-11T05:07:43Z,avraamidi,ba,1266,217,150,0
2026-09-11T05:07:43Z,athinon,ab,1573,308,205,54
2026-09-11T05:07:43Z,athinon,ba,1040,307,131,1
2026-09-11T05:07:43Z,tasou_markou,ab,544,107,71,0
2026-09-11T05:07:43Z,tasou_markou,ba,492,58,55,0
2026-09-11T05:07:43Z,peiraios,ab,590,152,72,0
2026-09-11T05:07:43Z,peiraios,ba,590,108,64,0
2026-09-11T05:20:15Z,strovolou,ab,6616,1217,718,90
2026-09-11T05:20:15Z,strovolou,ba,4712,582,405,0
2026-09-11T05:20:15Z,tseriou,ab,2555,405,229,0
2026-09-11T05:20:15Z,tseriou,ba,3739,577,367,0
2026-09-11T05:20:15Z,prodromou,ab,2418,387,259,0
2026-09-11T05:20:15Z,prodromou,ba,3951,697,471,39
2026-09-11T05:20:15Z,akropoleos,ab,8641,918,616,0
2026-09-11T05:20:15Z,akropoleos,ba,8210,1337,594,512
2026-09-11T05:20:15Z,athalassas,ab,3185,771,421,236
2026-09-11T05:20:15Z,athalassas,ba,6362,1054,609,150
2026-09-11T05:20:15Z,lemesou,ab,2014,381,213,0
2026-09-11T05:20:15Z,lemesou,ba,2349,558,322,0
2026-09-11T05:20:15Z,sp_kyprianou,ab,6489,858,585,0
2026-09-11T05:20:15Z,sp_kyprianou,ba,7150,1447,761,195
2026-09-11T05:20:15Z,archangelou,ab,7265,690,522,0
2026-09-11T05:20:15Z,archangelou,ba,6911,1067,593,156
2026-09-11T05:20:15Z,konstantinoup,ab,2628,426,291,114
2026-09-11T05:20:15Z,konstantinoup,ba,2629,407,313,0
2026-09-11T05:20:15Z,stavrou,ab,2187,313,209,0
2026-09-11T05:20:15Z,stavrou,ba,2245,303,208,0
2026-09-11T05:20:15Z,makedonitissas,ab,2904,537,405,0
2026-09-11T05:20:15Z,makedonitissas,ba,2705,370,290,0
2026-09-11T05:20:15Z,armenias,ab,1079,197,120,0
2026-09-11T05:20:15Z,armenias,ba,1079,252,133,0
2026-09-11T05:20:15Z,arch_kyprianou,ab,1701,338,217,18
2026-09-11T05:20:15Z,arch_kyprianou,ba,2473,634,353,90
2026-09-11T05:20:15Z,a1_motorway,ab,10597,352,349,0
2026-09-11T05:20:15Z,a1_motorway,ba,14048,604,558,0
2026-09-11T05:20:15Z,makariou_lakat,ab,5849,825,519,136
2026-09-11T05:20:15Z,makariou_lakat,ba,6316,843,616,0
2026-09-11T05:20:15Z,griva_digeni,ab,4212,616,441,0
2026-09-11T05:20:15Z,griva_digeni,ba,6795,1252,861,0
2026-09-11T05:20:15Z,aglantzias,ab,1775,390,175,117
2026-09-11T05:20:15Z,aglantzias,ba,3098,672,373,207
2026-09-11T05:20:15Z,kranidioti,ab,1458,125,105,0
2026-09-11T05:20:15Z,kranidioti,ba,1652,151,117,0
2026-09-11T05:20:15Z,perimetrikos,ab,2510,303,224,0
2026-09-11T05:20:15Z,perimetrikos,ba,2094,192,160,0
2026-09-11T05:20:15Z,hatziiosif,ab,4136,587,330,5
2026-09-11T05:20:15Z,hatziiosif,ba,2571,531,318,0
2026-09-11T05:20:15Z,perikleous,ab,2016,456,273,0
2026-09-11T05:20:15Z,perikleous,ba,2649,430,274,0
2026-09-11T05:20:15Z,avraamidi,ab,1264,245,141,0
2026-09-11T05:20:15Z,avraamidi,ba,1266,220,150,0
2026-09-11T05:20:15Z,athinon,ab,1440,280,215,31
2026-09-11T05:20:15Z,athinon,ba,1040,308,131,1
2026-09-11T05:20:15Z,tasou_markou,ab,544,106,71,0
2026-09-11T05:20:15Z,tasou_markou,ba,492,58,55,0
2026-09-11T05:20:15Z,peiraios,ab,590,146,72,0
2026-09-11T05:20:15Z,peiraios,ba,590,110,64,0
2026-09-11T05:44:57Z,strovolou,ab,5400,923,507,168
2026-09-11T05:44:57Z,strovolou,ba,4712,574,405,0
2026-09-11T05:44:57Z,tseriou,ab,2555,407,229,0
2026-09-11T05:44:57Z,tseriou,ba,3739,564,367,0
2026-09-11T05:44:57Z,prodromou,ab,2418,369,259,0
2026-09-11T05:44:57Z,prodromou,ba,2414,527,304,153
2026-09-11T05:44:57Z,akropoleos,ab,8641,906,616,0
2026-09-11T05:44:57Z,akropoleos,ba,5145,1102,481,222
2026-09-11T05:44:57Z,athalassas,ab,2793,568,280,0
2026-09-11T05:44:57Z,athalassas,ba,4619,1095,563,260
2026-09-11T05:44:57Z,lemesou,ab,2014,372,213,0
2026-09-11T05:44:57Z,lemesou,ba,2388,551,302,86
2026-09-11T05:44:57Z,sp_kyprianou,ab,6489,827,585,0
2026-09-11T05:44:57Z,sp_kyprianou,ba,7777,1241,808,0
2026-09-11T05:44:57Z,archangelou,ab,7265,675,522,0
2026-09-11T05:44:57Z,archangelou,ba,6911,907,593,0
2026-09-11T05:44:57Z,konstantinoup,ab,2628,332,291,0
2026-09-11T05:44:57Z,konstantinoup,ba,2629,388,313,0
2026-09-11T05:44:57Z,stavrou,ab,2187,303,209,0
2026-09-11T05:44:57Z,stavrou,ba,2245,291,208,0
2026-09-11T05:44:57Z,makedonitissas,ab,2904,516,405,0
2026-09-11T05:44:57Z,makedonitissas,ba,2705,356,290,0
2026-09-11T05:44:57Z,armenias,ab,1079,189,120,0
2026-09-11T05:44:57Z,armenias,ba,1079,251,133,0
2026-09-11T05:44:57Z,arch_kyprianou,ab,1701,316,217,0
2026-09-11T05:44:57Z,arch_kyprianou,ba,2260,503,310,0
2026-09-11T05:44:57Z,a1_motorway,ab,10597,351,349,0
2026-09-11T05:44:57Z,a1_motorway,ba,14048,598,558,0
2026-09-11T05:44:57Z,makariou_lakat,ab,5849,733,519,0
2026-09-11T05:44:57Z,makariou_lakat,ba,6316,823,616,0
2026-09-11T05:44:57Z,griva_digeni,ab,4212,605,441,0
2026-09-11T05:44:57Z,griva_digeni,ba,6145,1212,827,0
2026-09-11T05:44:57Z,aglantzias,ab,1775,305,175,3
2026-09-11T05:44:57Z,aglantzias,ba,3098,633,373,169
2026-09-11T05:44:57Z,kranidioti,ab,1458,123,105,0
2026-09-11T05:44:57Z,kranidioti,ba,1652,146,117,0
2026-09-11T05:44:57Z,perimetrikos,ab,2510,385,224,121
2026-09-11T05:44:57Z,perimetrikos,ba,2094,190,160,0
2026-09-11T05:44:57Z,hatziiosif,ab,2049,510,196,236
2026-09-11T05:44:57Z,hatziiosif,ba,2045,411,203,0
2026-09-11T05:44:57Z,perikleous,ab,2238,471,233,0
2026-09-11T05:44:57Z,perikleous,ba,2649,420,274,0
2026-09-11T05:44:57Z,avraamidi,ab,1264,241,141,0
2026-09-11T05:44:57Z,avraamidi,ba,1266,221,150,0
2026-09-11T05:44:57Z,athinon,ab,1573,265,205,0
2026-09-11T05:44:57Z,athinon,ba,1040,301,131,0
2026-09-11T05:44:57Z,tasou_markou,ab,544,104,71,0
2026-09-11T05:44:57Z,tasou_markou,ba,492,58,55,0
2026-09-11T05:44:57Z,peiraios,ab,590,137,72,0
2026-09-11T05:44:57Z,peiraios,ba,590,109,64,0
2026-09-11T11:09:45Z,strovolou,ab,5400,644,507,0
2026-09-11T11:09:45Z,strovolou,ba,5074,896,557,101
2026-09-11T11:09:45Z,tseriou,ab,3240,398,284,0
2026-09-11T11:09:45Z,tseriou,ba,3739,537,367,0
2026-09-11T11:09:45Z,prodromou,ab,2418,324,259,0
2026-09-11T11:09:45Z,prodromou,ba,2414,367,304,0
2026-09-11T11:09:45Z,akropoleos,ab,9054,1132,859,165
2026-09-11T11:09:45Z,akropoleos,ba,8177,808,597,0
2026-09-11T11:09:45Z,athalassas,ab,3185,643,421,61
2026-09-11T11:09:45Z,athalassas,ba,7191,832,636,0
2026-09-11T11:09:45Z,lemesou,ab,2014,561,213,253
2026-09-11T11:09:45Z,lemesou,ba,2007,361,196,0
2026-09-11T11:09:45Z,sp_kyprianou,ab,6489,1108,585,187
2026-09-11T11:09:45Z,sp_kyprianou,ba,6573,895,630,0
2026-09-11T11:09:45Z,archangelou,ab,7265,801,522,83
2026-09-11T11:09:45Z,archangelou,ba,7113,842,630,86
2026-09-11T11:09:45Z,konstantinoup,ab,2628,318,291,0
2026-09-11T11:09:45Z,konstantinoup,ba,2629,350,313,0
2026-09-11T11:09:45Z,stavrou,ab,2187,316,209,0
2026-09-11T11:09:45Z,stavrou,ba,2245,274,208,0
2026-09-11T11:09:45Z,makedonitissas,ab,2904,521,405,0
2026-09-11T11:09:45Z,makedonitissas,ba,2705,335,290,0
2026-09-11T11:09:45Z,armenias,ab,1079,165,120,0
2026-09-11T11:09:45Z,armenias,ba,1264,386,187,139
2026-09-11T11:09:45Z,arch_kyprianou,ab,1652,325,254,0
2026-09-11T11:09:45Z,arch_kyprianou,ba,1726,345,203,0
2026-09-11T11:09:45Z,a1_motorway,ab,10597,351,349,0
2026-09-11T11:09:45Z,a1_motorway,ba,14048,580,558,0
2026-09-11T11:09:45Z,makariou_lakat,ab,6453,707,562,0
2026-09-11T11:09:45Z,makariou_lakat,ba,6901,762,584,0
2026-09-11T11:09:45Z,griva_digeni,ab,4212,631,441,0
2026-09-11T11:09:45Z,griva_digeni,ba,5350,951,685,0
2026-09-11T11:09:45Z,aglantzias,ab,1775,217,175,0
2026-09-11T11:09:45Z,aglantzias,ba,3098,550,373,0
2026-09-11T11:09:45Z,kranidioti,ab,1458,112,105,0
2026-09-11T11:09:45Z,kranidioti,ba,1652,128,117,0
2026-09-11T11:09:45Z,perimetrikos,ab,2510,254,224,0
2026-09-11T11:09:45Z,perimetrikos,ba,2094,192,160,0
2026-09-11T11:09:45Z,hatziiosif,ab,4397,634,433,0
2026-09-11T11:09:45Z,hatziiosif,ba,2045,351,203,0
2026-09-11T11:09:45Z,perikleous,ab,2016,528,273,142
2026-09-11T11:09:45Z,perikleous,ba,2649,427,274,39
2026-09-11T11:09:45Z,avraamidi,ab,1264,222,141,0
2026-09-11T11:09:45Z,avraamidi,ba,1266,238,150,0
2026-09-11T11:09:45Z,athinon,ab,1573,256,205,0
2026-09-11T11:09:45Z,athinon,ba,1040,289,131,0
2026-09-11T11:09:45Z,tasou_markou,ab,544,85,71,0
2026-09-11T11:09:45Z,tasou_markou,ba,492,55,55,0
2026-09-11T11:09:45Z,peiraios,ab,590,102,72,0
2026-09-11T11:09:45Z,peiraios,ba,590,114,64,0
2026-09-11T11:20:17Z,strovolou,ab,5400,649,507,0
2026-09-11T11:20:17Z,strovolou,ba,6244,941,667,0
2026-09-11T11:20:17Z,tseriou,ab,3240,401,284,0
2026-09-11T11:20:17Z,tseriou,ba,3739,540,367,0
2026-09-11T11:20:17Z,prodromou,ab,2418,327,259,0
2026-09-11T11:20:17Z,prodromou,ba,2414,369,304,0
2026-09-11T11:20:17Z,akropoleos,ab,7435,1335,701,227
2026-09-11T11:20:17Z,akropoleos,ba,8177,813,597,0
2026-09-11T11:20:17Z,athalassas,ab,3199,692,421,143
2026-09-11T11:20:17Z,athalassas,ba,7191,839,636,0
2026-09-11T11:20:17Z,lemesou,ab,2812,619,414,75
2026-09-11T11:20:17Z,lemesou,ba,2355,446,285,41
2026-09-11T11:20:17Z,sp_kyprianou,ab,7006,1200,666,323
2026-09-11T11:20:17Z,sp_kyprianou,ba,7358,961,783,0
2026-09-11T11:20:17Z,archangelou,ab,7265,906,522,247
2026-09-11T11:20:17Z,archangelou,ba,6911,796,593,89
2026-09-11T11:20:17Z,konstantinoup,ab,2628,318,291,0
2026-09-11T11:20:17Z,konstantinoup,ba,2629,352,313,0
2026-09-11T11:20:17Z,stavrou,ab,2187,324,209,0
2026-09-11T11:20:17Z,stavrou,ba,2245,276,208,0
2026-09-11T11:20:17Z,makedonitissas,ab,2797,638,387,175
2026-09-11T11:20:17Z,makedonitissas,ba,2705,336,290,0
2026-09-11T11:20:17Z,armenias,ab,1079,166,120,0
2026-09-11T11:20:17Z,armenias,ba,1733,433,323,49
2026-09-11T11:20:17Z,arch_kyprianou,ab,1652,329,254,0
2026-09-11T11:20:17Z,arch_kyprianou,ba,1726,349,203,0
2026-09-11T11:20:17Z,a1_motorway,ab,10597,351,349,0
2026-09-11T11:20:17Z,a1_motorway,ba,14048,580,558,0
2026-09-11T11:20:17Z,makariou_lakat,ab,6453,713,562,0
2026-09-11T11:20:17Z,makariou_lakat,ba,6901,767,584,0
2026-09-11T11:20:17Z,griva_digeni,ab,4212,695,441,107
2026-09-11T11:20:17Z,griva_digeni,ba,5350,955,685,0
2026-09-11T11:20:17Z,aglantzias,ab,1775,217,175,0
2026-09-11T11:20:17Z,aglantzias,ba,3098,574,373,52
2026-09-11T11:20:17Z,kranidioti,ab,1458,112,105,0
2026-09-11T11:20:17Z,kranidioti,ba,1652,129,117,0
2026-09-11T11:20:17Z,perimetrikos,ab,2510,255,224,0
2026-09-11T11:20:17Z,perimetrikos,ba,2094,194,160,0
2026-09-11T11:20:17Z,hatziiosif,ab,4411,677,433,75
2026-09-11T11:20:17Z,hatziiosif,ba,2045,354,203,0
2026-09-11T11:20:17Z,perikleous,ab,2016,510,273,120
2026-09-11T11:20:17Z,perikleous,ba,2649,428,274,39
2026-09-11T11:20:17Z,avraamidi,ab,1264,225,141,0
2026-09-11T11:20:17Z,avraamidi,ba,1266,243,150,0
2026-09-11T11:20:17Z,athinon,ab,1573,259,205,0
2026-09-11T11:20:17Z,athinon,ba,1040,293,131,0
2026-09-11T11:20:17Z,tasou_markou,ab,544,86,71,0
2026-09-11T11:20:17Z,tasou_markou,ba,492,55,55,0
2026-09-11T11:20:17Z,peiraios,ab,590,104,72,0
2026-09-11T11:20:17Z,peiraios,ba,590,117,64,0
2026-09-14T04:46:14Z,strovolou,ab,6338,1986,679,869
2026-09-14T04:46:14Z,strovolou,ba,4712,571,405,21
2026-09-14T04:46:14Z,tseriou,ab,2555,375,229,0
2026-09-14T04:46:14Z,tseriou,ba,3739,573,367,0
2026-09-14T04:46:14Z,prodromou,ab,2418,523,259,195
2026-09-14T04:46:14Z,prodromou,ba,3748,628,417,0
2026-09-14T04:46:14Z,akropoleos,ab,5010,967,465,194
2026-09-14T04:46:14Z,akropoleos,ba,8210,1519,594,580
2026-09-14T04:46:14Z,athalassas,ab,3538,970,472,366
2026-09-14T04:46:14Z,athalassas,ba,4712,1162,630,310
2026-09-14T04:46:14Z,lemesou,ab,2014,397,213,0
2026-09-14T04:46:14Z,lemesou,ba,2007,481,196,130
2026-09-14T04:46:14Z,sp_kyprianou,ab,6489,822,585,3
2026-09-14T04:46:14Z,sp_kyprianou,ba,8153,1582,914,124
2026-09-14T04:46:14Z,archangelou,ab,6295,849,626,0
2026-09-14T04:46:14Z,archangelou,ba,8740,1629,855,499
2026-09-14T04:46:14Z,konstantinoup,ab,2628,338,291,0
2026-09-14T04:46:14Z,konstantinoup,ba,2629,651,313,287
2026-09-14T04:46:14Z,stavrou,ab,2187,284,209,0
2026-09-14T04:46:14Z,stavrou,ba,3162,472,327,0
2026-09-14T04:46:14Z,makedonitissas,ab,2961,663,494,47
2026-09-14T04:46:14Z,makedonitissas,ba,2625,478,308,63
2026-09-14T04:46:14Z,armenias,ab,1437,358,194,83
2026-09-14T04:46:14Z,armenias,ba,1079,348,133,138
2026-09-14T04:46:14Z,arch_kyprianou,ab,1777,317,215,0
2026-09-14T04:46:14Z,arch_kyprianou,ba,2660,878,406,321
2026-09-14T04:46:14Z,a1_motorway,ab,10597,370,349,18
2026-09-14T04:46:14Z,a1_motorway,ba,14048,877,558,288
2026-09-14T04:46:14Z,makariou_lakat,ab,5849,751,519,0
2026-09-14T04:46:14Z,makariou_lakat,ba,6316,865,616,0
2026-09-14T04:46:14Z,griva_digeni,ab,4212,578,441,0
2026-09-14T04:46:14Z,griva_digeni,ba,6036,1289,819,110
2026-09-14T04:46:14Z,aglantzias,ab,1775,475,175,217
2026-09-14T04:46:14Z,aglantzias,ba,3098,629,373,128
2026-09-14T04:46:14Z,kranidioti,ab,1458,131,105,0
2026-09-14T04:46:14Z,kranidioti,ba,1652,152,117,0
2026-09-14T04:46:14Z,perimetrikos,ab,2510,373,224,28
2026-09-14T04:46:14Z,perimetrikos,ba,2094,196,160,0
2026-09-14T04:46:14Z,hatziiosif,ab,2049,403,196,125
2026-09-14T04:46:14Z,hatziiosif,ba,2571,638,318,133
2026-09-14T04:46:14Z,perikleous,ab,2016,416,273,0
2026-09-14T04:46:14Z,perikleous,ba,3567,600,387,0
2026-09-14T04:46:14Z,avraamidi,ab,1264,281,141,100
2026-09-14T04:46:14Z,avraamidi,ba,1266,205,150,0
2026-09-14T04:46:14Z,athinon,ab,1573,322,205,68
2026-09-14T04:46:14Z,athinon,ba,1040,289,131,1
2026-09-14T04:46:14Z,tasou_markou,ab,544,109,71,0
2026-09-14T04:46:14Z,tasou_markou,ba,492,58,55,0
2026-09-14T04:46:14Z,peiraios,ab,590,266,72,173
2026-09-14T04:46:14Z,peiraios,ba,590,100,64,0
2026-09-14T05:06:56Z,strovolou,ab,7418,1576,774,95
2026-09-14T05:06:56Z,strovolou,ba,4712,586,405,17
2026-09-14T05:06:56Z,tseriou,ab,2555,399,229,0
2026-09-14T05:06:56Z,tseriou,ba,3739,594,367,0
2026-09-14T05:06:56Z,prodromou,ab,2418,426,259,0
2026-09-14T05:06:56Z,prodromou,ba,2414,696,304,266
2026-09-14T05:06:56Z,akropoleos,ab,5010,1005,465,296
2026-09-14T05:06:56Z,akropoleos,ba,5659,1444,597,323
2026-09-14T05:06:56Z,athalassas,ab,2793,904,280,376
2026-09-14T05:06:56Z,athalassas,ba,6362,1254,609,246
2026-09-14T05:06:56Z,lemesou,ab,2014,428,213,0
2026-09-14T05:06:56Z,lemesou,ba,2007,569,196,272
2026-09-14T05:06:56Z,sp_kyprianou,ab,6489,843,585,0
2026-09-14T05:06:56Z,sp_kyprianou,ba,7777,1619,808,375
2026-09-14T05:06:56Z,archangelou,ab,7265,689,522,0
2026-09-14T05:06:56Z,archangelou,ba,6911,1234,593,227
2026-09-14T05:06:56Z,konstantinoup,ab,2628,336,291,0
2026-09-14T05:06:56Z,konstantinoup,ba,2629,427,313,0
2026-09-14T05:06:56Z,stavrou,ab,2187,293,209,0
2026-09-14T05:06:56Z,stavrou,ba,2245,298,208,0
2026-09-14T05:06:56Z,makedonitissas,ab,2891,634,437,72
2026-09-14T05:06:56Z,makedonitissas,ba,2843,556,349,71
2026-09-14T05:06:56Z,armenias,ab,1079,209,120,0
2026-09-14T05:06:56Z,armenias,ba,1079,343,133,113
2026-09-14T05:06:56Z,arch_kyprianou,ab,1777,335,215,0
2026-09-14T05:06:56Z,arch_kyprianou,ba,2773,730,414,121
2026-09-14T05:06:56Z,a1_motorway,ab,10597,351,349,0
2026-09-14T05:06:56Z,a1_motorway,ba,14048,635,558,0
2026-09-14T05:06:56Z,makariou_lakat,ab,5849,832,519,124
2026-09-14T05:06:56Z,makariou_lakat,ba,6316,865,616,0
2026-09-14T05:06:56Z,griva_digeni,ab,4212,598,441,0
2026-09-14T05:06:56Z,griva_digeni,ba,6145,1297,827,44
2026-09-14T05:06:56Z,aglantzias,ab,1775,762,175,525
2026-09-14T05:06:56Z,aglantzias,ba,3098,625,373,107
2026-09-14T05:06:56Z,kranidioti,ab,1458,133,105,0
2026-09-14T05:06:56Z,kranidioti,ba,1652,158,117,0
2026-09-14T05:06:56Z,perimetrikos,ab,2510,444,224,158
2026-09-14T05:06:56Z,perimetrikos,ba,2094,193,160,0
2026-09-14T05:06:56Z,hatziiosif,ab,2049,424,196,126
2026-09-14T05:06:56Z,hatziiosif,ba,2571,590,318,0
2026-09-14T05:06:56Z,perikleous,ab,2016,437,273,0
2026-09-14T05:06:56Z,perikleous,ba,2649,441,274,0
2026-09-14T05:06:56Z,avraamidi,ab,1293,332,192,0
2026-09-14T05:06:56Z,avraamidi,ba,1266,216,150,0
2026-09-14T05:06:56Z,athinon,ab,1440,342,215,88
2026-09-14T05:06:56Z,athinon,ba,1040,320,131,2
2026-09-14T05:06:56Z,tasou_markou,ab,544,109,71,0
2026-09-14T05:06:56Z,tasou_markou,ba,492,58,55,0
2026-09-14T05:06:56Z,peiraios,ab,590,157,72,0
2026-09-14T05:06:56Z,peiraios,ba,590,106,64,0
2026-09-14T05:27:41Z,strovolou,ab,6338,1390,679,174
2026-09-14T05:27:41Z,strovolou,ba,4925,659,457,0
2026-09-14T05:27:41Z,tseriou,ab,2555,406,229,0
2026-09-14T05:27:41Z,tseriou,ba,3739,621,367,127
2026-09-14T05:27:41Z,prodromou,ab,2418,476,259,142
2026-09-14T05:27:41Z,prodromou,ba,3869,633,445,0
2026-09-14T05:27:41Z,akropoleos,ab,5010,968,465,171
2026-09-14T05:27:41Z,akropoleos,ba,8210,1457,594,594
2026-09-14T05:27:41Z,athalassas,ab,2793,709,280,180
2026-09-14T05:27:41Z,athalassas,ba,4712,1117,630,247
2026-09-14T05:27:41Z,lemesou,ab,2014,468,213,108
2026-09-14T05:27:41Z,lemesou,ba,2528,632,364,0
2026-09-14T05:27:41Z,sp_kyprianou,ab,6489,832,585,0
2026-09-14T05:27:41Z,sp_kyprianou,ba,7898,1456,836,145
2026-09-14T05:27:41Z,archangelou,ab,7265,675,522,0
2026-09-14T05:27:41Z,archangelou,ba,6911,1104,593,145
2026-09-14T05:27:41Z,konstantinoup,ab,2628,333,291,0
2026-09-14T05:27:41Z,konstantinoup,ba,2629,408,313,0
2026-09-14T05:27:41Z,stavrou,ab,2187,290,209,0
2026-09-14T05:27:41Z,stavrou,ba,2245,292,208,0
2026-09-14T05:27:41Z,makedonitissas,ab,2891,615,437,72
2026-09-14T05:27:41Z,makedonitissas,ba,2843,532,349,71
2026-09-14T05:27:41Z,armenias,ab,1079,202,120,0
2026-09-14T05:27:41Z,armenias,ba,1079,288,133,0
2026-09-14T05:27:41Z,arch_kyprianou,ab,1669,327,245,0
2026-09-14T05:27:41Z,arch_kyprianou,ba,2447,648,363,107
2026-09-14T05:27:41Z,a1_motorway,ab,10597,352,349,0
2026-09-14T05:27:41Z,a1_motorway,ba,14048,628,558,0
2026-09-14T05:27:41Z,makariou_lakat,ab,5849,749,519,0
2026-09-14T05:27:41Z,makariou_lakat,ba,6316,853,616,9
2026-09-14T05:27:41Z,griva_digeni,ab,4212,601,441,0
2026-09-14T05:27:41Z,griva_digeni,ba,6145,1253,827,0
2026-09-14T05:27:41Z,aglantzias,ab,1775,364,175,2
2026-09-14T05:27:41Z,aglantzias,ba,3098,621,373,141
2026-09-14T05:27:41Z,kranidioti,ab,1458,129,105,0
2026-09-14T05:27:41Z,kranidioti,ba,1652,154,117,0
2026-09-14T05:27:41Z,perimetrikos,ab,2510,492,224,219
2026-09-14T05:27:41Z,perimetrikos,ba,2094,193,160,0
2026-09-14T05:27:41Z,hatziiosif,ab,2049,393,196,0
2026-09-14T05:27:41Z,hatziiosif,ba,2045,595,203,263
2026-09-14T05:27:41Z,perikleous,ab,2016,444,273,0
2026-09-14T05:27:41Z,perikleous,ba,2649,433,274,0
2026-09-14T05:27:41Z,avraamidi,ab,1264,276,141,0
2026-09-14T05:27:41Z,avraamidi,ba,1266,219,150,0
2026-09-14T05:27:41Z,athinon,ab,1440,304,215,54
2026-09-14T05:27:41Z,athinon,ba,1040,361,131,134
2026-09-14T05:27:41Z,tasou_markou,ab,544,108,71,0
2026-09-14T05:27:41Z,tasou_markou,ba,492,59,55,0
2026-09-14T05:27:41Z,peiraios,ab,590,198,72,97
2026-09-14T05:27:41Z,peiraios,ba,590,108,64,0
2026-09-14T05:48:26Z,strovolou,ab,5400,1130,507,370
2026-09-14T05:48:26Z,strovolou,ba,4712,565,405,0
2026-09-14T05:48:26Z,tseriou,ab,2555,406,229,0
2026-09-14T05:48:26Z,tseriou,ba,3739,568,367,0
2026-09-14T05:48:26Z,prodromou,ab,2418,467,259,129
2026-09-14T05:48:26Z,prodromou,ba,2414,511,304,71
2026-09-14T05:48:26Z,akropoleos,ab,5010,886,465,158
2026-09-14T05:48:26Z,akropoleos,ba,5659,1275,597,242
2026-09-14T05:48:26Z,athalassas,ab,3185,661,421,130
2026-09-14T05:48:26Z,athalassas,ba,4619,1025,563,188
2026-09-14T05:48:26Z,lemesou,ab,2014,382,213,0
2026-09-14T05:48:26Z,lemesou,ba,2528,640,364,68
2026-09-14T05:48:26Z,sp_kyprianou,ab,6489,806,585,0
2026-09-14T05:48:26Z,sp_kyprianou,ba,6573,1273,630,273
2026-09-14T05:48:26Z,archangelou,ab,7265,654,522,0
2026-09-14T05:48:26Z,archangelou,ba,6742,1079,668,0
2026-09-14T05:48:26Z,konstantinoup,ab,2628,332,291,0
2026-09-14T05:48:26Z,konstantinoup,ba,2629,389,313,0
2026-09-14T05:48:26Z,stavrou,ab,2187,281,209,0
2026-09-14T05:48:26Z,stavrou,ba,2245,283,208,0
2026-09-14T05:48:26Z,makedonitissas,ab,2904,499,405,0
2026-09-14T05:48:26Z,makedonitissas,ba,2705,383,290,0
2026-09-14T05:48:26Z,armenias,ab,1079,193,120,0
2026-09-14T05:48:26Z,armenias,ba,1079,276,133,0
2026-09-14T05:48:26Z,arch_kyprianou,ab,1777,326,215,0
2026-09-14T05:48:26Z,arch_kyprianou,ba,2260,619,310,154
2026-09-14T05:48:26Z,a1_motorway,ab,10597,351,349,0
2026-09-14T05:48:26Z,a1_motorway,ba,14048,611,558,0
2026-09-14T05:48:26Z,makariou_lakat,ab,5849,724,519,0
2026-09-14T05:48:26Z,makariou_lakat,ba,7549,853,705,0
2026-09-14T05:48:26Z,griva_digeni,ab,4212,593,441,0
2026-09-14T05:48:26Z,griva_digeni,ba,6053,1240,733,184
2026-09-14T05:48:26Z,aglantzias,ab,1775,402,175,166
2026-09-14T05:48:26Z,aglantzias,ba,3098,638,373,169
2026-09-14T05:48:26Z,kranidioti,ab,1458,122,105,0
2026-09-14T05:48:26Z,kranidioti,ba,1652,147,117,0
2026-09-14T05:48:26Z,perimetrikos,ab,2510,514,224,248
2026-09-14T05:48:26Z,perimetrikos,ba,2094,191,160,0
2026-09-14T05:48:26Z,hatziiosif,ab,2049,447,196,158
2026-09-14T05:48:26Z,hatziiosif,ba,2571,542,318,0
2026-09-14T05:48:26Z,perikleous,ab,2016,440,273,0
2026-09-14T05:48:26Z,perikleous,ba,2649,421,274,0
2026-09-14T05:48:26Z,avraamidi,ab,1264,262,141,0
2026-09-14T05:48:26Z,avraamidi,ba,1266,219,150,0
2026-09-14T05:48:26Z,athinon,ab,1440,265,215,12
2026-09-14T05:48:26Z,athinon,ba,1040,306,131,0
2026-09-14T05:48:26Z,tasou_markou,ab,544,104,71,0
2026-09-14T05:48:26Z,tasou_markou,ba,492,59,55,0
2026-09-14T05:48:26Z,peiraios,ab,590,141,72,0
2026-09-14T05:48:26Z,peiraios,ba,590,107,64,0
2026-09-14T13:45:52Z,strovolou,ab,5400,679,507,0
2026-09-14T13:45:52Z,strovolou,ba,4712,842,405,0
2026-09-14T13:45:52Z,tseriou,ab,3240,404,284,0
2026-09-14T13:45:52Z,tseriou,ba,3739,599,367,108
2026-09-14T13:45:52Z,prodromou,ab,2418,329,259,0
2026-09-14T13:45:52Z,prodromou,ba,2414,386,304,0
2026-09-14T13:45:52Z,akropoleos,ab,8385,1082,629,0
2026-09-14T13:45:52Z,akropoleos,ba,8177,880,597,64
2026-09-14T13:45:52Z,athalassas,ab,3199,655,421,0
2026-09-14T13:45:52Z,athalassas,ba,6362,895,609,0
2026-09-14T13:45:52Z,lemesou,ab,2014,594,213,192
2026-09-14T13:45:52Z,lemesou,ba,2007,347,196,0
2026-09-14T13:45:52Z,sp_kyprianou,ab,7006,1113,666,137
2026-09-14T13:45:52Z,sp_kyprianou,ba,6573,907,630,0
2026-09-14T13:45:52Z,archangelou,ab,7265,929,522,175
2026-09-14T13:45:52Z,archangelou,ba,6911,731,593,0
2026-09-14T13:45:52Z,konstantinoup,ab,2628,326,291,0
2026-09-14T13:45:52Z,konstantinoup,ba,2629,373,313,0
2026-09-14T13:45:52Z,stavrou,ab,2187,384,209,0
2026-09-14T13:45:52Z,stavrou,ba,2245,278,208,0
2026-09-14T13:45:52Z,makedonitissas,ab,2797,670,387,137
2026-09-14T13:45:52Z,makedonitissas,ba,2705,366,290,0
2026-09-14T13:45:52Z,armenias,ab,1079,159,120,0
2026-09-14T13:45:52Z,armenias,ba,1079,297,133,0
2026-09-14T13:45:52Z,arch_kyprianou,ab,1652,335,254,0
2026-09-14T13:45:52Z,arch_kyprianou,ba,1726,365,203,0
2026-09-14T13:45:52Z,a1_motorway,ab,10597,352,349,0
2026-09-14T13:45:52Z,a1_motorway,ba,14048,582,558,0
2026-09-14T13:45:52Z,makariou_lakat,ab,7058,867,594,0
2026-09-14T13:45:52Z,makariou_lakat,ba,6316,827,616,0
2026-09-14T13:45:52Z,griva_digeni,ab,4756,797,533,0
2026-09-14T13:45:52Z,griva_digeni,ba,5350,973,685,0
2026-09-14T13:45:52Z,aglantzias,ab,1775,216,175,0
2026-09-14T13:45:52Z,aglantzias,ba,3098,550,373,0
2026-09-14T13:45:52Z,kranidioti,ab,1458,112,105,0
2026-09-14T13:45:52Z,kranidioti,ba,1652,349,117,228
2026-09-14T13:45:52Z,perimetrikos,ab,2510,282,224,20
2026-09-14T13:45:52Z,perimetrikos,ba,2327,221,180,0
2026-09-14T13:45:52Z,hatziiosif,ab,2049,620,196,311
2026-09-14T13:45:52Z,hatziiosif,ba,2045,361,203,0
2026-09-14T13:45:52Z,perikleous,ab,2016,548,273,149
2026-09-14T13:45:52Z,perikleous,ba,2649,414,274,0
2026-09-14T13:45:52Z,avraamidi,ab,1264,210,141,0
2026-09-14T13:45:52Z,avraamidi,ba,1266,329,150,141
2026-09-14T13:45:52Z,athinon,ab,1440,270,215,0
2026-09-14T13:45:52Z,athinon,ba,1040,315,131,0
2026-09-14T13:45:52Z,tasou_markou,ab,544,85,71,0
2026-09-14T13:45:52Z,tasou_markou,ba,492,55,55,0
2026-09-14T13:45:52Z,peiraios,ab,590,123,72,0
2026-09-14T13:45:52Z,peiraios,ba,590,124,64,0
2026-09-14T14:06:34Z,strovolou,ab,5400,683,507,0
2026-09-14T14:06:34Z,strovolou,ba,5074,921,557,0
2026-09-14T14:06:34Z,tseriou,ab,3240,480,284,102
2026-09-14T14:06:34Z,tseriou,ba,3739,584,367,12
2026-09-14T14:06:34Z,prodromou,ab,2418,328,259,0
2026-09-14T14:06:34Z,prodromou,ba,2414,387,304,0
2026-09-14T14:06:34Z,akropoleos,ab,7073,1186,590,144
2026-09-14T14:06:34Z,akropoleos,ba,8177,1022,597,292
2026-09-14T14:06:34Z,athalassas,ab,2793,629,280,0
2026-09-14T14:06:34Z,athalassas,ba,6362,890,609,0
2026-09-14T14:06:34Z,lemesou,ab,3427,535,353,0
2026-09-14T14:06:34Z,lemesou,ba,2007,345,196,0
2026-09-14T14:06:34Z,sp_kyprianou,ab,7006,1150,666,204
2026-09-14T14:06:34Z,sp_kyprianou,ba,6573,900,630,0
2026-09-14T14:06:34Z,archangelou,ab,7265,933,522,204
2026-09-14T14:06:34Z,archangelou,ba,6911,736,593,0
2026-09-14T14:06:34Z,konstantinoup,ab,2628,327,291,0
2026-09-14T14:06:34Z,konstantinoup,ba,2629,373,313,0
2026-09-14T14:06:34Z,stavrou,ab,2187,378,209,0
2026-09-14T14:06:34Z,stavrou,ba,2245,279,208,0
2026-09-14T14:06:34Z,makedonitissas,ab,2797,696,387,204
2026-09-14T14:06:34Z,makedonitissas,ba,2705,367,290,0
2026-09-14T14:06:34Z,armenias,ab,1079,161,120,0
2026-09-14T14:06:34Z,armenias,ba,1079,301,133,0
2026-09-14T14:06:34Z,arch_kyprianou,ab,1652,342,254,0
2026-09-14T14:06:34Z,arch_kyprianou,ba,1726,368,203,0
2026-09-14T14:06:34Z,a1_motorway,ab,10597,351,349,0
2026-09-14T14:06:34Z,a1_motorway,ba,14048,579,558,0
2026-09-14T14:06:34Z,makariou_lakat,ab,6840,849,690,0
2026-09-14T14:06:34Z,makariou_lakat,ba,6901,817,584,0
2026-09-14T14:06:34Z,griva_digeni,ab,4212,793,441,102
2026-09-14T14:06:34Z,griva_digeni,ba,5350,972,685,0
2026-09-14T14:06:34Z,aglantzias,ab,1775,221,175,1
2026-09-14T14:06:34Z,aglantzias,ba,3098,612,373,92
2026-09-14T14:06:34Z,kranidioti,ab,1458,113,105,0
2026-09-14T14:06:34Z,kranidioti,ba,2775,381,309,0
2026-09-14T14:06:34Z,perimetrikos,ab,2510,267,224,0
2026-09-14T14:06:34Z,perimetrikos,ba,2327,223,180,0
2026-09-14T14:06:34Z,hatziiosif,ab,4136,642,330,0
2026-09-14T14:06:34Z,hatziiosif,ba,2045,358,203,0
2026-09-14T14:06:34Z,perikleous,ab,2016,554,273,149
2026-09-14T14:06:34Z,perikleous,ba,2649,434,274,33
2026-09-14T14:06:34Z,avraamidi,ab,1264,212,141,0
2026-09-14T14:06:34Z,avraamidi,ba,1281,311,204,75
2026-09-14T14:06:34Z,athinon,ab,1440,274,215,0
2026-09-14T14:06:34Z,athinon,ba,1040,319,131,0
2026-09-14T14:06:34Z,tasou_markou,ab,544,86,71,0
2026-09-14T14:06:34Z,tasou_markou,ba,492,55,55,0
2026-09-14T14:06:34Z,peiraios,ab,590,124,72,0
2026-09-14T14:06:34Z,peiraios,ba,590,124,64,0
2026-09-14T14:27:16Z,strovolou,ab,5400,678,507,0
2026-09-14T14:27:16Z,strovolou,ba,4712,1023,405,455
2026-09-14T14:27:16Z,tseriou,ab,3240,477,284,100
2026-09-14T14:27:16Z,tseriou,ba,3578,622,431,138
2026-09-14T14:27:16Z,prodromou,ab,2418,327,259,0
2026-09-14T14:27:16Z,prodromou,ba,2414,385,304,0
2026-09-14T14:27:16Z,akropoleos,ab,5010,1129,465,365
2026-09-14T14:27:16Z,akropoleos,ba,8177,942,597,201
2026-09-14T14:27:16Z,athalassas,ab,3185,603,421,0
2026-09-14T14:27:16Z,athalassas,ba,7142,910,587,0
2026-09-14T14:27:16Z,lemesou,ab,2798,584,414,0
2026-09-14T14:27:16Z,lemesou,ba,2007,337,196,0
2026-09-14T14:27:16Z,sp_kyprianou,ab,7059,1364,770,259
2026-09-14T14:27:16Z,sp_kyprianou,ba,7358,955,783,0
2026-09-14T14:27:16Z,archangelou,ab,7287,1005,592,258
2026-09-14T14:27:16Z,archangelou,ba,6911,842,593,115
2026-09-14T14:27:16Z,konstantinoup,ab,2628,328,291,0
2026-09-14T14:27:16Z,konstantinoup,ba,2629,372,313,0
2026-09-14T14:27:16Z,stavrou,ab,2187,394,209,75
2026-09-14T14:27:16Z,stavrou,ba,2245,277,208,0
2026-09-14T14:27:16Z,makedonitissas,ab,2797,682,387,178
2026-09-14T14:27:16Z,makedonitissas,ba,2705,365,290,0
2026-09-14T14:27:16Z,armenias,ab,1079,161,120,0
2026-09-14T14:27:16Z,armenias,ba,1079,405,133,184
2026-09-14T14:27:16Z,arch_kyprianou,ab,1652,355,254,21
2026-09-14T14:27:16Z,arch_kyprianou,ba,1726,410,203,102
2026-09-14T14:27:16Z,a1_motorway,ab,10597,352,349,0
2026-09-14T14:27:16Z,a1_motorway,ba,14048,580,558,0
2026-09-14T14:27:16Z,makariou_lakat,ab,6237,870,646,0
2026-09-14T14:27:16Z,makariou_lakat,ba,6901,811,584,0
2026-09-14T14:27:16Z,griva_digeni,ab,4819,770,553,0
2026-09-14T14:27:16Z,griva_digeni,ba,6075,1012,758,0
2026-09-14T14:27:16Z,aglantzias,ab,1775,221,175,0
2026-09-14T14:27:16Z,aglantzias,ba,3098,638,373,120
2026-09-14T14:27:16Z,kranidioti,ab,1458,113,105,0
2026-09-14T14:27:16Z,kranidioti,ba,1652,362,117,241
2026-09-14T14:27:16Z,perimetrikos,ab,2510,297,224,33
2026-09-14T14:27:16Z,perimetrikos,ba,2327,223,180,0
2026-09-14T14:27:16Z,hatziiosif,ab,2049,537,196,142
2026-09-14T14:27:16Z,hatziiosif,ba,2045,460,203,155
2026-09-14T14:27:16Z,perikleous,ab,2016,555,273,150
2026-09-14T14:27:16Z,perikleous,ba,2649,424,274,28
2026-09-14T14:27:16Z,avraamidi,ab,1264,215,141,0
2026-09-14T14:27:16Z,avraamidi,ba,1281,332,204,97
2026-09-14T14:27:16Z,athinon,ab,1440,273,215,0
2026-09-14T14:27:16Z,athinon,ba,1594,363,262,0
2026-09-14T14:27:16Z,tasou_markou,ab,544,85,71,0
2026-09-14T14:27:16Z,tasou_markou,ba,492,55,55,0
2026-09-14T14:27:16Z,peiraios,ab,590,122,72,0
2026-09-14T14:27:16Z,peiraios,ba,590,124,64,0
2026-09-14T14:48:02Z,strovolou,ab,5400,668,507,0
2026-09-14T14:48:02Z,strovolou,ba,5074,918,557,87
2026-09-14T14:48:02Z,tseriou,ab,3240,438,284,66
2026-09-14T14:48:02Z,tseriou,ba,3739,592,367,117
2026-09-14T14:48:02Z,prodromou,ab,2418,323,259,0
2026-09-14T14:48:02Z,prodromou,ba,2414,382,304,0
2026-09-14T14:48:02Z,akropoleos,ab,5010,1117,465,445
2026-09-14T14:48:02Z,akropoleos,ba,8177,877,597,131
2026-09-14T14:48:02Z,athalassas,ab,3185,588,421,2
2026-09-14T14:48:02Z,athalassas,ba,6362,847,609,0
2026-09-14T14:48:02Z,lemesou,ab,3427,507,353,0
2026-09-14T14:48:02Z,lemesou,ba,2355,436,285,41
2026-09-14T14:48:02Z,sp_kyprianou,ab,7006,1219,666,350
2026-09-14T14:48:02Z,sp_kyprianou,ba,7358,947,783,0
2026-09-14T14:48:02Z,archangelou,ab,7265,1020,522,350
2026-09-14T14:48:02Z,archangelou,ba,6911,724,593,0
2026-09-14T14:48:02Z,konstantinoup,ab,2628,326,291,0
2026-09-14T14:48:02Z,konstantinoup,ba,2629,365,313,0
2026-09-14T14:48:02Z,stavrou,ab,2187,346,209,0
2026-09-14T14:48:02Z,stavrou,ba,2245,273,208,0
2026-09-14T14:48:02Z,makedonitissas,ab,2797,705,387,240
2026-09-14T14:48:02Z,makedonitissas,ba,2705,361,290,0
2026-09-14T14:48:02Z,armenias,ab,1079,159,120,0
2026-09-14T14:48:02Z,armenias,ba,1079,375,133,145
2026-09-14T14:48:02Z,arch_kyprianou,ab,1652,337,254,0
2026-09-14T14:48:02Z,arch_kyprianou,ba,1726,355,203,0
2026-09-14T14:48:02Z,a1_motorway,ab,10597,351,349,0
2026-09-14T14:48:02Z,a1_motorway,ba,14048,576,558,0
2026-09-14T14:48:02Z,makariou_lakat,ab,5849,819,519,0
2026-09-14T14:48:02Z,makariou_lakat,ba,6901,797,584,0
2026-09-14T14:48:02Z,griva_digeni,ab,4756,794,533,0
2026-09-14T14:48:02Z,griva_digeni,ba,6075,1002,758,0
2026-09-14T14:48:02Z,aglantzias,ab,1775,221,175,0
2026-09-14T14:48:02Z,aglantzias,ba,3036,613,444,0
2026-09-14T14:48:02Z,kranidioti,ab,1458,113,105,0
2026-09-14T14:48:02Z,kranidioti,ba,1652,311,117,190
2026-09-14T14:48:02Z,perimetrikos,ab,2510,282,224,20
2026-09-14T14:48:02Z,perimetrikos,ba,2327,222,180,0
2026-09-14T14:48:02Z,hatziiosif,ab,2049,607,196,311
2026-09-14T14:48:02Z,hatziiosif,ba,2045,340,203,0
2026-09-14T14:48:02Z,perikleous,ab,1592,584,311,193
2026-09-14T14:48:02Z,perikleous,ba,2649,413,274,24
2026-09-14T14:48:02Z,avraamidi,ab,1264,215,141,0
2026-09-14T14:48:02Z,avraamidi,ba,1266,239,150,0
2026-09-14T14:48:02Z,athinon,ab,1440,270,215,0
2026-09-14T14:48:02Z,athinon,ba,1040,334,131,108
2026-09-14T14:48:02Z,tasou_markou,ab,544,85,71,0
2026-09-14T14:48:02Z,tasou_markou,ba,492,55,55,0
2026-09-14T14:48:02Z,peiraios,ab,590,118,72,0
2026-09-14T14:48:02Z,peiraios,ba,590,120,64,0
2026-09-14T15:08:48Z,strovolou,ab,5400,666,507,0
2026-09-14T15:08:48Z,strovolou,ba,5074,944,557,122
2026-09-14T15:08:48Z,tseriou,ab,3240,397,284,0
2026-09-14T15:08:48Z,tseriou,ba,3739,558,367,0
2026-09-14T15:08:48Z,prodromou,ab,2418,323,259,0
2026-09-14T15:08:48Z,prodromou,ba,2414,383,304,0
2026-09-14T15:08:48Z,akropoleos,ab,6408,1114,589,127
2026-09-14T15:08:48Z,akropoleos,ba,5145,932,481,168
2026-09-14T15:08:48Z,athalassas,ab,3199,646,421,117
2026-09-14T15:08:48Z,athalassas,ba,6037,901,532,0
2026-09-14T15:08:48Z,lemesou,ab,2014,613,213,323
2026-09-14T15:08:48Z,lemesou,ba,2007,422,196,154
2026-09-14T15:08:48Z,sp_kyprianou,ab,7006,1136,666,272
2026-09-14T15:08:48Z,sp_kyprianou,ba,7358,949,783,0
2026-09-14T15:08:48Z,archangelou,ab,7265,942,522,272
2026-09-14T15:08:48Z,archangelou,ba,6911,726,593,0
2026-09-14T15:08:48Z,konstantinoup,ab,2628,329,291,0
2026-09-14T15:08:48Z,konstantinoup,ba,2629,364,313,0
2026-09-14T15:08:48Z,stavrou,ab,2187,337,209,0
2026-09-14T15:08:48Z,stavrou,ba,2245,273,208,0
2026-09-14T15:08:48Z,makedonitissas,ab,2797,670,387,206
2026-09-14T15:08:48Z,makedonitissas,ba,2705,359,290,0
2026-09-14T15:08:48Z,armenias,ab,1079,160,120,0
2026-09-14T15:08:48Z,armenias,ba,1079,280,133,0
2026-09-14T15:08:48Z,arch_kyprianou,ab,1652,334,254,0
2026-09-14T15:08:48Z,arch_kyprianou,ba,1726,352,203,0
2026-09-14T15:08:48Z,a1_motorway,ab,10597,351,349,0
2026-09-14T15:08:48Z,a1_motorway,ba,14048,577,558,0
2026-09-14T15:08:48Z,makariou_lakat,ab,6453,878,562,149
2026-09-14T15:08:48Z,makariou_lakat,ba,6901,792,584,0
2026-09-14T15:08:48Z,griva_digeni,ab,4819,757,553,0
2026-09-14T15:08:48Z,griva_digeni,ba,5350,949,685,28
2026-09-14T15:08:48Z,aglantzias,ab,1775,223,175,0
2026-09-14T15:08:48Z,aglantzias,ba,3098,579,373,65
2026-09-14T15:08:48Z,kranidioti,ab,1458,114,105,0
2026-09-14T15:08:48Z,kranidioti,ba,1652,146,117,0
2026-09-14T15:08:48Z,perimetrikos,ab,2510,266,224,0
2026-09-14T15:08:48Z,perimetrikos,ba,2327,222,180,0
2026-09-14T15:08:48Z,hatziiosif,ab,3459,612,324,0
2026-09-14T15:08:48Z,hatziiosif,ba,2045,339,203,0
2026-09-14T15:08:48Z,perikleous,ab,2016,585,273,198
2026-09-14T15:08:48Z,perikleous,ba,2649,432,274,47
2026-09-14T15:08:48Z,avraamidi,ab,1264,220,141,0
2026-09-14T15:08:48Z,avraamidi,ba,1266,321,150,141
2026-09-14T15:08:48Z,athinon,ab,1440,268,215,0
2026-09-14T15:08:48Z,athinon,ba,1040,310,131,0
2026-09-14T15:08:48Z,tasou_markou,ab,544,85,71,0
2026-09-14T15:08:48Z,tasou_markou,ba,492,55,55,0
2026-09-14T15:08:48Z,peiraios,ab,590,116,72,0
2026-09-14T15:08:48Z,peiraios,ba,590,119,64,0
2026-09-15T04:44:59Z,strovolou,ab,9519,2171,1016,476
2026-09-15T04:44:59Z,strovolou,ba,4712,560,405,21
2026-09-15T04:44:59Z,tseriou,ab,2555,363,229,0
2026-09-15T04:44:59Z,tseriou,ba,3739,625,367,127
2026-09-15T04:44:59Z,prodromou,ab,2418,653,259,335
2026-09-15T04:44:59Z,prodromou,ba,3869,648,445,0
2026-09-15T04:44:59Z,akropoleos,ab,5010,1030,465,357
2026-09-15T04:44:59Z,akropoleos,ba,5659,1483,597,491
2026-09-15T04:44:59Z,athalassas,ab,3569,859,499,196
2026-09-15T04:44:59Z,athalassas,ba,6362,1426,609,503
2026-09-15T04:44:59Z,lemesou,ab,2798,546,414,0
2026-09-15T04:44:59Z,lemesou,ba,2007,459,196,106
2026-09-15T04:44:59Z,sp_kyprianou,ab,6489,902,585,107
2026-09-15T04:44:59Z,sp_kyprianou,ba,8383,1651,951,141
2026-09-15T04:44:59Z,archangelou,ab,7693,874,700,45
2026-09-15T04:44:59Z,archangelou,ba,8740,1593,855,473
2026-09-15T04:44:59Z,konstantinoup,ab,2628,337,291,0
2026-09-15T04:44:59Z,konstantinoup,ba,2629,503,313,125
2026-09-15T04:44:59Z,stavrou,ab,2187,286,209,0
2026-09-15T04:44:59Z,stavrou,ba,3162,475,327,0
2026-09-15T04:44:59Z,makedonitissas,ab,2545,591,441,2
2026-09-15T04:44:59Z,makedonitissas,ba,2705,521,290,120
2026-09-15T04:44:59Z,armenias,ab,1437,297,194,20
2026-09-15T04:44:59Z,armenias,ba,1079,342,133,138
2026-09-15T04:44:59Z,arch_kyprianou,ab,1777,312,215,0
2026-09-15T04:44:59Z,arch_kyprianou,ba,2773,882,414,336
2026-09-15T04:44:59Z,a1_motorway,ab,10597,624,349,275
2026-09-15T04:44:59Z,a1_motorway,ba,14048,884,558,290
2026-09-15T04:44:59Z,makariou_lakat,ab,5849,730,519,0
2026-09-15T04:44:59Z,makariou_lakat,ba,7549,893,705,0
2026-09-15T04:44:59Z,griva_digeni,ab,4212,652,441,107
2026-09-15T04:44:59Z,griva_digeni,ba,6145,1285,827,118
2026-09-15T04:44:59Z,aglantzias,ab,1775,452,175,222
2026-09-15T04:44:59Z,aglantzias,ba,3098,597,373,104
2026-09-15T04:44:59Z,kranidioti,ab,1458,131,105,0
2026-09-15T04:44:59Z,kranidioti,ba,1652,151,117,0
2026-09-15T04:44:59Z,perimetrikos,ab,2510,337,224,0
2026-09-15T04:44:59Z,perimetrikos,ba,2094,195,160,0
2026-09-15T04:44:59Z,hatziiosif,ab,2049,498,196,236
2026-09-15T04:44:59Z,hatziiosif,ba,2045,562,203,175
2026-09-15T04:44:59Z,perikleous,ab,2016,497,273,140
2026-09-15T04:44:59Z,perikleous,ba,3567,603,387,0
2026-09-15T04:44:59Z,avraamidi,ab,1293,330,192,16
2026-09-15T04:44:59Z,avraamidi,ba,1266,209,150,0
2026-09-15T04:44:59Z,athinon,ab,1440,317,215,68
2026-09-15T04:44:59Z,athinon,ba,1040,346,131,128
2026-09-15T04:44:59Z,tasou_markou,ab,544,106,71,0
2026-09-15T04:44:59Z,tasou_markou,ba,492,58,55,0
2026-09-15T04:44:59Z,peiraios,ab,590,265,72,173
2026-09-15T04:44:59Z,peiraios,ba,590,106,64,0
2026-09-15T05:05:32Z,strovolou,ab,10078,2028,997,281
2026-09-15T05:05:32Z,strovolou,ba,4712,598,405,21
2026-09-15T05:05:32Z,tseriou,ab,2555,407,229,0
2026-09-15T05:05:32Z,tseriou,ba,3739,620,367,0
2026-09-15T05:05:32Z,prodromou,ab,2418,493,259,147
2026-09-15T05:05:32Z,prodromou,ba,3103,822,544,132
2026-09-15T05:05:32Z,akropoleos,ab,5010,1194,465,492
2026-09-15T05:05:32Z,akropoleos,ba,5145,1659,481,829
2026-09-15T05:05:32Z,athalassas,ab,3381,910,543,219
2026-09-15T05:05:32Z,athalassas,ba,4619,1397,563,553
2026-09-15T05:05:32Z,lemesou,ab,2812,629,414,90
2026-09-15T05:05:32Z,lemesou,ba,2007,489,196,102
2026-09-15T05:05:32Z,sp_kyprianou,ab,7006,996,666,90
2026-09-15T05:05:32Z,sp_kyprianou,ba,8327,1885,982,336
2026-09-15T05:05:32Z,archangelou,ab,7265,700,522,0
2026-09-15T05:05:32Z,archangelou,ba,8740,1537,855,377
2026-09-15T05:05:32Z,konstantinoup,ab,2628,342,291,0
2026-09-15T05:05:32Z,konstantinoup,ba,2629,445,313,0
2026-09-15T05:05:32Z,stavrou,ab,2187,307,209,0
2026-09-15T05:05:32Z,stavrou,ba,2245,304,208,0
2026-09-15T05:05:32Z,makedonitissas,ab,3520,753,484,113
2026-09-15T05:05:32Z,makedonitissas,ba,2153,705,333,230
2026-09-15T05:05:32Z,armenias,ab,1427,334,212,12
2026-09-15T05:05:32Z,armenias,ba,1079,400,133,224
2026-09-15T05:05:32Z,arch_kyprianou,ab,1777,341,215,0
2026-09-15T05:05:32Z,arch_kyprianou,ba,2890,973,413,440
2026-09-15T05:05:32Z,a1_motorway,ab,10597,749,349,397
2026-09-15T05:05:32Z,a1_motorway,ba,14048,780,558,139
2026-09-15T05:05:32Z,makariou_lakat,ab,6840,878,690,2
2026-09-15T05:05:32Z,makariou_lakat,ba,6316,889,616,11
2026-09-15T05:05:32Z,griva_digeni,ab,4212,662,441,93
2026-09-15T05:05:32Z,griva_digeni,ba,6090,1514,858,355
2026-09-15T05:05:32Z,aglantzias,ab,1775,633,175,399
2026-09-15T05:05:32Z,aglantzias,ba,3098,612,373,88
2026-09-15T05:05:32Z,kranidioti,ab,1458,135,105,0
2026-09-15T05:05:32Z,kranidioti,ba,1652,160,117,0
2026-09-15T05:05:32Z,perimetrikos,ab,2510,347,224,0
2026-09-15T05:05:32Z,perimetrikos,ba,2094,197,160,0
2026-09-15T05:05:32Z,hatziiosif,ab,2049,611,196,345
2026-09-15T05:05:32Z,hatziiosif,ba,2045,541,203,112
2026-09-15T05:05:32Z,perikleous,ab,2016,463,273,0
2026-09-15T05:05:32Z,perikleous,ba,2649,449,274,0
2026-09-15T05:05:32Z,avraamidi,ab,1293,360,192,27
2026-09-15T05:05:32Z,avraamidi,ba,1266,227,150,0
2026-09-15T05:05:32Z,athinon,ab,1440,321,215,68
2026-09-15T05:05:32Z,athinon,ba,1040,344,131,1
2026-09-15T05:05:32Z,tasou_markou,ab,544,108,71,0
2026-09-15T05:05:32Z,tasou_markou,ba,492,58,55,0
2026-09-15T05:05:32Z,peiraios,ab,1203,360,215,94
2026-09-15T05:05:32Z,peiraios,ba,590,116,64,0
2026-09-15T05:26:09Z,strovolou,ab,6616,1345,718,90
2026-09-15T05:26:09Z,strovolou,ba,4712,582,405,0
2026-09-15T05:26:09Z,tseriou,ab,2555,412,229,0
2026-09-15T05:26:09Z,tseriou,ba,3739,646,367,131
2026-09-15T05:26:09Z,prodromou,ab,2418,487,259,142
2026-09-15T05:26:09Z,prodromou,ba,3748,703,417,102
2026-09-15T05:26:09Z,akropoleos,ab,5010,1031,465,311
2026-09-15T05:26:09Z,akropoleos,ba,5145,1600,481,705
2026-09-15T05:26:09Z,athalassas,ab,3068,891,383,305
2026-09-15T05:26:09Z,athalassas,ba,6362,1210,609,209
2026-09-15T05:26:09Z,lemesou,ab,2014,502,213,114
2026-09-15T05:26:09Z,lemesou,ba,3055,774,473,52
2026-09-15T05:26:09Z,sp_kyprianou,ab,6489,874,585,0
2026-09-15T05:26:09Z,sp_kyprianou,ba,7882,1710,873,491
2026-09-15T05:26:09Z,archangelou,ab,7265,691,522,0
2026-09-15T05:26:09Z,archangelou,ba,6880,1212,687,0
2026-09-15T05:26:09Z,konstantinoup,ab,2628,340,291,0
2026-09-15T05:26:09Z,konstantinoup,ba,2629,428,313,0
2026-09-15T05:26:09Z,stavrou,ab,2187,304,209,0
2026-09-15T05:26:09Z,stavrou,ba,2245,296,208,0
2026-09-15T05:26:09Z,makedonitissas,ab,2904,547,405,0
2026-09-15T05:26:09Z,makedonitissas,ba,2705,420,290,0
2026-09-15T05:26:09Z,armenias,ab,1079,201,120,0
2026-09-15T05:26:09Z,armenias,ba,1079,299,133,0
2026-09-15T05:26:09Z,arch_kyprianou,ab,1777,340,215,0
2026-09-15T05:26:09Z,arch_kyprianou,ba,2773,688,414,90
2026-09-15T05:26:09Z,a1_motorway,ab,10597,445,349,94
2026-09-15T05:26:09Z,a1_motorway,ba,14048,783,558,186
2026-09-15T05:26:09Z,makariou_lakat,ab,6453,757,562,0
2026-09-15T05:26:09Z,makariou_lakat,ba,6316,868,616,0
2026-09-15T05:26:09Z,griva_digeni,ab,4212,618,441,0
2026-09-15T05:26:09Z,griva_digeni,ba,6682,1471,916,137
2026-09-15T05:26:09Z,aglantzias,ab,1775,555,175,324
2026-09-15T05:26:09Z,aglantzias,ba,3098,689,373,207
2026-09-15T05:26:09Z,kranidioti,ab,1458,130,105,0
2026-09-15T05:26:09Z,kranidioti,ba,1652,156,117,0
2026-09-15T05:26:09Z,perimetrikos,ab,2510,323,224,0
2026-09-15T05:26:09Z,perimetrikos,ba,2094,196,160,0
2026-09-15T05:26:09Z,hatziiosif,ab,2049,488,196,190
2026-09-15T05:26:09Z,hatziiosif,ba,2045,560,203,155
2026-09-15T05:26:09Z,perikleous,ab,2016,467,273,0
2026-09-15T05:26:09Z,perikleous,ba,2649,439,274,0
2026-09-15T05:26:09Z,avraamidi,ab,1264,306,141,121
2026-09-15T05:26:09Z,avraamidi,ba,1266,232,150,0
2026-09-15T05:26:09Z,athinon,ab,1440,297,215,44
2026-09-15T05:26:09Z,athinon,ba,1040,378,131,135
2026-09-15T05:26:09Z,tasou_markou,ab,544,107,71,0
2026-09-15T05:26:09Z,tasou_markou,ba,492,59,55,0
2026-09-15T05:26:09Z,peiraios,ab,590,152,72,0
2026-09-15T05:26:09Z,peiraios,ba,590,115,64,0
2026-09-15T05:46:42Z,strovolou,ab,6616,1193,718,67
2026-09-15T05:46:42Z,strovolou,ba,4712,573,405,0
2026-09-15T05:46:42Z,tseriou,ab,2555,410,229,0
2026-09-15T05:46:42Z,tseriou,ba,3739,597,367,95
2026-09-15T05:46:42Z,prodromou,ab,2418,429,259,0
2026-09-15T05:46:42Z,prodromou,ba,3869,642,445,0
2026-09-15T05:46:42Z,akropoleos,ab,5010,860,465,0
2026-09-15T05:46:42Z,akropoleos,ba,5145,1428,481,647
2026-09-15T05:46:42Z,athalassas,ab,2793,640,280,0
2026-09-15T05:46:42Z,athalassas,ba,4712,1064,630,192
2026-09-15T05:46:42Z,lemesou,ab,2014,408,213,0
2026-09-15T05:46:42Z,lemesou,ba,2007,699,196,455
2026-09-15T05:46:42Z,sp_kyprianou,ab,6489,846,585,0
2026-09-15T05:46:42Z,sp_kyprianou,ba,6573,1347,630,189
2026-09-15T05:46:42Z,archangelou,ab,7265,674,522,0
2026-09-15T05:46:42Z,archangelou,ba,7441,1064,672,0
2026-09-15T05:46:42Z,konstantinoup,ab,2628,338,291,0
2026-09-15T05:46:42Z,konstantinoup,ba,2629,406,313,0
2026-09-15T05:46:42Z,stavrou,ab,2187,291,209,0
2026-09-15T05:46:42Z,stavrou,ba,2245,285,208,0
2026-09-15T05:46:42Z,makedonitissas,ab,2904,519,405,0
2026-09-15T05:46:42Z,makedonitissas,ba,2705,395,290,0
2026-09-15T05:46:42Z,armenias,ab,1079,194,120,0
2026-09-15T05:46:42Z,armenias,ba,1079,286,133,0
2026-09-15T05:46:42Z,arch_kyprianou,ab,1701,318,217,0
2026-09-15T05:46:42Z,arch_kyprianou,ba,2447,690,363,202
2026-09-15T05:46:42Z,a1_motorway,ab,10597,351,349,0
2026-09-15T05:46:42Z,a1_motorway,ba,14048,754,558,161
2026-09-15T05:46:42Z,makariou_lakat,ab,6453,732,562,0
2026-09-15T05:46:42Z,makariou_lakat,ba,6316,840,616,0
2026-09-15T05:46:42Z,griva_digeni,ab,4212,609,441,0
2026-09-15T05:46:42Z,griva_digeni,ba,6795,1257,861,0
2026-09-15T05:46:42Z,aglantzias,ab,1775,575,175,301
2026-09-15T05:46:42Z,aglantzias,ba,3098,644,373,169
2026-09-15T05:46:42Z,kranidioti,ab,1458,125,105,0
2026-09-15T05:46:42Z,kranidioti,ba,1652,150,117,0
2026-09-15T05:46:42Z,perimetrikos,ab,2510,303,224,0
2026-09-15T05:46:42Z,perimetrikos,ba,2094,194,160,0
2026-09-15T05:46:42Z,hatziiosif,ab,2049,402,196,0
2026-09-15T05:46:42Z,hatziiosif,ba,2045,510,203,122
2026-09-15T05:46:42Z,perikleous,ab,2016,464,273,0
2026-09-15T05:46:42Z,perikleous,ba,2649,423,274,0
2026-09-15T05:46:42Z,avraamidi,ab,1293,319,192,0
2026-09-15T05:46:42Z,avraamidi,ba,1266,229,150,0
2026-09-15T05:46:42Z,athinon,ab,1440,287,215,37
2026-09-15T05:46:42Z,athinon,ba,1040,339,131,100
2026-09-15T05:46:42Z,tasou_markou,ab,544,105,71,0
2026-09-15T05:46:42Z,tasou_markou,ba,492,58,55,0
2026-09-15T05:46:42Z,peiraios,ab,590,145,72,0
2026-09-15T05:46:42Z,peiraios,ba,590,113,64,0
2026-09-15T13:48:14Z,strovolou,ab,5400,686,507,0
2026-09-15T13:48:14Z,strovolou,ba,4712,962,405,244
2026-09-15T13:48:14Z,tseriou,ab,3240,500,284,121
2026-09-15T13:48:14Z,tseriou,ba,3578,600,431,108
2026-09-15T13:48:14Z,prodromou,ab,2418,332,259,0
2026-09-15T13:48:14Z,prodromou,ba,2414,390,304,0
2026-09-15T13:48:14Z,akropoleos,ab,5010,1177,465,345
2026-09-15T13:48:14Z,akropoleos,ba,8177,988,597,213
2026-09-15T13:48:14Z,athalassas,ab,3199,672,421,66
2026-09-15T13:48:14Z,athalassas,ba,6362,887,609,0
2026-09-15T13:48:14Z,lemesou,ab,2812,652,414,66
2026-09-15T13:48:14Z,lemesou,ba,2007,382,196,0
2026-09-15T13:48:14Z,sp_kyprianou,ab,7131,1209,751,148
2026-09-15T13:48:14Z,sp_kyprianou,ba,7358,974,783,0
2026-09-15T13:48:14Z,archangelou,ab,7265,990,522,305
2026-09-15T13:48:14Z,archangelou,ba,6911,771,593,38
2026-09-15T13:48:14Z,konstantinoup,ab,2628,332,291,0
2026-09-15T13:48:14Z,konstantinoup,ba,2629,374,313,0
2026-09-15T13:48:14Z,stavrou,ab,2187,403,209,0
2026-09-15T13:48:14Z,stavrou,ba,2245,283,208,0
2026-09-15T13:48:14Z,makedonitissas,ab,2797,685,387,204
2026-09-15T13:48:14Z,makedonitissas,ba,2705,350,290,0
2026-09-15T13:48:14Z,armenias,ab,1079,163,120,0
2026-09-15T13:48:14Z,armenias,ba,1079,377,133,131
2026-09-15T13:48:14Z,arch_kyprianou,ab,1652,335,254,0
2026-09-15T13:48:14Z,arch_kyprianou,ba,1726,365,203,0
2026-09-15T13:48:14Z,a1_motorway,ab,10597,351,349,0
2026-09-15T13:48:14Z,a1_motorway,ba,14048,582,558,0
2026-09-15T13:48:14Z,makariou_lakat,ab,6840,834,690,0
2026-09-15T13:48:14Z,makariou_lakat,ba,6901,811,584,0
2026-09-15T13:48:14Z,griva_digeni,ab,5053,785,580,0
2026-09-15T13:48:14Z,griva_digeni,ba,6075,1039,758,0
2026-09-15T13:48:14Z,aglantzias,ab,1775,237,175,0
2026-09-15T13:48:14Z,aglantzias,ba,3098,572,373,0
2026-09-15T13:48:14Z,kranidioti,ab,1458,112,105,0
2026-09-15T13:48:14Z,kranidioti,ba,1652,153,117,0
2026-09-15T13:48:14Z,perimetrikos,ab,2510,263,224,0
2026-09-15T13:48:14Z,perimetrikos,ba,2327,222,180,0
2026-09-15T13:48:14Z,hatziiosif,ab,2049,684,196,345
2026-09-15T13:48:14Z,hatziiosif,ba,2045,365,203,0
2026-09-15T13:48:14Z,perikleous,ab,2276,621,322,98
2026-09-15T13:48:14Z,perikleous,ba,2649,427,274,24
2026-09-15T13:48:14Z,avraamidi,ab,1264,229,141,0
2026-09-15T13:48:14Z,avraamidi,ba,1266,355,150,169
2026-09-15T13:48:14Z,athinon,ab,1440,272,215,0
2026-09-15T13:48:14Z,athinon,ba,1040,356,131,108
2026-09-15T13:48:14Z,tasou_markou,ab,544,86,71,0
2026-09-15T13:48:14Z,tasou_markou,ba,492,54,55,0
2026-09-15T13:48:14Z,peiraios,ab,590,122,72,0
2026-09-15T13:48:14Z,peiraios,ba,590,131,64,0
2026-09-15T14:08:51Z,strovolou,ab,5400,686,507,0
2026-09-15T14:08:51Z,strovolou,ba,4712,871,405,161
2026-09-15T14:08:51Z,tseriou,ab,3240,406,284,0
2026-09-15T14:08:51Z,tseriou,ba,3578,585,431,0
2026-09-15T14:08:51Z,prodromou,ab,2418,332,259,0
2026-09-15T14:08:51Z,prodromou,ba,2414,391,304,0
2026-09-15T14:08:51Z,akropoleos,ab,5010,1191,465,372
2026-09-15T14:08:51Z,akropoleos,ba,8177,939,597,160
2026-09-15T14:08:51Z,athalassas,ab,3199,720,421,158
2026-09-15T14:08:51Z,athalassas,ba,6362,1018,609,209
2026-09-15T14:08:51Z,lemesou,ab,2812,701,414,158
2026-09-15T14:08:51Z,lemesou,ba,2007,372,196,0
2026-09-15T14:08:51Z,sp_kyprianou,ab,7006,1134,666,177
2026-09-15T14:08:51Z,sp_kyprianou,ba,7358,972,783,0
2026-09-15T14:08:51Z,archangelou,ab,7265,916,522,177
2026-09-15T14:08:51Z,archangelou,ba,6911,733,593,0
2026-09-15T14:08:51Z,konstantinoup,ab,2628,331,291,0
2026-09-15T14:08:51Z,konstantinoup,ba,2629,372,313,0
2026-09-15T14:08:51Z,stavrou,ab,2412,399,258,0
2026-09-15T14:08:51Z,stavrou,ba,2245,284,208,0
2026-09-15T14:08:51Z,makedonitissas,ab,2797,675,387,177
2026-09-15T14:08:51Z,makedonitissas,ba,2705,353,290,0
2026-09-15T14:08:51Z,armenias,ab,1079,164,120,0
2026-09-15T14:08:51Z,armenias,ba,1079,325,133,0
2026-09-15T14:08:51Z,arch_kyprianou,ab,1652,335,254,0
2026-09-15T14:08:51Z,arch_kyprianou,ba,1726,364,203,0
2026-09-15T14:08:51Z,a1_motorway,ab,10597,351,349,0
2026-09-15T14:08:51Z,a1_motorway,ba,14048,579,558,0
2026-09-15T14:08:51Z,makariou_lakat,ab,6840,840,690,0
2026-09-15T14:08:51Z,makariou_lakat,ba,6901,817,584,0
2026-09-15T14:08:51Z,griva_digeni,ab,4212,782,441,187
2026-09-15T14:08:51Z,griva_digeni,ba,5350,1040,685,79
2026-09-15T14:08:51Z,aglantzias,ab,1775,239,175,0
2026-09-15T14:08:51Z,aglantzias,ba,3098,645,373,120
2026-09-15T14:08:51Z,kranidioti,ab,1458,113,105,0
2026-09-15T14:08:51Z,kranidioti,ba,1652,278,117,151
2026-09-15T14:08:51Z,perimetrikos,ab,2510,266,224,0
2026-09-15T14:08:51Z,perimetrikos,ba,2327,223,180,0
2026-09-15T14:08:51Z,hatziiosif,ab,2049,655,196,288
2026-09-15T14:08:51Z,hatziiosif,ba,2045,363,203,4
2026-09-15T14:08:51Z,perikleous,ab,2016,548,273,141
2026-09-15T14:08:51Z,perikleous,ba,2649,437,274,33
2026-09-15T14:08:51Z,avraamidi,ab,1264,226,141,0
2026-09-15T14:08:51Z,avraamidi,ba,1266,354,150,169
2026-09-15T14:08:51Z,athinon,ab,1440,277,215,0
2026-09-15T14:08:51Z,athinon,ba,1300,370,237,0
2026-09-15T14:08:51Z,tasou_markou,ab,544,86,71,0
2026-09-15T14:08:51Z,tasou_markou,ba,492,54,55,0
2026-09-15T14:08:51Z,peiraios,ab,590,124,72,0
2026-09-15T14:08:51Z,peiraios,ba,590,126,64,0
2026-09-16T04:41:38Z,strovolou,ab,7649,1964,802,689
2026-09-16T04:41:38Z,strovolou,ba,4712,556,405,21
2026-09-16T04:41:38Z,tseriou,ab,2555,359,229,0
2026-09-16T04:41:38Z,tseriou,ba,3739,561,367,0
2026-09-16T04:41:38Z,prodromou,ab,3222,596,399,0
2026-09-16T04:41:38Z,prodromou,ba,3869,657,445,37
2026-09-16T04:41:38Z,akropoleos,ab,5010,921,465,260
2026-09-16T04:41:38Z,akropoleos,ba,5145,1717,481,954
2026-09-16T04:41:38Z,athalassas,ab,2793,548,280,0
2026-09-16T04:41:38Z,athalassas,ba,4712,1238,630,419
2026-09-16T04:41:38Z,lemesou,ab,2812,540,414,0
2026-09-16T04:41:38Z,lemesou,ba,2007,546,196,302
2026-09-16T04:41:38Z,sp_kyprianou,ab,6489,876,585,92
2026-09-16T04:41:38Z,sp_kyprianou,ba,8649,1684,1021,190
2026-09-16T04:41:38Z,archangelou,ab,7693,864,700,35
2026-09-16T04:41:38Z,archangelou,ba,7086,1591,734,417
2026-09-16T04:41:38Z,konstantinoup,ab,2628,344,291,0
2026-09-16T04:41:38Z,konstantinoup,ba,2629,747,313,374
2026-09-16T04:41:38Z,stavrou,ab,2187,277,209,0
2026-09-16T04:41:38Z,stavrou,ba,3162,507,327,82
2026-09-16T04:41:38Z,makedonitissas,ab,2532,650,474,51
2026-09-16T04:41:38Z,makedonitissas,ba,2625,560,308,180
2026-09-16T04:41:38Z,armenias,ab,1437,289,194,20
2026-09-16T04:41:38Z,armenias,ba,1079,421,133,225
2026-09-16T04:41:38Z,arch_kyprianou,ab,1669,315,245,0
2026-09-16T04:41:38Z,arch_kyprianou,ba,2684,1118,434,580
2026-09-16T04:41:38Z,a1_motorway,ab,10597,521,349,157
2026-09-16T04:41:38Z,a1_motorway,ba,14048,988,558,414
2026-09-16T04:41:38Z,makariou_lakat,ab,5849,711,519,0
2026-09-16T04:41:38Z,makariou_lakat,ba,6316,827,616,0
2026-09-16T04:41:38Z,griva_digeni,ab,4212,622,441,92
2026-09-16T04:41:38Z,griva_digeni,ba,6145,1230,827,37
2026-09-16T04:41:38Z,aglantzias,ab,1775,733,175,516
2026-09-16T04:41:38Z,aglantzias,ba,3098,605,373,141
2026-09-16T04:41:38Z,kranidioti,ab,1458,129,105,0
2026-09-16T04:41:38Z,kranidioti,ba,1652,283,117,150
2026-09-16T04:41:38Z,perimetrikos,ab,2510,330,224,0
2026-09-16T04:41:38Z,perimetrikos,ba,2094,187,160,0
2026-09-16T04:41:38Z,hatziiosif,ab,2049,379,196,107
2026-09-16T04:41:38Z,hatziiosif,ba,2381,493,311,9
2026-09-16T04:41:38Z,perikleous,ab,2016,412,273,0
2026-09-16T04:41:38Z,perikleous,ba,3567,793,387,259
2026-09-16T04:41:38Z,avraamidi,ab,1301,271,217,20
2026-09-16T04:41:38Z,avraamidi,ba,1266,205,150,2
2026-09-16T04:41:38Z,athinon,ab,1573,306,205,68
2026-09-16T04:41:38Z,athinon,ba,1040,279,131,1
2026-09-16T04:41:38Z,tasou_markou,ab,544,106,71,0
2026-09-16T04:41:38Z,tasou_markou,ba,492,58,55,0
2026-09-16T04:41:38Z,peiraios,ab,590,262,72,173
2026-09-16T04:41:38Z,peiraios,ba,590,97,64,0
2026-09-16T05:02:11Z,strovolou,ab,9210,1879,875,412
2026-09-16T05:02:11Z,strovolou,ba,4712,556,405,0
2026-09-16T05:02:11Z,tseriou,ab,3332,454,296,0
2026-09-16T05:02:11Z,tseriou,ba,3739,570,367,0
2026-09-16T05:02:11Z,prodromou,ab,3309,600,371,0
2026-09-16T05:02:11Z,prodromou,ba,2806,743,370,227
2026-09-16T05:02:11Z,akropoleos,ab,9294,1079,720,0
2026-09-16T05:02:11Z,akropoleos,ba,5145,1529,481,819
2026-09-16T05:02:11Z,athalassas,ab,3068,804,383,241
2026-09-16T05:02:11Z,athalassas,ba,4712,1244,630,310
2026-09-16T05:02:11Z,lemesou,ab,2014,376,213,0
2026-09-16T05:02:11Z,lemesou,ba,2007,600,196,328
2026-09-16T05:02:11Z,sp_kyprianou,ab,6489,838,585,0
2026-09-16T05:02:11Z,sp_kyprianou,ba,7777,1811,808,581
2026-09-16T05:02:11Z,archangelou,ab,8029,791,653,0
2026-09-16T05:02:11Z,archangelou,ba,6911,1302,593,405
2026-09-16T05:02:11Z,konstantinoup,ab,2628,348,291,0
2026-09-16T05:02:11Z,konstantinoup,ba,2629,462,313,0
2026-09-16T05:02:11Z,stavrou,ab,2187,293,209,0
2026-09-16T05:02:11Z,stavrou,ba,2245,318,208,0
2026-09-16T05:02:11Z,makedonitissas,ab,2545,586,441,3
2026-09-16T05:02:11Z,makedonitissas,ba,2625,543,308,145
2026-09-16T05:02:11Z,armenias,ab,1079,214,120,0
2026-09-16T05:02:11Z,armenias,ba,1079,428,133,225
2026-09-16T05:02:11Z,arch_kyprianou,ab,1669,333,245,0
2026-09-16T05:02:11Z,arch_kyprianou,ba,2328,886,343,378
2026-09-16T05:02:11Z,a1_motorway,ab,10597,605,349,253
2026-09-16T05:02:11Z,a1_motorway,ba,14048,727,558,105
2026-09-16T05:02:11Z,makariou_lakat,ab,6237,839,646,0
2026-09-16T05:02:11Z,makariou_lakat,ba,6316,883,616,0
2026-09-16T05:02:11Z,griva_digeni,ab,4212,614,441,0
2026-09-16T05:02:11Z,griva_digeni,ba,6780,1502,905,297
2026-09-16T05:02:11Z,aglantzias,ab,1775,630,175,400
2026-09-16T05:02:11Z,aglantzias,ba,3098,642,373,107
2026-09-16T05:02:11Z,kranidioti,ab,1458,137,105,0
2026-09-16T05:02:11Z,kranidioti,ba,1652,166,117,0
2026-09-16T05:02:11Z,perimetrikos,ab,2510,450,224,167
2026-09-16T05:02:11Z,perimetrikos,ba,2094,191,160,0
2026-09-16T05:02:11Z,hatziiosif,ab,2049,612,196,345
2026-09-16T05:02:11Z,hatziiosif,ba,2045,634,203,328
2026-09-16T05:02:11Z,perikleous,ab,2506,517,384,0
2026-09-16T05:02:11Z,perikleous,ba,2649,468,274,0
2026-09-16T05:02:11Z,avraamidi,ab,1301,290,217,27
2026-09-16T05:02:11Z,avraamidi,ba,1266,210,150,0
2026-09-16T05:02:11Z,athinon,ab,1573,313,205,68
2026-09-16T05:02:11Z,athinon,ba,1040,332,131,1
2026-09-16T05:02:11Z,tasou_markou,ab,544,107,71,0
2026-09-16T05:02:11Z,tasou_markou,ba,492,58,55,0
2026-09-16T05:02:11Z,peiraios,ab,590,325,72,240
2026-09-16T05:02:11Z,peiraios,ba,590,111,64,0
2026-09-16T05:22:47Z,strovolou,ab,5400,1636,507,735
2026-09-16T05:22:47Z,strovolou,ba,4712,596,405,0
2026-09-16T05:22:47Z,tseriou,ab,2555,430,229,0
2026-09-16T05:22:47Z,tseriou,ba,3739,624,367,111
2026-09-16T05:22:47Z,prodromou,ab,2418,495,259,153
2026-09-16T05:22:47Z,prodromou,ba,3869,700,445,37
2026-09-16T05:22:47Z,akropoleos,ab,5010,1051,465,343
2026-09-16T05:22:47Z,akropoleos,ba,5145,1647,481,829
2026-09-16T05:22:47Z,athalassas,ab,2793,730,280,207
2026-09-16T05:22:47Z,athalassas,ba,4712,1132,630,209
2026-09-16T05:22:47Z,lemesou,ab,2014,424,213,0
2026-09-16T05:22:47Z,lemesou,ba,2576,680,393,42
2026-09-16T05:22:47Z,sp_kyprianou,ab,6489,899,585,0
2026-09-16T05:22:47Z,sp_kyprianou,ba,7898,1654,836,375
2026-09-16T05:22:47Z,archangelou,ab,7265,698,522,0
2026-09-16T05:22:47Z,archangelou,ba,7441,1262,672,220
2026-09-16T05:22:47Z,konstantinoup,ab,2628,354,291,0
2026-09-16T05:22:47Z,konstantinoup,ba,2629,439,313,0
2026-09-16T05:22:47Z,stavrou,ab,2187,308,209,0
2026-09-16T05:22:47Z,stavrou,ba,2245,307,208,0
2026-09-16T05:22:47Z,makedonitissas,ab,2904,548,405,0
2026-09-16T05:22:47Z,makedonitissas,ba,2625,410,308,0
2026-09-16T05:22:47Z,armenias,ab,1079,203,120,0
2026-09-16T05:22:47Z,armenias,ba,1079,319,133,80
2026-09-16T05:22:47Z,arch_kyprianou,ab,1777,353,215,0
2026-09-16T05:22:47Z,arch_kyprianou,ba,2660,721,406,121
2026-09-16T05:22:47Z,a1_motorway,ab,10597,352,349,0
2026-09-16T05:22:47Z,a1_motorway,ba,14048,721,558,96
2026-09-16T05:22:47Z,makariou_lakat,ab,5849,764,519,0
2026-09-16T05:22:47Z,makariou_lakat,ba,6316,869,616,0
2026-09-16T05:22:47Z,griva_digeni,ab,4212,625,441,0
2026-09-16T05:22:47Z,griva_digeni,ba,6145,1342,827,37
2026-09-16T05:22:47Z,aglantzias,ab,1775,486,175,237
2026-09-16T05:22:47Z,aglantzias,ba,3098,659,373,169
2026-09-16T05:22:47Z,kranidioti,ab,1458,132,105,0
2026-09-16T05:22:47Z,kranidioti,ba,1652,162,117,0
2026-09-16T05:22:47Z,perimetrikos,ab,2510,500,224,219
2026-09-16T05:22:47Z,perimetrikos,ba,2094,195,160,0
2026-09-16T05:22:47Z,hatziiosif,ab,2049,437,196,126
2026-09-16T05:22:47Z,hatziiosif,ba,2045,546,203,177
2026-09-16T05:22:47Z,perikleous,ab,2016,473,273,2
2026-09-16T05:22:47Z,perikleous,ba,2649,463,274,39
2026-09-16T05:22:47Z,avraamidi,ab,1264,284,141,1
2026-09-16T05:22:47Z,avraamidi,ba,1266,232,150,2
2026-09-16T05:22:47Z,athinon,ab,1573,296,205,44
2026-09-16T05:22:47Z,athinon,ba,1040,353,131,113
2026-09-16T05:22:47Z,tasou_markou,ab,544,110,71,0
2026-09-16T05:22:47Z,tasou_markou,ba,492,58,55,0
2026-09-16T05:22:47Z,peiraios,ab,590,153,72,0
2026-09-16T05:22:47Z,peiraios,ba,590,112,64,0
2026-09-16T05:43:24Z,strovolou,ab,5400,1363,507,666
2026-09-16T05:43:24Z,strovolou,ba,4712,584,405,0
2026-09-16T05:43:24Z,tseriou,ab,2555,429,229,0
2026-09-16T05:43:24Z,tseriou,ba,3739,622,367,127
2026-09-16T05:43:24Z,prodromou,ab,2418,481,259,144
2026-09-16T05:43:24Z,prodromou,ba,3748,672,417,109
2026-09-16T05:43:24Z,akropoleos,ab,5010,869,465,0
2026-09-16T05:43:24Z,akropoleos,ba,6549,1432,744,224
2026-09-16T05:43:24Z,athalassas,ab,3199,678,421,111
2026-09-16T05:43:24Z,athalassas,ba,4712,1078,630,174
2026-09-16T05:43:24Z,lemesou,ab,2014,402,213,0
2026-09-16T05:43:24Z,lemesou,ba,2576,645,393,0
2026-09-16T05:43:24Z,sp_kyprianou,ab,7006,911,666,3
2026-09-16T05:43:24Z,sp_kyprianou,ba,6573,1398,630,295
2026-09-16T05:43:24Z,archangelou,ab,7265,680,522,0
2026-09-16T05:43:24Z,archangelou,ba,6911,1007,593,0
2026-09-16T05:43:24Z,konstantinoup,ab,2628,351,291,0
2026-09-16T05:43:24Z,konstantinoup,ba,2629,419,313,0
2026-09-16T05:43:24Z,stavrou,ab,2187,299,209,0
2026-09-16T05:43:24Z,stavrou,ba,2245,295,208,0
2026-09-16T05:43:24Z,makedonitissas,ab,2904,519,405,0
2026-09-16T05:43:24Z,makedonitissas,ba,2705,537,290,165
2026-09-16T05:43:24Z,armenias,ab,1079,195,120,0
2026-09-16T05:43:24Z,armenias,ba,1079,284,133,0
2026-09-16T05:43:24Z,arch_kyprianou,ab,1701,325,217,0
2026-09-16T05:43:24Z,arch_kyprianou,ba,2447,647,363,158
2026-09-16T05:43:24Z,a1_motorway,ab,10597,352,349,0
2026-09-16T05:43:24Z,a1_motorway,ba,14048,614,558,0
2026-09-16T05:43:24Z,makariou_lakat,ab,5849,741,519,0
2026-09-16T05:43:24Z,makariou_lakat,ba,6316,846,616,0
2026-09-16T05:43:24Z,griva_digeni,ab,4212,746,441,185
2026-09-16T05:43:24Z,griva_digeni,ba,6145,1281,827,28
2026-09-16T05:43:24Z,aglantzias,ab,1775,359,175,2
2026-09-16T05:43:24Z,aglantzias,ba,3098,626,373,141
2026-09-16T05:43:24Z,kranidioti,ab,1458,126,105,0
2026-09-16T05:43:24Z,kranidioti,ba,1652,153,117,0
2026-09-16T05:43:24Z,perimetrikos,ab,2510,309,224,0
2026-09-16T05:43:24Z,perimetrikos,ba,2094,193,160,0
2026-09-16T05:43:24Z,hatziiosif,ab,2049,410,196,0
2026-09-16T05:43:24Z,hatziiosif,ba,2571,595,318,62
2026-09-16T05:43:24Z,perikleous,ab,2016,473,273,2
2026-09-16T05:43:24Z,perikleous,ba,2649,472,274,60
2026-09-16T05:43:24Z,avraamidi,ab,1293,312,192,2
2026-09-16T05:43:24Z,avraamidi,ba,1266,229,150,2
2026-09-16T05:43:24Z,athinon,ab,1573,288,205,37
2026-09-16T05:43:24Z,athinon,ba,1040,362,131,134
2026-09-16T05:43:24Z,tasou_markou,ab,544,110,71,0
2026-09-16T05:43:24Z,tasou_markou,ba,492,58,55,0
2026-09-16T05:43:24Z,peiraios,ab,590,149,72,0
2026-09-16T05:43:24Z,peiraios,ba,590,109,64,0
2026-09-16T11:23:55Z,strovolou,ab,5400,673,507,0
2026-09-16T11:23:55Z,strovolou,ba,4712,759,405,198
2026-09-16T11:23:55Z,tseriou,ab,3240,386,284,0
2026-09-16T11:23:55Z,tseriou,ba,3739,538,367,0
2026-09-16T11:23:55Z,prodromou,ab,2418,325,259,0
2026-09-16T11:23:55Z,prodromou,ba,2414,381,304,0
2026-09-16T11:23:55Z,akropoleos,ab,5010,1216,465,449
2026-09-16T11:23:55Z,akropoleos,ba,8177,855,597,0
2026-09-16T11:23:55Z,athalassas,ab,3185,608,421,0
2026-09-16T11:23:55Z,athalassas,ba,7097,896,569,0
2026-09-16T11:23:55Z,lemesou,ab,2014,550,213,233
2026-09-16T11:23:55Z,lemesou,ba,2007,375,196,0
2026-09-16T11:23:55Z,sp_kyprianou,ab,6489,1014,585,151
2026-09-16T11:23:55Z,sp_kyprianou,ba,6573,929,630,0
2026-09-16T11:23:55Z,archangelou,ab,7265,821,522,175
2026-09-16T11:23:55Z,archangelou,ba,6911,725,593,0
2026-09-16T11:23:55Z,konstantinoup,ab,2628,331,291,0
2026-09-16T11:23:55Z,konstantinoup,ba,2629,355,313,0
2026-09-16T11:23:55Z,stavrou,ab,2187,308,209,0
2026-09-16T11:23:55Z,stavrou,ba,2245,277,208,0
2026-09-16T11:23:55Z,makedonitissas,ab,2904,598,405,151
2026-09-16T11:23:55Z,makedonitissas,ba,2705,340,290,0
2026-09-16T11:23:55Z,armenias,ab,1079,162,120,0
2026-09-16T11:23:55Z,armenias,ba,1079,327,133,104
2026-09-16T11:23:55Z,arch_kyprianou,ab,1652,303,254,0
2026-09-16T11:23:55Z,arch_kyprianou,ba,1726,351,203,0
2026-09-16T11:23:55Z,a1_motorway,ab,10597,351,349,0
2026-09-16T11:23:55Z,a1_motorway,ba,14048,584,558,0
2026-09-16T11:23:55Z,makariou_lakat,ab,6453,699,562,0
2026-09-16T11:23:55Z,makariou_lakat,ba,6901,756,584,0
2026-09-16T11:23:55Z,griva_digeni,ab,4212,637,441,0
2026-09-16T11:23:55Z,griva_digeni,ba,5350,962,685,0
2026-09-16T11:23:55Z,aglantzias,ab,1775,221,175,0
2026-09-16T11:23:55Z,aglantzias,ba,3098,557,373,0
2026-09-16T11:23:55Z,kranidioti,ab,1458,114,105,0
2026-09-16T11:23:55Z,kranidioti,ba,1652,131,117,0
2026-09-16T11:23:55Z,perimetrikos,ab,2510,259,224,0
2026-09-16T11:23:55Z,perimetrikos,ba,2094,195,160,0
2026-09-16T11:23:55Z,hatziiosif,ab,2049,549,196,197
2026-09-16T11:23:55Z,hatziiosif,ba,2045,375,203,0
2026-09-16T11:23:55Z,perikleous,ab,2016,478,273,0
2026-09-16T11:23:55Z,perikleous,ba,2649,414,274,24
2026-09-16T11:23:55Z,avraamidi,ab,1264,233,141,0
2026-09-16T11:23:55Z,avraamidi,ba,1266,244,150,0
2026-09-16T11:23:55Z,athinon,ab,1440,251,215,0
2026-09-16T11:23:55Z,athinon,ba,1040,288,131,0
2026-09-16T11:23:55Z,tasou_markou,ab,544,88,71,0
2026-09-16T11:23:55Z,tasou_markou,ba,492,55,55,0
2026-09-16T11:23:55Z,peiraios,ab,590,117,72,0
2026-09-16T11:23:55Z,peiraios,ba,590,106,64,0
2026-09-16T13:45:49Z,strovolou,ab,5400,749,507,78
2026-09-16T13:45:49Z,strovolou,ba,4712,836,405,131
2026-09-16T13:45:49Z,tseriou,ab,3240,397,284,0
2026-09-16T13:45:49Z,tseriou,ba,3739,649,367,183
2026-09-16T13:45:49Z,prodromou,ab,2418,323,259,0
2026-09-16T13:45:49Z,prodromou,ba,2414,386,304,0
2026-09-16T13:45:49Z,akropoleos,ab,5010,1197,465,434
2026-09-16T13:45:49Z,akropoleos,ba,5145,901,481,0
2026-09-16T13:45:49Z,athalassas,ab,3185,759,421,191
2026-09-16T13:45:49Z,athalassas,ba,6362,962,609,112
2026-09-16T13:45:49Z,lemesou,ab,3427,604,353,0
2026-09-16T13:45:49Z,lemesou,ba,2007,475,196,178
2026-09-16T13:45:49Z,sp_kyprianou,ab,7006,1212,666,325
2026-09-16T13:45:49Z,sp_kyprianou,ba,7467,985,791,0
2026-09-16T13:45:49Z,archangelou,ab,8138,976,696,1
2026-09-16T13:45:49Z,archangelou,ba,6911,750,593,0
2026-09-16T13:45:49Z,konstantinoup,ab,2628,335,291,0
2026-09-16T13:45:49Z,konstantinoup,ba,2629,355,313,0
2026-09-16T13:45:49Z,stavrou,ab,2187,343,209,0
2026-09-16T13:45:49Z,stavrou,ba,2245,275,208,0
2026-09-16T13:45:49Z,makedonitissas,ab,2797,679,387,206
2026-09-16T13:45:49Z,makedonitissas,ba,2705,369,290,0
2026-09-16T13:45:49Z,armenias,ab,1079,164,120,0
2026-09-16T13:45:49Z,armenias,ba,1079,315,133,0
2026-09-16T13:45:49Z,arch_kyprianou,ab,1652,328,254,0
2026-09-16T13:45:49Z,arch_kyprianou,ba,2260,406,310,0
2026-09-16T13:45:49Z,a1_motorway,ab,10597,351,349,0
2026-09-16T13:45:49Z,a1_motorway,ba,14048,579,558,0
2026-09-16T13:45:49Z,makariou_lakat,ab,6237,822,646,0
2026-09-16T13:45:49Z,makariou_lakat,ba,6901,792,584,0
2026-09-16T13:45:49Z,griva_digeni,ab,4212,733,441,136
2026-09-16T13:45:49Z,griva_digeni,ba,5350,966,685,0
2026-09-16T13:45:49Z,aglantzias,ab,1775,230,175,0
2026-09-16T13:45:49Z,aglantzias,ba,3098,615,373,86
2026-09-16T13:45:49Z,kranidioti,ab,1458,113,105,0
2026-09-16T13:45:49Z,kranidioti,ba,1652,155,117,0
2026-09-16T13:45:49Z,perimetrikos,ab,2510,268,224,0
2026-09-16T13:45:49Z,perimetrikos,ba,2327,223,180,0
2026-09-16T13:45:49Z,hatziiosif,ab,2049,683,196,345
2026-09-16T13:45:49Z,hatziiosif,ba,2045,370,203,0
2026-09-16T13:45:49Z,perikleous,ab,2016,540,273,147
2026-09-16T13:45:49Z,perikleous,ba,2649,417,274,24
2026-09-16T13:45:49Z,avraamidi,ab,1264,262,141,0
2026-09-16T13:45:49Z,avraamidi,ba,1266,281,150,0
2026-09-16T13:45:49Z,athinon,ab,1440,268,215,0
2026-09-16T13:45:49Z,athinon,ba,1594,359,262,0
2026-09-16T13:45:49Z,tasou_markou,ab,544,86,71,0
2026-09-16T13:45:49Z,tasou_markou,ba,492,55,55,0
2026-09-16T13:45:49Z,peiraios,ab,590,120,72,0
2026-09-16T13:45:49Z,peiraios,ba,590,117,64,0
2026-09-17T04:45:02Z,strovolou,ab,8874,2062,861,777
2026-09-17T04:45:02Z,strovolou,ba,4712,589,405,37
2026-09-17T04:45:02Z,tseriou,ab,2555,376,229,0
2026-09-17T04:45:02Z,tseriou,ba,3739,567,367,0
2026-09-17T04:45:02Z,prodromou,ab,3095,560,375,0
2026-09-17T04:45:02Z,prodromou,ba,3869,655,445,37
2026-09-17T04:45:02Z,akropoleos,ab,5010,930,465,171
2026-09-17T04:45:02Z,akropoleos,ba,8210,1705,594,832
2026-09-17T04:45:02Z,athalassas,ab,3054,703,383,111
2026-09-17T04:45:02Z,athalassas,ba,4712,1604,630,821
2026-09-17T04:45:02Z,lemesou,ab,2014,479,213,174
2026-09-17T04:45:02Z,lemesou,ba,2007,630,196,380
2026-09-17T04:45:02Z,sp_kyprianou,ab,6489,830,585,0
2026-09-17T04:45:02Z,sp_kyprianou,ba,8383,1628,951,188
2026-09-17T04:45:02Z,archangelou,ab,7262,829,587,115
2026-09-17T04:45:02Z,archangelou,ba,8257,1651,750,638
2026-09-17T04:45:02Z,konstantinoup,ab,2628,340,291,0
2026-09-17T04:45:02Z,konstantinoup,ba,2629,651,313,287
2026-09-17T04:45:02Z,stavrou,ab,2187,285,209,0
2026-09-17T04:45:02Z,stavrou,ba,3162,462,327,0
2026-09-17T04:45:02Z,makedonitissas,ab,2973,707,461,121
2026-09-17T04:45:02Z,makedonitissas,ba,2705,533,290,145
2026-09-17T04:45:02Z,armenias,ab,1079,345,120,207
2026-09-17T04:45:02Z,armenias,ba,1079,307,133,94
2026-09-17T04:45:02Z,arch_kyprianou,ab,1777,320,215,0
2026-09-17T04:45:02Z,arch_kyprianou,ba,2778,955,405,434
2026-09-17T04:45:02Z,a1_motorway,ab,10597,409,349,58
2026-09-17T04:45:02Z,a1_motorway,ba,14048,716,558,90
2026-09-17T04:45:02Z,makariou_lakat,ab,5849,753,519,0
2026-09-17T04:45:02Z,makariou_lakat,ba,6316,847,616,0
2026-09-17T04:45:02Z,griva_digeni,ab,4212,578,441,0
2026-09-17T04:45:02Z,griva_digeni,ba,6183,1334,871,112
2026-09-17T04:45:02Z,aglantzias,ab,2796,676,478,23
2026-09-17T04:45:02Z,aglantzias,ba,3098,637,373,148
2026-09-17T04:45:02Z,kranidioti,ab,1458,131,105,0
2026-09-17T04:45:02Z,kranidioti,ba,1652,265,117,131
2026-09-17T04:45:02Z,perimetrikos,ab,2510,332,224,0
2026-09-17T04:45:02Z,perimetrikos,ba,2094,199,160,0
2026-09-17T04:45:02Z,hatziiosif,ab,2049,347,196,0
2026-09-17T04:45:02Z,hatziiosif,ba,2045,734,203,424
2026-09-17T04:45:02Z,perikleous,ab,2016,424,273,2
2026-09-17T04:45:02Z,perikleous,ba,3567,797,387,259
2026-09-17T04:45:02Z,avraamidi,ab,1293,351,192,92
2026-09-17T04:45:02Z,avraamidi,ba,1266,212,150,2
2026-09-17T04:45:02Z,athinon,ab,1573,371,205,123
2026-09-17T04:45:02Z,athinon,ba,1040,282,131,2
2026-09-17T04:45:02Z,tasou_markou,ab,544,106,71,0
2026-09-17T04:45:02Z,tasou_markou,ba,492,58,55,0
2026-09-17T04:45:02Z,peiraios,ab,1011,352,209,97
2026-09-17T04:45:02Z,peiraios,ba,590,100,64,0
2026-09-17T05:05:34Z,strovolou,ab,9210,1805,875,353
2026-09-17T05:05:34Z,strovolou,ba,4712,608,405,21
2026-09-17T05:05:34Z,tseriou,ab,2555,418,229,0
2026-09-17T05:05:34Z,tseriou,ba,3739,601,367,0
2026-09-17T05:05:34Z,prodromou,ab,2418,420,259,0
2026-09-17T05:05:34Z,prodromou,ba,3748,881,417,356
2026-09-17T05:05:34Z,akropoleos,ab,8641,1077,616,127
2026-09-17T05:05:34Z,akropoleos,ba,6916,1630,726,515
2026-09-17T05:05:34Z,athalassas,ab,3185,717,421,140
2026-09-17T05:05:34Z,athalassas,ba,4619,1340,563,462
2026-09-17T05:05:34Z,lemesou,ab,2014,512,213,117
2026-09-17T05:05:34Z,lemesou,ba,2007,718,196,348
2026-09-17T05:05:34Z,sp_kyprianou,ab,6489,874,585,0
2026-09-17T05:05:34Z,sp_kyprianou,ba,7777,1799,808,626
2026-09-17T05:05:34Z,archangelou,ab,7265,710,522,0
2026-09-17T05:05:34Z,archangelou,ba,6911,1200,593,254
2026-09-17T05:05:34Z,konstantinoup,ab,2628,340,291,0
2026-09-17T05:05:34Z,konstantinoup,ba,2629,442,313,0
2026-09-17T05:05:34Z,stavrou,ab,2187,307,209,0
2026-09-17T05:05:34Z,stavrou,ba,2245,299,208,0
2026-09-17T05:05:34Z,makedonitissas,ab,2904,705,405,159
2026-09-17T05:05:34Z,makedonitissas,ba,2625,573,308,180
2026-09-17T05:05:34Z,armenias,ab,1079,218,120,0
2026-09-17T05:05:34Z,armenias,ba,1079,284,133,0
2026-09-17T05:05:34Z,arch_kyprianou,ab,1701,342,217,0
2026-09-17T05:05:34Z,arch_kyprianou,ba,2633,1009,396,467
2026-09-17T05:05:34Z,a1_motorway,ab,10597,388,349,36
2026-09-17T05:05:34Z,a1_motorway,ba,14048,754,558,125
2026-09-17T05:05:34Z,makariou_lakat,ab,6237,885,646,0
2026-09-17T05:05:34Z,makariou_lakat,ba,6316,883,616,15
2026-09-17T05:05:34Z,griva_digeni,ab,4212,613,441,0
2026-09-17T05:05:34Z,griva_digeni,ba,6904,1417,870,172
2026-09-17T05:05:34Z,aglantzias,ab,1775,747,175,513
2026-09-17T05:05:34Z,aglantzias,ba,3098,649,373,91
2026-09-17T05:05:34Z,kranidioti,ab,1458,137,105,0
2026-09-17T05:05:34Z,kranidioti,ba,1652,161,117,0
2026-09-17T05:05:34Z,perimetrikos,ab,2510,336,224,0
2026-09-17T05:05:34Z,perimetrikos,ba,2094,199,160,0
2026-09-17T05:05:34Z,hatziiosif,ab,2049,601,196,345
2026-09-17T05:05:34Z,hatziiosif,ba,2942,644,545,20
2026-09-17T05:05:34Z,perikleous,ab,2016,458,273,2
2026-09-17T05:05:34Z,perikleous,ba,2649,699,274,311
2026-09-17T05:05:34Z,avraamidi,ab,1301,290,217,29
2026-09-17T05:05:34Z,avraamidi,ba,1266,222,150,2
2026-09-17T05:05:34Z,athinon,ab,1573,325,205,68
2026-09-17T05:05:34Z,athinon,ba,1040,322,131,1
2026-09-17T05:05:34Z,tasou_markou,ab,544,107,71,0
2026-09-17T05:05:34Z,tasou_markou,ba,492,58,55,0
2026-09-17T05:05:34Z,peiraios,ab,1011,330,209,66
2026-09-17T05:05:34Z,peiraios,ba,590,109,64,0
2026-09-17T05:26:08Z,strovolou,ab,5400,1411,507,623
2026-09-17T05:26:08Z,strovolou,ba,4712,592,405,0
2026-09-17T05:26:08Z,tseriou,ab,2555,425,229,0
2026-09-17T05:26:08Z,tseriou,ba,3739,590,367,0
2026-09-17T05:26:08Z,prodromou,ab,2418,409,259,0
2026-09-17T05:26:08Z,prodromou,ba,3748,659,417,0
2026-09-17T05:26:08Z,akropoleos,ab,5010,959,465,197
2026-09-17T05:26:08Z,akropoleos,ba,5659,1476,597,527
2026-09-17T05:26:08Z,athalassas,ab,3185,688,421,113
2026-09-17T05:26:08Z,athalassas,ba,6384,1237,585,244
2026-09-17T05:26:08Z,lemesou,ab,2014,427,213,0
2026-09-17T05:26:08Z,lemesou,ba,2007,722,196,496
2026-09-17T05:26:08Z,sp_kyprianou,ab,6489,870,585,0
2026-09-17T05:26:08Z,sp_kyprianou,ba,7777,1517,808,254
2026-09-17T05:26:08Z,archangelou,ab,7265,699,522,0
2026-09-17T05:26:08Z,archangelou,ba,6911,1150,593,254
2026-09-17T05:26:08Z,konstantinoup,ab,2628,335,291,0
2026-09-17T05:26:08Z,konstantinoup,ba,2629,427,313,0
2026-09-17T05:26:08Z,stavrou,ab,2187,306,209,0
2026-09-17T05:26:08Z,stavrou,ba,2245,293,208,0
2026-09-17T05:26:08Z,makedonitissas,ab,2904,541,405,0
2026-09-17T05:26:08Z,makedonitissas,ba,2705,410,290,0
2026-09-17T05:26:08Z,armenias,ab,1079,206,120,0
2026-09-17T05:26:08Z,armenias,ba,1079,284,133,0
2026-09-17T05:26:08Z,arch_kyprianou,ab,1669,333,245,0
2026-09-17T05:26:08Z,arch_kyprianou,ba,2515,800,396,262
2026-09-17T05:26:08Z,a1_motorway,ab,10597,351,349,0
2026-09-17T05:26:08Z,a1_motorway,ba,14048,624,558,0
2026-09-17T05:26:08Z,makariou_lakat,ab,5849,855,519,138
2026-09-17T05:26:08Z,makariou_lakat,ba,6316,860,616,0
2026-09-17T05:26:08Z,griva_digeni,ab,4212,617,441,0
2026-09-17T05:26:08Z,griva_digeni,ba,6577,1346,851,0
2026-09-17T05:26:08Z,aglantzias,ab,1775,482,175,237
2026-09-17T05:26:08Z,aglantzias,ba,3098,617,373,120
2026-09-17T05:26:08Z,kranidioti,ab,1458,135,105,0
2026-09-17T05:26:08Z,kranidioti,ba,1652,156,117,0
2026-09-17T05:26:08Z,perimetrikos,ab,2510,407,224,129
2026-09-17T05:26:08Z,perimetrikos,ba,2094,198,160,0
2026-09-17T05:26:08Z,hatziiosif,ab,2049,483,196,197
2026-09-17T05:26:08Z,hatziiosif,ba,2571,650,318,129
2026-09-17T05:26:08Z,perikleous,ab,2016,459,273,1
2026-09-17T05:26:08Z,perikleous,ba,2649,521,274,128
2026-09-17T05:26:08Z,avraamidi,ab,1264,273,141,1
2026-09-17T05:26:08Z,avraamidi,ba,1266,225,150,1
2026-09-17T05:26:08Z,athinon,ab,1440,289,215,37
2026-09-17T05:26:08Z,athinon,ba,1040,320,131,1
2026-09-17T05:26:08Z,tasou_markou,ab,544,107,71,0
2026-09-17T05:26:08Z,tasou_markou,ba,492,58,55,0
2026-09-17T05:26:08Z,peiraios,ab,590,224,72,131
2026-09-17T05:26:08Z,peiraios,ba,590,112,64,0
2026-09-17T05:46:41Z,strovolou,ab,5400,1121,507,422
2026-09-17T05:46:41Z,strovolou,ba,4712,681,405,130
2026-09-17T05:46:41Z,tseriou,ab,2555,427,229,0
2026-09-17T05:46:41Z,tseriou,ba,3739,572,367,0
2026-09-17T05:46:41Z,prodromou,ab,2418,521,259,195
2026-09-17T05:46:41Z,prodromou,ba,3748,687,417,145
2026-09-17T05:46:41Z,akropoleos,ab,5010,844,465,0
2026-09-17T05:46:41Z,akropoleos,ba,5659,1377,597,342
2026-09-17T05:46:41Z,athalassas,ab,2793,631,280,0
2026-09-17T05:46:41Z,athalassas,ba,4712,1007,630,144
2026-09-17T05:46:41Z,lemesou,ab,2014,398,213,0
2026-09-17T05:46:41Z,lemesou,ba,2388,638,302,163
2026-09-17T05:46:41Z,sp_kyprianou,ab,6489,845,585,0
2026-09-17T05:46:41Z,sp_kyprianou,ba,7777,1425,808,258
2026-09-17T05:46:41Z,archangelou,ab,7265,682,522,0
2026-09-17T05:46:41Z,archangelou,ba,6911,986,593,113
2026-09-17T05:46:41Z,konstantinoup,ab,2628,333,291,0
2026-09-17T05:46:41Z,konstantinoup,ba,2629,411,313,0
2026-09-17T05:46:41Z,stavrou,ab,2187,295,209,0
2026-09-17T05:46:41Z,stavrou,ba,2245,286,208,0
2026-09-17T05:46:41Z,makedonitissas,ab,2904,513,405,0
2026-09-17T05:46:41Z,makedonitissas,ba,2705,389,290,0
2026-09-17T05:46:41Z,armenias,ab,1079,198,120,0
2026-09-17T05:46:41Z,armenias,ba,1079,275,133,0
2026-09-17T05:46:41Z,arch_kyprianou,ab,1701,323,217,0
2026-09-17T05:46:41Z,arch_kyprianou,ba,2260,618,310,128
2026-09-17T05:46:41Z,a1_motorway,ab,10597,351,349,0
2026-09-17T05:46:41Z,a1_motorway,ba,14048,711,558,137
2026-09-17T05:46:41Z,makariou_lakat,ab,5849,755,519,0
2026-09-17T05:46:41Z,makariou_lakat,ba,6316,832,616,0
2026-09-17T05:46:41Z,griva_digeni,ab,4212,613,441,0
2026-09-17T05:46:41Z,griva_digeni,ba,6904,1250,870,0
2026-09-17T05:46:41Z,aglantzias,ab,1775,337,175,2
2026-09-17T05:46:41Z,aglantzias,ba,3098,625,373,141
2026-09-17T05:46:41Z,kranidioti,ab,1458,131,105,0
2026-09-17T05:46:41Z,kranidioti,ba,1652,151,117,0
2026-09-17T05:46:41Z,perimetrikos,ab,2510,298,224,0
2026-09-17T05:46:41Z,perimetrikos,ba,2094,196,160,0
2026-09-17T05:46:41Z,hatziiosif,ab,2049,390,196,0
2026-09-17T05:46:41Z,hatziiosif,ba,2381,489,311,0
2026-09-17T05:46:41Z,perikleous,ab,2016,458,273,2
2026-09-17T05:46:41Z,perikleous,ba,2649,435,274,2
2026-09-17T05:46:41Z,avraamidi,ab,1264,264,141,2
2026-09-17T05:46:41Z,avraamidi,ba,1266,227,150,2
2026-09-17T05:46:41Z,athinon,ab,1573,283,205,27
2026-09-17T05:46:41Z,athinon,ba,1040,309,131,1
2026-09-17T05:46:41Z,tasou_markou,ab,544,105,71,0
2026-09-17T05:46:41Z,tasou_markou,ba,492,57,55,0
2026-09-17T05:46:41Z,peiraios,ab,590,143,72,0
2026-09-17T05:46:41Z,peiraios,ba,590,111,64,0
2026-09-17T13:45:11Z,strovolou,ab,5400,694,507,0
2026-09-17T13:45:11Z,strovolou,ba,4712,832,405,0
2026-09-17T13:45:11Z,tseriou,ab,3240,412,284,0
2026-09-17T13:45:11Z,tseriou,ba,3739,634,367,138
2026-09-17T13:45:11Z,prodromou,ab,2418,332,259,0
2026-09-17T13:45:11Z,prodromou,ba,2414,393,304,0
2026-09-17T13:45:11Z,akropoleos,ab,5010,1156,465,288
2026-09-17T13:45:11Z,akropoleos,ba,5145,1004,481,105
2026-09-17T13:45:11Z,athalassas,ab,2793,660,280,0
2026-09-17T13:45:11Z,athalassas,ba,6362,883,609,0
2026-09-17T13:45:11Z,lemesou,ab,2014,641,213,205
2026-09-17T13:45:11Z,lemesou,ba,2007,390,196,118
2026-09-17T13:45:11Z,sp_kyprianou,ab,7006,1161,666,239
2026-09-17T13:45:11Z,sp_kyprianou,ba,7358,986,783,0
2026-09-17T13:45:11Z,archangelou,ab,7265,940,522,239
2026-09-17T13:45:11Z,archangelou,ba,6911,743,593,0
2026-09-17T13:45:11Z,konstantinoup,ab,2628,328,291,0
2026-09-17T13:45:11Z,konstantinoup,ba,2629,377,313,0
2026-09-17T13:45:11Z,stavrou,ab,2187,386,209,0
2026-09-17T13:45:11Z,stavrou,ba,2245,283,208,0
2026-09-17T13:45:11Z,makedonitissas,ab,2797,712,387,239
2026-09-17T13:45:11Z,makedonitissas,ba,2705,348,290,0
2026-09-17T13:45:11Z,armenias,ab,1079,164,120,0
2026-09-17T13:45:11Z,armenias,ba,1079,359,133,113
2026-09-17T13:45:11Z,arch_kyprianou,ab,1652,332,254,0
2026-09-17T13:45:11Z,arch_kyprianou,ba,1726,370,203,0
2026-09-17T13:45:11Z,a1_motorway,ab,10597,351,349,0
2026-09-17T13:45:11Z,a1_motorway,ba,14048,585,558,0
2026-09-17T13:45:11Z,makariou_lakat,ab,6840,841,690,0
2026-09-17T13:45:11Z,makariou_lakat,ba,6901,818,584,0
2026-09-17T13:45:11Z,griva_digeni,ab,4212,696,441,0
2026-09-17T13:45:11Z,griva_digeni,ba,6075,1050,758,0
2026-09-17T13:45:11Z,aglantzias,ab,1775,236,175,2
2026-09-17T13:45:11Z,aglantzias,ba,3098,587,373,102
2026-09-17T13:45:11Z,kranidioti,ab,1458,118,105,0
2026-09-17T13:45:11Z,kranidioti,ba,1652,229,117,107
2026-09-17T13:45:11Z,perimetrikos,ab,2510,269,224,0
2026-09-17T13:45:11Z,perimetrikos,ba,2327,224,180,0
2026-09-17T13:45:11Z,hatziiosif,ab,2049,660,196,288
2026-09-17T13:45:11Z,hatziiosif,ba,2045,365,203,0
2026-09-17T13:45:11Z,perikleous,ab,2016,543,273,147
2026-09-17T13:45:11Z,perikleous,ba,2649,422,274,0
2026-09-17T13:45:11Z,avraamidi,ab,1264,219,141,0
2026-09-17T13:45:11Z,avraamidi,ba,1266,260,150,0
2026-09-17T13:45:11Z,athinon,ab,1573,278,205,0
2026-09-17T13:45:11Z,athinon,ba,1040,380,131,138
2026-09-17T13:45:11Z,tasou_markou,ab,544,87,71,0
2026-09-17T13:45:11Z,tasou_markou,ba,492,55,55,0
2026-09-17T13:45:11Z,peiraios,ab,590,125,72,0
2026-09-17T13:45:11Z,peiraios,ba,590,131,64,0
2026-09-17T14:06:05Z,strovolou,ab,5400,684,507,0
2026-09-17T14:06:05Z,strovolou,ba,4712,876,405,212
2026-09-17T14:06:05Z,tseriou,ab,3240,406,284,0
2026-09-17T14:06:05Z,tseriou,ba,3739,666,367,183
2026-09-17T14:06:05Z,prodromou,ab,2418,331,259,0
2026-09-17T14:06:05Z,prodromou,ba,2414,395,304,0
2026-09-17T14:06:05Z,akropoleos,ab,5010,1126,465,422
2026-09-17T14:06:05Z,akropoleos,ba,8177,1025,597,277
2026-09-17T14:06:05Z,athalassas,ab,2793,631,280,0
2026-09-17T14:06:05Z,athalassas,ba,6362,867,609,0
2026-09-17T14:06:05Z,lemesou,ab,3427,556,353,0
2026-09-17T14:06:05Z,lemesou,ba,2007,446,196,203
2026-09-17T14:06:05Z,sp_kyprianou,ab,7006,1171,666,272
2026-09-17T14:06:05Z,sp_kyprianou,ba,6573,993,630,139
2026-09-17T14:06:05Z,archangelou,ab,7265,966,522,284
2026-09-17T14:06:05Z,archangelou,ba,6911,740,593,0
2026-09-17T14:06:05Z,konstantinoup,ab,2628,330,291,0
2026-09-17T14:06:05Z,konstantinoup,ba,2629,376,313,0
2026-09-17T14:06:05Z,stavrou,ab,2187,368,209,0
2026-09-17T14:06:05Z,stavrou,ba,2245,279,208,0
2026-09-17T14:06:05Z,makedonitissas,ab,2797,685,387,206
2026-09-17T14:06:05Z,makedonitissas,ba,2705,349,290,0
2026-09-17T14:06:05Z,armenias,ab,1079,164,120,0
2026-09-17T14:06:05Z,armenias,ba,1079,329,133,80
2026-09-17T14:06:05Z,arch_kyprianou,ab,1652,330,254,0
2026-09-17T14:06:05Z,arch_kyprianou,ba,1726,362,203,0
2026-09-17T14:06:05Z,a1_motorway,ab,10597,351,349,0
2026-09-17T14:06:05Z,a1_motorway,ba,14048,583,558,0
2026-09-17T14:06:05Z,makariou_lakat,ab,6840,844,690,0
2026-09-17T14:06:05Z,makariou_lakat,ba,6316,829,616,0
2026-09-17T14:06:05Z,griva_digeni,ab,4212,683,441,0
2026-09-17T14:06:05Z,griva_digeni,ba,5350,987,685,38
2026-09-17T14:06:05Z,aglantzias,ab,1775,233,175,0
2026-09-17T14:06:05Z,aglantzias,ba,3098,551,373,24
2026-09-17T14:06:05Z,kranidioti,ab,1458,119,105,0
2026-09-17T14:06:05Z,kranidioti,ba,1652,155,117,0
2026-09-17T14:06:05Z,perimetrikos,ab,2510,270,224,0
2026-09-17T14:06:05Z,perimetrikos,ba,2327,224,180,0
2026-09-17T14:06:05Z,hatziiosif,ab,2049,556,196,236
2026-09-17T14:06:05Z,hatziiosif,ba,2045,356,203,0
2026-09-17T14:06:05Z,perikleous,ab,2016,533,273,140
2026-09-17T14:06:05Z,perikleous,ba,2649,423,274,24
2026-09-17T14:06:05Z,avraamidi,ab,1264,214,141,0
2026-09-17T14:06:05Z,avraamidi,ba,1266,255,150,0
2026-09-17T14:06:05Z,athinon,ab,1573,276,205,0
2026-09-17T14:06:05Z,athinon,ba,1594,368,262,0
2026-09-17T14:06:05Z,tasou_markou,ab,544,87,71,0
2026-09-17T14:06:05Z,tasou_markou,ba,492,55,55,0
2026-09-17T14:06:05Z,peiraios,ab,590,125,72,0
2026-09-17T14:06:05Z,peiraios,ba,590,125,64,0
2026-09-18T04:42:39Z,strovolou,ab,7649,1880,802,718
2026-09-18T04:42:39Z,strovolou,ba,4712,564,405,21
2026-09-18T04:42:39Z,tseriou,ab,3217,465,342,0
2026-09-18T04:42:39Z,tseriou,ba,3739,542,367,0
2026-09-18T04:42:39Z,prodromou,ab,2418,446,259,122
2026-09-18T04:42:39Z,prodromou,ba,2806,656,370,172
2026-09-18T04:42:39Z,akropoleos,ab,7073,928,590,0
2026-09-18T04:42:39Z,akropoleos,ba,8210,1548,594,740
2026-09-18T04:42:39Z,athalassas,ab,3364,676,434,63
2026-09-18T04:42:39Z,athalassas,ba,4712,1126,630,310
2026-09-18T04:42:39Z,lemesou,ab,2014,342,213,0
2026-09-18T04:42:39Z,lemesou,ba,2007,512,196,256
2026-09-18T04:42:39Z,sp_kyprianou,ab,6489,829,585,0
2026-09-18T04:42:39Z,sp_kyprianou,ba,8262,1533,923,117
2026-09-18T04:42:39Z,archangelou,ab,6295,835,626,0
2026-09-18T04:42:39Z,archangelou,ba,8740,1337,855,132
2026-09-18T04:42:39Z,konstantinoup,ab,2628,339,291,0
2026-09-18T04:42:39Z,konstantinoup,ba,2629,408,313,0
2026-09-18T04:42:39Z,stavrou,ab,2187,288,209,0
2026-09-18T04:42:39Z,stavrou,ba,3243,474,371,31
2026-09-18T04:42:39Z,makedonitissas,ab,2545,573,441,0
2026-09-18T04:42:39Z,makedonitissas,ba,2705,376,290,0
2026-09-18T04:42:39Z,armenias,ab,1079,290,120,139
2026-09-18T04:42:39Z,armenias,ba,1079,294,133,94
2026-09-18T04:42:39Z,arch_kyprianou,ab,1777,319,215,0
2026-09-18T04:42:39Z,arch_kyprianou,ba,2817,942,492,283
2026-09-18T04:42:39Z,a1_motorway,ab,10597,398,349,46
2026-09-18T04:42:39Z,a1_motorway,ba,14048,849,558,270
2026-09-18T04:42:39Z,makariou_lakat,ab,5849,720,519,0
2026-09-18T04:42:39Z,makariou_lakat,ba,6316,816,616,0
2026-09-18T04:42:39Z,griva_digeni,ab,4212,574,441,0
2026-09-18T04:42:39Z,griva_digeni,ba,6256,1221,826,0
2026-09-18T04:42:39Z,aglantzias,ab,1775,632,175,434
2026-09-18T04:42:39Z,aglantzias,ba,3098,574,373,102
2026-09-18T04:42:39Z,kranidioti,ab,1458,123,105,0
2026-09-18T04:42:39Z,kranidioti,ba,1652,147,117,0
2026-09-18T04:42:39Z,perimetrikos,ab,2510,310,224,0
2026-09-18T04:42:39Z,perimetrikos,ba,2094,191,160,0
2026-09-18T04:42:39Z,hatziiosif,ab,4136,531,330,3
2026-09-18T04:42:39Z,hatziiosif,ba,3828,748,447,137
2026-09-18T04:42:39Z,perikleous,ab,2016,506,273,149
2026-09-18T04:42:39Z,perikleous,ba,3567,879,387,377
2026-09-18T04:42:39Z,avraamidi,ab,1264,231,141,2
2026-09-18T04:42:39Z,avraamidi,ba,1266,203,150,2
2026-09-18T04:42:39Z,athinon,ab,1573,313,205,68
2026-09-18T04:42:39Z,athinon,ba,1040,266,131,1
2026-09-18T04:42:39Z,tasou_markou,ab,544,105,71,0
2026-09-18T04:42:39Z,tasou_markou,ba,492,58,55,0
2026-09-18T04:42:39Z,peiraios,ab,590,142,72,0
2026-09-18T04:42:39Z,peiraios,ba,590,99,64,0
2026-09-18T05:03:20Z,strovolou,ab,5400,1702,507,1044
2026-09-18T05:03:20Z,strovolou,ba,4712,608,405,14
2026-09-18T05:03:20Z,tseriou,ab,3217,500,342,0
2026-09-18T05:03:20Z,tseriou,ba,3739,595,367,0
2026-09-18T05:03:20Z,prodromou,ab,2418,448,259,95
2026-09-18T05:03:20Z,prodromou,ba,3748,798,417,263
2026-09-18T05:03:20Z,akropoleos,ab,8641,1038,616,136
2026-09-18T05:03:20Z,akropoleos,ba,5145,1538,481,857
2026-09-18T05:03:20Z,athalassas,ab,3625,767,537,44
2026-09-18T05:03:20Z,athalassas,ba,4712,1077,630,209
2026-09-18T05:03:20Z,lemesou,ab,2014,391,213,0
2026-09-18T05:03:20Z,lemesou,ba,2007,591,196,320
2026-09-18T05:03:20Z,sp_kyprianou,ab,6489,894,585,0
2026-09-18T05:03:20Z,sp_kyprianou,ba,7777,1697,808,543
2026-09-18T05:03:20Z,archangelou,ab,7076,804,559,6
2026-09-18T05:03:20Z,archangelou,ba,6911,1355,593,457
2026-09-18T05:03:20Z,konstantinoup,ab,2628,348,291,0
2026-09-18T05:03:20Z,konstantinoup,ba,2629,424,313,0
2026-09-18T05:03:20Z,stavrou,ab,2187,322,209,0
2026-09-18T05:03:20Z,stavrou,ba,2470,365,257,0
2026-09-18T05:03:20Z,makedonitissas,ab,2904,560,405,0
2026-09-18T05:03:20Z,makedonitissas,ba,2705,388,290,0
2026-09-18T05:03:20Z,armenias,ab,1079,208,120,0
2026-09-18T05:03:20Z,armenias,ba,1079,257,133,0
2026-09-18T05:03:20Z,arch_kyprianou,ab,1701,356,217,21
2026-09-18T05:03:20Z,arch_kyprianou,ba,2660,773,406,172
2026-09-18T05:03:20Z,a1_motorway,ab,10597,352,349,0
2026-09-18T05:03:20Z,a1_motorway,ba,14048,663,558,41
2026-09-18T05:03:20Z,makariou_lakat,ab,5849,869,519,163
2026-09-18T05:03:20Z,makariou_lakat,ba,6316,870,616,0
2026-09-18T05:03:20Z,griva_digeni,ab,4212,628,441,0
2026-09-18T05:03:20Z,griva_digeni,ba,6904,1278,870,0
2026-09-18T05:03:20Z,aglantzias,ab,2796,679,478,8
2026-09-18T05:03:20Z,aglantzias,ba,3098,618,373,112
2026-09-18T05:03:20Z,kranidioti,ab,1458,129,105,0
2026-09-18T05:03:20Z,kranidioti,ba,1652,159,117,0
2026-09-18T05:03:20Z,perimetrikos,ab,2510,500,224,229
2026-09-18T05:03:20Z,perimetrikos,ba,2094,197,160,0
2026-09-18T05:03:20Z,hatziiosif,ab,4397,648,433,5
2026-09-18T05:03:20Z,hatziiosif,ba,2381,633,311,249
2026-09-18T05:03:20Z,perikleous,ab,2016,490,273,105
2026-09-18T05:03:20Z,perikleous,ba,2874,507,335,0
2026-09-18T05:03:20Z,avraamidi,ab,1301,277,217,27
2026-09-18T05:03:20Z,avraamidi,ba,1266,222,150,0
2026-09-18T05:03:20Z,athinon,ab,1573,301,205,44
2026-09-18T05:03:20Z,athinon,ba,1040,313,131,1
2026-09-18T05:03:20Z,tasou_markou,ab,544,109,71,0
2026-09-18T05:03:20Z,tasou_markou,ba,492,59,55,0
2026-09-18T05:03:20Z,peiraios,ab,590,156,72,0
2026-09-18T05:03:20Z,peiraios,ba,590,113,64,0
2026-09-18T05:23:59Z,strovolou,ab,5400,1160,507,404
2026-09-18T05:23:59Z,strovolou,ba,4712,597,405,0
2026-09-18T05:23:59Z,tseriou,ab,3217,495,342,0
2026-09-18T05:23:59Z,tseriou,ba,3739,589,367,0
2026-09-18T05:23:59Z,prodromou,ab,2418,398,259,0
2026-09-18T05:23:59Z,prodromou,ba,3748,739,417,185
2026-09-18T05:23:59Z,akropoleos,ab,9129,974,650,0
2026-09-18T05:23:59Z,akropoleos,ba,5659,1520,597,586
2026-09-18T05:23:59Z,athalassas,ab,2793,725,280,250
2026-09-18T05:23:59Z,athalassas,ba,4236,972,653,0
2026-09-18T05:23:59Z,lemesou,ab,2014,389,213,0
2026-09-18T05:23:59Z,lemesou,ba,2349,626,322,80
2026-09-18T05:23:59Z,sp_kyprianou,ab,6489,871,585,0
2026-09-18T05:23:59Z,sp_kyprianou,ba,6573,1588,630,633
2026-09-18T05:23:59Z,archangelou,ab,7265,702,522,0
2026-09-18T05:23:59Z,archangelou,ba,6911,1163,593,254
2026-09-18T05:23:59Z,konstantinoup,ab,2628,342,291,0
2026-09-18T05:23:59Z,konstantinoup,ba,2629,412,313,0
2026-09-18T05:23:59Z,stavrou,ab,2187,321,209,0
2026-09-18T05:23:59Z,stavrou,ba,2245,311,208,0
2026-09-18T05:23:59Z,makedonitissas,ab,2904,548,405,0
2026-09-18T05:23:59Z,makedonitissas,ba,2705,378,290,0
2026-09-18T05:23:59Z,armenias,ab,1079,205,120,0
2026-09-18T05:23:59Z,armenias,ba,1079,258,133,0
2026-09-18T05:23:59Z,arch_kyprianou,ab,1701,336,217,0
2026-09-18T05:23:59Z,arch_kyprianou,ba,2473,624,353,70
2026-09-18T05:23:59Z,a1_motorway,ab,10597,352,349,0
2026-09-18T05:23:59Z,a1_motorway,ba,14048,607,558,0
2026-09-18T05:23:59Z,makariou_lakat,ab,5849,772,519,0
2026-09-18T05:23:59Z,makariou_lakat,ba,6316,862,616,0
2026-09-18T05:23:59Z,griva_digeni,ab,4212,633,441,0
2026-09-18T05:23:59Z,griva_digeni,ba,6904,1266,870,0
2026-09-18T05:23:59Z,aglantzias,ab,1775,404,175,166
2026-09-18T05:23:59Z,aglantzias,ba,3098,682,373,207
2026-09-18T05:23:59Z,kranidioti,ab,1458,127,105,0
2026-09-18T05:23:59Z,kranidioti,ba,1652,155,117,0
2026-09-18T05:23:59Z,perimetrikos,ab,2510,309,224,0
2026-09-18T05:23:59Z,perimetrikos,ba,2094,196,160,0
2026-09-18T05:23:59Z,hatziiosif,ab,2049,441,196,152
2026-09-18T05:23:59Z,hatziiosif,ba,2571,543,318,0
2026-09-18T05:23:59Z,perikleous,ab,2016,466,273,0
2026-09-18T05:23:59Z,perikleous,ba,2649,443,274,0
2026-09-18T05:23:59Z,avraamidi,ab,1264,251,141,0
2026-09-18T05:23:59Z,avraamidi,ba,1266,226,150,0
2026-09-18T05:23:59Z,athinon,ab,1573,295,205,37
2026-09-18T05:23:59Z,athinon,ba,1040,317,131,1
2026-09-18T05:23:59Z,tasou_markou,ab,544,108,71,0
2026-09-18T05:23:59Z,tasou_markou,ba,492,59,55,0
2026-09-18T05:23:59Z,peiraios,ab,590,148,72,0
2026-09-18T05:23:59Z,peiraios,ba,590,116,64,0
2026-09-18T05:44:39Z,strovolou,ab,5400,924,507,0
2026-09-18T05:44:39Z,strovolou,ba,4712,591,405,0
2026-09-18T05:44:39Z,tseriou,ab,3217,487,342,0
2026-09-18T05:44:39Z,tseriou,ba,3739,576,367,0
2026-09-18T05:44:39Z,prodromou,ab,2418,380,259,0
2026-09-18T05:44:39Z,prodromou,ba,2414,521,304,138
2026-09-18T05:44:39Z,akropoleos,ab,5010,844,465,0
2026-09-18T05:44:39Z,akropoleos,ba,5145,1189,481,376
2026-09-18T05:44:39Z,athalassas,ab,2793,587,280,0
2026-09-18T05:44:39Z,athalassas,ba,6269,1031,542,0
2026-09-18T05:44:39Z,lemesou,ab,2014,383,213,0
2026-09-18T05:44:39Z,lemesou,ba,2528,612,364,0
2026-09-18T05:44:39Z,sp_kyprianou,ab,6489,847,585,0
2026-09-18T05:44:39Z,sp_kyprianou,ba,6573,1303,630,337
2026-09-18T05:44:39Z,archangelou,ab,7265,690,522,0
2026-09-18T05:44:39Z,archangelou,ba,6911,964,593,86
2026-09-18T05:44:39Z,konstantinoup,ab,2628,337,291,0
2026-09-18T05:44:39Z,konstantinoup,ba,2629,396,313,0
2026-09-18T05:44:39Z,stavrou,ab,2187,310,209,0
2026-09-18T05:44:39Z,stavrou,ba,2245,299,208,0
2026-09-18T05:44:39Z,makedonitissas,ab,2904,527,405,0
2026-09-18T05:44:39Z,makedonitissas,ba,2705,365,290,0
2026-09-18T05:44:39Z,armenias,ab,1079,197,120,0
2026-09-18T05:44:39Z,armenias,ba,1079,258,133,0
2026-09-18T05:44:39Z,arch_kyprianou,ab,1701,326,217,0
2026-09-18T05:44:39Z,arch_kyprianou,ba,2260,519,310,0
2026-09-18T05:44:39Z,a1_motorway,ab,10597,352,349,0
2026-09-18T05:44:39Z,a1_motorway,ba,14048,702,558,124
2026-09-18T05:44:39Z,makariou_lakat,ab,5849,753,519,0
2026-09-18T05:44:39Z,makariou_lakat,ba,6316,843,616,0
2026-09-18T05:44:39Z,griva_digeni,ab,4212,621,441,0
2026-09-18T05:44:39Z,griva_digeni,ba,5350,1201,685,184
2026-09-18T05:44:39Z,aglantzias,ab,1775,314,175,2
2026-09-18T05:44:39Z,aglantzias,ba,3098,617,373,141
2026-09-18T05:44:39Z,kranidioti,ab,1458,125,105,0
2026-09-18T05:44:39Z,kranidioti,ba,1652,149,117,0
2026-09-18T05:44:39Z,perimetrikos,ab,2510,294,224,0
2026-09-18T05:44:39Z,perimetrikos,ba,2094,194,160,0
2026-09-18T05:44:39Z,hatziiosif,ab,2049,404,196,0
2026-09-18T05:44:39Z,hatziiosif,ba,2045,426,203,0
2026-09-18T05:44:39Z,perikleous,ab,2238,488,233,0
2026-09-18T05:44:39Z,perikleous,ba,2649,434,274,0
2026-09-18T05:44:39Z,avraamidi,ab,1264,247,141,0
2026-09-18T05:44:39Z,avraamidi,ba,1266,226,150,0
2026-09-18T05:44:39Z,athinon,ab,1573,269,205,0
2026-09-18T05:44:39Z,athinon,ba,1040,309,131,0
2026-09-18T05:44:39Z,tasou_markou,ab,544,106,71,0
2026-09-18T05:44:39Z,tasou_markou,ba,492,59,55,0
2026-09-18T05:44:39Z,peiraios,ab,590,139,72,0
2026-09-18T05:44:39Z,peiraios,ba,590,115,64,0
2026-09-18T11:04:56Z,strovolou,ab,5400,666,507,0
2026-09-18T11:04:56Z,strovolou,ba,4712,806,405,156
2026-09-18T11:04:56Z,tseriou,ab,3240,415,284,0
2026-09-18T11:04:56Z,tseriou,ba,3739,554,367,0
2026-09-18T11:04:56Z,prodromou,ab,2418,335,259,0
2026-09-18T11:04:56Z,prodromou,ba,2414,378,304,0
2026-09-18T11:04:56Z,akropoleos,ab,8951,1172,696,259
2026-09-18T11:04:56Z,akropoleos,ba,8177,832,597,0
2026-09-18T11:04:56Z,athalassas,ab,3054,654,383,0
2026-09-18T11:04:56Z,athalassas,ba,7191,858,636,0
2026-09-18T11:04:56Z,lemesou,ab,2014,566,213,196
2026-09-18T11:04:56Z,lemesou,ba,2007,470,196,226
2026-09-18T11:04:56Z,sp_kyprianou,ab,7391,1136,766,9
2026-09-18T11:04:56Z,sp_kyprianou,ba,7358,992,783,0
2026-09-18T11:04:56Z,archangelou,ab,7265,882,522,208
2026-09-18T11:04:56Z,archangelou,ba,7441,950,672,81
2026-09-18T11:04:56Z,konstantinoup,ab,2628,325,291,0
2026-09-18T11:04:56Z,konstantinoup,ba,2629,359,313,0
2026-09-18T11:04:56Z,stavrou,ab,2187,331,209,0
2026-09-18T11:04:56Z,stavrou,ba,2245,285,208,0
2026-09-18T11:04:56Z,makedonitissas,ab,2904,616,405,151
2026-09-18T11:04:56Z,makedonitissas,ba,2705,343,290,0
2026-09-18T11:04:56Z,armenias,ab,1079,171,120,0
2026-09-18T11:04:56Z,armenias,ba,1733,412,323,22
2026-09-18T11:04:56Z,arch_kyprianou,ab,1652,335,254,0
2026-09-18T11:04:56Z,arch_kyprianou,ba,1726,360,203,0
2026-09-18T11:04:56Z,a1_motorway,ab,10597,351,349,0
2026-09-18T11:04:56Z,a1_motorway,ba,14048,594,558,0
2026-09-18T11:04:56Z,makariou_lakat,ab,6453,730,562,0
2026-09-18T11:04:56Z,makariou_lakat,ba,6901,787,584,0
2026-09-18T11:04:56Z,griva_digeni,ab,4212,729,441,136
2026-09-18T11:04:56Z,griva_digeni,ba,5350,1005,685,28
2026-09-18T11:04:56Z,aglantzias,ab,1775,224,175,2
2026-09-18T11:04:56Z,aglantzias,ba,3098,606,373,120
2026-09-18T11:04:56Z,kranidioti,ab,1458,115,105,0
2026-09-18T11:04:56Z,kranidioti,ba,1652,131,117,0
2026-09-18T11:04:56Z,perimetrikos,ab,2510,260,224,0
2026-09-18T11:04:56Z,perimetrikos,ba,2094,197,160,0
2026-09-18T11:04:56Z,hatziiosif,ab,2049,657,196,324
2026-09-18T11:04:56Z,hatziiosif,ba,2045,368,203,0
2026-09-18T11:04:56Z,perikleous,ab,2016,507,273,105
2026-09-18T11:04:56Z,perikleous,ba,2649,419,274,0
2026-09-18T11:04:56Z,avraamidi,ab,1264,232,141,0
2026-09-18T11:04:56Z,avraamidi,ba,1266,250,150,0
2026-09-18T11:04:56Z,athinon,ab,1573,263,205,0
2026-09-18T11:04:56Z,athinon,ba,1040,303,131,0
2026-09-18T11:04:56Z,tasou_markou,ab,544,87,71,0
2026-09-18T11:04:56Z,tasou_markou,ba,492,56,55,0
2026-09-18T11:04:56Z,peiraios,ab,590,107,72,0
2026-09-18T11:04:56Z,peiraios,ba,590,119,64,0
2026-09-18T11:25:29Z,strovolou,ab,5400,674,507,0
2026-09-18T11:25:29Z,strovolou,ba,4712,898,405,323
2026-09-18T11:25:29Z,tseriou,ab,3240,421,284,0
2026-09-18T11:25:29Z,tseriou,ba,3739,610,367,138
2026-09-18T11:25:29Z,prodromou,ab,2418,340,259,0
2026-09-18T11:25:29Z,prodromou,ba,2414,382,304,0
2026-09-18T11:25:29Z,akropoleos,ab,9344,1163,801,212
2026-09-18T11:25:29Z,akropoleos,ba,8177,882,597,115
2026-09-18T11:25:29Z,athalassas,ab,3378,641,451,0
2026-09-18T11:25:29Z,athalassas,ba,6362,882,609,0
2026-09-18T11:25:29Z,lemesou,ab,2798,610,414,0
2026-09-18T11:25:29Z,lemesou,ba,2007,512,196,196
2026-09-18T11:25:29Z,sp_kyprianou,ab,7006,1279,666,405
2026-09-18T11:25:29Z,sp_kyprianou,ba,6573,975,630,116
2026-09-18T11:25:29Z,archangelou,ab,7273,998,573,326
2026-09-18T11:25:29Z,archangelou,ba,6911,791,593,60
2026-09-18T11:25:29Z,konstantinoup,ab,2628,326,291,0
2026-09-18T11:25:29Z,konstantinoup,ba,2629,362,313,0
2026-09-18T11:25:29Z,stavrou,ab,2187,345,209,0
2026-09-18T11:25:29Z,stavrou,ba,2245,289,208,0
2026-09-18T11:25:29Z,makedonitissas,ab,2797,672,387,206
2026-09-18T11:25:29Z,makedonitissas,ba,2705,346,290,0
2026-09-18T11:25:29Z,armenias,ab,1079,173,120,0
2026-09-18T11:25:29Z,armenias,ba,1079,352,133,0
2026-09-18T11:25:29Z,arch_kyprianou,ab,1652,341,254,0
2026-09-18T11:25:29Z,arch_kyprianou,ba,1726,368,203,0
2026-09-18T11:25:29Z,a1_motorway,ab,10597,351,349,0
2026-09-18T11:25:29Z,a1_motorway,ba,14048,587,558,0
2026-09-18T11:25:29Z,makariou_lakat,ab,6453,742,562,0
2026-09-18T11:25:29Z,makariou_lakat,ba,6901,800,584,0
2026-09-18T11:25:29Z,griva_digeni,ab,5053,795,580,0
2026-09-18T11:25:29Z,griva_digeni,ba,5350,1000,685,0
2026-09-18T11:25:29Z,aglantzias,ab,1775,226,175,0
2026-09-18T11:25:29Z,aglantzias,ba,3036,660,444,48
2026-09-18T11:25:29Z,kranidioti,ab,1458,115,105,0
2026-09-18T11:25:29Z,kranidioti,ba,1652,133,117,0
2026-09-18T11:25:29Z,perimetrikos,ab,2510,262,224,0
2026-09-18T11:25:29Z,perimetrikos,ba,2094,202,160,0
2026-09-18T11:25:29Z,hatziiosif,ab,2049,571,196,196
2026-09-18T11:25:29Z,hatziiosif,ba,2045,373,203,0
2026-09-18T11:25:29Z,perikleous,ab,2016,529,273,120
2026-09-18T11:25:29Z,perikleous,ba,2649,423,274,0
2026-09-18T11:25:29Z,avraamidi,ab,1264,236,141,0
2026-09-18T11:25:29Z,avraamidi,ba,1266,253,150,0
2026-09-18T11:25:29Z,athinon,ab,1573,268,205,0
2026-09-18T11:25:29Z,athinon,ba,1040,355,131,138
2026-09-18T11:25:29Z,tasou_markou,ab,544,88,71,0
2026-09-18T11:25:29Z,tasou_markou,ba,492,56,55,0
2026-09-18T11:25:29Z,peiraios,ab,590,109,72,0
2026-09-18T11:25:29Z,peiraios,ba,590,124,64,0
2026-09-21T04:46:37Z,strovolou,ab,9009,2059,984,389
2026-09-21T04:46:37Z,strovolou,ba,4712,575,405,27
2026-09-21T04:46:37Z,tseriou,ab,2786,426,309,0
2026-09-21T04:46:37Z,tseriou,ba,3739,628,367,138
2026-09-21T04:46:37Z,prodromou,ab,3232,572,390,0
2026-09-21T04:46:37Z,prodromou,ba,4018,680,495,0
2026-09-21T04:46:37Z,akropoleos,ab,5010,1053,465,375
2026-09-21T04:46:37Z,akropoleos,ba,7173,1518,806,234
2026-09-21T04:46:37Z,athalassas,ab,2997,695,345,180
2026-09-21T04:46:37Z,athalassas,ba,4712,1335,630,506
2026-09-21T04:46:37Z,lemesou,ab,2263,491,322,13
2026-09-21T04:46:37Z,lemesou,ba,2007,602,196,331
2026-09-21T04:46:37Z,sp_kyprianou,ab,6489,816,585,0
2026-09-21T04:46:37Z,sp_kyprianou,ba,8383,1737,951,315
2026-09-21T04:46:37Z,archangelou,ab,7693,832,700,0
2026-09-21T04:46:37Z,archangelou,ba,8740,1643,855,549
2026-09-21T04:46:37Z,konstantinoup,ab,2628,338,291,0
2026-09-21T04:46:37Z,konstantinoup,ba,2629,650,313,287
2026-09-21T04:46:37Z,stavrou,ab,2187,282,209,0
2026-09-21T04:46:37Z,stavrou,ba,3162,491,327,58
2026-09-21T04:46:37Z,makedonitissas,ab,3509,669,500,51
2026-09-21T04:46:37Z,makedonitissas,ba,2805,629,288,226
2026-09-21T04:46:37Z,armenias,ab,1079,199,120,0
2026-09-21T04:46:37Z,armenias,ba,1264,436,187,187
2026-09-21T04:46:37Z,arch_kyprianou,ab,1701,320,217,0
2026-09-21T04:46:37Z,arch_kyprianou,ba,3509,1114,470,555
2026-09-21T04:46:37Z,a1_motorway,ab,10597,515,349,157
2026-09-21T04:46:37Z,a1_motorway,ba,14048,742,558,105
2026-09-21T04:46:37Z,makariou_lakat,ab,5849,828,519,132
2026-09-21T04:46:37Z,makariou_lakat,ba,6316,862,616,0
2026-09-21T04:46:37Z,griva_digeni,ab,4212,575,441,0
2026-09-21T04:46:37Z,griva_digeni,ba,6930,1388,945,0
2026-09-21T04:46:37Z,aglantzias,ab,1775,641,175,435
2026-09-21T04:46:37Z,aglantzias,ba,3098,627,373,128
2026-09-21T04:46:37Z,kranidioti,ab,1458,131,105,0
2026-09-21T04:46:37Z,kranidioti,ba,1652,152,117,0
2026-09-21T04:46:37Z,perimetrikos,ab,2510,351,224,0
2026-09-21T04:46:37Z,perimetrikos,ba,2094,195,160,0
2026-09-21T04:46:37Z,hatziiosif,ab,2049,486,196,223
2026-09-21T04:46:37Z,hatziiosif,ba,2571,672,318,190
2026-09-21T04:46:37Z,perikleous,ab,2016,416,273,2
2026-09-21T04:46:37Z,perikleous,ba,3567,665,387,134
2026-09-21T04:46:37Z,avraamidi,ab,1293,325,192,2
2026-09-21T04:46:37Z,avraamidi,ba,1266,206,150,2
2026-09-21T04:46:37Z,athinon,ab,1573,342,205,88
2026-09-21T04:46:37Z,athinon,ba,1040,347,131,140
2026-09-21T04:46:37Z,tasou_markou,ab,544,109,71,0
2026-09-21T04:46:37Z,tasou_markou,ba,492,58,55,0
2026-09-21T04:46:37Z,peiraios,ab,590,228,72,131
2026-09-21T04:46:37Z,peiraios,ba,590,99,64,0
2026-09-21T05:07:12Z,strovolou,ab,9210,1967,875,550
2026-09-21T05:07:12Z,strovolou,ba,4712,604,405,21
2026-09-21T05:07:12Z,tseriou,ab,2786,452,309,0
2026-09-21T05:07:12Z,tseriou,ba,3739,607,367,0
2026-09-21T05:07:12Z,prodromou,ab,2777,509,325,0
2026-09-21T05:07:12Z,prodromou,ba,3869,708,445,61
2026-09-21T05:07:12Z,akropoleos,ab,5010,1108,465,404
2026-09-21T05:07:12Z,akropoleos,ba,5145,1675,481,857
2026-09-21T05:07:12Z,athalassas,ab,3068,795,383,158
2026-09-21T05:07:12Z,athalassas,ba,4712,1393,630,608
2026-09-21T05:07:12Z,lemesou,ab,2014,691,213,357
2026-09-21T05:07:12Z,lemesou,ba,2007,623,196,381
2026-09-21T05:07:12Z,sp_kyprianou,ab,6489,936,585,130
2026-09-21T05:07:12Z,sp_kyprianou,ba,8383,1905,951,473
2026-09-21T05:07:12Z,archangelou,ab,7265,837,522,186
2026-09-21T05:07:12Z,archangelou,ba,6911,1457,593,535
2026-09-21T05:07:12Z,konstantinoup,ab,2628,340,291,0
2026-09-21T05:07:12Z,konstantinoup,ba,2629,435,313,0
2026-09-21T05:07:12Z,stavrou,ab,2187,299,209,0
2026-09-21T05:07:12Z,stavrou,ba,2245,306,208,0
2026-09-21T05:07:12Z,makedonitissas,ab,2904,552,405,0
2026-09-21T05:07:12Z,makedonitissas,ba,2625,460,308,39
2026-09-21T05:07:12Z,armenias,ab,1079,217,120,0
2026-09-21T05:07:12Z,armenias,ba,1079,415,133,206
2026-09-21T05:07:12Z,arch_kyprianou,ab,1777,344,215,0
2026-09-21T05:07:12Z,arch_kyprianou,ba,2773,892,414,273
2026-09-21T05:07:12Z,a1_motorway,ab,10597,586,349,231
2026-09-21T05:07:12Z,a1_motorway,ba,14048,752,558,115
2026-09-21T05:07:12Z,makariou_lakat,ab,5849,892,519,168
2026-09-21T05:07:12Z,makariou_lakat,ba,6316,884,616,0
2026-09-21T05:07:12Z,griva_digeni,ab,4212,612,441,0
2026-09-21T05:07:12Z,griva_digeni,ba,6920,1357,965,92
2026-09-21T05:07:12Z,aglantzias,ab,2796,792,478,146
2026-09-21T05:07:12Z,aglantzias,ba,3098,623,373,120
2026-09-21T05:07:12Z,kranidioti,ab,1458,136,105,0
2026-09-21T05:07:12Z,kranidioti,ba,1652,162,117,0
2026-09-21T05:07:12Z,perimetrikos,ab,2510,359,224,0
2026-09-21T05:07:12Z,perimetrikos,ba,2094,196,160,0
2026-09-21T05:07:12Z,hatziiosif,ab,2049,466,196,189
2026-09-21T05:07:12Z,hatziiosif,ba,2381,607,311,182
2026-09-21T05:07:12Z,perikleous,ab,2016,449,273,2
2026-09-21T05:07:12Z,perikleous,ba,2649,482,274,60
2026-09-21T05:07:12Z,avraamidi,ab,1301,377,217,145
2026-09-21T05:07:12Z,avraamidi,ba,1266,223,150,2
2026-09-21T05:07:12Z,athinon,ab,1440,325,215,68
2026-09-21T05:07:12Z,athinon,ba,1040,328,131,1
2026-09-21T05:07:12Z,tasou_markou,ab,544,111,71,0
2026-09-21T05:07:12Z,tasou_markou,ba,492,58,55,0
2026-09-21T05:07:12Z,peiraios,ab,590,160,72,0
2026-09-21T05:07:12Z,peiraios,ba,590,109,64,0
2026-09-21T05:27:50Z,strovolou,ab,6338,1468,679,227
2026-09-21T05:27:50Z,strovolou,ba,4712,588,405,0
2026-09-21T05:27:50Z,tseriou,ab,2786,458,309,0
2026-09-21T05:27:50Z,tseriou,ba,3739,595,367,0
2026-09-21T05:27:50Z,prodromou,ab,2418,417,259,0
2026-09-21T05:27:50Z,prodromou,ba,3869,671,445,37
2026-09-21T05:27:50Z,akropoleos,ab,5010,987,465,171
2026-09-21T05:27:50Z,akropoleos,ba,5145,1418,481,571
2026-09-21T05:27:50Z,athalassas,ab,3054,675,383,131
2026-09-21T05:27:50Z,athalassas,ba,4712,1180,630,338
2026-09-21T05:27:50Z,lemesou,ab,2014,495,213,108
2026-09-21T05:27:50Z,lemesou,ba,2388,611,302,103
2026-09-21T05:27:50Z,sp_kyprianou,ab,6489,850,585,0
2026-09-21T05:27:50Z,sp_kyprianou,ba,7898,1636,836,372
2026-09-21T05:27:50Z,archangelou,ab,7265,688,522,0
2026-09-21T05:27:50Z,archangelou,ba,6911,1222,593,285
2026-09-21T05:27:50Z,konstantinoup,ab,2628,337,291,0
2026-09-21T05:27:50Z,konstantinoup,ba,2629,415,313,0
2026-09-21T05:27:50Z,stavrou,ab,2187,296,209,0
2026-09-21T05:27:50Z,stavrou,ba,2245,299,208,0
2026-09-21T05:27:50Z,makedonitissas,ab,2904,532,405,0
2026-09-21T05:27:50Z,makedonitissas,ba,2705,419,290,0
2026-09-21T05:27:50Z,armenias,ab,1079,208,120,0
2026-09-21T05:27:50Z,armenias,ba,1079,296,133,0
2026-09-21T05:27:50Z,arch_kyprianou,ab,1701,334,217,0
2026-09-21T05:27:50Z,arch_kyprianou,ba,2660,683,406,90
2026-09-21T05:27:50Z,a1_motorway,ab,10597,351,349,0
2026-09-21T05:27:50Z,a1_motorway,ba,14048,701,558,71
2026-09-21T05:27:50Z,makariou_lakat,ab,5849,766,519,0
2026-09-21T05:27:50Z,makariou_lakat,ba,6316,866,616,0
2026-09-21T05:27:50Z,griva_digeni,ab,4212,615,441,0
2026-09-21T05:27:50Z,griva_digeni,ba,6184,1292,766,186
2026-09-21T05:27:50Z,aglantzias,ab,1775,629,175,400
2026-09-21T05:27:50Z,aglantzias,ba,3098,654,373,169
2026-09-21T05:27:50Z,kranidioti,ab,1458,131,105,0
2026-09-21T05:27:50Z,kranidioti,ba,1652,157,117,0
2026-09-21T05:27:50Z,perimetrikos,ab,3173,498,386,0
2026-09-21T05:27:50Z,perimetrikos,ba,2094,196,160,0
2026-09-21T05:27:50Z,hatziiosif,ab,2049,404,196,0
2026-09-21T05:27:50Z,hatziiosif,ba,2045,527,203,82
2026-09-21T05:27:50Z,perikleous,ab,2016,454,273,0
2026-09-21T05:27:50Z,perikleous,ba,2649,445,274,0
2026-09-21T05:27:50Z,avraamidi,ab,1301,285,217,27
2026-09-21T05:27:50Z,avraamidi,ba,1266,225,150,0
2026-09-21T05:27:50Z,athinon,ab,1440,297,215,44
2026-09-21T05:27:50Z,athinon,ba,1040,325,131,1
2026-09-21T05:27:50Z,tasou_markou,ab,544,110,71,0
2026-09-21T05:27:50Z,tasou_markou,ba,492,59,55,0
2026-09-21T05:27:50Z,peiraios,ab,590,272,72,182
2026-09-21T05:27:50Z,peiraios,ba,590,112,64,0
2026-09-21T05:48:26Z,strovolou,ab,5400,1254,507,534
2026-09-21T05:48:26Z,strovolou,ba,4712,579,405,0
2026-09-21T05:48:26Z,tseriou,ab,2786,460,309,0
2026-09-21T05:48:26Z,tseriou,ba,3739,580,367,0
2026-09-21T05:48:26Z,prodromou,ab,2418,399,259,0
2026-09-21T05:48:26Z,prodromou,ba,3748,622,417,0
2026-09-21T05:48:26Z,akropoleos,ab,5010,844,465,0
2026-09-21T05:48:26Z,akropoleos,ba,8210,1360,594,530
2026-09-21T05:48:26Z,athalassas,ab,2793,618,280,0
2026-09-21T05:48:26Z,athalassas,ba,4712,1098,630,258
2026-09-21T05:48:26Z,lemesou,ab,2014,393,213,0
2026-09-21T05:48:26Z,lemesou,ba,2007,736,196,500
2026-09-21T05:48:26Z,sp_kyprianou,ab,6489,823,585,0
2026-09-21T05:48:26Z,sp_kyprianou,ba,7777,1339,808,42
2026-09-21T05:48:26Z,archangelou,ab,7265,666,522,0
2026-09-21T05:48:26Z,archangelou,ba,6911,969,593,42
2026-09-21T05:48:26Z,konstantinoup,ab,2628,336,291,0
2026-09-21T05:48:26Z,konstantinoup,ba,2629,396,313,0
2026-09-21T05:48:26Z,stavrou,ab,2187,286,209,0
2026-09-21T05:48:26Z,stavrou,ba,2245,290,208,0
2026-09-21T05:48:26Z,makedonitissas,ab,2904,507,405,0
2026-09-21T05:48:26Z,makedonitissas,ba,2705,391,290,0
2026-09-21T05:48:26Z,armenias,ab,1079,199,120,0
2026-09-21T05:48:26Z,armenias,ba,1079,285,133,0
2026-09-21T05:48:26Z,arch_kyprianou,ab,1701,320,217,0
2026-09-21T05:48:26Z,arch_kyprianou,ba,2260,667,310,202
2026-09-21T05:48:26Z,a1_motorway,ab,10597,351,349,0
2026-09-21T05:48:26Z,a1_motorway,ba,14048,732,558,157
2026-09-21T05:48:26Z,makariou_lakat,ab,5849,740,519,0
2026-09-21T05:48:26Z,makariou_lakat,ba,6316,833,616,0
2026-09-21T05:48:26Z,griva_digeni,ab,4212,605,441,0
2026-09-21T05:48:26Z,griva_digeni,ba,6145,1246,827,0
2026-09-21T05:48:26Z,aglantzias,ab,1775,340,175,3
2026-09-21T05:48:26Z,aglantzias,ba,3098,647,373,169
2026-09-21T05:48:26Z,kranidioti,ab,1458,125,105,0
2026-09-21T05:48:26Z,kranidioti,ba,1652,151,117,0
2026-09-21T05:48:26Z,perimetrikos,ab,2510,447,224,173
2026-09-21T05:48:26Z,perimetrikos,ba,2094,194,160,0
2026-09-21T05:48:26Z,hatziiosif,ab,2049,396,196,0
2026-09-21T05:48:26Z,hatziiosif,ba,2381,545,311,74
2026-09-21T05:48:26Z,perikleous,ab,2016,452,273,2
2026-09-21T05:48:26Z,perikleous,ba,2649,480,274,76
2026-09-21T05:48:26Z,avraamidi,ab,1264,272,141,2
2026-09-21T05:48:26Z,avraamidi,ba,1266,227,150,2
2026-09-21T05:48:26Z,athinon,ab,1440,282,215,31
2026-09-21T05:48:26Z,athinon,ba,1040,314,131,1
2026-09-21T05:48:26Z,tasou_markou,ab,544,106,71,0
2026-09-21T05:48:26Z,tasou_markou,ba,492,59,55,0
2026-09-21T05:48:26Z,peiraios,ab,590,323,72,240
2026-09-21T05:48:26Z,peiraios,ba,590,111,64,0
2026-09-21T14:01:20Z,strovolou,ab,5400,696,507,0
2026-09-21T14:01:20Z,strovolou,ba,4712,1057,405,416
2026-09-21T14:01:20Z,tseriou,ab,3240,595,284,262
2026-09-21T14:01:20Z,tseriou,ba,3739,625,367,138
2026-09-21T14:01:20Z,prodromou,ab,2418,334,259,0
2026-09-21T14:01:20Z,prodromou,ba,2414,391,304,0
2026-09-21T14:01:20Z,akropoleos,ab,8779,1292,694,447
2026-09-21T14:01:20Z,akropoleos,ba,8177,932,597,177
2026-09-21T14:01:20Z,athalassas,ab,3185,677,421,64
2026-09-21T14:01:20Z,athalassas,ba,6362,908,609,0
2026-09-21T14:01:20Z,lemesou,ab,2798,596,414,0
2026-09-21T14:01:20Z,lemesou,ba,2007,421,196,162
2026-09-21T14:01:20Z,sp_kyprianou,ab,7131,1304,751,203
2026-09-21T14:01:20Z,sp_kyprianou,ba,7358,963,783,0
2026-09-21T14:01:20Z,archangelou,ab,7265,1123,522,494
2026-09-21T14:01:20Z,archangelou,ba,6911,821,593,86
2026-09-21T14:01:20Z,konstantinoup,ab,2628,328,291,0
2026-09-21T14:01:20Z,konstantinoup,ba,2629,376,313,0
2026-09-21T14:01:20Z,stavrou,ab,2187,385,209,0
2026-09-21T14:01:20Z,stavrou,ba,2245,282,208,0
2026-09-21T14:01:20Z,makedonitissas,ab,2797,727,387,240
2026-09-21T14:01:20Z,makedonitissas,ba,2705,374,290,0
2026-09-21T14:01:20Z,armenias,ab,1079,162,120,0
2026-09-21T14:01:20Z,armenias,ba,1079,330,133,80
2026-09-21T14:01:20Z,arch_kyprianou,ab,1652,347,254,0
2026-09-21T14:01:20Z,arch_kyprianou,ba,1726,381,203,0
2026-09-21T14:01:20Z,a1_motorway,ab,10597,352,349,0
2026-09-21T14:01:20Z,a1_motorway,ba,14048,583,558,0
2026-09-21T14:01:20Z,makariou_lakat,ab,6453,859,562,0
2026-09-21T14:01:20Z,makariou_lakat,ba,6901,830,584,0
2026-09-21T14:01:20Z,griva_digeni,ab,4819,779,553,0
2026-09-21T14:01:20Z,griva_digeni,ba,6075,1039,758,0
2026-09-21T14:01:20Z,aglantzias,ab,1775,223,175,2
2026-09-21T14:01:20Z,aglantzias,ba,3098,605,373,120
2026-09-21T14:01:20Z,kranidioti,ab,1458,113,105,0
2026-09-21T14:01:20Z,kranidioti,ba,1652,157,117,0
2026-09-21T14:01:20Z,perimetrikos,ab,2510,267,224,0
2026-09-21T14:01:20Z,perimetrikos,ba,2327,384,180,165
2026-09-21T14:01:20Z,hatziiosif,ab,2049,665,196,345
2026-09-21T14:01:20Z,hatziiosif,ba,2045,364,203,0
2026-09-21T14:01:20Z,perikleous,ab,2016,550,273,141
2026-09-21T14:01:20Z,perikleous,ba,2649,432,274,24
2026-09-21T14:01:20Z,avraamidi,ab,1264,215,141,0
2026-09-21T14:01:20Z,avraamidi,ba,1266,382,150,206
2026-09-21T14:01:20Z,athinon,ab,1440,274,215,0
2026-09-21T14:01:20Z,athinon,ba,1040,375,131,138
2026-09-21T14:01:20Z,tasou_markou,ab,544,86,71,0
2026-09-21T14:01:20Z,tasou_markou,ba,492,55,55,0
2026-09-21T14:01:20Z,peiraios,ab,590,125,72,0
2026-09-21T14:01:20Z,peiraios,ba,590,127,64,0
2026-09-21T14:22:09Z,strovolou,ab,5400,686,507,0
2026-09-21T14:22:09Z,strovolou,ba,5074,954,557,25
2026-09-21T14:22:09Z,tseriou,ab,3240,500,284,120
2026-09-21T14:22:09Z,tseriou,ba,3578,608,431,109
2026-09-21T14:22:09Z,prodromou,ab,2418,329,259,0
2026-09-21T14:22:09Z,prodromou,ba,2414,387,304,0
2026-09-21T14:22:09Z,akropoleos,ab,5674,1203,641,273
2026-09-21T14:22:09Z,akropoleos,ba,8177,923,597,177
2026-09-21T14:22:09Z,athalassas,ab,2793,676,280,125
2026-09-21T14:22:09Z,athalassas,ba,6362,890,609,0
2026-09-21T14:22:09Z,lemesou,ab,2014,651,213,323
2026-09-21T14:22:09Z,lemesou,ba,2007,350,196,0
2026-09-21T14:22:09Z,sp_kyprianou,ab,7006,1282,666,376
2026-09-21T14:22:09Z,sp_kyprianou,ba,7358,960,783,0
2026-09-21T14:22:09Z,archangelou,ab,7265,1076,522,376
2026-09-21T14:22:09Z,archangelou,ba,6911,738,593,0
2026-09-21T14:22:09Z,konstantinoup,ab,2628,330,291,0
2026-09-21T14:22:09Z,konstantinoup,ba,2629,375,313,0
2026-09-21T14:22:09Z,stavrou,ab,2187,396,209,70
2026-09-21T14:22:09Z,stavrou,ba,2245,281,208,0
2026-09-21T14:22:09Z,makedonitissas,ab,2797,701,387,206
2026-09-21T14:22:09Z,makedonitissas,ba,2705,370,290,0
2026-09-21T14:22:09Z,armenias,ab,1079,161,120,0
2026-09-21T14:22:09Z,armenias,ba,1079,348,133,113
2026-09-21T14:22:09Z,arch_kyprianou,ab,1652,345,254,0
2026-09-21T14:22:09Z,arch_kyprianou,ba,1726,373,203,0
2026-09-21T14:22:09Z,a1_motorway,ab,10597,351,349,0
2026-09-21T14:22:09Z,a1_motorway,ba,14048,581,558,0
2026-09-21T14:22:09Z,makariou_lakat,ab,6840,856,690,0
2026-09-21T14:22:09Z,makariou_lakat,ba,6901,818,584,0
2026-09-21T14:22:09Z,griva_digeni,ab,4819,775,553,0
2026-09-21T14:22:09Z,griva_digeni,ba,6075,1023,758,0
2026-09-21T14:22:09Z,aglantzias,ab,1775,222,175,0
2026-09-21T14:22:09Z,aglantzias,ba,3098,611,373,86
2026-09-21T14:22:09Z,kranidioti,ab,1458,113,105,0
2026-09-21T14:22:09Z,kranidioti,ba,1652,156,117,0
2026-09-21T14:22:09Z,perimetrikos,ab,2510,267,224,0
2026-09-21T14:22:09Z,perimetrikos,ba,2327,224,180,0
2026-09-21T14:22:09Z,hatziiosif,ab,2049,571,196,273
2026-09-21T14:22:09Z,hatziiosif,ba,2045,358,203,0
2026-09-21T14:22:09Z,perikleous,ab,2016,570,273,170
2026-09-21T14:22:09Z,perikleous,ba,2649,447,274,47
2026-09-21T14:22:09Z,avraamidi,ab,1264,218,141,0
2026-09-21T14:22:09Z,avraamidi,ba,2857,406,291,0
2026-09-21T14:22:09Z,athinon,ab,1440,274,215,0
2026-09-21T14:22:09Z,athinon,ba,1300,378,237,95
2026-09-21T14:22:09Z,tasou_markou,ab,544,85,71,0
2026-09-21T14:22:09Z,tasou_markou,ba,492,55,55,0
2026-09-21T14:22:09Z,peiraios,ab,590,122,72,0
2026-09-21T14:22:09Z,peiraios,ba,590,127,64,0
2026-09-21T14:42:56Z,strovolou,ab,5400,776,507,130
2026-09-21T14:42:56Z,strovolou,ba,6244,1019,667,72
2026-09-21T14:42:56Z,tseriou,ab,3240,465,284,120
2026-09-21T14:42:56Z,tseriou,ba,3739,681,367,210
2026-09-21T14:42:56Z,prodromou,ab,2977,461,352,24
2026-09-21T14:42:56Z,prodromou,ba,2414,384,304,0
2026-09-21T14:42:56Z,akropoleos,ab,5010,1387,465,728
2026-09-21T14:42:56Z,akropoleos,ba,5145,943,481,169
2026-09-21T14:42:56Z,athalassas,ab,3185,604,421,32
2026-09-21T14:42:56Z,athalassas,ba,6362,969,609,130
2026-09-21T14:42:56Z,lemesou,ab,2798,583,414,30
2026-09-21T14:42:56Z,lemesou,ba,2007,337,196,0
2026-09-21T14:42:56Z,sp_kyprianou,ab,7933,1396,790,235
2026-09-21T14:42:56Z,sp_kyprianou,ba,7358,952,783,0
2026-09-21T14:42:56Z,archangelou,ab,8699,1048,791,57
2026-09-21T14:42:56Z,archangelou,ba,6911,731,593,0
2026-09-21T14:42:56Z,konstantinoup,ab,2628,328,291,0
2026-09-21T14:42:56Z,konstantinoup,ba,2629,369,313,0
2026-09-21T14:42:56Z,stavrou,ab,2187,361,209,0
2026-09-21T14:42:56Z,stavrou,ba,2245,275,208,0
2026-09-21T14:42:56Z,makedonitissas,ab,2797,843,387,393
2026-09-21T14:42:56Z,makedonitissas,ba,2705,366,290,0
2026-09-21T14:42:56Z,armenias,ab,1079,159,120,0
2026-09-21T14:42:56Z,armenias,ba,1079,320,133,80
2026-09-21T14:42:56Z,arch_kyprianou,ab,1652,342,254,0
2026-09-21T14:42:56Z,arch_kyprianou,ba,1726,468,203,130
2026-09-21T14:42:56Z,a1_motorway,ab,10597,351,349,0
2026-09-21T14:42:56Z,a1_motorway,ba,14048,578,558,0
2026-09-21T14:42:56Z,makariou_lakat,ab,6453,822,562,0
2026-09-21T14:42:56Z,makariou_lakat,ba,6901,805,584,0
2026-09-21T14:42:56Z,griva_digeni,ab,4819,765,553,0
2026-09-21T14:42:56Z,griva_digeni,ba,6075,1012,758,0
2026-09-21T14:42:56Z,aglantzias,ab,1775,222,175,0
2026-09-21T14:42:56Z,aglantzias,ba,3098,558,373,14
2026-09-21T14:42:56Z,kranidioti,ab,1458,113,105,0
2026-09-21T14:42:56Z,kranidioti,ba,1652,154,117,0
2026-09-21T14:42:56Z,perimetrikos,ab,2510,266,224,0
2026-09-21T14:42:56Z,perimetrikos,ba,2327,223,180,0
2026-09-21T14:42:56Z,hatziiosif,ab,2049,575,196,294
2026-09-21T14:42:56Z,hatziiosif,ba,2045,347,203,0
2026-09-21T14:42:56Z,perikleous,ab,2016,568,273,171
2026-09-21T14:42:56Z,perikleous,ba,2649,413,274,18
2026-09-21T14:42:56Z,avraamidi,ab,1264,219,141,0
2026-09-21T14:42:56Z,avraamidi,ba,1266,296,150,102
2026-09-21T14:42:56Z,athinon,ab,1440,271,215,0
2026-09-21T14:42:56Z,athinon,ba,1452,395,204,0
2026-09-21T14:42:56Z,tasou_markou,ab,544,85,71,0
2026-09-21T14:42:56Z,tasou_markou,ba,492,55,55,0
2026-09-21T14:42:56Z,peiraios,ab,590,121,72,0
2026-09-21T14:42:56Z,peiraios,ba,590,124,64,0
2026-09-21T15:03:39Z,strovolou,ab,5400,658,507,0
2026-09-21T15:03:39Z,strovolou,ba,6134,996,684,0
2026-09-21T15:03:39Z,tseriou,ab,3574,533,422,0
2026-09-21T15:03:39Z,tseriou,ba,3578,589,431,95
2026-09-21T15:03:39Z,prodromou,ab,2977,430,352,0
2026-09-21T15:03:39Z,prodromou,ba,2414,377,304,0
2026-09-21T15:03:39Z,akropoleos,ab,5010,1225,465,523
2026-09-21T15:03:39Z,akropoleos,ba,8177,821,597,6
2026-09-21T15:03:39Z,athalassas,ab,3199,692,421,158
2026-09-21T15:03:39Z,athalassas,ba,7142,886,587,0
2026-09-21T15:03:39Z,lemesou,ab,3331,592,420,71
2026-09-21T15:03:39Z,lemesou,ba,2007,435,196,163
2026-09-21T15:03:39Z,sp_kyprianou,ab,7006,1338,666,504
2026-09-21T15:03:39Z,sp_kyprianou,ba,7358,956,783,0
2026-09-21T15:03:39Z,archangelou,ab,8138,1029,696,187
2026-09-21T15:03:39Z,archangelou,ba,6911,749,593,33
2026-09-21T15:03:39Z,konstantinoup,ab,2628,331,291,0
2026-09-21T15:03:39Z,konstantinoup,ba,2629,365,313,0
2026-09-21T15:03:39Z,stavrou,ab,2412,374,258,0
2026-09-21T15:03:39Z,stavrou,ba,2245,276,208,0
2026-09-21T15:03:39Z,makedonitissas,ab,2797,669,387,206
2026-09-21T15:03:39Z,makedonitissas,ba,2705,356,290,0
2026-09-21T15:03:39Z,armenias,ab,1079,161,120,0
2026-09-21T15:03:39Z,armenias,ba,1079,287,133,0
2026-09-21T15:03:39Z,arch_kyprianou,ab,1652,340,254,0
2026-09-21T15:03:39Z,arch_kyprianou,ba,1726,349,203,0
2026-09-21T15:03:39Z,a1_motorway,ab,10597,351,349,0
2026-09-21T15:03:39Z,a1_motorway,ba,14048,575,558,0
2026-09-21T15:03:39Z,makariou_lakat,ab,6453,802,562,0
2026-09-21T15:03:39Z,makariou_lakat,ba,6901,800,584,0
2026-09-21T15:03:39Z,griva_digeni,ab,4870,736,580,0
2026-09-21T15:03:39Z,griva_digeni,ba,5350,921,685,0
2026-09-21T15:03:39Z,aglantzias,ab,1775,219,175,0
2026-09-21T15:03:39Z,aglantzias,ba,3098,628,373,132
2026-09-21T15:03:39Z,kranidioti,ab,1458,114,105,0
2026-09-21T15:03:39Z,kranidioti,ba,1652,148,117,0
2026-09-21T15:03:39Z,perimetrikos,ab,2510,263,224,0
2026-09-21T15:03:39Z,perimetrikos,ba,2327,219,180,0
2026-09-21T15:03:39Z,hatziiosif,ab,2049,697,196,418
2026-09-21T15:03:39Z,hatziiosif,ba,2045,344,203,0
2026-09-21T15:03:39Z,perikleous,ab,2276,543,322,98
2026-09-21T15:03:39Z,perikleous,ba,2649,404,274,24
2026-09-21T15:03:39Z,avraamidi,ab,1264,223,141,0
2026-09-21T15:03:39Z,avraamidi,ba,1266,235,150,0
2026-09-21T15:03:39Z,athinon,ab,1440,265,215,0
2026-09-21T15:03:39Z,athinon,ba,1594,361,262,0
2026-09-21T15:03:39Z,tasou_markou,ab,544,86,71,0
2026-09-21T15:03:39Z,tasou_markou,ba,492,55,55,0
2026-09-21T15:03:39Z,peiraios,ab,590,117,72,0
2026-09-21T15:03:39Z,peiraios,ba,590,119,64,0
2026-09-22T04:43:42Z,strovolou,ab,11153,2093,1128,54
2026-09-22T04:43:42Z,strovolou,ba,4712,565,405,27
2026-09-22T04:43:42Z,tseriou,ab,3217,465,342,0
2026-09-22T04:43:42Z,tseriou,ba,3739,630,367,138
2026-09-22T04:43:42Z,prodromou,ab,2418,589,259,266
2026-09-22T04:43:42Z,prodromou,ba,3869,710,445,92
2026-09-22T04:43:42Z,akropoleos,ab,5579,1073,608,232
2026-09-22T04:43:42Z,akropoleos,ba,5145,1679,481,852
2026-09-22T04:43:42Z,athalassas,ab,2997,694,345,152
2026-09-22T04:43:42Z,athalassas,ba,4712,1429,630,628
2026-09-22T04:43:42Z,lemesou,ab,2798,544,414,0
2026-09-22T04:43:42Z,lemesou,ba,2007,469,196,126
2026-09-22T04:43:42Z,sp_kyprianou,ab,6489,823,585,0
2026-09-22T04:43:42Z,sp_kyprianou,ba,8383,1771,951,332
2026-09-22T04:43:42Z,archangelou,ab,7693,835,700,9
2026-09-22T04:43:42Z,archangelou,ba,9971,1746,962,368
2026-09-22T04:43:42Z,konstantinoup,ab,2628,335,291,0
2026-09-22T04:43:42Z,konstantinoup,ba,2629,558,313,187
2026-09-22T04:43:42Z,stavrou,ab,2187,285,209,0
2026-09-22T04:43:42Z,stavrou,ba,3162,473,327,0
2026-09-22T04:43:42Z,makedonitissas,ab,2545,597,441,7
2026-09-22T04:43:42Z,makedonitissas,ba,2705,722,290,321
2026-09-22T04:43:42Z,armenias,ab,1079,195,120,0
2026-09-22T04:43:42Z,armenias,ba,1079,306,133,94
2026-09-22T04:43:42Z,arch_kyprianou,ab,1777,312,215,0
2026-09-22T04:43:42Z,arch_kyprianou,ba,2906,1106,472,434
2026-09-22T04:43:42Z,a1_motorway,ab,10597,597,349,232
2026-09-22T04:43:42Z,a1_motorway,ba,14048,927,558,333
2026-09-22T04:43:42Z,makariou_lakat,ab,5849,728,519,0
2026-09-22T04:43:42Z,makariou_lakat,ba,6316,849,616,0
2026-09-22T04:43:42Z,griva_digeni,ab,4212,567,441,0
2026-09-22T04:43:42Z,griva_digeni,ba,6145,1266,827,44
2026-09-22T04:43:42Z,aglantzias,ab,1775,601,175,388
2026-09-22T04:43:42Z,aglantzias,ba,3098,608,373,124
2026-09-22T04:43:42Z,kranidioti,ab,1458,130,105,0
2026-09-22T04:43:42Z,kranidioti,ba,1652,150,117,0
2026-09-22T04:43:42Z,perimetrikos,ab,2510,336,224,0
2026-09-22T04:43:42Z,perimetrikos,ba,2094,195,160,0
2026-09-22T04:43:42Z,hatziiosif,ab,2049,493,196,232
2026-09-22T04:43:42Z,hatziiosif,ba,2381,529,311,61
2026-09-22T04:43:42Z,perikleous,ab,2016,521,273,160
2026-09-22T04:43:42Z,perikleous,ba,3567,626,387,39
2026-09-22T04:43:42Z,avraamidi,ab,1301,308,217,57
2026-09-22T04:43:42Z,avraamidi,ba,1266,211,150,2
2026-09-22T04:43:42Z,athinon,ab,1440,337,215,88
2026-09-22T04:43:42Z,athinon,ba,1040,353,131,140
2026-09-22T04:43:42Z,tasou_markou,ab,544,106,71,0
2026-09-22T04:43:42Z,tasou_markou,ba,492,58,55,0
2026-09-22T04:43:42Z,peiraios,ab,590,324,72,240
2026-09-22T04:43:42Z,peiraios,ba,590,106,64,0
2026-09-22T05:04:26Z,strovolou,ab,9210,1839,875,396
2026-09-22T05:04:26Z,strovolou,ba,4712,573,405,17
2026-09-22T05:04:26Z,tseriou,ab,3217,483,342,0
2026-09-22T05:04:26Z,tseriou,ba,3739,589,367,0
2026-09-22T05:04:26Z,prodromou,ab,2418,475,259,125
2026-09-22T05:04:26Z,prodromou,ba,5439,934,671,32
2026-09-22T05:04:26Z,akropoleos,ab,5010,1191,465,516
2026-09-22T05:04:26Z,akropoleos,ba,5145,1445,481,597
2026-09-22T05:04:26Z,athalassas,ab,3068,757,383,186
2026-09-22T05:04:26Z,athalassas,ba,6362,1275,609,398
2026-09-22T05:04:26Z,lemesou,ab,2812,602,414,63
2026-09-22T05:04:26Z,lemesou,ba,2007,516,196,130
2026-09-22T05:04:26Z,sp_kyprianou,ab,6489,864,585,0
2026-09-22T05:04:26Z,sp_kyprianou,ba,7777,1935,808,638
2026-09-22T05:04:26Z,archangelou,ab,7265,772,522,107
2026-09-22T05:04:26Z,archangelou,ba,6911,1312,593,385
2026-09-22T05:04:26Z,konstantinoup,ab,2628,336,291,0
2026-09-22T05:04:26Z,konstantinoup,ba,2629,436,313,0
2026-09-22T05:04:26Z,stavrou,ab,2187,301,209,0
2026-09-22T05:04:26Z,stavrou,ba,2245,300,208,0
2026-09-22T05:04:26Z,makedonitissas,ab,2904,595,405,49
2026-09-22T05:04:26Z,makedonitissas,ba,2625,427,308,0
2026-09-22T05:04:26Z,armenias,ab,1079,207,120,0
2026-09-22T05:04:26Z,armenias,ba,1264,418,187,136
2026-09-22T05:04:26Z,arch_kyprianou,ab,1701,344,217,23
2026-09-22T05:04:26Z,arch_kyprianou,ba,2773,1069,414,552
2026-09-22T05:04:26Z,a1_motorway,ab,10597,577,349,212
2026-09-22T05:04:26Z,a1_motorway,ba,14048,762,558,128
2026-09-22T05:04:26Z,makariou_lakat,ab,5849,876,519,172
2026-09-22T05:04:26Z,makariou_lakat,ba,7549,923,705,26
2026-09-22T05:04:26Z,griva_digeni,ab,4212,605,441,0
2026-09-22T05:04:26Z,griva_digeni,ba,6145,1316,827,32
2026-09-22T05:04:26Z,aglantzias,ab,4207,796,419,109
2026-09-22T05:04:26Z,aglantzias,ba,3098,647,373,128
2026-09-22T05:04:26Z,kranidioti,ab,1458,133,105,0
2026-09-22T05:04:26Z,kranidioti,ba,1652,202,117,45
2026-09-22T05:04:26Z,perimetrikos,ab,2510,360,224,18
2026-09-22T05:04:26Z,perimetrikos,ba,2094,239,160,44
2026-09-22T05:04:26Z,hatziiosif,ab,2049,608,196,345
2026-09-22T05:04:26Z,hatziiosif,ba,2045,560,203,155
2026-09-22T05:04:26Z,perikleous,ab,2016,516,273,140
2026-09-22T05:04:26Z,perikleous,ba,2649,441,274,0
2026-09-22T05:04:26Z,avraamidi,ab,1301,294,217,38
2026-09-22T05:04:26Z,avraamidi,ba,1266,223,150,0
2026-09-22T05:04:26Z,athinon,ab,1440,306,215,54
2026-09-22T05:04:26Z,athinon,ba,1040,331,131,1
2026-09-22T05:04:26Z,tasou_markou,ab,544,107,71,0
2026-09-22T05:04:26Z,tasou_markou,ba,492,58,55,0
2026-09-22T05:04:26Z,peiraios,ab,590,159,72,0
2026-09-22T05:04:26Z,peiraios,ba,590,115,64,0
2026-09-22T05:25:10Z,strovolou,ab,6616,1424,718,226
2026-09-22T05:25:10Z,strovolou,ba,4712,575,405,0
2026-09-22T05:25:10Z,tseriou,ab,3217,479,342,0
2026-09-22T05:25:10Z,tseriou,ba,3739,594,367,0
2026-09-22T05:25:10Z,prodromou,ab,2418,438,259,0
2026-09-22T05:25:10Z,prodromou,ba,2914,745,378,227
2026-09-22T05:25:10Z,akropoleos,ab,5010,1045,465,350
2026-09-22T05:25:10Z,akropoleos,ba,8210,1642,594,759
2026-09-22T05:25:10Z,athalassas,ab,3068,717,383,89
2026-09-22T05:25:10Z,athalassas,ba,4712,1130,630,282
2026-09-22T05:25:10Z,lemesou,ab,2812,618,414,90
2026-09-22T05:25:10Z,lemesou,ba,2007,613,196,339
2026-09-22T05:25:10Z,sp_kyprianou,ab,6489,859,585,0
2026-09-22T05:25:10Z,sp_kyprianou,ba,10843,1700,1167,0
2026-09-22T05:25:10Z,archangelou,ab,7265,683,522,0
2026-09-22T05:25:10Z,archangelou,ba,6911,1236,593,318
2026-09-22T05:25:10Z,konstantinoup,ab,2628,335,291,0
2026-09-22T05:25:10Z,konstantinoup,ba,2629,419,313,0
2026-09-22T05:25:10Z,stavrou,ab,2187,298,209,0
2026-09-22T05:25:10Z,stavrou,ba,2245,293,208,0
2026-09-22T05:25:10Z,makedonitissas,ab,2904,539,405,0
2026-09-22T05:25:10Z,makedonitissas,ba,2705,412,290,0
2026-09-22T05:25:10Z,armenias,ab,1079,198,120,0
2026-09-22T05:25:10Z,armenias,ba,1079,386,133,136
2026-09-22T05:25:10Z,arch_kyprianou,ab,1701,327,217,0
2026-09-22T05:25:10Z,arch_kyprianou,ba,2660,685,406,90
2026-09-22T05:25:10Z,a1_motorway,ab,10597,432,349,81
2026-09-22T05:25:10Z,a1_motorway,ba,14048,919,558,343
2026-09-22T05:25:10Z,makariou_lakat,ab,5849,757,519,0
2026-09-22T05:25:10Z,makariou_lakat,ba,6316,856,616,0
2026-09-22T05:25:10Z,griva_digeni,ab,4212,610,441,0
2026-09-22T05:25:10Z,griva_digeni,ba,6904,1383,870,138
2026-09-22T05:25:10Z,aglantzias,ab,1775,605,175,377
2026-09-22T05:25:10Z,aglantzias,ba,3098,773,373,304
2026-09-22T05:25:10Z,kranidioti,ab,1458,129,105,0
2026-09-22T05:25:10Z,kranidioti,ba,1652,154,117,0
2026-09-22T05:25:10Z,perimetrikos,ab,3173,490,386,0
2026-09-22T05:25:10Z,perimetrikos,ba,2094,195,160,0
2026-09-22T05:25:10Z,hatziiosif,ab,2049,508,196,229
2026-09-22T05:25:10Z,hatziiosif,ba,2381,557,311,74
2026-09-22T05:25:10Z,perikleous,ab,2016,456,273,2
2026-09-22T05:25:10Z,perikleous,ba,2649,481,274,76
2026-09-22T05:25:10Z,avraamidi,ab,1301,286,217,30
2026-09-22T05:25:10Z,avraamidi,ba,1266,229,150,2
2026-09-22T05:25:10Z,athinon,ab,1440,288,215,37
2026-09-22T05:25:10Z,athinon,ba,1040,327,131,1
2026-09-22T05:25:10Z,tasou_markou,ab,544,106,71,0
2026-09-22T05:25:10Z,tasou_markou,ba,492,58,55,0
2026-09-22T05:25:10Z,peiraios,ab,590,150,72,0
2026-09-22T05:25:10Z,peiraios,ba,590,114,64,0
2026-09-22T05:45:55Z,strovolou,ab,5400,1210,507,524
2026-09-22T05:45:55Z,strovolou,ba,4712,565,405,0
2026-09-22T05:45:55Z,tseriou,ab,3217,467,342,0
2026-09-22T05:45:55Z,tseriou,ba,3739,571,367,0
2026-09-22T05:45:55Z,prodromou,ab,3095,580,375,0
2026-09-22T05:45:55Z,prodromou,ba,3869,684,445,61
2026-09-22T05:45:55Z,akropoleos,ab,5010,893,465,153
2026-09-22T05:45:55Z,akropoleos,ba,5145,1430,481,705
2026-09-22T05:45:55Z,athalassas,ab,3068,636,383,3
2026-09-22T05:45:55Z,athalassas,ba,4712,984,630,117
2026-09-22T05:45:55Z,lemesou,ab,3427,559,353,0
2026-09-22T05:45:55Z,lemesou,ba,2007,662,196,410
2026-09-22T05:45:55Z,sp_kyprianou,ab,6489,830,585,0
2026-09-22T05:45:55Z,sp_kyprianou,ba,7898,1451,836,190
2026-09-22T05:45:55Z,archangelou,ab,7265,667,522,0
2026-09-22T05:45:55Z,archangelou,ba,6911,1021,593,129
2026-09-22T05:45:55Z,konstantinoup,ab,2628,335,291,0
2026-09-22T05:45:55Z,konstantinoup,ba,2629,399,313,0
2026-09-22T05:45:55Z,stavrou,ab,2187,286,209,0
2026-09-22T05:45:55Z,stavrou,ba,2245,281,208,0
2026-09-22T05:45:55Z,makedonitissas,ab,2904,513,405,0
2026-09-22T05:45:55Z,makedonitissas,ba,2705,390,290,0
2026-09-22T05:45:55Z,armenias,ab,1079,192,120,0
2026-09-22T05:45:55Z,armenias,ba,1079,477,133,262
2026-09-22T05:45:55Z,arch_kyprianou,ab,1701,315,217,0
2026-09-22T05:45:55Z,arch_kyprianou,ba,1726,628,203,315
2026-09-22T05:45:55Z,a1_motorway,ab,10597,372,349,21
2026-09-22T05:45:55Z,a1_motorway,ba,14048,738,558,126
2026-09-22T05:45:55Z,makariou_lakat,ab,6453,723,562,0
2026-09-22T05:45:55Z,makariou_lakat,ba,6316,830,616,0
2026-09-22T05:45:55Z,griva_digeni,ab,4212,601,441,0
2026-09-22T05:45:55Z,griva_digeni,ba,6848,1247,900,0
2026-09-22T05:45:55Z,aglantzias,ab,1775,395,175,123
2026-09-22T05:45:55Z,aglantzias,ba,3098,729,373,267
2026-09-22T05:45:55Z,kranidioti,ab,1458,123,105,0
2026-09-22T05:45:55Z,kranidioti,ba,1652,149,117,0
2026-09-22T05:45:55Z,perimetrikos,ab,3322,518,440,0
2026-09-22T05:45:55Z,perimetrikos,ba,2094,193,160,0
2026-09-22T05:45:55Z,hatziiosif,ab,2049,447,196,153
2026-09-22T05:45:55Z,hatziiosif,ba,2045,604,203,278
2026-09-22T05:45:55Z,perikleous,ab,2016,451,273,0
2026-09-22T05:45:55Z,perikleous,ba,2649,419,274,0
2026-09-22T05:45:55Z,avraamidi,ab,1293,315,192,0
2026-09-22T05:45:55Z,avraamidi,ba,1266,224,150,0
2026-09-22T05:45:55Z,athinon,ab,1440,276,215,27
2026-09-22T05:45:55Z,athinon,ba,1040,312,131,1
2026-09-22T05:45:55Z,tasou_markou,ab,544,103,71,0
2026-09-22T05:45:55Z,tasou_markou,ba,492,58,55,0
2026-09-22T05:45:55Z,peiraios,ab,590,142,72,0
2026-09-22T05:45:55Z,peiraios,ba,590,112,64,0
2026-09-22T11:27:31Z,strovolou,ab,5400,668,507,0
2026-09-22T11:27:31Z,strovolou,ba,4712,701,405,108
2026-09-22T11:27:31Z,tseriou,ab,3240,385,284,0
2026-09-22T11:27:31Z,tseriou,ba,3739,539,367,0
2026-09-22T11:27:31Z,prodromou,ab,2418,334,259,0
2026-09-22T11:27:31Z,prodromou,ba,2414,383,304,0
2026-09-22T11:27:31Z,akropoleos,ab,5010,948,465,126
2026-09-22T11:27:31Z,akropoleos,ba,8177,838,597,0
2026-09-22T11:27:31Z,athalassas,ab,2793,612,280,0
2026-09-22T11:27:31Z,athalassas,ba,6362,874,609,0
2026-09-22T11:27:31Z,lemesou,ab,2014,434,213,0
2026-09-22T11:27:31Z,lemesou,ba,2007,372,196,0
2026-09-22T11:27:31Z,sp_kyprianou,ab,6489,898,585,0
2026-09-22T11:27:31Z,sp_kyprianou,ba,6573,932,630,0
2026-09-22T11:27:31Z,archangelou,ab,7265,685,522,0
2026-09-22T11:27:31Z,archangelou,ba,6911,732,593,0
2026-09-22T11:27:31Z,konstantinoup,ab,2628,327,291,0
2026-09-22T11:27:31Z,konstantinoup,ba,2629,357,313,0
2026-09-22T11:27:31Z,stavrou,ab,2187,321,209,0
2026-09-22T11:27:31Z,stavrou,ba,2245,273,208,0
2026-09-22T11:27:31Z,makedonitissas,ab,2904,502,405,0
2026-09-22T11:27:31Z,makedonitissas,ba,2705,335,290,0
2026-09-22T11:27:31Z,armenias,ab,1079,165,120,0
2026-09-22T11:27:31Z,armenias,ba,1079,280,133,0
2026-09-22T11:27:31Z,arch_kyprianou,ab,1652,315,254,0
2026-09-22T11:27:31Z,arch_kyprianou,ba,1726,346,203,0
2026-09-22T11:27:31Z,a1_motorway,ab,10597,351,349,0
2026-09-22T11:27:31Z,a1_motorway,ba,14048,582,558,0
2026-09-22T11:27:31Z,makariou_lakat,ab,6453,692,562,0
2026-09-22T11:27:31Z,makariou_lakat,ba,6901,762,584,0
2026-09-22T11:27:31Z,griva_digeni,ab,4212,638,441,0
2026-09-22T11:27:31Z,griva_digeni,ba,5350,978,685,0
2026-09-22T11:27:31Z,aglantzias,ab,1775,229,175,0
2026-09-22T11:27:31Z,aglantzias,ba,3098,565,373,0
2026-09-22T11:27:31Z,kranidioti,ab,1458,113,105,0
2026-09-22T11:27:31Z,kranidioti,ba,1652,127,117,0
2026-09-22T11:27:31Z,perimetrikos,ab,2510,260,224,0
2026-09-22T11:27:31Z,perimetrikos,ba,2094,195,160,0
2026-09-22T11:27:31Z,hatziiosif,ab,2049,497,196,126
2026-09-22T11:27:31Z,hatziiosif,ba,2045,366,203,0
2026-09-22T11:27:31Z,perikleous,ab,2016,519,273,140
2026-09-22T11:27:31Z,perikleous,ba,2649,408,274,24
2026-09-22T11:27:31Z,avraamidi,ab,1264,227,141,0
2026-09-22T11:27:31Z,avraamidi,ba,1266,249,150,0
2026-09-22T11:27:31Z,athinon,ab,1573,257,205,0
2026-09-22T11:27:31Z,athinon,ba,1040,286,131,0
2026-09-22T11:27:31Z,tasou_markou,ab,544,88,71,0
2026-09-22T11:27:31Z,tasou_markou,ba,492,55,55,0
2026-09-22T11:27:31Z,peiraios,ab,590,119,72,0
2026-09-22T11:27:31Z,peiraios,ba,590,123,64,0
2026-09-22T13:49:58Z,strovolou,ab,5400,694,507,0
2026-09-22T13:49:58Z,strovolou,ba,4712,1007,405,338
2026-09-22T13:49:58Z,tseriou,ab,3240,519,284,173
2026-09-22T13:49:58Z,tseriou,ba,3578,611,431,118
2026-09-22T13:49:58Z,prodromou,ab,2418,337,259,0
2026-09-22T13:49:58Z,prodromou,ba,2414,395,304,0
2026-09-22T13:49:58Z,akropoleos,ab,5010,1362,465,603
2026-09-22T13:49:58Z,akropoleos,ba,8177,1000,597,201
2026-09-22T13:49:58Z,athalassas,ab,3201,752,431,122
2026-09-22T13:49:58Z,athalassas,ba,6362,899,609,0
2026-09-22T13:49:58Z,lemesou,ab,3331,678,420,86
2026-09-22T13:49:58Z,lemesou,ba,2007,483,196,226
2026-09-22T13:49:58Z,sp_kyprianou,ab,7006,1134,666,175
2026-09-22T13:49:58Z,sp_kyprianou,ba,7358,983,783,0
2026-09-22T13:49:58Z,archangelou,ab,7265,910,522,175
2026-09-22T13:49:58Z,archangelou,ba,6911,741,593,0
2026-09-22T13:49:58Z,konstantinoup,ab,2628,334,291,0
2026-09-22T13:49:58Z,konstantinoup,ba,2629,377,313,0
2026-09-22T13:49:58Z,stavrou,ab,2187,408,209,0
2026-09-22T13:49:58Z,stavrou,ba,2245,288,208,0
2026-09-22T13:49:58Z,makedonitissas,ab,2797,684,387,204
2026-09-22T13:49:58Z,makedonitissas,ba,2705,353,290,0
2026-09-22T13:49:58Z,armenias,ab,1079,166,120,0
2026-09-22T13:49:58Z,armenias,ba,1079,334,133,0
2026-09-22T13:49:58Z,arch_kyprianou,ab,1652,339,254,0
2026-09-22T13:49:58Z,arch_kyprianou,ba,1726,370,203,0
2026-09-22T13:49:58Z,a1_motorway,ab,10597,351,349,0
2026-09-22T13:49:58Z,a1_motorway,ba,14048,583,558,0
2026-09-22T13:49:58Z,makariou_lakat,ab,6840,840,690,0
2026-09-22T13:49:58Z,makariou_lakat,ba,6316,825,616,0
2026-09-22T13:49:58Z,griva_digeni,ab,4212,730,441,107
2026-09-22T13:49:58Z,griva_digeni,ba,6075,1052,758,0
2026-09-22T13:49:58Z,aglantzias,ab,1775,241,175,3
2026-09-22T13:49:58Z,aglantzias,ba,3098,647,373,169
2026-09-22T13:49:58Z,kranidioti,ab,1458,113,105,0
2026-09-22T13:49:58Z,kranidioti,ba,1652,155,117,0
2026-09-22T13:49:58Z,perimetrikos,ab,2510,266,224,0
2026-09-22T13:49:58Z,perimetrikos,ba,2327,224,180,0
2026-09-22T13:49:58Z,hatziiosif,ab,2049,680,196,303
2026-09-22T13:49:58Z,hatziiosif,ba,2045,371,203,0
2026-09-22T13:49:58Z,perikleous,ab,1592,601,311,183
2026-09-22T13:49:58Z,perikleous,ba,2649,438,274,28
2026-09-22T13:49:58Z,avraamidi,ab,1264,232,141,0
2026-09-22T13:49:58Z,avraamidi,ba,1266,288,150,0
2026-09-22T13:49:58Z,athinon,ab,1440,277,215,0
2026-09-22T13:49:58Z,athinon,ba,1040,357,131,108
2026-09-22T13:49:58Z,tasou_markou,ab,544,87,71,0
2026-09-22T13:49:58Z,tasou_markou,ba,492,54,55,0
2026-09-22T13:49:58Z,peiraios,ab,590,124,72,0
2026-09-22T13:49:58Z,peiraios,ba,590,133,64,0
2026-09-22T14:00:32Z,strovolou,ab,5400,695,507,0
2026-09-22T14:00:32Z,strovolou,ba,5074,949,557,77
2026-09-22T14:00:32Z,tseriou,ab,3240,415,284,0
2026-09-22T14:00:32Z,tseriou,ba,3578,659,431,183
2026-09-22T14:00:32Z,prodromou,ab,2418,337,259,0
2026-09-22T14:00:32Z,prodromou,ba,2414,395,304,0
2026-09-22T14:00:32Z,akropoleos,ab,5010,1164,465,367
2026-09-22T14:00:32Z,akropoleos,ba,8177,996,597,213
2026-09-22T14:00:32Z,athalassas,ab,3070,825,393,166
2026-09-22T14:00:32Z,athalassas,ba,6362,891,609,0
2026-09-22T14:00:32Z,lemesou,ab,3331,769,420,197
2026-09-22T14:00:32Z,lemesou,ba,2355,461,285,20
2026-09-22T14:00:32Z,sp_kyprianou,ab,7006,1232,666,317
2026-09-22T14:00:32Z,sp_kyprianou,ba,7358,984,783,0
2026-09-22T14:00:32Z,archangelou,ab,7265,1008,522,317
2026-09-22T14:00:32Z,archangelou,ba,6911,741,593,0
2026-09-22T14:00:32Z,konstantinoup,ab,2628,333,291,0
2026-09-22T14:00:32Z,konstantinoup,ba,2629,377,313,0
2026-09-22T14:00:32Z,stavrou,ab,2187,403,209,0
2026-09-22T14:00:32Z,stavrou,ba,2245,289,208,0
2026-09-22T14:00:32Z,makedonitissas,ab,2797,689,387,206
2026-09-22T14:00:32Z,makedonitissas,ba,2705,355,290,0
2026-09-22T14:00:32Z,armenias,ab,1079,166,120,0
2026-09-22T14:00:32Z,armenias,ba,1079,334,133,0
2026-09-22T14:00:32Z,arch_kyprianou,ab,1652,339,254,0
2026-09-22T14:00:32Z,arch_kyprianou,ba,1726,372,203,0
2026-09-22T14:00:32Z,a1_motorway,ab,10597,351,349,0
2026-09-22T14:00:32Z,a1_motorway,ba,14048,580,558,0
2026-09-22T14:00:32Z,makariou_lakat,ab,6453,861,562,0
2026-09-22T14:00:32Z,makariou_lakat,ba,6901,828,584,0
2026-09-22T14:00:32Z,griva_digeni,ab,4212,752,441,136
2026-09-22T14:00:32Z,griva_digeni,ba,5432,1044,723,0
2026-09-22T14:00:32Z,aglantzias,ab,1775,243,175,3
2026-09-22T14:00:32Z,aglantzias,ba,3098,681,373,207
2026-09-22T14:00:32Z,kranidioti,ab,1458,113,105,0
2026-09-22T14:00:32Z,kranidioti,ba,1652,157,117,0
2026-09-22T14:00:32Z,perimetrikos,ab,2510,267,224,0
2026-09-22T14:00:32Z,perimetrikos,ba,2327,243,180,19
2026-09-22T14:00:32Z,hatziiosif,ab,2049,532,196,129
2026-09-22T14:00:32Z,hatziiosif,ba,2045,369,203,0
2026-09-22T14:00:32Z,perikleous,ab,2016,564,273,160
2026-09-22T14:00:32Z,perikleous,ba,2649,444,274,33
2026-09-22T14:00:32Z,avraamidi,ab,1264,231,141,0
2026-09-22T14:00:32Z,avraamidi,ba,1266,385,150,206
2026-09-22T14:00:32Z,athinon,ab,1440,279,215,0
2026-09-22T14:00:32Z,athinon,ba,1040,415,131,183
2026-09-22T14:00:32Z,tasou_markou,ab,544,87,71,0
2026-09-22T14:00:32Z,tasou_markou,ba,492,54,55,0
2026-09-22T14:00:32Z,peiraios,ab,590,124,72,0
2026-09-22T14:00:32Z,peiraios,ba,590,130,64,0
2026-09-23T04:47:32Z,strovolou,ab,9156,1801,1034,324
2026-09-23T04:47:32Z,strovolou,ba,4712,557,405,10
2026-09-23T04:47:32Z,tseriou,ab,3217,481,342,0
2026-09-23T04:47:32Z,tseriou,ba,3739,664,367,183
2026-09-23T04:47:32Z,prodromou,ab,2418,524,259,195
2026-09-23T04:47:32Z,prodromou,ba,2843,731,465,174
2026-09-23T04:47:32Z,akropoleos,ab,5010,1099,465,455
2026-09-23T04:47:32Z,akropoleos,ba,5145,1456,481,689
2026-09-23T04:47:32Z,athalassas,ab,3054,694,383,135
2026-09-23T04:47:32Z,athalassas,ba,4619,1660,563,828
2026-09-23T04:47:32Z,lemesou,ab,2798,555,414,0
2026-09-23T04:47:32Z,lemesou,ba,2007,565,196,281
2026-09-23T04:47:32Z,sp_kyprianou,ab,6489,832,585,0
2026-09-23T04:47:32Z,sp_kyprianou,ba,8739,1871,975,361
2026-09-23T04:47:32Z,archangelou,ab,7693,841,700,4
2026-09-23T04:47:32Z,archangelou,ba,7779,1575,715,476
2026-09-23T04:47:32Z,konstantinoup,ab,2628,349,291,0
2026-09-23T04:47:32Z,konstantinoup,ba,2629,453,313,0
2026-09-23T04:47:32Z,stavrou,ab,2187,287,209,0
2026-09-23T04:47:32Z,stavrou,ba,3162,599,327,218
2026-09-23T04:47:32Z,makedonitissas,ab,3376,740,454,166
2026-09-23T04:47:32Z,makedonitissas,ba,2153,611,333,167
2026-09-23T04:47:32Z,armenias,ab,1437,327,194,53
2026-09-23T04:47:32Z,armenias,ba,1622,452,254,106
2026-09-23T04:47:32Z,arch_kyprianou,ab,1777,323,215,0
2026-09-23T04:47:32Z,arch_kyprianou,ba,3509,996,470,424
2026-09-23T04:47:32Z,a1_motorway,ab,10597,549,349,196
2026-09-23T04:47:32Z,a1_motorway,ba,14048,976,558,392
2026-09-23T04:47:32Z,makariou_lakat,ab,5849,879,519,206
2026-09-23T04:47:32Z,makariou_lakat,ba,6316,844,616,0
2026-09-23T04:47:32Z,griva_digeni,ab,4212,573,441,0
2026-09-23T04:47:32Z,griva_digeni,ba,6475,1422,946,127
2026-09-23T04:47:32Z,aglantzias,ab,1775,600,175,388
2026-09-23T04:47:32Z,aglantzias,ba,3098,625,373,128
2026-09-23T04:47:32Z,kranidioti,ab,1458,130,105,0
2026-09-23T04:47:32Z,kranidioti,ba,1652,309,117,177
2026-09-23T04:47:32Z,perimetrikos,ab,2510,350,224,15
2026-09-23T04:47:32Z,perimetrikos,ba,2327,229,180,10
2026-09-23T04:47:32Z,hatziiosif,ab,2049,438,196,169
2026-09-23T04:47:32Z,hatziiosif,ba,2045,650,203,335
2026-09-23T04:47:32Z,perikleous,ab,2016,428,273,0
2026-09-23T04:47:32Z,perikleous,ba,3567,728,387,218
2026-09-23T04:47:32Z,avraamidi,ab,1301,291,217,38
2026-09-23T04:47:32Z,avraamidi,ba,1266,209,150,0
2026-09-23T04:47:32Z,athinon,ab,1573,378,205,136
2026-09-23T04:47:32Z,athinon,ba,1040,384,131,185
2026-09-23T04:47:32Z,tasou_markou,ab,544,108,71,0
2026-09-23T04:47:32Z,tasou_markou,ba,492,58,55,0
2026-09-23T04:47:32Z,peiraios,ab,590,156,72,0
2026-09-23T04:47:32Z,peiraios,ba,590,101,64,0
2026-09-23T05:08:22Z,strovolou,ab,7649,1708,802,259
2026-09-23T05:08:22Z,strovolou,ba,4712,586,405,0
2026-09-23T05:08:22Z,tseriou,ab,3217,503,342,0
2026-09-23T05:08:22Z,tseriou,ba,3739,605,367,0
2026-09-23T05:08:22Z,prodromou,ab,2418,470,259,122
2026-09-23T05:08:22Z,prodromou,ba,2999,697,480,91
2026-09-23T05:08:22Z,akropoleos,ab,5010,1031,465,279
2026-09-23T05:08:22Z,akropoleos,ba,5659,1448,597,429
2026-09-23T05:08:22Z,athalassas,ab,3054,837,383,288
2026-09-23T05:08:22Z,athalassas,ba,4712,1202,630,351
2026-09-23T05:08:22Z,lemesou,ab,2014,489,213,162
2026-09-23T05:08:22Z,lemesou,ba,2007,466,196,107
2026-09-23T05:08:22Z,sp_kyprianou,ab,6489,888,585,0
2026-09-23T05:08:22Z,sp_kyprianou,ba,10805,1724,1174,43
2026-09-23T05:08:22Z,archangelou,ab,7265,837,522,183
2026-09-23T05:08:22Z,archangelou,ba,6911,1327,593,347
2026-09-23T05:08:22Z,konstantinoup,ab,2628,352,291,0
2026-09-23T05:08:22Z,konstantinoup,ba,2629,446,313,0
2026-09-23T05:08:22Z,stavrou,ab,2187,304,209,0
2026-09-23T05:08:22Z,stavrou,ba,2245,308,208,0
2026-09-23T05:08:22Z,makedonitissas,ab,2904,558,405,5
2026-09-23T05:08:22Z,makedonitissas,ba,2763,524,366,51
2026-09-23T05:08:22Z,armenias,ab,1079,207,120,0
2026-09-23T05:08:22Z,armenias,ba,1079,282,133,0
2026-09-23T05:08:22Z,arch_kyprianou,ab,1777,347,215,0
2026-09-23T05:08:22Z,arch_kyprianou,ba,2660,735,406,121
2026-09-23T05:08:22Z,a1_motorway,ab,10597,571,349,205
2026-09-23T05:08:22Z,a1_motorway,ba,14048,787,558,162
2026-09-23T05:08:22Z,makariou_lakat,ab,6237,864,646,0
2026-09-23T05:08:22Z,makariou_lakat,ba,6316,869,616,0
2026-09-23T05:08:22Z,griva_digeni,ab,4212,610,441,0
2026-09-23T05:08:22Z,griva_digeni,ba,6904,1447,870,247
2026-09-23T05:08:22Z,aglantzias,ab,4013,712,423,23
2026-09-23T05:08:22Z,aglantzias,ba,3098,628,373,114
2026-09-23T05:08:22Z,kranidioti,ab,1458,135,105,0
2026-09-23T05:08:22Z,kranidioti,ba,1652,163,117,0
2026-09-23T05:08:22Z,perimetrikos,ab,2510,341,224,0
2026-09-23T05:08:22Z,perimetrikos,ba,2094,193,160,0
2026-09-23T05:08:22Z,hatziiosif,ab,2049,550,196,279
2026-09-23T05:08:22Z,hatziiosif,ba,2571,596,318,3
2026-09-23T05:08:22Z,perikleous,ab,2016,458,273,0
2026-09-23T05:08:22Z,perikleous,ba,2649,455,274,0
2026-09-23T05:08:22Z,avraamidi,ab,1301,296,217,38
2026-09-23T05:08:22Z,avraamidi,ba,1266,224,150,0
2026-09-23T05:08:22Z,athinon,ab,1573,304,205,54
2026-09-23T05:08:22Z,athinon,ba,1040,327,131,1
2026-09-23T05:08:22Z,tasou_markou,ab,544,110,71,0
2026-09-23T05:08:22Z,tasou_markou,ba,492,58,55,0
2026-09-23T05:08:22Z,peiraios,ab,590,160,72,0
2026-09-23T05:08:22Z,peiraios,ba,590,109,64,0
2026-09-23T05:29:08Z,strovolou,ab,6338,1399,679,202
2026-09-23T05:29:08Z,strovolou,ba,4712,584,405,0
2026-09-23T05:29:08Z,tseriou,ab,3217,494,342,0
2026-09-23T05:29:08Z,tseriou,ba,3739,590,367,0
2026-09-23T05:29:08Z,prodromou,ab,2418,414,259,0
2026-09-23T05:29:08Z,prodromou,ba,3748,691,417,111
2026-09-23T05:29:08Z,akropoleos,ab,5010,870,465,0
2026-09-23T05:29:08Z,akropoleos,ba,5145,1608,481,792
2026-09-23T05:29:08Z,athalassas,ab,3054,666,383,0
2026-09-23T05:29:08Z,athalassas,ba,4743,1031,632,0
2026-09-23T05:29:08Z,lemesou,ab,2014,500,213,136
2026-09-23T05:29:08Z,lemesou,ba,2388,620,302,132
2026-09-23T05:29:08Z,sp_kyprianou,ab,6489,876,585,0
2026-09-23T05:29:08Z,sp_kyprianou,ba,7777,1599,808,396
2026-09-23T05:29:08Z,archangelou,ab,7265,685,522,0
2026-09-23T05:29:08Z,archangelou,ba,6911,1205,593,285
2026-09-23T05:29:08Z,konstantinoup,ab,2628,352,291,0
2026-09-23T05:29:08Z,konstantinoup,ba,2629,429,313,0
2026-09-23T05:29:08Z,stavrou,ab,2187,299,209,0
2026-09-23T05:29:08Z,stavrou,ba,2245,298,208,0
2026-09-23T05:29:08Z,makedonitissas,ab,2904,531,405,0
2026-09-23T05:29:08Z,makedonitissas,ba,2625,400,308,0
2026-09-23T05:29:08Z,armenias,ab,1079,196,120,0
2026-09-23T05:29:08Z,armenias,ba,1079,282,133,0
2026-09-23T05:29:08Z,arch_kyprianou,ab,1701,330,217,0
2026-09-23T05:29:08Z,arch_kyprianou,ba,2447,618,363,0
2026-09-23T05:29:08Z,a1_motorway,ab,10597,371,349,19
2026-09-23T05:29:08Z,a1_motorway,ba,14048,733,558,115
2026-09-23T05:29:08Z,makariou_lakat,ab,5849,746,519,0
2026-09-23T05:29:08Z,makariou_lakat,ba,6316,851,616,0
2026-09-23T05:29:08Z,griva_digeni,ab,4212,616,441,0
2026-09-23T05:29:08Z,griva_digeni,ba,6090,1316,858,37
2026-09-23T05:29:08Z,aglantzias,ab,1775,376,175,3
2026-09-23T05:29:08Z,aglantzias,ba,3098,653,373,169
2026-09-23T05:29:08Z,kranidioti,ab,1458,128,105,0
2026-09-23T05:29:08Z,kranidioti,ba,1652,158,117,0
2026-09-23T05:29:08Z,perimetrikos,ab,2510,495,224,219
2026-09-23T05:29:08Z,perimetrikos,ba,2094,193,160,0
2026-09-23T05:29:08Z,hatziiosif,ab,2049,407,196,0
2026-09-23T05:29:08Z,hatziiosif,ba,2045,552,203,155
2026-09-23T05:29:08Z,perikleous,ab,2016,462,273,0
2026-09-23T05:29:08Z,perikleous,ba,2649,442,274,0
2026-09-23T05:29:08Z,avraamidi,ab,1301,297,217,38
2026-09-23T05:29:08Z,avraamidi,ba,1266,223,150,0
2026-09-23T05:29:08Z,athinon,ab,1573,286,205,37
2026-09-23T05:29:08Z,athinon,ba,1040,321,131,1
2026-09-23T05:29:08Z,tasou_markou,ab,544,110,71,0
2026-09-23T05:29:08Z,tasou_markou,ba,492,58,55,0
2026-09-23T05:29:08Z,peiraios,ab,590,150,72,0
2026-09-23T05:29:08Z,peiraios,ba,590,108,64,0
2026-09-23T05:49:54Z,strovolou,ab,5400,1119,507,439
2026-09-23T05:49:54Z,strovolou,ba,4712,572,405,0
2026-09-23T05:49:54Z,tseriou,ab,3217,479,342,0
2026-09-23T05:49:54Z,tseriou,ba,3739,572,367,0
2026-09-23T05:49:54Z,prodromou,ab,2418,391,259,0
2026-09-23T05:49:54Z,prodromou,ba,3748,624,417,0
2026-09-23T05:49:54Z,akropoleos,ab,5010,843,465,0
2026-09-23T05:49:54Z,akropoleos,ba,5659,1363,597,424
2026-09-23T05:49:54Z,athalassas,ab,3185,637,421,0
2026-09-23T05:49:54Z,athalassas,ba,4619,1043,563,166
2026-09-23T05:49:54Z,lemesou,ab,2014,386,213,0
2026-09-23T05:49:54Z,lemesou,ba,2007,495,196,194
2026-09-23T05:49:54Z,sp_kyprianou,ab,6489,847,585,0
2026-09-23T05:49:54Z,sp_kyprianou,ba,7722,1424,839,181
2026-09-23T05:49:54Z,archangelou,ab,7265,668,522,0
2026-09-23T05:49:54Z,archangelou,ba,6911,1046,593,181
2026-09-23T05:49:54Z,konstantinoup,ab,2628,350,291,0
2026-09-23T05:49:54Z,konstantinoup,ba,2629,409,313,0
2026-09-23T05:49:54Z,stavrou,ab,2187,294,209,0
2026-09-23T05:49:54Z,stavrou,ba,2245,286,208,0
2026-09-23T05:49:54Z,makedonitissas,ab,2904,506,405,0
2026-09-23T05:49:54Z,makedonitissas,ba,2705,395,290,30
2026-09-23T05:49:54Z,armenias,ab,1079,189,120,0
2026-09-23T05:49:54Z,armenias,ba,1079,275,133,0
2026-09-23T05:49:54Z,arch_kyprianou,ab,1701,314,217,0
2026-09-23T05:49:54Z,arch_kyprianou,ba,2260,533,310,0
2026-09-23T05:49:54Z,a1_motorway,ab,10597,351,349,0
2026-09-23T05:49:54Z,a1_motorway,ba,14048,658,558,45
2026-09-23T05:49:54Z,makariou_lakat,ab,5849,721,519,0
2026-09-23T05:49:54Z,makariou_lakat,ba,6901,831,584,0
2026-09-23T05:49:54Z,griva_digeni,ab,4212,610,441,0
2026-09-23T05:49:54Z,griva_digeni,ba,6128,1305,797,116
2026-09-23T05:49:54Z,aglantzias,ab,1775,340,175,3
2026-09-23T05:49:54Z,aglantzias,ba,3098,644,373,169
2026-09-23T05:49:54Z,kranidioti,ab,1458,122,105,0
2026-09-23T05:49:54Z,kranidioti,ba,1652,149,117,0
2026-09-23T05:49:54Z,perimetrikos,ab,2510,298,224,0
2026-09-23T05:49:54Z,perimetrikos,ba,2094,190,160,0
2026-09-23T05:49:54Z,hatziiosif,ab,2049,398,196,0
2026-09-23T05:49:54Z,hatziiosif,ba,2381,488,311,0
2026-09-23T05:49:54Z,perikleous,ab,2016,459,273,0
2026-09-23T05:49:54Z,perikleous,ba,2649,429,274,0
2026-09-23T05:49:54Z,avraamidi,ab,1264,258,141,0
2026-09-23T05:49:54Z,avraamidi,ba,1266,224,150,0
2026-09-23T05:49:54Z,athinon,ab,1573,271,205,23
2026-09-23T05:49:54Z,athinon,ba,1040,312,131,1
2026-09-23T05:49:54Z,tasou_markou,ab,544,105,71,0
2026-09-23T05:49:54Z,tasou_markou,ba,492,58,55,0
2026-09-23T05:49:54Z,peiraios,ab,590,140,72,0
2026-09-23T05:49:54Z,peiraios,ba,590,108,64,0
2026-09-23T11:24:59Z,strovolou,ab,5400,675,507,0
2026-09-23T11:24:59Z,strovolou,ba,4712,690,405,0
2026-09-23T11:24:59Z,tseriou,ab,3240,386,284,0
2026-09-23T11:24:59Z,tseriou,ba,3739,567,367,108
2026-09-23T11:24:59Z,prodromou,ab,2418,325,259,0
2026-09-23T11:24:59Z,prodromou,ba,2414,381,304,0
2026-09-23T11:24:59Z,akropoleos,ab,5010,1052,465,294
2026-09-23T11:24:59Z,akropoleos,ba,5145,866,481,0
2026-09-23T11:24:59Z,athalassas,ab,3199,700,421,108
2026-09-23T11:24:59Z,athalassas,ba,7097,896,569,0
2026-09-23T11:24:59Z,lemesou,ab,2014,611,213,342
2026-09-23T11:24:59Z,lemesou,ba,2007,375,196,0
2026-09-23T11:24:59Z,sp_kyprianou,ab,6614,1059,670,0
2026-09-23T11:24:59Z,sp_kyprianou,ba,6573,927,630,0
2026-09-23T11:24:59Z,archangelou,ab,6502,824,604,0
2026-09-23T11:24:59Z,archangelou,ba,6911,726,593,0
2026-09-23T11:24:59Z,konstantinoup,ab,2628,331,291,0
2026-09-23T11:24:59Z,konstantinoup,ba,2629,355,313,0
2026-09-23T11:24:59Z,stavrou,ab,2187,309,209,0
2026-09-23T11:24:59Z,stavrou,ba,2245,276,208,0
2026-09-23T11:24:59Z,makedonitissas,ab,2904,642,405,204
2026-09-23T11:24:59Z,makedonitissas,ba,2705,341,290,0
2026-09-23T11:24:59Z,armenias,ab,1079,163,120,0
2026-09-23T11:24:59Z,armenias,ba,1079,283,133,0
2026-09-23T11:24:59Z,arch_kyprianou,ab,1652,304,254,0
2026-09-23T11:24:59Z,arch_kyprianou,ba,1726,353,203,0
2026-09-23T11:24:59Z,a1_motorway,ab,10597,351,349,0
2026-09-23T11:24:59Z,a1_motorway,ba,14048,584,558,0
2026-09-23T11:24:59Z,makariou_lakat,ab,6453,701,562,0
2026-09-23T11:24:59Z,makariou_lakat,ba,6901,757,584,0
2026-09-23T11:24:59Z,griva_digeni,ab,4212,639,441,0
2026-09-23T11:24:59Z,griva_digeni,ba,5350,963,685,0
2026-09-23T11:24:59Z,aglantzias,ab,1775,221,175,0
2026-09-23T11:24:59Z,aglantzias,ba,3098,644,373,120
2026-09-23T11:24:59Z,kranidioti,ab,1458,114,105,0
2026-09-23T11:24:59Z,kranidioti,ba,1652,130,117,0
2026-09-23T11:24:59Z,perimetrikos,ab,2510,260,224,0
2026-09-23T11:24:59Z,perimetrikos,ba,2094,212,160,19
2026-09-23T11:24:59Z,hatziiosif,ab,2049,590,196,294
2026-09-23T11:24:59Z,hatziiosif,ba,2045,375,203,0
2026-09-23T11:24:59Z,perikleous,ab,2016,478,273,0
2026-09-23T11:24:59Z,perikleous,ba,2649,408,274,0
2026-09-23T11:24:59Z,avraamidi,ab,1264,233,141,0
2026-09-23T11:24:59Z,avraamidi,ba,1266,244,150,0
2026-09-23T11:24:59Z,athinon,ab,1573,257,205,0
2026-09-23T11:24:59Z,athinon,ba,1040,317,131,108
2026-09-23T11:24:59Z,tasou_markou,ab,544,88,71,0
2026-09-23T11:24:59Z,tasou_markou,ba,492,55,55,0
2026-09-23T11:24:59Z,peiraios,ab,590,117,72,0
2026-09-23T11:24:59Z,peiraios,ba,590,107,64,0
2026-09-23T13:47:15Z,strovolou,ab,5400,692,507,0
2026-09-23T13:47:15Z,strovolou,ba,6542,1035,616,203
2026-09-23T13:47:15Z,tseriou,ab,3217,613,342,154
2026-09-23T13:47:15Z,tseriou,ba,3739,561,367,0
2026-09-23T13:47:15Z,prodromou,ab,2418,322,259,0
2026-09-23T13:47:15Z,prodromou,ba,2414,386,304,0
2026-09-23T13:47:15Z,akropoleos,ab,5010,1162,465,351
2026-09-23T13:47:15Z,akropoleos,ba,8177,872,597,0
2026-09-23T13:47:15Z,athalassas,ab,3640,733,410,100
2026-09-23T13:47:15Z,athalassas,ba,6362,955,609,131
2026-09-23T13:47:15Z,lemesou,ab,3427,602,353,0
2026-09-23T13:47:15Z,lemesou,ba,2007,450,196,190
2026-09-23T13:47:15Z,sp_kyprianou,ab,6489,1186,585,312
2026-09-23T13:47:15Z,sp_kyprianou,ba,7358,984,783,0
2026-09-23T13:47:15Z,archangelou,ab,7265,920,522,175
2026-09-23T13:47:15Z,archangelou,ba,6911,749,593,0
2026-09-23T13:47:15Z,konstantinoup,ab,2628,334,291,0
2026-09-23T13:47:15Z,konstantinoup,ba,2629,353,313,0
2026-09-23T13:47:15Z,stavrou,ab,2187,340,209,0
2026-09-23T13:47:15Z,stavrou,ba,2245,273,208,0
2026-09-23T13:47:15Z,makedonitissas,ab,2797,659,387,175
2026-09-23T13:47:15Z,makedonitissas,ba,2705,368,290,0
2026-09-23T13:47:15Z,armenias,ab,1079,162,120,0
2026-09-23T13:47:15Z,armenias,ba,1079,312,133,0
2026-09-23T13:47:15Z,arch_kyprianou,ab,1652,327,254,0
2026-09-23T13:47:15Z,arch_kyprianou,ba,1726,370,203,0
2026-09-23T13:47:15Z,a1_motorway,ab,10597,352,349,0
2026-09-23T13:47:15Z,a1_motorway,ba,14048,580,558,0
2026-09-23T13:47:15Z,makariou_lakat,ab,5849,826,519,0
2026-09-23T13:47:15Z,makariou_lakat,ba,6901,788,584,0
2026-09-23T13:47:15Z,griva_digeni,ab,4212,748,441,137
2026-09-23T13:47:15Z,griva_digeni,ba,5350,962,685,0
2026-09-23T13:47:15Z,aglantzias,ab,1775,231,175,2
2026-09-23T13:47:15Z,aglantzias,ba,3098,615,373,141
2026-09-23T13:47:15Z,kranidioti,ab,1458,113,105,0
2026-09-23T13:47:15Z,kranidioti,ba,1652,154,117,0
2026-09-23T13:47:15Z,perimetrikos,ab,2510,268,224,0
2026-09-23T13:47:15Z,perimetrikos,ba,2327,222,180,0
2026-09-23T13:47:15Z,hatziiosif,ab,2049,685,196,351
2026-09-23T13:47:15Z,hatziiosif,ba,2045,368,203,0
2026-09-23T13:47:15Z,perikleous,ab,2238,609,233,112
2026-09-23T13:47:15Z,perikleous,ba,2649,417,274,28
2026-09-23T13:47:15Z,avraamidi,ab,1264,281,141,108
2026-09-23T13:47:15Z,avraamidi,ba,1266,277,150,0
2026-09-23T13:47:15Z,athinon,ab,1440,267,215,0
2026-09-23T13:47:15Z,athinon,ba,1040,310,131,0
2026-09-23T13:47:15Z,tasou_markou,ab,544,86,71,0
2026-09-23T13:47:15Z,tasou_markou,ba,492,55,55,0
2026-09-23T13:47:15Z,peiraios,ab,590,120,72,0
2026-09-23T13:47:15Z,peiraios,ba,590,118,64,0
2026-09-24T04:46:32Z,strovolou,ab,10078,1925,997,318
2026-09-24T04:46:32Z,strovolou,ba,4712,575,405,27
2026-09-24T04:46:32Z,tseriou,ab,3217,470,342,0
2026-09-24T04:46:32Z,tseriou,ba,3739,563,367,0
2026-09-24T04:46:32Z,prodromou,ab,2418,567,259,253
2026-09-24T04:46:32Z,prodromou,ba,2512,828,367,381
2026-09-24T04:46:32Z,akropoleos,ab,9039,1030,726,127
2026-09-24T04:46:32Z,akropoleos,ba,5823,1543,571,607
2026-09-24T04:46:32Z,athalassas,ab,3054,612,383,0
2026-09-24T04:46:32Z,athalassas,ba,4619,1408,563,607
2026-09-24T04:46:32Z,lemesou,ab,2014,435,213,127
2026-09-24T04:46:32Z,lemesou,ba,2576,637,393,0
2026-09-24T04:46:32Z,sp_kyprianou,ab,6489,822,585,0
2026-09-24T04:46:32Z,sp_kyprianou,ba,8262,1868,923,480
2026-09-24T04:46:32Z,archangelou,ab,7265,678,522,3
2026-09-24T04:46:32Z,archangelou,ba,8740,1433,855,290
2026-09-24T04:46:32Z,konstantinoup,ab,2628,336,291,0
2026-09-24T04:46:32Z,konstantinoup,ba,2629,432,313,0
2026-09-24T04:46:32Z,stavrou,ab,2187,282,209,0
2026-09-24T04:46:32Z,stavrou,ba,3162,459,327,0
2026-09-24T04:46:32Z,makedonitissas,ab,2973,585,461,0
2026-09-24T04:46:32Z,makedonitissas,ba,2153,476,333,0
2026-09-24T04:46:32Z,armenias,ab,1437,314,194,43
2026-09-24T04:46:32Z,armenias,ba,1079,323,133,113
2026-09-24T04:46:32Z,arch_kyprianou,ab,1777,318,215,0
2026-09-24T04:46:32Z,arch_kyprianou,ba,2606,918,412,274
2026-09-24T04:46:32Z,a1_motorway,ab,10597,616,349,256
2026-09-24T04:46:32Z,a1_motorway,ba,14048,764,558,139
2026-09-24T04:46:32Z,makariou_lakat,ab,5849,821,519,129
2026-09-24T04:46:32Z,makariou_lakat,ba,6316,839,616,0
2026-09-24T04:46:32Z,griva_digeni,ab,4212,573,441,0
2026-09-24T04:46:32Z,griva_digeni,ba,6880,1525,1028,184
2026-09-24T04:46:32Z,aglantzias,ab,1775,614,175,382
2026-09-24T04:46:32Z,aglantzias,ba,3098,631,373,128
2026-09-24T04:46:32Z,kranidioti,ab,1458,130,105,0
2026-09-24T04:46:32Z,kranidioti,ba,1652,151,117,0
2026-09-24T04:46:32Z,perimetrikos,ab,2510,408,224,129
2026-09-24T04:46:32Z,perimetrikos,ba,2094,196,160,0
2026-09-24T04:46:32Z,hatziiosif,ab,2049,527,196,279
2026-09-24T04:46:32Z,hatziiosif,ba,2381,499,311,19
2026-09-24T04:46:32Z,perikleous,ab,2016,419,273,0
2026-09-24T04:46:32Z,perikleous,ba,3567,588,387,0
2026-09-24T04:46:32Z,avraamidi,ab,1301,280,217,27
2026-09-24T04:46:32Z,avraamidi,ba,1266,208,150,0
2026-09-24T04:46:32Z,athinon,ab,1573,336,205,88
2026-09-24T04:46:32Z,athinon,ba,1040,281,131,2
2026-09-24T04:46:32Z,tasou_markou,ab,544,105,71,0
2026-09-24T04:46:32Z,tasou_markou,ba,492,58,55,0
2026-09-24T04:46:32Z,peiraios,ab,590,153,72,0
2026-09-24T04:46:32Z,peiraios,ba,590,99,64,0
2026-09-24T05:07:20Z,strovolou,ab,5400,1712,507,1026
2026-09-24T05:07:20Z,strovolou,ba,4712,604,405,14
2026-09-24T05:07:20Z,tseriou,ab,3217,497,342,0
2026-09-24T05:07:20Z,tseriou,ba,3739,603,367,0
2026-09-24T05:07:20Z,prodromou,ab,2418,466,259,122
2026-09-24T05:07:20Z,prodromou,ba,3748,777,417,245
2026-09-24T05:07:20Z,akropoleos,ab,6056,1257,669,283
2026-09-24T05:07:20Z,akropoleos,ba,5659,1706,597,730
2026-09-24T05:07:20Z,athalassas,ab,3068,763,383,176
2026-09-24T05:07:20Z,athalassas,ba,6037,1380,532,480
2026-09-24T05:07:20Z,lemesou,ab,2812,571,414,8
2026-09-24T05:07:20Z,lemesou,ba,2007,475,196,134
2026-09-24T05:07:20Z,sp_kyprianou,ab,6489,928,585,86
2026-09-24T05:07:20Z,sp_kyprianou,ba,7777,1700,808,530
2026-09-24T05:07:20Z,archangelou,ab,7265,711,522,0
2026-09-24T05:07:20Z,archangelou,ba,6911,1224,593,285
2026-09-24T05:07:20Z,konstantinoup,ab,2628,340,291,0
2026-09-24T05:07:20Z,konstantinoup,ba,2629,443,313,0
2026-09-24T05:07:20Z,stavrou,ab,2187,310,209,0
2026-09-24T05:07:20Z,stavrou,ba,2245,301,208,0
2026-09-24T05:07:20Z,makedonitissas,ab,2904,556,405,0
2026-09-24T05:07:20Z,makedonitissas,ba,2625,424,308,0
2026-09-24T05:07:20Z,armenias,ab,1079,218,120,0
2026-09-24T05:07:20Z,armenias,ba,1079,287,133,0
2026-09-24T05:07:20Z,arch_kyprianou,ab,1701,351,217,18
2026-09-24T05:07:20Z,arch_kyprianou,ba,2660,702,406,90
2026-09-24T05:07:20Z,a1_motorway,ab,10597,530,349,167
2026-09-24T05:07:20Z,a1_motorway,ba,14048,757,558,126
2026-09-24T05:07:20Z,makariou_lakat,ab,6453,918,562,199
2026-09-24T05:07:20Z,makariou_lakat,ba,6316,877,616,0
2026-09-24T05:07:20Z,griva_digeni,ab,4212,664,441,86
2026-09-24T05:07:20Z,griva_digeni,ba,6848,1433,900,143
2026-09-24T05:07:20Z,aglantzias,ab,4208,792,387,169
2026-09-24T05:07:20Z,aglantzias,ba,3098,637,373,141
2026-09-24T05:07:20Z,kranidioti,ab,1458,138,105,0
2026-09-24T05:07:20Z,kranidioti,ba,1652,160,117,0
2026-09-24T05:07:20Z,perimetrikos,ab,3173,510,386,0
2026-09-24T05:07:20Z,perimetrikos,ba,2094,199,160,0
2026-09-24T05:07:20Z,hatziiosif,ab,2049,451,196,180
2026-09-24T05:07:20Z,hatziiosif,ba,2571,716,318,227
2026-09-24T05:07:20Z,perikleous,ab,2016,512,273,119
2026-09-24T05:07:20Z,perikleous,ba,2649,501,274,76
2026-09-24T05:07:20Z,avraamidi,ab,1264,328,141,139
2026-09-24T05:07:20Z,avraamidi,ba,1266,225,150,2
2026-09-24T05:07:20Z,athinon,ab,1573,302,205,44
2026-09-24T05:07:20Z,athinon,ba,1040,324,131,1
2026-09-24T05:07:20Z,tasou_markou,ab,544,108,71,0
2026-09-24T05:07:20Z,tasou_markou,ba,492,58,55,0
2026-09-24T05:07:20Z,peiraios,ab,590,160,72,0
2026-09-24T05:07:20Z,peiraios,ba,590,109,64,0
2026-09-24T05:28:07Z,strovolou,ab,6616,1388,718,243
2026-09-24T05:28:07Z,strovolou,ba,4712,594,405,0
2026-09-24T05:28:07Z,tseriou,ab,3217,489,342,0
2026-09-24T05:28:07Z,tseriou,ba,3739,594,367,0
2026-09-24T05:28:07Z,prodromou,ab,2418,412,259,0
2026-09-24T05:28:07Z,prodromou,ba,3748,683,417,111
2026-09-24T05:28:07Z,akropoleos,ab,5010,949,465,196
2026-09-24T05:28:07Z,akropoleos,ba,6035,1646,648,601
2026-09-24T05:28:07Z,athalassas,ab,3199,784,421,236
2026-09-24T05:28:07Z,athalassas,ba,4712,1223,630,366
2026-09-24T05:28:07Z,lemesou,ab,2014,431,213,0
2026-09-24T05:28:07Z,lemesou,ba,2007,741,196,501
2026-09-24T05:28:07Z,sp_kyprianou,ab,6489,873,585,0
2026-09-24T05:28:07Z,sp_kyprianou,ba,7805,1547,854,228
2026-09-24T05:28:07Z,archangelou,ab,7265,700,522,0
2026-09-24T05:28:07Z,archangelou,ba,6911,1057,593,117
2026-09-24T05:28:07Z,konstantinoup,ab,2628,336,291,0
2026-09-24T05:28:07Z,konstantinoup,ba,2629,428,313,0
2026-09-24T05:28:07Z,stavrou,ab,2187,308,209,0
2026-09-24T05:28:07Z,stavrou,ba,2245,294,208,0
2026-09-24T05:28:07Z,makedonitissas,ab,2904,540,405,0
2026-09-24T05:28:07Z,makedonitissas,ba,2705,410,290,0
2026-09-24T05:28:07Z,armenias,ab,1079,206,120,0
2026-09-24T05:28:07Z,armenias,ba,1079,285,133,0
2026-09-24T05:28:07Z,arch_kyprianou,ab,1701,335,217,0
2026-09-24T05:28:07Z,arch_kyprianou,ba,2473,682,353,121
2026-09-24T05:28:07Z,a1_motorway,ab,10597,382,349,30
2026-09-24T05:28:07Z,a1_motorway,ba,14048,749,558,126
2026-09-24T05:28:07Z,makariou_lakat,ab,5849,781,519,0
2026-09-24T05:28:07Z,makariou_lakat,ba,6316,862,616,0
2026-09-24T05:28:07Z,griva_digeni,ab,4212,619,441,0
2026-09-24T05:28:07Z,griva_digeni,ba,6864,1335,996,0
2026-09-24T05:28:07Z,aglantzias,ab,1775,405,175,117
2026-09-24T05:28:07Z,aglantzias,ba,3098,657,373,169
2026-09-24T05:28:07Z,kranidioti,ab,1458,135,105,0
2026-09-24T05:28:07Z,kranidioti,ba,1652,156,117,0
2026-09-24T05:28:07Z,perimetrikos,ab,3173,492,386,0
2026-09-24T05:28:07Z,perimetrikos,ba,2094,198,160,0
2026-09-24T05:28:07Z,hatziiosif,ab,2049,470,196,196
2026-09-24T05:28:07Z,hatziiosif,ba,2045,690,203,357
2026-09-24T05:28:07Z,perikleous,ab,2016,464,273,1
2026-09-24T05:28:07Z,perikleous,ba,1593,480,312,1
2026-09-24T05:28:07Z,avraamidi,ab,1264,274,141,1
2026-09-24T05:28:07Z,avraamidi,ba,1266,228,150,1
2026-09-24T05:28:07Z,athinon,ab,1440,283,215,31
2026-09-24T05:28:07Z,athinon,ba,1040,322,131,1
2026-09-24T05:28:07Z,tasou_markou,ab,544,107,71,0
2026-09-24T05:28:07Z,tasou_markou,ba,492,58,55,0
2026-09-24T05:28:07Z,peiraios,ab,590,261,72,173
2026-09-24T05:28:07Z,peiraios,ba,590,112,64,0
2026-09-24T05:48:55Z,strovolou,ab,5400,1008,507,289
2026-09-24T05:48:55Z,strovolou,ba,4712,586,405,0
2026-09-24T05:48:55Z,tseriou,ab,3217,480,342,0
2026-09-24T05:48:55Z,tseriou,ba,3739,573,367,0
2026-09-24T05:48:55Z,prodromou,ab,2418,393,259,0
2026-09-24T05:48:55Z,prodromou,ba,2414,601,304,171
2026-09-24T05:48:55Z,akropoleos,ab,5010,938,465,197
2026-09-24T05:48:55Z,akropoleos,ba,8210,1196,594,318
2026-09-24T05:48:55Z,athalassas,ab,3199,617,421,0
2026-09-24T05:48:55Z,athalassas,ba,4619,1102,563,241
2026-09-24T05:48:55Z,lemesou,ab,2014,396,213,0
2026-09-24T05:48:55Z,lemesou,ba,2007,565,196,275
2026-09-24T05:48:55Z,sp_kyprianou,ab,7006,909,666,0
2026-09-24T05:48:55Z,sp_kyprianou,ba,6573,1456,630,513
2026-09-24T05:48:55Z,archangelou,ab,7265,684,522,0
2026-09-24T05:48:55Z,archangelou,ba,6742,1069,668,0
2026-09-24T05:48:55Z,konstantinoup,ab,2628,332,291,0
2026-09-24T05:48:55Z,konstantinoup,ba,2629,409,313,0
2026-09-24T05:48:55Z,stavrou,ab,2187,297,209,0
2026-09-24T05:48:55Z,stavrou,ba,2245,285,208,0
2026-09-24T05:48:55Z,makedonitissas,ab,2904,511,405,0
2026-09-24T05:48:55Z,makedonitissas,ba,2705,390,290,0
2026-09-24T05:48:55Z,armenias,ab,1079,196,120,0
2026-09-24T05:48:55Z,armenias,ba,1079,276,133,0
2026-09-24T05:48:55Z,arch_kyprianou,ab,1701,324,217,0
2026-09-24T05:48:55Z,arch_kyprianou,ba,2260,619,310,121
2026-09-24T05:48:55Z,a1_motorway,ab,10597,351,349,0
2026-09-24T05:48:55Z,a1_motorway,ba,14048,611,558,0
2026-09-24T05:48:55Z,makariou_lakat,ab,6453,752,562,0
2026-09-24T05:48:55Z,makariou_lakat,ba,6316,833,616,0
2026-09-24T05:48:55Z,griva_digeni,ab,4212,616,441,0
2026-09-24T05:48:55Z,griva_digeni,ba,6145,1275,827,24
2026-09-24T05:48:55Z,aglantzias,ab,1775,338,175,2
2026-09-24T05:48:55Z,aglantzias,ba,3098,626,373,141
2026-09-24T05:48:55Z,kranidioti,ab,1458,130,105,0
2026-09-24T05:48:55Z,kranidioti,ba,1652,150,117,0
2026-09-24T05:48:55Z,perimetrikos,ab,3173,469,386,0
2026-09-24T05:48:55Z,perimetrikos,ba,2094,195,160,0
2026-09-24T05:48:55Z,hatziiosif,ab,2049,451,196,158
2026-09-24T05:48:55Z,hatziiosif,ba,2571,635,318,155
2026-09-24T05:48:55Z,perikleous,ab,2016,459,273,0
2026-09-24T05:48:55Z,perikleous,ba,2649,434,274,0
2026-09-24T05:48:55Z,avraamidi,ab,1293,317,192,0
2026-09-24T05:48:55Z,avraamidi,ba,1266,228,150,0
2026-09-24T05:48:55Z,athinon,ab,1440,269,215,17
2026-09-24T05:48:55Z,athinon,ba,1040,310,131,0
2026-09-24T05:48:55Z,tasou_markou,ab,544,104,71,0
2026-09-24T05:48:55Z,tasou_markou,ba,492,57,55,0
2026-09-24T05:48:55Z,peiraios,ab,590,141,72,0
2026-09-24T05:48:55Z,peiraios,ba,590,110,64,0
2026-09-24T13:48:27Z,strovolou,ab,5400,681,507,0
2026-09-24T13:48:27Z,strovolou,ba,4712,889,405,275
2026-09-24T13:48:27Z,tseriou,ab,3240,404,284,0
2026-09-24T13:48:27Z,tseriou,ba,3739,686,367,203
2026-09-24T13:48:27Z,prodromou,ab,2418,328,259,0
2026-09-24T13:48:27Z,prodromou,ba,2414,389,304,0
2026-09-24T13:48:27Z,akropoleos,ab,5010,1131,465,279
2026-09-24T13:48:27Z,akropoleos,ba,8177,956,597,201
2026-09-24T13:48:27Z,athalassas,ab,2793,648,280,0
2026-09-24T13:48:27Z,athalassas,ba,6362,875,609,6
2026-09-24T13:48:27Z,lemesou,ab,2798,619,414,0
2026-09-24T13:48:27Z,lemesou,ba,2007,430,196,161
2026-09-24T13:48:27Z,sp_kyprianou,ab,7131,1144,751,0
2026-09-24T13:48:27Z,sp_kyprianou,ba,6573,917,630,0
2026-09-24T13:48:27Z,archangelou,ab,6502,926,604,0
2026-09-24T13:48:27Z,archangelou,ba,6911,732,593,0
2026-09-24T13:48:27Z,konstantinoup,ab,2628,326,291,0
2026-09-24T13:48:27Z,konstantinoup,ba,2629,372,313,0
2026-09-24T13:48:27Z,stavrou,ab,2187,377,209,0
2026-09-24T13:48:27Z,stavrou,ba,2245,278,208,0
2026-09-24T13:48:27Z,makedonitissas,ab,2904,710,405,243
2026-09-24T13:48:27Z,makedonitissas,ba,2705,343,290,0
2026-09-24T13:48:27Z,armenias,ab,1079,162,120,0
2026-09-24T13:48:27Z,armenias,ba,1079,317,133,0
2026-09-24T13:48:27Z,arch_kyprianou,ab,1652,326,254,0
2026-09-24T13:48:27Z,arch_kyprianou,ba,1726,363,203,0
2026-09-24T13:48:27Z,a1_motorway,ab,10597,352,349,0
2026-09-24T13:48:27Z,a1_motorway,ba,14048,584,558,0
2026-09-24T13:48:27Z,makariou_lakat,ab,6453,841,562,0
2026-09-24T13:48:27Z,makariou_lakat,ba,6901,803,584,0
2026-09-24T13:48:27Z,griva_digeni,ab,4212,724,441,136
2026-09-24T13:48:27Z,griva_digeni,ba,5350,963,685,0
2026-09-24T13:48:27Z,aglantzias,ab,1775,233,175,3
2026-09-24T13:48:27Z,aglantzias,ba,3098,628,373,158
2026-09-24T13:48:27Z,kranidioti,ab,1458,119,105,2
2026-09-24T13:48:27Z,kranidioti,ba,1652,172,117,20
2026-09-24T13:48:27Z,perimetrikos,ab,2510,265,224,0
2026-09-24T13:48:27Z,perimetrikos,ba,2327,235,180,16
2026-09-24T13:48:27Z,hatziiosif,ab,2049,587,196,223
2026-09-24T13:48:27Z,hatziiosif,ba,2045,363,203,6
2026-09-24T13:48:27Z,perikleous,ab,2016,555,273,170
2026-09-24T13:48:27Z,perikleous,ba,2649,423,274,24
2026-09-24T13:48:27Z,avraamidi,ab,1264,216,141,0
2026-09-24T13:48:27Z,avraamidi,ba,1266,256,150,0
2026-09-24T13:48:27Z,athinon,ab,1573,274,205,0
2026-09-24T13:48:27Z,athinon,ba,1655,409,281,0
2026-09-24T13:48:27Z,tasou_markou,ab,544,86,71,0
2026-09-24T13:48:27Z,tasou_markou,ba,492,54,55,0
2026-09-24T13:48:27Z,peiraios,ab,590,123,72,0
2026-09-24T13:48:27Z,peiraios,ba,590,128,64,0
