fetched_utc,route_id,direction,length_m,travel_s,freeflow_s,delay_s
2026-07-23T14:36:36Z,strovolou,ab,5400,621,504,0
2026-07-23T14:36:36Z,strovolou,ba,5074,783,557,0
2026-07-23T14:36:36Z,tseriou,ab,3240,367,284,0
2026-07-23T14:36:36Z,tseriou,ba,3739,538,372,0
2026-07-23T14:36:36Z,prodromou,ab,2418,302,254,0
2026-07-23T14:36:36Z,prodromou,ba,2414,363,299,0
2026-07-23T15:44:31Z,strovolou,ab,5400,598,504,0
2026-07-23T15:44:31Z,strovolou,ba,4712,569,404,0
2026-07-23T15:44:31Z,tseriou,ab,2555,360,225,0
2026-07-23T15:44:31Z,tseriou,ba,3739,499,372,0
2026-07-23T15:44:31Z,prodromou,ab,2418,293,254,0
2026-07-23T15:44:31Z,prodromou,ba,2414,349,299,0
2026-07-23T15:44:31Z,akropoleos,ab,7073,807,590,0
2026-07-23T15:44:31Z,akropoleos,ba,5145,803,479,162
2026-07-23T15:44:31Z,athalassas,ab,2793,438,282,0
2026-07-23T15:44:31Z,athalassas,ba,6037,763,534,0
2026-07-23T15:44:31Z,lemesou,ab,2014,409,213,116
2026-07-23T15:44:31Z,lemesou,ba,2007,265,196,0
2026-07-23T15:44:31Z,sp_kyprianou,ab,6489,771,585,0
2026-07-23T15:44:31Z,sp_kyprianou,ba,6573,753,627,0
2026-07-23T15:44:31Z,archangelou,ab,7265,646,523,0
2026-07-23T15:44:31Z,archangelou,ba,6911,671,591,0
2026-07-23T15:44:31Z,konstantinoup,ab,2628,309,291,0
2026-07-23T15:44:31Z,konstantinoup,ba,2629,335,313,0
2026-07-23T15:44:31Z,stavrou,ab,2187,275,208,0
2026-07-23T15:44:31Z,stavrou,ba,2245,243,206,0
2026-07-23T15:44:31Z,makedonitissas,ab,2904,466,408,0
2026-07-23T15:44:31Z,makedonitissas,ba,2705,322,290,0
2026-07-23T15:44:31Z,armenias,ab,1079,145,119,0
2026-07-23T15:44:31Z,armenias,ba,1264,251,186,0
2026-07-23T15:44:31Z,arch_kyprianou,ab,1701,296,215,0
2026-07-23T15:44:31Z,arch_kyprianou,ba,1726,292,202,0
2026-07-23T15:44:31Z,a1_motorway,ab,10597,924,349,569
2026-07-23T15:44:31Z,a1_motorway,ba,21830,1477,1387,15
2026-07-23T15:44:31Z,makariou_lakat,ab,5849,668,516,0
2026-07-23T15:44:31Z,makariou_lakat,ba,6901,710,583,0
2026-07-23T15:44:31Z,griva_digeni,ab,4212,563,441,0
2026-07-23T15:44:31Z,griva_digeni,ba,5350,819,681,0
2026-07-23T15:44:31Z,aglantzias,ab,1775,211,177,0
2026-07-23T15:44:31Z,aglantzias,ba,3098,465,372,0
2026-07-23T15:44:31Z,kranidioti,ab,1458,111,105,0
2026-07-23T15:44:31Z,kranidioti,ba,1652,129,117,0
2026-07-23T15:44:31Z,perimetrikos,ab,2510,249,229,0
2026-07-23T15:44:31Z,perimetrikos,ba,2094,189,164,0
2026-07-23T15:44:31Z,hatziiosif,ab,2049,452,195,190
2026-07-23T15:44:31Z,hatziiosif,ba,2045,281,202,0
2026-07-23T15:44:31Z,perikleous,ab,2238,371,232,0
2026-07-23T15:44:31Z,perikleous,ba,2649,349,273,0
2026-07-23T15:44:31Z,avraamidi,ab,1264,182,140,0
2026-07-23T15:44:31Z,avraamidi,ba,1266,196,150,0
2026-07-23T15:44:31Z,athinon,ab,1573,240,204,0
2026-07-23T15:44:31Z,athinon,ba,1040,250,134,0
2026-07-23T15:44:31Z,tasou_markou,ab,544,79,70,0
2026-07-23T15:44:31Z,tasou_markou,ba,492,54,55,0
2026-07-23T15:44:31Z,peiraios,ab,590,97,71,0
2026-07-23T15:44:31Z,peiraios,ba,590,91,64,0
2026-07-23T15:54:57Z,strovolou,ab,5400,592,504,0
2026-07-23T15:54:57Z,strovolou,ba,4712,551,404,0
2026-07-23T15:54:57Z,tseriou,ab,2555,343,225,0
2026-07-23T15:54:57Z,tseriou,ba,3739,489,372,0
2026-07-23T15:54:57Z,prodromou,ab,2418,290,254,0
2026-07-23T15:54:57Z,prodromou,ba,2414,344,299,0
2026-07-23T15:54:57Z,akropoleos,ab,7329,776,575,0
2026-07-23T15:54:57Z,akropoleos,ba,5145,733,479,118
2026-07-23T15:54:57Z,athalassas,ab,2793,423,282,0
2026-07-23T15:54:57Z,athalassas,ba,6037,744,534,0
2026-07-23T15:54:57Z,lemesou,ab,2014,314,213,0
2026-07-23T15:54:57Z,lemesou,ba,2007,258,196,0
2026-07-23T15:54:57Z,sp_kyprianou,ab,6489,748,585,0
2026-07-23T15:54:57Z,sp_kyprianou,ba,6573,742,627,0
2026-07-23T15:54:57Z,archangelou,ab,7265,628,523,0
2026-07-23T15:54:57Z,archangelou,ba,6911,663,591,0
2026-07-23T15:54:57Z,konstantinoup,ab,2628,306,291,0
2026-07-23T15:54:57Z,konstantinoup,ba,2629,332,313,0
2026-07-23T15:54:57Z,stavrou,ab,2187,269,208,0
2026-07-23T15:54:57Z,stavrou,ba,2245,241,206,0
2026-07-23T15:54:57Z,makedonitissas,ab,2904,456,408,0
2026-07-23T15:54:57Z,makedonitissas,ba,2705,316,290,0
2026-07-23T15:54:57Z,armenias,ab,1079,142,119,0
2026-07-23T15:54:57Z,armenias,ba,1079,195,132,0
2026-07-23T15:54:57Z,arch_kyprianou,ab,1701,287,215,0
2026-07-23T15:54:57Z,arch_kyprianou,ba,1726,283,202,0
2026-07-23T15:54:57Z,a1_motorway,ab,10597,820,349,465
2026-07-23T15:54:57Z,a1_motorway,ba,21830,1696,1387,250
2026-07-23T15:54:57Z,makariou_lakat,ab,5849,653,516,0
2026-07-23T15:54:57Z,makariou_lakat,ba,6901,701,583,0
2026-07-23T15:54:57Z,griva_digeni,ab,4212,550,441,0
2026-07-23T15:54:57Z,griva_digeni,ba,5350,809,681,0
2026-07-23T15:54:57Z,aglantzias,ab,1775,208,177,0
2026-07-23T15:54:57Z,aglantzias,ba,3098,457,372,0
2026-07-23T15:54:57Z,kranidioti,ab,1458,110,105,0
2026-07-23T15:54:57Z,kranidioti,ba,1652,126,117,0
2026-07-23T15:54:57Z,perimetrikos,ab,2510,248,229,0
2026-07-23T15:54:57Z,perimetrikos,ba,2094,187,164,0
2026-07-23T15:54:57Z,hatziiosif,ab,2049,447,195,190
2026-07-23T15:54:57Z,hatziiosif,ba,2045,273,202,0
2026-07-23T15:54:57Z,perikleous,ab,2238,357,232,0
2026-07-23T15:54:57Z,perikleous,ba,2649,344,273,0
2026-07-23T15:54:57Z,avraamidi,ab,1264,179,140,0
2026-07-23T15:54:57Z,avraamidi,ba,1266,192,150,0
2026-07-23T15:54:57Z,athinon,ab,1573,238,204,0
2026-07-23T15:54:57Z,athinon,ba,1040,247,134,0
2026-07-23T15:54:57Z,tasou_markou,ab,544,78,70,0
2026-07-23T15:54:57Z,tasou_markou,ba,492,54,55,0
2026-07-23T15:54:57Z,peiraios,ab,590,94,71,0
2026-07-23T15:54:57Z,peiraios,ba,590,87,64,0
2026-07-23T16:05:22Z,strovolou,ab,5400,592,504,0
2026-07-23T16:05:22Z,strovolou,ba,4712,548,404,0
2026-07-23T16:05:22Z,tseriou,ab,2555,340,225,0
2026-07-23T16:05:22Z,tseriou,ba,3739,490,372,0
2026-07-23T16:05:22Z,prodromou,ab,2418,291,254,0
2026-07-23T16:05:22Z,prodromou,ba,2414,345,299,0
2026-07-23T16:05:22Z,akropoleos,ab,7329,771,575,0
2026-07-23T16:05:22Z,akropoleos,ba,8177,723,595,0
2026-07-23T16:05:22Z,athalassas,ab,2793,425,282,0
2026-07-23T16:05:22Z,athalassas,ba,7142,702,587,0
2026-07-23T16:05:22Z,lemesou,ab,2014,309,213,0
2026-07-23T16:05:22Z,lemesou,ba,2007,256,196,0
2026-07-23T16:05:22Z,sp_kyprianou,ab,6489,743,585,0
2026-07-23T16:05:22Z,sp_kyprianou,ba,6573,747,627,0
2026-07-23T16:05:22Z,archangelou,ab,7265,624,523,0
2026-07-23T16:05:22Z,archangelou,ba,6911,666,591,0
2026-07-23T16:05:22Z,konstantinoup,ab,2628,308,291,0
2026-07-23T16:05:22Z,konstantinoup,ba,2629,333,313,0
2026-07-23T16:05:22Z,stavrou,ab,2187,267,208,0
2026-07-23T16:05:22Z,stavrou,ba,2245,242,206,0
2026-07-23T16:05:22Z,makedonitissas,ab,2904,455,408,0
2026-07-23T16:05:22Z,makedonitissas,ba,2705,314,290,0
2026-07-23T16:05:22Z,armenias,ab,1079,143,119,0
2026-07-23T16:05:22Z,armenias,ba,1079,194,132,0
2026-07-23T16:05:22Z,arch_kyprianou,ab,1701,286,215,0
2026-07-23T16:05:22Z,arch_kyprianou,ba,1726,284,202,0
2026-07-23T16:05:22Z,a1_motorway,ab,10597,818,349,464
2026-07-23T16:05:22Z,a1_motorway,ba,21830,1593,1387,145
2026-07-23T16:05:22Z,makariou_lakat,ab,5849,650,516,0
2026-07-23T16:05:22Z,makariou_lakat,ba,6901,699,583,0
2026-07-23T16:05:22Z,griva_digeni,ab,4212,551,441,0
2026-07-23T16:05:22Z,griva_digeni,ba,5350,807,681,0
2026-07-23T16:05:22Z,aglantzias,ab,1775,210,177,0
2026-07-23T16:05:22Z,aglantzias,ba,3098,456,372,0
2026-07-23T16:05:22Z,kranidioti,ab,1458,110,105,0
2026-07-23T16:05:22Z,kranidioti,ba,1652,126,117,0
2026-07-23T16:05:22Z,perimetrikos,ab,2510,248,229,0
2026-07-23T16:05:22Z,perimetrikos,ba,2094,187,164,0
2026-07-23T16:05:22Z,hatziiosif,ab,2049,448,195,190
2026-07-23T16:05:22Z,hatziiosif,ba,2045,274,202,0
2026-07-23T16:05:22Z,perikleous,ab,2238,355,232,0
2026-07-23T16:05:22Z,perikleous,ba,2649,343,273,0
2026-07-23T16:05:22Z,avraamidi,ab,1264,180,140,0
2026-07-23T16:05:22Z,avraamidi,ba,1266,192,150,0
2026-07-23T16:05:22Z,athinon,ab,1573,238,204,0
2026-07-23T16:05:22Z,athinon,ba,1040,248,134,0
2026-07-23T16:05:22Z,tasou_markou,ab,544,78,70,0
2026-07-23T16:05:22Z,tasou_markou,ba,492,54,55,0
2026-07-23T16:05:22Z,peiraios,ab,590,95,71,0
2026-07-23T16:05:22Z,peiraios,ba,590,87,64,0
2026-07-23T17:06:11Z,strovolou,ab,5400,569,504,0
2026-07-23T17:06:11Z,strovolou,ba,4712,499,404,0
2026-07-23T17:06:11Z,tseriou,ab,2555,305,225,0
2026-07-23T17:06:11Z,tseriou,ba,3739,459,372,0
2026-07-23T17:06:11Z,prodromou,ab,2418,281,254,0
2026-07-23T17:06:11Z,prodromou,ba,2414,329,299,0
2026-07-23T17:06:11Z,akropoleos,ab,5010,609,463,0
2026-07-23T17:06:11Z,akropoleos,ba,5145,603,479,0
2026-07-23T17:06:11Z,athalassas,ab,2793,387,282,0
2026-07-23T17:06:11Z,athalassas,ba,6037,673,534,0
2026-07-23T17:06:11Z,lemesou,ab,2014,269,213,0
2026-07-23T17:06:11Z,lemesou,ba,2007,240,196,0
2026-07-23T17:06:11Z,sp_kyprianou,ab,6489,684,585,0
2026-07-23T17:06:11Z,sp_kyprianou,ba,6573,718,627,0
2026-07-23T17:06:11Z,archangelou,ab,7265,586,523,0
2026-07-23T17:06:11Z,archangelou,ba,6911,655,591,0
2026-07-23T17:06:11Z,konstantinoup,ab,2628,307,291,0
2026-07-23T17:06:11Z,konstantinoup,ba,2629,330,313,0
2026-07-23T17:06:11Z,stavrou,ab,2187,248,208,0
2026-07-23T17:06:11Z,stavrou,ba,2245,232,206,0
2026-07-23T17:06:11Z,makedonitissas,ab,2797,430,391,0
2026-07-23T17:06:11Z,makedonitissas,ba,2705,303,290,0
2026-07-23T17:06:11Z,armenias,ab,1079,138,119,0
2026-07-23T17:06:11Z,armenias,ba,1079,178,132,0
2026-07-23T17:06:11Z,arch_kyprianou,ab,1701,256,215,0
2026-07-23T17:06:11Z,arch_kyprianou,ba,1726,260,202,0
2026-07-23T17:06:11Z,a1_motorway,ab,10597,552,349,186
2026-07-23T17:06:11Z,a1_motorway,ba,21688,1568,1465,0
2026-07-23T17:06:11Z,makariou_lakat,ab,5849,614,516,0
2026-07-23T17:06:11Z,makariou_lakat,ba,6901,666,583,0
2026-07-23T17:06:11Z,griva_digeni,ab,4212,515,441,0
2026-07-23T17:06:11Z,griva_digeni,ba,5350,772,681,0
2026-07-23T17:06:11Z,aglantzias,ab,1775,203,177,0
2026-07-23T17:06:11Z,aglantzias,ba,3098,434,372,0
2026-07-23T17:06:11Z,kranidioti,ab,1458,108,105,0
2026-07-23T17:06:11Z,kranidioti,ba,1652,122,117,0
2026-07-23T17:06:11Z,perimetrikos,ab,2510,250,229,0
2026-07-23T17:06:11Z,perimetrikos,ba,2094,177,164,0
2026-07-23T17:06:11Z,hatziiosif,ab,2049,284,195,0
2026-07-23T17:06:11Z,hatziiosif,ba,2045,251,202,0
2026-07-23T17:06:11Z,perikleous,ab,2238,313,232,0
2026-07-23T17:06:11Z,perikleous,ba,2649,325,273,0
2026-07-23T17:06:11Z,avraamidi,ab,1264,173,140,0
2026-07-23T17:06:11Z,avraamidi,ba,1266,179,150,0
2026-07-23T17:06:11Z,athinon,ab,1573,228,204,0
2026-07-23T17:06:11Z,athinon,ba,1040,222,134,0
2026-07-23T17:06:11Z,tasou_markou,ab,544,78,70,0
2026-07-23T17:06:11Z,tasou_markou,ba,492,54,55,0
2026-07-23T17:06:11Z,peiraios,ab,590,91,71,0
2026-07-23T17:06:11Z,peiraios,ba,590,76,64,0
2026-07-23T18:07:00Z,strovolou,ab,5400,557,504,0
2026-07-23T18:07:00Z,strovolou,ba,4712,465,404,0
2026-07-23T18:07:00Z,tseriou,ab,2555,275,225,0
2026-07-23T18:07:00Z,tseriou,ba,3739,435,372,0
2026-07-23T18:07:00Z,prodromou,ab,2418,277,254,0
2026-07-23T18:07:00Z,prodromou,ba,2414,322,299,0
2026-07-23T18:07:00Z,akropoleos,ab,5010,553,463,0
2026-07-23T18:07:00Z,akropoleos,ba,5145,554,479,0
2026-07-23T18:07:00Z,athalassas,ab,2793,346,282,0
2026-07-23T18:07:00Z,athalassas,ba,6037,621,534,0
2026-07-23T18:07:00Z,lemesou,ab,2014,246,213,0
2026-07-23T18:07:00Z,lemesou,ba,2007,223,196,0
2026-07-23T18:07:00Z,sp_kyprianou,ab,6489,648,585,0
2026-07-23T18:07:00Z,sp_kyprianou,ba,6573,692,627,0
2026-07-23T18:07:00Z,archangelou,ab,7265,572,523,0
2026-07-23T18:07:00Z,archangelou,ba,6911,653,591,0
2026-07-23T18:07:00Z,konstantinoup,ab,2628,311,291,0
2026-07-23T18:07:00Z,konstantinoup,ba,2629,329,313,0
2026-07-23T18:07:00Z,stavrou,ab,2187,235,208,0
2026-07-23T18:07:00Z,stavrou,ba,2245,227,206,0
2026-07-23T18:07:00Z,makedonitissas,ab,3632,433,395,0
2026-07-23T18:07:00Z,makedonitissas,ba,2705,303,290,0
2026-07-23T18:07:00Z,armenias,ab,1079,135,119,0
2026-07-23T18:07:00Z,armenias,ba,1079,158,132,0
2026-07-23T18:07:00Z,arch_kyprianou,ab,1701,240,215,0
2026-07-23T18:07:00Z,arch_kyprianou,ba,1726,233,202,0
2026-07-23T18:07:00Z,a1_motorway,ab,10597,364,349,0
2026-07-23T18:07:00Z,a1_motorway,ba,21688,1555,1465,0
2026-07-23T18:07:00Z,makariou_lakat,ab,5849,578,516,0
2026-07-23T18:07:00Z,makariou_lakat,ba,6901,643,583,0
2026-07-23T18:07:00Z,griva_digeni,ab,4212,490,441,0
2026-07-23T18:07:00Z,griva_digeni,ba,5350,744,681,0
2026-07-23T18:07:00Z,aglantzias,ab,1775,199,177,0
2026-07-23T18:07:00Z,aglantzias,ba,3098,410,372,0
2026-07-23T18:07:00Z,kranidioti,ab,1458,109,105,0
2026-07-23T18:07:00Z,kranidioti,ba,1652,125,117,0
2026-07-23T18:07:00Z,perimetrikos,ab,2510,251,229,0
2026-07-23T18:07:00Z,perimetrikos,ba,2094,174,164,0
2026-07-23T18:07:00Z,hatziiosif,ab,2049,251,195,0
2026-07-23T18:07:00Z,hatziiosif,ba,2045,231,202,0
2026-07-23T18:07:00Z,perikleous,ab,2238,277,232,0
2026-07-23T18:07:00Z,perikleous,ba,2649,307,273,0
2026-07-23T18:07:00Z,avraamidi,ab,1264,166,140,0
2026-07-23T18:07:00Z,avraamidi,ba,1266,170,150,0
2026-07-23T18:07:00Z,athinon,ab,1573,221,204,0
2026-07-23T18:07:00Z,athinon,ba,1040,190,134,0
2026-07-23T18:07:00Z,tasou_markou,ab,544,76,70,0
2026-07-23T18:07:00Z,tasou_markou,ba,492,56,55,0
2026-07-23T18:07:00Z,peiraios,ab,590,84,71,0
2026-07-23T18:07:00Z,peiraios,ba,590,71,64,0
2026-07-24T03:35:59Z,strovolou,ab,5693,762,553,0
2026-07-24T03:35:59Z,strovolou,ba,4712,425,404,0
2026-07-24T03:35:59Z,tseriou,ab,2555,259,225,0
2026-07-24T03:35:59Z,tseriou,ba,3739,447,372,0
2026-07-24T03:35:59Z,prodromou,ab,2418,282,254,0
2026-07-24T03:35:59Z,prodromou,ba,2414,349,299,0
2026-07-24T03:35:59Z,akropoleos,ab,5010,566,463,0
2026-07-24T03:35:59Z,akropoleos,ba,5145,689,479,0
2026-07-24T03:35:59Z,athalassas,ab,2793,357,282,0
2026-07-24T03:35:59Z,athalassas,ba,4485,728,538,0
2026-07-24T03:35:59Z,lemesou,ab,2014,255,213,0
2026-07-24T03:35:59Z,lemesou,ba,2007,278,196,0
2026-07-24T03:35:59Z,sp_kyprianou,ab,6489,632,585,0
2026-07-24T03:35:59Z,sp_kyprianou,ba,6573,874,627,0
2026-07-24T03:35:59Z,archangelou,ab,7265,562,523,0
2026-07-24T03:35:59Z,archangelou,ba,7441,842,669,0
2026-07-24T03:35:59Z,konstantinoup,ab,2628,291,291,0
2026-07-24T03:35:59Z,konstantinoup,ba,2629,340,313,0
2026-07-24T03:35:59Z,stavrou,ab,2187,214,208,0
2026-07-24T03:35:59Z,stavrou,ba,2245,227,206,0
2026-07-24T03:35:59Z,makedonitissas,ab,2904,444,408,0
2026-07-24T03:35:59Z,makedonitissas,ba,2705,316,290,0
2026-07-24T03:35:59Z,armenias,ab,1079,144,119,0
2026-07-24T03:35:59Z,armenias,ba,1079,171,132,0
2026-07-24T03:35:59Z,arch_kyprianou,ab,1701,226,215,0
2026-07-24T03:35:59Z,arch_kyprianou,ba,1726,339,202,0
2026-07-24T03:35:59Z,a1_motorway,ab,10597,355,349,0
2026-07-24T03:35:59Z,a1_motorway,ba,14560,856,750,0
2026-07-24T03:35:59Z,makariou_lakat,ab,5849,539,516,0
2026-07-24T03:35:59Z,makariou_lakat,ba,6316,658,613,0
2026-07-24T03:35:59Z,griva_digeni,ab,4212,437,441,0
2026-07-24T03:35:59Z,griva_digeni,ba,5350,819,681,0
2026-07-24T03:35:59Z,aglantzias,ab,1775,223,177,0
2026-07-24T03:35:59Z,aglantzias,ba,3098,441,372,0
2026-07-24T03:35:59Z,kranidioti,ab,1458,107,105,0
2026-07-24T03:35:59Z,kranidioti,ba,1652,125,117,0
2026-07-24T03:35:59Z,perimetrikos,ab,2510,263,229,0
2026-07-24T03:35:59Z,perimetrikos,ba,2094,164,164,0
2026-07-24T03:35:59Z,hatziiosif,ab,2049,239,195,0
2026-07-24T03:35:59Z,hatziiosif,ba,2045,288,202,0
2026-07-24T03:35:59Z,perikleous,ab,2238,307,232,0
2026-07-24T03:35:59Z,perikleous,ba,2649,315,273,0
2026-07-24T03:35:59Z,avraamidi,ab,1264,172,140,0
2026-07-24T03:35:59Z,avraamidi,ba,1266,155,150,0
2026-07-24T03:35:59Z,athinon,ab,1573,211,204,0
2026-07-24T03:35:59Z,athinon,ba,1040,202,134,0
2026-07-24T03:35:59Z,tasou_markou,ab,544,83,70,0
2026-07-24T03:35:59Z,tasou_markou,ba,492,53,55,0
2026-07-24T03:35:59Z,peiraios,ab,590,101,71,0
2026-07-24T03:35:59Z,peiraios,ba,590,74,64,0
2026-07-24T03:46:23Z,strovolou,ab,5693,822,553,0
2026-07-24T03:46:23Z,strovolou,ba,4712,435,404,0
2026-07-24T03:46:23Z,tseriou,ab,2555,270,225,0
2026-07-24T03:46:23Z,tseriou,ba,3739,458,372,0
2026-07-24T03:46:23Z,prodromou,ab,2418,292,254,0
2026-07-24T03:46:23Z,prodromou,ba,2414,365,299,0
2026-07-24T03:46:23Z,akropoleos,ab,5010,588,463,0
2026-07-24T03:46:23Z,akropoleos,ba,5145,741,479,0
2026-07-24T03:46:23Z,athalassas,ab,2793,377,282,0
2026-07-24T03:46:23Z,athalassas,ba,4485,773,538,0
2026-07-24T03:46:23Z,lemesou,ab,2014,266,213,0
2026-07-24T03:46:23Z,lemesou,ba,2007,299,196,0
2026-07-24T03:46:23Z,sp_kyprianou,ab,6489,654,585,0
2026-07-24T03:46:23Z,sp_kyprianou,ba,6573,953,627,0
2026-07-24T03:46:23Z,archangelou,ab,7265,572,523,0
2026-07-24T03:46:23Z,archangelou,ba,7441,898,669,0
2026-07-24T03:46:23Z,konstantinoup,ab,2628,295,291,0
2026-07-24T03:46:23Z,konstantinoup,ba,2629,350,313,0
2026-07-24T03:46:23Z,stavrou,ab,2187,219,208,0
2026-07-24T03:46:23Z,stavrou,ba,2245,236,206,0
2026-07-24T03:46:23Z,makedonitissas,ab,2904,456,408,0
2026-07-24T03:46:23Z,makedonitissas,ba,2705,326,290,0
2026-07-24T03:46:23Z,armenias,ab,1079,150,119,0
2026-07-24T03:46:23Z,armenias,ba,1079,177,132,0
2026-07-24T03:46:23Z,arch_kyprianou,ab,1701,232,215,0
2026-07-24T03:46:23Z,arch_kyprianou,ba,1726,380,202,0
2026-07-24T03:46:23Z,a1_motorway,ab,10597,351,349,0
2026-07-24T03:46:23Z,a1_motorway,ba,20426,831,812,0
2026-07-24T03:46:23Z,makariou_lakat,ab,5849,559,516,0
2026-07-24T03:46:23Z,makariou_lakat,ba,6316,674,613,0
2026-07-24T03:46:23Z,griva_digeni,ab,4212,445,441,0
2026-07-24T03:46:23Z,griva_digeni,ba,5350,864,681,0
2026-07-24T03:46:23Z,aglantzias,ab,1775,239,177,0
2026-07-24T03:46:23Z,aglantzias,ba,3098,457,372,0
2026-07-24T03:46:23Z,kranidioti,ab,1458,109,105,0
2026-07-24T03:46:23Z,kranidioti,ba,1652,128,117,0
2026-07-24T03:46:23Z,perimetrikos,ab,2510,272,229,0
2026-07-24T03:46:23Z,perimetrikos,ba,2094,166,164,0
2026-07-24T03:46:23Z,hatziiosif,ab,2049,249,195,0
2026-07-24T03:46:23Z,hatziiosif,ba,2045,307,202,0
2026-07-24T03:46:23Z,perikleous,ab,2238,330,232,0
2026-07-24T03:46:23Z,perikleous,ba,2649,327,273,0
2026-07-24T03:46:23Z,avraamidi,ab,1264,180,140,0
2026-07-24T03:46:23Z,avraamidi,ba,1266,159,150,0
2026-07-24T03:46:23Z,athinon,ab,1573,216,204,0
2026-07-24T03:46:23Z,athinon,ba,1040,210,134,0
2026-07-24T03:46:23Z,tasou_markou,ab,544,85,70,0
2026-07-24T03:46:23Z,tasou_markou,ba,492,53,55,0
2026-07-24T03:46:23Z,peiraios,ab,590,109,71,0
2026-07-24T03:46:23Z,peiraios,ba,590,77,64,0
2026-07-24T03:56:48Z,strovolou,ab,5693,882,553,0
2026-07-24T03:56:48Z,strovolou,ba,4712,448,404,0
2026-07-24T03:56:48Z,tseriou,ab,2555,281,225,0
2026-07-24T03:56:48Z,tseriou,ba,3739,471,372,0
2026-07-24T03:56:48Z,prodromou,ab,2418,305,254,0
2026-07-24T03:56:48Z,prodromou,ba,2414,384,299,0
2026-07-24T03:56:48Z,akropoleos,ab,5010,615,463,0
2026-07-24T03:56:48Z,akropoleos,ba,5145,799,479,0
2026-07-24T03:56:48Z,athalassas,ab,2793,399,282,0
2026-07-24T03:56:48Z,athalassas,ba,4485,826,538,0
2026-07-24T03:56:48Z,lemesou,ab,2014,278,213,0
2026-07-24T03:56:48Z,lemesou,ba,2007,321,196,0
2026-07-24T03:56:48Z,sp_kyprianou,ab,6489,678,585,0
2026-07-24T03:56:48Z,sp_kyprianou,ba,6573,1031,627,0
2026-07-24T03:56:48Z,archangelou,ab,7265,583,523,0
2026-07-24T03:56:48Z,archangelou,ba,7441,952,669,0
2026-07-24T03:56:48Z,konstantinoup,ab,2628,299,291,0
2026-07-24T03:56:48Z,konstantinoup,ba,2629,363,313,0
2026-07-24T03:56:48Z,stavrou,ab,2187,226,208,0
2026-07-24T03:56:48Z,stavrou,ba,2245,246,206,0
2026-07-24T03:56:48Z,makedonitissas,ab,2904,470,408,0
2026-07-24T03:56:48Z,makedonitissas,ba,2705,335,290,0
2026-07-24T03:56:48Z,armenias,ab,1079,160,119,0
2026-07-24T03:56:48Z,armenias,ba,1079,185,132,0
2026-07-24T03:56:48Z,arch_kyprianou,ab,1701,241,215,0
2026-07-24T03:56:48Z,arch_kyprianou,ba,1726,421,202,0
2026-07-24T03:56:48Z,a1_motorway,ab,10597,356,349,0
2026-07-24T03:56:48Z,a1_motorway,ba,14048,580,558,0
2026-07-24T03:56:48Z,makariou_lakat,ab,5849,578,516,0
2026-07-24T03:56:48Z,makariou_lakat,ba,6316,692,613,0
2026-07-24T03:56:48Z,griva_digeni,ab,4212,459,441,0
2026-07-24T03:56:48Z,griva_digeni,ba,5350,911,681,0
2026-07-24T03:56:48Z,aglantzias,ab,1775,258,177,0
2026-07-24T03:56:48Z,aglantzias,ba,3098,479,372,0
2026-07-24T03:56:48Z,kranidioti,ab,1458,111,105,0
2026-07-24T03:56:48Z,kranidioti,ba,1652,132,117,0
2026-07-24T03:56:48Z,perimetrikos,ab,2510,281,229,0
2026-07-24T03:56:48Z,perimetrikos,ba,2094,169,164,0
2026-07-24T03:56:48Z,hatziiosif,ab,2049,263,195,0
2026-07-24T03:56:48Z,hatziiosif,ba,2045,330,202,0
2026-07-24T03:56:48Z,perikleous,ab,2238,353,232,0
2026-07-24T03:56:48Z,perikleous,ba,2649,342,273,0
2026-07-24T03:56:48Z,avraamidi,ab,1264,188,140,0
2026-07-24T03:56:48Z,avraamidi,ba,1266,165,150,0
2026-07-24T03:56:48Z,athinon,ab,1573,221,204,0
2026-07-24T03:56:48Z,athinon,ba,1040,220,134,0
2026-07-24T03:56:48Z,tasou_markou,ab,544,87,70,0
2026-07-24T03:56:48Z,tasou_markou,ba,492,53,55,0
2026-07-24T03:56:48Z,peiraios,ab,590,116,71,0
2026-07-24T03:56:48Z,peiraios,ba,590,80,64,0
2026-07-24T04:07:14Z,strovolou,ab,5693,952,553,0
2026-07-24T04:07:14Z,strovolou,ba,4712,480,404,0
2026-07-24T04:07:14Z,tseriou,ab,2555,303,225,0
2026-07-24T04:07:14Z,tseriou,ba,3739,497,372,0
2026-07-24T04:07:14Z,prodromou,ab,2418,326,254,0
2026-07-24T04:07:14Z,prodromou,ba,2414,409,299,0
2026-07-24T04:07:14Z,akropoleos,ab,5010,661,463,0
2026-07-24T04:07:14Z,akropoleos,ba,5145,856,479,0
2026-07-24T04:07:14Z,athalassas,ab,2793,427,282,0
2026-07-24T04:07:14Z,athalassas,ba,4619,868,562,0
2026-07-24T04:07:14Z,lemesou,ab,2014,299,213,0
2026-07-24T04:07:14Z,lemesou,ba,2007,342,196,0
2026-07-24T04:07:14Z,sp_kyprianou,ab,6489,723,585,0
2026-07-24T04:07:14Z,sp_kyprianou,ba,6573,1122,627,0
2026-07-24T04:07:14Z,archangelou,ab,7265,617,523,0
2026-07-24T04:07:14Z,archangelou,ba,6846,1017,666,0
2026-07-24T04:07:14Z,konstantinoup,ab,2628,316,291,0
2026-07-24T04:07:14Z,konstantinoup,ba,2629,386,313,0
2026-07-24T04:07:14Z,stavrou,ab,2187,245,208,0
2026-07-24T04:07:14Z,stavrou,ba,2245,263,206,0
2026-07-24T04:07:14Z,makedonitissas,ab,2904,494,408,0
2026-07-24T04:07:14Z,makedonitissas,ba,2705,355,290,0
2026-07-24T04:07:14Z,armenias,ab,1079,167,119,0
2026-07-24T04:07:14Z,armenias,ba,1079,197,132,0
2026-07-24T04:07:14Z,arch_kyprianou,ab,1701,258,215,0
2026-07-24T04:07:14Z,arch_kyprianou,ba,1726,461,202,0
2026-07-24T04:07:14Z,a1_motorway,ab,10597,356,349,0
2026-07-24T04:07:14Z,a1_motorway,ba,14048,592,558,0
2026-07-24T04:07:14Z,makariou_lakat,ab,5849,622,516,0
2026-07-24T04:07:14Z,makariou_lakat,ba,6316,736,613,0
2026-07-24T04:07:14Z,griva_digeni,ab,4212,493,441,0
2026-07-24T04:07:14Z,griva_digeni,ba,5350,977,681,0
2026-07-24T04:07:14Z,aglantzias,ab,1775,282,177,0
2026-07-24T04:07:14Z,aglantzias,ba,3098,506,372,0
2026-07-24T04:07:14Z,kranidioti,ab,1458,116,105,0
2026-07-24T04:07:14Z,kranidioti,ba,1652,140,117,0
2026-07-24T04:07:14Z,perimetrikos,ab,2510,296,229,0
2026-07-24T04:07:14Z,perimetrikos,ba,2094,178,164,0
2026-07-24T04:07:14Z,hatziiosif,ab,2049,289,195,0
2026-07-24T04:07:14Z,hatziiosif,ba,2045,349,202,0
2026-07-24T04:07:14Z,perikleous,ab,2238,381,232,0
2026-07-24T04:07:14Z,perikleous,ba,2649,361,273,0
2026-07-24T04:07:14Z,avraamidi,ab,1264,201,140,0
2026-07-24T04:07:14Z,avraamidi,ba,1266,176,150,0
2026-07-24T04:07:14Z,athinon,ab,1573,234,204,0
2026-07-24T04:07:14Z,athinon,ba,1040,234,134,0
2026-07-24T04:07:14Z,tasou_markou,ab,544,92,70,0
2026-07-24T04:07:14Z,tasou_markou,ba,492,56,55,0
2026-07-24T04:07:14Z,peiraios,ab,590,125,71,0
2026-07-24T04:07:14Z,peiraios,ba,590,85,64,0
2026-07-24T04:17:38Z,strovolou,ab,5693,1003,553,0
2026-07-24T04:17:38Z,strovolou,ba,4712,494,404,0
2026-07-24T04:17:38Z,tseriou,ab,2555,317,225,0
2026-07-24T04:17:38Z,tseriou,ba,3739,510,372,0
2026-07-24T04:17:38Z,prodromou,ab,2418,337,254,0
2026-07-24T04:17:38Z,prodromou,ba,2414,424,299,0
2026-07-24T04:17:38Z,akropoleos,ab,5010,691,463,0
2026-07-24T04:17:38Z,akropoleos,ba,5145,904,479,0
2026-07-24T04:17:38Z,athalassas,ab,2793,451,282,0
2026-07-24T04:17:38Z,athalassas,ba,4619,908,562,0
2026-07-24T04:17:38Z,lemesou,ab,2014,313,213,0
2026-07-24T04:17:38Z,lemesou,ba,2007,360,196,0
2026-07-24T04:17:38Z,sp_kyprianou,ab,6489,746,585,0
2026-07-24T04:17:38Z,sp_kyprianou,ba,6573,1183,627,0
2026-07-24T04:17:38Z,archangelou,ab,7265,630,523,0
2026-07-24T04:17:38Z,archangelou,ba,6846,1064,666,0
2026-07-24T04:17:38Z,konstantinoup,ab,2628,321,291,0
2026-07-24T04:17:38Z,konstantinoup,ba,2629,395,313,0
2026-07-24T04:17:38Z,stavrou,ab,2187,254,208,0
2026-07-24T04:17:38Z,stavrou,ba,2245,272,206,0
2026-07-24T04:17:38Z,makedonitissas,ab,2904,508,408,0
2026-07-24T04:17:38Z,makedonitissas,ba,2705,362,290,0
2026-07-24T04:17:38Z,armenias,ab,1079,172,119,0
2026-07-24T04:17:38Z,armenias,ba,1079,205,132,0
2026-07-24T04:17:38Z,arch_kyprianou,ab,1701,269,215,0
2026-07-24T04:17:38Z,arch_kyprianou,ba,1726,501,202,0
2026-07-24T04:17:38Z,a1_motorway,ab,10597,356,349,0
2026-07-24T04:17:38Z,a1_motorway,ba,14048,597,558,0
2026-07-24T04:17:38Z,makariou_lakat,ab,5849,646,516,0
2026-07-24T04:17:38Z,makariou_lakat,ba,6316,754,613,0
2026-07-24T04:17:38Z,griva_digeni,ab,4212,506,441,0
2026-07-24T04:17:38Z,griva_digeni,ba,5350,1017,681,0
2026-07-24T04:17:38Z,aglantzias,ab,1775,299,177,0
2026-07-24T04:17:38Z,aglantzias,ba,3098,523,372,0
2026-07-24T04:17:38Z,kranidioti,ab,1458,118,105,0
2026-07-24T04:17:38Z,kranidioti,ba,1652,143,117,0
2026-07-24T04:17:38Z,perimetrikos,ab,2510,302,229,0
2026-07-24T04:17:38Z,perimetrikos,ba,2094,180,164,0
2026-07-24T04:17:38Z,hatziiosif,ab,2049,306,195,0
2026-07-24T04:17:38Z,hatziiosif,ba,2045,365,202,0
2026-07-24T04:17:38Z,perikleous,ab,2238,402,232,0
2026-07-24T04:17:38Z,perikleous,ba,2649,372,273,0
2026-07-24T04:17:38Z,avraamidi,ab,1264,209,140,0
2026-07-24T04:17:38Z,avraamidi,ba,1266,182,150,0
2026-07-24T04:17:38Z,athinon,ab,1573,240,204,0
2026-07-24T04:17:38Z,athinon,ba,1040,244,134,0
2026-07-24T04:17:38Z,tasou_markou,ab,544,95,70,0
2026-07-24T04:17:38Z,tasou_markou,ba,492,56,55,0
2026-07-24T04:17:38Z,peiraios,ab,590,132,71,0
2026-07-24T04:17:38Z,peiraios,ba,590,88,64,0
2026-07-24T04:28:02Z,strovolou,ab,5693,1039,553,0
2026-07-24T04:28:02Z,strovolou,ba,4712,510,404,0
2026-07-24T04:28:02Z,tseriou,ab,2555,331,225,0
2026-07-24T04:28:02Z,tseriou,ba,3739,524,372,0
2026-07-24T04:28:02Z,prodromou,ab,2418,348,254,0
2026-07-24T04:28:02Z,prodromou,ba,2414,436,299,0
2026-07-24T04:28:02Z,akropoleos,ab,5010,716,463,0
2026-07-24T04:28:02Z,akropoleos,ba,5145,944,479,0
2026-07-24T04:28:02Z,athalassas,ab,2793,475,282,0
2026-07-24T04:28:02Z,athalassas,ba,4619,945,562,0
2026-07-24T04:28:02Z,lemesou,ab,2014,327,213,0
2026-07-24T04:28:02Z,lemesou,ba,2007,378,196,0
2026-07-24T04:28:02Z,sp_kyprianou,ab,6489,771,585,0
2026-07-24T04:28:02Z,sp_kyprianou,ba,6573,1240,627,152
2026-07-24T04:28:02Z,archangelou,ab,7265,641,523,0
2026-07-24T04:28:02Z,archangelou,ba,6846,1095,666,0
2026-07-24T04:28:02Z,konstantinoup,ab,2628,327,291,0
2026-07-24T04:28:02Z,konstantinoup,ba,2629,401,313,0
2026-07-24T04:28:02Z,stavrou,ab,2187,264,208,0
2026-07-24T04:28:02Z,stavrou,ba,2245,280,206,0
2026-07-24T04:28:02Z,makedonitissas,ab,2904,517,408,0
2026-07-24T04:28:02Z,makedonitissas,ba,2705,369,290,0
2026-07-24T04:28:02Z,armenias,ab,1079,176,119,0
2026-07-24T04:28:02Z,armenias,ba,1079,214,132,0
2026-07-24T04:28:02Z,arch_kyprianou,ab,1701,278,215,0
2026-07-24T04:28:02Z,arch_kyprianou,ba,1726,531,202,0
2026-07-24T04:28:02Z,a1_motorway,ab,10597,353,349,0
2026-07-24T04:28:02Z,a1_motorway,ba,14048,597,558,0
2026-07-24T04:28:02Z,makariou_lakat,ab,5849,669,516,0
2026-07-24T04:28:02Z,makariou_lakat,ba,6316,769,613,0
2026-07-24T04:28:02Z,griva_digeni,ab,4212,523,441,0
2026-07-24T04:28:02Z,griva_digeni,ba,5350,1048,681,0
2026-07-24T04:28:02Z,aglantzias,ab,1775,311,177,0
2026-07-24T04:28:02Z,aglantzias,ba,3098,539,372,0
2026-07-24T04:28:02Z,kranidioti,ab,1458,120,105,0
2026-07-24T04:28:02Z,kranidioti,ba,1652,147,117,0
2026-07-24T04:28:02Z,perimetrikos,ab,2510,306,229,0
2026-07-24T04:28:02Z,perimetrikos,ba,2094,182,164,0
2026-07-24T04:28:02Z,hatziiosif,ab,2049,326,195,0
2026-07-24T04:28:02Z,hatziiosif,ba,2045,378,202,0
2026-07-24T04:28:02Z,perikleous,ab,2238,422,232,0
2026-07-24T04:28:02Z,perikleous,ba,2649,382,273,0
2026-07-24T04:28:02Z,avraamidi,ab,1264,216,140,0
2026-07-24T04:28:02Z,avraamidi,ba,1266,188,150,0
2026-07-24T04:28:02Z,athinon,ab,1573,246,204,0
2026-07-24T04:28:02Z,athinon,ba,1040,256,134,0
2026-07-24T04:28:02Z,tasou_markou,ab,544,98,70,0
2026-07-24T04:28:02Z,tasou_markou,ba,492,56,55,0
2026-07-24T04:28:02Z,peiraios,ab,590,137,71,0
2026-07-24T04:28:02Z,peiraios,ba,590,91,64,0
2026-07-24T04:38:28Z,strovolou,ab,5693,1099,553,167
2026-07-24T04:38:28Z,strovolou,ba,4712,522,404,0
2026-07-24T04:38:28Z,tseriou,ab,2555,342,225,0
2026-07-24T04:38:28Z,tseriou,ba,3739,538,372,0
2026-07-24T04:38:28Z,prodromou,ab,2418,356,254,0
2026-07-24T04:38:28Z,prodromou,ba,2414,447,299,0
2026-07-24T04:38:28Z,akropoleos,ab,5010,820,463,153
2026-07-24T04:38:28Z,akropoleos,ba,5145,964,479,0
2026-07-24T04:38:28Z,athalassas,ab,2793,496,282,0
2026-07-24T04:38:28Z,athalassas,ba,4619,974,562,0
2026-07-24T04:38:28Z,lemesou,ab,2014,337,213,0
2026-07-24T04:38:28Z,lemesou,ba,2007,389,196,0
2026-07-24T04:38:28Z,sp_kyprianou,ab,6489,792,585,0
2026-07-24T04:38:28Z,sp_kyprianou,ba,6573,1328,627,254
2026-07-24T04:38:28Z,archangelou,ab,7265,650,523,0
2026-07-24T04:38:28Z,archangelou,ba,6846,1109,666,0
2026-07-24T04:38:28Z,konstantinoup,ab,2628,330,291,0
2026-07-24T04:38:28Z,konstantinoup,ba,2629,404,313,0
2026-07-24T04:38:28Z,stavrou,ab,2187,274,208,0
2026-07-24T04:38:28Z,stavrou,ba,2245,286,206,0
2026-07-24T04:38:28Z,makedonitissas,ab,2904,525,408,0
2026-07-24T04:38:28Z,makedonitissas,ba,2705,374,290,0
2026-07-24T04:38:28Z,armenias,ab,1079,179,119,0
2026-07-24T04:38:28Z,armenias,ba,1079,221,132,0
2026-07-24T04:38:28Z,arch_kyprianou,ab,1701,286,215,0
2026-07-24T04:38:28Z,arch_kyprianou,ba,2260,586,310,0
2026-07-24T04:38:28Z,a1_motorway,ab,10597,352,349,0
2026-07-24T04:38:28Z,a1_motorway,ba,14048,600,558,0
2026-07-24T04:38:28Z,makariou_lakat,ab,5849,690,516,0
2026-07-24T04:38:28Z,makariou_lakat,ba,6316,782,613,0
2026-07-24T04:38:28Z,griva_digeni,ab,4212,535,441,0
2026-07-24T04:38:28Z,griva_digeni,ba,5350,1076,681,0
2026-07-24T04:38:28Z,aglantzias,ab,1775,318,177,0
2026-07-24T04:38:28Z,aglantzias,ba,3098,550,372,0
2026-07-24T04:38:28Z,kranidioti,ab,1458,121,105,0
2026-07-24T04:38:28Z,kranidioti,ba,1652,149,117,0
2026-07-24T04:38:28Z,perimetrikos,ab,2510,308,229,0
2026-07-24T04:38:28Z,perimetrikos,ba,2094,183,164,0
2026-07-24T04:38:28Z,hatziiosif,ab,2049,422,195,153
2026-07-24T04:38:28Z,hatziiosif,ba,2045,387,202,0
2026-07-24T04:38:28Z,perikleous,ab,2238,439,232,0
2026-07-24T04:38:28Z,perikleous,ba,2649,391,273,0
2026-07-24T04:38:28Z,avraamidi,ab,1264,219,140,0
2026-07-24T04:38:28Z,avraamidi,ba,1266,193,150,0
2026-07-24T04:38:28Z,athinon,ab,1573,253,204,17
2026-07-24T04:38:28Z,athinon,ba,1040,266,134,0
2026-07-24T04:38:28Z,tasou_markou,ab,544,100,70,0
2026-07-24T04:38:28Z,tasou_markou,ba,492,56,55,0
2026-07-24T04:38:28Z,peiraios,ab,590,142,71,0
2026-07-24T04:38:28Z,peiraios,ba,590,94,64,0
2026-07-24T04:48:53Z,strovolou,ab,5693,1057,553,0
2026-07-24T04:48:53Z,strovolou,ba,4712,535,404,0
2026-07-24T04:48:53Z,tseriou,ab,2555,353,225,0
2026-07-24T04:48:53Z,tseriou,ba,3739,546,372,0
2026-07-24T04:48:53Z,prodromou,ab,2418,362,254,0
2026-07-24T04:48:53Z,prodromou,ba,2414,453,299,0
2026-07-24T04:48:53Z,akropoleos,ab,5010,764,463,0
2026-07-24T04:48:53Z,akropoleos,ba,5145,978,479,0
2026-07-24T04:48:53Z,athalassas,ab,2793,514,282,0
2026-07-24T04:48:53Z,athalassas,ba,4712,946,628,0
2026-07-24T04:48:53Z,lemesou,ab,2014,348,213,0
2026-07-24T04:48:53Z,lemesou,ba,2007,399,196,0
2026-07-24T04:48:53Z,sp_kyprianou,ab,6489,807,585,0
2026-07-24T04:48:53Z,sp_kyprianou,ba,7440,1461,747,145
2026-07-24T04:48:53Z,archangelou,ab,7265,659,523,0
2026-07-24T04:48:53Z,archangelou,ba,6846,1112,666,0
2026-07-24T04:48:53Z,konstantinoup,ab,2628,332,291,0
2026-07-24T04:48:53Z,konstantinoup,ba,2629,406,313,0
2026-07-24T04:48:53Z,stavrou,ab,2187,283,208,0
2026-07-24T04:48:53Z,stavrou,ba,2245,291,206,0
2026-07-24T04:48:53Z,makedonitissas,ab,2904,528,408,0
2026-07-24T04:48:53Z,makedonitissas,ba,2705,378,290,0
2026-07-24T04:48:53Z,armenias,ab,1079,181,119,0
2026-07-24T04:48:53Z,armenias,ba,1079,226,132,0
2026-07-24T04:48:53Z,arch_kyprianou,ab,1701,293,215,0
2026-07-24T04:48:53Z,arch_kyprianou,ba,1726,568,202,0
2026-07-24T04:48:53Z,a1_motorway,ab,10597,352,349,0
2026-07-24T04:48:53Z,a1_motorway,ba,14048,599,558,0
2026-07-24T04:48:53Z,makariou_lakat,ab,5849,708,516,0
2026-07-24T04:48:53Z,makariou_lakat,ba,7549,849,701,0
2026-07-24T04:48:53Z,griva_digeni,ab,4212,547,441,0
2026-07-24T04:48:53Z,griva_digeni,ba,5350,1085,681,0
2026-07-24T04:48:53Z,aglantzias,ab,1775,323,177,0
2026-07-24T04:48:53Z,aglantzias,ba,3098,557,372,0
2026-07-24T04:48:53Z,kranidioti,ab,1458,122,105,0
2026-07-24T04:48:53Z,kranidioti,ba,1652,151,117,0
2026-07-24T04:48:53Z,perimetrikos,ab,2510,308,229,0
2026-07-24T04:48:53Z,perimetrikos,ba,2094,186,164,0
2026-07-24T04:48:53Z,hatziiosif,ab,2049,358,195,0
2026-07-24T04:48:53Z,hatziiosif,ba,2045,396,202,0
2026-07-24T04:48:53Z,perikleous,ab,2238,450,232,0
2026-07-24T04:48:53Z,perikleous,ba,2649,398,273,0
2026-07-24T04:48:53Z,avraamidi,ab,1264,224,140,0
2026-07-24T04:48:53Z,avraamidi,ba,1266,198,150,0
2026-07-24T04:48:53Z,athinon,ab,1573,256,204,0
2026-07-24T04:48:53Z,athinon,ba,1040,278,134,0
2026-07-24T04:48:53Z,tasou_markou,ab,544,102,70,0
2026-07-24T04:48:53Z,tasou_markou,ba,492,56,55,0
2026-07-24T04:48:53Z,peiraios,ab,590,146,71,0
2026-07-24T04:48:53Z,peiraios,ba,590,96,64,0
2026-07-24T04:59:18Z,strovolou,ab,5693,1047,553,148
2026-07-24T04:59:18Z,strovolou,ba,4712,542,404,0
2026-07-24T04:59:18Z,tseriou,ab,2555,361,225,0
2026-07-24T04:59:18Z,tseriou,ba,3739,553,372,0
2026-07-24T04:59:18Z,prodromou,ab,2418,364,254,0
2026-07-24T04:59:18Z,prodromou,ba,2414,454,299,0
2026-07-24T04:59:18Z,akropoleos,ab,5010,776,463,0
2026-07-24T04:59:18Z,akropoleos,ba,5145,1025,479,100
2026-07-24T04:59:18Z,athalassas,ab,2793,524,282,0
2026-07-24T04:59:18Z,athalassas,ba,4619,1002,562,148
2026-07-24T04:59:18Z,lemesou,ab,2014,353,213,0
2026-07-24T04:59:18Z,lemesou,ba,2007,441,196,150
2026-07-24T04:59:18Z,sp_kyprianou,ab,6489,812,585,0
2026-07-24T04:59:18Z,sp_kyprianou,ba,6573,1333,627,285
2026-07-24T04:59:18Z,archangelou,ab,7265,661,523,0
2026-07-24T04:59:18Z,archangelou,ba,6846,1094,666,0
2026-07-24T04:59:18Z,konstantinoup,ab,2628,334,291,0
2026-07-24T04:59:18Z,konstantinoup,ba,2629,403,313,0
2026-07-24T04:59:18Z,stavrou,ab,2187,288,208,0
2026-07-24T04:59:18Z,stavrou,ba,2245,292,206,0
2026-07-24T04:59:18Z,makedonitissas,ab,2904,527,408,0
2026-07-24T04:59:18Z,makedonitissas,ba,2705,379,290,0
2026-07-24T04:59:18Z,armenias,ab,1079,181,119,0
2026-07-24T04:59:18Z,armenias,ba,1079,229,132,0
2026-07-24T04:59:18Z,arch_kyprianou,ab,1701,296,215,0
2026-07-24T04:59:18Z,arch_kyprianou,ba,1726,572,202,148
2026-07-24T04:59:18Z,a1_motorway,ab,10597,352,349,0
2026-07-24T04:59:18Z,a1_motorway,ba,14048,600,558,0
2026-07-24T04:59:18Z,makariou_lakat,ab,5849,717,516,0
2026-07-24T04:59:18Z,makariou_lakat,ba,6316,793,613,0
2026-07-24T04:59:18Z,griva_digeni,ab,4212,559,441,0
2026-07-24T04:59:18Z,griva_digeni,ba,5350,1083,681,0
2026-07-24T04:59:18Z,aglantzias,ab,1775,321,177,2
2026-07-24T04:59:18Z,aglantzias,ba,3098,586,372,123
2026-07-24T04:59:18Z,kranidioti,ab,1458,122,105,0
2026-07-24T04:59:18Z,kranidioti,ba,1652,151,117,0
2026-07-24T04:59:18Z,perimetrikos,ab,2510,384,229,112
2026-07-24T04:59:18Z,perimetrikos,ba,2094,186,164,0
2026-07-24T04:59:18Z,hatziiosif,ab,2049,370,195,0
2026-07-24T04:59:18Z,hatziiosif,ba,2045,398,202,0
2026-07-24T04:59:18Z,perikleous,ab,2238,456,232,0
2026-07-24T04:59:18Z,perikleous,ba,2649,402,273,0
2026-07-24T04:59:18Z,avraamidi,ab,1264,225,140,0
2026-07-24T04:59:18Z,avraamidi,ba,1266,202,150,0
2026-07-24T04:59:18Z,athinon,ab,1573,258,204,0
2026-07-24T04:59:18Z,athinon,ba,1040,356,134,129
2026-07-24T04:59:18Z,tasou_markou,ab,544,104,70,0
2026-07-24T04:59:18Z,tasou_markou,ba,492,57,55,0
2026-07-24T04:59:18Z,peiraios,ab,590,144,71,0
2026-07-24T04:59:18Z,peiraios,ba,590,98,64,0
2026-07-24T05:09:44Z,strovolou,ab,5400,1029,504,271
2026-07-24T05:09:44Z,strovolou,ba,4712,523,404,0
2026-07-24T05:09:44Z,tseriou,ab,2555,344,225,0
2026-07-24T05:09:44Z,tseriou,ba,3739,525,372,0
2026-07-24T05:09:44Z,prodromou,ab,2418,346,254,0
2026-07-24T05:09:44Z,prodromou,ba,2414,429,299,0
2026-07-24T05:09:44Z,akropoleos,ab,5010,719,463,0
2026-07-24T05:09:44Z,akropoleos,ba,5145,893,479,0
2026-07-24T05:09:44Z,athalassas,ab,2793,488,282,0
2026-07-24T05:09:44Z,athalassas,ba,6269,981,543,82
2026-07-24T05:09:44Z,lemesou,ab,2014,328,213,0
2026-07-24T05:09:44Z,lemesou,ba,2007,447,196,180
2026-07-24T05:09:44Z,sp_kyprianou,ab,6489,773,585,0
2026-07-24T05:09:44Z,sp_kyprianou,ba,6573,1233,627,285
2026-07-24T05:09:44Z,archangelou,ab,7265,639,523,0
2026-07-24T05:09:44Z,archangelou,ba,6846,997,666,0
2026-07-24T05:09:44Z,konstantinoup,ab,2628,325,291,0
2026-07-24T05:09:44Z,konstantinoup,ba,2629,382,313,0
2026-07-24T05:09:44Z,stavrou,ab,2187,274,208,0
2026-07-24T05:09:44Z,stavrou,ba,2245,276,206,0
2026-07-24T05:09:44Z,makedonitissas,ab,2797,498,391,0
2026-07-24T05:09:44Z,makedonitissas,ba,2705,361,290,0
2026-07-24T05:09:44Z,armenias,ab,1079,171,119,0
2026-07-24T05:09:44Z,armenias,ba,1079,218,132,0
2026-07-24T05:09:44Z,arch_kyprianou,ab,1701,285,215,0
2026-07-24T05:09:44Z,arch_kyprianou,ba,2260,519,310,0
2026-07-24T05:09:44Z,a1_motorway,ab,10597,351,349,0
2026-07-24T05:09:44Z,a1_motorway,ba,14048,589,558,0
2026-07-24T05:09:44Z,makariou_lakat,ab,5849,686,516,0
2026-07-24T05:09:44Z,makariou_lakat,ba,6316,762,613,0
2026-07-24T05:09:44Z,griva_digeni,ab,4212,546,441,0
2026-07-24T05:09:44Z,griva_digeni,ba,5350,998,681,0
2026-07-24T05:09:44Z,aglantzias,ab,1775,296,177,3
2026-07-24T05:09:44Z,aglantzias,ba,3098,609,372,169
2026-07-24T05:09:44Z,kranidioti,ab,1458,119,105,0
2026-07-24T05:09:44Z,kranidioti,ba,1652,144,117,0
2026-07-24T05:09:44Z,perimetrikos,ab,2510,287,229,0
2026-07-24T05:09:44Z,perimetrikos,ba,2094,183,164,0
2026-07-24T05:09:44Z,hatziiosif,ab,2049,337,195,0
2026-07-24T05:09:44Z,hatziiosif,ba,2045,362,202,0
2026-07-24T05:09:44Z,perikleous,ab,2238,416,232,0
2026-07-24T05:09:44Z,perikleous,ba,2649,379,273,0
2026-07-24T05:09:44Z,avraamidi,ab,1264,214,140,0
2026-07-24T05:09:44Z,avraamidi,ba,1266,196,150,0
2026-07-24T05:09:44Z,athinon,ab,1573,249,204,0
2026-07-24T05:09:44Z,athinon,ba,1040,265,134,0
2026-07-24T05:09:44Z,tasou_markou,ab,544,102,70,0
2026-07-24T05:09:44Z,tasou_markou,ba,492,56,55,0
2026-07-24T05:09:44Z,peiraios,ab,590,138,71,0
2026-07-24T05:09:44Z,peiraios,ba,590,92,64,0
2026-07-24T05:20:09Z,strovolou,ab,5400,855,504,0
2026-07-24T05:20:09Z,strovolou,ba,4712,523,404,0
2026-07-24T05:20:09Z,tseriou,ab,2555,347,225,0
2026-07-24T05:20:09Z,tseriou,ba,3739,522,372,0
2026-07-24T05:20:09Z,prodromou,ab,2418,343,254,0
2026-07-24T05:20:09Z,prodromou,ba,2414,424,299,0
2026-07-24T05:20:09Z,akropoleos,ab,5010,805,463,169
2026-07-24T05:20:09Z,akropoleos,ba,5145,880,479,0
2026-07-24T05:20:09Z,athalassas,ab,2793,484,282,0
2026-07-24T05:20:09Z,athalassas,ba,6269,932,543,0
2026-07-24T05:20:09Z,lemesou,ab,2014,327,213,0
2026-07-24T05:20:09Z,lemesou,ba,2007,400,196,127
2026-07-24T05:20:09Z,sp_kyprianou,ab,6489,767,585,0
2026-07-24T05:20:09Z,sp_kyprianou,ba,7057,1215,742,113
2026-07-24T05:20:09Z,archangelou,ab,7265,635,523,0
2026-07-24T05:20:09Z,archangelou,ba,6846,973,666,0
2026-07-24T05:20:09Z,konstantinoup,ab,2628,324,291,0
2026-07-24T05:20:09Z,konstantinoup,ba,2629,378,313,0
2026-07-24T05:20:09Z,stavrou,ab,2187,273,208,0
2026-07-24T05:20:09Z,stavrou,ba,2245,274,206,0
2026-07-24T05:20:09Z,makedonitissas,ab,2797,492,391,0
2026-07-24T05:20:09Z,makedonitissas,ba,2705,356,290,0
2026-07-24T05:20:09Z,armenias,ab,1079,168,119,0
2026-07-24T05:20:09Z,armenias,ba,1079,219,132,0
2026-07-24T05:20:09Z,arch_kyprianou,ab,1701,284,215,0
2026-07-24T05:20:09Z,arch_kyprianou,ba,1726,495,202,0
2026-07-24T05:20:09Z,a1_motorway,ab,10597,351,349,0
2026-07-24T05:20:09Z,a1_motorway,ba,14048,586,558,0
2026-07-24T05:20:09Z,makariou_lakat,ab,5849,682,516,0
2026-07-24T05:20:09Z,makariou_lakat,ba,6316,762,613,0
2026-07-24T05:20:09Z,griva_digeni,ab,4212,546,441,0
2026-07-24T05:20:09Z,griva_digeni,ba,5350,982,681,0
2026-07-24T05:20:09Z,aglantzias,ab,1775,288,177,2
2026-07-24T05:20:09Z,aglantzias,ba,3098,568,372,119
2026-07-24T05:20:09Z,kranidioti,ab,1458,119,105,0
2026-07-24T05:20:09Z,kranidioti,ba,1652,143,117,0
2026-07-24T05:20:09Z,perimetrikos,ab,2510,284,229,0
2026-07-24T05:20:09Z,perimetrikos,ba,2094,183,164,0
2026-07-24T05:20:09Z,hatziiosif,ab,2049,434,195,169
2026-07-24T05:20:09Z,hatziiosif,ba,2045,359,202,0
2026-07-24T05:20:09Z,perikleous,ab,2238,414,232,0
2026-07-24T05:20:09Z,perikleous,ba,2649,379,273,0
2026-07-24T05:20:09Z,avraamidi,ab,1264,214,140,0
2026-07-24T05:20:09Z,avraamidi,ba,1266,197,150,0
2026-07-24T05:20:09Z,athinon,ab,1573,249,204,0
2026-07-24T05:20:09Z,athinon,ba,1040,263,134,0
2026-07-24T05:20:09Z,tasou_markou,ab,544,101,70,0
2026-07-24T05:20:09Z,tasou_markou,ba,492,56,55,0
2026-07-24T05:20:09Z,peiraios,ab,590,136,71,0
2026-07-24T05:20:09Z,peiraios,ba,590,93,64,0
2026-07-24T05:30:33Z,strovolou,ab,5400,819,504,0
2026-07-24T05:30:33Z,strovolou,ba,4712,519,404,0
2026-07-24T05:30:33Z,tseriou,ab,2555,346,225,0
2026-07-24T05:30:33Z,tseriou,ba,3739,519,372,0
2026-07-24T05:30:33Z,prodromou,ab,2418,338,254,0
2026-07-24T05:30:33Z,prodromou,ba,2414,411,299,0
2026-07-24T05:30:33Z,akropoleos,ab,5010,710,463,0
2026-07-24T05:30:33Z,akropoleos,ba,5145,857,479,0
2026-07-24T05:30:33Z,athalassas,ab,2793,479,282,0
2026-07-24T05:30:33Z,athalassas,ba,6269,914,543,0
2026-07-24T05:30:33Z,lemesou,ab,2014,322,213,0
2026-07-24T05:30:33Z,lemesou,ba,2007,414,196,110
2026-07-24T05:30:33Z,sp_kyprianou,ab,6489,758,585,0
2026-07-24T05:30:33Z,sp_kyprianou,ba,8031,1205,746,0
2026-07-24T05:30:33Z,archangelou,ab,7265,630,523,0
2026-07-24T05:30:33Z,archangelou,ba,6742,945,669,0
2026-07-24T05:30:33Z,konstantinoup,ab,2628,323,291,0
2026-07-24T05:30:33Z,konstantinoup,ba,2629,371,313,0
2026-07-24T05:30:33Z,stavrou,ab,2187,271,208,0
2026-07-24T05:30:33Z,stavrou,ba,2245,270,206,0
2026-07-24T05:30:33Z,makedonitissas,ab,2904,489,408,0
2026-07-24T05:30:33Z,makedonitissas,ba,2705,350,290,0
2026-07-24T05:30:33Z,armenias,ab,1079,166,119,0
2026-07-24T05:30:33Z,armenias,ba,1079,217,132,0
2026-07-24T05:30:33Z,arch_kyprianou,ab,1701,280,215,0
2026-07-24T05:30:33Z,arch_kyprianou,ba,1726,455,202,0
2026-07-24T05:30:33Z,a1_motorway,ab,10597,351,349,0
2026-07-24T05:30:33Z,a1_motorway,ba,14048,585,558,0
2026-07-24T05:30:33Z,makariou_lakat,ab,5849,677,516,0
2026-07-24T05:30:33Z,makariou_lakat,ba,6316,757,613,0
2026-07-24T05:30:33Z,griva_digeni,ab,4212,544,441,0
2026-07-24T05:30:33Z,griva_digeni,ba,5350,1065,681,157
2026-07-24T05:30:33Z,aglantzias,ab,1775,273,177,0
2026-07-24T05:30:33Z,aglantzias,ba,3098,554,372,75
2026-07-24T05:30:33Z,kranidioti,ab,1458,118,105,0
2026-07-24T05:30:33Z,kranidioti,ba,1652,141,117,0
2026-07-24T05:30:33Z,perimetrikos,ab,2510,279,229,0
2026-07-24T05:30:33Z,perimetrikos,ba,2094,182,164,0
2026-07-24T05:30:33Z,hatziiosif,ab,2049,338,195,0
2026-07-24T05:30:33Z,hatziiosif,ba,2045,355,202,0
2026-07-24T05:30:33Z,perikleous,ab,2238,408,232,0
2026-07-24T05:30:33Z,perikleous,ba,2649,377,273,0
2026-07-24T05:30:33Z,avraamidi,ab,1264,213,140,0
2026-07-24T05:30:33Z,avraamidi,ba,1266,196,150,0
2026-07-24T05:30:33Z,athinon,ab,1573,247,204,0
2026-07-24T05:30:33Z,athinon,ba,1040,263,134,0
2026-07-24T05:30:33Z,tasou_markou,ab,544,95,70,0
2026-07-24T05:30:33Z,tasou_markou,ba,492,56,55,0
2026-07-24T05:30:33Z,peiraios,ab,590,129,71,0
2026-07-24T05:30:33Z,peiraios,ba,590,92,64,0
2026-07-24T05:40:58Z,strovolou,ab,5400,833,504,95
2026-07-24T05:40:58Z,strovolou,ba,4712,518,404,0
2026-07-24T05:40:58Z,tseriou,ab,2555,345,225,0
2026-07-24T05:40:58Z,tseriou,ba,3739,516,372,0
2026-07-24T05:40:58Z,prodromou,ab,2418,334,254,0
2026-07-24T05:40:58Z,prodromou,ba,2414,405,299,0
2026-07-24T05:40:58Z,akropoleos,ab,5010,704,463,0
2026-07-24T05:40:58Z,akropoleos,ba,5145,842,479,0
2026-07-24T05:40:58Z,athalassas,ab,2793,476,282,0
2026-07-24T05:40:58Z,athalassas,ba,6269,896,543,0
2026-07-24T05:40:58Z,lemesou,ab,2014,321,213,0
2026-07-24T05:40:58Z,lemesou,ba,2007,336,196,0
2026-07-24T05:40:58Z,sp_kyprianou,ab,6489,750,585,0
2026-07-24T05:40:58Z,sp_kyprianou,ba,7057,1073,742,0
2026-07-24T05:40:58Z,archangelou,ab,7265,627,523,0
2026-07-24T05:40:58Z,archangelou,ba,6742,920,669,0
2026-07-24T05:40:58Z,konstantinoup,ab,2628,322,291,0
2026-07-24T05:40:58Z,konstantinoup,ba,2629,367,313,0
2026-07-24T05:40:58Z,stavrou,ab,2187,268,208,0
2026-07-24T05:40:58Z,stavrou,ba,2245,267,206,0
2026-07-24T05:40:58Z,makedonitissas,ab,2904,483,408,0
2026-07-24T05:40:58Z,makedonitissas,ba,2705,346,290,0
2026-07-24T05:40:58Z,armenias,ab,1079,165,119,0
2026-07-24T05:40:58Z,armenias,ba,1079,218,132,0
2026-07-24T05:40:58Z,arch_kyprianou,ab,1701,277,215,0
2026-07-24T05:40:58Z,arch_kyprianou,ba,1726,477,202,95
2026-07-24T05:40:58Z,a1_motorway,ab,10597,351,349,0
2026-07-24T05:40:58Z,a1_motorway,ba,14048,583,558,0
2026-07-24T05:40:58Z,makariou_lakat,ab,5849,670,516,0
2026-07-24T05:40:58Z,makariou_lakat,ba,6316,753,613,0
2026-07-24T05:40:58Z,griva_digeni,ab,4212,544,441,0
2026-07-24T05:40:58Z,griva_digeni,ba,5350,946,681,0
2026-07-24T05:40:58Z,aglantzias,ab,1775,266,177,0
2026-07-24T05:40:58Z,aglantzias,ba,3098,519,372,0
2026-07-24T05:40:58Z,kranidioti,ab,1458,117,105,0
2026-07-24T05:40:58Z,kranidioti,ba,1652,138,117,0
2026-07-24T05:40:58Z,perimetrikos,ab,2510,274,229,0
2026-07-24T05:40:58Z,perimetrikos,ba,2094,181,164,0
2026-07-24T05:40:58Z,hatziiosif,ab,2049,338,195,0
2026-07-24T05:40:58Z,hatziiosif,ba,2045,348,202,0
2026-07-24T05:40:58Z,perikleous,ab,2238,403,232,0
2026-07-24T05:40:58Z,perikleous,ba,2649,375,273,0
2026-07-24T05:40:58Z,avraamidi,ab,1264,213,140,0
2026-07-24T05:40:58Z,avraamidi,ba,1266,197,150,0
2026-07-24T05:40:58Z,athinon,ab,1573,245,204,0
2026-07-24T05:40:58Z,athinon,ba,1040,261,134,0
2026-07-24T05:40:58Z,tasou_markou,ab,544,94,70,0
2026-07-24T05:40:58Z,tasou_markou,ba,492,56,55,0
2026-07-24T05:40:58Z,peiraios,ab,590,126,71,0
2026-07-24T05:40:58Z,peiraios,ba,590,92,64,0
2026-07-24T05:51:23Z,strovolou,ab,5400,763,504,0
2026-07-24T05:51:23Z,strovolou,ba,4712,514,404,0
2026-07-24T05:51:23Z,tseriou,ab,2555,343,225,0
2026-07-24T05:51:23Z,tseriou,ba,3739,512,372,0
2026-07-24T05:51:23Z,prodromou,ab,2418,331,254,0
2026-07-24T05:51:23Z,prodromou,ba,2414,398,299,0
2026-07-24T05:51:23Z,akropoleos,ab,8641,807,615,0
2026-07-24T05:51:23Z,akropoleos,ba,5145,894,479,124
2026-07-24T05:51:23Z,athalassas,ab,2793,473,282,0
2026-07-24T05:51:23Z,athalassas,ba,6269,877,543,0
2026-07-24T05:51:23Z,lemesou,ab,2014,317,213,0
2026-07-24T05:51:23Z,lemesou,ba,2007,330,196,0
2026-07-24T05:51:23Z,sp_kyprianou,ab,6489,744,585,0
2026-07-24T05:51:23Z,sp_kyprianou,ba,6573,1008,627,123
2026-07-24T05:51:23Z,archangelou,ab,7265,621,523,0
2026-07-24T05:51:23Z,archangelou,ba,6742,896,669,0
2026-07-24T05:51:23Z,konstantinoup,ab,2628,320,291,0
2026-07-24T05:51:23Z,konstantinoup,ba,2629,361,313,0
2026-07-24T05:51:23Z,stavrou,ab,2187,266,208,0
2026-07-24T05:51:23Z,stavrou,ba,2245,263,206,0
2026-07-24T05:51:23Z,makedonitissas,ab,2904,477,408,0
2026-07-24T05:51:23Z,makedonitissas,ba,2705,343,290,0
2026-07-24T05:51:23Z,armenias,ab,1079,164,119,0
2026-07-24T05:51:23Z,armenias,ba,1079,216,132,0
2026-07-24T05:51:23Z,arch_kyprianou,ab,1701,275,215,0
2026-07-24T05:51:23Z,arch_kyprianou,ba,1726,419,202,0
2026-07-24T05:51:23Z,a1_motorway,ab,10597,351,349,0
2026-07-24T05:51:23Z,a1_motorway,ba,14048,581,558,0
2026-07-24T05:51:23Z,makariou_lakat,ab,5849,668,516,0
2026-07-24T05:51:23Z,makariou_lakat,ba,6901,754,583,0
2026-07-24T05:51:23Z,griva_digeni,ab,4212,542,441,0
2026-07-24T05:51:23Z,griva_digeni,ba,5350,934,681,0
2026-07-24T05:51:23Z,aglantzias,ab,1775,257,177,0
2026-07-24T05:51:23Z,aglantzias,ba,3098,513,372,0
2026-07-24T05:51:23Z,kranidioti,ab,1458,116,105,0
2026-07-24T05:51:23Z,kranidioti,ba,1652,136,117,0
2026-07-24T05:51:23Z,perimetrikos,ab,2510,269,229,0
2026-07-24T05:51:23Z,perimetrikos,ba,2094,180,164,0
2026-07-24T05:51:23Z,hatziiosif,ab,2049,338,195,0
2026-07-24T05:51:23Z,hatziiosif,ba,2045,342,202,0
2026-07-24T05:51:23Z,perikleous,ab,2238,400,232,0
2026-07-24T05:51:23Z,perikleous,ba,2649,372,273,0
2026-07-24T05:51:23Z,avraamidi,ab,1264,212,140,0
2026-07-24T05:51:23Z,avraamidi,ba,1266,197,150,0
2026-07-24T05:51:23Z,athinon,ab,1573,243,204,0
2026-07-24T05:51:23Z,athinon,ba,1040,258,134,0
2026-07-24T05:51:23Z,tasou_markou,ab,544,92,70,0
2026-07-24T05:51:23Z,tasou_markou,ba,492,56,55,0
2026-07-24T05:51:23Z,peiraios,ab,590,124,71,0
2026-07-24T05:51:23Z,peiraios,ba,590,91,64,0
2026-07-24T06:01:48Z,strovolou,ab,5400,811,504,133
2026-07-24T06:01:48Z,strovolou,ba,4712,511,404,0
2026-07-24T06:01:48Z,tseriou,ab,2555,342,225,0
2026-07-24T06:01:48Z,tseriou,ba,3739,501,372,0
2026-07-24T06:01:48Z,prodromou,ab,2418,327,254,0
2026-07-24T06:01:48Z,prodromou,ba,2414,381,299,0
2026-07-24T06:01:48Z,akropoleos,ab,5010,695,463,0
2026-07-24T06:01:48Z,akropoleos,ba,5145,804,479,0
2026-07-24T06:01:48Z,athalassas,ab,2793,454,282,0
2026-07-24T06:01:48Z,athalassas,ba,6269,840,543,0
2026-07-24T06:01:48Z,lemesou,ab,2014,313,213,0
2026-07-24T06:01:48Z,lemesou,ba,2007,389,196,137
2026-07-24T06:01:48Z,sp_kyprianou,ab,6489,723,585,0
2026-07-24T06:01:48Z,sp_kyprianou,ba,6573,896,627,0
2026-07-24T06:01:48Z,archangelou,ab,7265,610,523,0
2026-07-24T06:01:48Z,archangelou,ba,6911,759,591,0
2026-07-24T06:01:48Z,konstantinoup,ab,2628,319,291,0
2026-07-24T06:01:48Z,konstantinoup,ba,2629,359,313,0
2026-07-24T06:01:48Z,stavrou,ab,2187,264,208,0
2026-07-24T06:01:48Z,stavrou,ba,2245,254,206,0
2026-07-24T06:01:48Z,makedonitissas,ab,2904,465,408,0
2026-07-24T06:01:48Z,makedonitissas,ba,2705,332,290,0
2026-07-24T06:01:48Z,armenias,ab,1079,156,119,0
2026-07-24T06:01:48Z,armenias,ba,1079,215,132,0
2026-07-24T06:01:48Z,arch_kyprianou,ab,1701,273,215,0
2026-07-24T06:01:48Z,arch_kyprianou,ba,1726,389,202,0
2026-07-24T06:01:48Z,a1_motorway,ab,10597,351,349,0
2026-07-24T06:01:48Z,a1_motorway,ba,14048,579,558,0
2026-07-24T06:01:48Z,makariou_lakat,ab,5849,661,516,0
2026-07-24T06:01:48Z,makariou_lakat,ba,6901,746,583,0
2026-07-24T06:01:48Z,griva_digeni,ab,4212,528,441,0
2026-07-24T06:01:48Z,griva_digeni,ba,5350,917,681,0
2026-07-24T06:01:48Z,aglantzias,ab,1775,251,177,2
2026-07-24T06:01:48Z,aglantzias,ba,3098,560,372,119
2026-07-24T06:01:48Z,kranidioti,ab,1458,113,105,0
2026-07-24T06:01:48Z,kranidioti,ba,1652,132,117,0
2026-07-24T06:01:48Z,perimetrikos,ab,2510,265,229,0
2026-07-24T06:01:48Z,perimetrikos,ba,2094,180,164,0
2026-07-24T06:01:48Z,hatziiosif,ab,2049,328,195,0
2026-07-24T06:01:48Z,hatziiosif,ba,2045,339,202,0
2026-07-24T06:01:48Z,perikleous,ab,2238,394,232,0
2026-07-24T06:01:48Z,perikleous,ba,2649,369,273,0
2026-07-24T06:01:48Z,avraamidi,ab,1264,205,140,0
2026-07-24T06:01:48Z,avraamidi,ba,1266,197,150,0
2026-07-24T06:01:48Z,athinon,ab,1573,238,204,0
2026-07-24T06:01:48Z,athinon,ba,1040,251,134,0
2026-07-24T06:01:48Z,tasou_markou,ab,544,91,70,0
2026-07-24T06:01:48Z,tasou_markou,ba,492,55,55,0
2026-07-24T06:01:48Z,peiraios,ab,590,120,71,0
2026-07-24T06:01:48Z,peiraios,ba,590,87,64,0
2026-07-24T09:09:38Z,strovolou,ab,5400,612,504,0
2026-07-24T09:09:38Z,strovolou,ba,4712,555,404,0
2026-07-24T09:09:38Z,tseriou,ab,3240,360,284,0
2026-07-24T09:09:38Z,tseriou,ba,3739,523,372,0
2026-07-24T09:09:38Z,prodromou,ab,2418,309,254,0
2026-07-24T09:09:38Z,prodromou,ba,2414,352,299,0
2026-07-24T09:09:38Z,akropoleos,ab,5010,852,463,126
2026-07-24T09:09:38Z,akropoleos,ba,5145,752,479,0
2026-07-24T09:09:38Z,athalassas,ab,2793,536,282,0
2026-07-24T09:09:38Z,athalassas,ba,7097,806,568,0
2026-07-24T09:09:38Z,lemesou,ab,2014,359,213,0
2026-07-24T09:09:38Z,lemesou,ba,2007,314,196,0
2026-07-24T09:09:38Z,sp_kyprianou,ab,6489,797,585,0
2026-07-24T09:09:38Z,sp_kyprianou,ba,6573,835,627,0
2026-07-24T09:09:38Z,archangelou,ab,7265,649,523,0
2026-07-24T09:09:38Z,archangelou,ba,6911,676,591,0
2026-07-24T09:09:38Z,konstantinoup,ab,2628,316,291,0
2026-07-24T09:09:38Z,konstantinoup,ba,2629,338,313,0
2026-07-24T09:09:38Z,stavrou,ab,2187,278,208,0
2026-07-24T09:09:38Z,stavrou,ba,2245,254,206,0
2026-07-24T09:09:38Z,makedonitissas,ab,2904,473,408,0
2026-07-24T09:09:38Z,makedonitissas,ba,2705,321,290,0
2026-07-24T09:09:38Z,armenias,ab,1079,152,119,0
2026-07-24T09:09:38Z,armenias,ba,1079,254,132,0
2026-07-24T09:09:38Z,arch_kyprianou,ab,1701,298,215,0
2026-07-24T09:09:38Z,arch_kyprianou,ba,1726,332,202,0
2026-07-24T09:09:38Z,a1_motorway,ab,10597,351,349,0
2026-07-24T09:09:38Z,a1_motorway,ba,14048,571,558,0
2026-07-24T09:09:38Z,makariou_lakat,ab,5849,657,516,0
2026-07-24T09:09:38Z,makariou_lakat,ba,6901,715,583,0
2026-07-24T09:09:38Z,griva_digeni,ab,4212,575,441,0
2026-07-24T09:09:38Z,griva_digeni,ba,5350,890,681,0
2026-07-24T09:09:38Z,aglantzias,ab,1775,217,177,0
2026-07-24T09:09:38Z,aglantzias,ba,3098,510,372,0
2026-07-24T09:09:38Z,kranidioti,ab,1458,109,105,0
2026-07-24T09:09:38Z,kranidioti,ba,1652,121,117,0
2026-07-24T09:09:38Z,perimetrikos,ab,2510,248,229,0
2026-07-24T09:09:38Z,perimetrikos,ba,2094,178,164,0
2026-07-24T09:09:38Z,hatziiosif,ab,2049,466,195,126
2026-07-24T09:09:38Z,hatziiosif,ba,2045,326,202,0
2026-07-24T09:09:38Z,perikleous,ab,2238,447,232,0
2026-07-24T09:09:38Z,perikleous,ba,2649,369,273,0
2026-07-24T09:09:38Z,avraamidi,ab,1264,207,140,0
2026-07-24T09:09:38Z,avraamidi,ba,1266,213,150,0
2026-07-24T09:09:38Z,athinon,ab,1573,240,204,0
2026-07-24T09:09:38Z,athinon,ba,1040,278,134,0
2026-07-24T09:09:38Z,tasou_markou,ab,544,81,70,0
2026-07-24T09:09:38Z,tasou_markou,ba,492,54,55,0
2026-07-24T09:09:38Z,peiraios,ab,590,108,71,0
2026-07-24T09:09:38Z,peiraios,ba,590,93,64,0
2026-07-24T10:00:25Z,strovolou,ab,5400,609,504,0
2026-07-24T10:00:25Z,strovolou,ba,4712,569,404,0
2026-07-24T10:00:25Z,tseriou,ab,3240,359,284,0
2026-07-24T10:00:25Z,tseriou,ba,3739,520,372,0
2026-07-24T10:00:25Z,prodromou,ab,2418,307,254,0
2026-07-24T10:00:25Z,prodromou,ba,2414,350,299,0
2026-07-24T10:00:25Z,akropoleos,ab,8641,898,615,0
2026-07-24T10:00:25Z,akropoleos,ba,8177,762,595,0
2026-07-24T10:00:25Z,athalassas,ab,2793,539,282,0
2026-07-24T10:00:25Z,athalassas,ba,7191,780,634,0
2026-07-24T10:00:25Z,lemesou,ab,2014,371,213,0
2026-07-24T10:00:25Z,lemesou,ba,2007,313,196,0
2026-07-24T10:00:25Z,sp_kyprianou,ab,6489,813,585,0
2026-07-24T10:00:25Z,sp_kyprianou,ba,6573,900,627,116
2026-07-24T10:00:25Z,archangelou,ab,7265,661,523,0
2026-07-24T10:00:25Z,archangelou,ba,6911,675,591,0
2026-07-24T10:00:25Z,konstantinoup,ab,2628,315,291,0
2026-07-24T10:00:25Z,konstantinoup,ba,2629,337,313,0
2026-07-24T10:00:25Z,stavrou,ab,2187,280,208,0
2026-07-24T10:00:25Z,stavrou,ba,2245,255,206,0
2026-07-24T10:00:25Z,makedonitissas,ab,2904,481,408,0
2026-07-24T10:00:25Z,makedonitissas,ba,2705,321,290,0
2026-07-24T10:00:25Z,armenias,ab,1079,152,119,0
2026-07-24T10:00:25Z,armenias,ba,1079,261,132,0
2026-07-24T10:00:25Z,arch_kyprianou,ab,1701,304,215,0
2026-07-24T10:00:25Z,arch_kyprianou,ba,1726,328,202,0
2026-07-24T10:00:25Z,a1_motorway,ab,10597,351,349,0
2026-07-24T10:00:25Z,a1_motorway,ba,14048,571,558,0
2026-07-24T10:00:25Z,makariou_lakat,ab,5849,653,516,0
2026-07-24T10:00:25Z,makariou_lakat,ba,6901,713,583,0
2026-07-24T10:00:25Z,griva_digeni,ab,4212,577,441,0
2026-07-24T10:00:25Z,griva_digeni,ba,5350,887,681,0
2026-07-24T10:00:25Z,aglantzias,ab,1775,216,177,0
2026-07-24T10:00:25Z,aglantzias,ba,3098,509,372,0
2026-07-24T10:00:25Z,kranidioti,ab,1458,109,105,0
2026-07-24T10:00:25Z,kranidioti,ba,1652,121,117,0
2026-07-24T10:00:25Z,perimetrikos,ab,2510,248,229,0
2026-07-24T10:00:25Z,perimetrikos,ba,2094,178,164,0
2026-07-24T10:00:25Z,hatziiosif,ab,2049,555,195,230
2026-07-24T10:00:25Z,hatziiosif,ba,2045,324,202,0
2026-07-24T10:00:25Z,perikleous,ab,2238,449,232,0
2026-07-24T10:00:25Z,perikleous,ba,2649,368,273,0
2026-07-24T10:00:25Z,avraamidi,ab,1264,205,140,0
2026-07-24T10:00:25Z,avraamidi,ba,1266,211,150,0
2026-07-24T10:00:25Z,athinon,ab,1573,240,204,0
2026-07-24T10:00:25Z,athinon,ba,1040,275,134,0
2026-07-24T10:00:25Z,tasou_markou,ab,544,81,70,0
2026-07-24T10:00:25Z,tasou_markou,ba,492,54,55,0
2026-07-24T10:00:25Z,peiraios,ab,590,107,71,0
2026-07-24T10:00:25Z,peiraios,ba,590,95,64,0
2026-07-24T10:10:55Z,strovolou,ab,5400,600,504,0
2026-07-24T10:10:55Z,strovolou,ba,4712,561,404,0
2026-07-24T10:10:55Z,tseriou,ab,3240,353,284,0
2026-07-24T10:10:55Z,tseriou,ba,3739,512,372,0
2026-07-24T10:10:55Z,prodromou,ab,2418,304,254,0
2026-07-24T10:10:55Z,prodromou,ba,2414,346,299,0
2026-07-24T10:10:55Z,akropoleos,ab,8641,887,615,0
2026-07-24T10:10:55Z,akropoleos,ba,8177,754,595,0
2026-07-24T10:10:55Z,athalassas,ab,2793,526,282,0
2026-07-24T10:10:55Z,athalassas,ba,7191,773,634,0
2026-07-24T10:10:55Z,lemesou,ab,2014,365,213,0
2026-07-24T10:10:55Z,lemesou,ba,2007,307,196,0
2026-07-24T10:10:55Z,sp_kyprianou,ab,6489,800,585,0
2026-07-24T10:10:55Z,sp_kyprianou,ba,6573,823,627,0
2026-07-24T10:10:55Z,archangelou,ab,7265,655,523,0
2026-07-24T10:10:55Z,archangelou,ba,6911,672,591,0
2026-07-24T10:10:55Z,konstantinoup,ab,2628,313,291,0
2026-07-24T10:10:55Z,konstantinoup,ba,2629,335,313,0
2026-07-24T10:10:55Z,stavrou,ab,2187,276,208,0
2026-07-24T10:10:55Z,stavrou,ba,2245,251,206,0
2026-07-24T10:10:55Z,makedonitissas,ab,2904,477,408,0
2026-07-24T10:10:55Z,makedonitissas,ba,2705,318,290,0
2026-07-24T10:10:55Z,armenias,ab,1079,150,119,0
2026-07-24T10:10:55Z,armenias,ba,1079,259,132,0
2026-07-24T10:10:55Z,arch_kyprianou,ab,1701,301,215,0
2026-07-24T10:10:55Z,arch_kyprianou,ba,1726,322,202,0
2026-07-24T10:10:55Z,a1_motorway,ab,10597,351,349,0
2026-07-24T10:10:55Z,a1_motorway,ba,14048,573,558,0
2026-07-24T10:10:55Z,makariou_lakat,ab,5849,642,516,0
2026-07-24T10:10:55Z,makariou_lakat,ba,6901,704,583,0
2026-07-24T10:10:55Z,griva_digeni,ab,4212,568,441,0
2026-07-24T10:10:55Z,griva_digeni,ba,5350,870,681,0
2026-07-24T10:10:55Z,aglantzias,ab,1775,213,177,0
2026-07-24T10:10:55Z,aglantzias,ba,3098,501,372,0
2026-07-24T10:10:55Z,kranidioti,ab,1458,108,105,0
2026-07-24T10:10:55Z,kranidioti,ba,1652,121,117,0
2026-07-24T10:10:55Z,perimetrikos,ab,2510,246,229,0
2026-07-24T10:10:55Z,perimetrikos,ba,2094,178,164,0
2026-07-24T10:10:55Z,hatziiosif,ab,4136,551,332,0
2026-07-24T10:10:55Z,hatziiosif,ba,2045,318,202,0
2026-07-24T10:10:55Z,perikleous,ab,2238,439,232,0
2026-07-24T10:10:55Z,perikleous,ba,2649,362,273,0
2026-07-24T10:10:55Z,avraamidi,ab,1264,202,140,0
2026-07-24T10:10:55Z,avraamidi,ba,1266,209,150,0
2026-07-24T10:10:55Z,athinon,ab,1573,238,204,0
2026-07-24T10:10:55Z,athinon,ba,1040,268,134,0
2026-07-24T10:10:55Z,tasou_markou,ab,544,80,70,0
2026-07-24T10:10:55Z,tasou_markou,ba,492,54,55,0
2026-07-24T10:10:55Z,peiraios,ab,590,107,71,0
2026-07-24T10:10:55Z,peiraios,ba,590,92,64,0
2026-07-24T10:21:25Z,strovolou,ab,5400,601,504,0
2026-07-24T10:21:25Z,strovolou,ba,4712,563,404,0
2026-07-24T10:21:25Z,tseriou,ab,3240,353,284,0
2026-07-24T10:21:25Z,tseriou,ba,3739,514,372,0
2026-07-24T10:21:25Z,prodromou,ab,2418,304,254,0
2026-07-24T10:21:25Z,prodromou,ba,2414,346,299,0
2026-07-24T10:21:25Z,akropoleos,ab,5010,979,463,269
2026-07-24T10:21:25Z,akropoleos,ba,5145,771,479,68
2026-07-24T10:21:25Z,athalassas,ab,2793,528,282,0
2026-07-24T10:21:25Z,athalassas,ba,7191,774,634,0
2026-07-24T10:21:25Z,lemesou,ab,2014,367,213,0
2026-07-24T10:21:25Z,lemesou,ba,2007,309,196,0
2026-07-24T10:21:25Z,sp_kyprianou,ab,6489,866,585,92
2026-07-24T10:21:25Z,sp_kyprianou,ba,6573,890,627,116
2026-07-24T10:21:25Z,archangelou,ab,7265,656,523,0
2026-07-24T10:21:25Z,archangelou,ba,6911,673,591,0
2026-07-24T10:21:25Z,konstantinoup,ab,2628,314,291,0
2026-07-24T10:21:25Z,konstantinoup,ba,2629,335,313,0
2026-07-24T10:21:25Z,stavrou,ab,2187,276,208,0
2026-07-24T10:21:25Z,stavrou,ba,2245,251,206,0
2026-07-24T10:21:25Z,makedonitissas,ab,2904,477,408,0
2026-07-24T10:21:25Z,makedonitissas,ba,2705,319,290,0
2026-07-24T10:21:25Z,armenias,ab,1079,150,119,0
2026-07-24T10:21:25Z,armenias,ba,1079,259,132,0
2026-07-24T10:21:25Z,arch_kyprianou,ab,1701,302,215,0
2026-07-24T10:21:25Z,arch_kyprianou,ba,1726,322,202,0
2026-07-24T10:21:25Z,a1_motorway,ab,10597,351,349,0
2026-07-24T10:21:25Z,a1_motorway,ba,14048,571,558,0
2026-07-24T10:21:25Z,makariou_lakat,ab,5849,644,516,0
2026-07-24T10:21:25Z,makariou_lakat,ba,6901,706,583,0
2026-07-24T10:21:25Z,griva_digeni,ab,4212,631,441,92
2026-07-24T10:21:25Z,griva_digeni,ba,5350,871,681,0
2026-07-24T10:21:25Z,aglantzias,ab,1775,213,177,0
2026-07-24T10:21:25Z,aglantzias,ba,3098,502,372,0
2026-07-24T10:21:25Z,kranidioti,ab,1458,108,105,0
2026-07-24T10:21:25Z,kranidioti,ba,1652,121,117,0
2026-07-24T10:21:25Z,perimetrikos,ab,2510,246,229,0
2026-07-24T10:21:25Z,perimetrikos,ba,2094,178,164,0
2026-07-24T10:21:25Z,hatziiosif,ab,2049,484,195,149
2026-07-24T10:21:25Z,hatziiosif,ba,2045,318,202,0
2026-07-24T10:21:25Z,perikleous,ab,2276,451,320,0
2026-07-24T10:21:25Z,perikleous,ba,2649,363,273,0
2026-07-24T10:21:25Z,avraamidi,ab,1264,202,140,0
2026-07-24T10:21:25Z,avraamidi,ba,1266,209,150,0
2026-07-24T10:21:25Z,athinon,ab,1573,238,204,0
2026-07-24T10:21:25Z,athinon,ba,1040,269,134,0
2026-07-24T10:21:25Z,tasou_markou,ab,544,80,70,0
2026-07-24T10:21:25Z,tasou_markou,ba,492,54,55,0
2026-07-24T10:21:25Z,peiraios,ab,590,107,71,0
2026-07-24T10:21:25Z,peiraios,ba,590,92,64,0
2026-07-24T10:31:55Z,strovolou,ab,5400,602,504,0
2026-07-24T10:31:55Z,strovolou,ba,4712,567,404,0
2026-07-24T10:31:55Z,tseriou,ab,3240,356,284,0
2026-07-24T10:31:55Z,tseriou,ba,3739,518,372,0
2026-07-24T10:31:55Z,prodromou,ab,2418,305,254,0
2026-07-24T10:31:55Z,prodromou,ba,2414,347,299,0
2026-07-24T10:31:55Z,akropoleos,ab,8641,898,615,0
2026-07-24T10:31:55Z,akropoleos,ba,5145,744,479,0
2026-07-24T10:31:55Z,athalassas,ab,2793,535,282,0
2026-07-24T10:31:55Z,athalassas,ba,7097,797,568,0
2026-07-24T10:31:55Z,lemesou,ab,2014,372,213,0
2026-07-24T10:31:55Z,lemesou,ba,2007,310,196,0
2026-07-24T10:31:55Z,sp_kyprianou,ab,6489,808,585,0
2026-07-24T10:31:55Z,sp_kyprianou,ba,6573,827,627,0
2026-07-24T10:31:55Z,archangelou,ab,7273,691,574,0
2026-07-24T10:31:55Z,archangelou,ba,6911,675,591,0
2026-07-24T10:31:55Z,konstantinoup,ab,2628,314,291,0
2026-07-24T10:31:55Z,konstantinoup,ba,2629,336,313,0
2026-07-24T10:31:55Z,stavrou,ab,2187,279,208,0
2026-07-24T10:31:55Z,stavrou,ba,2245,252,206,0
2026-07-24T10:31:55Z,makedonitissas,ab,2904,479,408,0
2026-07-24T10:31:55Z,makedonitissas,ba,2705,320,290,0
2026-07-24T10:31:55Z,armenias,ab,1079,150,119,0
2026-07-24T10:31:55Z,armenias,ba,1079,262,132,0
2026-07-24T10:31:55Z,arch_kyprianou,ab,1701,303,215,0
2026-07-24T10:31:55Z,arch_kyprianou,ba,1726,322,202,0
2026-07-24T10:31:55Z,a1_motorway,ab,10597,351,349,0
2026-07-24T10:31:55Z,a1_motorway,ba,14048,571,558,0
2026-07-24T10:31:55Z,makariou_lakat,ab,5849,647,516,0
2026-07-24T10:31:55Z,makariou_lakat,ba,6901,708,583,0
2026-07-24T10:31:55Z,griva_digeni,ab,4212,570,441,0
2026-07-24T10:31:55Z,griva_digeni,ba,5350,872,681,0
2026-07-24T10:31:55Z,aglantzias,ab,1775,214,177,0
2026-07-24T10:31:55Z,aglantzias,ba,3098,503,372,0
2026-07-24T10:31:55Z,kranidioti,ab,1458,109,105,0
2026-07-24T10:31:55Z,kranidioti,ba,1652,121,117,0
2026-07-24T10:31:55Z,perimetrikos,ab,2510,247,229,0
2026-07-24T10:31:55Z,perimetrikos,ba,2094,179,164,0
2026-07-24T10:31:55Z,hatziiosif,ab,2049,531,195,190
2026-07-24T10:31:55Z,hatziiosif,ba,2045,319,202,0
2026-07-24T10:31:55Z,perikleous,ab,2238,446,232,0
2026-07-24T10:31:55Z,perikleous,ba,2649,364,273,0
2026-07-24T10:31:55Z,avraamidi,ab,1264,204,140,0
2026-07-24T10:31:55Z,avraamidi,ba,1266,209,150,0
2026-07-24T10:31:55Z,athinon,ab,1573,239,204,0
2026-07-24T10:31:55Z,athinon,ba,1040,270,134,0
2026-07-24T10:31:55Z,tasou_markou,ab,544,80,70,0
2026-07-24T10:31:55Z,tasou_markou,ba,492,54,55,0
2026-07-24T10:31:55Z,peiraios,ab,590,107,71,0
2026-07-24T10:31:55Z,peiraios,ba,590,93,64,0
2026-07-24T10:42:25Z,strovolou,ab,5400,603,504,0
2026-07-24T10:42:25Z,strovolou,ba,4712,573,404,0
2026-07-24T10:42:25Z,tseriou,ab,3240,357,284,0
2026-07-24T10:42:25Z,tseriou,ba,3739,519,372,0
2026-07-24T10:42:25Z,prodromou,ab,2418,306,254,0
2026-07-24T10:42:25Z,prodromou,ba,2414,348,299,0
2026-07-24T10:42:25Z,akropoleos,ab,5010,864,463,106
2026-07-24T10:42:25Z,akropoleos,ba,5145,748,479,0
2026-07-24T10:42:25Z,athalassas,ab,2793,546,282,0
2026-07-24T10:42:25Z,athalassas,ba,7191,780,634,0
2026-07-24T10:42:25Z,lemesou,ab,2014,380,213,0
2026-07-24T10:42:25Z,lemesou,ba,2007,314,196,0
2026-07-24T10:42:25Z,sp_kyprianou,ab,6489,913,585,115
2026-07-24T10:42:25Z,sp_kyprianou,ba,6573,831,627,0
2026-07-24T10:42:25Z,archangelou,ab,7273,696,574,0
2026-07-24T10:42:25Z,archangelou,ba,6911,675,591,0
2026-07-24T10:42:25Z,konstantinoup,ab,2628,314,291,0
2026-07-24T10:42:25Z,konstantinoup,ba,2629,337,313,0
2026-07-24T10:42:25Z,stavrou,ab,2187,281,208,0
2026-07-24T10:42:25Z,stavrou,ba,2245,253,206,0
2026-07-24T10:42:25Z,makedonitissas,ab,2904,483,408,0
2026-07-24T10:42:25Z,makedonitissas,ba,2705,321,290,0
2026-07-24T10:42:25Z,armenias,ab,1079,151,119,0
2026-07-24T10:42:25Z,armenias,ba,1079,267,132,0
2026-07-24T10:42:25Z,arch_kyprianou,ab,1701,307,215,0
2026-07-24T10:42:25Z,arch_kyprianou,ba,1726,325,202,0
2026-07-24T10:42:25Z,a1_motorway,ab,10597,351,349,0
2026-07-24T10:42:25Z,a1_motorway,ba,14048,571,558,0
2026-07-24T10:42:25Z,makariou_lakat,ab,5849,650,516,0
2026-07-24T10:42:25Z,makariou_lakat,ba,6901,711,583,0
2026-07-24T10:42:25Z,griva_digeni,ab,4212,573,441,0
2026-07-24T10:42:25Z,griva_digeni,ba,5350,876,681,0
2026-07-24T10:42:25Z,aglantzias,ab,1775,214,177,0
2026-07-24T10:42:25Z,aglantzias,ba,3098,508,372,0
2026-07-24T10:42:25Z,kranidioti,ab,1458,108,105,0
2026-07-24T10:42:25Z,kranidioti,ba,1652,121,117,0
2026-07-24T10:42:25Z,perimetrikos,ab,2510,247,229,0
2026-07-24T10:42:25Z,perimetrikos,ba,2094,180,164,0
2026-07-24T10:42:25Z,hatziiosif,ab,2049,452,195,0
2026-07-24T10:42:25Z,hatziiosif,ba,2045,319,202,0
2026-07-24T10:42:25Z,perikleous,ab,2238,450,232,0
2026-07-24T10:42:25Z,perikleous,ba,2649,366,273,0
2026-07-24T10:42:25Z,avraamidi,ab,1264,204,140,0
2026-07-24T10:42:25Z,avraamidi,ba,1266,211,150,0
2026-07-24T10:42:25Z,athinon,ab,1573,241,204,0
2026-07-24T10:42:25Z,athinon,ba,1040,274,134,0
2026-07-24T10:42:25Z,tasou_markou,ab,544,80,70,0
2026-07-24T10:42:25Z,tasou_markou,ba,492,54,55,0
2026-07-24T10:42:25Z,peiraios,ab,590,109,71,0
2026-07-24T10:42:25Z,peiraios,ba,590,93,64,0
2026-07-24T10:52:54Z,strovolou,ab,5400,604,504,0
2026-07-24T10:52:54Z,strovolou,ba,4712,582,404,0
2026-07-24T10:52:54Z,tseriou,ab,3240,360,284,0
2026-07-24T10:52:54Z,tseriou,ba,3739,522,372,0
2026-07-24T10:52:54Z,prodromou,ab,2418,306,254,0
2026-07-24T10:52:54Z,prodromou,ba,2414,349,299,0
2026-07-24T10:52:54Z,akropoleos,ab,5010,874,463,129
2026-07-24T10:52:54Z,akropoleos,ba,5145,750,479,0
2026-07-24T10:52:54Z,athalassas,ab,2793,554,282,0
2026-07-24T10:52:54Z,athalassas,ba,6362,788,608,0
2026-07-24T10:52:54Z,lemesou,ab,2014,387,213,0
2026-07-24T10:52:54Z,lemesou,ba,2007,317,196,0
2026-07-24T10:52:54Z,sp_kyprianou,ab,6489,922,585,115
2026-07-24T10:52:54Z,sp_kyprianou,ba,6573,834,627,0
2026-07-24T10:52:54Z,archangelou,ab,7273,702,574,0
2026-07-24T10:52:54Z,archangelou,ba,6911,679,591,0
2026-07-24T10:52:54Z,konstantinoup,ab,2628,315,291,0
2026-07-24T10:52:54Z,konstantinoup,ba,2629,338,313,0
2026-07-24T10:52:54Z,stavrou,ab,2187,284,208,0
2026-07-24T10:52:54Z,stavrou,ba,2245,254,206,0
2026-07-24T10:52:54Z,makedonitissas,ab,2904,486,408,0
2026-07-24T10:52:54Z,makedonitissas,ba,2705,323,290,0
2026-07-24T10:52:54Z,armenias,ab,1079,151,119,0
2026-07-24T10:52:54Z,armenias,ba,1079,271,132,0
2026-07-24T10:52:54Z,arch_kyprianou,ab,1777,318,214,0
2026-07-24T10:52:54Z,arch_kyprianou,ba,1726,327,202,0
2026-07-24T10:52:54Z,a1_motorway,ab,10597,353,349,0
2026-07-24T10:52:54Z,a1_motorway,ba,14048,575,558,0
2026-07-24T10:52:54Z,makariou_lakat,ab,5849,654,516,0
2026-07-24T10:52:54Z,makariou_lakat,ba,6901,713,583,0
2026-07-24T10:52:54Z,griva_digeni,ab,4212,577,441,0
2026-07-24T10:52:54Z,griva_digeni,ba,5350,879,681,0
2026-07-24T10:52:54Z,aglantzias,ab,1775,215,177,0
2026-07-24T10:52:54Z,aglantzias,ba,3098,510,372,0
2026-07-24T10:52:54Z,kranidioti,ab,1458,109,105,0
2026-07-24T10:52:54Z,kranidioti,ba,1652,122,117,0
2026-07-24T10:52:54Z,perimetrikos,ab,2510,248,229,0
2026-07-24T10:52:54Z,perimetrikos,ba,2094,181,164,0
2026-07-24T10:52:54Z,hatziiosif,ab,2049,472,195,129
2026-07-24T10:52:54Z,hatziiosif,ba,2045,321,202,0
2026-07-24T10:52:54Z,perikleous,ab,2238,454,232,0
2026-07-24T10:52:54Z,perikleous,ba,2649,367,273,0
2026-07-24T10:52:54Z,avraamidi,ab,1264,206,140,0
2026-07-24T10:52:54Z,avraamidi,ba,1266,213,150,0
2026-07-24T10:52:54Z,athinon,ab,1573,242,204,0
2026-07-24T10:52:54Z,athinon,ba,1040,276,134,0
2026-07-24T10:52:54Z,tasou_markou,ab,544,80,70,0
2026-07-24T10:52:54Z,tasou_markou,ba,492,54,55,0
2026-07-24T10:52:54Z,peiraios,ab,590,109,71,0
2026-07-24T10:52:54Z,peiraios,ba,590,95,64,0
2026-07-24T11:03:23Z,strovolou,ab,5400,599,504,0
2026-07-24T11:03:23Z,strovolou,ba,4712,590,404,0
2026-07-24T11:03:23Z,tseriou,ab,3240,355,284,0
2026-07-24T11:03:23Z,tseriou,ba,3739,526,372,0
2026-07-24T11:03:23Z,prodromou,ab,2418,303,254,0
2026-07-24T11:03:23Z,prodromou,ba,2414,349,299,0
2026-07-24T11:03:23Z,akropoleos,ab,5010,851,463,0
2026-07-24T11:03:23Z,akropoleos,ba,5145,752,479,0
2026-07-24T11:03:23Z,athalassas,ab,2793,561,282,0
2026-07-24T11:03:23Z,athalassas,ba,6362,774,608,0
2026-07-24T11:03:23Z,lemesou,ab,2014,397,213,0
2026-07-24T11:03:23Z,lemesou,ba,2007,320,196,0
2026-07-24T11:03:23Z,sp_kyprianou,ab,6489,896,585,76
2026-07-24T11:03:23Z,sp_kyprianou,ba,6573,844,627,0
2026-07-24T11:03:23Z,archangelou,ab,7273,708,574,0
2026-07-24T11:03:23Z,archangelou,ba,6911,680,591,0
2026-07-24T11:03:23Z,konstantinoup,ab,2628,315,291,0
2026-07-24T11:03:23Z,konstantinoup,ba,2629,339,313,0
2026-07-24T11:03:23Z,stavrou,ab,2187,289,208,0
2026-07-24T11:03:23Z,stavrou,ba,2245,255,206,0
2026-07-24T11:03:23Z,makedonitissas,ab,2904,492,408,0
2026-07-24T11:03:23Z,makedonitissas,ba,2705,324,290,0
2026-07-24T11:03:23Z,armenias,ab,1079,150,119,0
2026-07-24T11:03:23Z,armenias,ba,1079,276,132,0
2026-07-24T11:03:23Z,arch_kyprianou,ab,1777,324,214,0
2026-07-24T11:03:23Z,arch_kyprianou,ba,1726,330,202,0
2026-07-24T11:03:23Z,a1_motorway,ab,10597,351,349,0
2026-07-24T11:03:23Z,a1_motorway,ba,14048,570,558,0
2026-07-24T11:03:23Z,makariou_lakat,ab,5849,651,516,0
2026-07-24T11:03:23Z,makariou_lakat,ba,6901,717,583,0
2026-07-24T11:03:23Z,griva_digeni,ab,4212,581,441,0
2026-07-24T11:03:23Z,griva_digeni,ba,5350,867,681,0
2026-07-24T11:03:23Z,aglantzias,ab,1775,212,177,0
2026-07-24T11:03:23Z,aglantzias,ba,3098,513,372,0
2026-07-24T11:03:23Z,kranidioti,ab,1458,109,105,0
2026-07-24T11:03:23Z,kranidioti,ba,1652,122,117,0
2026-07-24T11:03:23Z,perimetrikos,ab,2510,248,229,0
2026-07-24T11:03:23Z,perimetrikos,ba,2094,180,164,0
2026-07-24T11:03:23Z,hatziiosif,ab,2049,473,195,0
2026-07-24T11:03:23Z,hatziiosif,ba,2045,321,202,0
2026-07-24T11:03:23Z,perikleous,ab,2238,461,232,0
2026-07-24T11:03:23Z,perikleous,ba,2649,368,273,0
2026-07-24T11:03:23Z,avraamidi,ab,1264,204,140,0
2026-07-24T11:03:23Z,avraamidi,ba,1266,211,150,0
2026-07-24T11:03:23Z,athinon,ab,1573,240,204,0
2026-07-24T11:03:23Z,athinon,ba,1040,279,134,0
2026-07-24T11:03:23Z,tasou_markou,ab,544,80,70,0
2026-07-24T11:03:23Z,tasou_markou,ba,492,54,55,0
2026-07-24T11:03:23Z,peiraios,ab,590,109,71,0
2026-07-24T11:03:23Z,peiraios,ba,590,96,64,0
2026-07-24T11:13:54Z,strovolou,ab,5400,600,504,0
2026-07-24T11:13:54Z,strovolou,ba,4712,588,404,0
2026-07-24T11:13:54Z,tseriou,ab,3240,359,284,0
2026-07-24T11:13:54Z,tseriou,ba,3739,520,372,0
2026-07-24T11:13:54Z,prodromou,ab,2418,304,254,0
2026-07-24T11:13:54Z,prodromou,ba,2414,347,299,0
2026-07-24T11:13:54Z,akropoleos,ab,5010,883,463,0
2026-07-24T11:13:54Z,akropoleos,ba,5145,743,479,0
2026-07-24T11:13:54Z,athalassas,ab,2793,565,282,0
2026-07-24T11:13:54Z,athalassas,ba,6362,778,608,0
2026-07-24T11:13:54Z,lemesou,ab,2014,397,213,0
2026-07-24T11:13:54Z,lemesou,ba,2007,316,196,0
2026-07-24T11:13:54Z,sp_kyprianou,ab,6489,842,585,0
2026-07-24T11:13:54Z,sp_kyprianou,ba,6573,829,627,0
2026-07-24T11:13:54Z,archangelou,ab,7265,670,523,0
2026-07-24T11:13:54Z,archangelou,ba,6911,674,591,0
2026-07-24T11:13:54Z,konstantinoup,ab,2628,312,291,0
2026-07-24T11:13:54Z,konstantinoup,ba,2629,336,313,0
2026-07-24T11:13:54Z,stavrou,ab,2187,288,208,0
2026-07-24T11:13:54Z,stavrou,ba,2245,254,206,0
2026-07-24T11:13:54Z,makedonitissas,ab,2904,490,408,0
2026-07-24T11:13:54Z,makedonitissas,ba,2705,322,290,0
2026-07-24T11:13:54Z,armenias,ab,1079,150,119,0
2026-07-24T11:13:54Z,armenias,ba,1079,271,132,0
2026-07-24T11:13:54Z,arch_kyprianou,ab,1777,321,214,0
2026-07-24T11:13:54Z,arch_kyprianou,ba,1726,324,202,0
2026-07-24T11:13:54Z,a1_motorway,ab,10597,351,349,0
2026-07-24T11:13:54Z,a1_motorway,ba,14048,570,558,0
2026-07-24T11:13:54Z,makariou_lakat,ab,5849,655,516,0
2026-07-24T11:13:54Z,makariou_lakat,ba,6901,711,583,0
2026-07-24T11:13:54Z,griva_digeni,ab,4212,572,441,0
2026-07-24T11:13:54Z,griva_digeni,ba,5350,870,681,0
2026-07-24T11:13:54Z,aglantzias,ab,1775,213,177,0
2026-07-24T11:13:54Z,aglantzias,ba,3098,514,372,0
2026-07-24T11:13:54Z,kranidioti,ab,1458,108,105,0
2026-07-24T11:13:54Z,kranidioti,ba,1652,121,117,0
2026-07-24T11:13:54Z,perimetrikos,ab,2510,246,229,0
2026-07-24T11:13:54Z,perimetrikos,ba,2094,181,164,0
2026-07-24T11:13:54Z,hatziiosif,ab,2049,480,195,0
2026-07-24T11:13:54Z,hatziiosif,ba,2045,316,202,0
2026-07-24T11:13:54Z,perikleous,ab,2238,459,232,0
2026-07-24T11:13:54Z,perikleous,ba,2649,366,273,0
2026-07-24T11:13:54Z,avraamidi,ab,1264,205,140,0
2026-07-24T11:13:54Z,avraamidi,ba,1266,221,150,0
2026-07-24T11:13:54Z,athinon,ab,1573,241,204,0
2026-07-24T11:13:54Z,athinon,ba,1040,277,134,0
2026-07-24T11:13:54Z,tasou_markou,ab,544,81,70,0
2026-07-24T11:13:54Z,tasou_markou,ba,492,54,55,0
2026-07-24T11:13:54Z,peiraios,ab,590,109,71,0
2026-07-24T11:13:54Z,peiraios,ba,590,96,64,0
2026-07-24T11:14:50Z,strovolou,ab,5400,600,504,0
2026-07-24T11:14:50Z,strovolou,ba,4712,589,404,0
2026-07-24T11:14:50Z,tseriou,ab,3240,359,284,0
2026-07-24T11:14:50Z,tseriou,ba,3739,521,372,0
2026-07-24T11:14:50Z,prodromou,ab,2418,304,254,0
2026-07-24T11:14:50Z,prodromou,ba,2414,347,299,0
2026-07-24T11:14:50Z,akropoleos,ab,5010,918,463,131
2026-07-24T11:14:50Z,akropoleos,ba,5145,743,479,0
2026-07-24T11:14:50Z,athalassas,ab,2793,568,282,0
2026-07-24T11:14:50Z,athalassas,ba,6362,778,608,0
2026-07-24T11:14:50Z,lemesou,ab,2014,399,213,0
2026-07-24T11:14:50Z,lemesou,ba,2007,316,196,0
2026-07-24T11:14:50Z,sp_kyprianou,ab,6489,843,585,0
2026-07-24T11:14:50Z,sp_kyprianou,ba,6573,829,627,0
2026-07-24T11:14:50Z,archangelou,ab,7265,671,523,0
2026-07-24T11:14:50Z,archangelou,ba,6911,675,591,0
2026-07-24T11:14:50Z,konstantinoup,ab,2628,312,291,0
2026-07-24T11:14:50Z,konstantinoup,ba,2629,336,313,0
2026-07-24T11:14:50Z,stavrou,ab,2187,288,208,0
2026-07-24T11:14:50Z,stavrou,ba,2245,254,206,0
2026-07-24T11:14:50Z,makedonitissas,ab,2904,490,408,0
2026-07-24T11:14:50Z,makedonitissas,ba,2705,322,290,0
2026-07-24T11:14:50Z,armenias,ab,1079,150,119,0
2026-07-24T11:14:50Z,armenias,ba,1079,271,132,0
2026-07-24T11:14:50Z,arch_kyprianou,ab,1777,322,214,0
2026-07-24T11:14:50Z,arch_kyprianou,ba,1726,324,202,0
2026-07-24T11:14:50Z,a1_motorway,ab,10597,351,349,0
2026-07-24T11:14:50Z,a1_motorway,ba,14048,570,558,0
2026-07-24T11:14:50Z,makariou_lakat,ab,5849,656,516,0
2026-07-24T11:14:50Z,makariou_lakat,ba,6901,711,583,0
2026-07-24T11:14:50Z,griva_digeni,ab,4212,581,441,0
2026-07-24T11:14:50Z,griva_digeni,ba,5350,870,681,0
2026-07-24T11:14:50Z,aglantzias,ab,1775,213,177,0
2026-07-24T11:14:50Z,aglantzias,ba,3098,514,372,0
2026-07-24T11:14:50Z,kranidioti,ab,1458,108,105,0
2026-07-24T11:14:50Z,kranidioti,ba,1652,121,117,0
2026-07-24T11:14:50Z,perimetrikos,ab,2510,246,229,0
2026-07-24T11:14:50Z,perimetrikos,ba,2094,181,164,0
2026-07-24T11:14:50Z,hatziiosif,ab,2049,517,195,131
2026-07-24T11:14:50Z,hatziiosif,ba,2045,316,202,0
2026-07-24T11:14:50Z,perikleous,ab,2238,459,232,0
2026-07-24T11:14:50Z,perikleous,ba,2649,366,273,0
2026-07-24T11:14:50Z,avraamidi,ab,1264,205,140,0
2026-07-24T11:14:50Z,avraamidi,ba,1266,221,150,0
2026-07-24T11:14:50Z,athinon,ab,1573,241,204,0
2026-07-24T11:14:50Z,athinon,ba,1040,277,134,0
2026-07-24T11:14:50Z,tasou_markou,ab,544,81,70,0
2026-07-24T11:14:50Z,tasou_markou,ba,492,54,55,0
2026-07-24T11:14:50Z,peiraios,ab,590,109,71,0
2026-07-24T11:14:50Z,peiraios,ba,590,96,64,0
2026-07-24T11:25:19Z,strovolou,ab,5400,603,504,0
2026-07-24T11:25:19Z,strovolou,ba,4712,602,404,0
2026-07-24T11:25:19Z,tseriou,ab,3240,362,284,0
2026-07-24T11:25:19Z,tseriou,ba,3739,527,372,0
2026-07-24T11:25:19Z,prodromou,ab,2418,305,254,0
2026-07-24T11:25:19Z,prodromou,ba,2414,347,299,0
2026-07-24T11:25:19Z,akropoleos,ab,5010,937,463,198
2026-07-24T11:25:19Z,akropoleos,ba,5145,756,479,0
2026-07-24T11:25:19Z,athalassas,ab,2793,579,282,0
2026-07-24T11:25:19Z,athalassas,ba,6362,781,608,0
2026-07-24T11:25:19Z,lemesou,ab,2014,412,213,0
2026-07-24T11:25:19Z,lemesou,ba,2007,320,196,0
2026-07-24T11:25:19Z,sp_kyprianou,ab,6489,857,585,0
2026-07-24T11:25:19Z,sp_kyprianou,ba,6573,834,627,0
2026-07-24T11:25:19Z,archangelou,ab,7265,682,523,0
2026-07-24T11:25:19Z,archangelou,ba,6911,676,591,0
2026-07-24T11:25:19Z,konstantinoup,ab,2628,312,291,0
2026-07-24T11:25:19Z,konstantinoup,ba,2629,338,313,0
2026-07-24T11:25:19Z,stavrou,ab,2187,293,208,0
2026-07-24T11:25:19Z,stavrou,ba,2245,255,206,0
2026-07-24T11:25:19Z,makedonitissas,ab,2904,496,408,0
2026-07-24T11:25:19Z,makedonitissas,ba,2705,324,290,0
2026-07-24T11:25:19Z,armenias,ab,1079,150,119,0
2026-07-24T11:25:19Z,armenias,ba,1079,281,132,0
2026-07-24T11:25:19Z,arch_kyprianou,ab,1777,330,214,0
2026-07-24T11:25:19Z,arch_kyprianou,ba,1726,328,202,0
2026-07-24T11:25:19Z,a1_motorway,ab,10597,351,349,0
2026-07-24T11:25:19Z,a1_motorway,ba,14048,571,558,0
2026-07-24T11:25:19Z,makariou_lakat,ab,5849,662,516,0
2026-07-24T11:25:19Z,makariou_lakat,ba,6901,715,583,0
2026-07-24T11:25:19Z,griva_digeni,ab,4212,586,441,0
2026-07-24T11:25:19Z,griva_digeni,ba,5350,874,681,0
2026-07-24T11:25:19Z,aglantzias,ab,1775,214,177,0
2026-07-24T11:25:19Z,aglantzias,ba,3098,518,372,0
2026-07-24T11:25:19Z,kranidioti,ab,1458,109,105,0
2026-07-24T11:25:19Z,kranidioti,ba,1652,122,117,0
2026-07-24T11:25:19Z,perimetrikos,ab,2510,246,229,0
2026-07-24T11:25:19Z,perimetrikos,ba,2094,183,164,0
2026-07-24T11:25:19Z,hatziiosif,ab,2049,532,195,198
2026-07-24T11:25:19Z,hatziiosif,ba,2045,320,202,0
2026-07-24T11:25:19Z,perikleous,ab,2238,465,232,0
2026-07-24T11:25:19Z,perikleous,ba,2649,368,273,0
2026-07-24T11:25:19Z,avraamidi,ab,1264,209,140,0
2026-07-24T11:25:19Z,avraamidi,ba,1266,224,150,0
2026-07-24T11:25:19Z,athinon,ab,1573,243,204,0
2026-07-24T11:25:19Z,athinon,ba,1040,279,134,0
2026-07-24T11:25:19Z,tasou_markou,ab,544,81,70,0
2026-07-24T11:25:19Z,tasou_markou,ba,492,54,55,0
2026-07-24T11:25:19Z,peiraios,ab,590,112,71,0
2026-07-24T11:25:19Z,peiraios,ba,590,98,64,0
2026-07-24T12:06:10Z,strovolou,ab,5400,616,504,0
2026-07-24T12:06:10Z,strovolou,ba,5074,897,557,88
2026-07-24T12:06:10Z,tseriou,ab,3240,378,284,0
2026-07-24T12:06:10Z,tseriou,ba,3739,549,372,0
2026-07-24T12:06:10Z,prodromou,ab,2418,311,254,0
2026-07-24T12:06:10Z,prodromou,ba,2414,350,299,0
2026-07-24T12:06:10Z,akropoleos,ab,7073,1387,590,484
2026-07-24T12:06:10Z,akropoleos,ba,5145,783,479,0
2026-07-24T12:06:10Z,athalassas,ab,2793,814,282,274
2026-07-24T12:06:10Z,athalassas,ba,6362,801,608,0
2026-07-24T12:06:10Z,lemesou,ab,2877,846,436,274
2026-07-24T12:06:10Z,lemesou,ba,2007,448,196,178
2026-07-24T12:06:10Z,sp_kyprianou,ab,7006,1263,673,434
2026-07-24T12:06:10Z,sp_kyprianou,ba,6573,904,627,116
2026-07-24T12:06:10Z,archangelou,ab,8903,958,827,1
2026-07-24T12:06:10Z,archangelou,ba,6911,685,591,0
2026-07-24T12:06:10Z,konstantinoup,ab,2628,316,291,0
2026-07-24T12:06:10Z,konstantinoup,ba,2629,344,313,0
2026-07-24T12:06:10Z,stavrou,ab,2187,320,208,0
2026-07-24T12:06:10Z,stavrou,ba,2245,263,206,0
2026-07-24T12:06:10Z,makedonitissas,ab,2797,690,391,238
2026-07-24T12:06:10Z,makedonitissas,ba,2705,332,290,0
2026-07-24T12:06:10Z,armenias,ab,1079,151,119,0
2026-07-24T12:06:10Z,armenias,ba,1622,410,254,34
2026-07-24T12:06:10Z,arch_kyprianou,ab,1652,330,254,0
2026-07-24T12:06:10Z,arch_kyprianou,ba,1726,341,202,0
2026-07-24T12:06:10Z,a1_motorway,ab,10597,351,349,0
2026-07-24T12:06:10Z,a1_motorway,ba,14048,576,558,0
2026-07-24T12:06:10Z,makariou_lakat,ab,5849,699,516,0
2026-07-24T12:06:10Z,makariou_lakat,ba,6316,741,613,0
2026-07-24T12:06:10Z,griva_digeni,ab,4212,622,441,2
2026-07-24T12:06:10Z,griva_digeni,ba,5350,1130,681,271
2026-07-24T12:06:10Z,aglantzias,ab,1775,218,177,0
2026-07-24T12:06:10Z,aglantzias,ba,3098,547,372,42
2026-07-24T12:06:10Z,kranidioti,ab,1458,111,105,0
2026-07-24T12:06:10Z,kranidioti,ba,1652,124,117,0
2026-07-24T12:06:10Z,perimetrikos,ab,2510,248,229,0
2026-07-24T12:06:10Z,perimetrikos,ba,2094,191,164,0
2026-07-24T12:06:10Z,hatziiosif,ab,2049,740,195,424
2026-07-24T12:06:10Z,hatziiosif,ba,2045,331,202,0
2026-07-24T12:06:10Z,perikleous,ab,2016,521,275,138
2026-07-24T12:06:10Z,perikleous,ba,2649,401,273,33
2026-07-24T12:06:10Z,avraamidi,ab,1264,218,140,0
2026-07-24T12:06:10Z,avraamidi,ba,1266,243,150,0
2026-07-24T12:06:10Z,athinon,ab,1573,252,204,0
2026-07-24T12:06:10Z,athinon,ba,1040,302,134,0
2026-07-24T12:06:10Z,tasou_markou,ab,544,83,70,0
2026-07-24T12:06:10Z,tasou_markou,ba,492,55,55,0
2026-07-24T12:06:10Z,peiraios,ab,590,113,71,0
2026-07-24T12:06:10Z,peiraios,ba,590,106,64,0
2026-07-24T13:07:11Z,strovolou,ab,5400,627,504,0
2026-07-24T13:07:11Z,strovolou,ba,4712,787,404,165
2026-07-24T13:07:11Z,tseriou,ab,3240,389,284,0
2026-07-24T13:07:11Z,tseriou,ba,3739,567,372,0
2026-07-24T13:07:11Z,prodromou,ab,2418,316,254,0
2026-07-24T13:07:11Z,prodromou,ba,2414,357,299,0
2026-07-24T13:07:11Z,akropoleos,ab,5010,1292,463,466
2026-07-24T13:07:11Z,akropoleos,ba,8177,783,595,0
2026-07-24T13:07:11Z,athalassas,ab,3185,822,422,296
2026-07-24T13:07:11Z,athalassas,ba,6362,805,608,0
2026-07-24T13:07:11Z,lemesou,ab,3427,630,353,147
2026-07-24T13:07:11Z,lemesou,ba,2007,344,196,0
2026-07-24T13:07:11Z,sp_kyprianou,ab,6489,1085,585,234
2026-07-24T13:07:11Z,sp_kyprianou,ba,6573,860,627,0
2026-07-24T13:07:11Z,archangelou,ab,7265,886,523,234
2026-07-24T13:07:11Z,archangelou,ba,6911,697,591,0
2026-07-24T13:07:11Z,konstantinoup,ab,2628,320,291,0
2026-07-24T13:07:11Z,konstantinoup,ba,2629,353,313,0
2026-07-24T13:07:11Z,stavrou,ab,2187,339,208,0
2026-07-24T13:07:11Z,stavrou,ba,2245,268,206,0
2026-07-24T13:07:11Z,makedonitissas,ab,2904,635,408,176
2026-07-24T13:07:11Z,makedonitissas,ba,2705,342,290,0
2026-07-24T13:07:11Z,armenias,ab,1079,152,119,0
2026-07-24T13:07:11Z,armenias,ba,1079,330,132,0
2026-07-24T13:07:11Z,arch_kyprianou,ab,1652,334,254,0
2026-07-24T13:07:11Z,arch_kyprianou,ba,1726,345,202,0
2026-07-24T13:07:11Z,a1_motorway,ab,10597,351,349,0
2026-07-24T13:07:11Z,a1_motorway,ba,14048,573,558,0
2026-07-24T13:07:11Z,makariou_lakat,ab,6453,824,558,150
2026-07-24T13:07:11Z,makariou_lakat,ba,6901,760,583,0
2026-07-24T13:07:11Z,griva_digeni,ab,4212,629,441,0
2026-07-24T13:07:11Z,griva_digeni,ba,5350,891,681,0
2026-07-24T13:07:11Z,aglantzias,ab,1775,223,177,0
2026-07-24T13:07:11Z,aglantzias,ba,3098,547,372,0
2026-07-24T13:07:11Z,kranidioti,ab,1458,113,105,0
2026-07-24T13:07:11Z,kranidioti,ba,1652,129,117,0
2026-07-24T13:07:11Z,perimetrikos,ab,2510,251,229,0
2026-07-24T13:07:11Z,perimetrikos,ba,2094,208,164,0
2026-07-24T13:07:11Z,hatziiosif,ab,2049,691,195,312
2026-07-24T13:07:11Z,hatziiosif,ba,2045,330,202,0
2026-07-24T13:07:11Z,perikleous,ab,2016,540,275,136
2026-07-24T13:07:11Z,perikleous,ba,2649,393,273,18
2026-07-24T13:07:11Z,avraamidi,ab,1264,302,140,121
2026-07-24T13:07:11Z,avraamidi,ba,1266,253,150,0
2026-07-24T13:07:11Z,athinon,ab,1573,260,204,0
2026-07-24T13:07:11Z,athinon,ba,1040,317,134,0
2026-07-24T13:07:11Z,tasou_markou,ab,544,82,70,0
2026-07-24T13:07:11Z,tasou_markou,ba,492,54,55,0
2026-07-24T13:07:11Z,peiraios,ab,590,118,71,0
2026-07-24T13:07:11Z,peiraios,ba,590,110,64,0
2026-07-24T13:48:13Z,strovolou,ab,5400,633,504,0
2026-07-24T13:48:13Z,strovolou,ba,4712,694,404,0
2026-07-24T13:48:13Z,tseriou,ab,3240,391,284,0
2026-07-24T13:48:13Z,tseriou,ba,3578,565,434,0
2026-07-24T13:48:13Z,prodromou,ab,2418,313,254,0
2026-07-24T13:48:13Z,prodromou,ba,2414,361,299,0
2026-07-24T13:48:13Z,akropoleos,ab,5010,985,463,129
2026-07-24T13:48:13Z,akropoleos,ba,5145,805,479,0
2026-07-24T13:48:13Z,athalassas,ab,3640,684,406,165
2026-07-24T13:48:13Z,athalassas,ba,6362,806,608,0
2026-07-24T13:48:13Z,lemesou,ab,2014,575,213,165
2026-07-24T13:48:13Z,lemesou,ba,2007,339,196,0
2026-07-24T13:48:13Z,sp_kyprianou,ab,6489,909,585,0
2026-07-24T13:48:13Z,sp_kyprianou,ba,6573,851,627,0
2026-07-24T13:48:13Z,archangelou,ab,7265,738,523,0
2026-07-24T13:48:13Z,archangelou,ba,6911,704,591,0
2026-07-24T13:48:13Z,konstantinoup,ab,2628,324,291,0
2026-07-24T13:48:13Z,konstantinoup,ba,2629,356,313,0
2026-07-24T13:48:13Z,stavrou,ab,2187,339,208,0
2026-07-24T13:48:13Z,stavrou,ba,2245,268,206,0
2026-07-24T13:48:13Z,makedonitissas,ab,2904,521,408,0
2026-07-24T13:48:13Z,makedonitissas,ba,2705,346,290,0
2026-07-24T13:48:13Z,armenias,ab,1079,152,119,0
2026-07-24T13:48:13Z,armenias,ba,1079,310,132,0
2026-07-24T13:48:13Z,arch_kyprianou,ab,1652,328,254,0
2026-07-24T13:48:13Z,arch_kyprianou,ba,1726,345,202,0
2026-07-24T13:48:13Z,a1_motorway,ab,10597,351,349,0
2026-07-24T13:48:13Z,a1_motorway,ba,14048,571,558,0
2026-07-24T13:48:13Z,makariou_lakat,ab,6453,774,558,0
2026-07-24T13:48:13Z,makariou_lakat,ba,6901,770,583,0
2026-07-24T13:48:13Z,griva_digeni,ab,4212,616,441,0
2026-07-24T13:48:13Z,griva_digeni,ba,5350,881,681,0
2026-07-24T13:48:13Z,aglantzias,ab,1775,227,177,0
2026-07-24T13:48:13Z,aglantzias,ba,3098,540,372,0
2026-07-24T13:48:13Z,kranidioti,ab,1458,114,105,0
2026-07-24T13:48:13Z,kranidioti,ba,1652,132,117,0
2026-07-24T13:48:13Z,perimetrikos,ab,2510,254,229,0
2026-07-24T13:48:13Z,perimetrikos,ba,2094,211,164,0
2026-07-24T13:48:13Z,hatziiosif,ab,2049,569,195,129
2026-07-24T13:48:13Z,hatziiosif,ba,2045,327,202,0
2026-07-24T13:48:13Z,perikleous,ab,2238,498,232,0
2026-07-24T13:48:13Z,perikleous,ba,2649,387,273,0
2026-07-24T13:48:13Z,avraamidi,ab,1264,222,140,0
2026-07-24T13:48:13Z,avraamidi,ba,1266,243,150,0
2026-07-24T13:48:13Z,athinon,ab,1573,260,204,0
2026-07-24T13:48:13Z,athinon,ba,1040,327,134,0
2026-07-24T13:48:13Z,tasou_markou,ab,544,82,70,0
2026-07-24T13:48:13Z,tasou_markou,ba,492,54,55,0
2026-07-24T13:48:13Z,peiraios,ab,590,120,71,0
2026-07-24T13:48:13Z,peiraios,ba,590,107,64,0
2026-07-24T14:05:36Z,strovolou,ab,5400,620,504,0
2026-07-24T14:05:36Z,strovolou,ba,4712,632,404,0
2026-07-24T14:05:36Z,tseriou,ab,3240,373,284,0
2026-07-24T14:05:36Z,tseriou,ba,3739,554,372,0
2026-07-24T14:05:36Z,prodromou,ab,2418,304,254,0
2026-07-24T14:05:36Z,prodromou,ba,2414,356,299,0
2026-07-24T14:05:36Z,akropoleos,ab,5010,890,463,0
2026-07-24T14:05:36Z,akropoleos,ba,8177,766,595,0
2026-07-24T14:05:36Z,athalassas,ab,3640,573,406,0
2026-07-24T14:05:36Z,athalassas,ba,6362,772,608,0
2026-07-24T14:05:36Z,lemesou,ab,2014,444,213,0
2026-07-24T14:05:36Z,lemesou,ba,2007,312,196,0
2026-07-24T14:05:36Z,sp_kyprianou,ab,6489,842,585,0
2026-07-24T14:05:36Z,sp_kyprianou,ba,6573,811,627,0
2026-07-24T14:05:36Z,archangelou,ab,7265,694,523,0
2026-07-24T14:05:36Z,archangelou,ba,6911,689,591,0
2026-07-24T14:05:36Z,konstantinoup,ab,2628,321,291,0
2026-07-24T14:05:36Z,konstantinoup,ba,2629,349,313,0
2026-07-24T14:05:36Z,stavrou,ab,2187,313,208,0
2026-07-24T14:05:36Z,stavrou,ba,2245,259,206,0
2026-07-24T14:05:36Z,makedonitissas,ab,2904,497,408,0
2026-07-24T14:05:36Z,makedonitissas,ba,2705,335,290,0
2026-07-24T14:05:36Z,armenias,ab,1079,149,119,0
2026-07-24T14:05:36Z,armenias,ba,1079,271,132,0
2026-07-24T14:05:36Z,arch_kyprianou,ab,1652,311,254,0
2026-07-24T14:05:36Z,arch_kyprianou,ba,1726,325,202,0
2026-07-24T14:05:36Z,a1_motorway,ab,10597,351,349,0
2026-07-24T14:05:36Z,a1_motorway,ba,14048,568,558,0
2026-07-24T14:05:36Z,makariou_lakat,ab,6453,739,558,0
2026-07-24T14:05:36Z,makariou_lakat,ba,6901,747,583,0
2026-07-24T14:05:36Z,griva_digeni,ab,4212,586,441,0
2026-07-24T14:05:36Z,griva_digeni,ba,5350,849,681,0
2026-07-24T14:05:36Z,aglantzias,ab,1775,221,177,0
2026-07-24T14:05:36Z,aglantzias,ba,3098,516,372,0
2026-07-24T14:05:36Z,kranidioti,ab,1458,113,105,0
2026-07-24T14:05:36Z,kranidioti,ba,1652,131,117,0
2026-07-24T14:05:36Z,perimetrikos,ab,2510,254,229,0
2026-07-24T14:05:36Z,perimetrikos,ba,2094,210,164,0
2026-07-24T14:05:36Z,hatziiosif,ab,2049,505,195,0
2026-07-24T14:05:36Z,hatziiosif,ba,2045,306,202,0
2026-07-24T14:05:36Z,perikleous,ab,2238,455,232,0
2026-07-24T14:05:36Z,perikleous,ba,2649,369,273,0
2026-07-24T14:05:36Z,avraamidi,ab,1264,211,140,0
2026-07-24T14:05:36Z,avraamidi,ba,1266,231,150,0
2026-07-24T14:05:36Z,athinon,ab,1573,251,204,0
2026-07-24T14:05:36Z,athinon,ba,1040,307,134,0
2026-07-24T14:05:36Z,tasou_markou,ab,544,81,70,0
2026-07-24T14:05:36Z,tasou_markou,ba,492,54,55,0
2026-07-24T14:05:36Z,peiraios,ab,590,120,71,0
2026-07-24T14:05:36Z,peiraios,ba,590,99,64,0
2026-07-24T14:16:06Z,strovolou,ab,5400,619,504,0
2026-07-24T14:16:06Z,strovolou,ba,4712,618,404,0
2026-07-24T14:16:06Z,tseriou,ab,3240,371,284,0
2026-07-24T14:16:06Z,tseriou,ba,3739,552,372,0
2026-07-24T14:16:06Z,prodromou,ab,2418,302,254,0
2026-07-24T14:16:06Z,prodromou,ba,2414,356,299,0
2026-07-24T14:16:06Z,akropoleos,ab,5010,839,463,0
2026-07-24T14:16:06Z,akropoleos,ba,5145,758,479,0
2026-07-24T14:16:06Z,athalassas,ab,2793,548,282,0
2026-07-24T14:16:06Z,athalassas,ba,6269,800,543,0
2026-07-24T14:16:06Z,lemesou,ab,2014,432,213,0
2026-07-24T14:16:06Z,lemesou,ba,2007,309,196,0
2026-07-24T14:16:06Z,sp_kyprianou,ab,6489,822,585,0
2026-07-24T14:16:06Z,sp_kyprianou,ba,6573,794,627,0
2026-07-24T14:16:06Z,archangelou,ab,7265,685,523,0
2026-07-24T14:16:06Z,archangelou,ba,6911,688,591,0
2026-07-24T14:16:06Z,konstantinoup,ab,2628,321,291,0
2026-07-24T14:16:06Z,konstantinoup,ba,2629,348,313,0
2026-07-24T14:16:06Z,stavrou,ab,2187,308,208,0
2026-07-24T14:16:06Z,stavrou,ba,2245,258,206,0
2026-07-24T14:16:06Z,makedonitissas,ab,2904,489,408,0
2026-07-24T14:16:06Z,makedonitissas,ba,2705,335,290,0
2026-07-24T14:16:06Z,armenias,ab,1079,149,119,0
2026-07-24T14:16:06Z,armenias,ba,1079,263,132,0
2026-07-24T14:16:06Z,arch_kyprianou,ab,1652,308,254,0
2026-07-24T14:16:06Z,arch_kyprianou,ba,1726,325,202,0
2026-07-24T14:16:06Z,a1_motorway,ab,10597,351,349,0
2026-07-24T14:16:06Z,a1_motorway,ba,14048,567,558,0
2026-07-24T14:16:06Z,makariou_lakat,ab,6453,734,558,0
2026-07-24T14:16:06Z,makariou_lakat,ba,6901,745,583,0
2026-07-24T14:16:06Z,griva_digeni,ab,4212,578,441,0
2026-07-24T14:16:06Z,griva_digeni,ba,5350,847,681,0
2026-07-24T14:16:06Z,aglantzias,ab,1775,221,177,0
2026-07-24T14:16:06Z,aglantzias,ba,3098,511,372,0
2026-07-24T14:16:06Z,kranidioti,ab,1458,113,105,0
2026-07-24T14:16:06Z,kranidioti,ba,1652,131,117,0
2026-07-24T14:16:06Z,perimetrikos,ab,2510,253,229,0
2026-07-24T14:16:06Z,perimetrikos,ba,2094,209,164,0
2026-07-24T14:16:06Z,hatziiosif,ab,2049,491,195,0
2026-07-24T14:16:06Z,hatziiosif,ba,2045,304,202,0
2026-07-24T14:16:06Z,perikleous,ab,2276,458,320,0
2026-07-24T14:16:06Z,perikleous,ba,2649,367,273,0
2026-07-24T14:16:06Z,avraamidi,ab,1264,209,140,0
2026-07-24T14:16:06Z,avraamidi,ba,1266,227,150,0
2026-07-24T14:16:06Z,athinon,ab,1573,250,204,0
2026-07-24T14:16:06Z,athinon,ba,1040,304,134,0
2026-07-24T14:16:06Z,tasou_markou,ab,544,81,70,0
2026-07-24T14:16:06Z,tasou_markou,ba,492,54,55,0
2026-07-24T14:16:06Z,peiraios,ab,590,120,71,0
2026-07-24T14:16:06Z,peiraios,ba,590,97,64,0
2026-07-24T14:26:35Z,strovolou,ab,5400,616,504,0
2026-07-24T14:26:35Z,strovolou,ba,4712,601,404,0
2026-07-24T14:26:35Z,tseriou,ab,3240,367,284,0
2026-07-24T14:26:35Z,tseriou,ba,3739,542,372,0
2026-07-24T14:26:35Z,prodromou,ab,2418,303,254,0
2026-07-24T14:26:35Z,prodromou,ba,2414,355,299,0
2026-07-24T14:26:35Z,akropoleos,ab,5010,811,463,0
2026-07-24T14:26:35Z,akropoleos,ba,5145,749,479,0
2026-07-24T14:26:35Z,athalassas,ab,2793,511,282,0
2026-07-24T14:26:35Z,athalassas,ba,6269,793,543,0
2026-07-24T14:26:35Z,lemesou,ab,2014,408,213,0
2026-07-24T14:26:35Z,lemesou,ba,2007,300,196,0
2026-07-24T14:26:35Z,sp_kyprianou,ab,6489,793,585,0
2026-07-24T14:26:35Z,sp_kyprianou,ba,6573,788,627,0
2026-07-24T14:26:35Z,archangelou,ab,7265,673,523,0
2026-07-24T14:26:35Z,archangelou,ba,6911,686,591,0
2026-07-24T14:26:35Z,konstantinoup,ab,2628,321,291,0
2026-07-24T14:26:35Z,konstantinoup,ba,2629,348,313,0
2026-07-24T14:26:35Z,stavrou,ab,2187,301,208,0
2026-07-24T14:26:35Z,stavrou,ba,2245,256,206,0
2026-07-24T14:26:35Z,makedonitissas,ab,2904,480,408,0
2026-07-24T14:26:35Z,makedonitissas,ba,2705,333,290,0
2026-07-24T14:26:35Z,armenias,ab,1079,147,119,0
2026-07-24T14:26:35Z,armenias,ba,1079,251,132,0
2026-07-24T14:26:35Z,arch_kyprianou,ab,1777,321,214,0
2026-07-24T14:26:35Z,arch_kyprianou,ba,1726,320,202,0
2026-07-24T14:26:35Z,a1_motorway,ab,10597,351,349,0
2026-07-24T14:26:35Z,a1_motorway,ba,14048,568,558,0
2026-07-24T14:26:35Z,makariou_lakat,ab,6453,730,558,0
2026-07-24T14:26:35Z,makariou_lakat,ba,6901,741,583,0
2026-07-24T14:26:35Z,griva_digeni,ab,4212,558,441,0
2026-07-24T14:26:35Z,griva_digeni,ba,5350,842,681,0
2026-07-24T14:26:35Z,aglantzias,ab,1775,221,177,0
2026-07-24T14:26:35Z,aglantzias,ba,3098,495,372,0
2026-07-24T14:26:35Z,kranidioti,ab,1458,113,105,0
2026-07-24T14:26:35Z,kranidioti,ba,1652,130,117,0
2026-07-24T14:26:35Z,perimetrikos,ab,2510,253,229,0
2026-07-24T14:26:35Z,perimetrikos,ba,2094,208,164,0
2026-07-24T14:26:35Z,hatziiosif,ab,2049,444,195,0
2026-07-24T14:26:35Z,hatziiosif,ba,2045,301,202,0
2026-07-24T14:26:35Z,perikleous,ab,2238,425,232,0
2026-07-24T14:26:35Z,perikleous,ba,2649,363,273,0
2026-07-24T14:26:35Z,avraamidi,ab,1264,205,140,0
2026-07-24T14:26:35Z,avraamidi,ba,1266,212,150,0
2026-07-24T14:26:35Z,athinon,ab,1573,249,204,0
2026-07-24T14:26:35Z,athinon,ba,1040,296,134,0
2026-07-24T14:26:35Z,tasou_markou,ab,544,81,70,0
2026-07-24T14:26:35Z,tasou_markou,ba,492,54,55,0
2026-07-24T14:26:35Z,peiraios,ab,590,118,71,0
2026-07-24T14:26:35Z,peiraios,ba,590,95,64,0
2026-07-24T14:37:06Z,strovolou,ab,5400,612,504,0
2026-07-24T14:37:06Z,strovolou,ba,4712,675,404,140
2026-07-24T14:37:06Z,tseriou,ab,3240,363,284,0
2026-07-24T14:37:06Z,tseriou,ba,3739,537,372,0
2026-07-24T14:37:06Z,prodromou,ab,2418,301,254,0
2026-07-24T14:37:06Z,prodromou,ba,2414,354,299,0
2026-07-24T14:37:06Z,akropoleos,ab,5010,781,463,0
2026-07-24T14:37:06Z,akropoleos,ba,5145,739,479,0
2026-07-24T14:37:06Z,athalassas,ab,2793,497,282,0
2026-07-24T14:37:06Z,athalassas,ba,6362,762,608,0
2026-07-24T14:37:06Z,lemesou,ab,2014,390,213,0
2026-07-24T14:37:06Z,lemesou,ba,2007,294,196,0
2026-07-24T14:37:06Z,sp_kyprianou,ab,6489,775,585,0
2026-07-24T14:37:06Z,sp_kyprianou,ba,6573,781,627,0
2026-07-24T14:37:06Z,archangelou,ab,7265,658,523,0
2026-07-24T14:37:06Z,archangelou,ba,6911,683,591,0
2026-07-24T14:37:06Z,konstantinoup,ab,2628,320,291,0
2026-07-24T14:37:06Z,konstantinoup,ba,2629,347,313,0
2026-07-24T14:37:06Z,stavrou,ab,2187,294,208,0
2026-07-24T14:37:06Z,stavrou,ba,2245,253,206,0
2026-07-24T14:37:06Z,makedonitissas,ab,2904,472,408,0
2026-07-24T14:37:06Z,makedonitissas,ba,2705,332,290,0
2026-07-24T14:37:06Z,armenias,ab,1079,146,119,0
2026-07-24T14:37:06Z,armenias,ba,1079,239,132,0
2026-07-24T14:37:06Z,arch_kyprianou,ab,1652,300,254,0
2026-07-24T14:37:06Z,arch_kyprianou,ba,1726,319,202,0
2026-07-24T14:37:06Z,a1_motorway,ab,10597,351,349,0
2026-07-24T14:37:06Z,a1_motorway,ba,14048,566,558,0
2026-07-24T14:37:06Z,makariou_lakat,ab,6453,721,558,0
2026-07-24T14:37:06Z,makariou_lakat,ba,6901,738,583,0
2026-07-24T14:37:06Z,griva_digeni,ab,4212,548,441,0
2026-07-24T14:37:06Z,griva_digeni,ba,5350,833,681,0
2026-07-24T14:37:06Z,aglantzias,ab,1775,218,177,0
2026-07-24T14:37:06Z,aglantzias,ba,3098,490,372,0
2026-07-24T14:37:06Z,kranidioti,ab,1458,113,105,0
2026-07-24T14:37:06Z,kranidioti,ba,1652,130,117,0
2026-07-24T14:37:06Z,perimetrikos,ab,2510,253,229,0
2026-07-24T14:37:06Z,perimetrikos,ba,2094,205,164,0
2026-07-24T14:37:06Z,hatziiosif,ab,2049,428,195,0
2026-07-24T14:37:06Z,hatziiosif,ba,2045,298,202,0
2026-07-24T14:37:06Z,perikleous,ab,2238,484,232,107
2026-07-24T14:37:06Z,perikleous,ba,2649,386,273,33
2026-07-24T14:37:06Z,avraamidi,ab,1264,202,140,0
2026-07-24T14:37:06Z,avraamidi,ba,1266,206,150,0
2026-07-24T14:37:06Z,athinon,ab,1573,247,204,0
2026-07-24T14:37:06Z,athinon,ba,1040,291,134,0
2026-07-24T14:37:06Z,tasou_markou,ab,544,81,70,0
2026-07-24T14:37:06Z,tasou_markou,ba,492,54,55,0
2026-07-24T14:37:06Z,peiraios,ab,590,118,71,0
2026-07-24T14:37:06Z,peiraios,ba,590,91,64,0
2026-07-24T14:47:35Z,strovolou,ab,5400,608,504,0
2026-07-24T14:47:35Z,strovolou,ba,4712,636,404,106
2026-07-24T14:47:35Z,tseriou,ab,3240,359,284,0
2026-07-24T14:47:35Z,tseriou,ba,3739,518,372,0
2026-07-24T14:47:35Z,prodromou,ab,2418,297,254,0
2026-07-24T14:47:35Z,prodromou,ba,2414,352,299,0
2026-07-24T14:47:35Z,akropoleos,ab,5010,766,463,0
2026-07-24T14:47:35Z,akropoleos,ba,5145,726,479,0
2026-07-24T14:47:35Z,athalassas,ab,2793,478,282,0
2026-07-24T14:47:35Z,athalassas,ba,6037,797,534,0
2026-07-24T14:47:35Z,lemesou,ab,2014,354,213,0
2026-07-24T14:47:35Z,lemesou,ba,2007,288,196,0
2026-07-24T14:47:35Z,sp_kyprianou,ab,6489,759,585,0
2026-07-24T14:47:35Z,sp_kyprianou,ba,6573,771,627,0
2026-07-24T14:47:35Z,archangelou,ab,7265,648,523,0
2026-07-24T14:47:35Z,archangelou,ba,6911,677,591,0
2026-07-24T14:47:35Z,konstantinoup,ab,2628,320,291,0
2026-07-24T14:47:35Z,konstantinoup,ba,2629,344,313,0
2026-07-24T14:47:35Z,stavrou,ab,2187,288,208,0
2026-07-24T14:47:35Z,stavrou,ba,2245,251,206,0
2026-07-24T14:47:35Z,makedonitissas,ab,2904,465,408,0
2026-07-24T14:47:35Z,makedonitissas,ba,2705,328,290,0
2026-07-24T14:47:35Z,armenias,ab,1079,145,119,0
2026-07-24T14:47:35Z,armenias,ba,1079,230,132,0
2026-07-24T14:47:35Z,arch_kyprianou,ab,1652,298,254,0
2026-07-24T14:47:35Z,arch_kyprianou,ba,1726,313,202,0
2026-07-24T14:47:35Z,a1_motorway,ab,10597,351,349,0
2026-07-24T14:47:35Z,a1_motorway,ba,14048,565,558,0
2026-07-24T14:47:35Z,makariou_lakat,ab,6137,711,529,0
2026-07-24T14:47:35Z,makariou_lakat,ba,6901,734,583,0
2026-07-24T14:47:35Z,griva_digeni,ab,4212,540,441,0
2026-07-24T14:47:35Z,griva_digeni,ba,5350,825,681,0
2026-07-24T14:47:35Z,aglantzias,ab,1775,217,177,0
2026-07-24T14:47:35Z,aglantzias,ba,3098,482,372,0
2026-07-24T14:47:35Z,kranidioti,ab,1458,114,105,0
2026-07-24T14:47:35Z,kranidioti,ba,1652,129,117,0
2026-07-24T14:47:35Z,perimetrikos,ab,2510,252,229,0
2026-07-24T14:47:35Z,perimetrikos,ba,2094,202,164,0
2026-07-24T14:47:35Z,hatziiosif,ab,2049,409,195,0
2026-07-24T14:47:35Z,hatziiosif,ba,2045,293,202,0
2026-07-24T14:47:35Z,perikleous,ab,2238,451,232,82
2026-07-24T14:47:35Z,perikleous,ba,2649,373,273,24
2026-07-24T14:47:35Z,avraamidi,ab,1264,197,140,0
2026-07-24T14:47:35Z,avraamidi,ba,1266,201,150,0
2026-07-24T14:47:35Z,athinon,ab,1573,244,204,0
2026-07-24T14:47:35Z,athinon,ba,1040,276,134,0
2026-07-24T14:47:35Z,tasou_markou,ab,544,81,70,0
2026-07-24T14:47:35Z,tasou_markou,ba,492,54,55,0
2026-07-24T14:47:35Z,peiraios,ab,590,115,71,0
2026-07-24T14:47:35Z,peiraios,ba,590,89,64,0
2026-07-24T14:58:05Z,strovolou,ab,5400,604,504,0
2026-07-24T14:58:05Z,strovolou,ba,4712,556,404,0
2026-07-24T14:58:05Z,tseriou,ab,2555,391,225,0
2026-07-24T14:58:05Z,tseriou,ba,3739,513,372,0
2026-07-24T14:58:05Z,prodromou,ab,2418,296,254,0
2026-07-24T14:58:05Z,prodromou,ba,2414,351,299,0
2026-07-24T14:58:05Z,akropoleos,ab,5010,786,463,126
2026-07-24T14:58:05Z,akropoleos,ba,5145,711,479,0
2026-07-24T14:58:05Z,athalassas,ab,2793,469,282,0
2026-07-24T14:58:05Z,athalassas,ba,6037,783,534,0
2026-07-24T14:58:05Z,lemesou,ab,2014,348,213,0
2026-07-24T14:58:05Z,lemesou,ba,2007,283,196,0
2026-07-24T14:58:05Z,sp_kyprianou,ab,6489,747,585,0
2026-07-24T14:58:05Z,sp_kyprianou,ba,6573,763,627,0
2026-07-24T14:58:05Z,archangelou,ab,7265,640,523,0
2026-07-24T14:58:05Z,archangelou,ba,6911,674,591,0
2026-07-24T14:58:05Z,konstantinoup,ab,2628,319,291,0
2026-07-24T14:58:05Z,konstantinoup,ba,2629,341,313,0
2026-07-24T14:58:05Z,stavrou,ab,2187,279,208,0
2026-07-24T14:58:05Z,stavrou,ba,2245,249,206,0
2026-07-24T14:58:05Z,makedonitissas,ab,2904,459,408,0
2026-07-24T14:58:05Z,makedonitissas,ba,2705,327,290,0
2026-07-24T14:58:05Z,armenias,ab,1079,144,119,0
2026-07-24T14:58:05Z,armenias,ba,1079,230,132,0
2026-07-24T14:58:05Z,arch_kyprianou,ab,1777,295,214,0
2026-07-24T14:58:05Z,arch_kyprianou,ba,1726,311,202,0
2026-07-24T14:58:05Z,a1_motorway,ab,10597,351,349,0
2026-07-24T14:58:05Z,a1_motorway,ba,14048,564,558,0
2026-07-24T14:58:05Z,makariou_lakat,ab,6137,698,529,0
2026-07-24T14:58:05Z,makariou_lakat,ba,6901,729,583,0
2026-07-24T14:58:05Z,griva_digeni,ab,4212,533,441,0
2026-07-24T14:58:05Z,griva_digeni,ba,5350,816,681,0
2026-07-24T14:58:05Z,aglantzias,ab,1775,215,177,0
2026-07-24T14:58:05Z,aglantzias,ba,3098,477,372,0
2026-07-24T14:58:05Z,kranidioti,ab,1458,114,105,0
2026-07-24T14:58:05Z,kranidioti,ba,1652,127,117,0
2026-07-24T14:58:05Z,perimetrikos,ab,2510,251,229,0
2026-07-24T14:58:05Z,perimetrikos,ba,2094,201,164,0
2026-07-24T14:58:05Z,hatziiosif,ab,2049,443,195,126
2026-07-24T14:58:05Z,hatziiosif,ba,2045,288,202,0
2026-07-24T14:58:05Z,perikleous,ab,2238,388,232,0
2026-07-24T14:58:05Z,perikleous,ba,2649,353,273,0
2026-07-24T14:58:05Z,avraamidi,ab,1264,193,140,0
2026-07-24T14:58:05Z,avraamidi,ba,1266,196,150,0
2026-07-24T14:58:05Z,athinon,ab,1573,242,204,0
2026-07-24T14:58:05Z,athinon,ba,1040,266,134,0
2026-07-24T14:58:05Z,tasou_markou,ab,544,80,70,0
2026-07-24T14:58:05Z,tasou_markou,ba,492,54,55,0
2026-07-24T14:58:05Z,peiraios,ab,590,114,71,0
2026-07-24T14:58:05Z,peiraios,ba,590,87,64,0
2026-07-24T15:08:39Z,strovolou,ab,5400,589,504,0
2026-07-24T15:08:39Z,strovolou,ba,4712,538,404,0
2026-07-24T15:08:39Z,tseriou,ab,2555,376,225,0
2026-07-24T15:08:39Z,tseriou,ba,3739,503,372,0
2026-07-24T15:08:39Z,prodromou,ab,2418,288,254,0
2026-07-24T15:08:39Z,prodromou,ba,2414,345,299,0
2026-07-24T15:08:39Z,akropoleos,ab,5010,719,463,0
2026-07-24T15:08:39Z,akropoleos,ba,5145,679,479,0
2026-07-24T15:08:39Z,athalassas,ab,2793,448,282,0
2026-07-24T15:08:39Z,athalassas,ba,6037,770,534,0
2026-07-24T15:08:39Z,lemesou,ab,2014,332,213,0
2026-07-24T15:08:39Z,lemesou,ba,2007,275,196,0
2026-07-24T15:08:39Z,sp_kyprianou,ab,6489,719,585,0
2026-07-24T15:08:39Z,sp_kyprianou,ba,6573,753,627,0
2026-07-24T15:08:39Z,archangelou,ab,7265,624,523,0
2026-07-24T15:08:39Z,archangelou,ba,6911,662,591,0
2026-07-24T15:08:39Z,konstantinoup,ab,2628,316,291,0
2026-07-24T15:08:39Z,konstantinoup,ba,2629,336,313,0
2026-07-24T15:08:39Z,stavrou,ab,2187,273,208,0
2026-07-24T15:08:39Z,stavrou,ba,2245,244,206,0
2026-07-24T15:08:39Z,makedonitissas,ab,2904,451,408,0
2026-07-24T15:08:39Z,makedonitissas,ba,2705,321,290,0
2026-07-24T15:08:39Z,armenias,ab,1079,139,119,0
2026-07-24T15:08:39Z,armenias,ba,1079,217,132,0
2026-07-24T15:08:39Z,arch_kyprianou,ab,1777,285,214,0
2026-07-24T15:08:39Z,arch_kyprianou,ba,1726,299,202,0
2026-07-24T15:08:39Z,a1_motorway,ab,10597,351,349,0
2026-07-24T15:08:39Z,a1_motorway,ba,14048,585,558,0
2026-07-24T15:08:39Z,makariou_lakat,ab,6137,684,529,0
2026-07-24T15:08:39Z,makariou_lakat,ba,6901,715,583,0
2026-07-24T15:08:39Z,griva_digeni,ab,4212,517,441,0
2026-07-24T15:08:39Z,griva_digeni,ba,5350,798,681,0
2026-07-24T15:08:39Z,aglantzias,ab,1775,210,177,0
2026-07-24T15:08:39Z,aglantzias,ba,3098,467,372,0
2026-07-24T15:08:39Z,kranidioti,ab,1458,112,105,0
2026-07-24T15:08:39Z,kranidioti,ba,1652,124,117,0
2026-07-24T15:08:39Z,perimetrikos,ab,2510,247,229,0
2026-07-24T15:08:39Z,perimetrikos,ba,2094,197,164,0
2026-07-24T15:08:39Z,hatziiosif,ab,2049,387,195,0
2026-07-24T15:08:39Z,hatziiosif,ba,2045,281,202,0
2026-07-24T15:08:39Z,perikleous,ab,2238,374,232,0
2026-07-24T15:08:39Z,perikleous,ba,2649,347,273,0
2026-07-24T15:08:39Z,avraamidi,ab,1264,190,140,0
2026-07-24T15:08:39Z,avraamidi,ba,1266,194,150,0
2026-07-24T15:08:39Z,athinon,ab,1573,240,204,0
2026-07-24T15:08:39Z,athinon,ba,1040,260,134,0
2026-07-24T15:08:39Z,tasou_markou,ab,544,79,70,0
2026-07-24T15:08:39Z,tasou_markou,ba,492,53,55,0
2026-07-24T15:08:39Z,peiraios,ab,590,110,71,0
2026-07-24T15:08:39Z,peiraios,ba,590,83,64,0
2026-07-24T15:19:08Z,strovolou,ab,5400,585,504,0
2026-07-24T15:19:08Z,strovolou,ba,4712,526,404,0
2026-07-24T15:19:08Z,tseriou,ab,2555,357,225,0
2026-07-24T15:19:08Z,tseriou,ba,3739,488,372,0
2026-07-24T15:19:08Z,prodromou,ab,2418,285,254,0
2026-07-24T15:19:08Z,prodromou,ba,2414,343,299,0
2026-07-24T15:19:08Z,akropoleos,ab,5010,671,463,0
2026-07-24T15:19:08Z,akropoleos,ba,5145,655,479,0
2026-07-24T15:19:08Z,athalassas,ab,2793,419,282,0
2026-07-24T15:19:08Z,athalassas,ba,6269,750,543,0
2026-07-24T15:19:08Z,lemesou,ab,2014,316,213,0
2026-07-24T15:19:08Z,lemesou,ba,2007,267,196,0
2026-07-24T15:19:08Z,sp_kyprianou,ab,6489,705,585,0
2026-07-24T15:19:08Z,sp_kyprianou,ba,6573,745,627,0
2026-07-24T15:19:08Z,archangelou,ab,7265,613,523,0
2026-07-24T15:19:08Z,archangelou,ba,6911,656,591,0
2026-07-24T15:19:08Z,konstantinoup,ab,2628,316,291,0
2026-07-24T15:19:08Z,konstantinoup,ba,2629,334,313,0
2026-07-24T15:19:08Z,stavrou,ab,2187,270,208,0
2026-07-24T15:19:08Z,stavrou,ba,2245,241,206,0
2026-07-24T15:19:08Z,makedonitissas,ab,2904,443,408,0
2026-07-24T15:19:08Z,makedonitissas,ba,2705,318,290,0
2026-07-24T15:19:08Z,armenias,ab,1079,139,119,0
2026-07-24T15:19:08Z,armenias,ba,1079,202,132,0
2026-07-24T15:19:08Z,arch_kyprianou,ab,1777,277,214,0
2026-07-24T15:19:08Z,arch_kyprianou,ba,1726,285,202,0
2026-07-24T15:19:08Z,a1_motorway,ab,10597,351,349,0
2026-07-24T15:19:08Z,a1_motorway,ba,14048,562,558,0
2026-07-24T15:19:08Z,makariou_lakat,ab,6137,672,529,0
2026-07-24T15:19:08Z,makariou_lakat,ba,6901,707,583,0
2026-07-24T15:19:08Z,griva_digeni,ab,4212,510,441,0
2026-07-24T15:19:08Z,griva_digeni,ba,5350,794,681,0
2026-07-24T15:19:08Z,aglantzias,ab,1775,208,177,0
2026-07-24T15:19:08Z,aglantzias,ba,3098,459,372,0
2026-07-24T15:19:08Z,kranidioti,ab,1458,111,105,0
2026-07-24T15:19:08Z,kranidioti,ba,1652,124,117,0
2026-07-24T15:19:08Z,perimetrikos,ab,2510,245,229,0
2026-07-24T15:19:08Z,perimetrikos,ba,2094,188,164,0
2026-07-24T15:19:08Z,hatziiosif,ab,2049,368,195,0
2026-07-24T15:19:08Z,hatziiosif,ba,2045,271,202,0
2026-07-24T15:19:08Z,perikleous,ab,2238,357,232,0
2026-07-24T15:19:08Z,perikleous,ba,2649,345,273,0
2026-07-24T15:19:08Z,avraamidi,ab,1264,181,140,0
2026-07-24T15:19:08Z,avraamidi,ba,1266,190,150,0
2026-07-24T15:19:08Z,athinon,ab,1573,238,204,0
2026-07-24T15:19:08Z,athinon,ba,1040,254,134,0
2026-07-24T15:19:08Z,tasou_markou,ab,544,78,70,0
2026-07-24T15:19:08Z,tasou_markou,ba,492,53,55,0
2026-07-24T15:19:08Z,peiraios,ab,590,100,71,0
2026-07-24T15:19:08Z,peiraios,ba,590,83,64,0
2026-07-24T15:29:37Z,strovolou,ab,5400,582,504,0
2026-07-24T15:29:37Z,strovolou,ba,4712,513,404,0
2026-07-24T15:29:37Z,tseriou,ab,2555,338,225,0
2026-07-24T15:29:37Z,tseriou,ba,3739,480,372,0
2026-07-24T15:29:37Z,prodromou,ab,2418,283,254,0
2026-07-24T15:29:37Z,prodromou,ba,2414,339,299,0
2026-07-24T15:29:37Z,akropoleos,ab,5010,643,463,0
2026-07-24T15:29:37Z,akropoleos,ba,5145,646,479,0
2026-07-24T15:29:37Z,athalassas,ab,2793,407,282,0
2026-07-24T15:29:37Z,athalassas,ba,6037,740,534,0
2026-07-24T15:29:37Z,lemesou,ab,2014,302,213,0
2026-07-24T15:29:37Z,lemesou,ba,2007,261,196,0
2026-07-24T15:29:37Z,sp_kyprianou,ab,6489,694,585,0
2026-07-24T15:29:37Z,sp_kyprianou,ba,6573,738,627,0
2026-07-24T15:29:37Z,archangelou,ab,7265,602,523,0
2026-07-24T15:29:37Z,archangelou,ba,6911,652,591,0
2026-07-24T15:29:37Z,konstantinoup,ab,2628,315,291,0
2026-07-24T15:29:37Z,konstantinoup,ba,2629,330,313,0
2026-07-24T15:29:37Z,stavrou,ab,2187,264,208,0
2026-07-24T15:29:37Z,stavrou,ba,2245,238,206,0
2026-07-24T15:29:37Z,makedonitissas,ab,2904,437,408,0
2026-07-24T15:29:37Z,makedonitissas,ba,2705,314,290,0
2026-07-24T15:29:37Z,armenias,ab,1079,137,119,0
2026-07-24T15:29:37Z,armenias,ba,1079,193,132,0
2026-07-24T15:29:37Z,arch_kyprianou,ab,1777,270,214,0
2026-07-24T15:29:37Z,arch_kyprianou,ba,1726,277,202,0
2026-07-24T15:29:37Z,a1_motorway,ab,10597,351,349,0
2026-07-24T15:29:37Z,a1_motorway,ba,14048,561,558,0
2026-07-24T15:29:37Z,makariou_lakat,ab,6137,658,529,0
2026-07-24T15:29:37Z,makariou_lakat,ba,6901,700,583,0
2026-07-24T15:29:37Z,griva_digeni,ab,4212,507,441,0
2026-07-24T15:29:37Z,griva_digeni,ba,5350,790,681,0
2026-07-24T15:29:37Z,aglantzias,ab,1775,205,177,0
2026-07-24T15:29:37Z,aglantzias,ba,3098,452,372,0
2026-07-24T15:29:37Z,kranidioti,ab,1458,110,105,0
2026-07-24T15:29:37Z,kranidioti,ba,1652,123,117,0
2026-07-24T15:29:37Z,perimetrikos,ab,2510,244,229,0
2026-07-24T15:29:37Z,perimetrikos,ba,2094,185,164,0
2026-07-24T15:29:37Z,hatziiosif,ab,2049,327,195,0
2026-07-24T15:29:37Z,hatziiosif,ba,2045,266,202,0
2026-07-24T15:29:37Z,perikleous,ab,2238,333,232,0
2026-07-24T15:29:37Z,perikleous,ba,2649,341,273,0
2026-07-24T15:29:37Z,avraamidi,ab,1264,178,140,0
2026-07-24T15:29:37Z,avraamidi,ba,1266,185,150,0
2026-07-24T15:29:37Z,athinon,ab,1573,236,204,0
2026-07-24T15:29:37Z,athinon,ba,1040,240,134,0
2026-07-24T15:29:37Z,tasou_markou,ab,544,78,70,0
2026-07-24T15:29:37Z,tasou_markou,ba,492,53,55,0
2026-07-24T15:29:37Z,peiraios,ab,590,98,71,0
2026-07-24T15:29:37Z,peiraios,ba,590,81,64,0
2026-07-24T15:40:07Z,strovolou,ab,5400,575,504,0
2026-07-24T15:40:07Z,strovolou,ba,4712,500,404,0
2026-07-24T15:40:07Z,tseriou,ab,2555,323,225,0
2026-07-24T15:40:07Z,tseriou,ba,3739,471,372,0
2026-07-24T15:40:07Z,prodromou,ab,2418,281,254,0
2026-07-24T15:40:07Z,prodromou,ba,2414,336,299,0
2026-07-24T15:40:07Z,akropoleos,ab,5010,628,463,0
2026-07-24T15:40:07Z,akropoleos,ba,5145,635,479,0
2026-07-24T15:40:07Z,athalassas,ab,2793,395,282,0
2026-07-24T15:40:07Z,athalassas,ba,6037,728,534,0
2026-07-24T15:40:07Z,lemesou,ab,2014,291,213,0
2026-07-24T15:40:07Z,lemesou,ba,2007,256,196,0
2026-07-24T15:40:07Z,sp_kyprianou,ab,6489,689,585,0
2026-07-24T15:40:07Z,sp_kyprianou,ba,6573,728,627,0
2026-07-24T15:40:07Z,archangelou,ab,7265,594,523,0
2026-07-24T15:40:07Z,archangelou,ba,6911,644,591,0
2026-07-24T15:40:07Z,konstantinoup,ab,2628,314,291,0
2026-07-24T15:40:07Z,konstantinoup,ba,2629,329,313,0
2026-07-24T15:40:07Z,stavrou,ab,2187,258,208,0
2026-07-24T15:40:07Z,stavrou,ba,2245,235,206,0
2026-07-24T15:40:07Z,makedonitissas,ab,2904,433,408,0
2026-07-24T15:40:07Z,makedonitissas,ba,2705,309,290,0
2026-07-24T15:40:07Z,armenias,ab,1079,135,119,0
2026-07-24T15:40:07Z,armenias,ba,1079,185,132,0
2026-07-24T15:40:07Z,arch_kyprianou,ab,1701,254,215,0
2026-07-24T15:40:07Z,arch_kyprianou,ba,1726,273,202,0
2026-07-24T15:40:07Z,a1_motorway,ab,10597,351,349,0
2026-07-24T15:40:07Z,a1_motorway,ba,14048,561,558,0
2026-07-24T15:40:07Z,makariou_lakat,ab,6137,648,529,0
2026-07-24T15:40:07Z,makariou_lakat,ba,6901,691,583,0
2026-07-24T15:40:07Z,griva_digeni,ab,4212,499,441,0
2026-07-24T15:40:07Z,griva_digeni,ba,5350,782,681,0
2026-07-24T15:40:07Z,aglantzias,ab,1775,203,177,0
2026-07-24T15:40:07Z,aglantzias,ba,3098,446,372,0
2026-07-24T15:40:07Z,kranidioti,ab,1458,109,105,0
2026-07-24T15:40:07Z,kranidioti,ba,1652,122,117,0
2026-07-24T15:40:07Z,perimetrikos,ab,2510,243,229,0
2026-07-24T15:40:07Z,perimetrikos,ba,2094,183,164,0
2026-07-24T15:40:07Z,hatziiosif,ab,2049,313,195,0
2026-07-24T15:40:07Z,hatziiosif,ba,2045,267,202,0
2026-07-24T15:40:07Z,perikleous,ab,2238,331,232,0
2026-07-24T15:40:07Z,perikleous,ba,2649,336,273,0
2026-07-24T15:40:07Z,avraamidi,ab,1264,175,140,0
2026-07-24T15:40:07Z,avraamidi,ba,1266,181,150,0
2026-07-24T15:40:07Z,athinon,ab,1573,233,204,0
2026-07-24T15:40:07Z,athinon,ba,1040,233,134,0
2026-07-24T15:40:07Z,tasou_markou,ab,544,77,70,0
2026-07-24T15:40:07Z,tasou_markou,ba,492,53,55,0
2026-07-24T15:40:07Z,peiraios,ab,590,96,71,0
2026-07-24T15:40:07Z,peiraios,ba,590,78,64,0
2026-07-24T15:50:35Z,strovolou,ab,5400,567,504,0
2026-07-24T15:50:35Z,strovolou,ba,4712,492,404,0
2026-07-24T15:50:35Z,tseriou,ab,2555,317,225,0
2026-07-24T15:50:35Z,tseriou,ba,3739,463,372,0
2026-07-24T15:50:35Z,prodromou,ab,2418,277,254,0
2026-07-24T15:50:35Z,prodromou,ba,2414,331,299,0
2026-07-24T15:50:35Z,akropoleos,ab,5010,611,463,0
2026-07-24T15:50:35Z,akropoleos,ba,5145,622,479,0
2026-07-24T15:50:35Z,athalassas,ab,2793,386,282,0
2026-07-24T15:50:35Z,athalassas,ba,6037,716,534,0
2026-07-24T15:50:35Z,lemesou,ab,2014,284,213,0
2026-07-24T15:50:35Z,lemesou,ba,2007,251,196,0
2026-07-24T15:50:35Z,sp_kyprianou,ab,6489,675,585,0
2026-07-24T15:50:35Z,sp_kyprianou,ba,6573,720,627,0
2026-07-24T15:50:35Z,archangelou,ab,7265,591,523,0
2026-07-24T15:50:35Z,archangelou,ba,6911,636,591,0
2026-07-24T15:50:35Z,konstantinoup,ab,2628,312,291,0
2026-07-24T15:50:35Z,konstantinoup,ba,2629,325,313,0
2026-07-24T15:50:35Z,stavrou,ab,2187,251,208,0
2026-07-24T15:50:35Z,stavrou,ba,2245,231,206,0
2026-07-24T15:50:35Z,makedonitissas,ab,2904,427,408,0
2026-07-24T15:50:35Z,makedonitissas,ba,2705,305,290,0
2026-07-24T15:50:35Z,armenias,ab,1079,134,119,0
2026-07-24T15:50:35Z,armenias,ba,1079,184,132,0
2026-07-24T15:50:35Z,arch_kyprianou,ab,1701,252,215,0
2026-07-24T15:50:35Z,arch_kyprianou,ba,1726,268,202,0
2026-07-24T15:50:35Z,a1_motorway,ab,10597,351,349,0
2026-07-24T15:50:35Z,a1_motorway,ba,14048,559,558,0
2026-07-24T15:50:35Z,makariou_lakat,ab,5849,637,516,0
2026-07-24T15:50:35Z,makariou_lakat,ba,6901,683,583,0
2026-07-24T15:50:35Z,griva_digeni,ab,4212,494,441,0
2026-07-24T15:50:35Z,griva_digeni,ba,5350,773,681,0
2026-07-24T15:50:35Z,aglantzias,ab,1775,201,177,0
2026-07-24T15:50:35Z,aglantzias,ba,3098,439,372,0
2026-07-24T15:50:35Z,kranidioti,ab,1458,108,105,0
2026-07-24T15:50:35Z,kranidioti,ba,1652,121,117,0
2026-07-24T15:50:35Z,perimetrikos,ab,2510,241,229,0
2026-07-24T15:50:35Z,perimetrikos,ba,2094,181,164,0
2026-07-24T15:50:35Z,hatziiosif,ab,2049,303,195,0
2026-07-24T15:50:35Z,hatziiosif,ba,2045,261,202,0
2026-07-24T15:50:35Z,perikleous,ab,2238,321,232,0
2026-07-24T15:50:35Z,perikleous,ba,2649,330,273,0
2026-07-24T15:50:35Z,avraamidi,ab,1264,172,140,0
2026-07-24T15:50:35Z,avraamidi,ba,1266,178,150,0
2026-07-24T15:50:35Z,athinon,ab,1573,229,204,0
2026-07-24T15:50:35Z,athinon,ba,1040,226,134,0
2026-07-24T15:50:35Z,tasou_markou,ab,544,76,70,0
2026-07-24T15:50:35Z,tasou_markou,ba,492,53,55,0
2026-07-24T15:50:35Z,peiraios,ab,590,94,71,0
2026-07-24T15:50:35Z,peiraios,ba,590,77,64,0
2026-07-24T16:01:04Z,strovolou,ab,5400,561,504,0
2026-07-24T16:01:04Z,strovolou,ba,4712,480,404,0
2026-07-24T16:01:04Z,tseriou,ab,2555,322,225,0
2026-07-24T16:01:04Z,tseriou,ba,3739,456,372,0
2026-07-24T16:01:04Z,prodromou,ab,2418,276,254,0
2026-07-24T16:01:04Z,prodromou,ba,2414,330,299,0
2026-07-24T16:01:04Z,akropoleos,ab,5010,594,463,0
2026-07-24T16:01:04Z,akropoleos,ba,5145,608,479,0
2026-07-24T16:01:04Z,athalassas,ab,2793,394,282,0
2026-07-24T16:01:04Z,athalassas,ba,7097,728,568,0
2026-07-24T16:01:04Z,lemesou,ab,2014,290,213,0
2026-07-24T16:01:04Z,lemesou,ba,2007,257,196,0
2026-07-24T16:01:04Z,sp_kyprianou,ab,6489,668,585,0
2026-07-24T16:01:04Z,sp_kyprianou,ba,6573,730,627,0
2026-07-24T16:01:04Z,archangelou,ab,7265,594,523,0
2026-07-24T16:01:04Z,archangelou,ba,6911,641,591,0
2026-07-24T16:01:04Z,konstantinoup,ab,2628,312,291,0
2026-07-24T16:01:04Z,konstantinoup,ba,2629,326,313,0
2026-07-24T16:01:04Z,stavrou,ab,2187,255,208,0
2026-07-24T16:01:04Z,stavrou,ba,2245,228,206,0
2026-07-24T16:01:04Z,makedonitissas,ab,2904,425,408,0
2026-07-24T16:01:04Z,makedonitissas,ba,2705,306,290,0
2026-07-24T16:01:04Z,armenias,ab,1079,134,119,0
2026-07-24T16:01:04Z,armenias,ba,1079,179,132,0
2026-07-24T16:01:04Z,arch_kyprianou,ab,1701,253,215,0
2026-07-24T16:01:04Z,arch_kyprianou,ba,1726,263,202,0
2026-07-24T16:01:04Z,a1_motorway,ab,10597,351,349,0
2026-07-24T16:01:04Z,a1_motorway,ba,14048,558,558,0
2026-07-24T16:01:04Z,makariou_lakat,ab,6137,644,529,0
2026-07-24T16:01:04Z,makariou_lakat,ba,6901,675,583,0
2026-07-24T16:01:04Z,griva_digeni,ab,4212,497,441,0
2026-07-24T16:01:04Z,griva_digeni,ba,5350,778,681,0
2026-07-24T16:01:04Z,aglantzias,ab,1775,203,177,0
2026-07-24T16:01:04Z,aglantzias,ba,3098,435,372,0
2026-07-24T16:01:04Z,kranidioti,ab,1458,107,105,0
2026-07-24T16:01:04Z,kranidioti,ba,1652,120,117,0
2026-07-24T16:01:04Z,perimetrikos,ab,2510,239,229,0
2026-07-24T16:01:04Z,perimetrikos,ba,2094,180,164,0
2026-07-24T16:01:04Z,hatziiosif,ab,2049,311,195,0
2026-07-24T16:01:04Z,hatziiosif,ba,2045,265,202,0
2026-07-24T16:01:04Z,perikleous,ab,2238,312,232,0
2026-07-24T16:01:04Z,perikleous,ba,2649,334,273,0
2026-07-24T16:01:04Z,avraamidi,ab,1264,169,140,0
2026-07-24T16:01:04Z,avraamidi,ba,1266,181,150,0
2026-07-24T16:01:04Z,athinon,ab,1573,231,204,0
2026-07-24T16:01:04Z,athinon,ba,1040,223,134,0
2026-07-24T16:01:04Z,tasou_markou,ab,544,77,70,0
2026-07-24T16:01:04Z,tasou_markou,ba,492,53,55,0
2026-07-24T16:01:04Z,peiraios,ab,590,93,71,0
2026-07-24T16:01:04Z,peiraios,ba,590,76,64,0
2026-07-24T16:11:46Z,strovolou,ab,5400,564,504,0
2026-07-24T16:11:46Z,strovolou,ba,4712,485,404,0
2026-07-24T16:11:46Z,tseriou,ab,2555,312,225,0
2026-07-24T16:11:46Z,tseriou,ba,3739,463,372,0
2026-07-24T16:11:46Z,prodromou,ab,2418,275,254,0
2026-07-24T16:11:46Z,prodromou,ba,2414,331,299,0
2026-07-24T16:11:46Z,akropoleos,ab,5010,605,463,0
2026-07-24T16:11:46Z,akropoleos,ba,5145,620,479,0
2026-07-24T16:11:46Z,athalassas,ab,2793,384,282,0
2026-07-24T16:11:46Z,athalassas,ba,6037,720,534,0
2026-07-24T16:11:46Z,lemesou,ab,2014,282,213,0
2026-07-24T16:11:46Z,lemesou,ba,2007,250,196,0
2026-07-24T16:11:46Z,sp_kyprianou,ab,6489,672,585,0
2026-07-24T16:11:46Z,sp_kyprianou,ba,6573,721,627,0
2026-07-24T16:11:46Z,archangelou,ab,7265,588,523,0
2026-07-24T16:11:46Z,archangelou,ba,6911,635,591,0
2026-07-24T16:11:46Z,konstantinoup,ab,2628,315,291,0
2026-07-24T16:11:46Z,konstantinoup,ba,2629,324,313,0
2026-07-24T16:11:46Z,stavrou,ab,2187,249,208,0
2026-07-24T16:11:46Z,stavrou,ba,2245,229,206,0
2026-07-24T16:11:46Z,makedonitissas,ab,2904,427,408,0
2026-07-24T16:11:46Z,makedonitissas,ba,2705,303,290,0
2026-07-24T16:11:46Z,armenias,ab,1079,133,119,0
2026-07-24T16:11:46Z,armenias,ba,1079,181,132,0
2026-07-24T16:11:46Z,arch_kyprianou,ab,1701,249,215,0
2026-07-24T16:11:46Z,arch_kyprianou,ba,1726,269,202,0
2026-07-24T16:11:46Z,a1_motorway,ab,10597,351,349,0
2026-07-24T16:11:46Z,a1_motorway,ba,14048,559,558,0
2026-07-24T16:11:46Z,makariou_lakat,ab,5849,633,516,0
2026-07-24T16:11:46Z,makariou_lakat,ba,6901,679,583,0
2026-07-24T16:11:46Z,griva_digeni,ab,4212,490,441,0
2026-07-24T16:11:46Z,griva_digeni,ba,5350,768,681,0
2026-07-24T16:11:46Z,aglantzias,ab,1775,201,177,0
2026-07-24T16:11:46Z,aglantzias,ba,3098,439,372,0
2026-07-24T16:11:46Z,kranidioti,ab,1458,108,105,0
2026-07-24T16:11:46Z,kranidioti,ba,1652,119,117,0
2026-07-24T16:11:46Z,perimetrikos,ab,2510,240,229,0
2026-07-24T16:11:46Z,perimetrikos,ba,2094,177,164,0
2026-07-24T16:11:46Z,hatziiosif,ab,2049,299,195,0
2026-07-24T16:11:46Z,hatziiosif,ba,2045,258,202,0
2026-07-24T16:11:46Z,perikleous,ab,2238,316,232,0
2026-07-24T16:11:46Z,perikleous,ba,2649,328,273,0
2026-07-24T16:11:46Z,avraamidi,ab,1264,171,140,0
2026-07-24T16:11:46Z,avraamidi,ba,1266,179,150,0
2026-07-24T16:11:46Z,athinon,ab,1573,228,204,0
2026-07-24T16:11:46Z,athinon,ba,1040,229,134,0
2026-07-24T16:11:46Z,tasou_markou,ab,544,77,70,0
2026-07-24T16:11:46Z,tasou_markou,ba,492,53,55,0
2026-07-24T16:11:46Z,peiraios,ab,590,93,71,0
2026-07-24T16:11:46Z,peiraios,ba,590,76,64,0
2026-07-24T17:02:08Z,strovolou,ab,5400,538,504,0
2026-07-24T17:02:08Z,strovolou,ba,4712,449,404,0
2026-07-24T17:02:08Z,tseriou,ab,2555,274,225,0
2026-07-24T17:02:08Z,tseriou,ba,3739,435,372,0
2026-07-24T17:02:08Z,prodromou,ab,2418,262,254,0
2026-07-24T17:02:08Z,prodromou,ba,2414,316,299,0
2026-07-24T17:02:08Z,akropoleos,ab,5010,542,463,0
2026-07-24T17:02:08Z,akropoleos,ba,5145,562,479,0
2026-07-24T17:02:08Z,athalassas,ab,2793,343,282,0
2026-07-24T17:02:08Z,athalassas,ba,6037,667,534,0
2026-07-24T17:02:08Z,lemesou,ab,2014,250,213,0
2026-07-24T17:02:08Z,lemesou,ba,2007,227,196,0
2026-07-24T17:02:08Z,sp_kyprianou,ab,6489,630,585,0
2026-07-24T17:02:08Z,sp_kyprianou,ba,6573,686,627,0
2026-07-24T17:02:08Z,archangelou,ab,7265,557,523,0
2026-07-24T17:02:08Z,archangelou,ba,6911,613,591,0
2026-07-24T17:02:08Z,konstantinoup,ab,2628,309,291,0
2026-07-24T17:02:08Z,konstantinoup,ba,2629,315,313,0
2026-07-24T17:02:08Z,stavrou,ab,2187,231,208,0
2026-07-24T17:02:08Z,stavrou,ba,2245,218,206,0
2026-07-24T17:02:08Z,makedonitissas,ab,3632,415,395,0
2026-07-24T17:02:08Z,makedonitissas,ba,2705,292,290,0
2026-07-24T17:02:08Z,armenias,ab,1079,126,119,0
2026-07-24T17:02:08Z,armenias,ba,1079,162,132,0
2026-07-24T17:02:08Z,arch_kyprianou,ab,1701,232,215,0
2026-07-24T17:02:08Z,arch_kyprianou,ba,1726,240,202,0
2026-07-24T17:02:08Z,a1_motorway,ab,10597,352,349,0
2026-07-24T17:02:08Z,a1_motorway,ba,14048,555,558,0
2026-07-24T17:02:08Z,makariou_lakat,ab,5849,586,516,0
2026-07-24T17:02:08Z,makariou_lakat,ba,6901,645,583,0
2026-07-24T17:02:08Z,griva_digeni,ab,4212,467,441,0
2026-07-24T17:02:08Z,griva_digeni,ba,5350,730,681,0
2026-07-24T17:02:08Z,aglantzias,ab,1775,191,177,0
2026-07-24T17:02:08Z,aglantzias,ba,3098,411,372,0
2026-07-24T17:02:08Z,kranidioti,ab,1458,104,105,0
2026-07-24T17:02:08Z,kranidioti,ba,1652,116,117,0
2026-07-24T17:02:08Z,perimetrikos,ab,2510,237,229,0
2026-07-24T17:02:08Z,perimetrikos,ba,2094,169,164,0
2026-07-24T17:02:08Z,hatziiosif,ab,2049,255,195,0
2026-07-24T17:02:08Z,hatziiosif,ba,2045,236,202,0
2026-07-24T17:02:08Z,perikleous,ab,2238,280,232,0
2026-07-24T17:02:08Z,perikleous,ba,2649,308,273,0
2026-07-24T17:02:08Z,avraamidi,ab,1264,157,140,0
2026-07-24T17:02:08Z,avraamidi,ba,1266,166,150,0
2026-07-24T17:02:08Z,athinon,ab,1573,217,204,0
2026-07-24T17:02:08Z,athinon,ba,1040,204,134,0
2026-07-24T17:02:08Z,tasou_markou,ab,544,74,70,0
2026-07-24T17:02:08Z,tasou_markou,ba,492,53,55,0
2026-07-24T17:02:08Z,peiraios,ab,590,84,71,0
2026-07-24T17:02:08Z,peiraios,ba,590,70,64,0
2026-07-24T18:03:00Z,strovolou,ab,5400,535,504,0
2026-07-24T18:03:00Z,strovolou,ba,4712,435,404,0
2026-07-24T18:03:00Z,tseriou,ab,2555,256,225,0
2026-07-24T18:03:00Z,tseriou,ba,3739,440,372,0
2026-07-24T18:03:00Z,prodromou,ab,2418,260,254,0
2026-07-24T18:03:00Z,prodromou,ba,2414,310,299,0
2026-07-24T18:03:00Z,akropoleos,ab,5010,535,463,0
2026-07-24T18:03:00Z,akropoleos,ba,5145,555,479,0
2026-07-24T18:03:00Z,athalassas,ab,2793,341,282,0
2026-07-24T18:03:00Z,athalassas,ba,6037,646,534,0
2026-07-24T18:03:00Z,lemesou,ab,2014,235,213,0
2026-07-24T18:03:00Z,lemesou,ba,2007,214,196,0
2026-07-24T18:03:00Z,sp_kyprianou,ab,6489,633,585,0
2026-07-24T18:03:00Z,sp_kyprianou,ba,6573,680,627,0
2026-07-24T18:03:00Z,archangelou,ab,7265,548,523,0
2026-07-24T18:03:00Z,archangelou,ba,6911,617,591,0
2026-07-24T18:03:00Z,konstantinoup,ab,2628,303,291,0
2026-07-24T18:03:00Z,konstantinoup,ba,2629,316,313,0
2026-07-24T18:03:00Z,stavrou,ab,2187,222,208,0
2026-07-24T18:03:00Z,stavrou,ba,2245,215,206,0
2026-07-24T18:03:00Z,makedonitissas,ab,3632,421,395,0
2026-07-24T18:03:00Z,makedonitissas,ba,2705,291,290,0
2026-07-24T18:03:00Z,armenias,ab,1079,129,119,0
2026-07-24T18:03:00Z,armenias,ba,1079,151,132,0
2026-07-24T18:03:00Z,arch_kyprianou,ab,1701,226,215,0
2026-07-24T18:03:00Z,arch_kyprianou,ba,1726,224,202,0
2026-07-24T18:03:00Z,a1_motorway,ab,10597,356,349,0
2026-07-24T18:03:00Z,a1_motorway,ba,14048,563,558,0
2026-07-24T18:03:00Z,makariou_lakat,ab,5849,557,516,0
2026-07-24T18:03:00Z,makariou_lakat,ba,6901,634,583,0
2026-07-24T18:03:00Z,griva_digeni,ab,4212,461,441,0
2026-07-24T18:03:00Z,griva_digeni,ba,5350,714,681,0
2026-07-24T18:03:00Z,aglantzias,ab,1775,187,177,0
2026-07-24T18:03:00Z,aglantzias,ba,3098,396,372,0
2026-07-24T18:03:00Z,kranidioti,ab,1458,105,105,0
2026-07-24T18:03:00Z,kranidioti,ba,1652,120,117,0
2026-07-24T18:03:00Z,perimetrikos,ab,2510,244,229,0
2026-07-24T18:03:00Z,perimetrikos,ba,2094,167,164,0
2026-07-24T18:03:00Z,hatziiosif,ab,2049,229,195,0
2026-07-24T18:03:00Z,hatziiosif,ba,2045,224,202,0
2026-07-24T18:03:00Z,perikleous,ab,2238,260,232,0
2026-07-24T18:03:00Z,perikleous,ba,2649,298,273,0
2026-07-24T18:03:00Z,avraamidi,ab,1264,150,140,0
2026-07-24T18:03:00Z,avraamidi,ba,1266,160,150,0
2026-07-24T18:03:00Z,athinon,ab,1573,212,204,0
2026-07-24T18:03:00Z,athinon,ba,1040,187,134,0
2026-07-24T18:03:00Z,tasou_markou,ab,544,73,70,0
2026-07-24T18:03:00Z,tasou_markou,ba,492,54,55,0
2026-07-24T18:03:00Z,peiraios,ab,590,79,71,0
2026-07-24T18:03:00Z,peiraios,ba,590,67,64,0
2026-07-25T03:32:37Z,strovolou,ab,5400,523,504,0
2026-07-25T03:32:37Z,strovolou,ba,4712,432,404,0
2026-07-25T03:32:37Z,tseriou,ab,2555,236,225,0
2026-07-25T03:32:37Z,tseriou,ba,3739,384,372,0
2026-07-25T03:32:37Z,prodromou,ab,2418,263,254,0
2026-07-25T03:32:37Z,prodromou,ba,2414,311,299,0
2026-07-25T03:32:37Z,akropoleos,ab,5010,507,463,0
2026-07-25T03:32:37Z,akropoleos,ba,5145,512,479,0
2026-07-25T03:32:37Z,athalassas,ab,2793,298,282,0
2026-07-25T03:32:37Z,athalassas,ba,6037,554,534,0
2026-07-25T03:32:37Z,lemesou,ab,2014,232,213,0
2026-07-25T03:32:37Z,lemesou,ba,2007,217,196,0
2026-07-25T03:32:37Z,sp_kyprianou,ab,6489,613,585,0
2026-07-25T03:32:37Z,sp_kyprianou,ba,6573,643,627,0
2026-07-25T03:32:37Z,archangelou,ab,7265,551,523,0
2026-07-25T03:32:37Z,archangelou,ba,6911,605,591,0
2026-07-25T03:32:37Z,konstantinoup,ab,2628,313,291,0
2026-07-25T03:32:37Z,konstantinoup,ba,2629,326,313,0
2026-07-25T03:32:37Z,stavrou,ab,2187,214,208,0
2026-07-25T03:32:37Z,stavrou,ba,2245,210,206,0
2026-07-25T03:32:37Z,makedonitissas,ab,3632,410,395,0
2026-07-25T03:32:37Z,makedonitissas,ba,2705,298,290,0
2026-07-25T03:32:37Z,armenias,ab,1079,126,119,0
2026-07-25T03:32:37Z,armenias,ba,1079,145,132,0
2026-07-25T03:32:37Z,arch_kyprianou,ab,1701,223,215,0
2026-07-25T03:32:37Z,arch_kyprianou,ba,1726,209,202,0
2026-07-25T03:32:37Z,a1_motorway,ab,10597,366,349,0
2026-07-25T03:32:37Z,a1_motorway,ba,14048,562,558,0
2026-07-25T03:32:37Z,makariou_lakat,ab,5849,545,516,0
2026-07-25T03:32:37Z,makariou_lakat,ba,6901,609,583,0
2026-07-25T03:32:37Z,griva_digeni,ab,4212,452,441,0
2026-07-25T03:32:37Z,griva_digeni,ba,5350,704,681,0
2026-07-25T03:32:37Z,aglantzias,ab,1775,182,177,0
2026-07-25T03:32:37Z,aglantzias,ba,3098,395,372,0
2026-07-25T03:32:37Z,kranidioti,ab,1458,108,105,0
2026-07-25T03:32:37Z,kranidioti,ba,1652,122,117,0
2026-07-25T03:32:37Z,perimetrikos,ab,2510,235,229,0
2026-07-25T03:32:37Z,perimetrikos,ba,2094,168,164,0
2026-07-25T03:32:37Z,hatziiosif,ab,2049,206,195,0
2026-07-25T03:32:37Z,hatziiosif,ba,2045,222,202,0
2026-07-25T03:32:37Z,perikleous,ab,2238,254,232,0
2026-07-25T03:32:37Z,perikleous,ba,2649,286,273,0
2026-07-25T03:32:37Z,avraamidi,ab,1264,151,140,0
2026-07-25T03:32:37Z,avraamidi,ba,1266,160,150,0
2026-07-25T03:32:37Z,athinon,ab,1573,209,204,0
2026-07-25T03:32:37Z,athinon,ba,1040,140,134,0
2026-07-25T03:32:37Z,tasou_markou,ab,544,74,70,0
2026-07-25T03:32:37Z,tasou_markou,ba,492,55,55,0
2026-07-25T03:32:37Z,peiraios,ab,590,83,71,0
2026-07-25T03:32:37Z,peiraios,ba,590,70,64,0
2026-07-25T03:43:01Z,strovolou,ab,5400,527,504,0
2026-07-25T03:43:01Z,strovolou,ba,4712,435,404,0
2026-07-25T03:43:01Z,tseriou,ab,2555,239,225,0
2026-07-25T03:43:01Z,tseriou,ba,3739,386,372,0
2026-07-25T03:43:01Z,prodromou,ab,2418,266,254,0
2026-07-25T03:43:01Z,prodromou,ba,2414,314,299,0
2026-07-25T03:43:01Z,akropoleos,ab,5010,518,463,0
2026-07-25T03:43:01Z,akropoleos,ba,5145,515,479,0
2026-07-25T03:43:01Z,athalassas,ab,2793,301,282,0
2026-07-25T03:43:01Z,athalassas,ba,6037,558,534,0
2026-07-25T03:43:01Z,lemesou,ab,2014,235,213,0
2026-07-25T03:43:01Z,lemesou,ba,2007,218,196,0
2026-07-25T03:43:01Z,sp_kyprianou,ab,6489,619,585,0
2026-07-25T03:43:01Z,sp_kyprianou,ba,6573,648,627,0
2026-07-25T03:43:01Z,archangelou,ab,7265,555,523,0
2026-07-25T03:43:01Z,archangelou,ba,6911,609,591,0
2026-07-25T03:43:01Z,konstantinoup,ab,2628,313,291,0
2026-07-25T03:43:01Z,konstantinoup,ba,2629,328,313,0
2026-07-25T03:43:01Z,stavrou,ab,2187,215,208,0
2026-07-25T03:43:01Z,stavrou,ba,2245,211,206,0
2026-07-25T03:43:01Z,makedonitissas,ab,3632,414,395,0
2026-07-25T03:43:01Z,makedonitissas,ba,2705,299,290,0
2026-07-25T03:43:01Z,armenias,ab,1079,127,119,0
2026-07-25T03:43:01Z,armenias,ba,1079,148,132,0
2026-07-25T03:43:01Z,arch_kyprianou,ab,1701,224,215,0
2026-07-25T03:43:01Z,arch_kyprianou,ba,1726,210,202,0
2026-07-25T03:43:01Z,a1_motorway,ab,10597,351,349,0
2026-07-25T03:43:01Z,a1_motorway,ba,14048,563,558,0
2026-07-25T03:43:01Z,makariou_lakat,ab,5849,550,516,0
2026-07-25T03:43:01Z,makariou_lakat,ba,6901,611,583,0
2026-07-25T03:43:01Z,griva_digeni,ab,4212,455,441,0
2026-07-25T03:43:01Z,griva_digeni,ba,5350,708,681,0
2026-07-25T03:43:01Z,aglantzias,ab,1775,183,177,0
2026-07-25T03:43:01Z,aglantzias,ba,3098,399,372,0
2026-07-25T03:43:01Z,kranidioti,ab,1458,109,105,0
2026-07-25T03:43:01Z,kranidioti,ba,1652,124,117,0
2026-07-25T03:43:01Z,perimetrikos,ab,2510,237,229,0
2026-07-25T03:43:01Z,perimetrikos,ba,2094,169,164,0
2026-07-25T03:43:01Z,hatziiosif,ab,2049,209,195,0
2026-07-25T03:43:01Z,hatziiosif,ba,2045,223,202,0
2026-07-25T03:43:01Z,perikleous,ab,2238,256,232,0
2026-07-25T03:43:01Z,perikleous,ba,2649,287,273,0
2026-07-25T03:43:01Z,avraamidi,ab,1264,152,140,0
2026-07-25T03:43:01Z,avraamidi,ba,1266,164,150,0
2026-07-25T03:43:01Z,athinon,ab,1573,209,204,0
2026-07-25T03:43:01Z,athinon,ba,1040,141,134,0
2026-07-25T03:43:01Z,tasou_markou,ab,544,74,70,0
2026-07-25T03:43:01Z,tasou_markou,ba,492,55,55,0
2026-07-25T03:43:01Z,peiraios,ab,590,86,71,0
2026-07-25T03:43:01Z,peiraios,ba,590,71,64,0
2026-07-25T03:53:25Z,strovolou,ab,5400,530,504,0
2026-07-25T03:53:25Z,strovolou,ba,4712,438,404,0
2026-07-25T03:53:25Z,tseriou,ab,2555,243,225,0
2026-07-25T03:53:25Z,tseriou,ba,3739,388,372,0
2026-07-25T03:53:25Z,prodromou,ab,2418,268,254,0
2026-07-25T03:53:25Z,prodromou,ba,2414,315,299,0
2026-07-25T03:53:25Z,akropoleos,ab,5010,533,463,0
2026-07-25T03:53:25Z,akropoleos,ba,5145,518,479,0
2026-07-25T03:53:25Z,athalassas,ab,2793,305,282,0
2026-07-25T03:53:25Z,athalassas,ba,6037,562,534,0
2026-07-25T03:53:25Z,lemesou,ab,2014,239,213,0
2026-07-25T03:53:25Z,lemesou,ba,2007,219,196,0
2026-07-25T03:53:25Z,sp_kyprianou,ab,6489,625,585,0
2026-07-25T03:53:25Z,sp_kyprianou,ba,6573,651,627,0
2026-07-25T03:53:25Z,archangelou,ab,7265,559,523,0
2026-07-25T03:53:25Z,archangelou,ba,6911,611,591,0
2026-07-25T03:53:25Z,konstantinoup,ab,2628,311,291,0
2026-07-25T03:53:25Z,konstantinoup,ba,2629,329,313,0
2026-07-25T03:53:25Z,stavrou,ab,2187,216,208,0
2026-07-25T03:53:25Z,stavrou,ba,2245,211,206,0
2026-07-25T03:53:25Z,makedonitissas,ab,3632,418,395,0
2026-07-25T03:53:25Z,makedonitissas,ba,2705,301,290,0
2026-07-25T03:53:25Z,armenias,ab,1079,128,119,0
2026-07-25T03:53:25Z,armenias,ba,1079,151,132,0
2026-07-25T03:53:25Z,arch_kyprianou,ab,1701,224,215,0
2026-07-25T03:53:25Z,arch_kyprianou,ba,1726,212,202,0
2026-07-25T03:53:25Z,a1_motorway,ab,10597,351,349,0
2026-07-25T03:53:25Z,a1_motorway,ba,14048,562,558,0
2026-07-25T03:53:25Z,makariou_lakat,ab,5849,556,516,0
2026-07-25T03:53:25Z,makariou_lakat,ba,6901,614,583,0
2026-07-25T03:53:25Z,griva_digeni,ab,4212,458,441,0
2026-07-25T03:53:25Z,griva_digeni,ba,5350,714,681,0
2026-07-25T03:53:25Z,aglantzias,ab,1775,184,177,0
2026-07-25T03:53:25Z,aglantzias,ba,3098,401,372,0
2026-07-25T03:53:25Z,kranidioti,ab,1458,109,105,0
2026-07-25T03:53:25Z,kranidioti,ba,1652,125,117,0
2026-07-25T03:53:25Z,perimetrikos,ab,2510,238,229,0
2026-07-25T03:53:25Z,perimetrikos,ba,2094,170,164,0
2026-07-25T03:53:25Z,hatziiosif,ab,2049,212,195,0
2026-07-25T03:53:25Z,hatziiosif,ba,2045,224,202,0
2026-07-25T03:53:25Z,perikleous,ab,2238,258,232,0
2026-07-25T03:53:25Z,perikleous,ba,2649,289,273,0
2026-07-25T03:53:25Z,avraamidi,ab,1264,154,140,0
2026-07-25T03:53:25Z,avraamidi,ba,1266,166,150,0
2026-07-25T03:53:25Z,athinon,ab,1573,208,204,0
2026-07-25T03:53:25Z,athinon,ba,1040,142,134,0
2026-07-25T03:53:25Z,tasou_markou,ab,544,75,70,0
2026-07-25T03:53:25Z,tasou_markou,ba,492,55,55,0
2026-07-25T03:53:25Z,peiraios,ab,590,88,71,0
2026-07-25T03:53:25Z,peiraios,ba,590,73,64,0
2026-07-25T04:03:50Z,strovolou,ab,5400,517,504,0
2026-07-25T04:03:50Z,strovolou,ba,4712,425,404,0
2026-07-25T04:03:50Z,tseriou,ab,2555,239,225,0
2026-07-25T04:03:50Z,tseriou,ba,3739,376,372,0
2026-07-25T04:03:50Z,prodromou,ab,2418,259,254,0
2026-07-25T04:03:50Z,prodromou,ba,2414,306,299,0
2026-07-25T04:03:50Z,akropoleos,ab,5010,532,463,0
2026-07-25T04:03:50Z,akropoleos,ba,5145,505,479,0
2026-07-25T04:03:50Z,athalassas,ab,2793,298,282,0
2026-07-25T04:03:50Z,athalassas,ba,6037,550,534,0
2026-07-25T04:03:50Z,lemesou,ab,2014,236,213,0
2026-07-25T04:03:50Z,lemesou,ba,2007,214,196,0
2026-07-25T04:03:50Z,sp_kyprianou,ab,6489,610,585,0
2026-07-25T04:03:50Z,sp_kyprianou,ba,6573,631,627,0
2026-07-25T04:03:50Z,archangelou,ab,7265,545,523,0
2026-07-25T04:03:50Z,archangelou,ba,6911,593,591,0
2026-07-25T04:03:50Z,konstantinoup,ab,2628,299,291,0
2026-07-25T04:03:50Z,konstantinoup,ba,2629,320,313,0
2026-07-25T04:03:50Z,stavrou,ab,2187,208,208,0
2026-07-25T04:03:50Z,stavrou,ba,2245,203,206,0
2026-07-25T04:03:50Z,makedonitissas,ab,3632,410,395,0
2026-07-25T04:03:50Z,makedonitissas,ba,2705,292,290,0
2026-07-25T04:03:50Z,armenias,ab,1079,124,119,0
2026-07-25T04:03:50Z,armenias,ba,1079,150,132,0
2026-07-25T04:03:50Z,arch_kyprianou,ab,1701,219,215,0
2026-07-25T04:03:50Z,arch_kyprianou,ba,1726,207,202,0
2026-07-25T04:03:50Z,a1_motorway,ab,10597,351,349,0
2026-07-25T04:03:50Z,a1_motorway,ba,14048,556,558,0
2026-07-25T04:03:50Z,makariou_lakat,ab,5849,544,516,0
2026-07-25T04:03:50Z,makariou_lakat,ba,6901,594,583,0
2026-07-25T04:03:50Z,griva_digeni,ab,4212,443,441,0
2026-07-25T04:03:50Z,griva_digeni,ba,5350,693,681,0
2026-07-25T04:03:50Z,aglantzias,ab,1775,179,177,0
2026-07-25T04:03:50Z,aglantzias,ba,3098,392,372,0
2026-07-25T04:03:50Z,kranidioti,ab,1458,107,105,0
2026-07-25T04:03:50Z,kranidioti,ba,1652,122,117,0
2026-07-25T04:03:50Z,perimetrikos,ab,2510,232,229,0
2026-07-25T04:03:50Z,perimetrikos,ba,2094,165,164,0
2026-07-25T04:03:50Z,hatziiosif,ab,2049,209,195,0
2026-07-25T04:03:50Z,hatziiosif,ba,2045,218,202,0
2026-07-25T04:03:50Z,perikleous,ab,2238,252,232,0
2026-07-25T04:03:50Z,perikleous,ba,2649,280,273,0
2026-07-25T04:03:50Z,avraamidi,ab,1264,150,140,0
2026-07-25T04:03:50Z,avraamidi,ba,1266,163,150,0
2026-07-25T04:03:50Z,athinon,ab,1573,202,204,0
2026-07-25T04:03:50Z,athinon,ba,1040,138,134,0
2026-07-25T04:03:50Z,tasou_markou,ab,544,74,70,0
2026-07-25T04:03:50Z,tasou_markou,ba,492,53,55,0
2026-07-25T04:03:50Z,peiraios,ab,590,89,71,0
2026-07-25T04:03:50Z,peiraios,ba,590,73,64,0
2026-07-25T04:14:14Z,strovolou,ab,5400,522,504,0
2026-07-25T04:14:14Z,strovolou,ba,4712,428,404,0
2026-07-25T04:14:14Z,tseriou,ab,2555,245,225,0
2026-07-25T04:14:14Z,tseriou,ba,3739,378,372,0
2026-07-25T04:14:14Z,prodromou,ab,2418,262,254,0
2026-07-25T04:14:14Z,prodromou,ba,2414,308,299,0
2026-07-25T04:14:14Z,akropoleos,ab,5010,546,463,0
2026-07-25T04:14:14Z,akropoleos,ba,5145,510,479,0
2026-07-25T04:14:14Z,athalassas,ab,2793,301,282,0
2026-07-25T04:14:14Z,athalassas,ba,6037,557,534,0
2026-07-25T04:14:14Z,lemesou,ab,2014,241,213,0
2026-07-25T04:14:14Z,lemesou,ba,2007,216,196,0
2026-07-25T04:14:14Z,sp_kyprianou,ab,6489,617,585,0
2026-07-25T04:14:14Z,sp_kyprianou,ba,6573,635,627,0
2026-07-25T04:14:14Z,archangelou,ab,7265,551,523,0
2026-07-25T04:14:14Z,archangelou,ba,6911,597,591,0
2026-07-25T04:14:14Z,konstantinoup,ab,2628,298,291,0
2026-07-25T04:14:14Z,konstantinoup,ba,2629,321,313,0
2026-07-25T04:14:14Z,stavrou,ab,2187,209,208,0
2026-07-25T04:14:14Z,stavrou,ba,2245,204,206,0
2026-07-25T04:14:14Z,makedonitissas,ab,3632,415,395,0
2026-07-25T04:14:14Z,makedonitissas,ba,2705,294,290,0
2026-07-25T04:14:14Z,armenias,ab,1079,125,119,0
2026-07-25T04:14:14Z,armenias,ba,1079,152,132,0
2026-07-25T04:14:14Z,arch_kyprianou,ab,1701,219,215,0
2026-07-25T04:14:14Z,arch_kyprianou,ba,1726,210,202,0
2026-07-25T04:14:14Z,a1_motorway,ab,10597,351,349,0
2026-07-25T04:14:14Z,a1_motorway,ba,14048,559,558,0
2026-07-25T04:14:14Z,makariou_lakat,ab,5849,552,516,0
2026-07-25T04:14:14Z,makariou_lakat,ba,6901,599,583,0
2026-07-25T04:14:14Z,griva_digeni,ab,4212,446,441,0
2026-07-25T04:14:14Z,griva_digeni,ba,5350,698,681,0
2026-07-25T04:14:14Z,aglantzias,ab,1775,181,177,0
2026-07-25T04:14:14Z,aglantzias,ba,3098,396,372,0
2026-07-25T04:14:14Z,kranidioti,ab,1458,107,105,0
2026-07-25T04:14:14Z,kranidioti,ba,1652,123,117,0
2026-07-25T04:14:14Z,perimetrikos,ab,2510,234,229,0
2026-07-25T04:14:14Z,perimetrikos,ba,2094,166,164,0
2026-07-25T04:14:14Z,hatziiosif,ab,2049,212,195,0
2026-07-25T04:14:14Z,hatziiosif,ba,2045,220,202,0
2026-07-25T04:14:14Z,perikleous,ab,2238,253,232,0
2026-07-25T04:14:14Z,perikleous,ba,2649,282,273,0
2026-07-25T04:14:14Z,avraamidi,ab,1264,152,140,0
2026-07-25T04:14:14Z,avraamidi,ba,1266,166,150,0
2026-07-25T04:14:14Z,athinon,ab,1573,202,204,0
2026-07-25T04:14:14Z,athinon,ba,1040,140,134,0
2026-07-25T04:14:14Z,tasou_markou,ab,544,75,70,0
2026-07-25T04:14:14Z,tasou_markou,ba,492,53,55,0
2026-07-25T04:14:14Z,peiraios,ab,590,92,71,0
2026-07-25T04:14:14Z,peiraios,ba,590,74,64,0
2026-07-25T04:24:38Z,strovolou,ab,5400,528,504,0
2026-07-25T04:24:38Z,strovolou,ba,4712,431,404,0
2026-07-25T04:24:38Z,tseriou,ab,2555,252,225,0
2026-07-25T04:24:38Z,tseriou,ba,3739,382,372,0
2026-07-25T04:24:38Z,prodromou,ab,2418,265,254,0
2026-07-25T04:24:38Z,prodromou,ba,2414,310,299,0
2026-07-25T04:24:38Z,akropoleos,ab,5010,560,463,0
2026-07-25T04:24:38Z,akropoleos,ba,5145,516,479,0
2026-07-25T04:24:38Z,athalassas,ab,2793,304,282,0
2026-07-25T04:24:38Z,athalassas,ba,6037,565,534,0
2026-07-25T04:24:38Z,lemesou,ab,2014,245,213,0
2026-07-25T04:24:38Z,lemesou,ba,2007,218,196,0
2026-07-25T04:24:38Z,sp_kyprianou,ab,6489,624,585,0
2026-07-25T04:24:38Z,sp_kyprianou,ba,6573,639,627,0
2026-07-25T04:24:38Z,archangelou,ab,7265,557,523,0
2026-07-25T04:24:38Z,archangelou,ba,6911,603,591,0
2026-07-25T04:24:38Z,konstantinoup,ab,2628,298,291,0
2026-07-25T04:24:38Z,konstantinoup,ba,2629,324,313,0
2026-07-25T04:24:38Z,stavrou,ab,2187,210,208,0
2026-07-25T04:24:38Z,stavrou,ba,2245,205,206,0
2026-07-25T04:24:38Z,makedonitissas,ab,3632,421,395,0
2026-07-25T04:24:38Z,makedonitissas,ba,2705,297,290,0
2026-07-25T04:24:38Z,armenias,ab,1079,126,119,0
2026-07-25T04:24:38Z,armenias,ba,1079,155,132,0
2026-07-25T04:24:38Z,arch_kyprianou,ab,1701,220,215,0
2026-07-25T04:24:38Z,arch_kyprianou,ba,1726,212,202,0
2026-07-25T04:24:38Z,a1_motorway,ab,10597,351,349,0
2026-07-25T04:24:38Z,a1_motorway,ba,14048,559,558,0
2026-07-25T04:24:38Z,makariou_lakat,ab,5849,562,516,0
2026-07-25T04:24:38Z,makariou_lakat,ba,6901,603,583,0
2026-07-25T04:24:38Z,griva_digeni,ab,4212,450,441,0
2026-07-25T04:24:38Z,griva_digeni,ba,5350,703,681,0
2026-07-25T04:24:38Z,aglantzias,ab,1775,183,177,0
2026-07-25T04:24:38Z,aglantzias,ba,3098,400,372,0
2026-07-25T04:24:38Z,kranidioti,ab,1458,108,105,0
2026-07-25T04:24:38Z,kranidioti,ba,1652,124,117,0
2026-07-25T04:24:38Z,perimetrikos,ab,2510,236,229,0
2026-07-25T04:24:38Z,perimetrikos,ba,2094,166,164,0
2026-07-25T04:24:38Z,hatziiosif,ab,2049,216,195,0
2026-07-25T04:24:38Z,hatziiosif,ba,2045,223,202,0
2026-07-25T04:24:38Z,perikleous,ab,2238,256,232,0
2026-07-25T04:24:38Z,perikleous,ba,2649,283,273,0
2026-07-25T04:24:38Z,avraamidi,ab,1264,154,140,0
2026-07-25T04:24:38Z,avraamidi,ba,1266,168,150,0
2026-07-25T04:24:38Z,athinon,ab,1573,202,204,0
2026-07-25T04:24:38Z,athinon,ba,1040,142,134,0
2026-07-25T04:24:38Z,tasou_markou,ab,544,76,70,0
2026-07-25T04:24:38Z,tasou_markou,ba,492,53,55,0
2026-07-25T04:24:38Z,peiraios,ab,590,93,71,0
2026-07-25T04:24:38Z,peiraios,ba,590,76,64,0
2026-07-25T04:35:03Z,strovolou,ab,5400,534,504,0
2026-07-25T04:35:03Z,strovolou,ba,4712,435,404,0
2026-07-25T04:35:03Z,tseriou,ab,2555,260,225,0
2026-07-25T04:35:03Z,tseriou,ba,3739,387,372,0
2026-07-25T04:35:03Z,prodromou,ab,2418,268,254,0
2026-07-25T04:35:03Z,prodromou,ba,2414,313,299,0
2026-07-25T04:35:03Z,akropoleos,ab,5010,571,463,0
2026-07-25T04:35:03Z,akropoleos,ba,5145,523,479,0
2026-07-25T04:35:03Z,athalassas,ab,2793,309,282,0
2026-07-25T04:35:03Z,athalassas,ba,6037,576,534,0
2026-07-25T04:35:03Z,lemesou,ab,2014,248,213,0
2026-07-25T04:35:03Z,lemesou,ba,2007,220,196,0
2026-07-25T04:35:03Z,sp_kyprianou,ab,6489,630,585,0
2026-07-25T04:35:03Z,sp_kyprianou,ba,6573,643,627,0
2026-07-25T04:35:03Z,archangelou,ab,7265,562,523,0
2026-07-25T04:35:03Z,archangelou,ba,6911,608,591,0
2026-07-25T04:35:03Z,konstantinoup,ab,2628,299,291,0
2026-07-25T04:35:03Z,konstantinoup,ba,2629,326,313,0
2026-07-25T04:35:03Z,stavrou,ab,2187,212,208,0
2026-07-25T04:35:03Z,stavrou,ba,2245,206,206,0
2026-07-25T04:35:03Z,makedonitissas,ab,3632,426,395,0
2026-07-25T04:35:03Z,makedonitissas,ba,2705,299,290,0
2026-07-25T04:35:03Z,armenias,ab,1079,127,119,0
2026-07-25T04:35:03Z,armenias,ba,1079,157,132,0
2026-07-25T04:35:03Z,arch_kyprianou,ab,1701,221,215,0
2026-07-25T04:35:03Z,arch_kyprianou,ba,1726,215,202,0
2026-07-25T04:35:03Z,a1_motorway,ab,10597,351,349,0
2026-07-25T04:35:03Z,a1_motorway,ba,14048,558,558,0
2026-07-25T04:35:03Z,makariou_lakat,ab,5849,570,516,0
2026-07-25T04:35:03Z,makariou_lakat,ba,6901,611,583,0
2026-07-25T04:35:03Z,griva_digeni,ab,4212,455,441,0
2026-07-25T04:35:03Z,griva_digeni,ba,5350,707,681,0
2026-07-25T04:35:03Z,aglantzias,ab,1775,186,177,0
2026-07-25T04:35:03Z,aglantzias,ba,3098,404,372,0
2026-07-25T04:35:03Z,kranidioti,ab,1458,109,105,0
2026-07-25T04:35:03Z,kranidioti,ba,1652,125,117,0
2026-07-25T04:35:03Z,perimetrikos,ab,2510,237,229,0
2026-07-25T04:35:03Z,perimetrikos,ba,2094,167,164,0
2026-07-25T04:35:03Z,hatziiosif,ab,2049,220,195,0
2026-07-25T04:35:03Z,hatziiosif,ba,2045,226,202,0
2026-07-25T04:35:03Z,perikleous,ab,2238,259,232,0
2026-07-25T04:35:03Z,perikleous,ba,2649,286,273,0
2026-07-25T04:35:03Z,avraamidi,ab,1264,156,140,0
2026-07-25T04:35:03Z,avraamidi,ba,1266,171,150,0
2026-07-25T04:35:03Z,athinon,ab,1573,203,204,0
2026-07-25T04:35:03Z,athinon,ba,1040,146,134,0
2026-07-25T04:35:03Z,tasou_markou,ab,544,76,70,0
2026-07-25T04:35:03Z,tasou_markou,ba,492,53,55,0
2026-07-25T04:35:03Z,peiraios,ab,590,95,71,0
2026-07-25T04:35:03Z,peiraios,ba,590,77,64,0
2026-07-25T04:45:27Z,strovolou,ab,5400,539,504,0
2026-07-25T04:45:27Z,strovolou,ba,4712,437,404,0
2026-07-25T04:45:27Z,tseriou,ab,2555,267,225,0
2026-07-25T04:45:27Z,tseriou,ba,3739,391,372,0
2026-07-25T04:45:27Z,prodromou,ab,2418,271,254,0
2026-07-25T04:45:27Z,prodromou,ba,2414,316,299,0
2026-07-25T04:45:27Z,akropoleos,ab,5010,580,463,0
2026-07-25T04:45:27Z,akropoleos,ba,5145,528,479,0
2026-07-25T04:45:27Z,athalassas,ab,2793,313,282,0
2026-07-25T04:45:27Z,athalassas,ba,6037,586,534,0
2026-07-25T04:45:27Z,lemesou,ab,2014,251,213,0
2026-07-25T04:45:27Z,lemesou,ba,2007,223,196,0
2026-07-25T04:45:27Z,sp_kyprianou,ab,6489,636,585,0
2026-07-25T04:45:27Z,sp_kyprianou,ba,6573,650,627,0
2026-07-25T04:45:27Z,archangelou,ab,7265,567,523,0
2026-07-25T04:45:27Z,archangelou,ba,6911,613,591,0
2026-07-25T04:45:27Z,konstantinoup,ab,2628,299,291,0
2026-07-25T04:45:27Z,konstantinoup,ba,2629,327,313,0
2026-07-25T04:45:27Z,stavrou,ab,2187,215,208,0
2026-07-25T04:45:27Z,stavrou,ba,2245,207,206,0
2026-07-25T04:45:27Z,makedonitissas,ab,3632,432,395,0
2026-07-25T04:45:27Z,makedonitissas,ba,2705,300,290,0
2026-07-25T04:45:27Z,armenias,ab,1079,128,119,0
2026-07-25T04:45:27Z,armenias,ba,1079,159,132,0
2026-07-25T04:45:27Z,arch_kyprianou,ab,1701,222,215,0
2026-07-25T04:45:27Z,arch_kyprianou,ba,1726,217,202,0
2026-07-25T04:45:27Z,a1_motorway,ab,10597,351,349,0
2026-07-25T04:45:27Z,a1_motorway,ba,14048,559,558,0
2026-07-25T04:45:27Z,makariou_lakat,ab,5849,579,516,0
2026-07-25T04:45:27Z,makariou_lakat,ba,6901,616,583,0
2026-07-25T04:45:27Z,griva_digeni,ab,4212,459,441,0
2026-07-25T04:45:27Z,griva_digeni,ba,5350,713,681,0
2026-07-25T04:45:27Z,aglantzias,ab,1775,188,177,0
2026-07-25T04:45:27Z,aglantzias,ba,3098,408,372,0
2026-07-25T04:45:27Z,kranidioti,ab,1458,110,105,0
2026-07-25T04:45:27Z,kranidioti,ba,1652,126,117,0
2026-07-25T04:45:27Z,perimetrikos,ab,2510,240,229,0
2026-07-25T04:45:27Z,perimetrikos,ba,2094,168,164,0
2026-07-25T04:45:27Z,hatziiosif,ab,2049,225,195,0
2026-07-25T04:45:27Z,hatziiosif,ba,2045,228,202,0
2026-07-25T04:45:27Z,perikleous,ab,2238,261,232,0
2026-07-25T04:45:27Z,perikleous,ba,2649,288,273,0
2026-07-25T04:45:27Z,avraamidi,ab,1264,157,140,0
2026-07-25T04:45:27Z,avraamidi,ba,1266,172,150,0
2026-07-25T04:45:27Z,athinon,ab,1573,204,204,0
2026-07-25T04:45:27Z,athinon,ba,1040,148,134,0
2026-07-25T04:45:27Z,tasou_markou,ab,544,76,70,0
2026-07-25T04:45:27Z,tasou_markou,ba,492,53,55,0
2026-07-25T04:45:27Z,peiraios,ab,590,95,71,0
2026-07-25T04:45:27Z,peiraios,ba,590,78,64,0
2026-07-25T04:55:50Z,strovolou,ab,5400,544,504,0
2026-07-25T04:55:50Z,strovolou,ba,4712,440,404,0
2026-07-25T04:55:50Z,tseriou,ab,2555,275,225,0
2026-07-25T04:55:50Z,tseriou,ba,3739,395,372,0
2026-07-25T04:55:50Z,prodromou,ab,2418,273,254,0
2026-07-25T04:55:50Z,prodromou,ba,2414,318,299,0
2026-07-25T04:55:50Z,akropoleos,ab,5010,586,463,0
2026-07-25T04:55:50Z,akropoleos,ba,5145,535,479,0
2026-07-25T04:55:50Z,athalassas,ab,2793,317,282,0
2026-07-25T04:55:50Z,athalassas,ba,6037,597,534,0
2026-07-25T04:55:50Z,lemesou,ab,2014,252,213,0
2026-07-25T04:55:50Z,lemesou,ba,2007,225,196,0
2026-07-25T04:55:50Z,sp_kyprianou,ab,6489,641,585,0
2026-07-25T04:55:50Z,sp_kyprianou,ba,6573,655,627,0
2026-07-25T04:55:50Z,archangelou,ab,7265,572,523,0
2026-07-25T04:55:50Z,archangelou,ba,6911,617,591,0
2026-07-25T04:55:50Z,konstantinoup,ab,2628,300,291,0
2026-07-25T04:55:50Z,konstantinoup,ba,2629,328,313,0
2026-07-25T04:55:50Z,stavrou,ab,2187,217,208,0
2026-07-25T04:55:50Z,stavrou,ba,2245,209,206,0
2026-07-25T04:55:50Z,makedonitissas,ab,3632,436,395,0
2026-07-25T04:55:50Z,makedonitissas,ba,2705,301,290,0
2026-07-25T04:55:50Z,armenias,ab,1079,130,119,0
2026-07-25T04:55:50Z,armenias,ba,1079,161,132,0
2026-07-25T04:55:50Z,arch_kyprianou,ab,1701,223,215,0
2026-07-25T04:55:50Z,arch_kyprianou,ba,1726,220,202,0
2026-07-25T04:55:50Z,a1_motorway,ab,10597,351,349,0
2026-07-25T04:55:50Z,a1_motorway,ba,14048,559,558,0
2026-07-25T04:55:50Z,makariou_lakat,ab,5849,587,516,0
2026-07-25T04:55:50Z,makariou_lakat,ba,6901,623,583,0
2026-07-25T04:55:50Z,griva_digeni,ab,4212,462,441,0
2026-07-25T04:55:50Z,griva_digeni,ba,5350,718,681,0
2026-07-25T04:55:50Z,aglantzias,ab,1775,189,177,0
2026-07-25T04:55:50Z,aglantzias,ba,3098,412,372,0
2026-07-25T04:55:50Z,kranidioti,ab,1458,110,105,0
2026-07-25T04:55:50Z,kranidioti,ba,1652,126,117,0
2026-07-25T04:55:50Z,perimetrikos,ab,2510,240,229,0
2026-07-25T04:55:50Z,perimetrikos,ba,2094,169,164,0
2026-07-25T04:55:50Z,hatziiosif,ab,2049,228,195,0
2026-07-25T04:55:50Z,hatziiosif,ba,2045,231,202,0
2026-07-25T04:55:50Z,perikleous,ab,2238,264,232,0
2026-07-25T04:55:50Z,perikleous,ba,2649,291,273,0
2026-07-25T04:55:50Z,avraamidi,ab,1264,159,140,0
2026-07-25T04:55:50Z,avraamidi,ba,1266,173,150,0
2026-07-25T04:55:50Z,athinon,ab,1573,205,204,0
2026-07-25T04:55:50Z,athinon,ba,1040,151,134,0
2026-07-25T04:55:50Z,tasou_markou,ab,544,77,70,0
2026-07-25T04:55:50Z,tasou_markou,ba,492,53,55,0
2026-07-25T04:55:50Z,peiraios,ab,590,96,71,0
2026-07-25T04:55:50Z,peiraios,ba,590,79,64,0
2026-07-25T05:06:15Z,strovolou,ab,5400,549,504,0
2026-07-25T05:06:15Z,strovolou,ba,4712,443,404,0
2026-07-25T05:06:15Z,tseriou,ab,2555,282,225,0
2026-07-25T05:06:15Z,tseriou,ba,3739,399,372,0
2026-07-25T05:06:15Z,prodromou,ab,2418,276,254,0
2026-07-25T05:06:15Z,prodromou,ba,2414,320,299,0
2026-07-25T05:06:15Z,akropoleos,ab,5010,589,463,0
2026-07-25T05:06:15Z,akropoleos,ba,5145,541,479,0
2026-07-25T05:06:15Z,athalassas,ab,2793,322,282,0
2026-07-25T05:06:15Z,athalassas,ba,6037,608,534,0
2026-07-25T05:06:15Z,lemesou,ab,2014,254,213,0
2026-07-25T05:06:15Z,lemesou,ba,2007,228,196,0
2026-07-25T05:06:15Z,sp_kyprianou,ab,6489,643,585,0
2026-07-25T05:06:15Z,sp_kyprianou,ba,6573,659,627,0
2026-07-25T05:06:15Z,archangelou,ab,7265,573,523,0
2026-07-25T05:06:15Z,archangelou,ba,6911,622,591,0
2026-07-25T05:06:15Z,konstantinoup,ab,2628,300,291,0
2026-07-25T05:06:15Z,konstantinoup,ba,2629,330,313,0
2026-07-25T05:06:15Z,stavrou,ab,2187,219,208,0
2026-07-25T05:06:15Z,stavrou,ba,2245,211,206,0
2026-07-25T05:06:15Z,makedonitissas,ab,3632,439,395,0
2026-07-25T05:06:15Z,makedonitissas,ba,2705,301,290,0
2026-07-25T05:06:15Z,armenias,ab,1079,132,119,0
2026-07-25T05:06:15Z,armenias,ba,1079,162,132,0
2026-07-25T05:06:15Z,arch_kyprianou,ab,1701,225,215,0
2026-07-25T05:06:15Z,arch_kyprianou,ba,1726,223,202,0
2026-07-25T05:06:15Z,a1_motorway,ab,10597,351,349,0
2026-07-25T05:06:15Z,a1_motorway,ba,14048,560,558,0
2026-07-25T05:06:15Z,makariou_lakat,ab,5849,597,516,0
2026-07-25T05:06:15Z,makariou_lakat,ba,6901,632,583,0
2026-07-25T05:06:15Z,griva_digeni,ab,4212,466,441,0
2026-07-25T05:06:15Z,griva_digeni,ba,5350,721,681,0
2026-07-25T05:06:15Z,aglantzias,ab,1775,192,177,0
2026-07-25T05:06:15Z,aglantzias,ba,3098,417,372,0
2026-07-25T05:06:15Z,kranidioti,ab,1458,111,105,0
2026-07-25T05:06:15Z,kranidioti,ba,1652,127,117,0
2026-07-25T05:06:15Z,perimetrikos,ab,2510,242,229,0
2026-07-25T05:06:15Z,perimetrikos,ba,2094,170,164,0
2026-07-25T05:06:15Z,hatziiosif,ab,2049,232,195,0
2026-07-25T05:06:15Z,hatziiosif,ba,2045,234,202,0
2026-07-25T05:06:15Z,perikleous,ab,2238,267,232,0
2026-07-25T05:06:15Z,perikleous,ba,2649,295,273,0
2026-07-25T05:06:15Z,avraamidi,ab,1264,161,140,0
2026-07-25T05:06:15Z,avraamidi,ba,1266,174,150,0
2026-07-25T05:06:15Z,athinon,ab,1573,206,204,0
2026-07-25T05:06:15Z,athinon,ba,1040,154,134,0
2026-07-25T05:06:15Z,tasou_markou,ab,544,77,70,0
2026-07-25T05:06:15Z,tasou_markou,ba,492,53,55,0
2026-07-25T05:06:15Z,peiraios,ab,590,95,71,0
2026-07-25T05:06:15Z,peiraios,ba,590,80,64,0
2026-07-25T05:16:39Z,strovolou,ab,5400,554,504,0
2026-07-25T05:16:39Z,strovolou,ba,4712,446,404,0
2026-07-25T05:16:39Z,tseriou,ab,2555,288,225,0
2026-07-25T05:16:39Z,tseriou,ba,3739,403,372,0
2026-07-25T05:16:39Z,prodromou,ab,2418,277,254,0
2026-07-25T05:16:39Z,prodromou,ba,2414,322,299,0
2026-07-25T05:16:39Z,akropoleos,ab,5010,588,463,0
2026-07-25T05:16:39Z,akropoleos,ba,5145,546,479,0
2026-07-25T05:16:39Z,athalassas,ab,2793,326,282,0
2026-07-25T05:16:39Z,athalassas,ba,6037,617,534,0
2026-07-25T05:16:39Z,lemesou,ab,2014,255,213,0
2026-07-25T05:16:39Z,lemesou,ba,2007,230,196,0
2026-07-25T05:16:39Z,sp_kyprianou,ab,6489,643,585,0
2026-07-25T05:16:39Z,sp_kyprianou,ba,6573,664,627,0
2026-07-25T05:16:39Z,archangelou,ab,7265,574,523,0
2026-07-25T05:16:39Z,archangelou,ba,6911,625,591,0
2026-07-25T05:16:39Z,konstantinoup,ab,2628,301,291,0
2026-07-25T05:16:39Z,konstantinoup,ba,2629,331,313,0
2026-07-25T05:16:39Z,stavrou,ab,2187,221,208,0
2026-07-25T05:16:39Z,stavrou,ba,2245,212,206,0
2026-07-25T05:16:39Z,makedonitissas,ab,3632,440,395,0
2026-07-25T05:16:39Z,makedonitissas,ba,2705,301,290,0
2026-07-25T05:16:39Z,armenias,ab,1079,132,119,0
2026-07-25T05:16:39Z,armenias,ba,1079,163,132,0
2026-07-25T05:16:39Z,arch_kyprianou,ab,1701,226,215,0
2026-07-25T05:16:39Z,arch_kyprianou,ba,1726,226,202,0
2026-07-25T05:16:39Z,a1_motorway,ab,10597,351,349,0
2026-07-25T05:16:39Z,a1_motorway,ba,14048,561,558,0
2026-07-25T05:16:39Z,makariou_lakat,ab,5849,604,516,0
2026-07-25T05:16:39Z,makariou_lakat,ba,6901,639,583,0
2026-07-25T05:16:39Z,griva_digeni,ab,4212,469,441,0
2026-07-25T05:16:39Z,griva_digeni,ba,5350,724,681,0
2026-07-25T05:16:39Z,aglantzias,ab,1775,193,177,0
2026-07-25T05:16:39Z,aglantzias,ba,3098,420,372,0
2026-07-25T05:16:39Z,kranidioti,ab,1458,111,105,0
2026-07-25T05:16:39Z,kranidioti,ba,1652,126,117,0
2026-07-25T05:16:39Z,perimetrikos,ab,2510,242,229,0
2026-07-25T05:16:39Z,perimetrikos,ba,2094,171,164,0
2026-07-25T05:16:39Z,hatziiosif,ab,2049,234,195,0
2026-07-25T05:16:39Z,hatziiosif,ba,2045,236,202,0
2026-07-25T05:16:39Z,perikleous,ab,2238,269,232,0
2026-07-25T05:16:39Z,perikleous,ba,2649,297,273,0
2026-07-25T05:16:39Z,avraamidi,ab,1264,162,140,0
2026-07-25T05:16:39Z,avraamidi,ba,1266,175,150,0
2026-07-25T05:16:39Z,athinon,ab,1573,207,204,0
2026-07-25T05:16:39Z,athinon,ba,1040,157,134,0
2026-07-25T05:16:39Z,tasou_markou,ab,544,77,70,0
2026-07-25T05:16:39Z,tasou_markou,ba,492,53,55,0
2026-07-25T05:16:39Z,peiraios,ab,590,95,71,0
2026-07-25T05:16:39Z,peiraios,ba,590,80,64,0
2026-07-25T05:27:03Z,strovolou,ab,5400,558,504,0
2026-07-25T05:27:03Z,strovolou,ba,4712,449,404,0
2026-07-25T05:27:03Z,tseriou,ab,2555,295,225,0
2026-07-25T05:27:03Z,tseriou,ba,3739,408,372,0
2026-07-25T05:27:03Z,prodromou,ab,2418,279,254,0
2026-07-25T05:27:03Z,prodromou,ba,2414,324,299,0
2026-07-25T05:27:03Z,akropoleos,ab,5010,586,463,0
2026-07-25T05:27:03Z,akropoleos,ba,5145,552,479,0
2026-07-25T05:27:03Z,athalassas,ab,2793,331,282,0
2026-07-25T05:27:03Z,athalassas,ba,6037,630,534,0
2026-07-25T05:27:03Z,lemesou,ab,2014,255,213,0
2026-07-25T05:27:03Z,lemesou,ba,2007,233,196,0
2026-07-25T05:27:03Z,sp_kyprianou,ab,6489,644,585,0
2026-07-25T05:27:03Z,sp_kyprianou,ba,6573,672,627,0
2026-07-25T05:27:03Z,archangelou,ab,7265,575,523,0
2026-07-25T05:27:03Z,archangelou,ba,6911,629,591,0
2026-07-25T05:27:03Z,konstantinoup,ab,2628,301,291,0
2026-07-25T05:27:03Z,konstantinoup,ba,2629,331,313,0
2026-07-25T05:27:03Z,stavrou,ab,2187,224,208,0
2026-07-25T05:27:03Z,stavrou,ba,2245,214,206,0
2026-07-25T05:27:03Z,makedonitissas,ab,3632,442,395,0
2026-07-25T05:27:03Z,makedonitissas,ba,2705,301,290,0
2026-07-25T05:27:03Z,armenias,ab,1079,133,119,0
2026-07-25T05:27:03Z,armenias,ba,1079,163,132,0
2026-07-25T05:27:03Z,arch_kyprianou,ab,1701,227,215,0
2026-07-25T05:27:03Z,arch_kyprianou,ba,1726,229,202,0
2026-07-25T05:27:03Z,a1_motorway,ab,10597,351,349,0
2026-07-25T05:27:03Z,a1_motorway,ba,14048,562,558,0
2026-07-25T05:27:03Z,makariou_lakat,ab,5849,614,516,0
2026-07-25T05:27:03Z,makariou_lakat,ba,6901,648,583,0
2026-07-25T05:27:03Z,griva_digeni,ab,4212,471,441,0
2026-07-25T05:27:03Z,griva_digeni,ba,5350,729,681,0
2026-07-25T05:27:03Z,aglantzias,ab,1775,195,177,0
2026-07-25T05:27:03Z,aglantzias,ba,3098,424,372,0
2026-07-25T05:27:03Z,kranidioti,ab,1458,111,105,0
2026-07-25T05:27:03Z,kranidioti,ba,1652,126,117,0
2026-07-25T05:27:03Z,perimetrikos,ab,2510,243,229,0
2026-07-25T05:27:03Z,perimetrikos,ba,2094,171,164,0
2026-07-25T05:27:03Z,hatziiosif,ab,2049,238,195,0
2026-07-25T05:27:03Z,hatziiosif,ba,2045,239,202,0
2026-07-25T05:27:03Z,perikleous,ab,2238,273,232,0
2026-07-25T05:27:03Z,perikleous,ba,2649,301,273,0
2026-07-25T05:27:03Z,avraamidi,ab,1264,164,140,0
2026-07-25T05:27:03Z,avraamidi,ba,1266,176,150,0
2026-07-25T05:27:03Z,athinon,ab,1573,209,204,0
2026-07-25T05:27:03Z,athinon,ba,1040,161,134,0
2026-07-25T05:27:03Z,tasou_markou,ab,544,77,70,0
2026-07-25T05:27:03Z,tasou_markou,ba,492,54,55,0
2026-07-25T05:27:03Z,peiraios,ab,590,95,71,0
2026-07-25T05:27:03Z,peiraios,ba,590,81,64,0
2026-07-25T05:37:28Z,strovolou,ab,5400,562,504,0
2026-07-25T05:37:28Z,strovolou,ba,4712,452,404,0
2026-07-25T05:37:28Z,tseriou,ab,2555,301,225,0
2026-07-25T05:37:28Z,tseriou,ba,3739,412,372,0
2026-07-25T05:37:28Z,prodromou,ab,2418,281,254,0
2026-07-25T05:37:28Z,prodromou,ba,2414,326,299,0
2026-07-25T05:37:28Z,akropoleos,ab,5010,584,463,0
2026-07-25T05:37:28Z,akropoleos,ba,5145,558,479,0
2026-07-25T05:37:28Z,athalassas,ab,2793,337,282,0
2026-07-25T05:37:28Z,athalassas,ba,6037,638,534,0
2026-07-25T05:37:28Z,lemesou,ab,2014,256,213,0
2026-07-25T05:37:28Z,lemesou,ba,2007,236,196,0
2026-07-25T05:37:28Z,sp_kyprianou,ab,6489,647,585,0
2026-07-25T05:37:28Z,sp_kyprianou,ba,6573,676,627,0
2026-07-25T05:37:28Z,archangelou,ab,7265,575,523,0
2026-07-25T05:37:28Z,archangelou,ba,6911,632,591,0
2026-07-25T05:37:28Z,konstantinoup,ab,2628,302,291,0
2026-07-25T05:37:28Z,konstantinoup,ba,2629,332,313,0
2026-07-25T05:37:28Z,stavrou,ab,2187,228,208,0
2026-07-25T05:37:28Z,stavrou,ba,2245,217,206,0
2026-07-25T05:37:28Z,makedonitissas,ab,3632,444,395,0
2026-07-25T05:37:28Z,makedonitissas,ba,2705,301,290,0
2026-07-25T05:37:28Z,armenias,ab,1079,135,119,0
2026-07-25T05:37:28Z,armenias,ba,1079,165,132,0
2026-07-25T05:37:28Z,arch_kyprianou,ab,1701,229,215,0
2026-07-25T05:37:28Z,arch_kyprianou,ba,1726,232,202,0
2026-07-25T05:37:28Z,a1_motorway,ab,10597,351,349,0
2026-07-25T05:37:28Z,a1_motorway,ba,14048,563,558,0
2026-07-25T05:37:28Z,makariou_lakat,ab,5849,621,516,0
2026-07-25T05:37:28Z,makariou_lakat,ba,6901,658,583,0
2026-07-25T05:37:28Z,griva_digeni,ab,4212,473,441,0
2026-07-25T05:37:28Z,griva_digeni,ba,5350,731,681,0
2026-07-25T05:37:28Z,aglantzias,ab,1775,197,177,0
2026-07-25T05:37:28Z,aglantzias,ba,3098,428,372,0
2026-07-25T05:37:28Z,kranidioti,ab,1458,111,105,0
2026-07-25T05:37:28Z,kranidioti,ba,1652,126,117,0
2026-07-25T05:37:28Z,perimetrikos,ab,2510,244,229,0
2026-07-25T05:37:28Z,perimetrikos,ba,2094,172,164,0
2026-07-25T05:37:28Z,hatziiosif,ab,2049,240,195,0
2026-07-25T05:37:28Z,hatziiosif,ba,2045,242,202,0
2026-07-25T05:37:28Z,perikleous,ab,2238,276,232,0
2026-07-25T05:37:28Z,perikleous,ba,2649,305,273,0
2026-07-25T05:37:28Z,avraamidi,ab,1264,164,140,0
2026-07-25T05:37:28Z,avraamidi,ba,1266,176,150,0
2026-07-25T05:37:28Z,athinon,ab,1573,211,204,0
2026-07-25T05:37:28Z,athinon,ba,1040,166,134,0
2026-07-25T05:37:28Z,tasou_markou,ab,544,77,70,0
2026-07-25T05:37:28Z,tasou_markou,ba,492,54,55,0
2026-07-25T05:37:28Z,peiraios,ab,590,95,71,0
2026-07-25T05:37:28Z,peiraios,ba,590,81,64,0
2026-07-25T05:47:51Z,strovolou,ab,5400,565,504,0
2026-07-25T05:47:51Z,strovolou,ba,4712,455,404,0
2026-07-25T05:47:51Z,tseriou,ab,2555,308,225,0
2026-07-25T05:47:51Z,tseriou,ba,3739,418,372,0
2026-07-25T05:47:51Z,prodromou,ab,2418,282,254,0
2026-07-25T05:47:51Z,prodromou,ba,2414,327,299,0
2026-07-25T05:47:51Z,akropoleos,ab,5010,583,463,0
2026-07-25T05:47:51Z,akropoleos,ba,5145,565,479,0
2026-07-25T05:47:51Z,athalassas,ab,2793,343,282,0
2026-07-25T05:47:51Z,athalassas,ba,6037,651,534,0
2026-07-25T05:47:51Z,lemesou,ab,2014,255,213,0
2026-07-25T05:47:51Z,lemesou,ba,2007,238,196,0
2026-07-25T05:47:51Z,sp_kyprianou,ab,6489,649,585,0
2026-07-25T05:47:51Z,sp_kyprianou,ba,6573,681,627,0
2026-07-25T05:47:51Z,archangelou,ab,7265,575,523,0
2026-07-25T05:47:51Z,archangelou,ba,6911,635,591,0
2026-07-25T05:47:51Z,konstantinoup,ab,2628,303,291,0
2026-07-25T05:47:51Z,konstantinoup,ba,2629,333,313,0
2026-07-25T05:47:51Z,stavrou,ab,2187,232,208,0
2026-07-25T05:47:51Z,stavrou,ba,2245,219,206,0
2026-07-25T05:47:51Z,makedonitissas,ab,3632,443,395,0
2026-07-25T05:47:51Z,makedonitissas,ba,2705,301,290,0
2026-07-25T05:47:51Z,armenias,ab,1079,136,119,0
2026-07-25T05:47:51Z,armenias,ba,1079,165,132,0
2026-07-25T05:47:51Z,arch_kyprianou,ab,1701,230,215,0
2026-07-25T05:47:51Z,arch_kyprianou,ba,1726,236,202,0
2026-07-25T05:47:51Z,a1_motorway,ab,10597,351,349,0
2026-07-25T05:47:51Z,a1_motorway,ba,14048,566,558,0
2026-07-25T05:47:51Z,makariou_lakat,ab,5849,629,516,0
2026-07-25T05:47:51Z,makariou_lakat,ba,6901,668,583,0
2026-07-25T05:47:51Z,griva_digeni,ab,4212,474,441,0
2026-07-25T05:47:51Z,griva_digeni,ba,5350,735,681,0
2026-07-25T05:47:51Z,aglantzias,ab,1775,198,177,0
2026-07-25T05:47:51Z,aglantzias,ba,3098,432,372,0
2026-07-25T05:47:51Z,kranidioti,ab,1458,111,105,0
2026-07-25T05:47:51Z,kranidioti,ba,1652,126,117,0
2026-07-25T05:47:51Z,perimetrikos,ab,2510,244,229,0
2026-07-25T05:47:51Z,perimetrikos,ba,2094,172,164,0
2026-07-25T05:47:51Z,hatziiosif,ab,2049,243,195,0
2026-07-25T05:47:51Z,hatziiosif,ba,2045,245,202,0
2026-07-25T05:47:51Z,perikleous,ab,2238,280,232,0
2026-07-25T05:47:51Z,perikleous,ba,2649,309,273,0
2026-07-25T05:47:51Z,avraamidi,ab,1264,166,140,0
2026-07-25T05:47:51Z,avraamidi,ba,1266,177,150,0
2026-07-25T05:47:51Z,athinon,ab,1573,213,204,0
2026-07-25T05:47:51Z,athinon,ba,1040,171,134,0
2026-07-25T05:47:51Z,tasou_markou,ab,544,77,70,0
2026-07-25T05:47:51Z,tasou_markou,ba,492,54,55,0
2026-07-25T05:47:51Z,peiraios,ab,590,94,71,0
2026-07-25T05:47:51Z,peiraios,ba,590,82,64,0
2026-07-25T05:58:15Z,strovolou,ab,5400,569,504,0
2026-07-25T05:58:15Z,strovolou,ba,4712,459,404,0
2026-07-25T05:58:15Z,tseriou,ab,2555,317,225,0
2026-07-25T05:58:15Z,tseriou,ba,3739,424,372,0
2026-07-25T05:58:15Z,prodromou,ab,2418,283,254,0
2026-07-25T05:58:15Z,prodromou,ba,2414,328,299,0
2026-07-25T05:58:15Z,akropoleos,ab,5010,582,463,0
2026-07-25T05:58:15Z,akropoleos,ba,5145,570,479,0
2026-07-25T05:58:15Z,athalassas,ab,2793,350,282,0
2026-07-25T05:58:15Z,athalassas,ba,7097,655,568,0
2026-07-25T05:58:15Z,lemesou,ab,2014,256,213,0
2026-07-25T05:58:15Z,lemesou,ba,2007,241,196,0
2026-07-25T05:58:15Z,sp_kyprianou,ab,6489,650,585,0
2026-07-25T05:58:15Z,sp_kyprianou,ba,6573,686,627,0
2026-07-25T05:58:15Z,archangelou,ab,7265,577,523,0
2026-07-25T05:58:15Z,archangelou,ba,6911,638,591,0
2026-07-25T05:58:15Z,konstantinoup,ab,2628,304,291,0
2026-07-25T05:58:15Z,konstantinoup,ba,2629,334,313,0
2026-07-25T05:58:15Z,stavrou,ab,2187,236,208,0
2026-07-25T05:58:15Z,stavrou,ba,2245,222,206,0
2026-07-25T05:58:15Z,makedonitissas,ab,3632,445,395,0
2026-07-25T05:58:15Z,makedonitissas,ba,2705,301,290,0
2026-07-25T05:58:15Z,armenias,ab,1079,137,119,0
2026-07-25T05:58:15Z,armenias,ba,1079,166,132,0
2026-07-25T05:58:15Z,arch_kyprianou,ab,1701,232,215,0
2026-07-25T05:58:15Z,arch_kyprianou,ba,1726,240,202,0
2026-07-25T05:58:15Z,a1_motorway,ab,10597,352,349,0
2026-07-25T05:58:15Z,a1_motorway,ba,14048,566,558,0
2026-07-25T05:58:15Z,makariou_lakat,ab,5849,641,516,0
2026-07-25T05:58:15Z,makariou_lakat,ba,6901,678,583,0
2026-07-25T05:58:15Z,griva_digeni,ab,4212,477,441,0
2026-07-25T05:58:15Z,griva_digeni,ba,5350,738,681,0
2026-07-25T05:58:15Z,aglantzias,ab,1775,200,177,0
2026-07-25T05:58:15Z,aglantzias,ba,3098,435,372,0
2026-07-25T05:58:15Z,kranidioti,ab,1458,111,105,0
2026-07-25T05:58:15Z,kranidioti,ba,1652,126,117,0
2026-07-25T05:58:15Z,perimetrikos,ab,2510,245,229,0
2026-07-25T05:58:15Z,perimetrikos,ba,2094,173,164,0
2026-07-25T05:58:15Z,hatziiosif,ab,2049,245,195,0
2026-07-25T05:58:15Z,hatziiosif,ba,2045,248,202,0
2026-07-25T05:58:15Z,perikleous,ab,2238,285,232,0
2026-07-25T05:58:15Z,perikleous,ba,2649,315,273,0
2026-07-25T05:58:15Z,avraamidi,ab,1264,167,140,0
2026-07-25T05:58:15Z,avraamidi,ba,1266,178,150,0
2026-07-25T05:58:15Z,athinon,ab,1573,216,204,0
2026-07-25T05:58:15Z,athinon,ba,1040,177,134,0
2026-07-25T05:58:15Z,tasou_markou,ab,544,77,70,0
2026-07-25T05:58:15Z,tasou_markou,ba,492,54,55,0
2026-07-25T05:58:15Z,peiraios,ab,590,93,71,0
2026-07-25T05:58:15Z,peiraios,ba,590,82,64,0
2026-07-25T06:08:40Z,strovolou,ab,5400,570,504,0
2026-07-25T06:08:40Z,strovolou,ba,4712,459,404,0
2026-07-25T06:08:40Z,tseriou,ab,2555,323,225,0
2026-07-25T06:08:40Z,tseriou,ba,3739,427,372,0
2026-07-25T06:08:40Z,prodromou,ab,2418,282,254,0
2026-07-25T06:08:40Z,prodromou,ba,2414,328,299,0
2026-07-25T06:08:40Z,akropoleos,ab,5010,579,463,0
2026-07-25T06:08:40Z,akropoleos,ba,5145,572,479,0
2026-07-25T06:08:40Z,athalassas,ab,2793,355,282,0
2026-07-25T06:08:40Z,athalassas,ba,7097,656,568,0
2026-07-25T06:08:40Z,lemesou,ab,2014,256,213,0
2026-07-25T06:08:40Z,lemesou,ba,2007,243,196,0
2026-07-25T06:08:40Z,sp_kyprianou,ab,6489,648,585,0
2026-07-25T06:08:40Z,sp_kyprianou,ba,6573,687,627,0
2026-07-25T06:08:40Z,archangelou,ab,7265,574,523,0
2026-07-25T06:08:40Z,archangelou,ba,6911,637,591,0
2026-07-25T06:08:40Z,konstantinoup,ab,2628,303,291,0
2026-07-25T06:08:40Z,konstantinoup,ba,2629,332,313,0
2026-07-25T06:08:40Z,stavrou,ab,2187,238,208,0
2026-07-25T06:08:40Z,stavrou,ba,2245,224,206,0
2026-07-25T06:08:40Z,makedonitissas,ab,3632,444,395,0
2026-07-25T06:08:40Z,makedonitissas,ba,2705,299,290,0
2026-07-25T06:08:40Z,armenias,ab,1079,137,119,0
2026-07-25T06:08:40Z,armenias,ba,1079,167,132,0
2026-07-25T06:08:40Z,arch_kyprianou,ab,1701,232,215,0
2026-07-25T06:08:40Z,arch_kyprianou,ba,1726,242,202,0
2026-07-25T06:08:40Z,a1_motorway,ab,10597,351,349,0
2026-07-25T06:08:40Z,a1_motorway,ba,14048,564,558,0
2026-07-25T06:08:40Z,makariou_lakat,ab,5849,645,516,0
2026-07-25T06:08:40Z,makariou_lakat,ba,6901,682,583,0
2026-07-25T06:08:40Z,griva_digeni,ab,4212,475,441,0
2026-07-25T06:08:40Z,griva_digeni,ba,5350,738,681,0
2026-07-25T06:08:40Z,aglantzias,ab,1775,202,177,0
2026-07-25T06:08:40Z,aglantzias,ba,3098,435,372,0
2026-07-25T06:08:40Z,kranidioti,ab,1458,110,105,0
2026-07-25T06:08:40Z,kranidioti,ba,1652,124,117,0
2026-07-25T06:08:40Z,perimetrikos,ab,2510,243,229,0
2026-07-25T06:08:40Z,perimetrikos,ba,2094,172,164,0
2026-07-25T06:08:40Z,hatziiosif,ab,2049,247,195,0
2026-07-25T06:08:40Z,hatziiosif,ba,2045,249,202,0
2026-07-25T06:08:40Z,perikleous,ab,2238,288,232,0
2026-07-25T06:08:40Z,perikleous,ba,2649,318,273,0
2026-07-25T06:08:40Z,avraamidi,ab,1264,167,140,0
2026-07-25T06:08:40Z,avraamidi,ba,1266,178,150,0
2026-07-25T06:08:40Z,athinon,ab,1573,216,204,0
2026-07-25T06:08:40Z,athinon,ba,1040,183,134,0
2026-07-25T06:08:40Z,tasou_markou,ab,544,77,70,0
2026-07-25T06:08:40Z,tasou_markou,ba,492,53,55,0
2026-07-25T06:08:40Z,peiraios,ab,590,93,71,0
2026-07-25T06:08:40Z,peiraios,ba,590,82,64,0
2026-07-25T09:01:28Z,strovolou,ab,5400,600,504,0
2026-07-25T09:01:28Z,strovolou,ba,4712,506,404,0
2026-07-25T09:01:28Z,tseriou,ab,3240,362,284,0
2026-07-25T09:01:28Z,tseriou,ba,3739,499,372,0
2026-07-25T09:01:28Z,prodromou,ab,2418,292,254,0
2026-07-25T09:01:28Z,prodromou,ba,2414,337,299,0
2026-07-25T09:01:28Z,akropoleos,ab,5010,642,463,0
2026-07-25T09:01:28Z,akropoleos,ba,5145,652,479,0
2026-07-25T09:01:28Z,athalassas,ab,2793,447,282,0
2026-07-25T09:01:28Z,athalassas,ba,7097,730,568,0
2026-07-25T09:01:28Z,lemesou,ab,2014,283,213,0
2026-07-25T09:01:28Z,lemesou,ba,2007,285,196,0
2026-07-25T09:01:28Z,sp_kyprianou,ab,6489,697,585,0
2026-07-25T09:01:28Z,sp_kyprianou,ba,6573,789,627,0
2026-07-25T09:01:28Z,archangelou,ab,7265,613,523,0
2026-07-25T09:01:28Z,archangelou,ba,6911,671,591,0
2026-07-25T09:01:28Z,konstantinoup,ab,2628,311,291,0
2026-07-25T09:01:28Z,konstantinoup,ba,2629,336,313,0
2026-07-25T09:01:28Z,stavrou,ab,2187,283,208,0
2026-07-25T09:01:28Z,stavrou,ba,2245,262,206,0
2026-07-25T09:01:28Z,makedonitissas,ab,2904,445,408,0
2026-07-25T09:01:28Z,makedonitissas,ba,2705,312,290,0
2026-07-25T09:01:28Z,armenias,ab,1079,147,119,0
2026-07-25T09:01:28Z,armenias,ba,1079,193,132,0
2026-07-25T09:01:28Z,arch_kyprianou,ab,1701,254,215,0
2026-07-25T09:01:28Z,arch_kyprianou,ba,1726,294,202,0
2026-07-25T09:01:28Z,a1_motorway,ab,10597,351,349,0
2026-07-25T09:01:28Z,a1_motorway,ba,14048,582,558,0
2026-07-25T09:01:28Z,makariou_lakat,ab,6453,749,558,0
2026-07-25T09:01:28Z,makariou_lakat,ba,6316,778,613,0
2026-07-25T09:01:28Z,griva_digeni,ab,4212,513,441,0
2026-07-25T09:01:28Z,griva_digeni,ba,5350,794,681,0
2026-07-25T09:01:28Z,aglantzias,ab,1775,211,177,0
2026-07-25T09:01:28Z,aglantzias,ba,3098,467,372,0
2026-07-25T09:01:28Z,kranidioti,ab,1458,110,105,0
2026-07-25T09:01:28Z,kranidioti,ba,1652,122,117,0
2026-07-25T09:01:28Z,perimetrikos,ab,2510,245,229,0
2026-07-25T09:01:28Z,perimetrikos,ba,2094,177,164,0
2026-07-25T09:01:28Z,hatziiosif,ab,2049,306,195,0
2026-07-25T09:01:28Z,hatziiosif,ba,2045,288,202,0
2026-07-25T09:01:28Z,perikleous,ab,2238,351,232,0
2026-07-25T09:01:28Z,perikleous,ba,2649,370,273,0
2026-07-25T09:01:28Z,avraamidi,ab,1264,182,140,0
2026-07-25T09:01:28Z,avraamidi,ba,1266,196,150,0
2026-07-25T09:01:28Z,athinon,ab,1573,249,204,0
2026-07-25T09:01:28Z,athinon,ba,1040,247,134,0
2026-07-25T09:01:28Z,tasou_markou,ab,544,76,70,0
2026-07-25T09:01:28Z,tasou_markou,ba,492,53,55,0
2026-07-25T09:01:28Z,peiraios,ab,590,95,71,0
2026-07-25T09:01:28Z,peiraios,ba,590,86,64,0
2026-07-25T10:02:14Z,strovolou,ab,5400,584,504,0
2026-07-25T10:02:14Z,strovolou,ba,4712,492,404,0
2026-07-25T10:02:14Z,tseriou,ab,2555,358,225,0
2026-07-25T10:02:14Z,tseriou,ba,3739,476,372,0
2026-07-25T10:02:14Z,prodromou,ab,2418,284,254,0
2026-07-25T10:02:14Z,prodromou,ba,2414,330,299,0
2026-07-25T10:02:14Z,akropoleos,ab,5010,614,463,0
2026-07-25T10:02:14Z,akropoleos,ba,5145,631,479,0
2026-07-25T10:02:14Z,athalassas,ab,2793,416,282,0
2026-07-25T10:02:14Z,athalassas,ba,7097,705,568,0
2026-07-25T10:02:14Z,lemesou,ab,2014,272,213,0
2026-07-25T10:02:14Z,lemesou,ba,2007,276,196,0
2026-07-25T10:02:14Z,sp_kyprianou,ab,6489,677,585,0
2026-07-25T10:02:14Z,sp_kyprianou,ba,6573,764,627,0
2026-07-25T10:02:14Z,archangelou,ab,7265,597,523,0
2026-07-25T10:02:14Z,archangelou,ba,6911,650,591,0
2026-07-25T10:02:14Z,konstantinoup,ab,2628,305,291,0
2026-07-25T10:02:14Z,konstantinoup,ba,2629,330,313,0
2026-07-25T10:02:14Z,stavrou,ab,2187,268,208,0
2026-07-25T10:02:14Z,stavrou,ba,2245,250,206,0
2026-07-25T10:02:14Z,makedonitissas,ab,3632,445,395,0
2026-07-25T10:02:14Z,makedonitissas,ba,2705,308,290,0
2026-07-25T10:02:14Z,armenias,ab,1079,142,119,0
2026-07-25T10:02:14Z,armenias,ba,1079,185,132,0
2026-07-25T10:02:14Z,arch_kyprianou,ab,1701,248,215,0
2026-07-25T10:02:14Z,arch_kyprianou,ba,1726,284,202,0
2026-07-25T10:02:14Z,a1_motorway,ab,10597,351,349,0
2026-07-25T10:02:14Z,a1_motorway,ba,14048,576,558,0
2026-07-25T10:02:14Z,makariou_lakat,ab,6453,710,558,0
2026-07-25T10:02:14Z,makariou_lakat,ba,6901,746,583,0
2026-07-25T10:02:14Z,griva_digeni,ab,4212,503,441,0
2026-07-25T10:02:14Z,griva_digeni,ba,5350,782,681,0
2026-07-25T10:02:14Z,aglantzias,ab,1775,202,177,0
2026-07-25T10:02:14Z,aglantzias,ba,3098,458,372,0
2026-07-25T10:02:14Z,kranidioti,ab,1458,109,105,0
2026-07-25T10:02:14Z,kranidioti,ba,1652,121,117,0
2026-07-25T10:02:14Z,perimetrikos,ab,2510,242,229,0
2026-07-25T10:02:14Z,perimetrikos,ba,2094,175,164,0
2026-07-25T10:02:14Z,hatziiosif,ab,2049,295,195,0
2026-07-25T10:02:14Z,hatziiosif,ba,2045,283,202,0
2026-07-25T10:02:14Z,perikleous,ab,2238,334,232,0
2026-07-25T10:02:14Z,perikleous,ba,2649,359,273,0
2026-07-25T10:02:14Z,avraamidi,ab,1264,177,140,0
2026-07-25T10:02:14Z,avraamidi,ba,1266,190,150,0
2026-07-25T10:02:14Z,athinon,ab,1573,243,204,0
2026-07-25T10:02:14Z,athinon,ba,1040,228,134,0
2026-07-25T10:02:14Z,tasou_markou,ab,544,76,70,0
2026-07-25T10:02:14Z,tasou_markou,ba,492,53,55,0
2026-07-25T10:02:14Z,peiraios,ab,590,91,71,0
2026-07-25T10:02:14Z,peiraios,ba,590,83,64,0
2026-07-25T10:12:39Z,strovolou,ab,5400,580,504,0
2026-07-25T10:12:39Z,strovolou,ba,4712,490,404,0
2026-07-25T10:12:39Z,tseriou,ab,2555,354,225,0
2026-07-25T10:12:39Z,tseriou,ba,3739,470,372,0
2026-07-25T10:12:39Z,prodromou,ab,2418,282,254,0
2026-07-25T10:12:39Z,prodromou,ba,2414,329,299,0
2026-07-25T10:12:39Z,akropoleos,ab,5010,609,463,0
2026-07-25T10:12:39Z,akropoleos,ba,5145,623,479,0
2026-07-25T10:12:39Z,athalassas,ab,2793,414,282,0
2026-07-25T10:12:39Z,athalassas,ba,7097,702,568,0
2026-07-25T10:12:39Z,lemesou,ab,2014,272,213,0
2026-07-25T10:12:39Z,lemesou,ba,2007,275,196,0
2026-07-25T10:12:39Z,sp_kyprianou,ab,6489,675,585,0
2026-07-25T10:12:39Z,sp_kyprianou,ba,6573,758,627,0
2026-07-25T10:12:39Z,archangelou,ab,7265,594,523,0
2026-07-25T10:12:39Z,archangelou,ba,6911,648,591,0
2026-07-25T10:12:39Z,konstantinoup,ab,2628,305,291,0
2026-07-25T10:12:39Z,konstantinoup,ba,2629,330,313,0
2026-07-25T10:12:39Z,stavrou,ab,2187,266,208,0
2026-07-25T10:12:39Z,stavrou,ba,2245,250,206,0
2026-07-25T10:12:39Z,makedonitissas,ab,3632,443,395,0
2026-07-25T10:12:39Z,makedonitissas,ba,2705,308,290,0
2026-07-25T10:12:39Z,armenias,ab,1079,141,119,0
2026-07-25T10:12:39Z,armenias,ba,1079,185,132,0
2026-07-25T10:12:39Z,arch_kyprianou,ab,1701,248,215,0
2026-07-25T10:12:39Z,arch_kyprianou,ba,1726,282,202,0
2026-07-25T10:12:39Z,a1_motorway,ab,10597,351,349,0
2026-07-25T10:12:39Z,a1_motorway,ba,14048,575,558,0
2026-07-25T10:12:39Z,makariou_lakat,ab,6453,706,558,0
2026-07-25T10:12:39Z,makariou_lakat,ba,6901,742,583,0
2026-07-25T10:12:39Z,griva_digeni,ab,4212,502,441,0
2026-07-25T10:12:39Z,griva_digeni,ba,5350,780,681,0
2026-07-25T10:12:39Z,aglantzias,ab,1775,201,177,0
2026-07-25T10:12:39Z,aglantzias,ba,3098,455,372,0
2026-07-25T10:12:39Z,kranidioti,ab,1458,109,105,0
2026-07-25T10:12:39Z,kranidioti,ba,1652,121,117,0
2026-07-25T10:12:39Z,perimetrikos,ab,2510,242,229,0
2026-07-25T10:12:39Z,perimetrikos,ba,2094,175,164,0
2026-07-25T10:12:39Z,hatziiosif,ab,2049,295,195,0
2026-07-25T10:12:39Z,hatziiosif,ba,2045,280,202,0
2026-07-25T10:12:39Z,perikleous,ab,2238,329,232,0
2026-07-25T10:12:39Z,perikleous,ba,2649,356,273,0
2026-07-25T10:12:39Z,avraamidi,ab,1264,175,140,0
2026-07-25T10:12:39Z,avraamidi,ba,1266,187,150,0
2026-07-25T10:12:39Z,athinon,ab,1573,243,204,0
2026-07-25T10:12:39Z,athinon,ba,1040,228,134,0
2026-07-25T10:12:39Z,tasou_markou,ab,544,76,70,0
2026-07-25T10:12:39Z,tasou_markou,ba,492,53,55,0
2026-07-25T10:12:39Z,peiraios,ab,590,91,71,0
2026-07-25T10:12:39Z,peiraios,ba,590,83,64,0
2026-07-25T10:23:05Z,strovolou,ab,5400,578,504,0
2026-07-25T10:23:05Z,strovolou,ba,4712,489,404,0
2026-07-25T10:23:05Z,tseriou,ab,2555,350,225,0
2026-07-25T10:23:05Z,tseriou,ba,3739,469,372,0
2026-07-25T10:23:05Z,prodromou,ab,2418,281,254,0
2026-07-25T10:23:05Z,prodromou,ba,2414,328,299,0
2026-07-25T10:23:05Z,akropoleos,ab,5010,607,463,0
2026-07-25T10:23:05Z,akropoleos,ba,5145,621,479,0
2026-07-25T10:23:05Z,athalassas,ab,2793,412,282,0
2026-07-25T10:23:05Z,athalassas,ba,7097,702,568,0
2026-07-25T10:23:05Z,lemesou,ab,2014,271,213,0
2026-07-25T10:23:05Z,lemesou,ba,2007,273,196,0
2026-07-25T10:23:05Z,sp_kyprianou,ab,6489,674,585,0
2026-07-25T10:23:05Z,sp_kyprianou,ba,6573,756,627,0
2026-07-25T10:23:05Z,archangelou,ab,7265,593,523,0
2026-07-25T10:23:05Z,archangelou,ba,6911,646,591,0
2026-07-25T10:23:05Z,konstantinoup,ab,2628,305,291,0
2026-07-25T10:23:05Z,konstantinoup,ba,2629,330,313,0
2026-07-25T10:23:05Z,stavrou,ab,2187,266,208,0
2026-07-25T10:23:05Z,stavrou,ba,2245,249,206,0
2026-07-25T10:23:05Z,makedonitissas,ab,3632,442,395,0
2026-07-25T10:23:05Z,makedonitissas,ba,2705,307,290,0
2026-07-25T10:23:05Z,armenias,ab,1079,140,119,0
2026-07-25T10:23:05Z,armenias,ba,1079,184,132,0
2026-07-25T10:23:05Z,arch_kyprianou,ab,1701,247,215,0
2026-07-25T10:23:05Z,arch_kyprianou,ba,1726,279,202,0
2026-07-25T10:23:05Z,a1_motorway,ab,10597,351,349,0
2026-07-25T10:23:05Z,a1_motorway,ba,14048,575,558,0
2026-07-25T10:23:05Z,makariou_lakat,ab,6453,701,558,0
2026-07-25T10:23:05Z,makariou_lakat,ba,6901,739,583,0
2026-07-25T10:23:05Z,griva_digeni,ab,4212,501,441,0
2026-07-25T10:23:05Z,griva_digeni,ba,5350,778,681,0
2026-07-25T10:23:05Z,aglantzias,ab,1775,200,177,0
2026-07-25T10:23:05Z,aglantzias,ba,3098,453,372,0
2026-07-25T10:23:05Z,kranidioti,ab,1458,109,105,0
2026-07-25T10:23:05Z,kranidioti,ba,1652,121,117,0
2026-07-25T10:23:05Z,perimetrikos,ab,2510,242,229,0
2026-07-25T10:23:05Z,perimetrikos,ba,2094,175,164,0
2026-07-25T10:23:05Z,hatziiosif,ab,2049,292,195,0
2026-07-25T10:23:05Z,hatziiosif,ba,2045,278,202,0
2026-07-25T10:23:05Z,perikleous,ab,2238,327,232,0
2026-07-25T10:23:05Z,perikleous,ba,2649,354,273,0
2026-07-25T10:23:05Z,avraamidi,ab,1264,174,140,0
2026-07-25T10:23:05Z,avraamidi,ba,1266,186,150,0
2026-07-25T10:23:05Z,athinon,ab,1573,242,204,0
2026-07-25T10:23:05Z,athinon,ba,1040,225,134,0
2026-07-25T10:23:05Z,tasou_markou,ab,544,76,70,0
2026-07-25T10:23:05Z,tasou_markou,ba,492,53,55,0
2026-07-25T10:23:05Z,peiraios,ab,590,90,71,0
2026-07-25T10:23:05Z,peiraios,ba,590,83,64,0
2026-07-25T10:33:30Z,strovolou,ab,5400,576,504,0
2026-07-25T10:33:30Z,strovolou,ba,4712,489,404,0
2026-07-25T10:33:30Z,tseriou,ab,2555,346,225,0
2026-07-25T10:33:30Z,tseriou,ba,3739,469,372,0
2026-07-25T10:33:30Z,prodromou,ab,2418,280,254,0
2026-07-25T10:33:30Z,prodromou,ba,2414,327,299,0
2026-07-25T10:33:30Z,akropoleos,ab,5010,604,463,0
2026-07-25T10:33:30Z,akropoleos,ba,5145,619,479,0
2026-07-25T10:33:30Z,athalassas,ab,2793,411,282,0
2026-07-25T10:33:30Z,athalassas,ba,7097,701,568,0
2026-07-25T10:33:30Z,lemesou,ab,2014,271,213,0
2026-07-25T10:33:30Z,lemesou,ba,2007,272,196,0
2026-07-25T10:33:30Z,sp_kyprianou,ab,6489,672,585,0
2026-07-25T10:33:30Z,sp_kyprianou,ba,6573,753,627,0
2026-07-25T10:33:30Z,archangelou,ab,7265,592,523,0
2026-07-25T10:33:30Z,archangelou,ba,6911,644,591,0
2026-07-25T10:33:30Z,konstantinoup,ab,2628,305,291,0
2026-07-25T10:33:30Z,konstantinoup,ba,2629,330,313,0
2026-07-25T10:33:30Z,stavrou,ab,2187,265,208,0
2026-07-25T10:33:30Z,stavrou,ba,2245,248,206,0
2026-07-25T10:33:30Z,makedonitissas,ab,3632,440,395,0
2026-07-25T10:33:30Z,makedonitissas,ba,2705,307,290,0
2026-07-25T10:33:30Z,armenias,ab,1079,138,119,0
2026-07-25T10:33:30Z,armenias,ba,1079,184,132,0
2026-07-25T10:33:30Z,arch_kyprianou,ab,1701,246,215,0
2026-07-25T10:33:30Z,arch_kyprianou,ba,1726,278,202,0
2026-07-25T10:33:30Z,a1_motorway,ab,10597,351,349,0
2026-07-25T10:33:30Z,a1_motorway,ba,14048,575,558,0
2026-07-25T10:33:30Z,makariou_lakat,ab,6453,699,558,0
2026-07-25T10:33:30Z,makariou_lakat,ba,6901,736,583,0
2026-07-25T10:33:30Z,griva_digeni,ab,4212,500,441,0
2026-07-25T10:33:30Z,griva_digeni,ba,5350,775,681,0
2026-07-25T10:33:30Z,aglantzias,ab,1775,200,177,0
2026-07-25T10:33:30Z,aglantzias,ba,3098,451,372,0
2026-07-25T10:33:30Z,kranidioti,ab,1458,109,105,0
2026-07-25T10:33:30Z,kranidioti,ba,1652,120,117,0
2026-07-25T10:33:30Z,perimetrikos,ab,2510,242,229,0
2026-07-25T10:33:30Z,perimetrikos,ba,2094,175,164,0
2026-07-25T10:33:30Z,hatziiosif,ab,2049,292,195,0
2026-07-25T10:33:30Z,hatziiosif,ba,2045,277,202,0
2026-07-25T10:33:30Z,perikleous,ab,2238,327,232,0
2026-07-25T10:33:30Z,perikleous,ba,2649,353,273,0
2026-07-25T10:33:30Z,avraamidi,ab,1264,173,140,0
2026-07-25T10:33:30Z,avraamidi,ba,1266,185,150,0
2026-07-25T10:33:30Z,athinon,ab,1573,242,204,0
2026-07-25T10:33:30Z,athinon,ba,1040,225,134,0
2026-07-25T10:33:30Z,tasou_markou,ab,544,76,70,0
2026-07-25T10:33:30Z,tasou_markou,ba,492,53,55,0
2026-07-25T10:33:30Z,peiraios,ab,590,90,71,0
2026-07-25T10:33:30Z,peiraios,ba,590,83,64,0
2026-07-25T10:43:55Z,strovolou,ab,5400,575,504,0
2026-07-25T10:43:55Z,strovolou,ba,4712,488,404,0
2026-07-25T10:43:55Z,tseriou,ab,2555,344,225,0
2026-07-25T10:43:55Z,tseriou,ba,3739,468,372,0
2026-07-25T10:43:55Z,prodromou,ab,2418,279,254,0
2026-07-25T10:43:55Z,prodromou,ba,2414,326,299,0
2026-07-25T10:43:55Z,akropoleos,ab,5010,603,463,0
2026-07-25T10:43:55Z,akropoleos,ba,5145,617,479,0
2026-07-25T10:43:55Z,athalassas,ab,2793,410,282,0
2026-07-25T10:43:55Z,athalassas,ba,7097,699,568,0
2026-07-25T10:43:55Z,lemesou,ab,2014,270,213,0
2026-07-25T10:43:55Z,lemesou,ba,2007,270,196,0
2026-07-25T10:43:55Z,sp_kyprianou,ab,6489,670,585,0
2026-07-25T10:43:55Z,sp_kyprianou,ba,6573,751,627,0
2026-07-25T10:43:55Z,archangelou,ab,7265,590,523,0
2026-07-25T10:43:55Z,archangelou,ba,6911,643,591,0
2026-07-25T10:43:55Z,konstantinoup,ab,2628,305,291,0
2026-07-25T10:43:55Z,konstantinoup,ba,2629,330,313,0
2026-07-25T10:43:55Z,stavrou,ab,2187,263,208,0
2026-07-25T10:43:55Z,stavrou,ba,2245,247,206,0
2026-07-25T10:43:55Z,makedonitissas,ab,3632,439,395,0
2026-07-25T10:43:55Z,makedonitissas,ba,2705,306,290,0
2026-07-25T10:43:55Z,armenias,ab,1079,137,119,0
2026-07-25T10:43:55Z,armenias,ba,1079,182,132,0
2026-07-25T10:43:55Z,arch_kyprianou,ab,1701,245,215,0
2026-07-25T10:43:55Z,arch_kyprianou,ba,1726,276,202,0
2026-07-25T10:43:55Z,a1_motorway,ab,10597,351,349,0
2026-07-25T10:43:55Z,a1_motorway,ba,14048,576,558,0
2026-07-25T10:43:55Z,makariou_lakat,ab,5849,698,516,0
2026-07-25T10:43:55Z,makariou_lakat,ba,6901,732,583,0
2026-07-25T10:43:55Z,griva_digeni,ab,4212,498,441,0
2026-07-25T10:43:55Z,griva_digeni,ba,5350,773,681,0
2026-07-25T10:43:55Z,aglantzias,ab,1775,199,177,0
2026-07-25T10:43:55Z,aglantzias,ba,3098,448,372,0
2026-07-25T10:43:55Z,kranidioti,ab,1458,109,105,0
2026-07-25T10:43:55Z,kranidioti,ba,1652,120,117,0
2026-07-25T10:43:55Z,perimetrikos,ab,2510,242,229,0
2026-07-25T10:43:55Z,perimetrikos,ba,2094,174,164,0
2026-07-25T10:43:55Z,hatziiosif,ab,2049,290,195,0
2026-07-25T10:43:55Z,hatziiosif,ba,2045,276,202,0
2026-07-25T10:43:55Z,perikleous,ab,2276,379,320,0
2026-07-25T10:43:55Z,perikleous,ba,2649,350,273,0
2026-07-25T10:43:55Z,avraamidi,ab,1264,172,140,0
2026-07-25T10:43:55Z,avraamidi,ba,1266,184,150,0
2026-07-25T10:43:55Z,athinon,ab,1573,241,204,0
2026-07-25T10:43:55Z,athinon,ba,1040,224,134,0
2026-07-25T10:43:55Z,tasou_markou,ab,544,76,70,0
2026-07-25T10:43:55Z,tasou_markou,ba,492,53,55,0
2026-07-25T10:43:55Z,peiraios,ab,590,90,71,0
2026-07-25T10:43:55Z,peiraios,ba,590,83,64,0
2026-07-25T10:54:21Z,strovolou,ab,5400,573,504,0
2026-07-25T10:54:21Z,strovolou,ba,4712,488,404,0
2026-07-25T10:54:21Z,tseriou,ab,2555,341,225,0
2026-07-25T10:54:21Z,tseriou,ba,3739,467,372,0
2026-07-25T10:54:21Z,prodromou,ab,2418,279,254,0
2026-07-25T10:54:21Z,prodromou,ba,2414,326,299,0
2026-07-25T10:54:21Z,akropoleos,ab,5010,600,463,0
2026-07-25T10:54:21Z,akropoleos,ba,5145,614,479,0
2026-07-25T10:54:21Z,athalassas,ab,2793,409,282,0
2026-07-25T10:54:21Z,athalassas,ba,7097,697,568,0
2026-07-25T10:54:21Z,lemesou,ab,2014,272,213,0
2026-07-25T10:54:21Z,lemesou,ba,2007,268,196,0
2026-07-25T10:54:21Z,sp_kyprianou,ab,6489,669,585,0
2026-07-25T10:54:21Z,sp_kyprianou,ba,6573,745,627,0
2026-07-25T10:54:21Z,archangelou,ab,7265,590,523,0
2026-07-25T10:54:21Z,archangelou,ba,6911,642,591,0
2026-07-25T10:54:21Z,konstantinoup,ab,2628,306,291,0
2026-07-25T10:54:21Z,konstantinoup,ba,2629,331,313,0
2026-07-25T10:54:21Z,stavrou,ab,2187,263,208,0
2026-07-25T10:54:21Z,stavrou,ba,2245,246,206,0
2026-07-25T10:54:21Z,makedonitissas,ab,3632,438,395,0
2026-07-25T10:54:21Z,makedonitissas,ba,2705,306,290,0
2026-07-25T10:54:21Z,armenias,ab,1079,136,119,0
2026-07-25T10:54:21Z,armenias,ba,1079,182,132,0
2026-07-25T10:54:21Z,arch_kyprianou,ab,1701,244,215,0
2026-07-25T10:54:21Z,arch_kyprianou,ba,1726,275,202,0
2026-07-25T10:54:21Z,a1_motorway,ab,10597,351,349,0
2026-07-25T10:54:21Z,a1_motorway,ba,14048,576,558,0
2026-07-25T10:54:21Z,makariou_lakat,ab,5849,694,516,0
2026-07-25T10:54:21Z,makariou_lakat,ba,6901,729,583,0
2026-07-25T10:54:21Z,griva_digeni,ab,4212,498,441,0
2026-07-25T10:54:21Z,griva_digeni,ba,5350,770,681,0
2026-07-25T10:54:21Z,aglantzias,ab,1775,200,177,0
2026-07-25T10:54:21Z,aglantzias,ba,3098,446,372,0
2026-07-25T10:54:21Z,kranidioti,ab,1458,108,105,0
2026-07-25T10:54:21Z,kranidioti,ba,1652,120,117,0
2026-07-25T10:54:21Z,perimetrikos,ab,2510,242,229,0
2026-07-25T10:54:21Z,perimetrikos,ba,2094,174,164,0
2026-07-25T10:54:21Z,hatziiosif,ab,2049,290,195,0
2026-07-25T10:54:21Z,hatziiosif,ba,2045,275,202,0
2026-07-25T10:54:21Z,perikleous,ab,2276,378,320,0
2026-07-25T10:54:21Z,perikleous,ba,2649,349,273,0
2026-07-25T10:54:21Z,avraamidi,ab,1264,171,140,0
2026-07-25T10:54:21Z,avraamidi,ba,1266,183,150,0
2026-07-25T10:54:21Z,athinon,ab,1573,241,204,0
2026-07-25T10:54:21Z,athinon,ba,1040,224,134,0
2026-07-25T10:54:21Z,tasou_markou,ab,544,76,70,0
2026-07-25T10:54:21Z,tasou_markou,ba,492,53,55,0
2026-07-25T10:54:21Z,peiraios,ab,590,90,71,0
2026-07-25T10:54:21Z,peiraios,ba,590,83,64,0
2026-07-25T10:55:12Z,strovolou,ab,5400,573,504,0
2026-07-25T10:55:12Z,strovolou,ba,4712,488,404,0
2026-07-25T10:55:12Z,tseriou,ab,2555,340,225,0
2026-07-25T10:55:12Z,tseriou,ba,3739,467,372,0
2026-07-25T10:55:12Z,prodromou,ab,2418,279,254,0
2026-07-25T10:55:12Z,prodromou,ba,2414,326,299,0
2026-07-25T10:55:12Z,akropoleos,ab,5010,600,463,0
2026-07-25T10:55:12Z,akropoleos,ba,5145,614,479,0
2026-07-25T10:55:12Z,athalassas,ab,2793,409,282,0
2026-07-25T10:55:12Z,athalassas,ba,7097,697,568,0
2026-07-25T10:55:12Z,lemesou,ab,2014,272,213,0
2026-07-25T10:55:12Z,lemesou,ba,2007,268,196,0
2026-07-25T10:55:12Z,sp_kyprianou,ab,6489,669,585,0
2026-07-25T10:55:12Z,sp_kyprianou,ba,6573,745,627,0
2026-07-25T10:55:12Z,archangelou,ab,7265,589,523,0
2026-07-25T10:55:12Z,archangelou,ba,6911,642,591,0
2026-07-25T10:55:12Z,konstantinoup,ab,2628,306,291,0
2026-07-25T10:55:12Z,konstantinoup,ba,2629,331,313,0
2026-07-25T10:55:12Z,stavrou,ab,2187,263,208,0
2026-07-25T10:55:12Z,stavrou,ba,2245,246,206,0
2026-07-25T10:55:12Z,makedonitissas,ab,3632,438,395,0
2026-07-25T10:55:12Z,makedonitissas,ba,2705,306,290,0
2026-07-25T10:55:12Z,armenias,ab,1079,136,119,0
2026-07-25T10:55:12Z,armenias,ba,1079,182,132,0
2026-07-25T10:55:12Z,arch_kyprianou,ab,1701,244,215,0
2026-07-25T10:55:12Z,arch_kyprianou,ba,1726,275,202,0
2026-07-25T10:55:12Z,a1_motorway,ab,10597,351,349,0
2026-07-25T10:55:12Z,a1_motorway,ba,14048,576,558,0
2026-07-25T10:55:12Z,makariou_lakat,ab,5849,694,516,0
2026-07-25T10:55:12Z,makariou_lakat,ba,6901,728,583,0
2026-07-25T10:55:12Z,griva_digeni,ab,4212,497,441,0
2026-07-25T10:55:12Z,griva_digeni,ba,5350,770,681,0
2026-07-25T10:55:12Z,aglantzias,ab,1775,199,177,0
2026-07-25T10:55:12Z,aglantzias,ba,3098,446,372,0
2026-07-25T10:55:12Z,kranidioti,ab,1458,108,105,0
2026-07-25T10:55:12Z,kranidioti,ba,1652,120,117,0
2026-07-25T10:55:12Z,perimetrikos,ab,2510,242,229,0
2026-07-25T10:55:12Z,perimetrikos,ba,2094,174,164,0
2026-07-25T10:55:12Z,hatziiosif,ab,2049,290,195,0
2026-07-25T10:55:12Z,hatziiosif,ba,2045,274,202,0
2026-07-25T10:55:12Z,perikleous,ab,2276,377,320,0
2026-07-25T10:55:12Z,perikleous,ba,2649,349,273,0
2026-07-25T10:55:12Z,avraamidi,ab,1264,171,140,0
2026-07-25T10:55:12Z,avraamidi,ba,1266,183,150,0
2026-07-25T10:55:12Z,athinon,ab,1573,241,204,0
2026-07-25T10:55:12Z,athinon,ba,1040,224,134,0
2026-07-25T10:55:12Z,tasou_markou,ab,544,76,70,0
2026-07-25T10:55:12Z,tasou_markou,ba,492,53,55,0
2026-07-25T10:55:12Z,peiraios,ab,590,90,71,0
2026-07-25T10:55:12Z,peiraios,ba,590,83,64,0
2026-07-25T11:05:38Z,strovolou,ab,5400,567,504,0
2026-07-25T11:05:38Z,strovolou,ba,4712,484,404,0
2026-07-25T11:05:38Z,tseriou,ab,2555,338,225,0
2026-07-25T11:05:38Z,tseriou,ba,3739,469,372,0
2026-07-25T11:05:38Z,prodromou,ab,2418,275,254,0
2026-07-25T11:05:38Z,prodromou,ba,2414,323,299,0
2026-07-25T11:05:38Z,akropoleos,ab,5010,601,463,0
2026-07-25T11:05:38Z,akropoleos,ba,5145,615,479,0
2026-07-25T11:05:38Z,athalassas,ab,2793,409,282,0
2026-07-25T11:05:38Z,athalassas,ba,4485,678,538,0
2026-07-25T11:05:38Z,lemesou,ab,2014,268,213,0
2026-07-25T11:05:38Z,lemesou,ba,2007,263,196,0
2026-07-25T11:05:38Z,sp_kyprianou,ab,6489,663,585,0
2026-07-25T11:05:38Z,sp_kyprianou,ba,6573,746,627,0
2026-07-25T11:05:38Z,archangelou,ab,7265,582,523,0
2026-07-25T11:05:38Z,archangelou,ba,6911,640,591,0
2026-07-25T11:05:38Z,konstantinoup,ab,2628,303,291,0
2026-07-25T11:05:38Z,konstantinoup,ba,2629,328,313,0
2026-07-25T11:05:38Z,stavrou,ab,2187,260,208,0
2026-07-25T11:05:38Z,stavrou,ba,2245,244,206,0
2026-07-25T11:05:38Z,makedonitissas,ab,3632,435,395,0
2026-07-25T11:05:38Z,makedonitissas,ba,2705,302,290,0
2026-07-25T11:05:38Z,armenias,ab,1079,133,119,0
2026-07-25T11:05:38Z,armenias,ba,1079,182,132,0
2026-07-25T11:05:38Z,arch_kyprianou,ab,1701,242,215,0
2026-07-25T11:05:38Z,arch_kyprianou,ba,1726,272,202,0
2026-07-25T11:05:38Z,a1_motorway,ab,10597,352,349,0
2026-07-25T11:05:38Z,a1_motorway,ba,14048,579,558,0
2026-07-25T11:05:38Z,makariou_lakat,ab,5849,692,516,0
2026-07-25T11:05:38Z,makariou_lakat,ba,6901,726,583,0
2026-07-25T11:05:38Z,griva_digeni,ab,4212,493,441,0
2026-07-25T11:05:38Z,griva_digeni,ba,5350,759,681,0
2026-07-25T11:05:38Z,aglantzias,ab,1775,197,177,0
2026-07-25T11:05:38Z,aglantzias,ba,3098,439,372,0
2026-07-25T11:05:38Z,kranidioti,ab,1458,108,105,0
2026-07-25T11:05:38Z,kranidioti,ba,1652,119,117,0
2026-07-25T11:05:38Z,perimetrikos,ab,2510,239,229,0
2026-07-25T11:05:38Z,perimetrikos,ba,2094,173,164,0
2026-07-25T11:05:38Z,hatziiosif,ab,2049,292,195,0
2026-07-25T11:05:38Z,hatziiosif,ba,2045,275,202,0
2026-07-25T11:05:38Z,perikleous,ab,2276,375,320,0
2026-07-25T11:05:38Z,perikleous,ba,2649,345,273,0
2026-07-25T11:05:38Z,avraamidi,ab,1264,171,140,0
2026-07-25T11:05:38Z,avraamidi,ba,1266,184,150,0
2026-07-25T11:05:38Z,athinon,ab,1573,240,204,0
2026-07-25T11:05:38Z,athinon,ba,1040,227,134,0
2026-07-25T11:05:38Z,tasou_markou,ab,544,75,70,0
2026-07-25T11:05:38Z,tasou_markou,ba,492,53,55,0
2026-07-25T11:05:38Z,peiraios,ab,590,91,71,0
2026-07-25T11:05:38Z,peiraios,ba,590,82,64,0
2026-07-25T11:16:06Z,strovolou,ab,5400,566,504,0
2026-07-25T11:16:06Z,strovolou,ba,4712,484,404,0
2026-07-25T11:16:06Z,tseriou,ab,2555,335,225,0
2026-07-25T11:16:06Z,tseriou,ba,3739,469,372,0
2026-07-25T11:16:06Z,prodromou,ab,2418,275,254,0
2026-07-25T11:16:06Z,prodromou,ba,2414,322,299,0
2026-07-25T11:16:06Z,akropoleos,ab,5010,600,463,0
2026-07-25T11:16:06Z,akropoleos,ba,5145,612,479,0
2026-07-25T11:16:06Z,athalassas,ab,2793,407,282,0
2026-07-25T11:16:06Z,athalassas,ba,4485,678,538,0
2026-07-25T11:16:06Z,lemesou,ab,2014,268,213,0
2026-07-25T11:16:06Z,lemesou,ba,2007,261,196,0
2026-07-25T11:16:06Z,sp_kyprianou,ab,6489,663,585,0
2026-07-25T11:16:06Z,sp_kyprianou,ba,6573,742,627,0
2026-07-25T11:16:06Z,archangelou,ab,7265,582,523,0
2026-07-25T11:16:06Z,archangelou,ba,6911,639,591,0
2026-07-25T11:16:06Z,konstantinoup,ab,2628,304,291,0
2026-07-25T11:16:06Z,konstantinoup,ba,2629,328,313,0
2026-07-25T11:16:06Z,stavrou,ab,2187,258,208,0
2026-07-25T11:16:06Z,stavrou,ba,2245,243,206,0
2026-07-25T11:16:06Z,makedonitissas,ab,3632,435,395,0
2026-07-25T11:16:06Z,makedonitissas,ba,2705,302,290,0
2026-07-25T11:16:06Z,armenias,ab,1079,133,119,0
2026-07-25T11:16:06Z,armenias,ba,1079,180,132,0
2026-07-25T11:16:06Z,arch_kyprianou,ab,1701,241,215,0
2026-07-25T11:16:06Z,arch_kyprianou,ba,1726,270,202,0
2026-07-25T11:16:06Z,a1_motorway,ab,10597,351,349,0
2026-07-25T11:16:06Z,a1_motorway,ba,14048,577,558,0
2026-07-25T11:16:06Z,makariou_lakat,ab,5849,689,516,0
2026-07-25T11:16:06Z,makariou_lakat,ba,6901,723,583,0
2026-07-25T11:16:06Z,griva_digeni,ab,4212,492,441,0
2026-07-25T11:16:06Z,griva_digeni,ba,5350,755,681,0
2026-07-25T11:16:06Z,aglantzias,ab,1775,197,177,0
2026-07-25T11:16:06Z,aglantzias,ba,3098,437,372,0
2026-07-25T11:16:06Z,kranidioti,ab,1458,108,105,0
2026-07-25T11:16:06Z,kranidioti,ba,1652,119,117,0
2026-07-25T11:16:06Z,perimetrikos,ab,2510,239,229,0
2026-07-25T11:16:06Z,perimetrikos,ba,2094,172,164,0
2026-07-25T11:16:06Z,hatziiosif,ab,2049,291,195,0
2026-07-25T11:16:06Z,hatziiosif,ba,2045,275,202,0
2026-07-25T11:16:06Z,perikleous,ab,2238,325,232,0
2026-07-25T11:16:06Z,perikleous,ba,2649,343,273,0
2026-07-25T11:16:06Z,avraamidi,ab,1264,170,140,0
2026-07-25T11:16:06Z,avraamidi,ba,1266,183,150,0
2026-07-25T11:16:06Z,athinon,ab,1573,240,204,0
2026-07-25T11:16:06Z,athinon,ba,1040,226,134,0
2026-07-25T11:16:06Z,tasou_markou,ab,544,75,70,0
2026-07-25T11:16:06Z,tasou_markou,ba,492,53,55,0
2026-07-25T11:16:06Z,peiraios,ab,590,91,71,0
2026-07-25T11:16:06Z,peiraios,ba,590,82,64,0
2026-07-25T11:26:35Z,strovolou,ab,5400,565,504,0
2026-07-25T11:26:35Z,strovolou,ba,4712,483,404,0
2026-07-25T11:26:35Z,tseriou,ab,2555,334,225,0
2026-07-25T11:26:35Z,tseriou,ba,3739,467,372,0
2026-07-25T11:26:35Z,prodromou,ab,2418,274,254,0
2026-07-25T11:26:35Z,prodromou,ba,2414,323,299,0
2026-07-25T11:26:35Z,akropoleos,ab,5010,598,463,0
2026-07-25T11:26:35Z,akropoleos,ba,5145,609,479,0
2026-07-25T11:26:35Z,athalassas,ab,2793,406,282,0
2026-07-25T11:26:35Z,athalassas,ba,4485,675,538,0
2026-07-25T11:26:35Z,lemesou,ab,2014,268,213,0
2026-07-25T11:26:35Z,lemesou,ba,2007,259,196,0
2026-07-25T11:26:35Z,sp_kyprianou,ab,6489,662,585,0
2026-07-25T11:26:35Z,sp_kyprianou,ba,6573,738,627,0
2026-07-25T11:26:35Z,archangelou,ab,7265,581,523,0
2026-07-25T11:26:35Z,archangelou,ba,6911,638,591,0
2026-07-25T11:26:35Z,konstantinoup,ab,2628,305,291,0
2026-07-25T11:26:35Z,konstantinoup,ba,2629,328,313,0
2026-07-25T11:26:35Z,stavrou,ab,2187,258,208,0
2026-07-25T11:26:35Z,stavrou,ba,2245,243,206,0
2026-07-25T11:26:35Z,makedonitissas,ab,3632,435,395,0
2026-07-25T11:26:35Z,makedonitissas,ba,2705,302,290,0
2026-07-25T11:26:35Z,armenias,ab,1079,131,119,0
2026-07-25T11:26:35Z,armenias,ba,1079,181,132,0
2026-07-25T11:26:35Z,arch_kyprianou,ab,1701,240,215,0
2026-07-25T11:26:35Z,arch_kyprianou,ba,1726,269,202,0
2026-07-25T11:26:35Z,a1_motorway,ab,10597,351,349,0
2026-07-25T11:26:35Z,a1_motorway,ba,14048,577,558,0
2026-07-25T11:26:35Z,makariou_lakat,ab,5849,686,516,0
2026-07-25T11:26:35Z,makariou_lakat,ba,6901,719,583,0
2026-07-25T11:26:35Z,griva_digeni,ab,4212,490,441,0
2026-07-25T11:26:35Z,griva_digeni,ba,5350,753,681,0
2026-07-25T11:26:35Z,aglantzias,ab,1775,197,177,0
2026-07-25T11:26:35Z,aglantzias,ba,3098,435,372,0
2026-07-25T11:26:35Z,kranidioti,ab,1458,108,105,0
2026-07-25T11:26:35Z,kranidioti,ba,1652,119,117,0
2026-07-25T11:26:35Z,perimetrikos,ab,2510,240,229,0
2026-07-25T11:26:35Z,perimetrikos,ba,2094,172,164,0
2026-07-25T11:26:35Z,hatziiosif,ab,2049,290,195,0
2026-07-25T11:26:35Z,hatziiosif,ba,2045,273,202,0
2026-07-25T11:26:35Z,perikleous,ab,2238,324,232,0
2026-07-25T11:26:35Z,perikleous,ba,2649,341,273,0
2026-07-25T11:26:35Z,avraamidi,ab,1264,170,140,0
2026-07-25T11:26:35Z,avraamidi,ba,1266,182,150,0
2026-07-25T11:26:35Z,athinon,ab,1573,240,204,0
2026-07-25T11:26:35Z,athinon,ba,1040,227,134,0
2026-07-25T11:26:35Z,tasou_markou,ab,544,75,70,0
2026-07-25T11:26:35Z,tasou_markou,ba,492,53,55,0
2026-07-25T11:26:35Z,peiraios,ab,590,91,71,0
2026-07-25T11:26:35Z,peiraios,ba,590,82,64,0
2026-07-25T12:07:14Z,strovolou,ab,5400,552,504,0
2026-07-25T12:07:14Z,strovolou,ba,4712,474,404,0
2026-07-25T12:07:14Z,tseriou,ab,2555,318,225,0
2026-07-25T12:07:14Z,tseriou,ba,3739,453,372,0
2026-07-25T12:07:14Z,prodromou,ab,2418,269,254,0
2026-07-25T12:07:14Z,prodromou,ba,2414,318,299,0
2026-07-25T12:07:14Z,akropoleos,ab,5010,583,463,0
2026-07-25T12:07:14Z,akropoleos,ba,5145,600,479,0
2026-07-25T12:07:14Z,athalassas,ab,2793,392,282,0
2026-07-25T12:07:14Z,athalassas,ba,4485,658,538,0
2026-07-25T12:07:14Z,lemesou,ab,2014,259,213,0
2026-07-25T12:07:14Z,lemesou,ba,2007,250,196,0
2026-07-25T12:07:14Z,sp_kyprianou,ab,6489,651,585,0
2026-07-25T12:07:14Z,sp_kyprianou,ba,6573,718,627,0
2026-07-25T12:07:14Z,archangelou,ab,7265,570,523,0
2026-07-25T12:07:14Z,archangelou,ba,6911,628,591,0
2026-07-25T12:07:14Z,konstantinoup,ab,2628,303,291,0
2026-07-25T12:07:14Z,konstantinoup,ba,2629,326,313,0
2026-07-25T12:07:14Z,stavrou,ab,2187,248,208,0
2026-07-25T12:07:14Z,stavrou,ba,2245,236,206,0
2026-07-25T12:07:14Z,makedonitissas,ab,3632,429,395,0
2026-07-25T12:07:14Z,makedonitissas,ba,2705,296,290,0
2026-07-25T12:07:14Z,armenias,ab,1079,128,119,0
2026-07-25T12:07:14Z,armenias,ba,1079,175,132,0
2026-07-25T12:07:14Z,arch_kyprianou,ab,1701,236,215,0
2026-07-25T12:07:14Z,arch_kyprianou,ba,1726,255,202,0
2026-07-25T12:07:14Z,a1_motorway,ab,10597,351,349,0
2026-07-25T12:07:14Z,a1_motorway,ba,14048,578,558,0
2026-07-25T12:07:14Z,makariou_lakat,ab,5849,665,516,0
2026-07-25T12:07:14Z,makariou_lakat,ba,6901,702,583,0
2026-07-25T12:07:14Z,griva_digeni,ab,4212,480,441,0
2026-07-25T12:07:14Z,griva_digeni,ba,5350,736,681,0
2026-07-25T12:07:14Z,aglantzias,ab,1775,193,177,0
2026-07-25T12:07:14Z,aglantzias,ba,3098,426,372,0
2026-07-25T12:07:14Z,kranidioti,ab,1458,106,105,0
2026-07-25T12:07:14Z,kranidioti,ba,1652,117,117,0
2026-07-25T12:07:14Z,perimetrikos,ab,2510,237,229,0
2026-07-25T12:07:14Z,perimetrikos,ba,2094,170,164,0
2026-07-25T12:07:14Z,hatziiosif,ab,2049,279,195,0
2026-07-25T12:07:14Z,hatziiosif,ba,2045,267,202,0
2026-07-25T12:07:14Z,perikleous,ab,2238,316,232,0
2026-07-25T12:07:14Z,perikleous,ba,2649,330,273,0
2026-07-25T12:07:14Z,avraamidi,ab,1264,166,140,0
2026-07-25T12:07:14Z,avraamidi,ba,1266,178,150,0
2026-07-25T12:07:14Z,athinon,ab,1573,234,204,0
2026-07-25T12:07:14Z,athinon,ba,1040,216,134,0
2026-07-25T12:07:14Z,tasou_markou,ab,544,75,70,0
2026-07-25T12:07:14Z,tasou_markou,ba,492,52,55,0
2026-07-25T12:07:14Z,peiraios,ab,590,91,71,0
2026-07-25T12:07:14Z,peiraios,ba,590,79,64,0
2026-07-25T13:56:24Z,strovolou,ab,5400,558,504,0
2026-07-25T13:56:24Z,strovolou,ba,4712,463,404,0
2026-07-25T13:56:24Z,tseriou,ab,2555,302,225,0
2026-07-25T13:56:24Z,tseriou,ba,3739,440,372,0
2026-07-25T13:56:24Z,prodromou,ab,2418,274,254,0
2026-07-25T13:56:24Z,prodromou,ba,2414,320,299,0
2026-07-25T13:56:24Z,akropoleos,ab,5010,572,463,0
2026-07-25T13:56:24Z,akropoleos,ba,5145,603,479,0
2026-07-25T13:56:24Z,athalassas,ab,2793,370,282,0
2026-07-25T13:56:24Z,athalassas,ba,4485,658,538,0
2026-07-25T13:56:24Z,lemesou,ab,2014,255,213,0
2026-07-25T13:56:24Z,lemesou,ba,2007,244,196,0
2026-07-25T13:56:24Z,sp_kyprianou,ab,6489,657,585,0
2026-07-25T13:56:24Z,sp_kyprianou,ba,6573,702,627,0
2026-07-25T13:56:24Z,archangelou,ab,7265,573,523,0
2026-07-25T13:56:24Z,archangelou,ba,6911,629,591,0
2026-07-25T13:56:24Z,konstantinoup,ab,2628,306,291,0
2026-07-25T13:56:24Z,konstantinoup,ba,2629,327,313,0
2026-07-25T13:56:24Z,stavrou,ab,2187,240,208,0
2026-07-25T13:56:24Z,stavrou,ba,2245,227,206,0
2026-07-25T13:56:24Z,makedonitissas,ab,3632,433,395,0
2026-07-25T13:56:24Z,makedonitissas,ba,2705,295,290,0
2026-07-25T13:56:24Z,armenias,ab,1079,129,119,0
2026-07-25T13:56:24Z,armenias,ba,1079,171,132,0
2026-07-25T13:56:24Z,arch_kyprianou,ab,1701,231,215,0
2026-07-25T13:56:24Z,arch_kyprianou,ba,1726,252,202,0
2026-07-25T13:56:24Z,a1_motorway,ab,10597,351,349,0
2026-07-25T13:56:24Z,a1_motorway,ba,14048,576,558,0
2026-07-25T13:56:24Z,makariou_lakat,ab,5849,647,516,0
2026-07-25T13:56:24Z,makariou_lakat,ba,6901,687,583,0
2026-07-25T13:56:24Z,griva_digeni,ab,4212,479,441,0
2026-07-25T13:56:24Z,griva_digeni,ba,5350,743,681,0
2026-07-25T13:56:24Z,aglantzias,ab,1775,195,177,0
2026-07-25T13:56:24Z,aglantzias,ba,3098,430,372,0
2026-07-25T13:56:24Z,kranidioti,ab,1458,107,105,0
2026-07-25T13:56:24Z,kranidioti,ba,1652,119,117,0
2026-07-25T13:56:24Z,perimetrikos,ab,2510,241,229,0
2026-07-25T13:56:24Z,perimetrikos,ba,2094,172,164,0
2026-07-25T13:56:24Z,hatziiosif,ab,2049,263,195,0
2026-07-25T13:56:24Z,hatziiosif,ba,2045,264,202,0
2026-07-25T13:56:24Z,perikleous,ab,2238,297,232,0
2026-07-25T13:56:24Z,perikleous,ba,2649,320,273,0
2026-07-25T13:56:24Z,avraamidi,ab,1264,166,140,0
2026-07-25T13:56:24Z,avraamidi,ba,1266,177,150,0
2026-07-25T13:56:24Z,athinon,ab,1573,221,204,0
2026-07-25T13:56:24Z,athinon,ba,1040,201,134,0
2026-07-25T13:56:24Z,tasou_markou,ab,544,75,70,0
2026-07-25T13:56:24Z,tasou_markou,ba,492,52,55,0
2026-07-25T13:56:24Z,peiraios,ab,590,92,71,0
2026-07-25T13:56:24Z,peiraios,ba,590,79,64,0
2026-07-25T14:06:53Z,strovolou,ab,5400,559,504,0
2026-07-25T14:06:53Z,strovolou,ba,4712,462,404,0
2026-07-25T14:06:53Z,tseriou,ab,2555,302,225,0
2026-07-25T14:06:53Z,tseriou,ba,3739,441,372,0
2026-07-25T14:06:53Z,prodromou,ab,2418,275,254,0
2026-07-25T14:06:53Z,prodromou,ba,2414,321,299,0
2026-07-25T14:06:53Z,akropoleos,ab,5010,574,463,0
2026-07-25T14:06:53Z,akropoleos,ba,5145,606,479,0
2026-07-25T14:06:53Z,athalassas,ab,2793,369,282,0
2026-07-25T14:06:53Z,athalassas,ba,4485,658,538,0
2026-07-25T14:06:53Z,lemesou,ab,2014,256,213,0
2026-07-25T14:06:53Z,lemesou,ba,2007,246,196,0
2026-07-25T14:06:53Z,sp_kyprianou,ab,6489,658,585,0
2026-07-25T14:06:53Z,sp_kyprianou,ba,6573,704,627,0
2026-07-25T14:06:53Z,archangelou,ab,7265,573,523,0
2026-07-25T14:06:53Z,archangelou,ba,6911,630,591,0
2026-07-25T14:06:53Z,konstantinoup,ab,2628,306,291,0
2026-07-25T14:06:53Z,konstantinoup,ba,2629,327,313,0
2026-07-25T14:06:53Z,stavrou,ab,2187,240,208,0
2026-07-25T14:06:53Z,stavrou,ba,2245,227,206,0
2026-07-25T14:06:53Z,makedonitissas,ab,3632,433,395,0
2026-07-25T14:06:53Z,makedonitissas,ba,2705,296,290,0
2026-07-25T14:06:53Z,armenias,ab,1079,130,119,0
2026-07-25T14:06:53Z,armenias,ba,1079,171,132,0
2026-07-25T14:06:53Z,arch_kyprianou,ab,1701,231,215,0
2026-07-25T14:06:53Z,arch_kyprianou,ba,1726,253,202,0
2026-07-25T14:06:53Z,a1_motorway,ab,10597,351,349,0
2026-07-25T14:06:53Z,a1_motorway,ba,14048,575,558,0
2026-07-25T14:06:53Z,makariou_lakat,ab,5849,647,516,0
2026-07-25T14:06:53Z,makariou_lakat,ba,6901,688,583,0
2026-07-25T14:06:53Z,griva_digeni,ab,4212,480,441,0
2026-07-25T14:06:53Z,griva_digeni,ba,5350,747,681,0
2026-07-25T14:06:53Z,aglantzias,ab,1775,196,177,0
2026-07-25T14:06:53Z,aglantzias,ba,3098,432,372,0
2026-07-25T14:06:53Z,kranidioti,ab,1458,108,105,0
2026-07-25T14:06:53Z,kranidioti,ba,1652,119,117,0
2026-07-25T14:06:53Z,perimetrikos,ab,2510,242,229,0
2026-07-25T14:06:53Z,perimetrikos,ba,2094,172,164,0
2026-07-25T14:06:53Z,hatziiosif,ab,2049,263,195,0
2026-07-25T14:06:53Z,hatziiosif,ba,2045,265,202,0
2026-07-25T14:06:53Z,perikleous,ab,2238,295,232,0
2026-07-25T14:06:53Z,perikleous,ba,2649,320,273,0
2026-07-25T14:06:53Z,avraamidi,ab,1264,167,140,0
2026-07-25T14:06:53Z,avraamidi,ba,1266,178,150,0
2026-07-25T14:06:53Z,athinon,ab,1573,220,204,0
2026-07-25T14:06:53Z,athinon,ba,1040,200,134,0
2026-07-25T14:06:53Z,tasou_markou,ab,544,75,70,0
2026-07-25T14:06:53Z,tasou_markou,ba,492,52,55,0
2026-07-25T14:06:53Z,peiraios,ab,590,92,71,0
2026-07-25T14:06:53Z,peiraios,ba,590,78,64,0
2026-07-25T14:17:22Z,strovolou,ab,5400,559,504,0
2026-07-25T14:17:22Z,strovolou,ba,4712,461,404,0
2026-07-25T14:17:22Z,tseriou,ab,2555,302,225,0
2026-07-25T14:17:22Z,tseriou,ba,3739,439,372,0
2026-07-25T14:17:22Z,prodromou,ab,2418,275,254,0
2026-07-25T14:17:22Z,prodromou,ba,2414,320,299,0
2026-07-25T14:17:22Z,akropoleos,ab,5010,573,463,0
2026-07-25T14:17:22Z,akropoleos,ba,5145,605,479,0
2026-07-25T14:17:22Z,athalassas,ab,2793,367,282,0
2026-07-25T14:17:22Z,athalassas,ba,4485,657,538,0
2026-07-25T14:17:22Z,lemesou,ab,2014,255,213,0
2026-07-25T14:17:22Z,lemesou,ba,2007,245,196,0
2026-07-25T14:17:22Z,sp_kyprianou,ab,6489,658,585,0
2026-07-25T14:17:22Z,sp_kyprianou,ba,6573,703,627,0
2026-07-25T14:17:22Z,archangelou,ab,7265,572,523,0
2026-07-25T14:17:22Z,archangelou,ba,6911,629,591,0
2026-07-25T14:17:22Z,konstantinoup,ab,2628,305,291,0
2026-07-25T14:17:22Z,konstantinoup,ba,2629,327,313,0
2026-07-25T14:17:22Z,stavrou,ab,2187,239,208,0
2026-07-25T14:17:22Z,stavrou,ba,2245,226,206,0
2026-07-25T14:17:22Z,makedonitissas,ab,3632,433,395,0
2026-07-25T14:17:22Z,makedonitissas,ba,2705,296,290,0
2026-07-25T14:17:22Z,armenias,ab,1079,130,119,0
2026-07-25T14:17:22Z,armenias,ba,1079,170,132,0
2026-07-25T14:17:22Z,arch_kyprianou,ab,1701,230,215,0
2026-07-25T14:17:22Z,arch_kyprianou,ba,1726,252,202,0
2026-07-25T14:17:22Z,a1_motorway,ab,10597,351,349,0
2026-07-25T14:17:22Z,a1_motorway,ba,14048,574,558,0
2026-07-25T14:17:22Z,makariou_lakat,ab,5849,644,516,0
2026-07-25T14:17:22Z,makariou_lakat,ba,6901,688,583,0
2026-07-25T14:17:22Z,griva_digeni,ab,4212,479,441,0
2026-07-25T14:17:22Z,griva_digeni,ba,5350,745,681,0
2026-07-25T14:17:22Z,aglantzias,ab,1775,196,177,0
2026-07-25T14:17:22Z,aglantzias,ba,3098,433,372,0
2026-07-25T14:17:22Z,kranidioti,ab,1458,108,105,0
2026-07-25T14:17:22Z,kranidioti,ba,1652,119,117,0
2026-07-25T14:17:22Z,perimetrikos,ab,2510,242,229,0
2026-07-25T14:17:22Z,perimetrikos,ba,2094,172,164,0
2026-07-25T14:17:22Z,hatziiosif,ab,2049,261,195,0
2026-07-25T14:17:22Z,hatziiosif,ba,2045,265,202,0
2026-07-25T14:17:22Z,perikleous,ab,2238,294,232,0
2026-07-25T14:17:22Z,perikleous,ba,2649,318,273,0
2026-07-25T14:17:22Z,avraamidi,ab,1264,167,140,0
2026-07-25T14:17:22Z,avraamidi,ba,1266,178,150,0
2026-07-25T14:17:22Z,athinon,ab,1573,219,204,0
2026-07-25T14:17:22Z,athinon,ba,1040,199,134,0
2026-07-25T14:17:22Z,tasou_markou,ab,544,75,70,0
2026-07-25T14:17:22Z,tasou_markou,ba,492,52,55,0
2026-07-25T14:17:22Z,peiraios,ab,590,92,71,0
2026-07-25T14:17:22Z,peiraios,ba,590,78,64,0
2026-07-25T14:27:52Z,strovolou,ab,5400,559,504,0
2026-07-25T14:27:52Z,strovolou,ba,4712,458,404,0
2026-07-25T14:27:52Z,tseriou,ab,2555,299,225,0
2026-07-25T14:27:52Z,tseriou,ba,3739,438,372,0
2026-07-25T14:27:52Z,prodromou,ab,2418,275,254,0
2026-07-25T14:27:52Z,prodromou,ba,2414,320,299,0
2026-07-25T14:27:52Z,akropoleos,ab,5010,572,463,0
2026-07-25T14:27:52Z,akropoleos,ba,5145,605,479,0
2026-07-25T14:27:52Z,athalassas,ab,2793,363,282,0
2026-07-25T14:27:52Z,athalassas,ba,4485,655,538,0
2026-07-25T14:27:52Z,lemesou,ab,2014,254,213,0
2026-07-25T14:27:52Z,lemesou,ba,2007,245,196,0
2026-07-25T14:27:52Z,sp_kyprianou,ab,6489,657,585,0
2026-07-25T14:27:52Z,sp_kyprianou,ba,6573,702,627,0
2026-07-25T14:27:52Z,archangelou,ab,7265,572,523,0
2026-07-25T14:27:52Z,archangelou,ba,6911,629,591,0
2026-07-25T14:27:52Z,konstantinoup,ab,2628,304,291,0
2026-07-25T14:27:52Z,konstantinoup,ba,2629,327,313,0
2026-07-25T14:27:52Z,stavrou,ab,2187,238,208,0
2026-07-25T14:27:52Z,stavrou,ba,2245,225,206,0
2026-07-25T14:27:52Z,makedonitissas,ab,3632,431,395,0
2026-07-25T14:27:52Z,makedonitissas,ba,2705,296,290,0
2026-07-25T14:27:52Z,armenias,ab,1079,131,119,0
2026-07-25T14:27:52Z,armenias,ba,1079,168,132,0
2026-07-25T14:27:52Z,arch_kyprianou,ab,1701,229,215,0
2026-07-25T14:27:52Z,arch_kyprianou,ba,1726,251,202,0
2026-07-25T14:27:52Z,a1_motorway,ab,10597,351,349,0
2026-07-25T14:27:52Z,a1_motorway,ba,14048,575,558,0
2026-07-25T14:27:52Z,makariou_lakat,ab,5849,642,516,0
2026-07-25T14:27:52Z,makariou_lakat,ba,6901,686,583,0
2026-07-25T14:27:52Z,griva_digeni,ab,4212,478,441,0
2026-07-25T14:27:52Z,griva_digeni,ba,5350,745,681,0
2026-07-25T14:27:52Z,aglantzias,ab,1775,196,177,0
2026-07-25T14:27:52Z,aglantzias,ba,3098,434,372,0
2026-07-25T14:27:52Z,kranidioti,ab,1458,108,105,0
2026-07-25T14:27:52Z,kranidioti,ba,1652,119,117,0
2026-07-25T14:27:52Z,perimetrikos,ab,2510,243,229,0
2026-07-25T14:27:52Z,perimetrikos,ba,2094,172,164,0
2026-07-25T14:27:52Z,hatziiosif,ab,2049,259,195,0
2026-07-25T14:27:52Z,hatziiosif,ba,2045,263,202,0
2026-07-25T14:27:52Z,perikleous,ab,2238,292,232,0
2026-07-25T14:27:52Z,perikleous,ba,2649,317,273,0
2026-07-25T14:27:52Z,avraamidi,ab,1264,166,140,0
2026-07-25T14:27:52Z,avraamidi,ba,1266,176,150,0
2026-07-25T14:27:52Z,athinon,ab,1573,218,204,0
2026-07-25T14:27:52Z,athinon,ba,1040,197,134,0
2026-07-25T14:27:52Z,tasou_markou,ab,544,75,70,0
2026-07-25T14:27:52Z,tasou_markou,ba,492,52,55,0
2026-07-25T14:27:52Z,peiraios,ab,590,92,71,0
2026-07-25T14:27:52Z,peiraios,ba,590,78,64,0
2026-07-25T14:38:20Z,strovolou,ab,5400,558,504,0
2026-07-25T14:38:20Z,strovolou,ba,4712,457,404,0
2026-07-25T14:38:20Z,tseriou,ab,2555,296,225,0
2026-07-25T14:38:20Z,tseriou,ba,3739,436,372,0
2026-07-25T14:38:20Z,prodromou,ab,2418,275,254,0
2026-07-25T14:38:20Z,prodromou,ba,2414,320,299,0
2026-07-25T14:38:20Z,akropoleos,ab,5010,570,463,0
2026-07-25T14:38:20Z,akropoleos,ba,5145,602,479,0
2026-07-25T14:38:20Z,athalassas,ab,2793,361,282,0
2026-07-25T14:38:20Z,athalassas,ba,4485,652,538,0
2026-07-25T14:38:20Z,lemesou,ab,2014,253,213,0
2026-07-25T14:38:20Z,lemesou,ba,2007,245,196,0
2026-07-25T14:38:20Z,sp_kyprianou,ab,6489,656,585,0
2026-07-25T14:38:20Z,sp_kyprianou,ba,6573,702,627,0
2026-07-25T14:38:20Z,archangelou,ab,7265,570,523,0
2026-07-25T14:38:20Z,archangelou,ba,6911,630,591,0
2026-07-25T14:38:20Z,konstantinoup,ab,2628,303,291,0
2026-07-25T14:38:20Z,konstantinoup,ba,2629,328,313,0
2026-07-25T14:38:20Z,stavrou,ab,2187,238,208,0
2026-07-25T14:38:20Z,stavrou,ba,2245,224,206,0
2026-07-25T14:38:20Z,makedonitissas,ab,3632,431,395,0
2026-07-25T14:38:20Z,makedonitissas,ba,2705,296,290,0
2026-07-25T14:38:20Z,armenias,ab,1079,131,119,0
2026-07-25T14:38:20Z,armenias,ba,1079,167,132,0
2026-07-25T14:38:20Z,arch_kyprianou,ab,1701,229,215,0
2026-07-25T14:38:20Z,arch_kyprianou,ba,1726,249,202,0
2026-07-25T14:38:20Z,a1_motorway,ab,10597,351,349,0
2026-07-25T14:38:20Z,a1_motorway,ba,14048,574,558,0
2026-07-25T14:38:20Z,makariou_lakat,ab,5849,637,516,0
2026-07-25T14:38:20Z,makariou_lakat,ba,6901,684,583,0
2026-07-25T14:38:20Z,griva_digeni,ab,4212,479,441,0
2026-07-25T14:38:20Z,griva_digeni,ba,5350,746,681,0
2026-07-25T14:38:20Z,aglantzias,ab,1775,197,177,0
2026-07-25T14:38:20Z,aglantzias,ba,3098,435,372,0
2026-07-25T14:38:20Z,kranidioti,ab,1458,108,105,0
2026-07-25T14:38:20Z,kranidioti,ba,1652,119,117,0
2026-07-25T14:38:20Z,perimetrikos,ab,2510,243,229,0
2026-07-25T14:38:20Z,perimetrikos,ba,2094,172,164,0
2026-07-25T14:38:20Z,hatziiosif,ab,2049,258,195,0
2026-07-25T14:38:20Z,hatziiosif,ba,2045,263,202,0
2026-07-25T14:38:20Z,perikleous,ab,2238,290,232,0
2026-07-25T14:38:20Z,perikleous,ba,2649,316,273,0
2026-07-25T14:38:20Z,avraamidi,ab,1264,165,140,0
2026-07-25T14:38:20Z,avraamidi,ba,1266,176,150,0
2026-07-25T14:38:20Z,athinon,ab,1573,217,204,0
2026-07-25T14:38:20Z,athinon,ba,1040,196,134,0
2026-07-25T14:38:20Z,tasou_markou,ab,544,75,70,0
2026-07-25T14:38:20Z,tasou_markou,ba,492,52,55,0
2026-07-25T14:38:20Z,peiraios,ab,590,91,71,0
2026-07-25T14:38:20Z,peiraios,ba,590,77,64,0
2026-07-25T14:48:49Z,strovolou,ab,5400,558,504,0
2026-07-25T14:48:49Z,strovolou,ba,4712,455,404,0
2026-07-25T14:48:49Z,tseriou,ab,2555,294,225,0
2026-07-25T14:48:49Z,tseriou,ba,3739,434,372,0
2026-07-25T14:48:49Z,prodromou,ab,2418,276,254,0
2026-07-25T14:48:49Z,prodromou,ba,2414,320,299,0
2026-07-25T14:48:49Z,akropoleos,ab,5010,568,463,0
2026-07-25T14:48:49Z,akropoleos,ba,5145,602,479,0
2026-07-25T14:48:49Z,athalassas,ab,2793,358,282,0
2026-07-25T14:48:49Z,athalassas,ba,4485,643,538,0
2026-07-25T14:48:49Z,lemesou,ab,2014,252,213,0
2026-07-25T14:48:49Z,lemesou,ba,2007,244,196,0
2026-07-25T14:48:49Z,sp_kyprianou,ab,6489,655,585,0
2026-07-25T14:48:49Z,sp_kyprianou,ba,6573,701,627,0
2026-07-25T14:48:49Z,archangelou,ab,7265,569,523,0
2026-07-25T14:48:49Z,archangelou,ba,6911,630,591,0
2026-07-25T14:48:49Z,konstantinoup,ab,2628,303,291,0
2026-07-25T14:48:49Z,konstantinoup,ba,2629,327,313,0
2026-07-25T14:48:49Z,stavrou,ab,2187,237,208,0
2026-07-25T14:48:49Z,stavrou,ba,2245,223,206,0
2026-07-25T14:48:49Z,makedonitissas,ab,3632,431,395,0
2026-07-25T14:48:49Z,makedonitissas,ba,2705,295,290,0
2026-07-25T14:48:49Z,armenias,ab,1079,131,119,0
2026-07-25T14:48:49Z,armenias,ba,1079,166,132,0
2026-07-25T14:48:49Z,arch_kyprianou,ab,1701,229,215,0
2026-07-25T14:48:49Z,arch_kyprianou,ba,1726,249,202,0
2026-07-25T14:48:49Z,a1_motorway,ab,10597,352,349,0
2026-07-25T14:48:49Z,a1_motorway,ba,14048,574,558,0
2026-07-25T14:48:49Z,makariou_lakat,ab,5849,634,516,0
2026-07-25T14:48:49Z,makariou_lakat,ba,6901,683,583,0
2026-07-25T14:48:49Z,griva_digeni,ab,4212,478,441,0
2026-07-25T14:48:49Z,griva_digeni,ba,5350,747,681,0
2026-07-25T14:48:49Z,aglantzias,ab,1775,197,177,0
2026-07-25T14:48:49Z,aglantzias,ba,3098,435,372,0
2026-07-25T14:48:49Z,kranidioti,ab,1458,108,105,0
2026-07-25T14:48:49Z,kranidioti,ba,1652,120,117,0
2026-07-25T14:48:49Z,perimetrikos,ab,2510,243,229,0
2026-07-25T14:48:49Z,perimetrikos,ba,2094,172,164,0
2026-07-25T14:48:49Z,hatziiosif,ab,2049,256,195,0
2026-07-25T14:48:49Z,hatziiosif,ba,2045,262,202,0
2026-07-25T14:48:49Z,perikleous,ab,2238,287,232,0
2026-07-25T14:48:49Z,perikleous,ba,2649,315,273,0
2026-07-25T14:48:49Z,avraamidi,ab,1264,165,140,0
2026-07-25T14:48:49Z,avraamidi,ba,1266,177,150,0
2026-07-25T14:48:49Z,athinon,ab,1573,216,204,0
2026-07-25T14:48:49Z,athinon,ba,1040,193,134,0
2026-07-25T14:48:49Z,tasou_markou,ab,544,75,70,0
2026-07-25T14:48:49Z,tasou_markou,ba,492,52,55,0
2026-07-25T14:48:49Z,peiraios,ab,590,91,71,0
2026-07-25T14:48:49Z,peiraios,ba,590,77,64,0
2026-07-25T14:59:19Z,strovolou,ab,5400,557,504,0
2026-07-25T14:59:19Z,strovolou,ba,4712,450,404,0
2026-07-25T14:59:19Z,tseriou,ab,2555,291,225,0
2026-07-25T14:59:19Z,tseriou,ba,3739,429,372,0
2026-07-25T14:59:19Z,prodromou,ab,2418,275,254,0
2026-07-25T14:59:19Z,prodromou,ba,2414,319,299,0
2026-07-25T14:59:19Z,akropoleos,ab,5010,562,463,0
2026-07-25T14:59:19Z,akropoleos,ba,5145,594,479,0
2026-07-25T14:59:19Z,athalassas,ab,2793,355,282,0
2026-07-25T14:59:19Z,athalassas,ba,4485,640,538,0
2026-07-25T14:59:19Z,lemesou,ab,2014,250,213,0
2026-07-25T14:59:19Z,lemesou,ba,2007,243,196,0
2026-07-25T14:59:19Z,sp_kyprianou,ab,6489,650,585,0
2026-07-25T14:59:19Z,sp_kyprianou,ba,6573,699,627,0
2026-07-25T14:59:19Z,archangelou,ab,7265,566,523,0
2026-07-25T14:59:19Z,archangelou,ba,6911,629,591,0
2026-07-25T14:59:19Z,konstantinoup,ab,2628,302,291,0
2026-07-25T14:59:19Z,konstantinoup,ba,2629,326,313,0
2026-07-25T14:59:19Z,stavrou,ab,2187,235,208,0
2026-07-25T14:59:19Z,stavrou,ba,2245,222,206,0
2026-07-25T14:59:19Z,makedonitissas,ab,3632,428,395,0
2026-07-25T14:59:19Z,makedonitissas,ba,2705,294,290,0
2026-07-25T14:59:19Z,armenias,ab,1079,131,119,0
2026-07-25T14:59:19Z,armenias,ba,1079,165,132,0
2026-07-25T14:59:19Z,arch_kyprianou,ab,1701,228,215,0
2026-07-25T14:59:19Z,arch_kyprianou,ba,1726,247,202,0
2026-07-25T14:59:19Z,a1_motorway,ab,10597,351,349,0
2026-07-25T14:59:19Z,a1_motorway,ba,14048,572,558,0
2026-07-25T14:59:19Z,makariou_lakat,ab,5849,627,516,0
2026-07-25T14:59:19Z,makariou_lakat,ba,6901,679,583,0
2026-07-25T14:59:19Z,griva_digeni,ab,4212,474,441,0
2026-07-25T14:59:19Z,griva_digeni,ba,5350,746,681,0
2026-07-25T14:59:19Z,aglantzias,ab,1775,196,177,0
2026-07-25T14:59:19Z,aglantzias,ba,3098,435,372,0
2026-07-25T14:59:19Z,kranidioti,ab,1458,108,105,0
2026-07-25T14:59:19Z,kranidioti,ba,1652,119,117,0
2026-07-25T14:59:19Z,perimetrikos,ab,2510,243,229,0
2026-07-25T14:59:19Z,perimetrikos,ba,2094,172,164,0
2026-07-25T14:59:19Z,hatziiosif,ab,2049,252,195,0
2026-07-25T14:59:19Z,hatziiosif,ba,2045,257,202,0
2026-07-25T14:59:19Z,perikleous,ab,2238,284,232,0
2026-07-25T14:59:19Z,perikleous,ba,2649,312,273,0
2026-07-25T14:59:19Z,avraamidi,ab,1264,164,140,0
2026-07-25T14:59:19Z,avraamidi,ba,1266,176,150,0
2026-07-25T14:59:19Z,athinon,ab,1573,215,204,0
2026-07-25T14:59:19Z,athinon,ba,1040,188,134,0
2026-07-25T14:59:19Z,tasou_markou,ab,544,75,70,0
2026-07-25T14:59:19Z,tasou_markou,ba,492,52,55,0
2026-07-25T14:59:19Z,peiraios,ab,590,90,71,0
2026-07-25T14:59:19Z,peiraios,ba,590,77,64,0
2026-07-25T15:09:48Z,strovolou,ab,5400,558,504,0
2026-07-25T15:09:48Z,strovolou,ba,4712,452,404,0
2026-07-25T15:09:48Z,tseriou,ab,2555,292,225,0
2026-07-25T15:09:48Z,tseriou,ba,3739,432,372,0
2026-07-25T15:09:48Z,prodromou,ab,2418,277,254,0
2026-07-25T15:09:48Z,prodromou,ba,2414,320,299,0
2026-07-25T15:09:48Z,akropoleos,ab,5010,576,463,0
2026-07-25T15:09:48Z,akropoleos,ba,5145,597,479,0
2026-07-25T15:09:48Z,athalassas,ab,2793,357,282,0
2026-07-25T15:09:48Z,athalassas,ba,4485,643,538,0
2026-07-25T15:09:48Z,lemesou,ab,2014,253,213,0
2026-07-25T15:09:48Z,lemesou,ba,2007,246,196,0
2026-07-25T15:09:48Z,sp_kyprianou,ab,6489,650,585,0
2026-07-25T15:09:48Z,sp_kyprianou,ba,6573,702,627,0
2026-07-25T15:09:48Z,archangelou,ab,7265,566,523,0
2026-07-25T15:09:48Z,archangelou,ba,6911,630,591,0
2026-07-25T15:09:48Z,konstantinoup,ab,2628,301,291,0
2026-07-25T15:09:48Z,konstantinoup,ba,2629,327,313,0
2026-07-25T15:09:48Z,stavrou,ab,2187,236,208,0
2026-07-25T15:09:48Z,stavrou,ba,2245,222,206,0
2026-07-25T15:09:48Z,makedonitissas,ab,3632,426,395,0
2026-07-25T15:09:48Z,makedonitissas,ba,2705,294,290,0
2026-07-25T15:09:48Z,armenias,ab,1079,132,119,0
2026-07-25T15:09:48Z,armenias,ba,1079,166,132,0
2026-07-25T15:09:48Z,arch_kyprianou,ab,1701,228,215,0
2026-07-25T15:09:48Z,arch_kyprianou,ba,1726,247,202,0
2026-07-25T15:09:48Z,a1_motorway,ab,10597,351,349,0
2026-07-25T15:09:48Z,a1_motorway,ba,14048,572,558,0
2026-07-25T15:09:48Z,makariou_lakat,ab,5849,628,516,0
2026-07-25T15:09:48Z,makariou_lakat,ba,6901,680,583,0
2026-07-25T15:09:48Z,griva_digeni,ab,4212,475,441,0
2026-07-25T15:09:48Z,griva_digeni,ba,5350,748,681,0
2026-07-25T15:09:48Z,aglantzias,ab,1775,198,177,0
2026-07-25T15:09:48Z,aglantzias,ba,3098,440,372,0
2026-07-25T15:09:48Z,kranidioti,ab,1458,108,105,0
2026-07-25T15:09:48Z,kranidioti,ba,1652,119,117,0
2026-07-25T15:09:48Z,perimetrikos,ab,2510,244,229,0
2026-07-25T15:09:48Z,perimetrikos,ba,2094,173,164,0
2026-07-25T15:09:48Z,hatziiosif,ab,2049,258,195,0
2026-07-25T15:09:48Z,hatziiosif,ba,2045,259,202,0
2026-07-25T15:09:48Z,perikleous,ab,2238,284,232,0
2026-07-25T15:09:48Z,perikleous,ba,2649,313,273,0
2026-07-25T15:09:48Z,avraamidi,ab,1264,164,140,0
2026-07-25T15:09:48Z,avraamidi,ba,1266,176,150,0
2026-07-25T15:09:48Z,athinon,ab,1573,215,204,0
2026-07-25T15:09:48Z,athinon,ba,1040,191,134,0
2026-07-25T15:09:48Z,tasou_markou,ab,544,76,70,0
2026-07-25T15:09:48Z,tasou_markou,ba,492,52,55,0
2026-07-25T15:09:48Z,peiraios,ab,590,90,71,0
2026-07-25T15:09:48Z,peiraios,ba,590,77,64,0
2026-07-25T15:20:15Z,strovolou,ab,5400,556,504,0
2026-07-25T15:20:15Z,strovolou,ba,4712,449,404,0
2026-07-25T15:20:15Z,tseriou,ab,2555,289,225,0
2026-07-25T15:20:15Z,tseriou,ba,3739,428,372,0
2026-07-25T15:20:15Z,prodromou,ab,2418,276,254,0
2026-07-25T15:20:15Z,prodromou,ba,2414,320,299,0
2026-07-25T15:20:15Z,akropoleos,ab,5010,572,463,0
2026-07-25T15:20:15Z,akropoleos,ba,5145,597,479,0
2026-07-25T15:20:15Z,athalassas,ab,2793,353,282,0
2026-07-25T15:20:15Z,athalassas,ba,4485,639,538,0
2026-07-25T15:20:15Z,lemesou,ab,2014,252,213,0
2026-07-25T15:20:15Z,lemesou,ba,2007,246,196,0
2026-07-25T15:20:15Z,sp_kyprianou,ab,6489,646,585,0
2026-07-25T15:20:15Z,sp_kyprianou,ba,6573,703,627,0
2026-07-25T15:20:15Z,archangelou,ab,7265,561,523,0
2026-07-25T15:20:15Z,archangelou,ba,6911,629,591,0
2026-07-25T15:20:15Z,konstantinoup,ab,2628,300,291,0
2026-07-25T15:20:15Z,konstantinoup,ba,2629,326,313,0
2026-07-25T15:20:15Z,stavrou,ab,2187,235,208,0
2026-07-25T15:20:15Z,stavrou,ba,2245,220,206,0
2026-07-25T15:20:15Z,makedonitissas,ab,3632,424,395,0
2026-07-25T15:20:15Z,makedonitissas,ba,2705,293,290,0
2026-07-25T15:20:15Z,armenias,ab,1079,133,119,0
2026-07-25T15:20:15Z,armenias,ba,1079,165,132,0
2026-07-25T15:20:15Z,arch_kyprianou,ab,1701,228,215,0
2026-07-25T15:20:15Z,arch_kyprianou,ba,1726,246,202,0
2026-07-25T15:20:15Z,a1_motorway,ab,10597,351,349,0
2026-07-25T15:20:15Z,a1_motorway,ba,14048,571,558,0
2026-07-25T15:20:15Z,makariou_lakat,ab,5849,626,516,0
2026-07-25T15:20:15Z,makariou_lakat,ba,6901,677,583,0
2026-07-25T15:20:15Z,griva_digeni,ab,4212,474,441,0
2026-07-25T15:20:15Z,griva_digeni,ba,5350,748,681,0
2026-07-25T15:20:15Z,aglantzias,ab,1775,197,177,0
2026-07-25T15:20:15Z,aglantzias,ba,3098,440,372,0
2026-07-25T15:20:15Z,kranidioti,ab,1458,108,105,0
2026-07-25T15:20:15Z,kranidioti,ba,1652,119,117,0
2026-07-25T15:20:15Z,perimetrikos,ab,2510,244,229,0
2026-07-25T15:20:15Z,perimetrikos,ba,2094,173,164,0
2026-07-25T15:20:15Z,hatziiosif,ab,2049,256,195,0
2026-07-25T15:20:15Z,hatziiosif,ba,2045,257,202,0
2026-07-25T15:20:15Z,perikleous,ab,2238,282,232,0
2026-07-25T15:20:15Z,perikleous,ba,2649,313,273,0
2026-07-25T15:20:15Z,avraamidi,ab,1264,164,140,0
2026-07-25T15:20:15Z,avraamidi,ba,1266,176,150,0
2026-07-25T15:20:15Z,athinon,ab,1573,214,204,0
2026-07-25T15:20:15Z,athinon,ba,1040,188,134,0
2026-07-25T15:20:15Z,tasou_markou,ab,544,76,70,0
2026-07-25T15:20:15Z,tasou_markou,ba,492,52,55,0
2026-07-25T15:20:15Z,peiraios,ab,590,89,71,0
2026-07-25T15:20:15Z,peiraios,ba,590,77,64,0
2026-07-25T15:30:45Z,strovolou,ab,5400,554,504,0
2026-07-25T15:30:45Z,strovolou,ba,4712,446,404,0
2026-07-25T15:30:45Z,tseriou,ab,2555,285,225,0
2026-07-25T15:30:45Z,tseriou,ba,3739,425,372,0
2026-07-25T15:30:45Z,prodromou,ab,2418,276,254,0
2026-07-25T15:30:45Z,prodromou,ba,2414,319,299,0
2026-07-25T15:30:45Z,akropoleos,ab,5010,560,463,0
2026-07-25T15:30:45Z,akropoleos,ba,5145,594,479,0
2026-07-25T15:30:45Z,athalassas,ab,2793,348,282,0
2026-07-25T15:30:45Z,athalassas,ba,7097,659,568,0
2026-07-25T15:30:45Z,lemesou,ab,2014,248,213,0
2026-07-25T15:30:45Z,lemesou,ba,2007,249,196,0
2026-07-25T15:30:45Z,sp_kyprianou,ab,6489,644,585,0
2026-07-25T15:30:45Z,sp_kyprianou,ba,6573,702,627,0
2026-07-25T15:30:45Z,archangelou,ab,7265,558,523,0
2026-07-25T15:30:45Z,archangelou,ba,6911,626,591,0
2026-07-25T15:30:45Z,konstantinoup,ab,2628,299,291,0
2026-07-25T15:30:45Z,konstantinoup,ba,2629,324,313,0
2026-07-25T15:30:45Z,stavrou,ab,2187,233,208,0
2026-07-25T15:30:45Z,stavrou,ba,2245,219,206,0
2026-07-25T15:30:45Z,makedonitissas,ab,3632,422,395,0
2026-07-25T15:30:45Z,makedonitissas,ba,2705,292,290,0
2026-07-25T15:30:45Z,armenias,ab,1079,133,119,0
2026-07-25T15:30:45Z,armenias,ba,1079,162,132,0
2026-07-25T15:30:45Z,arch_kyprianou,ab,1701,227,215,0
2026-07-25T15:30:45Z,arch_kyprianou,ba,1726,244,202,0
2026-07-25T15:30:45Z,a1_motorway,ab,10597,351,349,0
2026-07-25T15:30:45Z,a1_motorway,ba,14048,570,558,0
2026-07-25T15:30:45Z,makariou_lakat,ab,5849,620,516,0
2026-07-25T15:30:45Z,makariou_lakat,ba,6901,673,583,0
2026-07-25T15:30:45Z,griva_digeni,ab,4212,473,441,0
2026-07-25T15:30:45Z,griva_digeni,ba,5350,745,681,0
2026-07-25T15:30:45Z,aglantzias,ab,1775,197,177,0
2026-07-25T15:30:45Z,aglantzias,ba,3098,444,372,0
2026-07-25T15:30:45Z,kranidioti,ab,1458,107,105,0
2026-07-25T15:30:45Z,kranidioti,ba,1652,119,117,0
2026-07-25T15:30:45Z,perimetrikos,ab,2510,243,229,0
2026-07-25T15:30:45Z,perimetrikos,ba,2094,172,164,0
2026-07-25T15:30:45Z,hatziiosif,ab,2049,249,195,0
2026-07-25T15:30:45Z,hatziiosif,ba,2045,257,202,0
2026-07-25T15:30:45Z,perikleous,ab,2238,279,232,0
2026-07-25T15:30:45Z,perikleous,ba,2649,311,273,0
2026-07-25T15:30:45Z,avraamidi,ab,1264,163,140,0
2026-07-25T15:30:45Z,avraamidi,ba,1266,174,150,0
2026-07-25T15:30:45Z,athinon,ab,1573,212,204,0
2026-07-25T15:30:45Z,athinon,ba,1040,185,134,0
2026-07-25T15:30:45Z,tasou_markou,ab,544,75,70,0
2026-07-25T15:30:45Z,tasou_markou,ba,492,52,55,0
2026-07-25T15:30:45Z,peiraios,ab,590,88,71,0
2026-07-25T15:30:45Z,peiraios,ba,590,76,64,0
2026-07-25T15:41:14Z,strovolou,ab,5400,553,504,0
2026-07-25T15:41:14Z,strovolou,ba,4712,445,404,0
2026-07-25T15:41:14Z,tseriou,ab,2555,282,225,0
2026-07-25T15:41:14Z,tseriou,ba,3739,422,372,0
2026-07-25T15:41:14Z,prodromou,ab,2418,275,254,0
2026-07-25T15:41:14Z,prodromou,ba,2414,317,299,0
2026-07-25T15:41:14Z,akropoleos,ab,5010,556,463,0
2026-07-25T15:41:14Z,akropoleos,ba,5145,592,479,0
2026-07-25T15:41:14Z,athalassas,ab,2793,344,282,0
2026-07-25T15:41:14Z,athalassas,ba,7097,653,568,0
2026-07-25T15:41:14Z,lemesou,ab,2014,246,213,0
2026-07-25T15:41:14Z,lemesou,ba,2007,248,196,0
2026-07-25T15:41:14Z,sp_kyprianou,ab,6489,640,585,0
2026-07-25T15:41:14Z,sp_kyprianou,ba,6573,700,627,0
2026-07-25T15:41:14Z,archangelou,ab,7265,555,523,0
2026-07-25T15:41:14Z,archangelou,ba,6911,624,591,0
2026-07-25T15:41:14Z,konstantinoup,ab,2628,298,291,0
2026-07-25T15:41:14Z,konstantinoup,ba,2629,323,313,0
2026-07-25T15:41:14Z,stavrou,ab,2187,231,208,0
2026-07-25T15:41:14Z,stavrou,ba,2245,217,206,0
2026-07-25T15:41:14Z,makedonitissas,ab,3632,419,395,0
2026-07-25T15:41:14Z,makedonitissas,ba,2705,291,290,0
2026-07-25T15:41:14Z,armenias,ab,1079,133,119,0
2026-07-25T15:41:14Z,armenias,ba,1079,161,132,0
2026-07-25T15:41:14Z,arch_kyprianou,ab,1701,227,215,0
2026-07-25T15:41:14Z,arch_kyprianou,ba,1726,243,202,0
2026-07-25T15:41:14Z,a1_motorway,ab,10597,351,349,0
2026-07-25T15:41:14Z,a1_motorway,ba,14048,568,558,0
2026-07-25T15:41:14Z,makariou_lakat,ab,5849,615,516,0
2026-07-25T15:41:14Z,makariou_lakat,ba,6901,669,583,0
2026-07-25T15:41:14Z,griva_digeni,ab,4212,472,441,0
2026-07-25T15:41:14Z,griva_digeni,ba,5350,745,681,0
2026-07-25T15:41:14Z,aglantzias,ab,1775,196,177,0
2026-07-25T15:41:14Z,aglantzias,ba,3098,444,372,0
2026-07-25T15:41:14Z,kranidioti,ab,1458,107,105,0
2026-07-25T15:41:14Z,kranidioti,ba,1652,119,117,0
2026-07-25T15:41:14Z,perimetrikos,ab,2510,243,229,0
2026-07-25T15:41:14Z,perimetrikos,ba,2094,172,164,0
2026-07-25T15:41:14Z,hatziiosif,ab,2049,248,195,0
2026-07-25T15:41:14Z,hatziiosif,ba,2045,256,202,0
2026-07-25T15:41:14Z,perikleous,ab,2238,276,232,0
2026-07-25T15:41:14Z,perikleous,ba,2649,309,273,0
2026-07-25T15:41:14Z,avraamidi,ab,1264,162,140,0
2026-07-25T15:41:14Z,avraamidi,ba,1266,174,150,0
2026-07-25T15:41:14Z,athinon,ab,1573,212,204,0
2026-07-25T15:41:14Z,athinon,ba,1040,183,134,0
2026-07-25T15:41:14Z,tasou_markou,ab,544,75,70,0
2026-07-25T15:41:14Z,tasou_markou,ba,492,52,55,0
2026-07-25T15:41:14Z,peiraios,ab,590,87,71,0
2026-07-25T15:41:14Z,peiraios,ba,590,76,64,0
2026-07-25T15:51:43Z,strovolou,ab,5400,550,504,0
2026-07-25T15:51:43Z,strovolou,ba,4712,441,404,0
2026-07-25T15:51:43Z,tseriou,ab,2555,278,225,0
2026-07-25T15:51:43Z,tseriou,ba,3739,417,372,0
2026-07-25T15:51:43Z,prodromou,ab,2418,275,254,0
2026-07-25T15:51:43Z,prodromou,ba,2414,316,299,0
2026-07-25T15:51:43Z,akropoleos,ab,5010,552,463,0
2026-07-25T15:51:43Z,akropoleos,ba,5145,588,479,0
2026-07-25T15:51:43Z,athalassas,ab,2793,340,282,0
2026-07-25T15:51:43Z,athalassas,ba,7097,648,568,0
2026-07-25T15:51:43Z,lemesou,ab,2014,244,213,0
2026-07-25T15:51:43Z,lemesou,ba,2007,246,196,0
2026-07-25T15:51:43Z,sp_kyprianou,ab,6489,637,585,0
2026-07-25T15:51:43Z,sp_kyprianou,ba,6573,699,627,0
2026-07-25T15:51:43Z,archangelou,ab,7265,550,523,0
2026-07-25T15:51:43Z,archangelou,ba,6911,621,591,0
2026-07-25T15:51:43Z,konstantinoup,ab,2628,297,291,0
2026-07-25T15:51:43Z,konstantinoup,ba,2629,322,313,0
2026-07-25T15:51:43Z,stavrou,ab,2187,229,208,0
2026-07-25T15:51:43Z,stavrou,ba,2245,216,206,0
2026-07-25T15:51:43Z,makedonitissas,ab,3632,416,395,0
2026-07-25T15:51:43Z,makedonitissas,ba,2705,290,290,0
2026-07-25T15:51:43Z,armenias,ab,1079,133,119,0
2026-07-25T15:51:43Z,armenias,ba,1079,159,132,0
2026-07-25T15:51:43Z,arch_kyprianou,ab,1701,226,215,0
2026-07-25T15:51:43Z,arch_kyprianou,ba,1726,241,202,0
2026-07-25T15:51:43Z,a1_motorway,ab,10597,351,349,0
2026-07-25T15:51:43Z,a1_motorway,ba,14048,567,558,0
2026-07-25T15:51:43Z,makariou_lakat,ab,5849,612,516,0
2026-07-25T15:51:43Z,makariou_lakat,ba,6901,664,583,0
2026-07-25T15:51:43Z,griva_digeni,ab,4212,469,441,0
2026-07-25T15:51:43Z,griva_digeni,ba,5350,743,681,0
2026-07-25T15:51:43Z,aglantzias,ab,1775,195,177,0
2026-07-25T15:51:43Z,aglantzias,ba,3098,442,372,0
2026-07-25T15:51:43Z,kranidioti,ab,1458,107,105,0
2026-07-25T15:51:43Z,kranidioti,ba,1652,119,117,0
2026-07-25T15:51:43Z,perimetrikos,ab,2510,242,229,0
2026-07-25T15:51:43Z,perimetrikos,ba,2094,172,164,0
2026-07-25T15:51:43Z,hatziiosif,ab,2049,245,195,0
2026-07-25T15:51:43Z,hatziiosif,ba,2045,253,202,0
2026-07-25T15:51:43Z,perikleous,ab,2238,274,232,0
2026-07-25T15:51:43Z,perikleous,ba,2649,308,273,0
2026-07-25T15:51:43Z,avraamidi,ab,1264,161,140,0
2026-07-25T15:51:43Z,avraamidi,ba,1266,172,150,0
2026-07-25T15:51:43Z,athinon,ab,1573,211,204,0
2026-07-25T15:51:43Z,athinon,ba,1040,180,134,0
2026-07-25T15:51:43Z,tasou_markou,ab,544,74,70,0
2026-07-25T15:51:43Z,tasou_markou,ba,492,52,55,0
2026-07-25T15:51:43Z,peiraios,ab,590,86,71,0
2026-07-25T15:51:43Z,peiraios,ba,590,75,64,0
2026-07-25T16:02:12Z,strovolou,ab,5400,547,504,0
2026-07-25T16:02:12Z,strovolou,ba,4712,448,404,0
2026-07-25T16:02:12Z,tseriou,ab,2555,283,225,0
2026-07-25T16:02:12Z,tseriou,ba,3739,424,372,0
2026-07-25T16:02:12Z,prodromou,ab,2418,274,254,0
2026-07-25T16:02:12Z,prodromou,ba,2414,321,299,0
2026-07-25T16:02:12Z,akropoleos,ab,5010,546,463,0
2026-07-25T16:02:12Z,akropoleos,ba,5145,584,479,0
2026-07-25T16:02:12Z,athalassas,ab,2793,344,282,0
2026-07-25T16:02:12Z,athalassas,ba,7097,643,568,0
2026-07-25T16:02:12Z,lemesou,ab,2014,249,213,0
2026-07-25T16:02:12Z,lemesou,ba,2007,251,196,0
2026-07-25T16:02:12Z,sp_kyprianou,ab,6489,643,585,0
2026-07-25T16:02:12Z,sp_kyprianou,ba,6573,708,627,0
2026-07-25T16:02:12Z,archangelou,ab,7265,553,523,0
2026-07-25T16:02:12Z,archangelou,ba,6911,630,591,0
2026-07-25T16:02:12Z,konstantinoup,ab,2628,295,291,0
2026-07-25T16:02:12Z,konstantinoup,ba,2629,326,313,0
2026-07-25T16:02:12Z,stavrou,ab,2187,232,208,0
2026-07-25T16:02:12Z,stavrou,ba,2245,215,206,0
2026-07-25T16:02:12Z,makedonitissas,ab,3632,418,395,0
2026-07-25T16:02:12Z,makedonitissas,ba,2705,290,290,0
2026-07-25T16:02:12Z,armenias,ab,1079,136,119,0
2026-07-25T16:02:12Z,armenias,ba,1079,158,132,0
2026-07-25T16:02:12Z,arch_kyprianou,ab,1701,229,215,0
2026-07-25T16:02:12Z,arch_kyprianou,ba,1726,245,202,0
2026-07-25T16:02:12Z,a1_motorway,ab,10597,351,349,0
2026-07-25T16:02:12Z,a1_motorway,ba,14048,568,558,0
2026-07-25T16:02:12Z,makariou_lakat,ab,5849,622,516,0
2026-07-25T16:02:12Z,makariou_lakat,ba,6901,673,583,0
2026-07-25T16:02:12Z,griva_digeni,ab,4212,467,441,0
2026-07-25T16:02:12Z,griva_digeni,ba,5350,740,681,0
2026-07-25T16:02:12Z,aglantzias,ab,1775,194,177,0
2026-07-25T16:02:12Z,aglantzias,ba,3098,450,372,0
2026-07-25T16:02:12Z,kranidioti,ab,1458,108,105,0
2026-07-25T16:02:12Z,kranidioti,ba,1652,120,117,0
2026-07-25T16:02:12Z,perimetrikos,ab,2510,246,229,0
2026-07-25T16:02:12Z,perimetrikos,ba,2094,172,164,0
2026-07-25T16:02:12Z,hatziiosif,ab,2049,250,195,0
2026-07-25T16:02:12Z,hatziiosif,ba,2045,258,202,0
2026-07-25T16:02:12Z,perikleous,ab,2238,271,232,0
2026-07-25T16:02:12Z,perikleous,ba,2649,311,273,0
2026-07-25T16:02:12Z,avraamidi,ab,1264,160,140,0
2026-07-25T16:02:12Z,avraamidi,ba,1266,172,150,0
2026-07-25T16:02:12Z,athinon,ab,1573,212,204,0
2026-07-25T16:02:12Z,athinon,ba,1040,185,134,0
2026-07-25T16:02:12Z,tasou_markou,ab,544,76,70,0
2026-07-25T16:02:12Z,tasou_markou,ba,492,53,55,0
2026-07-25T16:02:12Z,peiraios,ab,590,87,71,0
2026-07-25T16:02:12Z,peiraios,ba,590,77,64,0
2026-07-25T16:12:44Z,strovolou,ab,5400,554,504,0
2026-07-25T16:12:44Z,strovolou,ba,4712,445,404,0
2026-07-25T16:12:44Z,tseriou,ab,2555,278,225,0
2026-07-25T16:12:44Z,tseriou,ba,3739,420,372,0
2026-07-25T16:12:44Z,prodromou,ab,2418,278,254,0
2026-07-25T16:12:44Z,prodromou,ba,2414,319,299,0
2026-07-25T16:12:44Z,akropoleos,ab,5010,555,463,0
2026-07-25T16:12:44Z,akropoleos,ba,5145,590,479,0
2026-07-25T16:12:44Z,athalassas,ab,2793,339,282,0
2026-07-25T16:12:44Z,athalassas,ba,7097,647,568,0
2026-07-25T16:12:44Z,lemesou,ab,2014,245,213,0
2026-07-25T16:12:44Z,lemesou,ba,2007,249,196,0
2026-07-25T16:12:44Z,sp_kyprianou,ab,6489,639,585,0
2026-07-25T16:12:44Z,sp_kyprianou,ba,6573,706,627,0
2026-07-25T16:12:44Z,archangelou,ab,7265,550,523,0
2026-07-25T16:12:44Z,archangelou,ba,6911,625,591,0
2026-07-25T16:12:44Z,konstantinoup,ab,2628,299,291,0
2026-07-25T16:12:44Z,konstantinoup,ba,2629,325,313,0
2026-07-25T16:12:44Z,stavrou,ab,2187,230,208,0
2026-07-25T16:12:44Z,stavrou,ba,2245,216,206,0
2026-07-25T16:12:44Z,makedonitissas,ab,3632,415,395,0
2026-07-25T16:12:44Z,makedonitissas,ba,2705,292,290,0
2026-07-25T16:12:44Z,armenias,ab,1079,135,119,0
2026-07-25T16:12:44Z,armenias,ba,1079,159,132,0
2026-07-25T16:12:44Z,arch_kyprianou,ab,1701,228,215,0
2026-07-25T16:12:44Z,arch_kyprianou,ba,1726,243,202,0
2026-07-25T16:12:44Z,a1_motorway,ab,10597,351,349,0
2026-07-25T16:12:44Z,a1_motorway,ba,14048,567,558,0
2026-07-25T16:12:44Z,makariou_lakat,ab,5849,616,516,0
2026-07-25T16:12:44Z,makariou_lakat,ba,6901,668,583,0
2026-07-25T16:12:44Z,griva_digeni,ab,4212,474,441,0
2026-07-25T16:12:44Z,griva_digeni,ba,5350,753,681,0
2026-07-25T16:12:44Z,aglantzias,ab,1775,197,177,0
2026-07-25T16:12:44Z,aglantzias,ba,3098,448,372,0
2026-07-25T16:12:44Z,kranidioti,ab,1458,107,105,0
2026-07-25T16:12:44Z,kranidioti,ba,1652,119,117,0
2026-07-25T16:12:44Z,perimetrikos,ab,2510,245,229,0
2026-07-25T16:12:44Z,perimetrikos,ba,2094,174,164,0
2026-07-25T16:12:44Z,hatziiosif,ab,2049,246,195,0
2026-07-25T16:12:44Z,hatziiosif,ba,2045,255,202,0
2026-07-25T16:12:44Z,perikleous,ab,2238,275,232,0
2026-07-25T16:12:44Z,perikleous,ba,2649,309,273,0
2026-07-25T16:12:44Z,avraamidi,ab,1264,162,140,0
2026-07-25T16:12:44Z,avraamidi,ba,1266,173,150,0
2026-07-25T16:12:44Z,athinon,ab,1573,211,204,0
2026-07-25T16:12:44Z,athinon,ba,1040,181,134,0
2026-07-25T16:12:44Z,tasou_markou,ab,544,75,70,0
2026-07-25T16:12:44Z,tasou_markou,ba,492,53,55,0
2026-07-25T16:12:44Z,peiraios,ab,590,86,71,0
2026-07-25T16:12:44Z,peiraios,ba,590,76,64,0
2026-07-25T17:04:10Z,strovolou,ab,5400,549,504,0
2026-07-25T17:04:10Z,strovolou,ba,4712,430,404,0
2026-07-25T17:04:10Z,tseriou,ab,2555,255,225,0
2026-07-25T17:04:10Z,tseriou,ba,3739,413,372,0
2026-07-25T17:04:10Z,prodromou,ab,2418,271,254,0
2026-07-25T17:04:10Z,prodromou,ba,2414,311,299,0
2026-07-25T17:04:10Z,akropoleos,ab,5010,547,463,0
2026-07-25T17:04:10Z,akropoleos,ba,5145,582,479,0
2026-07-25T17:04:10Z,athalassas,ab,2793,328,282,0
2026-07-25T17:04:10Z,athalassas,ba,4485,595,538,0
2026-07-25T17:04:10Z,lemesou,ab,2014,241,213,0
2026-07-25T17:04:10Z,lemesou,ba,2007,246,196,0
2026-07-25T17:04:10Z,sp_kyprianou,ab,6489,616,585,0
2026-07-25T17:04:10Z,sp_kyprianou,ba,6573,698,627,0
2026-07-25T17:04:10Z,archangelou,ab,7265,542,523,0
2026-07-25T17:04:10Z,archangelou,ba,6911,622,591,0
2026-07-25T17:04:10Z,konstantinoup,ab,2628,299,291,0
2026-07-25T17:04:10Z,konstantinoup,ba,2629,318,313,0
2026-07-25T17:04:10Z,stavrou,ab,2187,220,208,0
2026-07-25T17:04:10Z,stavrou,ba,2245,210,206,0
2026-07-25T17:04:10Z,makedonitissas,ab,3632,401,395,0
2026-07-25T17:04:10Z,makedonitissas,ba,2705,294,290,0
2026-07-25T17:04:10Z,armenias,ab,1079,135,119,0
2026-07-25T17:04:10Z,armenias,ba,1079,150,132,0
2026-07-25T17:04:10Z,arch_kyprianou,ab,1701,228,215,0
2026-07-25T17:04:10Z,arch_kyprianou,ba,1726,229,202,0
2026-07-25T17:04:10Z,a1_motorway,ab,10597,351,349,0
2026-07-25T17:04:10Z,a1_motorway,ba,14048,567,558,0
2026-07-25T17:04:10Z,makariou_lakat,ab,5849,584,516,0
2026-07-25T17:04:10Z,makariou_lakat,ba,6901,638,583,0
2026-07-25T17:04:10Z,griva_digeni,ab,4212,461,441,0
2026-07-25T17:04:10Z,griva_digeni,ba,5350,746,681,0
2026-07-25T17:04:10Z,aglantzias,ab,1775,191,177,0
2026-07-25T17:04:10Z,aglantzias,ba,3098,443,372,0
2026-07-25T17:04:10Z,kranidioti,ab,1458,107,105,0
2026-07-25T17:04:10Z,kranidioti,ba,1652,119,117,0
2026-07-25T17:04:10Z,perimetrikos,ab,2510,238,229,0
2026-07-25T17:04:10Z,perimetrikos,ba,2094,170,164,0
2026-07-25T17:04:10Z,hatziiosif,ab,2049,241,195,0
2026-07-25T17:04:10Z,hatziiosif,ba,2045,253,202,0
2026-07-25T17:04:10Z,perikleous,ab,2238,268,232,0
2026-07-25T17:04:10Z,perikleous,ba,2649,305,273,0
2026-07-25T17:04:10Z,avraamidi,ab,1264,159,140,0
2026-07-25T17:04:10Z,avraamidi,ba,1266,164,150,0
2026-07-25T17:04:10Z,athinon,ab,1573,210,204,0
2026-07-25T17:04:10Z,athinon,ba,1040,171,134,0
2026-07-25T17:04:10Z,tasou_markou,ab,544,75,70,0
2026-07-25T17:04:10Z,tasou_markou,ba,492,53,55,0
2026-07-25T17:04:10Z,peiraios,ab,590,80,71,0
2026-07-25T17:04:10Z,peiraios,ba,590,73,64,0
2026-07-25T18:05:06Z,strovolou,ab,5400,540,504,0
2026-07-25T18:05:06Z,strovolou,ba,4712,443,404,0
2026-07-25T18:05:06Z,tseriou,ab,2555,253,225,0
2026-07-25T18:05:06Z,tseriou,ba,3739,405,372,0
2026-07-25T18:05:06Z,prodromou,ab,2418,276,254,0
2026-07-25T18:05:06Z,prodromou,ba,2414,318,299,0
2026-07-25T18:05:06Z,akropoleos,ab,5010,526,463,0
2026-07-25T18:05:06Z,akropoleos,ba,5145,555,479,0
2026-07-25T18:05:06Z,athalassas,ab,2793,322,282,0
2026-07-25T18:05:06Z,athalassas,ba,6037,612,534,0
2026-07-25T18:05:06Z,lemesou,ab,2014,239,213,0
2026-07-25T18:05:06Z,lemesou,ba,2007,231,196,0
2026-07-25T18:05:06Z,sp_kyprianou,ab,6489,623,585,0
2026-07-25T18:05:06Z,sp_kyprianou,ba,6573,681,627,0
2026-07-25T18:05:06Z,archangelou,ab,7265,546,523,0
2026-07-25T18:05:06Z,archangelou,ba,6911,624,591,0
2026-07-25T18:05:06Z,konstantinoup,ab,2628,307,291,0
2026-07-25T18:05:06Z,konstantinoup,ba,2629,326,313,0
2026-07-25T18:05:06Z,stavrou,ab,2187,227,208,0
2026-07-25T18:05:06Z,stavrou,ba,2245,218,206,0
2026-07-25T18:05:06Z,makedonitissas,ab,3632,411,395,0
2026-07-25T18:05:06Z,makedonitissas,ba,2705,299,290,0
2026-07-25T18:05:06Z,armenias,ab,1079,131,119,0
2026-07-25T18:05:06Z,armenias,ba,1079,149,132,0
2026-07-25T18:05:06Z,arch_kyprianou,ab,1701,227,215,0
2026-07-25T18:05:06Z,arch_kyprianou,ba,1726,230,202,0
2026-07-25T18:05:06Z,a1_motorway,ab,10597,351,349,0
2026-07-25T18:05:06Z,a1_motorway,ba,14048,567,558,0
2026-07-25T18:05:06Z,makariou_lakat,ab,5849,573,516,0
2026-07-25T18:05:06Z,makariou_lakat,ba,6901,636,583,0
2026-07-25T18:05:06Z,griva_digeni,ab,4212,472,441,0
2026-07-25T18:05:06Z,griva_digeni,ba,5350,733,681,0
2026-07-25T18:05:06Z,aglantzias,ab,1775,195,177,0
2026-07-25T18:05:06Z,aglantzias,ba,3098,420,372,0
2026-07-25T18:05:06Z,kranidioti,ab,1458,108,105,0
2026-07-25T18:05:06Z,kranidioti,ba,1652,122,117,0
2026-07-25T18:05:06Z,perimetrikos,ab,2510,244,229,0
2026-07-25T18:05:06Z,perimetrikos,ba,2094,173,164,0
2026-07-25T18:05:06Z,hatziiosif,ab,2049,230,195,0
2026-07-25T18:05:06Z,hatziiosif,ba,2045,242,202,0
2026-07-25T18:05:06Z,perikleous,ab,2238,258,232,0
2026-07-25T18:05:06Z,perikleous,ba,2649,302,273,0
2026-07-25T18:05:06Z,avraamidi,ab,1264,155,140,0
2026-07-25T18:05:06Z,avraamidi,ba,1266,165,150,0
2026-07-25T18:05:06Z,athinon,ab,1573,212,204,0
2026-07-25T18:05:06Z,athinon,ba,1040,167,134,0
2026-07-25T18:05:06Z,tasou_markou,ab,544,74,70,0
2026-07-25T18:05:06Z,tasou_markou,ba,492,55,55,0
2026-07-25T18:05:06Z,peiraios,ab,590,81,71,0
2026-07-25T18:05:06Z,peiraios,ba,590,76,64,0
2026-07-26T03:48:49Z,strovolou,ab,5400,519,504,0
2026-07-26T03:48:49Z,strovolou,ba,4712,424,404,0
2026-07-26T03:48:49Z,tseriou,ab,2555,232,225,0
2026-07-26T03:48:49Z,tseriou,ba,3739,384,372,0
2026-07-26T03:48:49Z,prodromou,ab,2418,260,254,0
2026-07-26T03:48:49Z,prodromou,ba,2414,309,299,0
2026-07-26T03:48:49Z,akropoleos,ab,5010,494,463,0
2026-07-26T03:48:49Z,akropoleos,ba,5145,503,479,0
2026-07-26T03:48:49Z,athalassas,ab,2793,299,282,0
2026-07-26T03:48:49Z,athalassas,ba,6037,555,534,0
2026-07-26T03:48:49Z,lemesou,ab,2014,223,213,0
2026-07-26T03:48:49Z,lemesou,ba,2007,204,196,0
2026-07-26T03:48:49Z,sp_kyprianou,ab,6489,599,585,0
2026-07-26T03:48:49Z,sp_kyprianou,ba,6573,647,627,0
2026-07-26T03:48:49Z,archangelou,ab,7265,534,523,0
2026-07-26T03:48:49Z,archangelou,ba,6911,612,591,0
2026-07-26T03:48:49Z,konstantinoup,ab,2628,299,291,0
2026-07-26T03:48:49Z,konstantinoup,ba,2629,319,313,0
2026-07-26T03:48:49Z,stavrou,ab,2187,214,208,0
2026-07-26T03:48:49Z,stavrou,ba,2245,211,206,0
2026-07-26T03:48:49Z,makedonitissas,ab,3632,401,395,0
2026-07-26T03:48:49Z,makedonitissas,ba,2705,293,290,0
2026-07-26T03:48:49Z,armenias,ab,1079,124,119,0
2026-07-26T03:48:49Z,armenias,ba,1079,139,132,0
2026-07-26T03:48:49Z,arch_kyprianou,ab,1777,223,214,0
2026-07-26T03:48:49Z,arch_kyprianou,ba,1726,207,202,0
2026-07-26T03:48:49Z,a1_motorway,ab,10597,351,349,0
2026-07-26T03:48:49Z,a1_motorway,ba,14048,559,558,0
2026-07-26T03:48:49Z,makariou_lakat,ab,5849,536,516,0
2026-07-26T03:48:49Z,makariou_lakat,ba,6901,603,583,0
2026-07-26T03:48:49Z,griva_digeni,ab,4212,455,441,0
2026-07-26T03:48:49Z,griva_digeni,ba,5350,703,681,0
2026-07-26T03:48:49Z,aglantzias,ab,1775,181,177,0
2026-07-26T03:48:49Z,aglantzias,ba,3098,386,372,0
2026-07-26T03:48:49Z,kranidioti,ab,1458,106,105,0
2026-07-26T03:48:49Z,kranidioti,ba,1652,121,117,0
2026-07-26T03:48:49Z,perimetrikos,ab,2510,234,229,0
2026-07-26T03:48:49Z,perimetrikos,ba,2094,168,164,0
2026-07-26T03:48:49Z,hatziiosif,ab,2049,207,195,0
2026-07-26T03:48:49Z,hatziiosif,ba,2045,211,202,0
2026-07-26T03:48:49Z,perikleous,ab,2238,244,232,0
2026-07-26T03:48:49Z,perikleous,ba,2649,280,273,0
2026-07-26T03:48:49Z,avraamidi,ab,1264,149,140,0
2026-07-26T03:48:49Z,avraamidi,ba,1266,153,150,0
2026-07-26T03:48:49Z,athinon,ab,1573,207,204,0
2026-07-26T03:48:49Z,athinon,ba,1040,140,134,0
2026-07-26T03:48:49Z,tasou_markou,ab,544,72,70,0
2026-07-26T03:48:49Z,tasou_markou,ba,492,55,55,0
2026-07-26T03:48:49Z,peiraios,ab,590,78,71,0
2026-07-26T03:48:49Z,peiraios,ba,590,68,64,0
2026-07-26T03:59:15Z,strovolou,ab,5400,520,504,0
2026-07-26T03:59:15Z,strovolou,ba,4712,427,404,0
2026-07-26T03:59:15Z,tseriou,ab,2555,234,225,0
2026-07-26T03:59:15Z,tseriou,ba,3739,385,372,0
2026-07-26T03:59:15Z,prodromou,ab,2418,260,254,0
2026-07-26T03:59:15Z,prodromou,ba,2414,311,299,0
2026-07-26T03:59:15Z,akropoleos,ab,5010,499,463,0
2026-07-26T03:59:15Z,akropoleos,ba,5145,508,479,0
2026-07-26T03:59:15Z,athalassas,ab,2793,303,282,0
2026-07-26T03:59:15Z,athalassas,ba,6037,558,534,0
2026-07-26T03:59:15Z,lemesou,ab,2014,225,213,0
2026-07-26T03:59:15Z,lemesou,ba,2007,206,196,0
2026-07-26T03:59:15Z,sp_kyprianou,ab,6489,601,585,0
2026-07-26T03:59:15Z,sp_kyprianou,ba,6573,650,627,0
2026-07-26T03:59:15Z,archangelou,ab,7265,535,523,0
2026-07-26T03:59:15Z,archangelou,ba,6911,613,591,0
2026-07-26T03:59:15Z,konstantinoup,ab,2628,300,291,0
2026-07-26T03:59:15Z,konstantinoup,ba,2629,321,313,0
2026-07-26T03:59:15Z,stavrou,ab,2187,214,208,0
2026-07-26T03:59:15Z,stavrou,ba,2245,212,206,0
2026-07-26T03:59:15Z,makedonitissas,ab,3632,401,395,0
2026-07-26T03:59:15Z,makedonitissas,ba,2705,293,290,0
2026-07-26T03:59:15Z,armenias,ab,1079,124,119,0
2026-07-26T03:59:15Z,armenias,ba,1079,140,132,0
2026-07-26T03:59:15Z,arch_kyprianou,ab,1777,224,214,0
2026-07-26T03:59:15Z,arch_kyprianou,ba,1726,208,202,0
2026-07-26T03:59:15Z,a1_motorway,ab,10597,351,349,0
2026-07-26T03:59:15Z,a1_motorway,ba,14048,561,558,0
2026-07-26T03:59:15Z,makariou_lakat,ab,5849,539,516,0
2026-07-26T03:59:15Z,makariou_lakat,ba,6901,604,583,0
2026-07-26T03:59:15Z,griva_digeni,ab,4212,457,441,0
2026-07-26T03:59:15Z,griva_digeni,ba,5350,706,681,0
2026-07-26T03:59:15Z,aglantzias,ab,1775,182,177,0
2026-07-26T03:59:15Z,aglantzias,ba,3098,389,372,0
2026-07-26T03:59:15Z,kranidioti,ab,1458,106,105,0
2026-07-26T03:59:15Z,kranidioti,ba,1652,121,117,0
2026-07-26T03:59:15Z,perimetrikos,ab,2510,236,229,0
2026-07-26T03:59:15Z,perimetrikos,ba,2094,168,164,0
2026-07-26T03:59:15Z,hatziiosif,ab,2049,209,195,0
2026-07-26T03:59:15Z,hatziiosif,ba,2045,213,202,0
2026-07-26T03:59:15Z,perikleous,ab,2238,247,232,0
2026-07-26T03:59:15Z,perikleous,ba,2649,281,273,0
2026-07-26T03:59:15Z,avraamidi,ab,1264,150,140,0
2026-07-26T03:59:15Z,avraamidi,ba,1266,154,150,0
2026-07-26T03:59:15Z,athinon,ab,1573,207,204,0
2026-07-26T03:59:15Z,athinon,ba,1040,142,134,0
2026-07-26T03:59:15Z,tasou_markou,ab,544,72,70,0
2026-07-26T03:59:15Z,tasou_markou,ba,492,55,55,0
2026-07-26T03:59:15Z,peiraios,ab,590,79,71,0
2026-07-26T03:59:15Z,peiraios,ba,590,68,64,0
2026-07-26T04:09:41Z,strovolou,ab,5400,495,504,0
2026-07-26T04:09:41Z,strovolou,ba,4712,407,404,0
2026-07-26T04:09:41Z,tseriou,ab,2555,222,225,0
2026-07-26T04:09:41Z,tseriou,ba,3739,367,372,0
2026-07-26T04:09:41Z,prodromou,ab,2418,246,254,0
2026-07-26T04:09:41Z,prodromou,ba,2414,297,299,0
2026-07-26T04:09:41Z,akropoleos,ab,5010,480,463,0
2026-07-26T04:09:41Z,akropoleos,ba,5145,486,479,0
2026-07-26T04:09:41Z,athalassas,ab,2793,294,282,0
2026-07-26T04:09:41Z,athalassas,ba,6037,535,534,0
2026-07-26T04:09:41Z,lemesou,ab,2014,215,213,0
2026-07-26T04:09:41Z,lemesou,ba,2007,198,196,0
2026-07-26T04:09:41Z,sp_kyprianou,ab,6489,571,585,0
2026-07-26T04:09:41Z,sp_kyprianou,ba,6573,620,627,0
2026-07-26T04:09:41Z,archangelou,ab,7265,509,523,0
2026-07-26T04:09:41Z,archangelou,ba,6911,585,591,0
2026-07-26T04:09:41Z,konstantinoup,ab,2628,287,291,0
2026-07-26T04:09:41Z,konstantinoup,ba,2629,305,313,0
2026-07-26T04:09:41Z,stavrou,ab,2187,203,208,0
2026-07-26T04:09:41Z,stavrou,ba,2245,201,206,0
2026-07-26T04:09:41Z,makedonitissas,ab,3632,380,395,0
2026-07-26T04:09:41Z,makedonitissas,ba,2705,279,290,0
2026-07-26T04:09:41Z,armenias,ab,1079,117,119,0
2026-07-26T04:09:41Z,armenias,ba,1079,135,132,0
2026-07-26T04:09:41Z,arch_kyprianou,ab,1777,215,214,0
2026-07-26T04:09:41Z,arch_kyprianou,ba,1726,198,202,0
2026-07-26T04:09:41Z,a1_motorway,ab,10597,351,349,0
2026-07-26T04:09:41Z,a1_motorway,ba,14048,551,558,0
2026-07-26T04:09:41Z,makariou_lakat,ab,5849,512,516,0
2026-07-26T04:09:41Z,makariou_lakat,ba,6901,572,583,0
2026-07-26T04:09:41Z,griva_digeni,ab,4212,433,441,0
2026-07-26T04:09:41Z,griva_digeni,ba,5350,671,681,0
2026-07-26T04:09:41Z,aglantzias,ab,1775,173,177,0
2026-07-26T04:09:41Z,aglantzias,ba,3098,375,372,0
2026-07-26T04:09:41Z,kranidioti,ab,1458,101,105,0
2026-07-26T04:09:41Z,kranidioti,ba,1652,115,117,0
2026-07-26T04:09:41Z,perimetrikos,ab,2510,226,229,0
2026-07-26T04:09:41Z,perimetrikos,ba,2094,160,164,0
2026-07-26T04:09:41Z,hatziiosif,ab,2049,200,195,0
2026-07-26T04:09:41Z,hatziiosif,ba,2045,205,202,0
2026-07-26T04:09:41Z,perikleous,ab,2238,239,232,0
2026-07-26T04:09:41Z,perikleous,ba,2649,267,273,0
2026-07-26T04:09:41Z,avraamidi,ab,1264,143,140,0
2026-07-26T04:09:41Z,avraamidi,ba,1266,147,150,0
2026-07-26T04:09:41Z,athinon,ab,1573,197,204,0
2026-07-26T04:09:41Z,athinon,ba,1040,136,134,0
2026-07-26T04:09:41Z,tasou_markou,ab,544,69,70,0
2026-07-26T04:09:41Z,tasou_markou,ba,492,52,55,0
2026-07-26T04:09:41Z,peiraios,ab,590,74,71,0
2026-07-26T04:09:41Z,peiraios,ba,590,66,64,0
2026-07-26T04:20:08Z,strovolou,ab,5400,498,504,0
2026-07-26T04:20:08Z,strovolou,ba,4712,410,404,0
2026-07-26T04:20:08Z,tseriou,ab,2555,224,225,0
2026-07-26T04:20:08Z,tseriou,ba,3739,372,372,0
2026-07-26T04:20:08Z,prodromou,ab,2418,247,254,0
2026-07-26T04:20:08Z,prodromou,ba,2414,300,299,0
2026-07-26T04:20:08Z,akropoleos,ab,5010,486,463,0
2026-07-26T04:20:08Z,akropoleos,ba,5145,493,479,0
2026-07-26T04:20:08Z,athalassas,ab,2793,300,282,0
2026-07-26T04:20:08Z,athalassas,ba,6037,544,534,0
2026-07-26T04:20:08Z,lemesou,ab,2014,218,213,0
2026-07-26T04:20:08Z,lemesou,ba,2007,200,196,0
2026-07-26T04:20:08Z,sp_kyprianou,ab,6489,574,585,0
2026-07-26T04:20:08Z,sp_kyprianou,ba,6573,624,627,0
2026-07-26T04:20:08Z,archangelou,ab,7265,511,523,0
2026-07-26T04:20:08Z,archangelou,ba,6911,586,591,0
2026-07-26T04:20:08Z,konstantinoup,ab,2628,289,291,0
2026-07-26T04:20:08Z,konstantinoup,ba,2629,308,313,0
2026-07-26T04:20:08Z,stavrou,ab,2187,203,208,0
2026-07-26T04:20:08Z,stavrou,ba,2245,202,206,0
2026-07-26T04:20:08Z,makedonitissas,ab,3632,381,395,0
2026-07-26T04:20:08Z,makedonitissas,ba,2705,279,290,0
2026-07-26T04:20:08Z,armenias,ab,1079,117,119,0
2026-07-26T04:20:08Z,armenias,ba,1079,136,132,0
2026-07-26T04:20:08Z,arch_kyprianou,ab,1777,217,214,0
2026-07-26T04:20:08Z,arch_kyprianou,ba,1726,199,202,0
2026-07-26T04:20:08Z,a1_motorway,ab,10597,351,349,0
2026-07-26T04:20:08Z,a1_motorway,ba,14048,559,558,0
2026-07-26T04:20:08Z,makariou_lakat,ab,5849,517,516,0
2026-07-26T04:20:08Z,makariou_lakat,ba,6901,575,583,0
2026-07-26T04:20:08Z,griva_digeni,ab,4212,436,441,0
2026-07-26T04:20:08Z,griva_digeni,ba,5350,676,681,0
2026-07-26T04:20:08Z,aglantzias,ab,1775,174,177,0
2026-07-26T04:20:08Z,aglantzias,ba,3098,379,372,0
2026-07-26T04:20:08Z,kranidioti,ab,1458,101,105,0
2026-07-26T04:20:08Z,kranidioti,ba,1652,114,117,0
2026-07-26T04:20:08Z,perimetrikos,ab,2510,227,229,0
2026-07-26T04:20:08Z,perimetrikos,ba,2094,160,164,0
2026-07-26T04:20:08Z,hatziiosif,ab,2049,203,195,0
2026-07-26T04:20:08Z,hatziiosif,ba,2045,209,202,0
2026-07-26T04:20:08Z,perikleous,ab,2238,242,232,0
2026-07-26T04:20:08Z,perikleous,ba,2649,269,273,0
2026-07-26T04:20:08Z,avraamidi,ab,1264,144,140,0
2026-07-26T04:20:08Z,avraamidi,ba,1266,148,150,0
2026-07-26T04:20:08Z,athinon,ab,1573,197,204,0
2026-07-26T04:20:08Z,athinon,ba,1040,140,134,0
2026-07-26T04:20:08Z,tasou_markou,ab,544,69,70,0
2026-07-26T04:20:08Z,tasou_markou,ba,492,52,55,0
2026-07-26T04:20:08Z,peiraios,ab,590,75,71,0
2026-07-26T04:20:08Z,peiraios,ba,590,68,64,0
2026-07-26T04:30:34Z,strovolou,ab,5400,501,504,0
2026-07-26T04:30:34Z,strovolou,ba,4712,414,404,0
2026-07-26T04:30:34Z,tseriou,ab,2555,226,225,0
2026-07-26T04:30:34Z,tseriou,ba,3739,374,372,0
2026-07-26T04:30:34Z,prodromou,ab,2418,248,254,0
2026-07-26T04:30:34Z,prodromou,ba,2414,303,299,0
2026-07-26T04:30:34Z,akropoleos,ab,5010,490,463,0
2026-07-26T04:30:34Z,akropoleos,ba,5145,501,479,0
2026-07-26T04:30:34Z,athalassas,ab,2793,306,282,0
2026-07-26T04:30:34Z,athalassas,ba,6037,549,534,0
2026-07-26T04:30:34Z,lemesou,ab,2014,219,213,0
2026-07-26T04:30:34Z,lemesou,ba,2007,203,196,0
2026-07-26T04:30:34Z,sp_kyprianou,ab,6489,577,585,0
2026-07-26T04:30:34Z,sp_kyprianou,ba,6573,627,627,0
2026-07-26T04:30:34Z,archangelou,ab,7265,514,523,0
2026-07-26T04:30:34Z,archangelou,ba,6911,587,591,0
2026-07-26T04:30:34Z,konstantinoup,ab,2628,293,291,0
2026-07-26T04:30:34Z,konstantinoup,ba,2629,309,313,0
2026-07-26T04:30:34Z,stavrou,ab,2187,205,208,0
2026-07-26T04:30:34Z,stavrou,ba,2245,205,206,0
2026-07-26T04:30:34Z,makedonitissas,ab,3632,382,395,0
2026-07-26T04:30:34Z,makedonitissas,ba,2705,280,290,0
2026-07-26T04:30:34Z,armenias,ab,1079,118,119,0
2026-07-26T04:30:34Z,armenias,ba,1079,138,132,0
2026-07-26T04:30:34Z,arch_kyprianou,ab,1777,219,214,0
2026-07-26T04:30:34Z,arch_kyprianou,ba,1726,201,202,0
2026-07-26T04:30:34Z,a1_motorway,ab,10597,351,349,0
2026-07-26T04:30:34Z,a1_motorway,ba,14048,551,558,0
2026-07-26T04:30:34Z,makariou_lakat,ab,5849,520,516,0
2026-07-26T04:30:34Z,makariou_lakat,ba,6901,578,583,0
2026-07-26T04:30:34Z,griva_digeni,ab,4212,438,441,0
2026-07-26T04:30:34Z,griva_digeni,ba,5350,679,681,0
2026-07-26T04:30:34Z,aglantzias,ab,1775,176,177,0
2026-07-26T04:30:34Z,aglantzias,ba,3098,383,372,0
2026-07-26T04:30:34Z,kranidioti,ab,1458,101,105,0
2026-07-26T04:30:34Z,kranidioti,ba,1652,114,117,0
2026-07-26T04:30:34Z,perimetrikos,ab,2510,229,229,0
2026-07-26T04:30:34Z,perimetrikos,ba,2094,162,164,0
2026-07-26T04:30:34Z,hatziiosif,ab,2049,206,195,0
2026-07-26T04:30:34Z,hatziiosif,ba,2045,212,202,0
2026-07-26T04:30:34Z,perikleous,ab,2238,244,232,0
2026-07-26T04:30:34Z,perikleous,ba,2649,273,273,0
2026-07-26T04:30:34Z,avraamidi,ab,1264,145,140,0
2026-07-26T04:30:34Z,avraamidi,ba,1266,150,150,0
2026-07-26T04:30:34Z,athinon,ab,1573,197,204,0
2026-07-26T04:30:34Z,athinon,ba,1040,142,134,0
2026-07-26T04:30:34Z,tasou_markou,ab,544,70,70,0
2026-07-26T04:30:34Z,tasou_markou,ba,492,52,55,0
2026-07-26T04:30:34Z,peiraios,ab,590,75,71,0
2026-07-26T04:30:34Z,peiraios,ba,590,69,64,0
2026-07-26T04:41:00Z,strovolou,ab,5400,505,504,0
2026-07-26T04:41:00Z,strovolou,ba,4712,418,404,0
2026-07-26T04:41:00Z,tseriou,ab,2555,228,225,0
2026-07-26T04:41:00Z,tseriou,ba,3739,378,372,0
2026-07-26T04:41:00Z,prodromou,ab,2418,250,254,0
2026-07-26T04:41:00Z,prodromou,ba,2414,305,299,0
2026-07-26T04:41:00Z,akropoleos,ab,5010,497,463,0
2026-07-26T04:41:00Z,akropoleos,ba,5145,508,479,0
2026-07-26T04:41:00Z,athalassas,ab,2793,311,282,0
2026-07-26T04:41:00Z,athalassas,ba,6037,555,534,0
2026-07-26T04:41:00Z,lemesou,ab,2014,221,213,0
2026-07-26T04:41:00Z,lemesou,ba,2007,205,196,0
2026-07-26T04:41:00Z,sp_kyprianou,ab,6489,580,585,0
2026-07-26T04:41:00Z,sp_kyprianou,ba,6573,631,627,0
2026-07-26T04:41:00Z,archangelou,ab,7265,517,523,0
2026-07-26T04:41:00Z,archangelou,ba,6911,590,591,0
2026-07-26T04:41:00Z,konstantinoup,ab,2628,295,291,0
2026-07-26T04:41:00Z,konstantinoup,ba,2629,311,313,0
2026-07-26T04:41:00Z,stavrou,ab,2187,206,208,0
2026-07-26T04:41:00Z,stavrou,ba,2245,207,206,0
2026-07-26T04:41:00Z,makedonitissas,ab,3632,383,395,0
2026-07-26T04:41:00Z,makedonitissas,ba,2705,282,290,0
2026-07-26T04:41:00Z,armenias,ab,1079,118,119,0
2026-07-26T04:41:00Z,armenias,ba,1079,141,132,0
2026-07-26T04:41:00Z,arch_kyprianou,ab,1777,221,214,0
2026-07-26T04:41:00Z,arch_kyprianou,ba,1726,202,202,0
2026-07-26T04:41:00Z,a1_motorway,ab,10597,351,349,0
2026-07-26T04:41:00Z,a1_motorway,ba,14048,551,558,0
2026-07-26T04:41:00Z,makariou_lakat,ab,5849,524,516,0
2026-07-26T04:41:00Z,makariou_lakat,ba,6901,581,583,0
2026-07-26T04:41:00Z,griva_digeni,ab,4212,441,441,0
2026-07-26T04:41:00Z,griva_digeni,ba,5350,683,681,0
2026-07-26T04:41:00Z,aglantzias,ab,1775,178,177,0
2026-07-26T04:41:00Z,aglantzias,ba,3098,387,372,0
2026-07-26T04:41:00Z,kranidioti,ab,1458,101,105,0
2026-07-26T04:41:00Z,kranidioti,ba,1652,115,117,0
2026-07-26T04:41:00Z,perimetrikos,ab,2510,231,229,0
2026-07-26T04:41:00Z,perimetrikos,ba,2094,162,164,0
2026-07-26T04:41:00Z,hatziiosif,ab,2049,208,195,0
2026-07-26T04:41:00Z,hatziiosif,ba,2045,214,202,0
2026-07-26T04:41:00Z,perikleous,ab,2238,247,232,0
2026-07-26T04:41:00Z,perikleous,ba,2649,275,273,0
2026-07-26T04:41:00Z,avraamidi,ab,1264,146,140,0
2026-07-26T04:41:00Z,avraamidi,ba,1266,152,150,0
2026-07-26T04:41:00Z,athinon,ab,1573,197,204,0
2026-07-26T04:41:00Z,athinon,ba,1040,145,134,0
2026-07-26T04:41:00Z,tasou_markou,ab,544,70,70,0
2026-07-26T04:41:00Z,tasou_markou,ba,492,52,55,0
2026-07-26T04:41:00Z,peiraios,ab,590,75,71,0
2026-07-26T04:41:00Z,peiraios,ba,590,69,64,0
2026-07-26T04:51:28Z,strovolou,ab,5400,507,504,0
2026-07-26T04:51:28Z,strovolou,ba,4712,420,404,0
2026-07-26T04:51:28Z,tseriou,ab,2555,230,225,0
2026-07-26T04:51:28Z,tseriou,ba,3739,381,372,0
2026-07-26T04:51:28Z,prodromou,ab,2418,252,254,0
2026-07-26T04:51:28Z,prodromou,ba,2414,308,299,0
2026-07-26T04:51:28Z,akropoleos,ab,5010,502,463,0
2026-07-26T04:51:28Z,akropoleos,ba,5145,513,479,0
2026-07-26T04:51:28Z,athalassas,ab,2793,316,282,0
2026-07-26T04:51:28Z,athalassas,ba,6037,559,534,0
2026-07-26T04:51:28Z,lemesou,ab,2014,223,213,0
2026-07-26T04:51:28Z,lemesou,ba,2007,208,196,0
2026-07-26T04:51:28Z,sp_kyprianou,ab,6489,583,585,0
2026-07-26T04:51:28Z,sp_kyprianou,ba,6573,633,627,0
2026-07-26T04:51:28Z,archangelou,ab,7265,520,523,0
2026-07-26T04:51:28Z,archangelou,ba,6911,593,591,0
2026-07-26T04:51:28Z,konstantinoup,ab,2628,298,291,0
2026-07-26T04:51:28Z,konstantinoup,ba,2629,313,313,0
2026-07-26T04:51:28Z,stavrou,ab,2187,207,208,0
2026-07-26T04:51:28Z,stavrou,ba,2245,208,206,0
2026-07-26T04:51:28Z,makedonitissas,ab,3632,385,395,0
2026-07-26T04:51:28Z,makedonitissas,ba,2705,282,290,0
2026-07-26T04:51:28Z,armenias,ab,1079,119,119,0
2026-07-26T04:51:28Z,armenias,ba,1079,142,132,0
2026-07-26T04:51:28Z,arch_kyprianou,ab,1777,223,214,0
2026-07-26T04:51:28Z,arch_kyprianou,ba,1726,204,202,0
2026-07-26T04:51:28Z,a1_motorway,ab,10597,351,349,0
2026-07-26T04:51:28Z,a1_motorway,ba,14048,554,558,0
2026-07-26T04:51:28Z,makariou_lakat,ab,5849,528,516,0
2026-07-26T04:51:28Z,makariou_lakat,ba,6901,585,583,0
2026-07-26T04:51:28Z,griva_digeni,ab,4212,443,441,0
2026-07-26T04:51:28Z,griva_digeni,ba,5350,686,681,0
2026-07-26T04:51:28Z,aglantzias,ab,1775,180,177,0
2026-07-26T04:51:28Z,aglantzias,ba,3098,390,372,0
2026-07-26T04:51:28Z,kranidioti,ab,1458,101,105,0
2026-07-26T04:51:28Z,kranidioti,ba,1652,115,117,0
2026-07-26T04:51:28Z,perimetrikos,ab,2510,233,229,0
2026-07-26T04:51:28Z,perimetrikos,ba,2094,163,164,0
2026-07-26T04:51:28Z,hatziiosif,ab,2049,211,195,0
2026-07-26T04:51:28Z,hatziiosif,ba,2045,217,202,0
2026-07-26T04:51:28Z,perikleous,ab,2238,249,232,0
2026-07-26T04:51:28Z,perikleous,ba,2649,278,273,0
2026-07-26T04:51:28Z,avraamidi,ab,1264,148,140,0
2026-07-26T04:51:28Z,avraamidi,ba,1266,156,150,0
2026-07-26T04:51:28Z,athinon,ab,1573,198,204,0
2026-07-26T04:51:28Z,athinon,ba,1040,147,134,0
2026-07-26T04:51:28Z,tasou_markou,ab,544,71,70,0
2026-07-26T04:51:28Z,tasou_markou,ba,492,52,55,0
2026-07-26T04:51:28Z,peiraios,ab,590,76,71,0
2026-07-26T04:51:28Z,peiraios,ba,590,70,64,0
2026-07-26T05:01:54Z,strovolou,ab,5400,509,504,0
2026-07-26T05:01:54Z,strovolou,ba,4712,423,404,0
2026-07-26T05:01:54Z,tseriou,ab,2555,233,225,0
2026-07-26T05:01:54Z,tseriou,ba,3739,384,372,0
2026-07-26T05:01:54Z,prodromou,ab,2418,257,254,0
2026-07-26T05:01:54Z,prodromou,ba,2414,311,299,0
2026-07-26T05:01:54Z,akropoleos,ab,5010,506,463,0
2026-07-26T05:01:54Z,akropoleos,ba,5145,519,479,0
2026-07-26T05:01:54Z,athalassas,ab,2793,323,282,0
2026-07-26T05:01:54Z,athalassas,ba,6037,564,534,0
2026-07-26T05:01:54Z,lemesou,ab,2014,226,213,0
2026-07-26T05:01:54Z,lemesou,ba,2007,212,196,0
2026-07-26T05:01:54Z,sp_kyprianou,ab,6489,591,585,0
2026-07-26T05:01:54Z,sp_kyprianou,ba,6573,634,627,0
2026-07-26T05:01:54Z,archangelou,ab,7265,522,523,0
2026-07-26T05:01:54Z,archangelou,ba,6911,600,591,0
2026-07-26T05:01:54Z,konstantinoup,ab,2628,300,291,0
2026-07-26T05:01:54Z,konstantinoup,ba,2629,316,313,0
2026-07-26T05:01:54Z,stavrou,ab,2187,210,208,0
2026-07-26T05:01:54Z,stavrou,ba,2245,210,206,0
2026-07-26T05:01:54Z,makedonitissas,ab,3632,390,395,0
2026-07-26T05:01:54Z,makedonitissas,ba,2705,285,290,0
2026-07-26T05:01:54Z,armenias,ab,1079,121,119,0
2026-07-26T05:01:54Z,armenias,ba,1079,144,132,0
2026-07-26T05:01:54Z,arch_kyprianou,ab,1777,225,214,0
2026-07-26T05:01:54Z,arch_kyprianou,ba,1726,207,202,0
2026-07-26T05:01:54Z,a1_motorway,ab,10597,351,349,0
2026-07-26T05:01:54Z,a1_motorway,ba,14048,554,558,0
2026-07-26T05:01:54Z,makariou_lakat,ab,5849,538,516,0
2026-07-26T05:01:54Z,makariou_lakat,ba,6901,591,583,0
2026-07-26T05:01:54Z,griva_digeni,ab,4212,447,441,0
2026-07-26T05:01:54Z,griva_digeni,ba,5350,688,681,0
2026-07-26T05:01:54Z,aglantzias,ab,1775,181,177,0
2026-07-26T05:01:54Z,aglantzias,ba,3098,393,372,0
2026-07-26T05:01:54Z,kranidioti,ab,1458,101,105,0
2026-07-26T05:01:54Z,kranidioti,ba,1652,117,117,0
2026-07-26T05:01:54Z,perimetrikos,ab,2510,236,229,0
2026-07-26T05:01:54Z,perimetrikos,ba,2094,164,164,0
2026-07-26T05:01:54Z,hatziiosif,ab,2049,215,195,0
2026-07-26T05:01:54Z,hatziiosif,ba,2045,220,202,0
2026-07-26T05:01:54Z,perikleous,ab,2238,254,232,0
2026-07-26T05:01:54Z,perikleous,ba,2649,280,273,0
2026-07-26T05:01:54Z,avraamidi,ab,1264,149,140,0
2026-07-26T05:01:54Z,avraamidi,ba,1266,157,150,0
2026-07-26T05:01:54Z,athinon,ab,1573,198,204,0
2026-07-26T05:01:54Z,athinon,ba,1040,150,134,0
2026-07-26T05:01:54Z,tasou_markou,ab,544,71,70,0
2026-07-26T05:01:54Z,tasou_markou,ba,492,53,55,0
2026-07-26T05:01:54Z,peiraios,ab,590,76,71,0
2026-07-26T05:01:54Z,peiraios,ba,590,71,64,0
2026-07-26T05:12:21Z,strovolou,ab,5400,516,504,0
2026-07-26T05:12:21Z,strovolou,ba,4712,429,404,0
2026-07-26T05:12:21Z,tseriou,ab,2555,238,225,0
2026-07-26T05:12:21Z,tseriou,ba,3739,389,372,0
2026-07-26T05:12:21Z,prodromou,ab,2418,258,254,0
2026-07-26T05:12:21Z,prodromou,ba,2414,315,299,0
2026-07-26T05:12:21Z,akropoleos,ab,5010,512,463,0
2026-07-26T05:12:21Z,akropoleos,ba,5145,525,479,0
2026-07-26T05:12:21Z,athalassas,ab,2793,325,282,0
2026-07-26T05:12:21Z,athalassas,ba,6037,570,534,0
2026-07-26T05:12:21Z,lemesou,ab,2014,228,213,0
2026-07-26T05:12:21Z,lemesou,ba,2007,213,196,0
2026-07-26T05:12:21Z,sp_kyprianou,ab,6489,592,585,0
2026-07-26T05:12:21Z,sp_kyprianou,ba,6573,639,627,0
2026-07-26T05:12:21Z,archangelou,ab,7265,529,523,0
2026-07-26T05:12:21Z,archangelou,ba,6911,603,591,0
2026-07-26T05:12:21Z,konstantinoup,ab,2628,304,291,0
2026-07-26T05:12:21Z,konstantinoup,ba,2629,319,313,0
2026-07-26T05:12:21Z,stavrou,ab,2187,212,208,0
2026-07-26T05:12:21Z,stavrou,ba,2245,213,206,0
2026-07-26T05:12:21Z,makedonitissas,ab,3632,390,395,0
2026-07-26T05:12:21Z,makedonitissas,ba,2705,286,290,0
2026-07-26T05:12:21Z,armenias,ab,1079,121,119,0
2026-07-26T05:12:21Z,armenias,ba,1079,148,132,0
2026-07-26T05:12:21Z,arch_kyprianou,ab,1777,228,214,0
2026-07-26T05:12:21Z,arch_kyprianou,ba,1726,208,202,0
2026-07-26T05:12:21Z,a1_motorway,ab,10597,351,349,0
2026-07-26T05:12:21Z,a1_motorway,ba,14048,553,558,0
2026-07-26T05:12:21Z,makariou_lakat,ab,5849,541,516,0
2026-07-26T05:12:21Z,makariou_lakat,ba,6901,600,583,0
2026-07-26T05:12:21Z,griva_digeni,ab,4212,446,441,0
2026-07-26T05:12:21Z,griva_digeni,ba,5350,693,681,0
2026-07-26T05:12:21Z,aglantzias,ab,1775,184,177,0
2026-07-26T05:12:21Z,aglantzias,ba,3098,398,372,0
2026-07-26T05:12:21Z,kranidioti,ab,1458,102,105,0
2026-07-26T05:12:21Z,kranidioti,ba,1652,116,117,0
2026-07-26T05:12:21Z,perimetrikos,ab,2510,237,229,0
2026-07-26T05:12:21Z,perimetrikos,ba,2094,166,164,0
2026-07-26T05:12:21Z,hatziiosif,ab,2049,216,195,0
2026-07-26T05:12:21Z,hatziiosif,ba,2045,222,202,0
2026-07-26T05:12:21Z,perikleous,ab,2238,256,232,0
2026-07-26T05:12:21Z,perikleous,ba,2649,284,273,0
2026-07-26T05:12:21Z,avraamidi,ab,1264,152,140,0
2026-07-26T05:12:21Z,avraamidi,ba,1266,161,150,0
2026-07-26T05:12:21Z,athinon,ab,1573,200,204,0
2026-07-26T05:12:21Z,athinon,ba,1040,152,134,0
2026-07-26T05:12:21Z,tasou_markou,ab,544,73,70,0
2026-07-26T05:12:21Z,tasou_markou,ba,492,53,55,0
2026-07-26T05:12:21Z,peiraios,ab,590,78,71,0
2026-07-26T05:12:21Z,peiraios,ba,590,72,64,0
2026-07-26T05:22:49Z,strovolou,ab,5400,517,504,0
2026-07-26T05:22:49Z,strovolou,ba,4712,430,404,0
2026-07-26T05:22:49Z,tseriou,ab,2555,240,225,0
2026-07-26T05:22:49Z,tseriou,ba,3739,390,372,0
2026-07-26T05:22:49Z,prodromou,ab,2418,259,254,0
2026-07-26T05:22:49Z,prodromou,ba,2414,317,299,0
2026-07-26T05:22:49Z,akropoleos,ab,5010,514,463,0
2026-07-26T05:22:49Z,akropoleos,ba,5145,527,479,0
2026-07-26T05:22:49Z,athalassas,ab,2793,326,282,0
2026-07-26T05:22:49Z,athalassas,ba,6037,572,534,0
2026-07-26T05:22:49Z,lemesou,ab,2014,229,213,0
2026-07-26T05:22:49Z,lemesou,ba,2007,215,196,0
2026-07-26T05:22:49Z,sp_kyprianou,ab,6489,592,585,0
2026-07-26T05:22:49Z,sp_kyprianou,ba,6573,639,627,0
2026-07-26T05:22:49Z,archangelou,ab,7265,530,523,0
2026-07-26T05:22:49Z,archangelou,ba,6911,605,591,0
2026-07-26T05:22:49Z,konstantinoup,ab,2628,304,291,0
2026-07-26T05:22:49Z,konstantinoup,ba,2629,320,313,0
2026-07-26T05:22:49Z,stavrou,ab,2187,213,208,0
2026-07-26T05:22:49Z,stavrou,ba,2245,213,206,0
2026-07-26T05:22:49Z,makedonitissas,ab,3632,391,395,0
2026-07-26T05:22:49Z,makedonitissas,ba,2705,286,290,0
2026-07-26T05:22:49Z,armenias,ab,1079,122,119,0
2026-07-26T05:22:49Z,armenias,ba,1079,149,132,0
2026-07-26T05:22:49Z,arch_kyprianou,ab,1777,230,214,0
2026-07-26T05:22:49Z,arch_kyprianou,ba,1726,210,202,0
2026-07-26T05:22:49Z,a1_motorway,ab,10597,352,349,0
2026-07-26T05:22:49Z,a1_motorway,ba,14048,555,558,0
2026-07-26T05:22:49Z,makariou_lakat,ab,5849,545,516,0
2026-07-26T05:22:49Z,makariou_lakat,ba,6901,602,583,0
2026-07-26T05:22:49Z,griva_digeni,ab,4212,445,441,0
2026-07-26T05:22:49Z,griva_digeni,ba,5350,692,681,0
2026-07-26T05:22:49Z,aglantzias,ab,1775,187,177,0
2026-07-26T05:22:49Z,aglantzias,ba,3098,400,372,0
2026-07-26T05:22:49Z,kranidioti,ab,1458,103,105,0
2026-07-26T05:22:49Z,kranidioti,ba,1652,117,117,0
2026-07-26T05:22:49Z,perimetrikos,ab,2510,238,229,0
2026-07-26T05:22:49Z,perimetrikos,ba,2094,166,164,0
2026-07-26T05:22:49Z,hatziiosif,ab,2049,217,195,0
2026-07-26T05:22:49Z,hatziiosif,ba,2045,223,202,0
2026-07-26T05:22:49Z,perikleous,ab,2238,257,232,0
2026-07-26T05:22:49Z,perikleous,ba,2649,286,273,0
2026-07-26T05:22:49Z,avraamidi,ab,1264,153,140,0
2026-07-26T05:22:49Z,avraamidi,ba,1266,163,150,0
2026-07-26T05:22:49Z,athinon,ab,1573,200,204,0
2026-07-26T05:22:49Z,athinon,ba,1040,153,134,0
2026-07-26T05:22:49Z,tasou_markou,ab,544,73,70,0
2026-07-26T05:22:49Z,tasou_markou,ba,492,53,55,0
2026-07-26T05:22:49Z,peiraios,ab,590,78,71,0
2026-07-26T05:22:49Z,peiraios,ba,590,72,64,0
2026-07-26T05:33:15Z,strovolou,ab,5400,518,504,0
2026-07-26T05:33:15Z,strovolou,ba,4712,431,404,0
2026-07-26T05:33:15Z,tseriou,ab,2555,244,225,0
2026-07-26T05:33:15Z,tseriou,ba,3739,391,372,0
2026-07-26T05:33:15Z,prodromou,ab,2418,261,254,0
2026-07-26T05:33:15Z,prodromou,ba,2414,318,299,0
2026-07-26T05:33:15Z,akropoleos,ab,5010,515,463,0
2026-07-26T05:33:15Z,akropoleos,ba,5145,529,479,0
2026-07-26T05:33:15Z,athalassas,ab,2793,326,282,0
2026-07-26T05:33:15Z,athalassas,ba,6037,574,534,0
2026-07-26T05:33:15Z,lemesou,ab,2014,230,213,0
2026-07-26T05:33:15Z,lemesou,ba,2007,215,196,0
2026-07-26T05:33:15Z,sp_kyprianou,ab,6489,593,585,0
2026-07-26T05:33:15Z,sp_kyprianou,ba,6573,637,627,0
2026-07-26T05:33:15Z,archangelou,ab,7265,530,523,0
2026-07-26T05:33:15Z,archangelou,ba,6911,608,591,0
2026-07-26T05:33:15Z,konstantinoup,ab,2628,304,291,0
2026-07-26T05:33:15Z,konstantinoup,ba,2629,320,313,0
2026-07-26T05:33:15Z,stavrou,ab,2187,214,208,0
2026-07-26T05:33:15Z,stavrou,ba,2245,213,206,0
2026-07-26T05:33:15Z,makedonitissas,ab,3632,391,395,0
2026-07-26T05:33:15Z,makedonitissas,ba,2705,286,290,0
2026-07-26T05:33:15Z,armenias,ab,1079,122,119,0
2026-07-26T05:33:15Z,armenias,ba,1079,150,132,0
2026-07-26T05:33:15Z,arch_kyprianou,ab,1777,231,214,0
2026-07-26T05:33:15Z,arch_kyprianou,ba,1726,212,202,0
2026-07-26T05:33:15Z,a1_motorway,ab,10597,351,349,0
2026-07-26T05:33:15Z,a1_motorway,ba,14048,554,558,0
2026-07-26T05:33:15Z,makariou_lakat,ab,5849,548,516,0
2026-07-26T05:33:15Z,makariou_lakat,ba,6901,604,583,0
2026-07-26T05:33:15Z,griva_digeni,ab,4212,443,441,0
2026-07-26T05:33:15Z,griva_digeni,ba,5350,692,681,0
2026-07-26T05:33:15Z,aglantzias,ab,1775,188,177,0
2026-07-26T05:33:15Z,aglantzias,ba,3098,401,372,0
2026-07-26T05:33:15Z,kranidioti,ab,1458,103,105,0
2026-07-26T05:33:15Z,kranidioti,ba,1652,117,117,0
2026-07-26T05:33:15Z,perimetrikos,ab,2510,239,229,0
2026-07-26T05:33:15Z,perimetrikos,ba,2094,166,164,0
2026-07-26T05:33:15Z,hatziiosif,ab,2049,218,195,0
2026-07-26T05:33:15Z,hatziiosif,ba,2045,223,202,0
2026-07-26T05:33:15Z,perikleous,ab,2238,259,232,0
2026-07-26T05:33:15Z,perikleous,ba,2649,287,273,0
2026-07-26T05:33:15Z,avraamidi,ab,1264,154,140,0
2026-07-26T05:33:15Z,avraamidi,ba,1266,163,150,0
2026-07-26T05:33:15Z,athinon,ab,1573,200,204,0
2026-07-26T05:33:15Z,athinon,ba,1040,154,134,0
2026-07-26T05:33:15Z,tasou_markou,ab,544,74,70,0
2026-07-26T05:33:15Z,tasou_markou,ba,492,53,55,0
2026-07-26T05:33:15Z,peiraios,ab,590,79,71,0
2026-07-26T05:33:15Z,peiraios,ba,590,73,64,0
2026-07-26T05:43:42Z,strovolou,ab,5400,520,504,0
2026-07-26T05:43:42Z,strovolou,ba,4712,432,404,0
2026-07-26T05:43:42Z,tseriou,ab,2555,246,225,0
2026-07-26T05:43:42Z,tseriou,ba,3739,392,372,0
2026-07-26T05:43:42Z,prodromou,ab,2418,262,254,0
2026-07-26T05:43:42Z,prodromou,ba,2414,318,299,0
2026-07-26T05:43:42Z,akropoleos,ab,5010,516,463,0
2026-07-26T05:43:42Z,akropoleos,ba,5145,528,479,0
2026-07-26T05:43:42Z,athalassas,ab,2793,326,282,0
2026-07-26T05:43:42Z,athalassas,ba,6037,576,534,0
2026-07-26T05:43:42Z,lemesou,ab,2014,232,213,0
2026-07-26T05:43:42Z,lemesou,ba,2007,215,196,0
2026-07-26T05:43:42Z,sp_kyprianou,ab,6489,594,585,0
2026-07-26T05:43:42Z,sp_kyprianou,ba,6573,636,627,0
2026-07-26T05:43:42Z,archangelou,ab,7265,530,523,0
2026-07-26T05:43:42Z,archangelou,ba,6911,612,591,0
2026-07-26T05:43:42Z,konstantinoup,ab,2628,303,291,0
2026-07-26T05:43:42Z,konstantinoup,ba,2629,320,313,0
2026-07-26T05:43:42Z,stavrou,ab,2187,216,208,0
2026-07-26T05:43:42Z,stavrou,ba,2245,213,206,0
2026-07-26T05:43:42Z,makedonitissas,ab,3632,391,395,0
2026-07-26T05:43:42Z,makedonitissas,ba,2705,287,290,0
2026-07-26T05:43:42Z,armenias,ab,1079,123,119,0
2026-07-26T05:43:42Z,armenias,ba,1079,151,132,0
2026-07-26T05:43:42Z,arch_kyprianou,ab,1777,232,214,0
2026-07-26T05:43:42Z,arch_kyprianou,ba,1726,213,202,0
2026-07-26T05:43:42Z,a1_motorway,ab,10597,351,349,0
2026-07-26T05:43:42Z,a1_motorway,ba,14048,554,558,0
2026-07-26T05:43:42Z,makariou_lakat,ab,5849,552,516,0
2026-07-26T05:43:42Z,makariou_lakat,ba,6901,607,583,0
2026-07-26T05:43:42Z,griva_digeni,ab,4212,442,441,0
2026-07-26T05:43:42Z,griva_digeni,ba,5350,689,681,0
2026-07-26T05:43:42Z,aglantzias,ab,1775,189,177,0
2026-07-26T05:43:42Z,aglantzias,ba,3098,403,372,0
2026-07-26T05:43:42Z,kranidioti,ab,1458,103,105,0
2026-07-26T05:43:42Z,kranidioti,ba,1652,117,117,0
2026-07-26T05:43:42Z,perimetrikos,ab,2510,240,229,0
2026-07-26T05:43:42Z,perimetrikos,ba,2094,167,164,0
2026-07-26T05:43:42Z,hatziiosif,ab,2049,219,195,0
2026-07-26T05:43:42Z,hatziiosif,ba,2045,221,202,0
2026-07-26T05:43:42Z,perikleous,ab,2238,259,232,0
2026-07-26T05:43:42Z,perikleous,ba,2649,288,273,0
2026-07-26T05:43:42Z,avraamidi,ab,1264,154,140,0
2026-07-26T05:43:42Z,avraamidi,ba,1266,164,150,0
2026-07-26T05:43:42Z,athinon,ab,1573,200,204,0
2026-07-26T05:43:42Z,athinon,ba,1040,154,134,0
2026-07-26T05:43:42Z,tasou_markou,ab,544,74,70,0
2026-07-26T05:43:42Z,tasou_markou,ba,492,53,55,0
2026-07-26T05:43:42Z,peiraios,ab,590,79,71,0
2026-07-26T05:43:42Z,peiraios,ba,590,72,64,0
2026-07-26T05:54:12Z,strovolou,ab,5400,520,504,0
2026-07-26T05:54:12Z,strovolou,ba,4712,432,404,0
2026-07-26T05:54:12Z,tseriou,ab,2555,248,225,0
2026-07-26T05:54:12Z,tseriou,ba,3739,393,372,0
2026-07-26T05:54:12Z,prodromou,ab,2418,262,254,0
2026-07-26T05:54:12Z,prodromou,ba,2414,318,299,0
2026-07-26T05:54:12Z,akropoleos,ab,5010,515,463,0
2026-07-26T05:54:12Z,akropoleos,ba,5145,529,479,0
2026-07-26T05:54:12Z,athalassas,ab,2793,327,282,0
2026-07-26T05:54:12Z,athalassas,ba,6037,577,534,0
2026-07-26T05:54:12Z,lemesou,ab,2014,231,213,0
2026-07-26T05:54:12Z,lemesou,ba,2007,215,196,0
2026-07-26T05:54:12Z,sp_kyprianou,ab,6489,594,585,0
2026-07-26T05:54:12Z,sp_kyprianou,ba,6573,636,627,0
2026-07-26T05:54:12Z,archangelou,ab,7265,530,523,0
2026-07-26T05:54:12Z,archangelou,ba,6911,614,591,0
2026-07-26T05:54:12Z,konstantinoup,ab,2628,303,291,0
2026-07-26T05:54:12Z,konstantinoup,ba,2629,320,313,0
2026-07-26T05:54:12Z,stavrou,ab,2187,217,208,0
2026-07-26T05:54:12Z,stavrou,ba,2245,213,206,0
2026-07-26T05:54:12Z,makedonitissas,ab,3632,392,395,0
2026-07-26T05:54:12Z,makedonitissas,ba,2705,287,290,0
2026-07-26T05:54:12Z,armenias,ab,1079,123,119,0
2026-07-26T05:54:12Z,armenias,ba,1079,151,132,0
2026-07-26T05:54:12Z,arch_kyprianou,ab,1777,233,214,0
2026-07-26T05:54:12Z,arch_kyprianou,ba,1726,214,202,0
2026-07-26T05:54:12Z,a1_motorway,ab,10597,351,349,0
2026-07-26T05:54:12Z,a1_motorway,ba,14048,554,558,0
2026-07-26T05:54:12Z,makariou_lakat,ab,5849,555,516,0
2026-07-26T05:54:12Z,makariou_lakat,ba,6901,610,583,0
2026-07-26T05:54:12Z,griva_digeni,ab,4212,441,441,0
2026-07-26T05:54:12Z,griva_digeni,ba,5350,689,681,0
2026-07-26T05:54:12Z,aglantzias,ab,1775,190,177,0
2026-07-26T05:54:12Z,aglantzias,ba,3098,403,372,0
2026-07-26T05:54:12Z,kranidioti,ab,1458,103,105,0
2026-07-26T05:54:12Z,kranidioti,ba,1652,117,117,0
2026-07-26T05:54:12Z,perimetrikos,ab,2510,240,229,0
2026-07-26T05:54:12Z,perimetrikos,ba,2094,167,164,0
2026-07-26T05:54:12Z,hatziiosif,ab,2049,218,195,0
2026-07-26T05:54:12Z,hatziiosif,ba,2045,222,202,0
2026-07-26T05:54:12Z,perikleous,ab,2238,260,232,0
2026-07-26T05:54:12Z,perikleous,ba,2649,288,273,0
2026-07-26T05:54:12Z,avraamidi,ab,1264,155,140,0
2026-07-26T05:54:12Z,avraamidi,ba,1266,165,150,0
2026-07-26T05:54:12Z,athinon,ab,1573,200,204,0
2026-07-26T05:54:12Z,athinon,ba,1040,155,134,0
2026-07-26T05:54:12Z,tasou_markou,ab,544,74,70,0
2026-07-26T05:54:12Z,tasou_markou,ba,492,53,55,0
2026-07-26T05:54:12Z,peiraios,ab,590,80,71,0
2026-07-26T05:54:12Z,peiraios,ba,590,72,64,0
2026-07-26T06:04:39Z,strovolou,ab,5400,525,504,0
2026-07-26T06:04:39Z,strovolou,ba,4712,435,404,0
2026-07-26T06:04:39Z,tseriou,ab,2555,251,225,0
2026-07-26T06:04:39Z,tseriou,ba,3739,397,372,0
2026-07-26T06:04:39Z,prodromou,ab,2418,265,254,0
2026-07-26T06:04:39Z,prodromou,ba,2414,321,299,0
2026-07-26T06:04:39Z,akropoleos,ab,5010,519,463,0
2026-07-26T06:04:39Z,akropoleos,ba,5145,533,479,0
2026-07-26T06:04:39Z,athalassas,ab,2793,329,282,0
2026-07-26T06:04:39Z,athalassas,ba,6037,584,534,0
2026-07-26T06:04:39Z,lemesou,ab,2014,234,213,0
2026-07-26T06:04:39Z,lemesou,ba,2007,218,196,0
2026-07-26T06:04:39Z,sp_kyprianou,ab,6489,599,585,0
2026-07-26T06:04:39Z,sp_kyprianou,ba,6573,642,627,0
2026-07-26T06:04:39Z,archangelou,ab,7265,535,523,0
2026-07-26T06:04:39Z,archangelou,ba,6911,622,591,0
2026-07-26T06:04:39Z,konstantinoup,ab,2628,304,291,0
2026-07-26T06:04:39Z,konstantinoup,ba,2629,322,313,0
2026-07-26T06:04:39Z,stavrou,ab,2187,219,208,0
2026-07-26T06:04:39Z,stavrou,ba,2245,215,206,0
2026-07-26T06:04:39Z,makedonitissas,ab,3632,395,395,0
2026-07-26T06:04:39Z,makedonitissas,ba,2705,290,290,0
2026-07-26T06:04:39Z,armenias,ab,1079,125,119,0
2026-07-26T06:04:39Z,armenias,ba,1079,153,132,0
2026-07-26T06:04:39Z,arch_kyprianou,ab,1777,234,214,0
2026-07-26T06:04:39Z,arch_kyprianou,ba,1726,216,202,0
2026-07-26T06:04:39Z,a1_motorway,ab,10597,351,349,0
2026-07-26T06:04:39Z,a1_motorway,ba,14048,556,558,0
2026-07-26T06:04:39Z,makariou_lakat,ab,5849,562,516,0
2026-07-26T06:04:39Z,makariou_lakat,ba,6901,618,583,0
2026-07-26T06:04:39Z,griva_digeni,ab,4212,445,441,0
2026-07-26T06:04:39Z,griva_digeni,ba,5350,695,681,0
2026-07-26T06:04:39Z,aglantzias,ab,1775,192,177,0
2026-07-26T06:04:39Z,aglantzias,ba,3098,407,372,0
2026-07-26T06:04:39Z,kranidioti,ab,1458,104,105,0
2026-07-26T06:04:39Z,kranidioti,ba,1652,118,117,0
2026-07-26T06:04:39Z,perimetrikos,ab,2510,242,229,0
2026-07-26T06:04:39Z,perimetrikos,ba,2094,168,164,0
2026-07-26T06:04:39Z,hatziiosif,ab,2049,220,195,0
2026-07-26T06:04:39Z,hatziiosif,ba,2045,224,202,0
2026-07-26T06:04:39Z,perikleous,ab,2238,262,232,0
2026-07-26T06:04:39Z,perikleous,ba,2649,291,273,0
2026-07-26T06:04:39Z,avraamidi,ab,1264,156,140,0
2026-07-26T06:04:39Z,avraamidi,ba,1266,166,150,0
2026-07-26T06:04:39Z,athinon,ab,1573,202,204,0
2026-07-26T06:04:39Z,athinon,ba,1040,157,134,0
2026-07-26T06:04:39Z,tasou_markou,ab,544,74,70,0
2026-07-26T06:04:39Z,tasou_markou,ba,492,53,55,0
2026-07-26T06:04:39Z,peiraios,ab,590,81,71,0
2026-07-26T06:04:39Z,peiraios,ba,590,73,64,0
2026-07-26T09:07:53Z,strovolou,ab,5400,540,504,0
2026-07-26T09:07:53Z,strovolou,ba,4712,442,404,0
2026-07-26T09:07:53Z,tseriou,ab,2555,276,225,0
2026-07-26T09:07:53Z,tseriou,ba,3739,408,372,0
2026-07-26T09:07:53Z,prodromou,ab,2418,265,254,0
2026-07-26T09:07:53Z,prodromou,ba,2414,314,299,0
2026-07-26T09:07:53Z,akropoleos,ab,5010,540,463,0
2026-07-26T09:07:53Z,akropoleos,ba,5145,562,479,0
2026-07-26T09:07:53Z,athalassas,ab,2793,355,282,0
2026-07-26T09:07:53Z,athalassas,ba,6037,641,534,0
2026-07-26T09:07:53Z,lemesou,ab,2014,259,213,0
2026-07-26T09:07:53Z,lemesou,ba,2007,229,196,0
2026-07-26T09:07:53Z,sp_kyprianou,ab,6489,618,585,0
2026-07-26T09:07:53Z,sp_kyprianou,ba,6573,673,627,0
2026-07-26T09:07:53Z,archangelou,ab,7265,544,523,0
2026-07-26T09:07:53Z,archangelou,ba,6911,670,591,0
2026-07-26T09:07:53Z,konstantinoup,ab,2628,302,291,0
2026-07-26T09:07:53Z,konstantinoup,ba,2629,322,313,0
2026-07-26T09:07:53Z,stavrou,ab,2187,223,208,0
2026-07-26T09:07:53Z,stavrou,ba,2245,217,206,0
2026-07-26T09:07:53Z,makedonitissas,ab,3632,403,395,0
2026-07-26T09:07:53Z,makedonitissas,ba,2705,292,290,0
2026-07-26T09:07:53Z,armenias,ab,1079,129,119,0
2026-07-26T09:07:53Z,armenias,ba,1079,165,132,0
2026-07-26T09:07:53Z,arch_kyprianou,ab,1777,242,214,0
2026-07-26T09:07:53Z,arch_kyprianou,ba,1726,232,202,0
2026-07-26T09:07:53Z,a1_motorway,ab,10597,351,349,0
2026-07-26T09:07:53Z,a1_motorway,ba,14048,565,558,0
2026-07-26T09:07:53Z,makariou_lakat,ab,5849,597,516,0
2026-07-26T09:07:53Z,makariou_lakat,ba,6901,658,583,0
2026-07-26T09:07:53Z,griva_digeni,ab,4212,455,441,0
2026-07-26T09:07:53Z,griva_digeni,ba,5350,706,681,0
2026-07-26T09:07:53Z,aglantzias,ab,1775,199,177,0
2026-07-26T09:07:53Z,aglantzias,ba,3098,422,372,0
2026-07-26T09:07:53Z,kranidioti,ab,1458,107,105,0
2026-07-26T09:07:53Z,kranidioti,ba,1652,117,117,0
2026-07-26T09:07:53Z,perimetrikos,ab,2510,245,229,0
2026-07-26T09:07:53Z,perimetrikos,ba,2094,169,164,0
2026-07-26T09:07:53Z,hatziiosif,ab,2049,230,195,0
2026-07-26T09:07:53Z,hatziiosif,ba,2045,238,202,0
2026-07-26T09:07:53Z,perikleous,ab,2238,275,232,0
2026-07-26T09:07:53Z,perikleous,ba,2649,301,273,0
2026-07-26T09:07:53Z,avraamidi,ab,1264,164,140,0
2026-07-26T09:07:53Z,avraamidi,ba,1266,170,150,0
2026-07-26T09:07:53Z,athinon,ab,1573,206,204,0
2026-07-26T09:07:53Z,athinon,ba,1040,168,134,0
2026-07-26T09:07:53Z,tasou_markou,ab,544,75,70,0
2026-07-26T09:07:53Z,tasou_markou,ba,492,53,55,0
2026-07-26T09:07:53Z,peiraios,ab,590,84,71,0
2026-07-26T09:07:53Z,peiraios,ba,590,74,64,0
2026-07-26T10:08:46Z,strovolou,ab,5400,536,504,0
2026-07-26T10:08:46Z,strovolou,ba,4712,438,404,0
2026-07-26T10:08:46Z,tseriou,ab,2555,272,225,0
2026-07-26T10:08:46Z,tseriou,ba,3739,405,372,0
2026-07-26T10:08:46Z,prodromou,ab,2418,263,254,0
2026-07-26T10:08:46Z,prodromou,ba,2414,310,299,0
2026-07-26T10:08:46Z,akropoleos,ab,5010,534,463,0
2026-07-26T10:08:46Z,akropoleos,ba,5145,554,479,0
2026-07-26T10:08:46Z,athalassas,ab,2793,349,282,0
2026-07-26T10:08:46Z,athalassas,ba,6037,637,534,0
2026-07-26T10:08:46Z,lemesou,ab,2014,253,213,0
2026-07-26T10:08:46Z,lemesou,ba,2007,227,196,0
2026-07-26T10:08:46Z,sp_kyprianou,ab,6489,616,585,0
2026-07-26T10:08:46Z,sp_kyprianou,ba,6573,671,627,0
2026-07-26T10:08:46Z,archangelou,ab,7265,543,523,0
2026-07-26T10:08:46Z,archangelou,ba,6911,660,591,0
2026-07-26T10:08:46Z,konstantinoup,ab,2628,299,291,0
2026-07-26T10:08:46Z,konstantinoup,ba,2629,320,313,0
2026-07-26T10:08:46Z,stavrou,ab,2187,221,208,0
2026-07-26T10:08:46Z,stavrou,ba,2245,215,206,0
2026-07-26T10:08:46Z,makedonitissas,ab,3632,402,395,0
2026-07-26T10:08:46Z,makedonitissas,ba,2705,290,290,0
2026-07-26T10:08:46Z,armenias,ab,1079,127,119,0
2026-07-26T10:08:46Z,armenias,ba,1079,161,132,0
2026-07-26T10:08:46Z,arch_kyprianou,ab,1777,237,214,0
2026-07-26T10:08:46Z,arch_kyprianou,ba,1726,229,202,0
2026-07-26T10:08:46Z,a1_motorway,ab,10597,351,349,0
2026-07-26T10:08:46Z,a1_motorway,ba,14048,567,558,0
2026-07-26T10:08:46Z,makariou_lakat,ab,5849,586,516,0
2026-07-26T10:08:46Z,makariou_lakat,ba,6901,654,583,0
2026-07-26T10:08:46Z,griva_digeni,ab,4212,455,441,0
2026-07-26T10:08:46Z,griva_digeni,ba,5350,705,681,0
2026-07-26T10:08:46Z,aglantzias,ab,1775,196,177,0
2026-07-26T10:08:46Z,aglantzias,ba,3098,417,372,0
2026-07-26T10:08:46Z,kranidioti,ab,1458,107,105,0
2026-07-26T10:08:46Z,kranidioti,ba,1652,117,117,0
2026-07-26T10:08:46Z,perimetrikos,ab,2510,242,229,0
2026-07-26T10:08:46Z,perimetrikos,ba,2094,168,164,0
2026-07-26T10:08:46Z,hatziiosif,ab,2049,229,195,0
2026-07-26T10:08:46Z,hatziiosif,ba,2045,235,202,0
2026-07-26T10:08:46Z,perikleous,ab,2238,272,232,0
2026-07-26T10:08:46Z,perikleous,ba,2649,297,273,0
2026-07-26T10:08:46Z,avraamidi,ab,1264,160,140,0
2026-07-26T10:08:46Z,avraamidi,ba,1266,168,150,0
2026-07-26T10:08:46Z,athinon,ab,1573,206,204,0
2026-07-26T10:08:46Z,athinon,ba,1040,164,134,0
2026-07-26T10:08:46Z,tasou_markou,ab,544,74,70,0
2026-07-26T10:08:46Z,tasou_markou,ba,492,53,55,0
2026-07-26T10:08:46Z,peiraios,ab,590,81,71,0
2026-07-26T10:08:46Z,peiraios,ba,590,73,64,0
2026-07-26T10:19:27Z,strovolou,ab,5400,536,504,0
2026-07-26T10:19:27Z,strovolou,ba,4712,438,404,0
2026-07-26T10:19:27Z,tseriou,ab,3873,329,297,0
2026-07-26T10:19:27Z,tseriou,ba,3739,404,372,0
2026-07-26T10:19:27Z,prodromou,ab,2418,262,254,0
2026-07-26T10:19:27Z,prodromou,ba,2414,310,299,0
2026-07-26T10:19:27Z,akropoleos,ab,5010,534,463,0
2026-07-26T10:19:27Z,akropoleos,ba,5145,553,479,0
2026-07-26T10:19:27Z,athalassas,ab,2793,348,282,0
2026-07-26T10:19:27Z,athalassas,ba,6037,636,534,0
2026-07-26T10:19:27Z,lemesou,ab,2014,253,213,0
2026-07-26T10:19:27Z,lemesou,ba,2007,226,196,0
2026-07-26T10:19:27Z,sp_kyprianou,ab,6489,617,585,0
2026-07-26T10:19:27Z,sp_kyprianou,ba,6573,671,627,0
2026-07-26T10:19:27Z,archangelou,ab,7265,543,523,0
2026-07-26T10:19:27Z,archangelou,ba,6911,659,591,0
2026-07-26T10:19:27Z,konstantinoup,ab,2628,299,291,0
2026-07-26T10:19:27Z,konstantinoup,ba,2629,320,313,0
2026-07-26T10:19:27Z,stavrou,ab,2187,221,208,0
2026-07-26T10:19:27Z,stavrou,ba,2245,214,206,0
2026-07-26T10:19:27Z,makedonitissas,ab,3632,403,395,0
2026-07-26T10:19:27Z,makedonitissas,ba,2705,290,290,0
2026-07-26T10:19:27Z,armenias,ab,1079,127,119,0
2026-07-26T10:19:27Z,armenias,ba,1079,161,132,0
2026-07-26T10:19:27Z,arch_kyprianou,ab,1777,237,214,0
2026-07-26T10:19:27Z,arch_kyprianou,ba,1726,228,202,0
2026-07-26T10:19:27Z,a1_motorway,ab,10597,351,349,0
2026-07-26T10:19:27Z,a1_motorway,ba,14048,567,558,0
2026-07-26T10:19:27Z,makariou_lakat,ab,5849,584,516,0
2026-07-26T10:19:27Z,makariou_lakat,ba,6901,654,583,0
2026-07-26T10:19:27Z,griva_digeni,ab,4212,455,441,0
2026-07-26T10:19:27Z,griva_digeni,ba,5350,705,681,0
2026-07-26T10:19:27Z,aglantzias,ab,1775,195,177,0
2026-07-26T10:19:27Z,aglantzias,ba,3098,415,372,0
2026-07-26T10:19:27Z,kranidioti,ab,1458,107,105,0
2026-07-26T10:19:27Z,kranidioti,ba,1652,117,117,0
2026-07-26T10:19:27Z,perimetrikos,ab,2510,241,229,0
2026-07-26T10:19:27Z,perimetrikos,ba,2094,168,164,0
2026-07-26T10:19:27Z,hatziiosif,ab,2049,229,195,0
2026-07-26T10:19:27Z,hatziiosif,ba,2045,235,202,0
2026-07-26T10:19:27Z,perikleous,ab,2238,271,232,0
2026-07-26T10:19:27Z,perikleous,ba,2649,296,273,0
2026-07-26T10:19:27Z,avraamidi,ab,1264,159,140,0
2026-07-26T10:19:27Z,avraamidi,ba,1266,167,150,0
2026-07-26T10:19:27Z,athinon,ab,1573,206,204,0
2026-07-26T10:19:27Z,athinon,ba,1040,164,134,0
2026-07-26T10:19:27Z,tasou_markou,ab,544,74,70,0
2026-07-26T10:19:27Z,tasou_markou,ba,492,53,55,0
2026-07-26T10:19:27Z,peiraios,ab,590,81,71,0
2026-07-26T10:19:27Z,peiraios,ba,590,73,64,0
2026-07-26T10:30:59Z,strovolou,ab,5400,535,504,0
2026-07-26T10:30:59Z,strovolou,ba,4712,438,404,0
2026-07-26T10:30:59Z,tseriou,ab,3873,329,297,0
2026-07-26T10:30:59Z,tseriou,ba,3739,404,372,0
2026-07-26T10:30:59Z,prodromou,ab,2418,262,254,0
2026-07-26T10:30:59Z,prodromou,ba,2414,309,299,0
2026-07-26T10:30:59Z,akropoleos,ab,5010,534,463,0
2026-07-26T10:30:59Z,akropoleos,ba,5145,552,479,0
2026-07-26T10:30:59Z,athalassas,ab,2793,347,282,0
2026-07-26T10:30:59Z,athalassas,ba,4485,607,538,0
2026-07-26T10:30:59Z,lemesou,ab,2014,253,213,0
2026-07-26T10:30:59Z,lemesou,ba,2007,226,196,0
2026-07-26T10:30:59Z,sp_kyprianou,ab,6489,617,585,0
2026-07-26T10:30:59Z,sp_kyprianou,ba,6573,672,627,0
2026-07-26T10:30:59Z,archangelou,ab,7265,543,523,0
2026-07-26T10:30:59Z,archangelou,ba,6911,658,591,0
2026-07-26T10:30:59Z,konstantinoup,ab,2628,298,291,0
2026-07-26T10:30:59Z,konstantinoup,ba,2629,320,313,0
2026-07-26T10:30:59Z,stavrou,ab,2187,221,208,0
2026-07-26T10:30:59Z,stavrou,ba,2245,214,206,0
2026-07-26T10:30:59Z,makedonitissas,ab,3632,403,395,0
2026-07-26T10:30:59Z,makedonitissas,ba,2705,290,290,0
2026-07-26T10:30:59Z,armenias,ab,1079,127,119,0
2026-07-26T10:30:59Z,armenias,ba,1079,161,132,0
2026-07-26T10:30:59Z,arch_kyprianou,ab,1777,236,214,0
2026-07-26T10:30:59Z,arch_kyprianou,ba,1726,228,202,0
2026-07-26T10:30:59Z,a1_motorway,ab,10597,351,349,0
2026-07-26T10:30:59Z,a1_motorway,ba,14048,568,558,0
2026-07-26T10:30:59Z,makariou_lakat,ab,5849,582,516,0
2026-07-26T10:30:59Z,makariou_lakat,ba,6901,653,583,0
2026-07-26T10:30:59Z,griva_digeni,ab,4212,455,441,0
2026-07-26T10:30:59Z,griva_digeni,ba,5350,705,681,0
2026-07-26T10:30:59Z,aglantzias,ab,1775,193,177,0
2026-07-26T10:30:59Z,aglantzias,ba,3098,415,372,0
2026-07-26T10:30:59Z,kranidioti,ab,1458,107,105,0
2026-07-26T10:30:59Z,kranidioti,ba,1652,117,117,0
2026-07-26T10:30:59Z,perimetrikos,ab,2510,240,229,0
2026-07-26T10:30:59Z,perimetrikos,ba,2094,167,164,0
2026-07-26T10:30:59Z,hatziiosif,ab,2049,229,195,0
2026-07-26T10:30:59Z,hatziiosif,ba,2045,235,202,0
2026-07-26T10:30:59Z,perikleous,ab,2238,271,232,0
2026-07-26T10:30:59Z,perikleous,ba,2649,295,273,0
2026-07-26T10:30:59Z,avraamidi,ab,1264,158,140,0
2026-07-26T10:30:59Z,avraamidi,ba,1266,167,150,0
2026-07-26T10:30:59Z,athinon,ab,1573,206,204,0
2026-07-26T10:30:59Z,athinon,ba,1040,164,134,0
2026-07-26T10:30:59Z,tasou_markou,ab,544,74,70,0
2026-07-26T10:30:59Z,tasou_markou,ba,492,53,55,0
2026-07-26T10:30:59Z,peiraios,ab,590,81,71,0
2026-07-26T10:30:59Z,peiraios,ba,590,73,64,0
2026-07-26T11:14:01Z,strovolou,ab,5400,530,504,0
2026-07-26T11:14:01Z,strovolou,ba,4712,435,404,0
2026-07-26T11:14:01Z,tseriou,ab,2555,264,225,0
2026-07-26T11:14:01Z,tseriou,ba,3739,404,372,0
2026-07-26T11:14:01Z,prodromou,ab,2418,257,254,0
2026-07-26T11:14:01Z,prodromou,ba,2414,307,299,0
2026-07-26T11:14:01Z,akropoleos,ab,5010,534,463,0
2026-07-26T11:14:01Z,akropoleos,ba,5145,547,479,0
2026-07-26T11:14:01Z,athalassas,ab,2793,344,282,0
2026-07-26T11:14:01Z,athalassas,ba,4485,591,538,0
2026-07-26T11:14:01Z,lemesou,ab,2014,253,213,0
2026-07-26T11:14:01Z,lemesou,ba,2007,226,196,0
2026-07-26T11:14:01Z,sp_kyprianou,ab,6489,615,585,0
2026-07-26T11:14:01Z,sp_kyprianou,ba,6573,672,627,0
2026-07-26T11:14:01Z,archangelou,ab,7265,541,523,0
2026-07-26T11:14:01Z,archangelou,ba,6911,650,591,0
2026-07-26T11:14:01Z,konstantinoup,ab,2628,295,291,0
2026-07-26T11:14:01Z,konstantinoup,ba,2629,318,313,0
2026-07-26T11:14:01Z,stavrou,ab,2187,218,208,0
2026-07-26T11:14:01Z,stavrou,ba,2245,211,206,0
2026-07-26T11:14:01Z,makedonitissas,ab,3632,402,395,0
2026-07-26T11:14:01Z,makedonitissas,ba,2705,287,290,0
2026-07-26T11:14:01Z,armenias,ab,1079,125,119,0
2026-07-26T11:14:01Z,armenias,ba,1079,160,132,0
2026-07-26T11:14:01Z,arch_kyprianou,ab,1777,234,214,0
2026-07-26T11:14:01Z,arch_kyprianou,ba,1726,224,202,0
2026-07-26T11:14:01Z,a1_motorway,ab,10597,351,349,0
2026-07-26T11:14:01Z,a1_motorway,ba,14048,568,558,0
2026-07-26T11:14:01Z,makariou_lakat,ab,5849,572,516,0
2026-07-26T11:14:01Z,makariou_lakat,ba,6901,651,583,0
2026-07-26T11:14:01Z,griva_digeni,ab,4212,451,441,0
2026-07-26T11:14:01Z,griva_digeni,ba,5350,704,681,0
2026-07-26T11:14:01Z,aglantzias,ab,1775,188,177,0
2026-07-26T11:14:01Z,aglantzias,ba,3098,413,372,0
2026-07-26T11:14:01Z,kranidioti,ab,1458,107,105,0
2026-07-26T11:14:01Z,kranidioti,ba,1652,115,117,0
2026-07-26T11:14:01Z,perimetrikos,ab,2510,238,229,0
2026-07-26T11:14:01Z,perimetrikos,ba,2094,165,164,0
2026-07-26T11:14:01Z,hatziiosif,ab,2049,227,195,0
2026-07-26T11:14:01Z,hatziiosif,ba,2045,234,202,0
2026-07-26T11:14:01Z,perikleous,ab,2238,271,232,0
2026-07-26T11:14:01Z,perikleous,ba,2649,292,273,0
2026-07-26T11:14:01Z,avraamidi,ab,1264,155,140,0
2026-07-26T11:14:01Z,avraamidi,ba,1266,162,150,0
2026-07-26T11:14:01Z,athinon,ab,1573,205,204,0
2026-07-26T11:14:01Z,athinon,ba,1040,165,134,0
2026-07-26T11:14:01Z,tasou_markou,ab,544,74,70,0
2026-07-26T11:14:01Z,tasou_markou,ba,492,52,55,0
2026-07-26T11:14:01Z,peiraios,ab,590,82,71,0
2026-07-26T11:14:01Z,peiraios,ba,590,72,64,0
2026-07-26T11:24:30Z,strovolou,ab,5400,530,504,0
2026-07-26T11:24:30Z,strovolou,ba,4712,435,404,0
2026-07-26T11:24:30Z,tseriou,ab,2555,263,225,0
2026-07-26T11:24:30Z,tseriou,ba,3739,405,372,0
2026-07-26T11:24:30Z,prodromou,ab,2418,257,254,0
2026-07-26T11:24:30Z,prodromou,ba,2414,308,299,0
2026-07-26T11:24:30Z,akropoleos,ab,5010,536,463,0
2026-07-26T11:24:30Z,akropoleos,ba,5145,547,479,0
2026-07-26T11:24:30Z,athalassas,ab,2793,346,282,0
2026-07-26T11:24:30Z,athalassas,ba,4485,590,538,0
2026-07-26T11:24:30Z,lemesou,ab,2014,253,213,0
2026-07-26T11:24:30Z,lemesou,ba,2007,226,196,0
2026-07-26T11:24:30Z,sp_kyprianou,ab,6489,617,585,0
2026-07-26T11:24:30Z,sp_kyprianou,ba,6573,673,627,0
2026-07-26T11:24:30Z,archangelou,ab,7265,543,523,0
2026-07-26T11:24:30Z,archangelou,ba,6911,648,591,0
2026-07-26T11:24:30Z,konstantinoup,ab,2628,295,291,0
2026-07-26T11:24:30Z,konstantinoup,ba,2629,319,313,0
2026-07-26T11:24:30Z,stavrou,ab,2187,217,208,0
2026-07-26T11:24:30Z,stavrou,ba,2245,211,206,0
2026-07-26T11:24:30Z,makedonitissas,ab,3632,404,395,0
2026-07-26T11:24:30Z,makedonitissas,ba,2705,288,290,0
2026-07-26T11:24:30Z,armenias,ab,1079,125,119,0
2026-07-26T11:24:30Z,armenias,ba,1079,160,132,0
2026-07-26T11:24:30Z,arch_kyprianou,ab,1777,235,214,0
2026-07-26T11:24:30Z,arch_kyprianou,ba,1726,224,202,0
2026-07-26T11:24:30Z,a1_motorway,ab,10597,351,349,0
2026-07-26T11:24:30Z,a1_motorway,ba,14048,568,558,0
2026-07-26T11:24:30Z,makariou_lakat,ab,5849,571,516,0
2026-07-26T11:24:30Z,makariou_lakat,ba,6901,651,583,0
2026-07-26T11:24:30Z,griva_digeni,ab,4212,454,441,0
2026-07-26T11:24:30Z,griva_digeni,ba,5350,704,681,0
2026-07-26T11:24:30Z,aglantzias,ab,1775,187,177,0
2026-07-26T11:24:30Z,aglantzias,ba,3098,414,372,0
2026-07-26T11:24:30Z,kranidioti,ab,1458,107,105,0
2026-07-26T11:24:30Z,kranidioti,ba,1652,115,117,0
2026-07-26T11:24:30Z,perimetrikos,ab,2510,238,229,0
2026-07-26T11:24:30Z,perimetrikos,ba,2094,165,164,0
2026-07-26T11:24:30Z,hatziiosif,ab,2049,229,195,0
2026-07-26T11:24:30Z,hatziiosif,ba,2045,234,202,0
2026-07-26T11:24:30Z,perikleous,ab,2238,270,232,0
2026-07-26T11:24:30Z,perikleous,ba,2649,291,273,0
2026-07-26T11:24:30Z,avraamidi,ab,1264,155,140,0
2026-07-26T11:24:30Z,avraamidi,ba,1266,162,150,0
2026-07-26T11:24:30Z,athinon,ab,1573,205,204,0
2026-07-26T11:24:30Z,athinon,ba,1040,166,134,0
2026-07-26T11:24:30Z,tasou_markou,ab,544,74,70,0
2026-07-26T11:24:30Z,tasou_markou,ba,492,52,55,0
2026-07-26T11:24:30Z,peiraios,ab,590,82,71,0
2026-07-26T11:24:30Z,peiraios,ba,590,72,64,0
2026-07-26T10:41:32Z,strovolou,ab,5400,534,504,0
2026-07-26T10:41:32Z,strovolou,ba,4712,438,404,0
2026-07-26T10:41:32Z,tseriou,ab,2555,268,225,0
2026-07-26T10:41:32Z,tseriou,ba,3739,405,372,0
2026-07-26T10:41:32Z,prodromou,ab,2418,261,254,0
2026-07-26T10:41:32Z,prodromou,ba,2414,309,299,0
2026-07-26T10:41:32Z,akropoleos,ab,5010,534,463,0
2026-07-26T10:41:32Z,akropoleos,ba,5145,551,479,0
2026-07-26T10:41:32Z,athalassas,ab,2793,347,282,0
2026-07-26T10:41:32Z,athalassas,ba,4485,605,538,0
2026-07-26T10:41:32Z,lemesou,ab,2014,253,213,0
2026-07-26T10:41:32Z,lemesou,ba,2007,226,196,0
2026-07-26T10:41:32Z,sp_kyprianou,ab,6489,617,585,0
2026-07-26T10:41:32Z,sp_kyprianou,ba,6573,673,627,0
2026-07-26T10:41:32Z,archangelou,ab,7265,544,523,0
2026-07-26T10:41:32Z,archangelou,ba,6911,657,591,0
2026-07-26T10:41:32Z,konstantinoup,ab,2628,297,291,0
2026-07-26T10:41:32Z,konstantinoup,ba,2629,320,313,0
2026-07-26T10:41:32Z,stavrou,ab,2187,220,208,0
2026-07-26T10:41:32Z,stavrou,ba,2245,213,206,0
2026-07-26T10:41:32Z,makedonitissas,ab,3632,403,395,0
2026-07-26T10:41:32Z,makedonitissas,ba,2705,290,290,0
2026-07-26T10:41:32Z,armenias,ab,1079,127,119,0
2026-07-26T10:41:32Z,armenias,ba,1079,160,132,0
2026-07-26T10:41:32Z,arch_kyprianou,ab,1777,236,214,0
2026-07-26T10:41:32Z,arch_kyprianou,ba,1726,227,202,0
2026-07-26T10:41:32Z,a1_motorway,ab,10597,351,349,0
2026-07-26T10:41:32Z,a1_motorway,ba,14048,568,558,0
2026-07-26T10:41:32Z,makariou_lakat,ab,5849,580,516,0
2026-07-26T10:41:32Z,makariou_lakat,ba,6901,654,583,0
2026-07-26T10:41:32Z,griva_digeni,ab,4212,455,441,0
2026-07-26T10:41:32Z,griva_digeni,ba,5350,705,681,0
2026-07-26T10:41:32Z,aglantzias,ab,1775,192,177,0
2026-07-26T10:41:32Z,aglantzias,ba,3098,415,372,0
2026-07-26T10:41:32Z,kranidioti,ab,1458,107,105,0
2026-07-26T10:41:32Z,kranidioti,ba,1652,117,117,0
2026-07-26T10:41:32Z,perimetrikos,ab,2510,240,229,0
2026-07-26T10:41:32Z,perimetrikos,ba,2094,167,164,0
2026-07-26T10:41:32Z,hatziiosif,ab,2049,229,195,0
2026-07-26T10:41:32Z,hatziiosif,ba,2045,235,202,0
2026-07-26T10:41:32Z,perikleous,ab,2238,271,232,0
2026-07-26T10:41:32Z,perikleous,ba,2649,295,273,0
2026-07-26T10:41:32Z,avraamidi,ab,1264,157,140,0
2026-07-26T10:41:32Z,avraamidi,ba,1266,166,150,0
2026-07-26T10:41:32Z,athinon,ab,1573,206,204,0
2026-07-26T10:41:32Z,athinon,ba,1040,164,134,0
2026-07-26T10:41:32Z,tasou_markou,ab,544,74,70,0
2026-07-26T10:41:32Z,tasou_markou,ba,492,53,55,0
2026-07-26T10:41:32Z,peiraios,ab,590,81,71,0
2026-07-26T10:41:32Z,peiraios,ba,590,72,64,0
2026-07-26T10:52:02Z,strovolou,ab,5400,534,504,0
2026-07-26T10:52:02Z,strovolou,ba,4712,438,404,0
2026-07-26T10:52:02Z,tseriou,ab,2555,267,225,0
2026-07-26T10:52:02Z,tseriou,ba,3739,405,372,0
2026-07-26T10:52:02Z,prodromou,ab,2418,261,254,0
2026-07-26T10:52:02Z,prodromou,ba,2414,309,299,0
2026-07-26T10:52:02Z,akropoleos,ab,5010,536,463,0
2026-07-26T10:52:02Z,akropoleos,ba,5145,551,479,0
2026-07-26T10:52:02Z,athalassas,ab,2793,347,282,0
2026-07-26T10:52:02Z,athalassas,ba,4485,601,538,0
2026-07-26T10:52:02Z,lemesou,ab,2014,254,213,0
2026-07-26T10:52:02Z,lemesou,ba,2007,226,196,0
2026-07-26T10:52:02Z,sp_kyprianou,ab,6489,618,585,0
2026-07-26T10:52:02Z,sp_kyprianou,ba,6573,673,627,0
2026-07-26T10:52:02Z,archangelou,ab,7265,544,523,0
2026-07-26T10:52:02Z,archangelou,ba,6911,656,591,0
2026-07-26T10:52:02Z,konstantinoup,ab,2628,297,291,0
2026-07-26T10:52:02Z,konstantinoup,ba,2629,320,313,0
2026-07-26T10:52:02Z,stavrou,ab,2187,219,208,0
2026-07-26T10:52:02Z,stavrou,ba,2245,213,206,0
2026-07-26T10:52:02Z,makedonitissas,ab,3632,404,395,0
2026-07-26T10:52:02Z,makedonitissas,ba,2705,290,290,0
2026-07-26T10:52:02Z,armenias,ab,1079,127,119,0
2026-07-26T10:52:02Z,armenias,ba,1079,160,132,0
2026-07-26T10:52:02Z,arch_kyprianou,ab,1777,236,214,0
2026-07-26T10:52:02Z,arch_kyprianou,ba,1726,226,202,0
2026-07-26T10:52:02Z,a1_motorway,ab,10597,351,349,0
2026-07-26T10:52:02Z,a1_motorway,ba,14048,569,558,0
2026-07-26T10:52:02Z,makariou_lakat,ab,5849,579,516,0
2026-07-26T10:52:02Z,makariou_lakat,ba,6901,654,583,0
2026-07-26T10:52:02Z,griva_digeni,ab,4212,455,441,0
2026-07-26T10:52:02Z,griva_digeni,ba,5350,705,681,0
2026-07-26T10:52:02Z,aglantzias,ab,1775,192,177,0
2026-07-26T10:52:02Z,aglantzias,ba,3098,415,372,0
2026-07-26T10:52:02Z,kranidioti,ab,1458,108,105,0
2026-07-26T10:52:02Z,kranidioti,ba,1652,117,117,0
2026-07-26T10:52:02Z,perimetrikos,ab,2510,240,229,0
2026-07-26T10:52:02Z,perimetrikos,ba,2094,167,164,0
2026-07-26T10:52:02Z,hatziiosif,ab,2049,229,195,0
2026-07-26T10:52:02Z,hatziiosif,ba,2045,235,202,0
2026-07-26T10:52:02Z,perikleous,ab,2238,271,232,0
2026-07-26T10:52:02Z,perikleous,ba,2649,294,273,0
2026-07-26T10:52:02Z,avraamidi,ab,1264,157,140,0
2026-07-26T10:52:02Z,avraamidi,ba,1266,166,150,0
2026-07-26T10:52:02Z,athinon,ab,1573,206,204,0
2026-07-26T10:52:02Z,athinon,ba,1040,165,134,0
2026-07-26T10:52:02Z,tasou_markou,ab,544,74,70,0
2026-07-26T10:52:02Z,tasou_markou,ba,492,53,55,0
2026-07-26T10:52:02Z,peiraios,ab,590,81,71,0
2026-07-26T10:52:02Z,peiraios,ba,590,72,64,0
2026-07-26T11:02:32Z,strovolou,ab,5400,530,504,0
2026-07-26T11:02:32Z,strovolou,ba,4712,438,404,0
2026-07-26T11:02:32Z,tseriou,ab,2555,266,225,0
2026-07-26T11:02:32Z,tseriou,ba,3739,406,372,0
2026-07-26T11:02:32Z,prodromou,ab,2418,260,254,0
2026-07-26T11:02:32Z,prodromou,ba,2414,307,299,0
2026-07-26T11:02:32Z,akropoleos,ab,5010,532,463,0
2026-07-26T11:02:32Z,akropoleos,ba,5145,551,479,0
2026-07-26T11:02:32Z,athalassas,ab,2793,345,282,0
2026-07-26T11:02:32Z,athalassas,ba,4485,597,538,0
2026-07-26T11:02:32Z,lemesou,ab,2014,253,213,0
2026-07-26T11:02:32Z,lemesou,ba,2007,226,196,0
2026-07-26T11:02:32Z,sp_kyprianou,ab,6489,614,585,0
2026-07-26T11:02:32Z,sp_kyprianou,ba,6573,675,627,0
2026-07-26T11:02:32Z,archangelou,ab,7265,540,523,0
2026-07-26T11:02:32Z,archangelou,ba,6911,651,591,0
2026-07-26T11:02:32Z,konstantinoup,ab,2628,295,291,0
2026-07-26T11:02:32Z,konstantinoup,ba,2629,318,313,0
2026-07-26T11:02:32Z,stavrou,ab,2187,220,208,0
2026-07-26T11:02:32Z,stavrou,ba,2245,213,206,0
2026-07-26T11:02:32Z,makedonitissas,ab,3632,401,395,0
2026-07-26T11:02:32Z,makedonitissas,ba,2705,287,290,0
2026-07-26T11:02:32Z,armenias,ab,1079,126,119,0
2026-07-26T11:02:32Z,armenias,ba,1079,160,132,0
2026-07-26T11:02:32Z,arch_kyprianou,ab,1777,236,214,0
2026-07-26T11:02:32Z,arch_kyprianou,ba,1726,226,202,0
2026-07-26T11:02:32Z,a1_motorway,ab,10597,351,349,0
2026-07-26T11:02:32Z,a1_motorway,ba,14048,568,558,0
2026-07-26T11:02:32Z,makariou_lakat,ab,5849,577,516,0
2026-07-26T11:02:32Z,makariou_lakat,ba,6901,650,583,0
2026-07-26T11:02:32Z,griva_digeni,ab,4212,455,441,0
2026-07-26T11:02:32Z,griva_digeni,ba,5350,708,681,0
2026-07-26T11:02:32Z,aglantzias,ab,1775,191,177,0
2026-07-26T11:02:32Z,aglantzias,ba,3098,414,372,0
2026-07-26T11:02:32Z,kranidioti,ab,1458,108,105,0
2026-07-26T11:02:32Z,kranidioti,ba,1652,115,117,0
2026-07-26T11:02:32Z,perimetrikos,ab,2510,240,229,0
2026-07-26T11:02:32Z,perimetrikos,ba,2094,167,164,0
2026-07-26T11:02:32Z,hatziiosif,ab,2049,227,195,0
2026-07-26T11:02:32Z,hatziiosif,ba,2045,234,202,0
2026-07-26T11:02:32Z,perikleous,ab,2238,272,232,0
2026-07-26T11:02:32Z,perikleous,ba,2649,294,273,0
2026-07-26T11:02:32Z,avraamidi,ab,1264,156,140,0
2026-07-26T11:02:32Z,avraamidi,ba,1266,163,150,0
2026-07-26T11:02:32Z,athinon,ab,1573,206,204,0
2026-07-26T11:02:32Z,athinon,ba,1040,164,134,0
2026-07-26T11:02:32Z,tasou_markou,ab,544,74,70,0
2026-07-26T11:02:32Z,tasou_markou,ba,492,52,55,0
2026-07-26T11:02:32Z,peiraios,ab,590,81,71,0
2026-07-26T11:02:32Z,peiraios,ba,590,72,64,0
2026-07-26T11:13:03Z,strovolou,ab,5400,530,504,0
2026-07-26T11:13:03Z,strovolou,ba,4712,435,404,0
2026-07-26T11:13:03Z,tseriou,ab,2555,264,225,0
2026-07-26T11:13:03Z,tseriou,ba,3739,404,372,0
2026-07-26T11:13:03Z,prodromou,ab,2418,257,254,0
2026-07-26T11:13:03Z,prodromou,ba,2414,307,299,0
2026-07-26T11:13:03Z,akropoleos,ab,5010,532,463,0
2026-07-26T11:13:03Z,akropoleos,ba,5145,547,479,0
2026-07-26T11:13:03Z,athalassas,ab,2793,344,282,0
2026-07-26T11:13:03Z,athalassas,ba,4485,591,538,0
2026-07-26T11:13:03Z,lemesou,ab,2014,253,213,0
2026-07-26T11:13:03Z,lemesou,ba,2007,226,196,0
2026-07-26T11:13:03Z,sp_kyprianou,ab,6489,614,585,0
2026-07-26T11:13:03Z,sp_kyprianou,ba,6573,672,627,0
2026-07-26T11:13:03Z,archangelou,ab,7265,540,523,0
2026-07-26T11:13:03Z,archangelou,ba,6911,650,591,0
2026-07-26T11:13:03Z,konstantinoup,ab,2628,295,291,0
2026-07-26T11:13:03Z,konstantinoup,ba,2629,318,313,0
2026-07-26T11:13:03Z,stavrou,ab,2187,218,208,0
2026-07-26T11:13:03Z,stavrou,ba,2245,211,206,0
2026-07-26T11:13:03Z,makedonitissas,ab,3632,401,395,0
2026-07-26T11:13:03Z,makedonitissas,ba,2705,287,290,0
2026-07-26T11:13:03Z,armenias,ab,1079,125,119,0
2026-07-26T11:13:03Z,armenias,ba,1079,160,132,0
2026-07-26T11:13:03Z,arch_kyprianou,ab,1777,234,214,0
2026-07-26T11:13:03Z,arch_kyprianou,ba,1726,224,202,0
2026-07-26T11:13:03Z,a1_motorway,ab,10597,351,349,0
2026-07-26T11:13:03Z,a1_motorway,ba,14048,568,558,0
2026-07-26T11:13:03Z,makariou_lakat,ab,5849,573,516,0
2026-07-26T11:13:03Z,makariou_lakat,ba,6901,651,583,0
2026-07-26T11:13:03Z,griva_digeni,ab,4212,451,441,0
2026-07-26T11:13:03Z,griva_digeni,ba,5350,704,681,0
2026-07-26T11:13:03Z,aglantzias,ab,1775,188,177,0
2026-07-26T11:13:03Z,aglantzias,ba,3098,413,372,0
2026-07-26T11:13:03Z,kranidioti,ab,1458,107,105,0
2026-07-26T11:13:03Z,kranidioti,ba,1652,115,117,0
2026-07-26T11:13:03Z,perimetrikos,ab,2510,238,229,0
2026-07-26T11:13:03Z,perimetrikos,ba,2094,165,164,0
2026-07-26T11:13:03Z,hatziiosif,ab,2049,227,195,0
2026-07-26T11:13:03Z,hatziiosif,ba,2045,234,202,0
2026-07-26T11:13:03Z,perikleous,ab,2238,271,232,0
2026-07-26T11:13:03Z,perikleous,ba,2649,291,273,0
2026-07-26T11:13:03Z,avraamidi,ab,1264,155,140,0
2026-07-26T11:13:03Z,avraamidi,ba,1266,162,150,0
2026-07-26T11:13:03Z,athinon,ab,1573,205,204,0
2026-07-26T11:13:03Z,athinon,ba,1040,165,134,0
2026-07-26T11:13:03Z,tasou_markou,ab,544,74,70,0
2026-07-26T11:13:03Z,tasou_markou,ba,492,52,55,0
2026-07-26T11:13:03Z,peiraios,ab,590,81,71,0
2026-07-26T11:13:03Z,peiraios,ba,590,72,64,0
2026-07-26T12:05:15Z,strovolou,ab,5400,524,504,0
2026-07-26T12:05:15Z,strovolou,ba,4712,431,404,0
2026-07-26T12:05:15Z,tseriou,ab,2555,258,225,0
2026-07-26T12:05:15Z,tseriou,ba,3739,404,372,0
2026-07-26T12:05:15Z,prodromou,ab,2418,254,254,0
2026-07-26T12:05:15Z,prodromou,ba,2414,306,299,0
2026-07-26T12:05:15Z,akropoleos,ab,5010,532,463,0
2026-07-26T12:05:15Z,akropoleos,ba,5145,541,479,0
2026-07-26T12:05:15Z,athalassas,ab,2793,344,282,0
2026-07-26T12:05:15Z,athalassas,ba,4485,577,538,0
2026-07-26T12:05:15Z,lemesou,ab,2014,250,213,0
2026-07-26T12:05:15Z,lemesou,ba,2007,226,196,0
2026-07-26T12:05:15Z,sp_kyprianou,ab,6489,614,585,0
2026-07-26T12:05:15Z,sp_kyprianou,ba,6573,668,627,0
2026-07-26T12:05:15Z,archangelou,ab,7265,542,523,0
2026-07-26T12:05:15Z,archangelou,ba,6911,638,591,0
2026-07-26T12:05:15Z,konstantinoup,ab,2628,296,291,0
2026-07-26T12:05:15Z,konstantinoup,ba,2629,315,313,0
2026-07-26T12:05:15Z,stavrou,ab,2187,216,208,0
2026-07-26T12:05:15Z,stavrou,ba,2245,209,206,0
2026-07-26T12:05:15Z,makedonitissas,ab,3632,403,395,0
2026-07-26T12:05:15Z,makedonitissas,ba,2705,287,290,0
2026-07-26T12:05:15Z,armenias,ab,1079,123,119,0
2026-07-26T12:05:15Z,armenias,ba,1079,158,132,0
2026-07-26T12:05:15Z,arch_kyprianou,ab,1777,233,214,0
2026-07-26T12:05:15Z,arch_kyprianou,ba,1726,221,202,0
2026-07-26T12:05:15Z,a1_motorway,ab,10597,351,349,0
2026-07-26T12:05:15Z,a1_motorway,ba,14048,568,558,0
2026-07-26T12:05:15Z,makariou_lakat,ab,5849,558,516,0
2026-07-26T12:05:15Z,makariou_lakat,ba,6901,647,583,0
2026-07-26T12:05:15Z,griva_digeni,ab,4212,449,441,0
2026-07-26T12:05:15Z,griva_digeni,ba,5350,698,681,0
2026-07-26T12:05:15Z,aglantzias,ab,1775,183,177,0
2026-07-26T12:05:15Z,aglantzias,ba,3098,411,372,0
2026-07-26T12:05:15Z,kranidioti,ab,1458,106,105,0
2026-07-26T12:05:15Z,kranidioti,ba,1652,114,117,0
2026-07-26T12:05:15Z,perimetrikos,ab,2510,236,229,0
2026-07-26T12:05:15Z,perimetrikos,ba,2094,163,164,0
2026-07-26T12:05:15Z,hatziiosif,ab,2049,228,195,0
2026-07-26T12:05:15Z,hatziiosif,ba,2045,233,202,0
2026-07-26T12:05:15Z,perikleous,ab,2238,270,232,0
2026-07-26T12:05:15Z,perikleous,ba,2649,288,273,0
2026-07-26T12:05:15Z,avraamidi,ab,1264,153,140,0
2026-07-26T12:05:15Z,avraamidi,ba,1266,158,150,0
2026-07-26T12:05:15Z,athinon,ab,1573,203,204,0
2026-07-26T12:05:15Z,athinon,ba,1040,166,134,0
2026-07-26T12:05:15Z,tasou_markou,ab,544,74,70,0
2026-07-26T12:05:15Z,tasou_markou,ba,492,52,55,0
2026-07-26T12:05:15Z,peiraios,ab,590,81,71,0
2026-07-26T12:05:15Z,peiraios,ba,590,71,64,0
2026-07-26T13:06:13Z,strovolou,ab,5400,533,504,0
2026-07-26T13:06:13Z,strovolou,ba,4712,438,404,0
2026-07-26T13:06:13Z,tseriou,ab,2555,259,225,0
2026-07-26T13:06:13Z,tseriou,ba,3739,410,372,0
2026-07-26T13:06:13Z,prodromou,ab,2418,258,254,0
2026-07-26T13:06:13Z,prodromou,ba,2414,311,299,0
2026-07-26T13:06:13Z,akropoleos,ab,5010,538,463,0
2026-07-26T13:06:13Z,akropoleos,ba,5145,550,479,0
2026-07-26T13:06:13Z,athalassas,ab,2793,345,282,0
2026-07-26T13:06:13Z,athalassas,ba,4485,588,538,0
2026-07-26T13:06:13Z,lemesou,ab,2014,249,213,0
2026-07-26T13:06:13Z,lemesou,ba,2007,231,196,0
2026-07-26T13:06:13Z,sp_kyprianou,ab,6489,623,585,0
2026-07-26T13:06:13Z,sp_kyprianou,ba,6573,676,627,0
2026-07-26T13:06:13Z,archangelou,ab,7265,553,523,0
2026-07-26T13:06:13Z,archangelou,ba,6911,634,591,0
2026-07-26T13:06:13Z,konstantinoup,ab,2628,306,291,0
2026-07-26T13:06:13Z,konstantinoup,ba,2629,318,313,0
2026-07-26T13:06:13Z,stavrou,ab,2187,220,208,0
2026-07-26T13:06:13Z,stavrou,ba,2245,214,206,0
2026-07-26T13:06:13Z,makedonitissas,ab,3632,412,395,0
2026-07-26T13:06:13Z,makedonitissas,ba,2705,292,290,0
2026-07-26T13:06:13Z,armenias,ab,1079,124,119,0
2026-07-26T13:06:13Z,armenias,ba,1079,158,132,0
2026-07-26T13:06:13Z,arch_kyprianou,ab,1777,235,214,0
2026-07-26T13:06:13Z,arch_kyprianou,ba,1726,225,202,0
2026-07-26T13:06:13Z,a1_motorway,ab,10597,351,349,0
2026-07-26T13:06:13Z,a1_motorway,ba,14048,571,558,0
2026-07-26T13:06:13Z,makariou_lakat,ab,5849,562,516,0
2026-07-26T13:06:13Z,makariou_lakat,ba,6901,655,583,0
2026-07-26T13:06:13Z,griva_digeni,ab,4212,455,441,0
2026-07-26T13:06:13Z,griva_digeni,ba,5350,708,681,0
2026-07-26T13:06:13Z,aglantzias,ab,1775,187,177,0
2026-07-26T13:06:13Z,aglantzias,ba,3098,417,372,0
2026-07-26T13:06:13Z,kranidioti,ab,1458,107,105,0
2026-07-26T13:06:13Z,kranidioti,ba,1652,116,117,0
2026-07-26T13:06:13Z,perimetrikos,ab,2510,241,229,0
2026-07-26T13:06:13Z,perimetrikos,ba,2094,165,164,0
2026-07-26T13:06:13Z,hatziiosif,ab,2049,230,195,0
2026-07-26T13:06:13Z,hatziiosif,ba,2045,236,202,0
2026-07-26T13:06:13Z,perikleous,ab,2238,273,232,0
2026-07-26T13:06:13Z,perikleous,ba,2649,295,273,0
2026-07-26T13:06:13Z,avraamidi,ab,1264,157,140,0
2026-07-26T13:06:13Z,avraamidi,ba,1266,160,150,0
2026-07-26T13:06:13Z,athinon,ab,1573,204,204,0
2026-07-26T13:06:13Z,athinon,ba,1040,169,134,0
2026-07-26T13:06:13Z,tasou_markou,ab,544,74,70,0
2026-07-26T13:06:13Z,tasou_markou,ba,492,53,55,0
2026-07-26T13:06:13Z,peiraios,ab,590,82,71,0
2026-07-26T13:06:13Z,peiraios,ba,590,72,64,0
2026-07-26T13:46:57Z,strovolou,ab,5400,539,504,0
2026-07-26T13:46:57Z,strovolou,ba,4712,442,404,0
2026-07-26T13:46:57Z,tseriou,ab,2555,261,225,0
2026-07-26T13:46:57Z,tseriou,ba,3739,412,372,0
2026-07-26T13:46:57Z,prodromou,ab,2418,259,254,0
2026-07-26T13:46:57Z,prodromou,ba,2414,314,299,0
2026-07-26T13:46:57Z,akropoleos,ab,5010,541,463,0
2026-07-26T13:46:57Z,akropoleos,ba,5145,559,479,0
2026-07-26T13:46:57Z,athalassas,ab,2793,349,282,0
2026-07-26T13:46:57Z,athalassas,ba,4485,610,538,0
2026-07-26T13:46:57Z,lemesou,ab,2014,249,213,0
2026-07-26T13:46:57Z,lemesou,ba,2007,236,196,0
2026-07-26T13:46:57Z,sp_kyprianou,ab,6489,628,585,0
2026-07-26T13:46:57Z,sp_kyprianou,ba,6573,682,627,0
2026-07-26T13:46:57Z,archangelou,ab,7265,559,523,0
2026-07-26T13:46:57Z,archangelou,ba,6911,629,591,0
2026-07-26T13:46:57Z,konstantinoup,ab,2628,309,291,0
2026-07-26T13:46:57Z,konstantinoup,ba,2629,320,313,0
2026-07-26T13:46:57Z,stavrou,ab,2187,220,208,0
2026-07-26T13:46:57Z,stavrou,ba,2245,216,206,0
2026-07-26T13:46:57Z,makedonitissas,ab,3632,415,395,0
2026-07-26T13:46:57Z,makedonitissas,ba,2705,293,290,0
2026-07-26T13:46:57Z,armenias,ab,1079,126,119,0
2026-07-26T13:46:57Z,armenias,ba,1079,160,132,0
2026-07-26T13:46:57Z,arch_kyprianou,ab,1777,237,214,0
2026-07-26T13:46:57Z,arch_kyprianou,ba,1726,229,202,0
2026-07-26T13:46:57Z,a1_motorway,ab,10597,351,349,0
2026-07-26T13:46:57Z,a1_motorway,ba,14048,571,558,0
2026-07-26T13:46:57Z,makariou_lakat,ab,5849,570,516,0
2026-07-26T13:46:57Z,makariou_lakat,ba,6901,656,583,0
2026-07-26T13:46:57Z,griva_digeni,ab,4212,456,441,0
2026-07-26T13:46:57Z,griva_digeni,ba,5350,716,681,0
2026-07-26T13:46:57Z,aglantzias,ab,1775,192,177,0
2026-07-26T13:46:57Z,aglantzias,ba,3098,422,372,0
2026-07-26T13:46:57Z,kranidioti,ab,1458,108,105,0
2026-07-26T13:46:57Z,kranidioti,ba,1652,117,117,0
2026-07-26T13:46:57Z,perimetrikos,ab,2510,244,229,0
2026-07-26T13:46:57Z,perimetrikos,ba,2094,166,164,0
2026-07-26T13:46:57Z,hatziiosif,ab,2049,231,195,0
2026-07-26T13:46:57Z,hatziiosif,ba,2045,240,202,0
2026-07-26T13:46:57Z,perikleous,ab,2238,276,232,0
2026-07-26T13:46:57Z,perikleous,ba,2649,299,273,0
2026-07-26T13:46:57Z,avraamidi,ab,1264,161,140,0
2026-07-26T13:46:57Z,avraamidi,ba,1266,164,150,0
2026-07-26T13:46:57Z,athinon,ab,1573,205,204,0
2026-07-26T13:46:57Z,athinon,ba,1040,170,134,0
2026-07-26T13:46:57Z,tasou_markou,ab,544,74,70,0
2026-07-26T13:46:57Z,tasou_markou,ba,492,53,55,0
2026-07-26T13:46:57Z,peiraios,ab,590,82,71,0
2026-07-26T13:46:57Z,peiraios,ba,590,73,64,0
2026-07-26T13:49:06Z,strovolou,ab,5400,540,504,0
2026-07-26T13:49:06Z,strovolou,ba,4712,442,404,0
2026-07-26T13:49:06Z,tseriou,ab,2555,261,225,0
2026-07-26T13:49:06Z,tseriou,ba,3739,412,372,0
2026-07-26T13:49:06Z,prodromou,ab,2418,259,254,0
2026-07-26T13:49:06Z,prodromou,ba,2414,314,299,0
2026-07-26T13:49:06Z,akropoleos,ab,5010,541,463,0
2026-07-26T13:49:06Z,akropoleos,ba,5145,560,479,0
2026-07-26T13:49:06Z,athalassas,ab,2793,349,282,0
2026-07-26T13:49:06Z,athalassas,ba,4485,610,538,0
2026-07-26T13:49:06Z,lemesou,ab,2014,249,213,0
2026-07-26T13:49:06Z,lemesou,ba,2007,236,196,0
2026-07-26T13:49:06Z,sp_kyprianou,ab,6489,628,585,0
2026-07-26T13:49:06Z,sp_kyprianou,ba,6573,682,627,0
2026-07-26T13:49:06Z,archangelou,ab,7265,559,523,0
2026-07-26T13:49:06Z,archangelou,ba,6911,630,591,0
2026-07-26T13:49:06Z,konstantinoup,ab,2628,309,291,0
2026-07-26T13:49:06Z,konstantinoup,ba,2629,320,313,0
2026-07-26T13:49:06Z,stavrou,ab,2187,220,208,0
2026-07-26T13:49:06Z,stavrou,ba,2245,216,206,0
2026-07-26T13:49:06Z,makedonitissas,ab,3632,416,395,0
2026-07-26T13:49:06Z,makedonitissas,ba,2705,293,290,0
2026-07-26T13:49:06Z,armenias,ab,1079,126,119,0
2026-07-26T13:49:06Z,armenias,ba,1079,160,132,0
2026-07-26T13:49:06Z,arch_kyprianou,ab,1777,237,214,0
2026-07-26T13:49:06Z,arch_kyprianou,ba,1726,229,202,0
2026-07-26T13:49:06Z,a1_motorway,ab,10597,351,349,0
2026-07-26T13:49:06Z,a1_motorway,ba,14048,571,558,0
2026-07-26T13:49:06Z,makariou_lakat,ab,5849,570,516,0
2026-07-26T13:49:06Z,makariou_lakat,ba,6901,657,583,0
2026-07-26T13:49:06Z,griva_digeni,ab,4212,457,441,0
2026-07-26T13:49:06Z,griva_digeni,ba,5350,716,681,0
2026-07-26T13:49:06Z,aglantzias,ab,1775,192,177,0
2026-07-26T13:49:06Z,aglantzias,ba,3098,423,372,0
2026-07-26T13:49:06Z,kranidioti,ab,1458,108,105,0
2026-07-26T13:49:06Z,kranidioti,ba,1652,117,117,0
2026-07-26T13:49:06Z,perimetrikos,ab,2510,244,229,0
2026-07-26T13:49:06Z,perimetrikos,ba,2094,166,164,0
2026-07-26T13:49:06Z,hatziiosif,ab,2049,231,195,0
2026-07-26T13:49:06Z,hatziiosif,ba,2045,240,202,0
2026-07-26T13:49:06Z,perikleous,ab,2238,277,232,0
2026-07-26T13:49:06Z,perikleous,ba,2649,300,273,0
2026-07-26T13:49:06Z,avraamidi,ab,1264,161,140,0
2026-07-26T13:49:06Z,avraamidi,ba,1266,164,150,0
2026-07-26T13:49:06Z,athinon,ab,1573,205,204,0
2026-07-26T13:49:06Z,athinon,ba,1040,170,134,0
2026-07-26T13:49:06Z,tasou_markou,ab,544,74,70,0
2026-07-26T13:49:06Z,tasou_markou,ba,492,53,55,0
2026-07-26T13:49:06Z,peiraios,ab,590,82,71,0
2026-07-26T13:49:06Z,peiraios,ba,590,73,64,0
2026-07-26T13:59:33Z,strovolou,ab,5400,542,504,0
2026-07-26T13:59:33Z,strovolou,ba,4712,443,404,0
2026-07-26T13:59:33Z,tseriou,ab,2555,261,225,0
2026-07-26T13:59:33Z,tseriou,ba,3739,412,372,0
2026-07-26T13:59:33Z,prodromou,ab,2418,259,254,0
2026-07-26T13:59:33Z,prodromou,ba,2414,315,299,0
2026-07-26T13:59:33Z,akropoleos,ab,5010,541,463,0
2026-07-26T13:59:33Z,akropoleos,ba,5145,561,479,0
2026-07-26T13:59:33Z,athalassas,ab,2793,349,282,0
2026-07-26T13:59:33Z,athalassas,ba,4485,615,538,0
2026-07-26T13:59:33Z,lemesou,ab,2014,248,213,0
2026-07-26T13:59:33Z,lemesou,ba,2007,237,196,0
2026-07-26T13:59:33Z,sp_kyprianou,ab,6489,629,585,0
2026-07-26T13:59:33Z,sp_kyprianou,ba,6573,683,627,0
2026-07-26T13:59:33Z,archangelou,ab,7265,560,523,0
2026-07-26T13:59:33Z,archangelou,ba,6911,629,591,0
2026-07-26T13:59:33Z,konstantinoup,ab,2628,308,291,0
2026-07-26T13:59:33Z,konstantinoup,ba,2629,320,313,0
2026-07-26T13:59:33Z,stavrou,ab,2187,221,208,0
2026-07-26T13:59:33Z,stavrou,ba,2245,217,206,0
2026-07-26T13:59:33Z,makedonitissas,ab,3632,417,395,0
2026-07-26T13:59:33Z,makedonitissas,ba,2705,294,290,0
2026-07-26T13:59:33Z,armenias,ab,1079,126,119,0
2026-07-26T13:59:33Z,armenias,ba,1079,160,132,0
2026-07-26T13:59:33Z,arch_kyprianou,ab,1777,237,214,0
2026-07-26T13:59:33Z,arch_kyprianou,ba,1726,230,202,0
2026-07-26T13:59:33Z,a1_motorway,ab,10597,351,349,0
2026-07-26T13:59:33Z,a1_motorway,ba,14048,571,558,0
2026-07-26T13:59:33Z,makariou_lakat,ab,5849,572,516,0
2026-07-26T13:59:33Z,makariou_lakat,ba,6901,657,583,0
2026-07-26T13:59:33Z,griva_digeni,ab,4212,458,441,0
2026-07-26T13:59:33Z,griva_digeni,ba,5350,717,681,0
2026-07-26T13:59:33Z,aglantzias,ab,1775,193,177,0
2026-07-26T13:59:33Z,aglantzias,ba,3098,424,372,0
2026-07-26T13:59:33Z,kranidioti,ab,1458,108,105,0
2026-07-26T13:59:33Z,kranidioti,ba,1652,117,117,0
2026-07-26T13:59:33Z,perimetrikos,ab,2510,245,229,0
2026-07-26T13:59:33Z,perimetrikos,ba,2094,167,164,0
2026-07-26T13:59:33Z,hatziiosif,ab,2049,231,195,0
2026-07-26T13:59:33Z,hatziiosif,ba,2045,240,202,0
2026-07-26T13:59:33Z,perikleous,ab,2238,277,232,0
2026-07-26T13:59:33Z,perikleous,ba,2649,300,273,0
2026-07-26T13:59:33Z,avraamidi,ab,1264,162,140,0
2026-07-26T13:59:33Z,avraamidi,ba,1266,165,150,0
2026-07-26T13:59:33Z,athinon,ab,1573,205,204,0
2026-07-26T13:59:33Z,athinon,ba,1040,170,134,0
2026-07-26T13:59:33Z,tasou_markou,ab,544,75,70,0
2026-07-26T13:59:33Z,tasou_markou,ba,492,53,55,0
2026-07-26T13:59:33Z,peiraios,ab,590,82,71,0
2026-07-26T13:59:33Z,peiraios,ba,590,73,64,0
2026-07-26T14:09:59Z,strovolou,ab,5400,543,504,0
2026-07-26T14:09:59Z,strovolou,ba,4712,444,404,0
2026-07-26T14:09:59Z,tseriou,ab,2555,262,225,0
2026-07-26T14:09:59Z,tseriou,ba,3739,413,372,0
2026-07-26T14:09:59Z,prodromou,ab,2418,260,254,0
2026-07-26T14:09:59Z,prodromou,ba,2414,316,299,0
2026-07-26T14:09:59Z,akropoleos,ab,5010,542,463,0
2026-07-26T14:09:59Z,akropoleos,ba,5145,564,479,0
2026-07-26T14:09:59Z,athalassas,ab,2793,350,282,0
2026-07-26T14:09:59Z,athalassas,ba,4485,620,538,0
2026-07-26T14:09:59Z,lemesou,ab,2014,248,213,0
2026-07-26T14:09:59Z,lemesou,ba,2007,239,196,0
2026-07-26T14:09:59Z,sp_kyprianou,ab,6489,631,585,0
2026-07-26T14:09:59Z,sp_kyprianou,ba,6573,685,627,0
2026-07-26T14:09:59Z,archangelou,ab,7265,561,523,0
2026-07-26T14:09:59Z,archangelou,ba,6911,629,591,0
2026-07-26T14:09:59Z,konstantinoup,ab,2628,309,291,0
2026-07-26T14:09:59Z,konstantinoup,ba,2629,320,313,0
2026-07-26T14:09:59Z,stavrou,ab,2187,222,208,0
2026-07-26T14:09:59Z,stavrou,ba,2245,218,206,0
2026-07-26T14:09:59Z,makedonitissas,ab,3632,418,395,0
2026-07-26T14:09:59Z,makedonitissas,ba,2705,294,290,0
2026-07-26T14:09:59Z,armenias,ab,1079,127,119,0
2026-07-26T14:09:59Z,armenias,ba,1079,160,132,0
2026-07-26T14:09:59Z,arch_kyprianou,ab,1777,238,214,0
2026-07-26T14:09:59Z,arch_kyprianou,ba,1726,231,202,0
2026-07-26T14:09:59Z,a1_motorway,ab,10597,351,349,0
2026-07-26T14:09:59Z,a1_motorway,ba,14048,572,558,0
2026-07-26T14:09:59Z,makariou_lakat,ab,5849,574,516,0
2026-07-26T14:09:59Z,makariou_lakat,ba,6901,657,583,0
2026-07-26T14:09:59Z,griva_digeni,ab,4212,459,441,0
2026-07-26T14:09:59Z,griva_digeni,ba,5350,719,681,0
2026-07-26T14:09:59Z,aglantzias,ab,1775,195,177,0
2026-07-26T14:09:59Z,aglantzias,ba,3098,426,372,0
2026-07-26T14:09:59Z,kranidioti,ab,1458,108,105,0
2026-07-26T14:09:59Z,kranidioti,ba,1652,117,117,0
2026-07-26T14:09:59Z,perimetrikos,ab,2510,246,229,0
2026-07-26T14:09:59Z,perimetrikos,ba,2094,167,164,0
2026-07-26T14:09:59Z,hatziiosif,ab,2049,232,195,0
2026-07-26T14:09:59Z,hatziiosif,ba,2045,241,202,0
2026-07-26T14:09:59Z,perikleous,ab,2238,278,232,0
2026-07-26T14:09:59Z,perikleous,ba,2649,302,273,0
2026-07-26T14:09:59Z,avraamidi,ab,1264,163,140,0
2026-07-26T14:09:59Z,avraamidi,ba,1266,166,150,0
2026-07-26T14:09:59Z,athinon,ab,1573,205,204,0
2026-07-26T14:09:59Z,athinon,ba,1040,170,134,0
2026-07-26T14:09:59Z,tasou_markou,ab,544,75,70,0
2026-07-26T14:09:59Z,tasou_markou,ba,492,53,55,0
2026-07-26T14:09:59Z,peiraios,ab,590,82,71,0
2026-07-26T14:09:59Z,peiraios,ba,590,74,64,0
2026-07-26T14:20:28Z,strovolou,ab,5400,545,504,0
2026-07-26T14:20:28Z,strovolou,ba,4712,444,404,0
2026-07-26T14:20:28Z,tseriou,ab,2555,261,225,0
2026-07-26T14:20:28Z,tseriou,ba,3739,413,372,0
2026-07-26T14:20:28Z,prodromou,ab,2418,260,254,0
2026-07-26T14:20:28Z,prodromou,ba,2414,317,299,0
2026-07-26T14:20:28Z,akropoleos,ab,5010,543,463,0
2026-07-26T14:20:28Z,akropoleos,ba,5145,566,479,0
2026-07-26T14:20:28Z,athalassas,ab,2793,350,282,0
2026-07-26T14:20:28Z,athalassas,ba,4485,623,538,0
2026-07-26T14:20:28Z,lemesou,ab,2014,248,213,0
2026-07-26T14:20:28Z,lemesou,ba,2007,239,196,0
2026-07-26T14:20:28Z,sp_kyprianou,ab,6489,632,585,0
2026-07-26T14:20:28Z,sp_kyprianou,ba,6573,688,627,0
2026-07-26T14:20:28Z,archangelou,ab,7265,562,523,0
2026-07-26T14:20:28Z,archangelou,ba,6911,628,591,0
2026-07-26T14:20:28Z,konstantinoup,ab,2628,309,291,0
2026-07-26T14:20:28Z,konstantinoup,ba,2629,320,313,0
2026-07-26T14:20:28Z,stavrou,ab,2187,222,208,0
2026-07-26T14:20:28Z,stavrou,ba,2245,218,206,0
2026-07-26T14:20:28Z,makedonitissas,ab,3632,419,395,0
2026-07-26T14:20:28Z,makedonitissas,ba,2705,295,290,0
2026-07-26T14:20:28Z,armenias,ab,1079,127,119,0
2026-07-26T14:20:28Z,armenias,ba,1079,160,132,0
2026-07-26T14:20:28Z,arch_kyprianou,ab,1777,238,214,0
2026-07-26T14:20:28Z,arch_kyprianou,ba,1726,232,202,0
2026-07-26T14:20:28Z,a1_motorway,ab,10597,351,349,0
2026-07-26T14:20:28Z,a1_motorway,ba,14048,572,558,0
2026-07-26T14:20:28Z,makariou_lakat,ab,5849,575,516,0
2026-07-26T14:20:28Z,makariou_lakat,ba,6901,656,583,0
2026-07-26T14:20:28Z,griva_digeni,ab,4212,460,441,0
2026-07-26T14:20:28Z,griva_digeni,ba,5350,722,681,0
2026-07-26T14:20:28Z,aglantzias,ab,1775,196,177,0
2026-07-26T14:20:28Z,aglantzias,ba,3098,426,372,0
2026-07-26T14:20:28Z,kranidioti,ab,1458,108,105,0
2026-07-26T14:20:28Z,kranidioti,ba,1652,117,117,0
2026-07-26T14:20:28Z,perimetrikos,ab,2510,247,229,0
2026-07-26T14:20:28Z,perimetrikos,ba,2094,168,164,0
2026-07-26T14:20:28Z,hatziiosif,ab,2049,232,195,0
2026-07-26T14:20:28Z,hatziiosif,ba,2045,241,202,0
2026-07-26T14:20:28Z,perikleous,ab,2238,278,232,0
2026-07-26T14:20:28Z,perikleous,ba,2649,302,273,0
2026-07-26T14:20:28Z,avraamidi,ab,1264,164,140,0
2026-07-26T14:20:28Z,avraamidi,ba,1266,167,150,0
2026-07-26T14:20:28Z,athinon,ab,1573,205,204,0
2026-07-26T14:20:28Z,athinon,ba,1040,171,134,0
2026-07-26T14:20:28Z,tasou_markou,ab,544,75,70,0
2026-07-26T14:20:28Z,tasou_markou,ba,492,53,55,0
2026-07-26T14:20:28Z,peiraios,ab,590,82,71,0
2026-07-26T14:20:28Z,peiraios,ba,590,74,64,0
2026-07-26T14:30:54Z,strovolou,ab,5400,545,504,0
2026-07-26T14:30:54Z,strovolou,ba,4712,444,404,0
2026-07-26T14:30:54Z,tseriou,ab,2555,262,225,0
2026-07-26T14:30:54Z,tseriou,ba,3739,414,372,0
2026-07-26T14:30:54Z,prodromou,ab,2418,260,254,0
2026-07-26T14:30:54Z,prodromou,ba,2414,317,299,0
2026-07-26T14:30:54Z,akropoleos,ab,5010,541,463,0
2026-07-26T14:30:54Z,akropoleos,ba,5145,567,479,0
2026-07-26T14:30:54Z,athalassas,ab,2793,348,282,0
2026-07-26T14:30:54Z,athalassas,ba,4485,626,538,0
2026-07-26T14:30:54Z,lemesou,ab,2014,247,213,0
2026-07-26T14:30:54Z,lemesou,ba,2007,240,196,0
2026-07-26T14:30:54Z,sp_kyprianou,ab,6489,633,585,0
2026-07-26T14:30:54Z,sp_kyprianou,ba,6573,690,627,0
2026-07-26T14:30:54Z,archangelou,ab,7265,563,523,0
2026-07-26T14:30:54Z,archangelou,ba,6911,626,591,0
2026-07-26T14:30:54Z,konstantinoup,ab,2628,308,291,0
2026-07-26T14:30:54Z,konstantinoup,ba,2629,320,313,0
2026-07-26T14:30:54Z,stavrou,ab,2187,222,208,0
2026-07-26T14:30:54Z,stavrou,ba,2245,219,206,0
2026-07-26T14:30:54Z,makedonitissas,ab,3632,420,395,0
2026-07-26T14:30:54Z,makedonitissas,ba,2705,295,290,0
2026-07-26T14:30:54Z,armenias,ab,1079,127,119,0
2026-07-26T14:30:54Z,armenias,ba,1079,160,132,0
2026-07-26T14:30:54Z,arch_kyprianou,ab,1777,238,214,0
2026-07-26T14:30:54Z,arch_kyprianou,ba,1726,233,202,0
2026-07-26T14:30:54Z,a1_motorway,ab,10597,351,349,0
2026-07-26T14:30:54Z,a1_motorway,ba,14048,572,558,0
2026-07-26T14:30:54Z,makariou_lakat,ab,5849,576,516,0
2026-07-26T14:30:54Z,makariou_lakat,ba,6901,656,583,0
2026-07-26T14:30:54Z,griva_digeni,ab,4212,460,441,0
2026-07-26T14:30:54Z,griva_digeni,ba,5350,722,681,0
2026-07-26T14:30:54Z,aglantzias,ab,1775,197,177,0
2026-07-26T14:30:54Z,aglantzias,ba,3098,426,372,0
2026-07-26T14:30:54Z,kranidioti,ab,1458,108,105,0
2026-07-26T14:30:54Z,kranidioti,ba,1652,117,117,0
2026-07-26T14:30:54Z,perimetrikos,ab,2510,247,229,0
2026-07-26T14:30:54Z,perimetrikos,ba,2094,168,164,0
2026-07-26T14:30:54Z,hatziiosif,ab,2049,231,195,0
2026-07-26T14:30:54Z,hatziiosif,ba,2045,242,202,0
2026-07-26T14:30:54Z,perikleous,ab,2238,279,232,0
2026-07-26T14:30:54Z,perikleous,ba,2649,303,273,0
2026-07-26T14:30:54Z,avraamidi,ab,1264,164,140,0
2026-07-26T14:30:54Z,avraamidi,ba,1266,167,150,0
2026-07-26T14:30:54Z,athinon,ab,1573,205,204,0
2026-07-26T14:30:54Z,athinon,ba,1040,171,134,0
2026-07-26T14:30:54Z,tasou_markou,ab,544,75,70,0
2026-07-26T14:30:54Z,tasou_markou,ba,492,53,55,0
2026-07-26T14:30:54Z,peiraios,ab,590,82,71,0
2026-07-26T14:30:54Z,peiraios,ba,590,74,64,0
2026-07-26T14:41:21Z,strovolou,ab,5400,547,504,0
2026-07-26T14:41:21Z,strovolou,ba,4712,445,404,0
2026-07-26T14:41:21Z,tseriou,ab,2555,262,225,0
2026-07-26T14:41:21Z,tseriou,ba,3739,414,372,0
2026-07-26T14:41:21Z,prodromou,ab,2418,261,254,0
2026-07-26T14:41:21Z,prodromou,ba,2414,317,299,0
2026-07-26T14:41:21Z,akropoleos,ab,5010,543,463,0
2026-07-26T14:41:21Z,akropoleos,ba,5145,569,479,0
2026-07-26T14:41:21Z,athalassas,ab,2793,348,282,0
2026-07-26T14:41:21Z,athalassas,ba,4485,630,538,0
2026-07-26T14:41:21Z,lemesou,ab,2014,247,213,0
2026-07-26T14:41:21Z,lemesou,ba,2007,241,196,0
2026-07-26T14:41:21Z,sp_kyprianou,ab,6489,633,585,0
2026-07-26T14:41:21Z,sp_kyprianou,ba,6573,693,627,0
2026-07-26T14:41:21Z,archangelou,ab,7265,565,523,0
2026-07-26T14:41:21Z,archangelou,ba,6911,626,591,0
2026-07-26T14:41:21Z,konstantinoup,ab,2628,308,291,0
2026-07-26T14:41:21Z,konstantinoup,ba,2629,321,313,0
2026-07-26T14:41:21Z,stavrou,ab,2187,223,208,0
2026-07-26T14:41:21Z,stavrou,ba,2245,219,206,0
2026-07-26T14:41:21Z,makedonitissas,ab,3632,420,395,0
2026-07-26T14:41:21Z,makedonitissas,ba,2705,295,290,0
2026-07-26T14:41:21Z,armenias,ab,1079,127,119,0
2026-07-26T14:41:21Z,armenias,ba,1079,160,132,0
2026-07-26T14:41:21Z,arch_kyprianou,ab,1777,238,214,0
2026-07-26T14:41:21Z,arch_kyprianou,ba,1726,233,202,0
2026-07-26T14:41:21Z,a1_motorway,ab,10597,352,349,0
2026-07-26T14:41:21Z,a1_motorway,ba,14048,573,558,0
2026-07-26T14:41:21Z,makariou_lakat,ab,5849,578,516,0
2026-07-26T14:41:21Z,makariou_lakat,ba,6901,656,583,0
2026-07-26T14:41:21Z,griva_digeni,ab,4212,461,441,0
2026-07-26T14:41:21Z,griva_digeni,ba,5350,724,681,0
2026-07-26T14:41:21Z,aglantzias,ab,1775,198,177,0
2026-07-26T14:41:21Z,aglantzias,ba,3098,427,372,0
2026-07-26T14:41:21Z,kranidioti,ab,1458,108,105,0
2026-07-26T14:41:21Z,kranidioti,ba,1652,118,117,0
2026-07-26T14:41:21Z,perimetrikos,ab,2510,248,229,0
2026-07-26T14:41:21Z,perimetrikos,ba,2094,169,164,0
2026-07-26T14:41:21Z,hatziiosif,ab,2049,231,195,0
2026-07-26T14:41:21Z,hatziiosif,ba,2045,243,202,0
2026-07-26T14:41:21Z,perikleous,ab,2238,278,232,0
2026-07-26T14:41:21Z,perikleous,ba,2649,304,273,0
2026-07-26T14:41:21Z,avraamidi,ab,1264,165,140,0
2026-07-26T14:41:21Z,avraamidi,ba,1266,168,150,0
2026-07-26T14:41:21Z,athinon,ab,1573,206,204,0
2026-07-26T14:41:21Z,athinon,ba,1040,170,134,0
2026-07-26T14:41:21Z,tasou_markou,ab,544,75,70,0
2026-07-26T14:41:21Z,tasou_markou,ba,492,53,55,0
2026-07-26T14:41:21Z,peiraios,ab,590,83,71,0
2026-07-26T14:41:21Z,peiraios,ba,590,74,64,0
2026-07-26T14:51:49Z,strovolou,ab,5400,547,504,0
2026-07-26T14:51:49Z,strovolou,ba,4712,445,404,0
2026-07-26T14:51:49Z,tseriou,ab,2555,262,225,0
2026-07-26T14:51:49Z,tseriou,ba,3739,414,372,0
2026-07-26T14:51:49Z,prodromou,ab,2418,261,254,0
2026-07-26T14:51:49Z,prodromou,ba,2414,317,299,0
2026-07-26T14:51:49Z,akropoleos,ab,5010,541,463,0
2026-07-26T14:51:49Z,akropoleos,ba,5145,569,479,0
2026-07-26T14:51:49Z,athalassas,ab,2793,349,282,0
2026-07-26T14:51:49Z,athalassas,ba,4485,632,538,0
2026-07-26T14:51:49Z,lemesou,ab,2014,246,213,0
2026-07-26T14:51:49Z,lemesou,ba,2007,241,196,0
2026-07-26T14:51:49Z,sp_kyprianou,ab,6489,633,585,0
2026-07-26T14:51:49Z,sp_kyprianou,ba,6573,693,627,0
2026-07-26T14:51:49Z,archangelou,ab,7265,564,523,0
2026-07-26T14:51:49Z,archangelou,ba,6911,625,591,0
2026-07-26T14:51:49Z,konstantinoup,ab,2628,308,291,0
2026-07-26T14:51:49Z,konstantinoup,ba,2629,321,313,0
2026-07-26T14:51:49Z,stavrou,ab,2187,223,208,0
2026-07-26T14:51:49Z,stavrou,ba,2245,220,206,0
2026-07-26T14:51:49Z,makedonitissas,ab,3632,420,395,0
2026-07-26T14:51:49Z,makedonitissas,ba,2705,295,290,0
2026-07-26T14:51:49Z,armenias,ab,1079,127,119,0
2026-07-26T14:51:49Z,armenias,ba,1079,160,132,0
2026-07-26T14:51:49Z,arch_kyprianou,ab,1777,238,214,0
2026-07-26T14:51:49Z,arch_kyprianou,ba,1726,234,202,0
2026-07-26T14:51:49Z,a1_motorway,ab,10597,351,349,0
2026-07-26T14:51:49Z,a1_motorway,ba,14048,572,558,0
2026-07-26T14:51:49Z,makariou_lakat,ab,5849,578,516,0
2026-07-26T14:51:49Z,makariou_lakat,ba,6901,655,583,0
2026-07-26T14:51:49Z,griva_digeni,ab,4212,461,441,0
2026-07-26T14:51:49Z,griva_digeni,ba,5350,724,681,0
2026-07-26T14:51:49Z,aglantzias,ab,1775,199,177,0
2026-07-26T14:51:49Z,aglantzias,ba,3098,427,372,0
2026-07-26T14:51:49Z,kranidioti,ab,1458,108,105,0
2026-07-26T14:51:49Z,kranidioti,ba,1652,118,117,0
2026-07-26T14:51:49Z,perimetrikos,ab,2510,248,229,0
2026-07-26T14:51:49Z,perimetrikos,ba,2094,169,164,0
2026-07-26T14:51:49Z,hatziiosif,ab,2049,231,195,0
2026-07-26T14:51:49Z,hatziiosif,ba,2045,243,202,0
2026-07-26T14:51:49Z,perikleous,ab,2238,279,232,0
2026-07-26T14:51:49Z,perikleous,ba,2649,305,273,0
2026-07-26T14:51:49Z,avraamidi,ab,1264,166,140,0
2026-07-26T14:51:49Z,avraamidi,ba,1266,168,150,0
2026-07-26T14:51:49Z,athinon,ab,1573,206,204,0
2026-07-26T14:51:49Z,athinon,ba,1040,170,134,0
2026-07-26T14:51:49Z,tasou_markou,ab,544,75,70,0
2026-07-26T14:51:49Z,tasou_markou,ba,492,53,55,0
2026-07-26T14:51:49Z,peiraios,ab,590,83,71,0
2026-07-26T14:51:49Z,peiraios,ba,590,75,64,0
2026-07-26T15:02:15Z,strovolou,ab,5400,546,504,0
2026-07-26T15:02:15Z,strovolou,ba,4712,443,404,0
2026-07-26T15:02:15Z,tseriou,ab,2555,261,225,0
2026-07-26T15:02:15Z,tseriou,ba,3739,410,372,0
2026-07-26T15:02:15Z,prodromou,ab,2418,262,254,0
2026-07-26T15:02:15Z,prodromou,ba,2414,316,299,0
2026-07-26T15:02:15Z,akropoleos,ab,5010,537,463,0
2026-07-26T15:02:15Z,akropoleos,ba,5145,569,479,0
2026-07-26T15:02:15Z,athalassas,ab,2793,347,282,0
2026-07-26T15:02:15Z,athalassas,ba,6037,654,534,0
2026-07-26T15:02:15Z,lemesou,ab,2014,244,213,0
2026-07-26T15:02:15Z,lemesou,ba,2007,241,196,0
2026-07-26T15:02:15Z,sp_kyprianou,ab,6489,632,585,0
2026-07-26T15:02:15Z,sp_kyprianou,ba,6573,691,627,0
2026-07-26T15:02:15Z,archangelou,ab,7265,564,523,0
2026-07-26T15:02:15Z,archangelou,ba,6911,622,591,0
2026-07-26T15:02:15Z,konstantinoup,ab,2628,305,291,0
2026-07-26T15:02:15Z,konstantinoup,ba,2629,321,313,0
2026-07-26T15:02:15Z,stavrou,ab,2187,224,208,0
2026-07-26T15:02:15Z,stavrou,ba,2245,220,206,0
2026-07-26T15:02:15Z,makedonitissas,ab,3632,419,395,0
2026-07-26T15:02:15Z,makedonitissas,ba,2705,295,290,0
2026-07-26T15:02:15Z,armenias,ab,1079,127,119,0
2026-07-26T15:02:15Z,armenias,ba,1079,159,132,0
2026-07-26T15:02:15Z,arch_kyprianou,ab,1777,237,214,0
2026-07-26T15:02:15Z,arch_kyprianou,ba,1726,234,202,0
2026-07-26T15:02:15Z,a1_motorway,ab,10597,351,349,0
2026-07-26T15:02:15Z,a1_motorway,ba,14048,571,558,0
2026-07-26T15:02:15Z,makariou_lakat,ab,5849,578,516,0
2026-07-26T15:02:15Z,makariou_lakat,ba,6901,654,583,0
2026-07-26T15:02:15Z,griva_digeni,ab,4212,461,441,0
2026-07-26T15:02:15Z,griva_digeni,ba,5350,724,681,0
2026-07-26T15:02:15Z,aglantzias,ab,1775,200,177,0
2026-07-26T15:02:15Z,aglantzias,ba,3098,426,372,0
2026-07-26T15:02:15Z,kranidioti,ab,1458,107,105,0
2026-07-26T15:02:15Z,kranidioti,ba,1652,118,117,0
2026-07-26T15:02:15Z,perimetrikos,ab,2510,248,229,0
2026-07-26T15:02:15Z,perimetrikos,ba,2094,169,164,0
2026-07-26T15:02:15Z,hatziiosif,ab,2049,229,195,0
2026-07-26T15:02:15Z,hatziiosif,ba,2045,242,202,0
2026-07-26T15:02:15Z,perikleous,ab,2238,278,232,0
2026-07-26T15:02:15Z,perikleous,ba,2649,304,273,0
2026-07-26T15:02:15Z,avraamidi,ab,1264,165,140,0
2026-07-26T15:02:15Z,avraamidi,ba,1266,168,150,0
2026-07-26T15:02:15Z,athinon,ab,1573,206,204,0
2026-07-26T15:02:15Z,athinon,ba,1040,169,134,0
2026-07-26T15:02:15Z,tasou_markou,ab,544,75,70,0
2026-07-26T15:02:15Z,tasou_markou,ba,492,53,55,0
2026-07-26T15:02:15Z,peiraios,ab,590,82,71,0
2026-07-26T15:02:15Z,peiraios,ba,590,75,64,0
2026-07-26T15:12:43Z,strovolou,ab,5400,546,504,0
2026-07-26T15:12:43Z,strovolou,ba,4712,442,404,0
2026-07-26T15:12:43Z,tseriou,ab,2555,261,225,0
2026-07-26T15:12:43Z,tseriou,ba,3739,408,372,0
2026-07-26T15:12:43Z,prodromou,ab,2418,262,254,0
2026-07-26T15:12:43Z,prodromou,ba,2414,316,299,0
2026-07-26T15:12:43Z,akropoleos,ab,5010,536,463,0
2026-07-26T15:12:43Z,akropoleos,ba,5145,565,479,0
2026-07-26T15:12:43Z,athalassas,ab,2793,344,282,0
2026-07-26T15:12:43Z,athalassas,ba,6037,650,534,0
2026-07-26T15:12:43Z,lemesou,ab,2014,243,213,0
2026-07-26T15:12:43Z,lemesou,ba,2007,240,196,0
2026-07-26T15:12:43Z,sp_kyprianou,ab,6489,630,585,0
2026-07-26T15:12:43Z,sp_kyprianou,ba,6573,692,627,0
2026-07-26T15:12:43Z,archangelou,ab,7265,562,523,0
2026-07-26T15:12:43Z,archangelou,ba,6911,620,591,0
2026-07-26T15:12:43Z,konstantinoup,ab,2628,305,291,0
2026-07-26T15:12:43Z,konstantinoup,ba,2629,320,313,0
2026-07-26T15:12:43Z,stavrou,ab,2187,225,208,0
2026-07-26T15:12:43Z,stavrou,ba,2245,219,206,0
2026-07-26T15:12:43Z,makedonitissas,ab,3632,417,395,0
2026-07-26T15:12:43Z,makedonitissas,ba,2705,295,290,0
2026-07-26T15:12:43Z,armenias,ab,1079,127,119,0
2026-07-26T15:12:43Z,armenias,ba,1079,160,132,0
2026-07-26T15:12:43Z,arch_kyprianou,ab,1777,237,214,0
2026-07-26T15:12:43Z,arch_kyprianou,ba,1726,234,202,0
2026-07-26T15:12:43Z,a1_motorway,ab,10597,351,349,0
2026-07-26T15:12:43Z,a1_motorway,ba,14048,571,558,0
2026-07-26T15:12:43Z,makariou_lakat,ab,5849,578,516,0
2026-07-26T15:12:43Z,makariou_lakat,ba,6901,653,583,0
2026-07-26T15:12:43Z,griva_digeni,ab,4212,460,441,0
2026-07-26T15:12:43Z,griva_digeni,ba,5350,725,681,0
2026-07-26T15:12:43Z,aglantzias,ab,1775,200,177,0
2026-07-26T15:12:43Z,aglantzias,ba,3098,426,372,0
2026-07-26T15:12:43Z,kranidioti,ab,1458,107,105,0
2026-07-26T15:12:43Z,kranidioti,ba,1652,118,117,0
2026-07-26T15:12:43Z,perimetrikos,ab,2510,247,229,0
2026-07-26T15:12:43Z,perimetrikos,ba,2094,169,164,0
2026-07-26T15:12:43Z,hatziiosif,ab,2049,229,195,0
2026-07-26T15:12:43Z,hatziiosif,ba,2045,242,202,0
2026-07-26T15:12:43Z,perikleous,ab,2238,277,232,0
2026-07-26T15:12:43Z,perikleous,ba,2649,304,273,0
2026-07-26T15:12:43Z,avraamidi,ab,1264,166,140,0
2026-07-26T15:12:43Z,avraamidi,ba,1266,169,150,0
2026-07-26T15:12:43Z,athinon,ab,1573,205,204,0
2026-07-26T15:12:43Z,athinon,ba,1040,166,134,0
2026-07-26T15:12:43Z,tasou_markou,ab,544,75,70,0
2026-07-26T15:12:43Z,tasou_markou,ba,492,53,55,0
2026-07-26T15:12:43Z,peiraios,ab,590,82,71,0
2026-07-26T15:12:43Z,peiraios,ba,590,75,64,0
2026-07-26T15:23:11Z,strovolou,ab,5400,544,504,0
2026-07-26T15:23:11Z,strovolou,ba,4712,440,404,0
2026-07-26T15:23:11Z,tseriou,ab,2555,261,225,0
2026-07-26T15:23:11Z,tseriou,ba,3739,406,372,0
2026-07-26T15:23:11Z,prodromou,ab,2418,262,254,0
2026-07-26T15:23:11Z,prodromou,ba,2414,315,299,0
2026-07-26T15:23:11Z,akropoleos,ab,5010,534,463,0
2026-07-26T15:23:11Z,akropoleos,ba,5145,565,479,0
2026-07-26T15:23:11Z,athalassas,ab,2793,343,282,0
2026-07-26T15:23:11Z,athalassas,ba,6037,648,534,0
2026-07-26T15:23:11Z,lemesou,ab,2014,241,213,0
2026-07-26T15:23:11Z,lemesou,ba,2007,240,196,0
2026-07-26T15:23:11Z,sp_kyprianou,ab,6489,627,585,0
2026-07-26T15:23:11Z,sp_kyprianou,ba,6573,690,627,0
2026-07-26T15:23:11Z,archangelou,ab,7265,560,523,0
2026-07-26T15:23:11Z,archangelou,ba,6911,618,591,0
2026-07-26T15:23:11Z,konstantinoup,ab,2628,304,291,0
2026-07-26T15:23:11Z,konstantinoup,ba,2629,319,313,0
2026-07-26T15:23:11Z,stavrou,ab,2187,225,208,0
2026-07-26T15:23:11Z,stavrou,ba,2245,218,206,0
2026-07-26T15:23:11Z,makedonitissas,ab,3632,414,395,0
2026-07-26T15:23:11Z,makedonitissas,ba,2705,294,290,0
2026-07-26T15:23:11Z,armenias,ab,1079,127,119,0
2026-07-26T15:23:11Z,armenias,ba,1079,159,132,0
2026-07-26T15:23:11Z,arch_kyprianou,ab,1777,237,214,0
2026-07-26T15:23:11Z,arch_kyprianou,ba,1726,233,202,0
2026-07-26T15:23:11Z,a1_motorway,ab,10597,351,349,0
2026-07-26T15:23:11Z,a1_motorway,ba,14048,569,558,0
2026-07-26T15:23:11Z,makariou_lakat,ab,5849,578,516,0
2026-07-26T15:23:11Z,makariou_lakat,ba,6901,650,583,0
2026-07-26T15:23:11Z,griva_digeni,ab,4212,458,441,0
2026-07-26T15:23:11Z,griva_digeni,ba,5350,724,681,0
2026-07-26T15:23:11Z,aglantzias,ab,1775,200,177,0
2026-07-26T15:23:11Z,aglantzias,ba,3098,425,372,0
2026-07-26T15:23:11Z,kranidioti,ab,1458,107,105,0
2026-07-26T15:23:11Z,kranidioti,ba,1652,118,117,0
2026-07-26T15:23:11Z,perimetrikos,ab,2510,246,229,0
2026-07-26T15:23:11Z,perimetrikos,ba,2094,169,164,0
2026-07-26T15:23:11Z,hatziiosif,ab,2049,228,195,0
2026-07-26T15:23:11Z,hatziiosif,ba,2045,242,202,0
2026-07-26T15:23:11Z,perikleous,ab,2238,276,232,0
2026-07-26T15:23:11Z,perikleous,ba,2649,304,273,0
2026-07-26T15:23:11Z,avraamidi,ab,1264,165,140,0
2026-07-26T15:23:11Z,avraamidi,ba,1266,169,150,0
2026-07-26T15:23:11Z,athinon,ab,1573,205,204,0
2026-07-26T15:23:11Z,athinon,ba,1040,165,134,0
2026-07-26T15:23:11Z,tasou_markou,ab,544,75,70,0
2026-07-26T15:23:11Z,tasou_markou,ba,492,53,55,0
2026-07-26T15:23:11Z,peiraios,ab,590,81,71,0
2026-07-26T15:23:11Z,peiraios,ba,590,75,64,0
2026-07-26T15:33:37Z,strovolou,ab,5400,543,504,0
2026-07-26T15:33:37Z,strovolou,ba,4712,439,404,0
2026-07-26T15:33:37Z,tseriou,ab,2555,260,225,0
2026-07-26T15:33:37Z,tseriou,ba,3739,405,372,0
2026-07-26T15:33:37Z,prodromou,ab,2418,261,254,0
2026-07-26T15:33:37Z,prodromou,ba,2414,314,299,0
2026-07-26T15:33:37Z,akropoleos,ab,5010,531,463,0
2026-07-26T15:33:37Z,akropoleos,ba,5145,565,479,0
2026-07-26T15:33:37Z,athalassas,ab,2793,340,282,0
2026-07-26T15:33:37Z,athalassas,ba,6037,644,534,0
2026-07-26T15:33:37Z,lemesou,ab,2014,240,213,0
2026-07-26T15:33:37Z,lemesou,ba,2007,239,196,0
2026-07-26T15:33:37Z,sp_kyprianou,ab,6489,626,585,0
2026-07-26T15:33:37Z,sp_kyprianou,ba,6573,688,627,0
2026-07-26T15:33:37Z,archangelou,ab,7265,558,523,0
2026-07-26T15:33:37Z,archangelou,ba,6911,615,591,0
2026-07-26T15:33:37Z,konstantinoup,ab,2628,303,291,0
2026-07-26T15:33:37Z,konstantinoup,ba,2629,319,313,0
2026-07-26T15:33:37Z,stavrou,ab,2187,225,208,0
2026-07-26T15:33:37Z,stavrou,ba,2245,218,206,0
2026-07-26T15:33:37Z,makedonitissas,ab,3632,413,395,0
2026-07-26T15:33:37Z,makedonitissas,ba,2705,294,290,0
2026-07-26T15:33:37Z,armenias,ab,1079,127,119,0
2026-07-26T15:33:37Z,armenias,ba,1079,158,132,0
2026-07-26T15:33:37Z,arch_kyprianou,ab,1777,236,214,0
2026-07-26T15:33:37Z,arch_kyprianou,ba,1726,233,202,0
2026-07-26T15:33:37Z,a1_motorway,ab,10597,351,349,0
2026-07-26T15:33:37Z,a1_motorway,ba,14048,568,558,0
2026-07-26T15:33:37Z,makariou_lakat,ab,5849,578,516,0
2026-07-26T15:33:37Z,makariou_lakat,ba,6901,649,583,0
2026-07-26T15:33:37Z,griva_digeni,ab,4212,458,441,0
2026-07-26T15:33:37Z,griva_digeni,ba,5350,723,681,0
2026-07-26T15:33:37Z,aglantzias,ab,1775,200,177,0
2026-07-26T15:33:37Z,aglantzias,ba,3098,424,372,0
2026-07-26T15:33:37Z,kranidioti,ab,1458,107,105,0
2026-07-26T15:33:37Z,kranidioti,ba,1652,117,117,0
2026-07-26T15:33:37Z,perimetrikos,ab,2510,246,229,0
2026-07-26T15:33:37Z,perimetrikos,ba,2094,168,164,0
2026-07-26T15:33:37Z,hatziiosif,ab,2049,227,195,0
2026-07-26T15:33:37Z,hatziiosif,ba,2045,242,202,0
2026-07-26T15:33:37Z,perikleous,ab,2238,275,232,0
2026-07-26T15:33:37Z,perikleous,ba,2649,303,273,0
2026-07-26T15:33:37Z,avraamidi,ab,1264,165,140,0
2026-07-26T15:33:37Z,avraamidi,ba,1266,169,150,0
2026-07-26T15:33:37Z,athinon,ab,1573,205,204,0
2026-07-26T15:33:37Z,athinon,ba,1040,164,134,0
2026-07-26T15:33:37Z,tasou_markou,ab,544,74,70,0
2026-07-26T15:33:37Z,tasou_markou,ba,492,53,55,0
2026-07-26T15:33:37Z,peiraios,ab,590,81,71,0
2026-07-26T15:33:37Z,peiraios,ba,590,75,64,0
2026-07-26T15:44:11Z,strovolou,ab,5400,541,504,0
2026-07-26T15:44:11Z,strovolou,ba,4712,438,404,0
2026-07-26T15:44:11Z,tseriou,ab,2555,259,225,0
2026-07-26T15:44:11Z,tseriou,ba,3739,403,372,0
2026-07-26T15:44:11Z,prodromou,ab,2418,262,254,0
2026-07-26T15:44:11Z,prodromou,ba,2414,312,299,0
2026-07-26T15:44:11Z,akropoleos,ab,5010,527,463,0
2026-07-26T15:44:11Z,akropoleos,ba,5145,563,479,0
2026-07-26T15:44:11Z,athalassas,ab,2793,338,282,0
2026-07-26T15:44:11Z,athalassas,ba,6037,640,534,0
2026-07-26T15:44:11Z,lemesou,ab,2014,238,213,0
2026-07-26T15:44:11Z,lemesou,ba,2007,238,196,0
2026-07-26T15:44:11Z,sp_kyprianou,ab,6489,620,585,0
2026-07-26T15:44:11Z,sp_kyprianou,ba,6573,686,627,0
2026-07-26T15:44:11Z,archangelou,ab,7265,555,523,0
2026-07-26T15:44:11Z,archangelou,ba,6911,612,591,0
2026-07-26T15:44:11Z,konstantinoup,ab,2628,302,291,0
2026-07-26T15:44:11Z,konstantinoup,ba,2629,318,313,0
2026-07-26T15:44:11Z,stavrou,ab,2187,225,208,0
2026-07-26T15:44:11Z,stavrou,ba,2245,218,206,0
2026-07-26T15:44:11Z,makedonitissas,ab,3632,409,395,0
2026-07-26T15:44:11Z,makedonitissas,ba,2705,294,290,0
2026-07-26T15:44:11Z,armenias,ab,1079,127,119,0
2026-07-26T15:44:11Z,armenias,ba,1079,158,132,0
2026-07-26T15:44:11Z,arch_kyprianou,ab,1777,236,214,0
2026-07-26T15:44:11Z,arch_kyprianou,ba,1726,233,202,0
2026-07-26T15:44:11Z,a1_motorway,ab,10597,351,349,0
2026-07-26T15:44:11Z,a1_motorway,ba,14048,567,558,0
2026-07-26T15:44:11Z,makariou_lakat,ab,5849,578,516,0
2026-07-26T15:44:11Z,makariou_lakat,ba,6901,645,583,0
2026-07-26T15:44:11Z,griva_digeni,ab,4212,455,441,0
2026-07-26T15:44:11Z,griva_digeni,ba,5350,721,681,0
2026-07-26T15:44:11Z,aglantzias,ab,1775,200,177,0
2026-07-26T15:44:11Z,aglantzias,ba,3098,423,372,0
2026-07-26T15:44:11Z,kranidioti,ab,1458,107,105,0
2026-07-26T15:44:11Z,kranidioti,ba,1652,117,117,0
2026-07-26T15:44:11Z,perimetrikos,ab,2510,245,229,0
2026-07-26T15:44:11Z,perimetrikos,ba,2094,168,164,0
2026-07-26T15:44:11Z,hatziiosif,ab,2049,226,195,0
2026-07-26T15:44:11Z,hatziiosif,ba,2045,241,202,0
2026-07-26T15:44:11Z,perikleous,ab,2238,274,232,0
2026-07-26T15:44:11Z,perikleous,ba,2649,303,273,0
2026-07-26T15:44:11Z,avraamidi,ab,1264,165,140,0
2026-07-26T15:44:11Z,avraamidi,ba,1266,169,150,0
2026-07-26T15:44:11Z,athinon,ab,1573,204,204,0
2026-07-26T15:44:11Z,athinon,ba,1040,162,134,0
2026-07-26T15:44:11Z,tasou_markou,ab,544,74,70,0
2026-07-26T15:44:11Z,tasou_markou,ba,492,53,55,0
2026-07-26T15:44:11Z,peiraios,ab,590,81,71,0
2026-07-26T15:44:11Z,peiraios,ba,590,75,64,0
2026-07-26T15:54:39Z,strovolou,ab,5400,539,504,0
2026-07-26T15:54:39Z,strovolou,ba,4712,436,404,0
2026-07-26T15:54:39Z,tseriou,ab,2555,258,225,0
2026-07-26T15:54:39Z,tseriou,ba,3739,400,372,0
2026-07-26T15:54:39Z,prodromou,ab,2418,261,254,0
2026-07-26T15:54:39Z,prodromou,ba,2414,310,299,0
2026-07-26T15:54:39Z,akropoleos,ab,5010,524,463,0
2026-07-26T15:54:39Z,akropoleos,ba,5145,561,479,0
2026-07-26T15:54:39Z,athalassas,ab,2793,334,282,0
2026-07-26T15:54:39Z,athalassas,ba,6037,634,534,0
2026-07-26T15:54:39Z,lemesou,ab,2014,237,213,0
2026-07-26T15:54:39Z,lemesou,ba,2007,236,196,0
2026-07-26T15:54:39Z,sp_kyprianou,ab,6489,617,585,0
2026-07-26T15:54:39Z,sp_kyprianou,ba,6573,682,627,0
2026-07-26T15:54:39Z,archangelou,ab,7265,552,523,0
2026-07-26T15:54:39Z,archangelou,ba,6911,610,591,0
2026-07-26T15:54:39Z,konstantinoup,ab,2628,301,291,0
2026-07-26T15:54:39Z,konstantinoup,ba,2629,318,313,0
2026-07-26T15:54:39Z,stavrou,ab,2187,225,208,0
2026-07-26T15:54:39Z,stavrou,ba,2245,216,206,0
2026-07-26T15:54:39Z,makedonitissas,ab,3632,407,395,0
2026-07-26T15:54:39Z,makedonitissas,ba,2705,292,290,0
2026-07-26T15:54:39Z,armenias,ab,1079,127,119,0
2026-07-26T15:54:39Z,armenias,ba,1079,156,132,0
2026-07-26T15:54:39Z,arch_kyprianou,ab,1777,235,214,0
2026-07-26T15:54:39Z,arch_kyprianou,ba,1726,232,202,0
2026-07-26T15:54:39Z,a1_motorway,ab,10597,351,349,0
2026-07-26T15:54:39Z,a1_motorway,ba,14048,566,558,0
2026-07-26T15:54:39Z,makariou_lakat,ab,5849,576,516,0
2026-07-26T15:54:39Z,makariou_lakat,ba,6901,641,583,0
2026-07-26T15:54:39Z,griva_digeni,ab,4212,453,441,0
2026-07-26T15:54:39Z,griva_digeni,ba,5350,720,681,0
2026-07-26T15:54:39Z,aglantzias,ab,1775,200,177,0
2026-07-26T15:54:39Z,aglantzias,ba,3098,421,372,0
2026-07-26T15:54:39Z,kranidioti,ab,1458,106,105,0
2026-07-26T15:54:39Z,kranidioti,ba,1652,117,117,0
2026-07-26T15:54:39Z,perimetrikos,ab,2510,244,229,0
2026-07-26T15:54:39Z,perimetrikos,ba,2094,167,164,0
2026-07-26T15:54:39Z,hatziiosif,ab,2049,224,195,0
2026-07-26T15:54:39Z,hatziiosif,ba,2045,240,202,0
2026-07-26T15:54:39Z,perikleous,ab,2238,273,232,0
2026-07-26T15:54:39Z,perikleous,ba,2649,302,273,0
2026-07-26T15:54:39Z,avraamidi,ab,1264,163,140,0
2026-07-26T15:54:39Z,avraamidi,ba,1266,169,150,0
2026-07-26T15:54:39Z,athinon,ab,1573,204,204,0
2026-07-26T15:54:39Z,athinon,ba,1040,161,134,0
2026-07-26T15:54:39Z,tasou_markou,ab,544,74,70,0
2026-07-26T15:54:39Z,tasou_markou,ba,492,52,55,0
2026-07-26T15:54:39Z,peiraios,ab,590,80,71,0
2026-07-26T15:54:39Z,peiraios,ba,590,75,64,0
2026-07-26T16:05:09Z,strovolou,ab,5400,546,504,0
2026-07-26T16:05:09Z,strovolou,ba,4712,442,404,0
2026-07-26T16:05:09Z,tseriou,ab,2555,262,225,0
2026-07-26T16:05:09Z,tseriou,ba,3739,405,372,0
2026-07-26T16:05:09Z,prodromou,ab,2418,265,254,0
2026-07-26T16:05:09Z,prodromou,ba,2414,314,299,0
2026-07-26T16:05:09Z,akropoleos,ab,5010,532,463,0
2026-07-26T16:05:09Z,akropoleos,ba,5145,571,479,0
2026-07-26T16:05:09Z,athalassas,ab,2793,339,282,0
2026-07-26T16:05:09Z,athalassas,ba,6037,641,534,0
2026-07-26T16:05:09Z,lemesou,ab,2014,238,213,0
2026-07-26T16:05:09Z,lemesou,ba,2007,240,196,0
2026-07-26T16:05:09Z,sp_kyprianou,ab,6489,624,585,0
2026-07-26T16:05:09Z,sp_kyprianou,ba,6573,687,627,0
2026-07-26T16:05:09Z,archangelou,ab,7265,559,523,0
2026-07-26T16:05:09Z,archangelou,ba,6911,616,591,0
2026-07-26T16:05:09Z,konstantinoup,ab,2628,304,291,0
2026-07-26T16:05:09Z,konstantinoup,ba,2629,322,313,0
2026-07-26T16:05:09Z,stavrou,ab,2187,228,208,0
2026-07-26T16:05:09Z,stavrou,ba,2245,219,206,0
2026-07-26T16:05:09Z,makedonitissas,ab,3632,411,395,0
2026-07-26T16:05:09Z,makedonitissas,ba,2705,295,290,0
2026-07-26T16:05:09Z,armenias,ab,1079,129,119,0
2026-07-26T16:05:09Z,armenias,ba,1079,160,132,0
2026-07-26T16:05:09Z,arch_kyprianou,ab,1777,238,214,0
2026-07-26T16:05:09Z,arch_kyprianou,ba,1726,236,202,0
2026-07-26T16:05:09Z,a1_motorway,ab,10597,351,349,0
2026-07-26T16:05:09Z,a1_motorway,ba,14048,567,558,0
2026-07-26T16:05:09Z,makariou_lakat,ab,5849,582,516,0
2026-07-26T16:05:09Z,makariou_lakat,ba,6901,651,583,0
2026-07-26T16:05:09Z,griva_digeni,ab,4212,458,441,0
2026-07-26T16:05:09Z,griva_digeni,ba,5350,728,681,0
2026-07-26T16:05:09Z,aglantzias,ab,1775,203,177,0
2026-07-26T16:05:09Z,aglantzias,ba,3098,427,372,0
2026-07-26T16:05:09Z,kranidioti,ab,1458,107,105,0
2026-07-26T16:05:09Z,kranidioti,ba,1652,118,117,0
2026-07-26T16:05:09Z,perimetrikos,ab,2510,248,229,0
2026-07-26T16:05:09Z,perimetrikos,ba,2094,169,164,0
2026-07-26T16:05:09Z,hatziiosif,ab,2049,229,195,0
2026-07-26T16:05:09Z,hatziiosif,ba,2045,244,202,0
2026-07-26T16:05:09Z,perikleous,ab,2238,278,232,0
2026-07-26T16:05:09Z,perikleous,ba,2649,306,273,0
2026-07-26T16:05:09Z,avraamidi,ab,1264,164,140,0
2026-07-26T16:05:09Z,avraamidi,ba,1266,170,150,0
2026-07-26T16:05:09Z,athinon,ab,1573,205,204,0
2026-07-26T16:05:09Z,athinon,ba,1040,163,134,0
2026-07-26T16:05:09Z,tasou_markou,ab,544,75,70,0
2026-07-26T16:05:09Z,tasou_markou,ba,492,53,55,0
2026-07-26T16:05:09Z,peiraios,ab,590,82,71,0
2026-07-26T16:05:09Z,peiraios,ba,590,76,64,0
2026-07-26T17:06:30Z,strovolou,ab,5400,548,504,0
2026-07-26T17:06:30Z,strovolou,ba,4712,445,404,0
2026-07-26T17:06:30Z,tseriou,ab,2555,262,225,0
2026-07-26T17:06:30Z,tseriou,ba,3739,408,372,0
2026-07-26T17:06:30Z,prodromou,ab,2418,270,254,0
2026-07-26T17:06:30Z,prodromou,ba,2414,312,299,0
2026-07-26T17:06:30Z,akropoleos,ab,5010,530,463,0
2026-07-26T17:06:30Z,akropoleos,ba,5145,573,479,0
2026-07-26T17:06:30Z,athalassas,ab,2793,332,282,0
2026-07-26T17:06:30Z,athalassas,ba,6037,636,534,0
2026-07-26T17:06:30Z,lemesou,ab,2014,236,213,0
2026-07-26T17:06:30Z,lemesou,ba,2007,236,196,0
2026-07-26T17:06:30Z,sp_kyprianou,ab,6489,625,585,0
2026-07-26T17:06:30Z,sp_kyprianou,ba,6573,680,627,0
2026-07-26T17:06:30Z,archangelou,ab,7265,558,523,0
2026-07-26T17:06:30Z,archangelou,ba,6911,617,591,0
2026-07-26T17:06:30Z,konstantinoup,ab,2628,307,291,0
2026-07-26T17:06:30Z,konstantinoup,ba,2629,325,313,0
2026-07-26T17:06:30Z,stavrou,ab,2187,233,208,0
2026-07-26T17:06:30Z,stavrou,ba,2245,222,206,0
2026-07-26T17:06:30Z,makedonitissas,ab,3632,410,395,0
2026-07-26T17:06:30Z,makedonitissas,ba,2705,297,290,0
2026-07-26T17:06:30Z,armenias,ab,1079,130,119,0
2026-07-26T17:06:30Z,armenias,ba,1079,160,132,0
2026-07-26T17:06:30Z,arch_kyprianou,ab,1777,239,214,0
2026-07-26T17:06:30Z,arch_kyprianou,ba,1726,236,202,0
2026-07-26T17:06:30Z,a1_motorway,ab,10597,351,349,0
2026-07-26T17:06:30Z,a1_motorway,ba,14048,568,558,0
2026-07-26T17:06:30Z,makariou_lakat,ab,5849,588,516,0
2026-07-26T17:06:30Z,makariou_lakat,ba,6901,650,583,0
2026-07-26T17:06:30Z,griva_digeni,ab,4212,464,441,0
2026-07-26T17:06:30Z,griva_digeni,ba,5350,735,681,0
2026-07-26T17:06:30Z,aglantzias,ab,1775,206,177,0
2026-07-26T17:06:30Z,aglantzias,ba,3098,422,372,0
2026-07-26T17:06:30Z,kranidioti,ab,1458,109,105,0
2026-07-26T17:06:30Z,kranidioti,ba,1652,120,117,0
2026-07-26T17:06:30Z,perimetrikos,ab,2510,248,229,0
2026-07-26T17:06:30Z,perimetrikos,ba,2094,172,164,0
2026-07-26T17:06:30Z,hatziiosif,ab,2049,227,195,0
2026-07-26T17:06:30Z,hatziiosif,ba,2045,245,202,0
2026-07-26T17:06:30Z,perikleous,ab,2238,278,232,0
2026-07-26T17:06:30Z,perikleous,ba,2649,307,273,0
2026-07-26T17:06:30Z,avraamidi,ab,1264,158,140,0
2026-07-26T17:06:30Z,avraamidi,ba,1266,173,150,0
2026-07-26T17:06:30Z,athinon,ab,1573,208,204,0
2026-07-26T17:06:30Z,athinon,ba,1040,163,134,0
2026-07-26T17:06:30Z,tasou_markou,ab,544,74,70,0
2026-07-26T17:06:30Z,tasou_markou,ba,492,54,55,0
2026-07-26T17:06:30Z,peiraios,ab,590,80,71,0
2026-07-26T17:06:30Z,peiraios,ba,590,78,64,0
2026-07-26T18:07:17Z,strovolou,ab,5400,530,504,0
2026-07-26T18:07:17Z,strovolou,ba,4712,427,404,0
2026-07-26T18:07:17Z,tseriou,ab,2555,248,225,0
2026-07-26T18:07:17Z,tseriou,ba,3739,393,372,0
2026-07-26T18:07:17Z,prodromou,ab,2418,265,254,0
2026-07-26T18:07:17Z,prodromou,ba,2414,309,299,0
2026-07-26T18:07:17Z,akropoleos,ab,5010,502,463,0
2026-07-26T18:07:17Z,akropoleos,ba,5145,531,479,0
2026-07-26T18:07:17Z,athalassas,ab,2793,316,282,0
2026-07-26T18:07:17Z,athalassas,ba,6037,588,534,0
2026-07-26T18:07:17Z,lemesou,ab,2014,227,213,0
2026-07-26T18:07:17Z,lemesou,ba,2007,213,196,0
2026-07-26T18:07:17Z,sp_kyprianou,ab,6489,613,585,0
2026-07-26T18:07:17Z,sp_kyprianou,ba,6573,656,627,0
2026-07-26T18:07:17Z,archangelou,ab,7265,546,523,0
2026-07-26T18:07:17Z,archangelou,ba,6911,611,591,0
2026-07-26T18:07:17Z,konstantinoup,ab,2628,300,291,0
2026-07-26T18:07:17Z,konstantinoup,ba,2629,321,313,0
2026-07-26T18:07:17Z,stavrou,ab,2187,223,208,0
2026-07-26T18:07:17Z,stavrou,ba,2245,217,206,0
2026-07-26T18:07:17Z,makedonitissas,ab,3632,406,395,0
2026-07-26T18:07:17Z,makedonitissas,ba,2705,296,290,0
2026-07-26T18:07:17Z,armenias,ab,1079,128,119,0
2026-07-26T18:07:17Z,armenias,ba,1079,150,132,0
2026-07-26T18:07:17Z,arch_kyprianou,ab,1777,228,214,0
2026-07-26T18:07:17Z,arch_kyprianou,ba,1726,220,202,0
2026-07-26T18:07:17Z,a1_motorway,ab,10597,352,349,0
2026-07-26T18:07:17Z,a1_motorway,ba,14048,569,558,0
2026-07-26T18:07:17Z,makariou_lakat,ab,5849,561,516,0
2026-07-26T18:07:17Z,makariou_lakat,ba,6901,627,583,0
2026-07-26T18:07:17Z,griva_digeni,ab,4212,459,441,0
2026-07-26T18:07:17Z,griva_digeni,ba,5350,715,681,0
2026-07-26T18:07:17Z,aglantzias,ab,1775,194,177,0
2026-07-26T18:07:17Z,aglantzias,ba,3098,396,372,0
2026-07-26T18:07:17Z,kranidioti,ab,1458,108,105,0
2026-07-26T18:07:17Z,kranidioti,ba,1652,121,117,0
2026-07-26T18:07:17Z,perimetrikos,ab,2510,237,229,0
2026-07-26T18:07:17Z,perimetrikos,ba,2094,172,164,0
2026-07-26T18:07:17Z,hatziiosif,ab,2049,214,195,0
2026-07-26T18:07:17Z,hatziiosif,ba,2045,223,202,0
2026-07-26T18:07:17Z,perikleous,ab,2238,255,232,0
2026-07-26T18:07:17Z,perikleous,ba,2649,293,273,0
2026-07-26T18:07:17Z,avraamidi,ab,1264,151,140,0
2026-07-26T18:07:17Z,avraamidi,ba,1266,166,150,0
2026-07-26T18:07:17Z,athinon,ab,1573,209,204,0
2026-07-26T18:07:17Z,athinon,ba,1040,148,134,0
2026-07-26T18:07:17Z,tasou_markou,ab,544,73,70,0
2026-07-26T18:07:17Z,tasou_markou,ba,492,55,55,0
2026-07-26T18:07:17Z,peiraios,ab,590,79,71,0
2026-07-26T18:07:17Z,peiraios,ba,590,71,64,0
2026-07-27T03:57:13Z,strovolou,ab,5693,1076,553,112
2026-07-27T03:57:13Z,strovolou,ba,4712,442,404,0
2026-07-27T03:57:13Z,tseriou,ab,2555,269,225,0
2026-07-27T03:57:13Z,tseriou,ba,3739,498,372,0
2026-07-27T03:57:13Z,prodromou,ab,2418,325,254,0
2026-07-27T03:57:13Z,prodromou,ba,2414,402,299,0
2026-07-27T03:57:13Z,akropoleos,ab,5010,600,463,0
2026-07-27T03:57:13Z,akropoleos,ba,5145,842,479,0
2026-07-27T03:57:13Z,athalassas,ab,2793,435,282,0
2026-07-27T03:57:13Z,athalassas,ba,4619,785,562,0
2026-07-27T03:57:13Z,lemesou,ab,2014,295,213,0
2026-07-27T03:57:13Z,lemesou,ba,2007,337,196,0
2026-07-27T03:57:13Z,sp_kyprianou,ab,6489,662,585,0
2026-07-27T03:57:13Z,sp_kyprianou,ba,6573,1091,627,0
2026-07-27T03:57:13Z,archangelou,ab,7265,587,523,0
2026-07-27T03:57:13Z,archangelou,ba,7441,989,669,0
2026-07-27T03:57:13Z,konstantinoup,ab,2628,310,291,0
2026-07-27T03:57:13Z,konstantinoup,ba,2629,376,313,0
2026-07-27T03:57:13Z,stavrou,ab,2187,224,208,0
2026-07-27T03:57:13Z,stavrou,ba,2245,249,206,0
2026-07-27T03:57:13Z,makedonitissas,ab,2797,453,391,0
2026-07-27T03:57:13Z,makedonitissas,ba,2705,369,290,0
2026-07-27T03:57:13Z,armenias,ab,1079,155,119,0
2026-07-27T03:57:13Z,armenias,ba,1079,193,132,0
2026-07-27T03:57:13Z,arch_kyprianou,ab,1777,255,214,0
2026-07-27T03:57:13Z,arch_kyprianou,ba,1726,462,202,69
2026-07-27T03:57:13Z,a1_motorway,ab,10597,356,349,0
2026-07-27T03:57:13Z,a1_motorway,ba,14048,600,558,0
2026-07-27T03:57:13Z,makariou_lakat,ab,5849,598,516,0
2026-07-27T03:57:13Z,makariou_lakat,ba,7549,780,701,0
2026-07-27T03:57:13Z,griva_digeni,ab,4212,470,441,0
2026-07-27T03:57:13Z,griva_digeni,ba,5350,959,681,0
2026-07-27T03:57:13Z,aglantzias,ab,1775,258,177,0
2026-07-27T03:57:13Z,aglantzias,ba,3098,485,372,0
2026-07-27T03:57:13Z,kranidioti,ab,1458,116,105,0
2026-07-27T03:57:13Z,kranidioti,ba,1652,125,117,0
2026-07-27T03:57:13Z,perimetrikos,ab,2510,285,229,0
2026-07-27T03:57:13Z,perimetrikos,ba,2094,170,164,0
2026-07-27T03:57:13Z,hatziiosif,ab,2049,259,195,0
2026-07-27T03:57:13Z,hatziiosif,ba,2045,366,202,0
2026-07-27T03:57:13Z,perikleous,ab,2016,316,275,0
2026-07-27T03:57:13Z,perikleous,ba,2649,356,273,0
2026-07-27T03:57:13Z,avraamidi,ab,1264,199,140,0
2026-07-27T03:57:13Z,avraamidi,ba,1266,168,150,0
2026-07-27T03:57:13Z,athinon,ab,1573,222,204,0
2026-07-27T03:57:13Z,athinon,ba,1040,242,134,0
2026-07-27T03:57:13Z,tasou_markou,ab,544,88,70,0
2026-07-27T03:57:13Z,tasou_markou,ba,492,54,55,0
2026-07-27T03:57:13Z,peiraios,ab,590,117,71,0
2026-07-27T03:57:13Z,peiraios,ba,590,75,64,0
2026-07-27T04:07:43Z,strovolou,ab,5693,1146,553,0
2026-07-27T04:07:43Z,strovolou,ba,4712,471,404,0
2026-07-27T04:07:43Z,tseriou,ab,2555,291,225,0
2026-07-27T04:07:43Z,tseriou,ba,3739,525,372,0
2026-07-27T04:07:43Z,prodromou,ab,2418,350,254,0
2026-07-27T04:07:43Z,prodromou,ba,2414,431,299,0
2026-07-27T04:07:43Z,akropoleos,ab,5010,647,463,0
2026-07-27T04:07:43Z,akropoleos,ba,5145,909,479,0
2026-07-27T04:07:43Z,athalassas,ab,2793,466,282,0
2026-07-27T04:07:43Z,athalassas,ba,4619,854,562,0
2026-07-27T04:07:43Z,lemesou,ab,2014,318,213,0
2026-07-27T04:07:43Z,lemesou,ba,2007,361,196,0
2026-07-27T04:07:43Z,sp_kyprianou,ab,6489,706,585,0
2026-07-27T04:07:43Z,sp_kyprianou,ba,6573,1207,627,0
2026-07-27T04:07:43Z,archangelou,ab,7265,620,523,0
2026-07-27T04:07:43Z,archangelou,ba,7441,1076,669,0
2026-07-27T04:07:43Z,konstantinoup,ab,2628,322,291,0
2026-07-27T04:07:43Z,konstantinoup,ba,2629,397,313,0
2026-07-27T04:07:43Z,stavrou,ab,2187,239,208,0
2026-07-27T04:07:43Z,stavrou,ba,2245,264,206,0
2026-07-27T04:07:43Z,makedonitissas,ab,2797,481,391,0
2026-07-27T04:07:43Z,makedonitissas,ba,2705,391,290,0
2026-07-27T04:07:43Z,armenias,ab,1079,165,119,0
2026-07-27T04:07:43Z,armenias,ba,1079,206,132,0
2026-07-27T04:07:43Z,arch_kyprianou,ab,1777,271,214,0
2026-07-27T04:07:43Z,arch_kyprianou,ba,1726,485,202,0
2026-07-27T04:07:43Z,a1_motorway,ab,10597,355,349,0
2026-07-27T04:07:43Z,a1_motorway,ba,14048,612,558,0
2026-07-27T04:07:43Z,makariou_lakat,ab,5849,637,516,0
2026-07-27T04:07:43Z,makariou_lakat,ba,6316,768,613,0
2026-07-27T04:07:43Z,griva_digeni,ab,4212,500,441,0
2026-07-27T04:07:43Z,griva_digeni,ba,5350,1037,681,0
2026-07-27T04:07:43Z,aglantzias,ab,1775,282,177,0
2026-07-27T04:07:43Z,aglantzias,ba,3098,511,372,0
2026-07-27T04:07:43Z,kranidioti,ab,1458,122,105,0
2026-07-27T04:07:43Z,kranidioti,ba,1652,132,117,0
2026-07-27T04:07:43Z,perimetrikos,ab,2510,302,229,0
2026-07-27T04:07:43Z,perimetrikos,ba,2094,178,164,0
2026-07-27T04:07:43Z,hatziiosif,ab,2049,279,195,0
2026-07-27T04:07:43Z,hatziiosif,ba,2045,390,202,0
2026-07-27T04:07:43Z,perikleous,ab,2016,336,275,0
2026-07-27T04:07:43Z,perikleous,ba,2649,375,273,0
2026-07-27T04:07:43Z,avraamidi,ab,1264,216,140,0
2026-07-27T04:07:43Z,avraamidi,ba,1266,181,150,0
2026-07-27T04:07:43Z,athinon,ab,1573,235,204,0
2026-07-27T04:07:43Z,athinon,ba,1040,255,134,0
2026-07-27T04:07:43Z,tasou_markou,ab,544,92,70,0
2026-07-27T04:07:43Z,tasou_markou,ba,492,56,55,0
2026-07-27T04:07:43Z,peiraios,ab,590,127,71,0
2026-07-27T04:07:43Z,peiraios,ba,590,80,64,0
2026-07-27T04:18:13Z,strovolou,ab,5693,1221,553,0
2026-07-27T04:18:13Z,strovolou,ba,4712,488,404,0
2026-07-27T04:18:13Z,tseriou,ab,2555,306,225,0
2026-07-27T04:18:13Z,tseriou,ba,3739,542,372,0
2026-07-27T04:18:13Z,prodromou,ab,2418,367,254,0
2026-07-27T04:18:13Z,prodromou,ba,2414,454,299,0
2026-07-27T04:18:13Z,akropoleos,ab,5010,677,463,0
2026-07-27T04:18:13Z,akropoleos,ba,5145,971,479,0
2026-07-27T04:18:13Z,athalassas,ab,2793,495,282,0
2026-07-27T04:18:13Z,athalassas,ba,4619,902,562,0
2026-07-27T04:18:13Z,lemesou,ab,2014,338,213,0
2026-07-27T04:18:13Z,lemesou,ba,2007,385,196,0
2026-07-27T04:18:13Z,sp_kyprianou,ab,6489,730,585,0
2026-07-27T04:18:13Z,sp_kyprianou,ba,6573,1294,627,0
2026-07-27T04:18:13Z,archangelou,ab,7265,636,523,0
2026-07-27T04:18:13Z,archangelou,ba,7441,1134,669,0
2026-07-27T04:18:13Z,konstantinoup,ab,2628,324,291,0
2026-07-27T04:18:13Z,konstantinoup,ba,2629,407,313,0
2026-07-27T04:18:13Z,stavrou,ab,2187,247,208,0
2026-07-27T04:18:13Z,stavrou,ba,2245,271,206,0
2026-07-27T04:18:13Z,makedonitissas,ab,2797,497,391,0
2026-07-27T04:18:13Z,makedonitissas,ba,2705,406,290,0
2026-07-27T04:18:13Z,armenias,ab,1079,171,119,0
2026-07-27T04:18:13Z,armenias,ba,1079,218,132,0
2026-07-27T04:18:13Z,arch_kyprianou,ab,1777,281,214,0
2026-07-27T04:18:13Z,arch_kyprianou,ba,1726,534,202,0
2026-07-27T04:18:13Z,a1_motorway,ab,10597,357,349,0
2026-07-27T04:18:13Z,a1_motorway,ba,14048,620,558,0
2026-07-27T04:18:13Z,makariou_lakat,ab,5849,662,516,0
2026-07-27T04:18:13Z,makariou_lakat,ba,6316,793,613,0
2026-07-27T04:18:13Z,griva_digeni,ab,4212,516,441,0
2026-07-27T04:18:13Z,griva_digeni,ba,6184,1127,764,0
2026-07-27T04:18:13Z,aglantzias,ab,1775,303,177,0
2026-07-27T04:18:13Z,aglantzias,ba,3098,531,372,0
2026-07-27T04:18:13Z,kranidioti,ab,1458,125,105,0
2026-07-27T04:18:13Z,kranidioti,ba,1652,136,117,0
2026-07-27T04:18:13Z,perimetrikos,ab,2510,313,229,0
2026-07-27T04:18:13Z,perimetrikos,ba,2094,180,164,0
2026-07-27T04:18:13Z,hatziiosif,ab,2049,294,195,0
2026-07-27T04:18:13Z,hatziiosif,ba,2045,413,202,0
2026-07-27T04:18:13Z,perikleous,ab,2016,352,275,0
2026-07-27T04:18:13Z,perikleous,ba,2649,389,273,0
2026-07-27T04:18:13Z,avraamidi,ab,1264,228,140,0
2026-07-27T04:18:13Z,avraamidi,ba,1266,187,150,0
2026-07-27T04:18:13Z,athinon,ab,1573,243,204,0
2026-07-27T04:18:13Z,athinon,ba,1040,268,134,0
2026-07-27T04:18:13Z,tasou_markou,ab,544,96,70,0
2026-07-27T04:18:13Z,tasou_markou,ba,492,56,55,0
2026-07-27T04:18:13Z,peiraios,ab,590,135,71,0
2026-07-27T04:18:13Z,peiraios,ba,590,83,64,0
2026-07-27T04:28:44Z,strovolou,ab,5693,1275,553,0
2026-07-27T04:28:44Z,strovolou,ba,4712,504,404,0
2026-07-27T04:28:44Z,tseriou,ab,2555,322,225,0
2026-07-27T04:28:44Z,tseriou,ba,3739,558,372,0
2026-07-27T04:28:44Z,prodromou,ab,2418,382,254,0
2026-07-27T04:28:44Z,prodromou,ba,2414,479,299,0
2026-07-27T04:28:44Z,akropoleos,ab,5010,710,463,0
2026-07-27T04:28:44Z,akropoleos,ba,5145,1022,479,0
2026-07-27T04:28:44Z,athalassas,ab,2793,522,282,0
2026-07-27T04:28:44Z,athalassas,ba,4619,946,562,0
2026-07-27T04:28:44Z,lemesou,ab,2014,357,213,0
2026-07-27T04:28:44Z,lemesou,ba,2007,405,196,0
2026-07-27T04:28:44Z,sp_kyprianou,ab,6489,753,585,0
2026-07-27T04:28:44Z,sp_kyprianou,ba,6573,1353,627,89
2026-07-27T04:28:44Z,archangelou,ab,7265,742,523,123
2026-07-27T04:28:44Z,archangelou,ba,7441,1171,669,89
2026-07-27T04:28:44Z,konstantinoup,ab,2628,326,291,0
2026-07-27T04:28:44Z,konstantinoup,ba,2629,414,313,0
2026-07-27T04:28:44Z,stavrou,ab,2187,256,208,0
2026-07-27T04:28:44Z,stavrou,ba,2245,278,206,0
2026-07-27T04:28:44Z,makedonitissas,ab,2797,509,391,0
2026-07-27T04:28:44Z,makedonitissas,ba,2705,418,290,0
2026-07-27T04:28:44Z,armenias,ab,1079,178,119,0
2026-07-27T04:28:44Z,armenias,ba,1079,232,132,0
2026-07-27T04:28:44Z,arch_kyprianou,ab,1777,291,214,0
2026-07-27T04:28:44Z,arch_kyprianou,ba,1726,580,202,0
2026-07-27T04:28:44Z,a1_motorway,ab,10597,357,349,0
2026-07-27T04:28:44Z,a1_motorway,ba,14048,629,558,0
2026-07-27T04:28:44Z,makariou_lakat,ab,5849,687,516,0
2026-07-27T04:28:44Z,makariou_lakat,ba,6316,812,613,0
2026-07-27T04:28:44Z,griva_digeni,ab,4212,531,441,0
2026-07-27T04:28:44Z,griva_digeni,ba,6184,1170,764,0
2026-07-27T04:28:44Z,aglantzias,ab,1775,321,177,0
2026-07-27T04:28:44Z,aglantzias,ba,3098,549,372,0
2026-07-27T04:28:44Z,kranidioti,ab,1458,128,105,0
2026-07-27T04:28:44Z,kranidioti,ba,1652,140,117,0
2026-07-27T04:28:44Z,perimetrikos,ab,2510,320,229,0
2026-07-27T04:28:44Z,perimetrikos,ba,2094,182,164,0
2026-07-27T04:28:44Z,hatziiosif,ab,2049,310,195,0
2026-07-27T04:28:44Z,hatziiosif,ba,2045,433,202,0
2026-07-27T04:28:44Z,perikleous,ab,2016,369,275,0
2026-07-27T04:28:44Z,perikleous,ba,2649,401,273,0
2026-07-27T04:28:44Z,avraamidi,ab,1264,241,140,0
2026-07-27T04:28:44Z,avraamidi,ba,1266,194,150,0
2026-07-27T04:28:44Z,athinon,ab,1573,252,204,0
2026-07-27T04:28:44Z,athinon,ba,1040,284,134,0
2026-07-27T04:28:44Z,tasou_markou,ab,544,98,70,0
2026-07-27T04:28:44Z,tasou_markou,ba,492,56,55,0
2026-07-27T04:28:44Z,peiraios,ab,590,141,71,0
2026-07-27T04:28:44Z,peiraios,ba,590,88,64,0
2026-07-27T04:39:14Z,strovolou,ab,5400,1276,504,126
2026-07-27T04:39:14Z,strovolou,ba,4712,520,404,0
2026-07-27T04:39:14Z,tseriou,ab,2555,336,225,0
2026-07-27T04:39:14Z,tseriou,ba,3739,573,372,0
2026-07-27T04:39:14Z,prodromou,ab,2418,394,254,0
2026-07-27T04:39:14Z,prodromou,ba,2414,496,299,0
2026-07-27T04:39:14Z,akropoleos,ab,5010,739,463,0
2026-07-27T04:39:14Z,akropoleos,ba,5145,1049,479,0
2026-07-27T04:39:14Z,athalassas,ab,2793,546,282,0
2026-07-27T04:39:14Z,athalassas,ba,4619,986,562,0
2026-07-27T04:39:14Z,lemesou,ab,2014,372,213,0
2026-07-27T04:39:14Z,lemesou,ba,2007,417,196,0
2026-07-27T04:39:14Z,sp_kyprianou,ab,6489,775,585,0
2026-07-27T04:39:14Z,sp_kyprianou,ba,6573,1385,627,86
2026-07-27T04:39:14Z,archangelou,ab,7265,782,523,172
2026-07-27T04:39:14Z,archangelou,ba,7441,1185,669,86
2026-07-27T04:39:14Z,konstantinoup,ab,2628,326,291,0
2026-07-27T04:39:14Z,konstantinoup,ba,2629,418,313,0
2026-07-27T04:39:14Z,stavrou,ab,2187,265,208,0
2026-07-27T04:39:14Z,stavrou,ba,2245,283,206,0
2026-07-27T04:39:14Z,makedonitissas,ab,2797,520,391,0
2026-07-27T04:39:14Z,makedonitissas,ba,2705,424,290,0
2026-07-27T04:39:14Z,armenias,ab,1079,183,119,0
2026-07-27T04:39:14Z,armenias,ba,1079,244,132,0
2026-07-27T04:39:14Z,arch_kyprianou,ab,1777,299,214,0
2026-07-27T04:39:14Z,arch_kyprianou,ba,1726,620,202,78
2026-07-27T04:39:14Z,a1_motorway,ab,10597,354,349,0
2026-07-27T04:39:14Z,a1_motorway,ba,14048,673,558,38
2026-07-27T04:39:14Z,makariou_lakat,ab,5849,708,516,0
2026-07-27T04:39:14Z,makariou_lakat,ba,7549,882,701,0
2026-07-27T04:39:14Z,griva_digeni,ab,4212,548,441,0
2026-07-27T04:39:14Z,griva_digeni,ba,6184,1197,764,0
2026-07-27T04:39:14Z,aglantzias,ab,1775,337,177,0
2026-07-27T04:39:14Z,aglantzias,ba,3098,564,372,0
2026-07-27T04:39:14Z,kranidioti,ab,1458,131,105,0
2026-07-27T04:39:14Z,kranidioti,ba,1652,144,117,0
2026-07-27T04:39:14Z,perimetrikos,ab,2510,424,229,147
2026-07-27T04:39:14Z,perimetrikos,ba,2094,183,164,0
2026-07-27T04:39:14Z,hatziiosif,ab,2049,325,195,0
2026-07-27T04:39:14Z,hatziiosif,ba,2045,441,202,0
2026-07-27T04:39:14Z,perikleous,ab,2016,388,275,0
2026-07-27T04:39:14Z,perikleous,ba,2649,410,273,0
2026-07-27T04:39:14Z,avraamidi,ab,1264,250,140,0
2026-07-27T04:39:14Z,avraamidi,ba,1266,200,150,0
2026-07-27T04:39:14Z,athinon,ab,1440,259,215,20
2026-07-27T04:39:14Z,athinon,ba,1040,295,134,0
2026-07-27T04:39:14Z,tasou_markou,ab,544,102,70,0
2026-07-27T04:39:14Z,tasou_markou,ba,492,56,55,0
2026-07-27T04:39:14Z,peiraios,ab,590,146,71,0
2026-07-27T04:39:14Z,peiraios,ba,590,90,64,0
2026-07-27T04:49:44Z,strovolou,ab,5400,1275,504,180
2026-07-27T04:49:44Z,strovolou,ba,4712,533,404,0
2026-07-27T04:49:44Z,tseriou,ab,2555,350,225,0
2026-07-27T04:49:44Z,tseriou,ba,3739,581,372,0
2026-07-27T04:49:44Z,prodromou,ab,2418,401,254,0
2026-07-27T04:49:44Z,prodromou,ba,2414,510,299,0
2026-07-27T04:49:44Z,akropoleos,ab,5010,761,463,0
2026-07-27T04:49:44Z,akropoleos,ba,5145,1123,479,125
2026-07-27T04:49:44Z,athalassas,ab,2793,565,282,0
2026-07-27T04:49:44Z,athalassas,ba,4619,1006,562,0
2026-07-27T04:49:44Z,lemesou,ab,2014,386,213,0
2026-07-27T04:49:44Z,lemesou,ba,2007,429,196,0
2026-07-27T04:49:44Z,sp_kyprianou,ab,6489,790,585,0
2026-07-27T04:49:44Z,sp_kyprianou,ba,6573,1424,627,204
2026-07-27T04:49:44Z,archangelou,ab,7265,782,523,162
2026-07-27T04:49:44Z,archangelou,ba,6985,1199,684,0
2026-07-27T04:49:44Z,konstantinoup,ab,2628,328,291,0
2026-07-27T04:49:44Z,konstantinoup,ba,2629,419,313,0
2026-07-27T04:49:44Z,stavrou,ab,2187,273,208,0
2026-07-27T04:49:44Z,stavrou,ba,2245,286,206,0
2026-07-27T04:49:44Z,makedonitissas,ab,2797,527,391,0
2026-07-27T04:49:44Z,makedonitissas,ba,2705,425,290,0
2026-07-27T04:49:44Z,armenias,ab,1079,187,119,0
2026-07-27T04:49:44Z,armenias,ba,1079,255,132,0
2026-07-27T04:49:44Z,arch_kyprianou,ab,1777,306,214,0
2026-07-27T04:49:44Z,arch_kyprianou,ba,2260,683,310,0
2026-07-27T04:49:44Z,a1_motorway,ab,10597,380,349,25
2026-07-27T04:49:44Z,a1_motorway,ba,14048,734,558,105
2026-07-27T04:49:44Z,makariou_lakat,ab,5849,724,516,0
2026-07-27T04:49:44Z,makariou_lakat,ba,7549,891,701,0
2026-07-27T04:49:44Z,griva_digeni,ab,4212,562,441,0
2026-07-27T04:49:44Z,griva_digeni,ba,6184,1214,764,0
2026-07-27T04:49:44Z,aglantzias,ab,1775,352,177,0
2026-07-27T04:49:44Z,aglantzias,ba,3098,577,372,0
2026-07-27T04:49:44Z,kranidioti,ab,1458,132,105,0
2026-07-27T04:49:44Z,kranidioti,ba,1652,147,117,0
2026-07-27T04:49:44Z,perimetrikos,ab,2510,495,229,225
2026-07-27T04:49:44Z,perimetrikos,ba,2094,184,164,0
2026-07-27T04:49:44Z,hatziiosif,ab,2049,340,195,0
2026-07-27T04:49:44Z,hatziiosif,ba,2045,500,202,122
2026-07-27T04:49:44Z,perikleous,ab,2016,404,275,0
2026-07-27T04:49:44Z,perikleous,ba,2649,415,273,0
2026-07-27T04:49:44Z,avraamidi,ab,1264,259,140,0
2026-07-27T04:49:44Z,avraamidi,ba,1266,205,150,0
2026-07-27T04:49:44Z,athinon,ab,1440,266,215,23
2026-07-27T04:49:44Z,athinon,ba,1040,306,134,1
2026-07-27T04:49:44Z,tasou_markou,ab,544,103,70,0
2026-07-27T04:49:44Z,tasou_markou,ba,492,56,55,0
2026-07-27T04:49:44Z,peiraios,ab,590,147,71,0
2026-07-27T04:49:44Z,peiraios,ba,590,93,64,0
2026-07-27T05:00:14Z,strovolou,ab,5414,1311,520,214
2026-07-27T05:00:14Z,strovolou,ba,4712,544,404,0
2026-07-27T05:00:14Z,tseriou,ab,2555,361,225,0
2026-07-27T05:00:14Z,tseriou,ba,3739,585,372,0
2026-07-27T05:00:14Z,prodromou,ab,2418,402,254,0
2026-07-27T05:00:14Z,prodromou,ba,2414,513,299,0
2026-07-27T05:00:14Z,akropoleos,ab,5010,776,463,0
2026-07-27T05:00:14Z,akropoleos,ba,5145,1148,479,225
2026-07-27T05:00:14Z,athalassas,ab,2793,574,282,0
2026-07-27T05:00:14Z,athalassas,ba,4619,1015,562,0
2026-07-27T05:00:14Z,lemesou,ab,2014,391,213,0
2026-07-27T05:00:14Z,lemesou,ba,2007,459,196,150
2026-07-27T05:00:14Z,sp_kyprianou,ab,6489,799,585,0
2026-07-27T05:00:14Z,sp_kyprianou,ba,7057,1401,742,0
2026-07-27T05:00:14Z,archangelou,ab,7265,669,523,0
2026-07-27T05:00:14Z,archangelou,ba,7441,1270,669,294
2026-07-27T05:00:14Z,konstantinoup,ab,2628,327,291,0
2026-07-27T05:00:14Z,konstantinoup,ba,2629,414,313,0
2026-07-27T05:00:14Z,stavrou,ab,2187,277,208,0
2026-07-27T05:00:14Z,stavrou,ba,2245,286,206,0
2026-07-27T05:00:14Z,makedonitissas,ab,2797,530,391,0
2026-07-27T05:00:14Z,makedonitissas,ba,2705,422,290,0
2026-07-27T05:00:14Z,armenias,ab,1079,187,119,0
2026-07-27T05:00:14Z,armenias,ba,1079,262,132,0
2026-07-27T05:00:14Z,arch_kyprianou,ab,1777,310,214,0
2026-07-27T05:00:14Z,arch_kyprianou,ba,2260,662,310,0
2026-07-27T05:00:14Z,a1_motorway,ab,10597,351,349,0
2026-07-27T05:00:14Z,a1_motorway,ba,14048,693,558,61
2026-07-27T05:00:14Z,makariou_lakat,ab,5849,729,516,0
2026-07-27T05:00:14Z,makariou_lakat,ba,6316,837,613,0
2026-07-27T05:00:14Z,griva_digeni,ab,4212,572,441,0
2026-07-27T05:00:14Z,griva_digeni,ba,5350,1176,681,0
2026-07-27T05:00:14Z,aglantzias,ab,1775,356,177,2
2026-07-27T05:00:14Z,aglantzias,ba,3098,605,372,141
2026-07-27T05:00:14Z,kranidioti,ab,1458,131,105,0
2026-07-27T05:00:14Z,kranidioti,ba,1652,148,117,0
2026-07-27T05:00:14Z,perimetrikos,ab,2510,491,229,218
2026-07-27T05:00:14Z,perimetrikos,ba,2094,184,164,0
2026-07-27T05:00:14Z,hatziiosif,ab,2049,350,195,0
2026-07-27T05:00:14Z,hatziiosif,ba,2045,498,202,115
2026-07-27T05:00:14Z,perikleous,ab,2016,415,275,0
2026-07-27T05:00:14Z,perikleous,ba,2649,417,273,0
2026-07-27T05:00:14Z,avraamidi,ab,1264,263,140,0
2026-07-27T05:00:14Z,avraamidi,ba,1266,208,150,0
2026-07-27T05:00:14Z,athinon,ab,1440,276,215,31
2026-07-27T05:00:14Z,athinon,ba,1040,313,134,0
2026-07-27T05:00:14Z,tasou_markou,ab,544,104,70,0
2026-07-27T05:00:14Z,tasou_markou,ba,492,56,55,0
2026-07-27T05:00:14Z,peiraios,ab,590,147,71,0
2026-07-27T05:00:14Z,peiraios,ba,590,95,64,0
2026-07-27T05:10:44Z,strovolou,ab,5400,1212,504,335
2026-07-27T05:10:44Z,strovolou,ba,4712,512,404,0
2026-07-27T05:10:44Z,tseriou,ab,2555,339,225,0
2026-07-27T05:10:44Z,tseriou,ba,3739,534,372,0
2026-07-27T05:10:44Z,prodromou,ab,2418,367,254,0
2026-07-27T05:10:44Z,prodromou,ba,2414,459,299,0
2026-07-27T05:10:44Z,akropoleos,ab,5010,693,463,0
2026-07-27T05:10:44Z,akropoleos,ba,5145,1042,479,183
2026-07-27T05:10:44Z,athalassas,ab,2793,508,282,0
2026-07-27T05:10:44Z,athalassas,ba,4619,931,562,82
2026-07-27T05:10:44Z,lemesou,ab,2014,337,213,0
2026-07-27T05:10:44Z,lemesou,ba,2388,465,303,0
2026-07-27T05:10:44Z,sp_kyprianou,ab,6489,743,585,0
2026-07-27T05:10:44Z,sp_kyprianou,ba,6573,1186,627,126
2026-07-27T05:10:44Z,archangelou,ab,7265,626,523,0
2026-07-27T05:10:44Z,archangelou,ba,6911,1036,591,126
2026-07-27T05:10:44Z,konstantinoup,ab,2628,311,291,0
2026-07-27T05:10:44Z,konstantinoup,ba,2629,387,313,0
2026-07-27T05:10:44Z,stavrou,ab,2187,257,208,0
2026-07-27T05:10:44Z,stavrou,ba,2245,263,206,0
2026-07-27T05:10:44Z,makedonitissas,ab,2904,496,408,0
2026-07-27T05:10:44Z,makedonitissas,ba,2705,375,290,0
2026-07-27T05:10:44Z,armenias,ab,1079,172,119,0
2026-07-27T05:10:44Z,armenias,ba,1079,234,132,0
2026-07-27T05:10:44Z,arch_kyprianou,ab,1777,286,214,0
2026-07-27T05:10:44Z,arch_kyprianou,ba,1726,570,202,123
2026-07-27T05:10:44Z,a1_motorway,ab,10597,352,349,0
2026-07-27T05:10:44Z,a1_motorway,ba,14048,745,558,161
2026-07-27T05:10:44Z,makariou_lakat,ab,5849,682,516,0
2026-07-27T05:10:44Z,makariou_lakat,ba,6316,777,613,0
2026-07-27T05:10:44Z,griva_digeni,ab,4212,543,441,0
2026-07-27T05:10:44Z,griva_digeni,ba,5350,1027,681,0
2026-07-27T05:10:44Z,aglantzias,ab,1775,331,177,3
2026-07-27T05:10:44Z,aglantzias,ba,3098,583,372,141
2026-07-27T05:10:44Z,kranidioti,ab,1458,123,105,0
2026-07-27T05:10:44Z,kranidioti,ba,1652,139,117,0
2026-07-27T05:10:44Z,perimetrikos,ab,2510,455,229,194
2026-07-27T05:10:44Z,perimetrikos,ba,2094,178,164,0
2026-07-27T05:10:44Z,hatziiosif,ab,2049,304,195,0
2026-07-27T05:10:44Z,hatziiosif,ba,2045,388,202,0
2026-07-27T05:10:44Z,perikleous,ab,2016,379,275,0
2026-07-27T05:10:44Z,perikleous,ba,2649,380,273,0
2026-07-27T05:10:44Z,avraamidi,ab,1264,227,140,0
2026-07-27T05:10:44Z,avraamidi,ba,1266,194,150,0
2026-07-27T05:10:44Z,athinon,ab,1573,255,204,0
2026-07-27T05:10:44Z,athinon,ba,1040,279,134,0
2026-07-27T05:10:44Z,tasou_markou,ab,544,101,70,0
2026-07-27T05:10:44Z,tasou_markou,ba,492,55,55,0
2026-07-27T05:10:44Z,peiraios,ab,590,138,71,0
2026-07-27T05:10:44Z,peiraios,ba,590,89,64,0
2026-07-27T05:21:14Z,strovolou,ab,5414,1067,520,228
2026-07-27T05:21:14Z,strovolou,ba,4712,512,404,0
2026-07-27T05:21:14Z,tseriou,ab,2555,341,225,0
2026-07-27T05:21:14Z,tseriou,ba,3739,531,372,0
2026-07-27T05:21:14Z,prodromou,ab,2418,361,254,0
2026-07-27T05:21:14Z,prodromou,ba,2414,449,299,0
2026-07-27T05:21:14Z,akropoleos,ab,5010,689,463,0
2026-07-27T05:21:14Z,akropoleos,ba,5145,1033,479,200
2026-07-27T05:21:14Z,athalassas,ab,2793,504,282,0
2026-07-27T05:21:14Z,athalassas,ba,4619,915,562,115
2026-07-27T05:21:14Z,lemesou,ab,2014,333,213,0
2026-07-27T05:21:14Z,lemesou,ba,2388,458,303,0
2026-07-27T05:21:14Z,sp_kyprianou,ab,6489,741,585,0
2026-07-27T05:21:14Z,sp_kyprianou,ba,6573,1142,627,130
2026-07-27T05:21:14Z,archangelou,ab,7265,621,523,0
2026-07-27T05:21:14Z,archangelou,ba,6911,1010,591,130
2026-07-27T05:21:14Z,konstantinoup,ab,2628,310,291,0
2026-07-27T05:21:14Z,konstantinoup,ba,2629,381,313,0
2026-07-27T05:21:14Z,stavrou,ab,2187,257,208,0
2026-07-27T05:21:14Z,stavrou,ba,2245,260,206,0
2026-07-27T05:21:14Z,makedonitissas,ab,2904,489,408,0
2026-07-27T05:21:14Z,makedonitissas,ba,2705,368,290,0
2026-07-27T05:21:14Z,armenias,ab,1079,169,119,0
2026-07-27T05:21:14Z,armenias,ba,1264,288,186,0
2026-07-27T05:21:14Z,arch_kyprianou,ab,1777,286,214,0
2026-07-27T05:21:14Z,arch_kyprianou,ba,2260,528,310,0
2026-07-27T05:21:14Z,a1_motorway,ab,10597,352,349,0
2026-07-27T05:21:14Z,a1_motorway,ba,14048,643,558,35
2026-07-27T05:21:14Z,makariou_lakat,ab,5849,677,516,0
2026-07-27T05:21:14Z,makariou_lakat,ba,6901,771,583,0
2026-07-27T05:21:14Z,griva_digeni,ab,4212,544,441,0
2026-07-27T05:21:14Z,griva_digeni,ba,5350,990,681,0
2026-07-27T05:21:14Z,aglantzias,ab,1775,315,177,3
2026-07-27T05:21:14Z,aglantzias,ba,3098,605,372,169
2026-07-27T05:21:14Z,kranidioti,ab,1458,122,105,0
2026-07-27T05:21:14Z,kranidioti,ba,1652,138,117,0
2026-07-27T05:21:14Z,perimetrikos,ab,2510,289,229,0
2026-07-27T05:21:14Z,perimetrikos,ba,2094,177,164,0
2026-07-27T05:21:14Z,hatziiosif,ab,2049,308,195,0
2026-07-27T05:21:14Z,hatziiosif,ba,2045,381,202,0
2026-07-27T05:21:14Z,perikleous,ab,2016,381,275,0
2026-07-27T05:21:14Z,perikleous,ba,2649,378,273,0
2026-07-27T05:21:14Z,avraamidi,ab,1264,226,140,0
2026-07-27T05:21:14Z,avraamidi,ba,1266,196,150,0
2026-07-27T05:21:14Z,athinon,ab,1573,254,204,0
2026-07-27T05:21:14Z,athinon,ba,1040,277,134,0
2026-07-27T05:21:14Z,tasou_markou,ab,544,100,70,0
2026-07-27T05:21:14Z,tasou_markou,ba,492,55,55,0
2026-07-27T05:21:14Z,peiraios,ab,590,136,71,0
2026-07-27T05:21:14Z,peiraios,ba,590,90,64,0
2026-07-27T05:31:46Z,strovolou,ab,5400,973,504,193
2026-07-27T05:31:46Z,strovolou,ba,4712,510,404,0
2026-07-27T05:31:46Z,tseriou,ab,2555,341,225,0
2026-07-27T05:31:46Z,tseriou,ba,3739,526,372,0
2026-07-27T05:31:46Z,prodromou,ab,2418,345,254,0
2026-07-27T05:31:46Z,prodromou,ba,2414,426,299,0
2026-07-27T05:31:46Z,akropoleos,ab,5010,686,463,0
2026-07-27T05:31:46Z,akropoleos,ba,5145,1008,479,187
2026-07-27T05:31:46Z,athalassas,ab,2793,495,282,0
2026-07-27T05:31:46Z,athalassas,ba,4619,902,562,131
2026-07-27T05:31:46Z,lemesou,ab,2014,325,213,0
2026-07-27T05:31:46Z,lemesou,ba,2388,450,303,0
2026-07-27T05:31:46Z,sp_kyprianou,ab,6489,734,585,0
2026-07-27T05:31:46Z,sp_kyprianou,ba,6573,1118,627,139
2026-07-27T05:31:46Z,archangelou,ab,7265,614,523,0
2026-07-27T05:31:46Z,archangelou,ba,6742,977,669,0
2026-07-27T05:31:46Z,konstantinoup,ab,2628,310,291,0
2026-07-27T05:31:46Z,konstantinoup,ba,2629,367,313,0
2026-07-27T05:31:46Z,stavrou,ab,2187,255,208,0
2026-07-27T05:31:46Z,stavrou,ba,2245,256,206,0
2026-07-27T05:31:46Z,makedonitissas,ab,2904,475,408,0
2026-07-27T05:31:46Z,makedonitissas,ba,2705,358,290,0
2026-07-27T05:31:46Z,armenias,ab,1079,167,119,0
2026-07-27T05:31:46Z,armenias,ba,1079,230,132,0
2026-07-27T05:31:46Z,arch_kyprianou,ab,1777,284,214,0
2026-07-27T05:31:46Z,arch_kyprianou,ba,2260,495,310,0
2026-07-27T05:31:46Z,a1_motorway,ab,10597,351,349,0
2026-07-27T05:31:46Z,a1_motorway,ba,14048,643,558,41
2026-07-27T05:31:46Z,makariou_lakat,ab,5849,668,516,0
2026-07-27T05:31:46Z,makariou_lakat,ba,6901,759,583,0
2026-07-27T05:31:46Z,griva_digeni,ab,4212,544,441,0
2026-07-27T05:31:46Z,griva_digeni,ba,5350,965,681,0
2026-07-27T05:31:46Z,aglantzias,ab,1775,290,177,3
2026-07-27T05:31:46Z,aglantzias,ba,3098,604,372,169
2026-07-27T05:31:46Z,kranidioti,ab,1458,120,105,0
2026-07-27T05:31:46Z,kranidioti,ba,1652,137,117,0
2026-07-27T05:31:46Z,perimetrikos,ab,2510,401,229,142
2026-07-27T05:31:46Z,perimetrikos,ba,2094,177,164,0
2026-07-27T05:31:46Z,hatziiosif,ab,2049,307,195,0
2026-07-27T05:31:46Z,hatziiosif,ba,2045,461,202,132
2026-07-27T05:31:46Z,perikleous,ab,2016,381,275,0
2026-07-27T05:31:46Z,perikleous,ba,2649,373,273,0
2026-07-27T05:31:46Z,avraamidi,ab,1264,222,140,0
2026-07-27T05:31:46Z,avraamidi,ba,1266,195,150,0
2026-07-27T05:31:46Z,athinon,ab,1573,260,204,17
2026-07-27T05:31:46Z,athinon,ba,1040,276,134,0
2026-07-27T05:31:46Z,tasou_markou,ab,544,93,70,0
2026-07-27T05:31:46Z,tasou_markou,ba,492,55,55,0
2026-07-27T05:31:46Z,peiraios,ab,590,127,71,0
2026-07-27T05:31:46Z,peiraios,ba,590,89,64,0
2026-07-27T05:42:15Z,strovolou,ab,5400,1024,504,341
2026-07-27T05:42:15Z,strovolou,ba,4712,507,404,0
2026-07-27T05:42:15Z,tseriou,ab,2555,341,225,0
2026-07-27T05:42:15Z,tseriou,ba,3739,521,372,0
2026-07-27T05:42:15Z,prodromou,ab,2418,340,254,0
2026-07-27T05:42:15Z,prodromou,ba,2414,420,299,0
2026-07-27T05:42:15Z,akropoleos,ab,5010,682,463,0
2026-07-27T05:42:15Z,akropoleos,ba,5145,979,479,139
2026-07-27T05:42:15Z,athalassas,ab,2793,490,282,0
2026-07-27T05:42:15Z,athalassas,ba,4485,946,538,173
2026-07-27T05:42:15Z,lemesou,ab,2014,317,213,0
2026-07-27T05:42:15Z,lemesou,ba,2007,408,196,143
2026-07-27T05:42:15Z,sp_kyprianou,ab,6489,726,585,0
2026-07-27T05:42:15Z,sp_kyprianou,ba,6573,1107,627,170
2026-07-27T05:42:15Z,archangelou,ab,7265,607,523,0
2026-07-27T05:42:15Z,archangelou,ba,6742,950,669,0
2026-07-27T05:42:15Z,konstantinoup,ab,2628,312,291,0
2026-07-27T05:42:15Z,konstantinoup,ba,2629,364,313,0
2026-07-27T05:42:15Z,stavrou,ab,2187,251,208,0
2026-07-27T05:42:15Z,stavrou,ba,2245,253,206,0
2026-07-27T05:42:15Z,makedonitissas,ab,2904,472,408,0
2026-07-27T05:42:15Z,makedonitissas,ba,2705,351,290,0
2026-07-27T05:42:15Z,armenias,ab,1079,164,119,0
2026-07-27T05:42:15Z,armenias,ba,1079,227,132,0
2026-07-27T05:42:15Z,arch_kyprianou,ab,1777,281,214,0
2026-07-27T05:42:15Z,arch_kyprianou,ba,2260,483,310,0
2026-07-27T05:42:15Z,a1_motorway,ab,10597,357,349,7
2026-07-27T05:42:15Z,a1_motorway,ba,14048,687,558,97
2026-07-27T05:42:15Z,makariou_lakat,ab,5849,659,516,0
2026-07-27T05:42:15Z,makariou_lakat,ba,6901,747,583,0
2026-07-27T05:42:15Z,griva_digeni,ab,4212,542,441,0
2026-07-27T05:42:15Z,griva_digeni,ba,5350,960,681,0
2026-07-27T05:42:15Z,aglantzias,ab,1775,277,177,2
2026-07-27T05:42:15Z,aglantzias,ba,3098,578,372,141
2026-07-27T05:42:15Z,kranidioti,ab,1458,118,105,0
2026-07-27T05:42:15Z,kranidioti,ba,1652,135,117,0
2026-07-27T05:42:15Z,perimetrikos,ab,2510,276,229,0
2026-07-27T05:42:15Z,perimetrikos,ba,2094,175,164,0
2026-07-27T05:42:15Z,hatziiosif,ab,2049,307,195,0
2026-07-27T05:42:15Z,hatziiosif,ba,2045,362,202,0
2026-07-27T05:42:15Z,perikleous,ab,2016,377,275,0
2026-07-27T05:42:15Z,perikleous,ba,2649,369,273,0
2026-07-27T05:42:15Z,avraamidi,ab,1264,218,140,0
2026-07-27T05:42:15Z,avraamidi,ba,1266,195,150,0
2026-07-27T05:42:15Z,athinon,ab,1573,248,204,0
2026-07-27T05:42:15Z,athinon,ba,1040,271,134,0
2026-07-27T05:42:15Z,tasou_markou,ab,544,93,70,0
2026-07-27T05:42:15Z,tasou_markou,ba,492,55,55,0
2026-07-27T05:42:15Z,peiraios,ab,590,125,71,0
2026-07-27T05:42:15Z,peiraios,ba,590,89,64,0
2026-07-27T05:52:45Z,strovolou,ab,6338,959,677,1
2026-07-27T05:52:45Z,strovolou,ba,4712,502,404,0
2026-07-27T05:52:45Z,tseriou,ab,2555,340,225,0
2026-07-27T05:52:45Z,tseriou,ba,3739,512,372,0
2026-07-27T05:52:45Z,prodromou,ab,2418,334,254,0
2026-07-27T05:52:45Z,prodromou,ba,2414,417,299,0
2026-07-27T05:52:45Z,akropoleos,ab,5010,738,463,88
2026-07-27T05:52:45Z,akropoleos,ba,5145,1106,479,385
2026-07-27T05:52:45Z,athalassas,ab,2793,490,282,0
2026-07-27T05:52:45Z,athalassas,ba,6269,973,543,214
2026-07-27T05:52:45Z,lemesou,ab,2014,308,213,0
2026-07-27T05:52:45Z,lemesou,ba,2007,407,196,150
2026-07-27T05:52:45Z,sp_kyprianou,ab,6489,720,585,0
2026-07-27T05:52:45Z,sp_kyprianou,ba,6573,1062,627,157
2026-07-27T05:52:45Z,archangelou,ab,7265,597,523,0
2026-07-27T05:52:45Z,archangelou,ba,6911,825,591,0
2026-07-27T05:52:45Z,konstantinoup,ab,2628,312,291,0
2026-07-27T05:52:45Z,konstantinoup,ba,2629,356,313,0
2026-07-27T05:52:45Z,stavrou,ab,2187,248,208,0
2026-07-27T05:52:45Z,stavrou,ba,2245,250,206,0
2026-07-27T05:52:45Z,makedonitissas,ab,2904,462,408,0
2026-07-27T05:52:45Z,makedonitissas,ba,2705,344,290,0
2026-07-27T05:52:45Z,armenias,ab,1079,162,119,0
2026-07-27T05:52:45Z,armenias,ba,1079,222,132,0
2026-07-27T05:52:45Z,arch_kyprianou,ab,1777,278,214,0
2026-07-27T05:52:45Z,arch_kyprianou,ba,2260,460,310,0
2026-07-27T05:52:45Z,a1_motorway,ab,10597,351,349,0
2026-07-27T05:52:45Z,a1_motorway,ba,14048,586,558,0
2026-07-27T05:52:45Z,makariou_lakat,ab,5849,654,516,0
2026-07-27T05:52:45Z,makariou_lakat,ba,6901,732,583,0
2026-07-27T05:52:45Z,griva_digeni,ab,4212,540,441,0
2026-07-27T05:52:45Z,griva_digeni,ba,5350,1039,681,157
2026-07-27T05:52:45Z,aglantzias,ab,1775,269,177,2
2026-07-27T05:52:45Z,aglantzias,ba,3098,575,372,141
2026-07-27T05:52:45Z,kranidioti,ab,1458,116,105,0
2026-07-27T05:52:45Z,kranidioti,ba,1652,133,117,0
2026-07-27T05:52:45Z,perimetrikos,ab,2510,274,229,0
2026-07-27T05:52:45Z,perimetrikos,ba,2094,175,164,0
2026-07-27T05:52:45Z,hatziiosif,ab,2049,306,195,0
2026-07-27T05:52:45Z,hatziiosif,ba,2045,438,202,126
2026-07-27T05:52:45Z,perikleous,ab,2016,374,275,0
2026-07-27T05:52:45Z,perikleous,ba,2649,365,273,0
2026-07-27T05:52:45Z,avraamidi,ab,1264,211,140,0
2026-07-27T05:52:45Z,avraamidi,ba,1266,195,150,0
2026-07-27T05:52:45Z,athinon,ab,1573,266,204,31
2026-07-27T05:52:45Z,athinon,ba,1040,266,134,1
2026-07-27T05:52:45Z,tasou_markou,ab,544,91,70,0
2026-07-27T05:52:45Z,tasou_markou,ba,492,55,55,0
2026-07-27T05:52:45Z,peiraios,ab,590,122,71,0
2026-07-27T05:52:45Z,peiraios,ba,590,89,64,0
2026-07-27T06:03:16Z,strovolou,ab,5400,876,504,194
2026-07-27T06:03:16Z,strovolou,ba,4712,490,404,0
2026-07-27T06:03:16Z,tseriou,ab,2555,323,225,0
2026-07-27T06:03:16Z,tseriou,ba,3739,510,372,0
2026-07-27T06:03:16Z,prodromou,ab,2418,323,254,0
2026-07-27T06:03:16Z,prodromou,ba,2414,395,299,0
2026-07-27T06:03:16Z,akropoleos,ab,5010,663,463,0
2026-07-27T06:03:16Z,akropoleos,ba,8210,1163,592,438
2026-07-27T06:03:16Z,athalassas,ab,2793,468,282,0
2026-07-27T06:03:16Z,athalassas,ba,4485,931,538,187
2026-07-27T06:03:16Z,lemesou,ab,2014,299,213,0
2026-07-27T06:03:16Z,lemesou,ba,2007,397,196,143
2026-07-27T06:03:16Z,sp_kyprianou,ab,6489,705,585,0
2026-07-27T06:03:16Z,sp_kyprianou,ba,7669,1111,795,89
2026-07-27T06:03:16Z,archangelou,ab,7265,589,523,0
2026-07-27T06:03:16Z,archangelou,ba,6911,833,591,89
2026-07-27T06:03:16Z,konstantinoup,ab,2628,311,291,0
2026-07-27T06:03:16Z,konstantinoup,ba,2629,351,313,0
2026-07-27T06:03:16Z,stavrou,ab,2187,245,208,0
2026-07-27T06:03:16Z,stavrou,ba,2245,243,206,0
2026-07-27T06:03:16Z,makedonitissas,ab,2904,450,408,0
2026-07-27T06:03:16Z,makedonitissas,ba,2705,333,290,0
2026-07-27T06:03:16Z,armenias,ab,1079,159,119,0
2026-07-27T06:03:16Z,armenias,ba,1079,213,132,0
2026-07-27T06:03:16Z,arch_kyprianou,ab,1777,276,214,0
2026-07-27T06:03:16Z,arch_kyprianou,ba,2260,431,310,0
2026-07-27T06:03:16Z,a1_motorway,ab,10597,351,349,0
2026-07-27T06:03:16Z,a1_motorway,ba,14048,582,558,0
2026-07-27T06:03:16Z,makariou_lakat,ab,5849,630,516,0
2026-07-27T06:03:16Z,makariou_lakat,ba,6901,722,583,0
2026-07-27T06:03:16Z,griva_digeni,ab,4212,537,441,0
2026-07-27T06:03:16Z,griva_digeni,ba,6469,1049,837,0
2026-07-27T06:03:16Z,aglantzias,ab,1775,256,177,2
2026-07-27T06:03:16Z,aglantzias,ba,3098,566,372,141
2026-07-27T06:03:16Z,kranidioti,ab,1458,114,105,0
2026-07-27T06:03:16Z,kranidioti,ba,1652,129,117,0
2026-07-27T06:03:16Z,perimetrikos,ab,2510,263,229,0
2026-07-27T06:03:16Z,perimetrikos,ba,2094,173,164,0
2026-07-27T06:03:16Z,hatziiosif,ab,2049,307,195,0
2026-07-27T06:03:16Z,hatziiosif,ba,2045,504,202,236
2026-07-27T06:03:16Z,perikleous,ab,2016,373,275,0
2026-07-27T06:03:16Z,perikleous,ba,2649,361,273,0
2026-07-27T06:03:16Z,avraamidi,ab,1264,204,140,0
2026-07-27T06:03:16Z,avraamidi,ba,1266,191,150,0
2026-07-27T06:03:16Z,athinon,ab,1573,245,204,8
2026-07-27T06:03:16Z,athinon,ba,1040,261,134,0
2026-07-27T06:03:16Z,tasou_markou,ab,544,90,70,0
2026-07-27T06:03:16Z,tasou_markou,ba,492,55,55,0
2026-07-27T06:03:16Z,peiraios,ab,590,118,71,0
2026-07-27T06:03:16Z,peiraios,ba,590,88,64,0
2026-07-27T10:06:28Z,strovolou,ab,5400,610,504,0
2026-07-27T10:06:28Z,strovolou,ba,4712,537,404,0
2026-07-27T10:06:28Z,tseriou,ab,2555,355,225,0
2026-07-27T10:06:28Z,tseriou,ba,3739,504,372,0
2026-07-27T10:06:28Z,prodromou,ab,2418,303,254,0
2026-07-27T10:06:28Z,prodromou,ba,2414,353,299,0
2026-07-27T10:06:28Z,akropoleos,ab,5010,769,463,125
2026-07-27T10:06:28Z,akropoleos,ba,5145,744,479,0
2026-07-27T10:06:28Z,athalassas,ab,2793,494,282,0
2026-07-27T10:06:28Z,athalassas,ba,7097,770,568,0
2026-07-27T10:06:28Z,lemesou,ab,2014,305,213,0
2026-07-27T10:06:28Z,lemesou,ba,2007,295,196,0
2026-07-27T10:06:28Z,sp_kyprianou,ab,6489,730,585,0
2026-07-27T10:06:28Z,sp_kyprianou,ba,6573,808,627,0
2026-07-27T10:06:28Z,archangelou,ab,7265,590,523,0
2026-07-27T10:06:28Z,archangelou,ba,6911,679,591,0
2026-07-27T10:06:28Z,konstantinoup,ab,2628,317,291,0
2026-07-27T10:06:28Z,konstantinoup,ba,2629,332,313,0
2026-07-27T10:06:28Z,stavrou,ab,2187,257,208,0
2026-07-27T10:06:28Z,stavrou,ba,2245,244,206,0
2026-07-27T10:06:28Z,makedonitissas,ab,2904,444,408,0
2026-07-27T10:06:28Z,makedonitissas,ba,2705,313,290,0
2026-07-27T10:06:28Z,armenias,ab,1079,147,119,0
2026-07-27T10:06:28Z,armenias,ba,1079,215,132,0
2026-07-27T10:06:28Z,arch_kyprianou,ab,1777,292,214,0
2026-07-27T10:06:28Z,arch_kyprianou,ba,1726,311,202,0
2026-07-27T10:06:28Z,a1_motorway,ab,10597,351,349,0
2026-07-27T10:06:28Z,a1_motorway,ba,14048,571,558,0
2026-07-27T10:06:28Z,makariou_lakat,ab,5849,624,516,0
2026-07-27T10:06:28Z,makariou_lakat,ba,6901,690,583,0
2026-07-27T10:06:28Z,griva_digeni,ab,4212,556,441,0
2026-07-27T10:06:28Z,griva_digeni,ba,5350,852,681,0
2026-07-27T10:06:28Z,aglantzias,ab,1775,207,177,0
2026-07-27T10:06:28Z,aglantzias,ba,3098,485,372,0
2026-07-27T10:06:28Z,kranidioti,ab,1458,109,105,0
2026-07-27T10:06:28Z,kranidioti,ba,1652,120,117,0
2026-07-27T10:06:28Z,perimetrikos,ab,2510,248,229,0
2026-07-27T10:06:28Z,perimetrikos,ba,2094,178,164,0
2026-07-27T10:06:28Z,hatziiosif,ab,2049,407,195,125
2026-07-27T10:06:28Z,hatziiosif,ba,2045,318,202,0
2026-07-27T10:06:28Z,perikleous,ab,2238,433,232,0
2026-07-27T10:06:28Z,perikleous,ba,2649,354,273,0
2026-07-27T10:06:28Z,avraamidi,ab,1264,190,140,0
2026-07-27T10:06:28Z,avraamidi,ba,1266,206,150,0
2026-07-27T10:06:28Z,athinon,ab,1573,232,204,0
2026-07-27T10:06:28Z,athinon,ba,1040,261,134,0
2026-07-27T10:06:28Z,tasou_markou,ab,544,82,70,0
2026-07-27T10:06:28Z,tasou_markou,ba,492,54,55,0
2026-07-27T10:06:28Z,peiraios,ab,590,107,71,0
2026-07-27T10:06:28Z,peiraios,ba,590,87,64,0
2026-07-27T10:16:57Z,strovolou,ab,5400,612,504,0
2026-07-27T10:16:57Z,strovolou,ba,4712,539,404,0
2026-07-27T10:16:57Z,tseriou,ab,2555,357,225,0
2026-07-27T10:16:57Z,tseriou,ba,3739,505,372,0
2026-07-27T10:16:57Z,prodromou,ab,2418,303,254,0
2026-07-27T10:16:57Z,prodromou,ba,2414,354,299,0
2026-07-27T10:16:57Z,akropoleos,ab,5010,778,463,126
2026-07-27T10:16:57Z,akropoleos,ba,5145,745,479,0
2026-07-27T10:16:57Z,athalassas,ab,2793,496,282,0
2026-07-27T10:16:57Z,athalassas,ba,7097,773,568,0
2026-07-27T10:16:57Z,lemesou,ab,2014,308,213,0
2026-07-27T10:16:57Z,lemesou,ba,2007,295,196,0
2026-07-27T10:16:57Z,sp_kyprianou,ab,6489,736,585,0
2026-07-27T10:16:57Z,sp_kyprianou,ba,6573,810,627,0
2026-07-27T10:16:57Z,archangelou,ab,7265,592,523,0
2026-07-27T10:16:57Z,archangelou,ba,6911,679,591,0
2026-07-27T10:16:57Z,konstantinoup,ab,2628,316,291,0
2026-07-27T10:16:57Z,konstantinoup,ba,2629,333,313,0
2026-07-27T10:16:57Z,stavrou,ab,2187,258,208,0
2026-07-27T10:16:57Z,stavrou,ba,2245,245,206,0
2026-07-27T10:16:57Z,makedonitissas,ab,2904,445,408,0
2026-07-27T10:16:57Z,makedonitissas,ba,2705,314,290,0
2026-07-27T10:16:57Z,armenias,ab,1079,147,119,0
2026-07-27T10:16:57Z,armenias,ba,1079,216,132,0
2026-07-27T10:16:57Z,arch_kyprianou,ab,1777,293,214,0
2026-07-27T10:16:57Z,arch_kyprianou,ba,1726,312,202,0
2026-07-27T10:16:57Z,a1_motorway,ab,10597,351,349,0
2026-07-27T10:16:57Z,a1_motorway,ba,14048,571,558,0
2026-07-27T10:16:57Z,makariou_lakat,ab,5849,627,516,0
2026-07-27T10:16:57Z,makariou_lakat,ba,6901,691,583,0
2026-07-27T10:16:57Z,griva_digeni,ab,4212,558,441,0
2026-07-27T10:16:57Z,griva_digeni,ba,5350,854,681,0
2026-07-27T10:16:57Z,aglantzias,ab,1775,207,177,0
2026-07-27T10:16:57Z,aglantzias,ba,3098,486,372,0
2026-07-27T10:16:57Z,kranidioti,ab,1458,109,105,0
2026-07-27T10:16:57Z,kranidioti,ba,1652,120,117,0
2026-07-27T10:16:57Z,perimetrikos,ab,2510,249,229,0
2026-07-27T10:16:57Z,perimetrikos,ba,2094,179,164,0
2026-07-27T10:16:57Z,hatziiosif,ab,2049,417,195,126
2026-07-27T10:16:57Z,hatziiosif,ba,2045,318,202,0
2026-07-27T10:16:57Z,perikleous,ab,2238,436,232,0
2026-07-27T10:16:57Z,perikleous,ba,2649,355,273,0
2026-07-27T10:16:57Z,avraamidi,ab,1264,189,140,0
2026-07-27T10:16:57Z,avraamidi,ba,1266,206,150,0
2026-07-27T10:16:57Z,athinon,ab,1573,233,204,0
2026-07-27T10:16:57Z,athinon,ba,1040,262,134,0
2026-07-27T10:16:57Z,tasou_markou,ab,544,82,70,0
2026-07-27T10:16:57Z,tasou_markou,ba,492,54,55,0
2026-07-27T10:16:57Z,peiraios,ab,590,107,71,0
2026-07-27T10:16:57Z,peiraios,ba,590,89,64,0
2026-07-27T10:27:25Z,strovolou,ab,5400,613,504,0
2026-07-27T10:27:25Z,strovolou,ba,4712,545,404,0
2026-07-27T10:27:25Z,tseriou,ab,2555,360,225,0
2026-07-27T10:27:25Z,tseriou,ba,3739,507,372,0
2026-07-27T10:27:25Z,prodromou,ab,2418,304,254,0
2026-07-27T10:27:25Z,prodromou,ba,2414,354,299,0
2026-07-27T10:27:25Z,akropoleos,ab,5010,805,463,153
2026-07-27T10:27:25Z,akropoleos,ba,5145,751,479,0
2026-07-27T10:27:25Z,athalassas,ab,2793,500,282,0
2026-07-27T10:27:25Z,athalassas,ba,7097,778,568,0
2026-07-27T10:27:25Z,lemesou,ab,2014,314,213,0
2026-07-27T10:27:25Z,lemesou,ba,2007,297,196,0
2026-07-27T10:27:25Z,sp_kyprianou,ab,6489,743,585,0
2026-07-27T10:27:25Z,sp_kyprianou,ba,6573,811,627,0
2026-07-27T10:27:25Z,archangelou,ab,7265,596,523,0
2026-07-27T10:27:25Z,archangelou,ba,6911,681,591,0
2026-07-27T10:27:25Z,konstantinoup,ab,2628,315,291,0
2026-07-27T10:27:25Z,konstantinoup,ba,2629,333,313,0
2026-07-27T10:27:25Z,stavrou,ab,2187,261,208,0
2026-07-27T10:27:25Z,stavrou,ba,2245,246,206,0
2026-07-27T10:27:25Z,makedonitissas,ab,2904,448,408,0
2026-07-27T10:27:25Z,makedonitissas,ba,2705,316,290,0
2026-07-27T10:27:25Z,armenias,ab,1079,147,119,0
2026-07-27T10:27:25Z,armenias,ba,1079,218,132,0
2026-07-27T10:27:25Z,arch_kyprianou,ab,1777,296,214,0
2026-07-27T10:27:25Z,arch_kyprianou,ba,1726,314,202,0
2026-07-27T10:27:25Z,a1_motorway,ab,10597,351,349,0
2026-07-27T10:27:25Z,a1_motorway,ba,14048,571,558,0
2026-07-27T10:27:25Z,makariou_lakat,ab,5849,629,516,0
2026-07-27T10:27:25Z,makariou_lakat,ba,6901,695,583,0
2026-07-27T10:27:25Z,griva_digeni,ab,4212,562,441,0
2026-07-27T10:27:25Z,griva_digeni,ba,5350,857,681,0
2026-07-27T10:27:25Z,aglantzias,ab,1775,208,177,0
2026-07-27T10:27:25Z,aglantzias,ba,3098,487,372,0
2026-07-27T10:27:25Z,kranidioti,ab,1458,110,105,0
2026-07-27T10:27:25Z,kranidioti,ba,1652,120,117,0
2026-07-27T10:27:25Z,perimetrikos,ab,2510,249,229,0
2026-07-27T10:27:25Z,perimetrikos,ba,2094,179,164,0
2026-07-27T10:27:25Z,hatziiosif,ab,2049,440,195,153
2026-07-27T10:27:25Z,hatziiosif,ba,2045,319,202,0
2026-07-27T10:27:25Z,perikleous,ab,2238,439,232,0
2026-07-27T10:27:25Z,perikleous,ba,2649,356,273,0
2026-07-27T10:27:25Z,avraamidi,ab,1264,190,140,0
2026-07-27T10:27:25Z,avraamidi,ba,1266,207,150,0
2026-07-27T10:27:25Z,athinon,ab,1573,234,204,0
2026-07-27T10:27:25Z,athinon,ba,1040,263,134,0
2026-07-27T10:27:25Z,tasou_markou,ab,544,82,70,0
2026-07-27T10:27:25Z,tasou_markou,ba,492,54,55,0
2026-07-27T10:27:25Z,peiraios,ab,590,107,71,0
2026-07-27T10:27:25Z,peiraios,ba,590,90,64,0
2026-07-27T10:37:55Z,strovolou,ab,5400,614,504,0
2026-07-27T10:37:55Z,strovolou,ba,4712,553,404,0
2026-07-27T10:37:55Z,tseriou,ab,2555,364,225,0
2026-07-27T10:37:55Z,tseriou,ba,3739,509,372,0
2026-07-27T10:37:55Z,prodromou,ab,2418,304,254,0
2026-07-27T10:37:55Z,prodromou,ba,2414,355,299,0
2026-07-27T10:37:55Z,akropoleos,ab,5010,757,463,0
2026-07-27T10:37:55Z,akropoleos,ba,5145,756,479,0
2026-07-27T10:37:55Z,athalassas,ab,2793,503,282,0
2026-07-27T10:37:55Z,athalassas,ba,7097,784,568,0
2026-07-27T10:37:55Z,lemesou,ab,2014,319,213,0
2026-07-27T10:37:55Z,lemesou,ba,2007,298,196,0
2026-07-27T10:37:55Z,sp_kyprianou,ab,6489,812,585,92
2026-07-27T10:37:55Z,sp_kyprianou,ba,6573,819,627,0
2026-07-27T10:37:55Z,archangelou,ab,7265,601,523,0
2026-07-27T10:37:55Z,archangelou,ba,6911,682,591,0
2026-07-27T10:37:55Z,konstantinoup,ab,2628,315,291,0
2026-07-27T10:37:55Z,konstantinoup,ba,2629,333,313,0
2026-07-27T10:37:55Z,stavrou,ab,2187,264,208,0
2026-07-27T10:37:55Z,stavrou,ba,2245,247,206,0
2026-07-27T10:37:55Z,makedonitissas,ab,2904,451,408,0
2026-07-27T10:37:55Z,makedonitissas,ba,2705,317,290,0
2026-07-27T10:37:55Z,armenias,ab,1079,148,119,0
2026-07-27T10:37:55Z,armenias,ba,1079,221,132,0
2026-07-27T10:37:55Z,arch_kyprianou,ab,1777,301,214,0
2026-07-27T10:37:55Z,arch_kyprianou,ba,1726,316,202,0
2026-07-27T10:37:55Z,a1_motorway,ab,10597,351,349,0
2026-07-27T10:37:55Z,a1_motorway,ba,14048,572,558,0
2026-07-27T10:37:55Z,makariou_lakat,ab,5849,633,516,0
2026-07-27T10:37:55Z,makariou_lakat,ba,6901,697,583,0
2026-07-27T10:37:55Z,griva_digeni,ab,4212,624,441,92
2026-07-27T10:37:55Z,griva_digeni,ba,5350,862,681,0
2026-07-27T10:37:55Z,aglantzias,ab,1775,208,177,0
2026-07-27T10:37:55Z,aglantzias,ba,3098,489,372,0
2026-07-27T10:37:55Z,kranidioti,ab,1458,110,105,0
2026-07-27T10:37:55Z,kranidioti,ba,1652,120,117,0
2026-07-27T10:37:55Z,perimetrikos,ab,2510,249,229,0
2026-07-27T10:37:55Z,perimetrikos,ba,2094,180,164,0
2026-07-27T10:37:55Z,hatziiosif,ab,2049,390,195,0
2026-07-27T10:37:55Z,hatziiosif,ba,2045,322,202,0
2026-07-27T10:37:55Z,perikleous,ab,2238,448,232,0
2026-07-27T10:37:55Z,perikleous,ba,2649,358,273,0
2026-07-27T10:37:55Z,avraamidi,ab,1264,191,140,0
2026-07-27T10:37:55Z,avraamidi,ba,1266,209,150,0
2026-07-27T10:37:55Z,athinon,ab,1573,234,204,0
2026-07-27T10:37:55Z,athinon,ba,1040,265,134,0
2026-07-27T10:37:55Z,tasou_markou,ab,544,82,70,0
2026-07-27T10:37:55Z,tasou_markou,ba,492,54,55,0
2026-07-27T10:37:55Z,peiraios,ab,590,109,71,0
2026-07-27T10:37:55Z,peiraios,ba,590,91,64,0
2026-07-27T10:48:22Z,strovolou,ab,5400,617,504,0
2026-07-27T10:48:22Z,strovolou,ba,4712,560,404,0
2026-07-27T10:48:22Z,tseriou,ab,2555,372,225,0
2026-07-27T10:48:22Z,tseriou,ba,3739,511,372,0
2026-07-27T10:48:22Z,prodromou,ab,2418,306,254,0
2026-07-27T10:48:22Z,prodromou,ba,2414,357,299,0
2026-07-27T10:48:22Z,akropoleos,ab,8641,829,615,0
2026-07-27T10:48:22Z,akropoleos,ba,5145,759,479,0
2026-07-27T10:48:22Z,athalassas,ab,2793,511,282,0
2026-07-27T10:48:22Z,athalassas,ba,7097,791,568,0
2026-07-27T10:48:22Z,lemesou,ab,2014,328,213,0
2026-07-27T10:48:22Z,lemesou,ba,2007,299,196,0
2026-07-27T10:48:22Z,sp_kyprianou,ab,6489,767,585,0
2026-07-27T10:48:22Z,sp_kyprianou,ba,6573,822,627,0
2026-07-27T10:48:22Z,archangelou,ab,7265,608,523,0
2026-07-27T10:48:22Z,archangelou,ba,6911,686,591,0
2026-07-27T10:48:22Z,konstantinoup,ab,2628,315,291,0
2026-07-27T10:48:22Z,konstantinoup,ba,2629,334,313,0
2026-07-27T10:48:22Z,stavrou,ab,2187,268,208,0
2026-07-27T10:48:22Z,stavrou,ba,2245,248,206,0
2026-07-27T10:48:22Z,makedonitissas,ab,2904,455,408,0
2026-07-27T10:48:22Z,makedonitissas,ba,2705,319,290,0
2026-07-27T10:48:22Z,armenias,ab,1079,148,119,0
2026-07-27T10:48:22Z,armenias,ba,1079,224,132,0
2026-07-27T10:48:22Z,arch_kyprianou,ab,1777,306,214,0
2026-07-27T10:48:22Z,arch_kyprianou,ba,1726,318,202,0
2026-07-27T10:48:22Z,a1_motorway,ab,10597,351,349,0
2026-07-27T10:48:22Z,a1_motorway,ba,14048,572,558,0
2026-07-27T10:48:22Z,makariou_lakat,ab,5849,637,516,0
2026-07-27T10:48:22Z,makariou_lakat,ba,6901,702,583,0
2026-07-27T10:48:22Z,griva_digeni,ab,4212,573,441,0
2026-07-27T10:48:22Z,griva_digeni,ba,5350,865,681,0
2026-07-27T10:48:22Z,aglantzias,ab,1775,208,177,0
2026-07-27T10:48:22Z,aglantzias,ba,3098,492,372,0
2026-07-27T10:48:22Z,kranidioti,ab,1458,110,105,0
2026-07-27T10:48:22Z,kranidioti,ba,1652,121,117,0
2026-07-27T10:48:22Z,perimetrikos,ab,2510,249,229,0
2026-07-27T10:48:22Z,perimetrikos,ba,2094,180,164,0
2026-07-27T10:48:22Z,hatziiosif,ab,4136,526,332,0
2026-07-27T10:48:22Z,hatziiosif,ba,2045,323,202,0
2026-07-27T10:48:22Z,perikleous,ab,2016,420,275,0
2026-07-27T10:48:22Z,perikleous,ba,2649,361,273,0
2026-07-27T10:48:22Z,avraamidi,ab,1264,191,140,0
2026-07-27T10:48:22Z,avraamidi,ba,1266,213,150,0
2026-07-27T10:48:22Z,athinon,ab,1573,236,204,0
2026-07-27T10:48:22Z,athinon,ba,1040,267,134,0
2026-07-27T10:48:22Z,tasou_markou,ab,544,82,70,0
2026-07-27T10:48:22Z,tasou_markou,ba,492,54,55,0
2026-07-27T10:48:22Z,peiraios,ab,590,109,71,0
2026-07-27T10:48:22Z,peiraios,ba,590,92,64,0
2026-07-27T10:58:49Z,strovolou,ab,5400,620,504,0
2026-07-27T10:58:49Z,strovolou,ba,4712,567,404,0
2026-07-27T10:58:49Z,tseriou,ab,2555,379,225,0
2026-07-27T10:58:49Z,tseriou,ba,3739,513,372,0
2026-07-27T10:58:49Z,prodromou,ab,2418,307,254,0
2026-07-27T10:58:49Z,prodromou,ba,2414,357,299,0
2026-07-27T10:58:49Z,akropoleos,ab,5010,942,463,288
2026-07-27T10:58:49Z,akropoleos,ba,5145,766,479,0
2026-07-27T10:58:49Z,athalassas,ab,2793,518,282,0
2026-07-27T10:58:49Z,athalassas,ba,7097,800,568,0
2026-07-27T10:58:49Z,lemesou,ab,2014,335,213,0
2026-07-27T10:58:49Z,lemesou,ba,2007,303,196,0
2026-07-27T10:58:49Z,sp_kyprianou,ab,6489,778,585,0
2026-07-27T10:58:49Z,sp_kyprianou,ba,6573,827,627,0
2026-07-27T10:58:49Z,archangelou,ab,7265,615,523,0
2026-07-27T10:58:49Z,archangelou,ba,6911,688,591,0
2026-07-27T10:58:49Z,konstantinoup,ab,2628,314,291,0
2026-07-27T10:58:49Z,konstantinoup,ba,2629,335,313,0
2026-07-27T10:58:49Z,stavrou,ab,2187,272,208,0
2026-07-27T10:58:49Z,stavrou,ba,2245,249,206,0
2026-07-27T10:58:49Z,makedonitissas,ab,2904,460,408,0
2026-07-27T10:58:49Z,makedonitissas,ba,2705,321,290,0
2026-07-27T10:58:49Z,armenias,ab,1079,149,119,0
2026-07-27T10:58:49Z,armenias,ba,1079,228,132,0
2026-07-27T10:58:49Z,arch_kyprianou,ab,1777,313,214,0
2026-07-27T10:58:49Z,arch_kyprianou,ba,1726,320,202,0
2026-07-27T10:58:49Z,a1_motorway,ab,10597,351,349,0
2026-07-27T10:58:49Z,a1_motorway,ba,14048,573,558,0
2026-07-27T10:58:49Z,makariou_lakat,ab,5849,641,516,0
2026-07-27T10:58:49Z,makariou_lakat,ba,6901,706,583,0
2026-07-27T10:58:49Z,griva_digeni,ab,4212,578,441,0
2026-07-27T10:58:49Z,griva_digeni,ba,5350,870,681,0
2026-07-27T10:58:49Z,aglantzias,ab,1775,208,177,0
2026-07-27T10:58:49Z,aglantzias,ba,3098,495,372,0
2026-07-27T10:58:49Z,kranidioti,ab,1458,110,105,0
2026-07-27T10:58:49Z,kranidioti,ba,1652,122,117,0
2026-07-27T10:58:49Z,perimetrikos,ab,2510,249,229,0
2026-07-27T10:58:49Z,perimetrikos,ba,2094,182,164,0
2026-07-27T10:58:49Z,hatziiosif,ab,2049,418,195,125
2026-07-27T10:58:49Z,hatziiosif,ba,2045,327,202,0
2026-07-27T10:58:49Z,perikleous,ab,2016,424,275,0
2026-07-27T10:58:49Z,perikleous,ba,2649,362,273,0
2026-07-27T10:58:49Z,avraamidi,ab,1264,192,140,0
2026-07-27T10:58:49Z,avraamidi,ba,1266,216,150,0
2026-07-27T10:58:49Z,athinon,ab,1573,237,204,0
2026-07-27T10:58:49Z,athinon,ba,1040,268,134,0
2026-07-27T10:58:49Z,tasou_markou,ab,544,82,70,0
2026-07-27T10:58:49Z,tasou_markou,ba,492,54,55,0
2026-07-27T10:58:49Z,peiraios,ab,590,109,71,0
2026-07-27T10:58:49Z,peiraios,ba,590,94,64,0
2026-07-27T11:09:18Z,strovolou,ab,5400,606,504,0
2026-07-27T11:09:18Z,strovolou,ba,4712,552,404,0
2026-07-27T11:09:18Z,tseriou,ab,2555,366,225,0
2026-07-27T11:09:18Z,tseriou,ba,3739,505,372,0
2026-07-27T11:09:18Z,prodromou,ab,2418,299,254,0
2026-07-27T11:09:18Z,prodromou,ba,2414,351,299,0
2026-07-27T11:09:18Z,akropoleos,ab,5010,782,463,126
2026-07-27T11:09:18Z,akropoleos,ba,5145,741,479,0
2026-07-27T11:09:18Z,athalassas,ab,2793,501,282,0
2026-07-27T11:09:18Z,athalassas,ba,6269,777,543,0
2026-07-27T11:09:18Z,lemesou,ab,2014,332,213,0
2026-07-27T11:09:18Z,lemesou,ba,2007,290,196,0
2026-07-27T11:09:18Z,sp_kyprianou,ab,6489,767,585,0
2026-07-27T11:09:18Z,sp_kyprianou,ba,6573,802,627,0
2026-07-27T11:09:18Z,archangelou,ab,7265,605,523,0
2026-07-27T11:09:18Z,archangelou,ba,6911,674,591,0
2026-07-27T11:09:18Z,konstantinoup,ab,2628,309,291,0
2026-07-27T11:09:18Z,konstantinoup,ba,2629,329,313,0
2026-07-27T11:09:18Z,stavrou,ab,2187,268,208,0
2026-07-27T11:09:18Z,stavrou,ba,2245,243,206,0
2026-07-27T11:09:18Z,makedonitissas,ab,2904,457,408,0
2026-07-27T11:09:18Z,makedonitissas,ba,2705,318,290,0
2026-07-27T11:09:18Z,armenias,ab,1079,145,119,0
2026-07-27T11:09:18Z,armenias,ba,1079,222,132,0
2026-07-27T11:09:18Z,arch_kyprianou,ab,1777,305,214,0
2026-07-27T11:09:18Z,arch_kyprianou,ba,1726,313,202,0
2026-07-27T11:09:18Z,a1_motorway,ab,10597,351,349,0
2026-07-27T11:09:18Z,a1_motorway,ba,14048,570,558,0
2026-07-27T11:09:18Z,makariou_lakat,ab,5849,625,516,0
2026-07-27T11:09:18Z,makariou_lakat,ba,6901,689,583,0
2026-07-27T11:09:18Z,griva_digeni,ab,4212,568,441,0
2026-07-27T11:09:18Z,griva_digeni,ba,5350,847,681,0
2026-07-27T11:09:18Z,aglantzias,ab,1775,205,177,0
2026-07-27T11:09:18Z,aglantzias,ba,3098,479,372,0
2026-07-27T11:09:18Z,kranidioti,ab,1458,109,105,0
2026-07-27T11:09:18Z,kranidioti,ba,1652,120,117,0
2026-07-27T11:09:18Z,perimetrikos,ab,2510,246,229,0
2026-07-27T11:09:18Z,perimetrikos,ba,2094,178,164,0
2026-07-27T11:09:18Z,hatziiosif,ab,2049,416,195,126
2026-07-27T11:09:18Z,hatziiosif,ba,2045,312,202,0
2026-07-27T11:09:18Z,perikleous,ab,2016,411,275,0
2026-07-27T11:09:18Z,perikleous,ba,2649,350,273,0
2026-07-27T11:09:18Z,avraamidi,ab,1264,186,140,0
2026-07-27T11:09:18Z,avraamidi,ba,1266,210,150,0
2026-07-27T11:09:18Z,athinon,ab,1573,233,204,0
2026-07-27T11:09:18Z,athinon,ba,1040,262,134,0
2026-07-27T11:09:18Z,tasou_markou,ab,544,81,70,0
2026-07-27T11:09:18Z,tasou_markou,ba,492,54,55,0
2026-07-27T11:09:18Z,peiraios,ab,590,108,71,0
2026-07-27T11:09:18Z,peiraios,ba,590,92,64,0
2026-07-27T11:19:46Z,strovolou,ab,5400,608,504,0
2026-07-27T11:19:46Z,strovolou,ba,4712,563,404,0
2026-07-27T11:19:46Z,tseriou,ab,2555,377,225,0
2026-07-27T11:19:46Z,tseriou,ba,3739,509,372,0
2026-07-27T11:19:46Z,prodromou,ab,2418,301,254,0
2026-07-27T11:19:46Z,prodromou,ba,2414,352,299,0
2026-07-27T11:19:46Z,akropoleos,ab,5010,762,463,0
2026-07-27T11:19:46Z,akropoleos,ba,5145,753,479,0
2026-07-27T11:19:46Z,athalassas,ab,2793,508,282,0
2026-07-27T11:19:46Z,athalassas,ba,6269,786,543,0
2026-07-27T11:19:46Z,lemesou,ab,2014,339,213,0
2026-07-27T11:19:46Z,lemesou,ba,2007,293,196,0
2026-07-27T11:19:46Z,sp_kyprianou,ab,6489,775,585,0
2026-07-27T11:19:46Z,sp_kyprianou,ba,6573,807,627,0
2026-07-27T11:19:46Z,archangelou,ab,7265,612,523,0
2026-07-27T11:19:46Z,archangelou,ba,6911,675,591,0
2026-07-27T11:19:46Z,konstantinoup,ab,2628,309,291,0
2026-07-27T11:19:46Z,konstantinoup,ba,2629,330,313,0
2026-07-27T11:19:46Z,stavrou,ab,2187,273,208,0
2026-07-27T11:19:46Z,stavrou,ba,2245,244,206,0
2026-07-27T11:19:46Z,makedonitissas,ab,2904,460,408,0
2026-07-27T11:19:46Z,makedonitissas,ba,2705,319,290,0
2026-07-27T11:19:46Z,armenias,ab,1079,145,119,0
2026-07-27T11:19:46Z,armenias,ba,1079,225,132,0
2026-07-27T11:19:46Z,arch_kyprianou,ab,1777,309,214,0
2026-07-27T11:19:46Z,arch_kyprianou,ba,1726,315,202,0
2026-07-27T11:19:46Z,a1_motorway,ab,10597,351,349,0
2026-07-27T11:19:46Z,a1_motorway,ba,14048,570,558,0
2026-07-27T11:19:46Z,makariou_lakat,ab,5849,633,516,0
2026-07-27T11:19:46Z,makariou_lakat,ba,6901,693,583,0
2026-07-27T11:19:46Z,griva_digeni,ab,4212,573,441,0
2026-07-27T11:19:46Z,griva_digeni,ba,5350,850,681,0
2026-07-27T11:19:46Z,aglantzias,ab,1775,205,177,0
2026-07-27T11:19:46Z,aglantzias,ba,3098,482,372,0
2026-07-27T11:19:46Z,kranidioti,ab,1458,109,105,0
2026-07-27T11:19:46Z,kranidioti,ba,1652,121,117,0
2026-07-27T11:19:46Z,perimetrikos,ab,2510,245,229,0
2026-07-27T11:19:46Z,perimetrikos,ba,2094,179,164,0
2026-07-27T11:19:46Z,hatziiosif,ab,2049,395,195,0
2026-07-27T11:19:46Z,hatziiosif,ba,2045,314,202,0
2026-07-27T11:19:46Z,perikleous,ab,2016,412,275,0
2026-07-27T11:19:46Z,perikleous,ba,2649,353,273,0
2026-07-27T11:19:46Z,avraamidi,ab,1264,187,140,0
2026-07-27T11:19:46Z,avraamidi,ba,1266,215,150,0
2026-07-27T11:19:46Z,athinon,ab,1573,235,204,0
2026-07-27T11:19:46Z,athinon,ba,1040,265,134,0
2026-07-27T11:19:46Z,tasou_markou,ab,544,81,70,0
2026-07-27T11:19:46Z,tasou_markou,ba,492,54,55,0
2026-07-27T11:19:46Z,peiraios,ab,590,108,71,0
2026-07-27T11:19:46Z,peiraios,ba,590,93,64,0
2026-07-27T12:01:04Z,strovolou,ab,5400,617,504,0
2026-07-27T12:01:04Z,strovolou,ba,4712,687,404,141
2026-07-27T12:01:04Z,tseriou,ab,3240,356,284,0
2026-07-27T12:01:04Z,tseriou,ba,3739,510,372,0
2026-07-27T12:01:04Z,prodromou,ab,2418,302,254,0
2026-07-27T12:01:04Z,prodromou,ba,2414,354,299,0
2026-07-27T12:01:04Z,akropoleos,ab,5010,899,463,223
2026-07-27T12:01:04Z,akropoleos,ba,5145,775,479,0
2026-07-27T12:01:04Z,athalassas,ab,2793,536,282,0
2026-07-27T12:01:04Z,athalassas,ba,6269,814,543,0
2026-07-27T12:01:04Z,lemesou,ab,2798,521,415,0
2026-07-27T12:01:04Z,lemesou,ba,2007,299,196,0
2026-07-27T12:01:04Z,sp_kyprianou,ab,6614,958,667,0
2026-07-27T12:01:04Z,sp_kyprianou,ba,6573,823,627,0
2026-07-27T12:01:04Z,archangelou,ab,6502,766,604,0
2026-07-27T12:01:04Z,archangelou,ba,6911,686,591,0
2026-07-27T12:01:04Z,konstantinoup,ab,2628,305,291,0
2026-07-27T12:01:04Z,konstantinoup,ba,2629,333,313,0
2026-07-27T12:01:04Z,stavrou,ab,2187,300,208,0
2026-07-27T12:01:04Z,stavrou,ba,2245,249,206,0
2026-07-27T12:01:04Z,makedonitissas,ab,2904,613,408,176
2026-07-27T12:01:04Z,makedonitissas,ba,2705,330,290,0
2026-07-27T12:01:04Z,armenias,ab,1079,147,119,0
2026-07-27T12:01:04Z,armenias,ba,1079,236,132,0
2026-07-27T12:01:04Z,arch_kyprianou,ab,1652,296,254,0
2026-07-27T12:01:04Z,arch_kyprianou,ba,1726,328,202,0
2026-07-27T12:01:04Z,a1_motorway,ab,10597,351,349,0
2026-07-27T12:01:04Z,a1_motorway,ba,14048,571,558,0
2026-07-27T12:01:04Z,makariou_lakat,ab,5849,663,516,0
2026-07-27T12:01:04Z,makariou_lakat,ba,6901,709,583,0
2026-07-27T12:01:04Z,griva_digeni,ab,4212,604,441,0
2026-07-27T12:01:04Z,griva_digeni,ba,5350,872,681,0
2026-07-27T12:01:04Z,aglantzias,ab,1775,207,177,0
2026-07-27T12:01:04Z,aglantzias,ba,3098,495,372,0
2026-07-27T12:01:04Z,kranidioti,ab,1458,110,105,0
2026-07-27T12:01:04Z,kranidioti,ba,1652,124,117,0
2026-07-27T12:01:04Z,perimetrikos,ab,2510,246,229,0
2026-07-27T12:01:04Z,perimetrikos,ba,2094,184,164,0
2026-07-27T12:01:04Z,hatziiosif,ab,2049,511,195,223
2026-07-27T12:01:04Z,hatziiosif,ba,2045,322,202,0
2026-07-27T12:01:04Z,perikleous,ab,2016,429,275,0
2026-07-27T12:01:04Z,perikleous,ba,2649,378,273,28
2026-07-27T12:01:04Z,avraamidi,ab,1264,190,140,0
2026-07-27T12:01:04Z,avraamidi,ba,1266,230,150,0
2026-07-27T12:01:04Z,athinon,ab,1573,241,204,0
2026-07-27T12:01:04Z,athinon,ba,1040,274,134,0
2026-07-27T12:01:04Z,tasou_markou,ab,544,81,70,0
2026-07-27T12:01:04Z,tasou_markou,ba,492,54,55,0
2026-07-27T12:01:04Z,peiraios,ab,590,111,71,0
2026-07-27T12:01:04Z,peiraios,ba,590,103,64,0
2026-07-27T15:07:53Z,strovolou,ab,5400,626,504,0
2026-07-27T15:07:53Z,strovolou,ba,4712,750,404,150
2026-07-27T15:07:53Z,tseriou,ab,3240,373,284,0
2026-07-27T15:07:53Z,tseriou,ba,3739,530,372,0
2026-07-27T15:07:53Z,prodromou,ab,2418,307,254,0
2026-07-27T15:07:53Z,prodromou,ba,2414,360,299,0
2026-07-27T15:07:53Z,akropoleos,ab,5010,945,463,246
2026-07-27T15:07:53Z,akropoleos,ba,5145,741,479,0
2026-07-27T15:07:53Z,athalassas,ab,2793,518,282,0
2026-07-27T15:07:53Z,athalassas,ba,6037,809,534,0
2026-07-27T15:07:53Z,lemesou,ab,2386,427,292,0
2026-07-27T15:07:53Z,lemesou,ba,2007,290,196,0
2026-07-27T15:07:53Z,sp_kyprianou,ab,7006,916,673,0
2026-07-27T15:07:53Z,sp_kyprianou,ba,6573,808,627,0
2026-07-27T15:07:53Z,archangelou,ab,7265,733,523,0
2026-07-27T15:07:53Z,archangelou,ba,6911,690,591,0
2026-07-27T15:07:53Z,konstantinoup,ab,2628,322,291,0
2026-07-27T15:07:53Z,konstantinoup,ba,2629,339,313,0
2026-07-27T15:07:53Z,stavrou,ab,2187,306,208,0
2026-07-27T15:07:53Z,stavrou,ba,2245,250,206,0
2026-07-27T15:07:53Z,makedonitissas,ab,2904,523,408,0
2026-07-27T15:07:53Z,makedonitissas,ba,2705,343,290,0
2026-07-27T15:07:53Z,armenias,ab,1079,151,119,0
2026-07-27T15:07:53Z,armenias,ba,1079,251,132,0
2026-07-27T15:07:53Z,arch_kyprianou,ab,1652,313,254,0
2026-07-27T15:07:53Z,arch_kyprianou,ba,1726,334,202,0
2026-07-27T15:07:53Z,a1_motorway,ab,10597,351,349,0
2026-07-27T15:07:53Z,a1_motorway,ba,14048,569,558,0
2026-07-27T15:07:53Z,makariou_lakat,ab,6453,729,558,0
2026-07-27T15:07:53Z,makariou_lakat,ba,6901,744,583,0
2026-07-27T15:07:53Z,griva_digeni,ab,5053,726,582,0
2026-07-27T15:07:53Z,griva_digeni,ba,5350,866,681,0
2026-07-27T15:07:53Z,aglantzias,ab,1775,214,177,0
2026-07-27T15:07:53Z,aglantzias,ba,3098,492,372,0
2026-07-27T15:07:53Z,kranidioti,ab,1458,113,105,0
2026-07-27T15:07:53Z,kranidioti,ba,1652,138,117,0
2026-07-27T15:07:53Z,perimetrikos,ab,2510,256,229,0
2026-07-27T15:07:53Z,perimetrikos,ba,2094,208,164,0
2026-07-27T15:07:53Z,hatziiosif,ab,2049,423,195,126
2026-07-27T15:07:53Z,hatziiosif,ba,2045,305,202,0
2026-07-27T15:07:53Z,perikleous,ab,2391,557,251,122
2026-07-27T15:07:53Z,perikleous,ba,2649,383,273,28
2026-07-27T15:07:53Z,avraamidi,ab,1264,194,140,0
2026-07-27T15:07:53Z,avraamidi,ba,1266,221,150,0
2026-07-27T15:07:53Z,athinon,ab,1573,264,204,0
2026-07-27T15:07:53Z,athinon,ba,1040,282,134,0
2026-07-27T15:07:53Z,tasou_markou,ab,544,82,70,0
2026-07-27T15:07:53Z,tasou_markou,ba,492,54,55,0
2026-07-27T15:07:53Z,peiraios,ab,590,111,71,0
2026-07-27T15:07:53Z,peiraios,ba,590,106,64,0
2026-07-27T15:18:21Z,strovolou,ab,5400,619,504,0
2026-07-27T15:18:21Z,strovolou,ba,4712,754,404,173
2026-07-27T15:18:21Z,tseriou,ab,3240,367,284,0
2026-07-27T15:18:21Z,tseriou,ba,3739,514,372,0
2026-07-27T15:18:21Z,prodromou,ab,2418,304,254,0
2026-07-27T15:18:21Z,prodromou,ba,2414,357,299,0
2026-07-27T15:18:21Z,akropoleos,ab,7073,877,590,0
2026-07-27T15:18:21Z,akropoleos,ba,5145,716,479,0
2026-07-27T15:18:21Z,athalassas,ab,2793,487,282,0
2026-07-27T15:18:21Z,athalassas,ba,6037,792,534,0
2026-07-27T15:18:21Z,lemesou,ab,2014,434,213,116
2026-07-27T15:18:21Z,lemesou,ba,2007,283,196,0
2026-07-27T15:18:21Z,sp_kyprianou,ab,6489,1017,585,217
2026-07-27T15:18:21Z,sp_kyprianou,ba,6573,792,627,0
2026-07-27T15:18:21Z,archangelou,ab,7265,797,523,125
2026-07-27T15:18:21Z,archangelou,ba,6911,682,591,0
2026-07-27T15:18:21Z,konstantinoup,ab,2628,320,291,0
2026-07-27T15:18:21Z,konstantinoup,ba,2629,337,313,0
2026-07-27T15:18:21Z,stavrou,ab,2187,295,208,0
2026-07-27T15:18:21Z,stavrou,ba,2245,248,206,0
2026-07-27T15:18:21Z,makedonitissas,ab,2904,503,408,0
2026-07-27T15:18:21Z,makedonitissas,ba,2705,338,290,0
2026-07-27T15:18:21Z,armenias,ab,1079,150,119,0
2026-07-27T15:18:21Z,armenias,ba,1079,237,132,0
2026-07-27T15:18:21Z,arch_kyprianou,ab,1652,308,254,0
2026-07-27T15:18:21Z,arch_kyprianou,ba,1726,317,202,0
2026-07-27T15:18:21Z,a1_motorway,ab,10597,351,349,0
2026-07-27T15:18:21Z,a1_motorway,ba,14048,568,558,0
2026-07-27T15:18:21Z,makariou_lakat,ab,6453,711,558,0
2026-07-27T15:18:21Z,makariou_lakat,ba,6901,734,583,0
2026-07-27T15:18:21Z,griva_digeni,ab,4212,613,441,0
2026-07-27T15:18:21Z,griva_digeni,ba,5350,851,681,0
2026-07-27T15:18:21Z,aglantzias,ab,1775,212,177,0
2026-07-27T15:18:21Z,aglantzias,ba,3098,484,372,0
2026-07-27T15:18:21Z,kranidioti,ab,1458,112,105,0
2026-07-27T15:18:21Z,kranidioti,ba,1652,135,117,0
2026-07-27T15:18:21Z,perimetrikos,ab,2510,254,229,0
2026-07-27T15:18:21Z,perimetrikos,ba,2094,198,164,0
2026-07-27T15:18:21Z,hatziiosif,ab,4136,497,332,0
2026-07-27T15:18:21Z,hatziiosif,ba,2045,295,202,0
2026-07-27T15:18:21Z,perikleous,ab,2238,500,232,129
2026-07-27T15:18:21Z,perikleous,ba,2649,384,273,33
2026-07-27T15:18:21Z,avraamidi,ab,1264,191,140,0
2026-07-27T15:18:21Z,avraamidi,ba,1266,213,150,0
2026-07-27T15:18:21Z,athinon,ab,1573,257,204,0
2026-07-27T15:18:21Z,athinon,ba,1040,269,134,0
2026-07-27T15:18:21Z,tasou_markou,ab,544,82,70,0
2026-07-27T15:18:21Z,tasou_markou,ba,492,54,55,0
2026-07-27T15:18:21Z,peiraios,ab,590,102,71,0
2026-07-27T15:18:21Z,peiraios,ba,590,103,64,0
2026-07-27T15:28:48Z,strovolou,ab,5400,610,504,0
2026-07-27T15:28:48Z,strovolou,ba,4712,632,404,0
2026-07-27T15:28:48Z,tseriou,ab,3240,360,284,0
2026-07-27T15:28:48Z,tseriou,ba,3739,506,372,0
2026-07-27T15:28:48Z,prodromou,ab,2418,300,254,0
2026-07-27T15:28:48Z,prodromou,ba,2414,353,299,0
2026-07-27T15:28:48Z,akropoleos,ab,5010,820,463,153
2026-07-27T15:28:48Z,akropoleos,ba,5145,697,479,0
2026-07-27T15:28:48Z,athalassas,ab,2793,471,282,0
2026-07-27T15:28:48Z,athalassas,ba,6037,771,534,0
2026-07-27T15:28:48Z,lemesou,ab,2386,400,292,0
2026-07-27T15:28:48Z,lemesou,ba,2007,276,196,0
2026-07-27T15:28:48Z,sp_kyprianou,ab,6489,827,585,0
2026-07-27T15:28:48Z,sp_kyprianou,ba,6573,776,627,0
2026-07-27T15:28:48Z,archangelou,ab,7265,686,523,0
2026-07-27T15:28:48Z,archangelou,ba,6911,674,591,0
2026-07-27T15:28:48Z,konstantinoup,ab,2628,319,291,0
2026-07-27T15:28:48Z,konstantinoup,ba,2629,334,313,0
2026-07-27T15:28:48Z,stavrou,ab,2187,285,208,0
2026-07-27T15:28:48Z,stavrou,ba,2245,245,206,0
2026-07-27T15:28:48Z,makedonitissas,ab,2904,489,408,0
2026-07-27T15:28:48Z,makedonitissas,ba,2705,332,290,0
2026-07-27T15:28:48Z,armenias,ab,1079,148,119,0
2026-07-27T15:28:48Z,armenias,ba,1079,226,132,0
2026-07-27T15:28:48Z,arch_kyprianou,ab,1652,302,254,0
2026-07-27T15:28:48Z,arch_kyprianou,ba,1726,308,202,0
2026-07-27T15:28:48Z,a1_motorway,ab,10597,351,349,0
2026-07-27T15:28:48Z,a1_motorway,ba,14048,567,558,0
2026-07-27T15:28:48Z,makariou_lakat,ab,5849,694,516,0
2026-07-27T15:28:48Z,makariou_lakat,ba,6901,721,583,0
2026-07-27T15:28:48Z,griva_digeni,ab,4212,588,441,0
2026-07-27T15:28:48Z,griva_digeni,ba,5350,838,681,0
2026-07-27T15:28:48Z,aglantzias,ab,1775,210,177,0
2026-07-27T15:28:48Z,aglantzias,ba,3098,477,372,0
2026-07-27T15:28:48Z,kranidioti,ab,1458,111,105,0
2026-07-27T15:28:48Z,kranidioti,ba,1652,132,117,0
2026-07-27T15:28:48Z,perimetrikos,ab,2510,254,229,0
2026-07-27T15:28:48Z,perimetrikos,ba,2094,194,164,0
2026-07-27T15:28:48Z,hatziiosif,ab,2049,408,195,126
2026-07-27T15:28:48Z,hatziiosif,ba,2045,288,202,0
2026-07-27T15:28:48Z,perikleous,ab,2238,406,232,0
2026-07-27T15:28:48Z,perikleous,ba,2649,355,273,0
2026-07-27T15:28:48Z,avraamidi,ab,1264,189,140,0
2026-07-27T15:28:48Z,avraamidi,ba,1266,205,150,0
2026-07-27T15:28:48Z,athinon,ab,1573,253,204,0
2026-07-27T15:28:48Z,athinon,ba,1040,262,134,0
2026-07-27T15:28:48Z,tasou_markou,ab,544,81,70,0
2026-07-27T15:28:48Z,tasou_markou,ba,492,54,55,0
2026-07-27T15:28:48Z,peiraios,ab,590,101,71,0
2026-07-27T15:28:48Z,peiraios,ba,590,99,64,0
2026-07-27T15:39:18Z,strovolou,ab,5400,601,504,0
2026-07-27T15:39:18Z,strovolou,ba,4712,609,404,0
2026-07-27T15:39:18Z,tseriou,ab,2555,386,225,0
2026-07-27T15:39:18Z,tseriou,ba,3739,499,372,0
2026-07-27T15:39:18Z,prodromou,ab,2418,297,254,0
2026-07-27T15:39:18Z,prodromou,ba,2414,349,299,0
2026-07-27T15:39:18Z,akropoleos,ab,5010,801,463,153
2026-07-27T15:39:18Z,akropoleos,ba,5145,682,479,0
2026-07-27T15:39:18Z,athalassas,ab,2793,454,282,0
2026-07-27T15:39:18Z,athalassas,ba,6037,756,534,0
2026-07-27T15:39:18Z,lemesou,ab,2014,342,213,0
2026-07-27T15:39:18Z,lemesou,ba,2007,272,196,0
2026-07-27T15:39:18Z,sp_kyprianou,ab,6489,794,585,0
2026-07-27T15:39:18Z,sp_kyprianou,ba,6573,764,627,0
2026-07-27T15:39:18Z,archangelou,ab,7265,664,523,0
2026-07-27T15:39:18Z,archangelou,ba,6911,665,591,0
2026-07-27T15:39:18Z,konstantinoup,ab,2628,317,291,0
2026-07-27T15:39:18Z,konstantinoup,ba,2629,332,313,0
2026-07-27T15:39:18Z,stavrou,ab,2187,276,208,0
2026-07-27T15:39:18Z,stavrou,ba,2245,241,206,0
2026-07-27T15:39:18Z,makedonitissas,ab,2904,477,408,0
2026-07-27T15:39:18Z,makedonitissas,ba,2705,327,290,0
2026-07-27T15:39:18Z,armenias,ab,1079,146,119,0
2026-07-27T15:39:18Z,armenias,ba,1079,216,132,0
2026-07-27T15:39:18Z,arch_kyprianou,ab,1701,309,215,0
2026-07-27T15:39:18Z,arch_kyprianou,ba,1726,299,202,0
2026-07-27T15:39:18Z,a1_motorway,ab,10597,351,349,0
2026-07-27T15:39:18Z,a1_motorway,ba,14048,566,558,0
2026-07-27T15:39:18Z,makariou_lakat,ab,5849,678,516,0
2026-07-27T15:39:18Z,makariou_lakat,ba,6901,707,583,0
2026-07-27T15:39:18Z,griva_digeni,ab,4212,571,441,0
2026-07-27T15:39:18Z,griva_digeni,ba,5350,825,681,0
2026-07-27T15:39:18Z,aglantzias,ab,1775,209,177,0
2026-07-27T15:39:18Z,aglantzias,ba,3098,470,372,0
2026-07-27T15:39:18Z,kranidioti,ab,1458,111,105,0
2026-07-27T15:39:18Z,kranidioti,ba,1652,129,117,0
2026-07-27T15:39:18Z,perimetrikos,ab,2510,254,229,0
2026-07-27T15:39:18Z,perimetrikos,ba,2094,191,164,0
2026-07-27T15:39:18Z,hatziiosif,ab,2049,422,195,153
2026-07-27T15:39:18Z,hatziiosif,ba,2045,284,202,0
2026-07-27T15:39:18Z,perikleous,ab,2238,389,232,0
2026-07-27T15:39:18Z,perikleous,ba,2649,350,273,0
2026-07-27T15:39:18Z,avraamidi,ab,1264,188,140,0
2026-07-27T15:39:18Z,avraamidi,ba,1266,199,150,0
2026-07-27T15:39:18Z,athinon,ab,1573,247,204,0
2026-07-27T15:39:18Z,athinon,ba,1040,254,134,0
2026-07-27T15:39:18Z,tasou_markou,ab,544,80,70,0
2026-07-27T15:39:18Z,tasou_markou,ba,492,54,55,0
2026-07-27T15:39:18Z,peiraios,ab,590,98,71,0
2026-07-27T15:39:18Z,peiraios,ba,590,94,64,0
2026-07-27T15:49:46Z,strovolou,ab,5400,590,504,0
2026-07-27T15:49:46Z,strovolou,ba,4712,587,404,0
2026-07-27T15:49:46Z,tseriou,ab,2555,367,225,0
2026-07-27T15:49:46Z,tseriou,ba,3739,489,372,0
2026-07-27T15:49:46Z,prodromou,ab,2418,292,254,0
2026-07-27T15:49:46Z,prodromou,ba,2414,344,299,0
2026-07-27T15:49:46Z,akropoleos,ab,5010,684,463,0
2026-07-27T15:49:46Z,akropoleos,ba,5145,664,479,0
2026-07-27T15:49:46Z,athalassas,ab,2793,440,282,0
2026-07-27T15:49:46Z,athalassas,ba,6037,741,534,0
2026-07-27T15:49:46Z,lemesou,ab,2014,327,213,0
2026-07-27T15:49:46Z,lemesou,ba,2007,265,196,0
2026-07-27T15:49:46Z,sp_kyprianou,ab,6489,764,585,0
2026-07-27T15:49:46Z,sp_kyprianou,ba,6573,749,627,0
2026-07-27T15:49:46Z,archangelou,ab,7265,641,523,0
2026-07-27T15:49:46Z,archangelou,ba,6911,656,591,0
2026-07-27T15:49:46Z,konstantinoup,ab,2628,315,291,0
2026-07-27T15:49:46Z,konstantinoup,ba,2629,329,313,0
2026-07-27T15:49:46Z,stavrou,ab,2187,268,208,0
2026-07-27T15:49:46Z,stavrou,ba,2245,238,206,0
2026-07-27T15:49:46Z,makedonitissas,ab,2904,466,408,0
2026-07-27T15:49:46Z,makedonitissas,ba,2705,320,290,0
2026-07-27T15:49:46Z,armenias,ab,1079,144,119,0
2026-07-27T15:49:46Z,armenias,ba,1079,208,132,0
2026-07-27T15:49:46Z,arch_kyprianou,ab,1701,297,215,0
2026-07-27T15:49:46Z,arch_kyprianou,ba,1726,290,202,0
2026-07-27T15:49:46Z,a1_motorway,ab,10597,351,349,0
2026-07-27T15:49:46Z,a1_motorway,ba,14048,565,558,0
2026-07-27T15:49:46Z,makariou_lakat,ab,5849,659,516,0
2026-07-27T15:49:46Z,makariou_lakat,ba,6901,692,583,0
2026-07-27T15:49:46Z,griva_digeni,ab,4212,555,441,0
2026-07-27T15:49:46Z,griva_digeni,ba,5350,809,681,0
2026-07-27T15:49:46Z,aglantzias,ab,1775,207,177,0
2026-07-27T15:49:46Z,aglantzias,ba,3098,463,372,0
2026-07-27T15:49:46Z,kranidioti,ab,1458,110,105,0
2026-07-27T15:49:46Z,kranidioti,ba,1652,127,117,0
2026-07-27T15:49:46Z,perimetrikos,ab,2510,252,229,0
2026-07-27T15:49:46Z,perimetrikos,ba,2094,187,164,0
2026-07-27T15:49:46Z,hatziiosif,ab,2049,317,195,0
2026-07-27T15:49:46Z,hatziiosif,ba,2045,277,202,0
2026-07-27T15:49:46Z,perikleous,ab,2238,372,232,0
2026-07-27T15:49:46Z,perikleous,ba,2649,343,273,0
2026-07-27T15:49:46Z,avraamidi,ab,1264,185,140,0
2026-07-27T15:49:46Z,avraamidi,ba,1266,194,150,0
2026-07-27T15:49:46Z,athinon,ab,1573,241,204,0
2026-07-27T15:49:46Z,athinon,ba,1040,247,134,0
2026-07-27T15:49:46Z,tasou_markou,ab,544,79,70,0
2026-07-27T15:49:46Z,tasou_markou,ba,492,54,55,0
2026-07-27T15:49:46Z,peiraios,ab,590,96,71,0
2026-07-27T15:49:46Z,peiraios,ba,590,91,64,0
2026-07-27T16:00:14Z,strovolou,ab,5400,581,504,0
2026-07-27T16:00:14Z,strovolou,ba,4712,565,404,0
2026-07-27T16:00:14Z,tseriou,ab,2555,351,225,0
2026-07-27T16:00:14Z,tseriou,ba,3739,480,372,0
2026-07-27T16:00:14Z,prodromou,ab,2418,290,254,0
2026-07-27T16:00:14Z,prodromou,ba,2414,341,299,0
2026-07-27T16:00:14Z,akropoleos,ab,5010,661,463,0
2026-07-27T16:00:14Z,akropoleos,ba,5145,643,479,0
2026-07-27T16:00:14Z,athalassas,ab,2793,424,282,0
2026-07-27T16:00:14Z,athalassas,ba,6269,689,543,0
2026-07-27T16:00:14Z,lemesou,ab,2014,311,213,0
2026-07-27T16:00:14Z,lemesou,ba,2007,259,196,0
2026-07-27T16:00:14Z,sp_kyprianou,ab,6489,738,585,0
2026-07-27T16:00:14Z,sp_kyprianou,ba,6573,736,627,0
2026-07-27T16:00:14Z,archangelou,ab,7265,620,523,0
2026-07-27T16:00:14Z,archangelou,ba,6911,648,591,0
2026-07-27T16:00:14Z,konstantinoup,ab,2628,314,291,0
2026-07-27T16:00:14Z,konstantinoup,ba,2629,326,313,0
2026-07-27T16:00:14Z,stavrou,ab,2187,262,208,0
2026-07-27T16:00:14Z,stavrou,ba,2245,234,206,0
2026-07-27T16:00:14Z,makedonitissas,ab,2904,457,408,0
2026-07-27T16:00:14Z,makedonitissas,ba,2705,315,290,0
2026-07-27T16:00:14Z,armenias,ab,1079,142,119,0
2026-07-27T16:00:14Z,armenias,ba,1079,201,132,0
2026-07-27T16:00:14Z,arch_kyprianou,ab,1701,286,215,0
2026-07-27T16:00:14Z,arch_kyprianou,ba,1726,283,202,0
2026-07-27T16:00:14Z,a1_motorway,ab,10597,351,349,0
2026-07-27T16:00:14Z,a1_motorway,ba,14048,563,558,0
2026-07-27T16:00:14Z,makariou_lakat,ab,5849,642,516,0
2026-07-27T16:00:14Z,makariou_lakat,ba,6901,681,583,0
2026-07-27T16:00:14Z,griva_digeni,ab,4212,540,441,0
2026-07-27T16:00:14Z,griva_digeni,ba,5350,796,681,0
2026-07-27T16:00:14Z,aglantzias,ab,1775,205,177,0
2026-07-27T16:00:14Z,aglantzias,ba,3098,456,372,0
2026-07-27T16:00:14Z,kranidioti,ab,1458,109,105,0
2026-07-27T16:00:14Z,kranidioti,ba,1652,125,117,0
2026-07-27T16:00:14Z,perimetrikos,ab,2510,250,229,0
2026-07-27T16:00:14Z,perimetrikos,ba,2094,184,164,0
2026-07-27T16:00:14Z,hatziiosif,ab,2049,308,195,0
2026-07-27T16:00:14Z,hatziiosif,ba,2045,268,202,0
2026-07-27T16:00:14Z,perikleous,ab,2238,359,232,0
2026-07-27T16:00:14Z,perikleous,ba,2649,337,273,0
2026-07-27T16:00:14Z,avraamidi,ab,1264,182,140,0
2026-07-27T16:00:14Z,avraamidi,ba,1266,190,150,0
2026-07-27T16:00:14Z,athinon,ab,1573,237,204,0
2026-07-27T16:00:14Z,athinon,ba,1040,241,134,0
2026-07-27T16:00:14Z,tasou_markou,ab,544,79,70,0
2026-07-27T16:00:14Z,tasou_markou,ba,492,54,55,0
2026-07-27T16:00:14Z,peiraios,ab,590,94,71,0
2026-07-27T16:00:14Z,peiraios,ba,590,87,64,0
2026-07-27T16:10:42Z,strovolou,ab,5400,573,504,0
2026-07-27T16:10:42Z,strovolou,ba,4712,552,404,0
2026-07-27T16:10:42Z,tseriou,ab,2555,341,225,0
2026-07-27T16:10:42Z,tseriou,ba,3739,475,372,0
2026-07-27T16:10:42Z,prodromou,ab,2418,287,254,0
2026-07-27T16:10:42Z,prodromou,ba,2414,337,299,0
2026-07-27T16:10:42Z,akropoleos,ab,5010,648,463,0
2026-07-27T16:10:42Z,akropoleos,ba,5145,635,479,0
2026-07-27T16:10:42Z,athalassas,ab,2793,415,282,0
2026-07-27T16:10:42Z,athalassas,ba,6269,680,543,0
2026-07-27T16:10:42Z,lemesou,ab,2014,301,213,0
2026-07-27T16:10:42Z,lemesou,ba,2007,253,196,0
2026-07-27T16:10:42Z,sp_kyprianou,ab,6489,724,585,0
2026-07-27T16:10:42Z,sp_kyprianou,ba,6573,728,627,0
2026-07-27T16:10:42Z,archangelou,ab,7265,608,523,0
2026-07-27T16:10:42Z,archangelou,ba,6911,642,591,0
2026-07-27T16:10:42Z,konstantinoup,ab,2628,312,291,0
2026-07-27T16:10:42Z,konstantinoup,ba,2629,324,313,0
2026-07-27T16:10:42Z,stavrou,ab,2187,257,208,0
2026-07-27T16:10:42Z,stavrou,ba,2245,232,206,0
2026-07-27T16:10:42Z,makedonitissas,ab,2904,450,408,0
2026-07-27T16:10:42Z,makedonitissas,ba,2705,311,290,0
2026-07-27T16:10:42Z,armenias,ab,1079,141,119,0
2026-07-27T16:10:42Z,armenias,ba,1079,197,132,0
2026-07-27T16:10:42Z,arch_kyprianou,ab,1701,279,215,0
2026-07-27T16:10:42Z,arch_kyprianou,ba,1726,278,202,0
2026-07-27T16:10:42Z,a1_motorway,ab,10597,351,349,0
2026-07-27T16:10:42Z,a1_motorway,ba,14048,561,558,0
2026-07-27T16:10:42Z,makariou_lakat,ab,5849,630,516,0
2026-07-27T16:10:42Z,makariou_lakat,ba,6901,673,583,0
2026-07-27T16:10:42Z,griva_digeni,ab,4212,534,441,0
2026-07-27T16:10:42Z,griva_digeni,ba,5350,786,681,0
2026-07-27T16:10:42Z,aglantzias,ab,1775,203,177,0
2026-07-27T16:10:42Z,aglantzias,ba,3098,448,372,0
2026-07-27T16:10:42Z,kranidioti,ab,1458,109,105,0
2026-07-27T16:10:42Z,kranidioti,ba,1652,124,117,0
2026-07-27T16:10:42Z,perimetrikos,ab,2510,250,229,0
2026-07-27T16:10:42Z,perimetrikos,ba,2094,183,164,0
2026-07-27T16:10:42Z,hatziiosif,ab,2049,303,195,0
2026-07-27T16:10:42Z,hatziiosif,ba,2045,264,202,0
2026-07-27T16:10:42Z,perikleous,ab,2238,353,232,0
2026-07-27T16:10:42Z,perikleous,ba,2649,332,273,0
2026-07-27T16:10:42Z,avraamidi,ab,1264,181,140,0
2026-07-27T16:10:42Z,avraamidi,ba,1266,188,150,0
2026-07-27T16:10:42Z,athinon,ab,1573,233,204,0
2026-07-27T16:10:42Z,athinon,ba,1040,238,134,0
2026-07-27T16:10:42Z,tasou_markou,ab,544,79,70,0
2026-07-27T16:10:42Z,tasou_markou,ba,492,54,55,0
2026-07-27T16:10:42Z,peiraios,ab,590,94,71,0
2026-07-27T16:10:42Z,peiraios,ba,590,85,64,0
2026-07-27T17:01:26Z,strovolou,ab,5400,538,504,0
2026-07-27T17:01:26Z,strovolou,ba,4712,479,404,0
2026-07-27T17:01:26Z,tseriou,ab,2555,290,225,0
2026-07-27T17:01:26Z,tseriou,ba,3739,443,372,0
2026-07-27T17:01:26Z,prodromou,ab,2418,271,254,0
2026-07-27T17:01:26Z,prodromou,ba,2414,320,299,0
2026-07-27T17:01:26Z,akropoleos,ab,5010,566,463,0
2026-07-27T17:01:26Z,akropoleos,ba,5145,569,479,0
2026-07-27T17:01:26Z,athalassas,ab,2793,359,282,0
2026-07-27T17:01:26Z,athalassas,ba,6269,617,543,0
2026-07-27T17:01:26Z,lemesou,ab,2014,256,213,0
2026-07-27T17:01:26Z,lemesou,ba,2007,230,196,0
2026-07-27T17:01:26Z,sp_kyprianou,ab,6489,646,585,0
2026-07-27T17:01:26Z,sp_kyprianou,ba,6573,680,627,0
2026-07-27T17:01:26Z,archangelou,ab,7265,557,523,0
2026-07-27T17:01:26Z,archangelou,ba,6911,614,591,0
2026-07-27T17:01:26Z,konstantinoup,ab,2628,305,291,0
2026-07-27T17:01:26Z,konstantinoup,ba,2629,317,313,0
2026-07-27T17:01:26Z,stavrou,ab,2187,233,208,0
2026-07-27T17:01:26Z,stavrou,ba,2245,220,206,0
2026-07-27T17:01:26Z,makedonitissas,ab,2797,417,391,0
2026-07-27T17:01:26Z,makedonitissas,ba,2705,297,290,0
2026-07-27T17:01:26Z,armenias,ab,1079,133,119,0
2026-07-27T17:01:26Z,armenias,ba,1079,168,132,0
2026-07-27T17:01:26Z,arch_kyprianou,ab,1701,246,215,0
2026-07-27T17:01:26Z,arch_kyprianou,ba,1726,243,202,0
2026-07-27T17:01:26Z,a1_motorway,ab,10597,351,349,0
2026-07-27T17:01:26Z,a1_motorway,ba,14048,557,558,0
2026-07-27T17:01:26Z,makariou_lakat,ab,5849,578,516,0
2026-07-27T17:01:26Z,makariou_lakat,ba,6901,629,583,0
2026-07-27T17:01:26Z,griva_digeni,ab,4212,490,441,0
2026-07-27T17:01:26Z,griva_digeni,ba,5350,739,681,0
2026-07-27T17:01:26Z,aglantzias,ab,1775,193,177,0
2026-07-27T17:01:26Z,aglantzias,ba,3098,417,372,0
2026-07-27T17:01:26Z,kranidioti,ab,1458,106,105,0
2026-07-27T17:01:26Z,kranidioti,ba,1652,118,117,0
2026-07-27T17:01:26Z,perimetrikos,ab,2510,243,229,0
2026-07-27T17:01:26Z,perimetrikos,ba,2094,173,164,0
2026-07-27T17:01:26Z,hatziiosif,ab,2049,261,195,0
2026-07-27T17:01:26Z,hatziiosif,ba,2045,237,202,0
2026-07-27T17:01:26Z,perikleous,ab,2238,299,232,0
2026-07-27T17:01:26Z,perikleous,ba,2649,307,273,0
2026-07-27T17:01:26Z,avraamidi,ab,1264,168,140,0
2026-07-27T17:01:26Z,avraamidi,ba,1266,171,150,0
2026-07-27T17:01:26Z,athinon,ab,1573,217,204,0
2026-07-27T17:01:26Z,athinon,ba,1040,208,134,0
2026-07-27T17:01:26Z,tasou_markou,ab,544,76,70,0
2026-07-27T17:01:26Z,tasou_markou,ba,492,54,55,0
2026-07-27T17:01:26Z,peiraios,ab,590,87,71,0
2026-07-27T17:01:26Z,peiraios,ba,590,74,64,0
2026-07-28T03:38:11Z,strovolou,ab,5693,876,553,0
2026-07-28T03:38:11Z,strovolou,ba,4712,418,404,0
2026-07-28T03:38:11Z,tseriou,ab,2555,251,225,0
2026-07-28T03:38:11Z,tseriou,ba,3739,455,372,0
2026-07-28T03:38:11Z,prodromou,ab,2418,296,254,0
2026-07-28T03:38:11Z,prodromou,ba,2414,376,299,0
2026-07-28T03:38:11Z,akropoleos,ab,5010,567,463,0
2026-07-28T03:38:11Z,akropoleos,ba,5145,733,479,0
2026-07-28T03:38:11Z,athalassas,ab,2793,411,282,0
2026-07-28T03:38:11Z,athalassas,ba,6037,784,534,0
2026-07-28T03:38:11Z,lemesou,ab,2014,264,213,0
2026-07-28T03:38:11Z,lemesou,ba,2007,285,196,0
2026-07-28T03:38:11Z,sp_kyprianou,ab,6489,625,585,0
2026-07-28T03:38:11Z,sp_kyprianou,ba,6573,916,627,0
2026-07-28T03:38:11Z,archangelou,ab,7265,554,523,0
2026-07-28T03:38:11Z,archangelou,ba,6911,826,591,0
2026-07-28T03:38:11Z,konstantinoup,ab,2628,290,291,0
2026-07-28T03:38:11Z,konstantinoup,ba,2629,342,313,0
2026-07-28T03:38:11Z,stavrou,ab,2187,211,208,0
2026-07-28T03:38:11Z,stavrou,ba,2245,228,206,0
2026-07-28T03:38:11Z,makedonitissas,ab,2797,430,391,0
2026-07-28T03:38:11Z,makedonitissas,ba,2705,337,290,0
2026-07-28T03:38:11Z,armenias,ab,1079,152,119,0
2026-07-28T03:38:11Z,armenias,ba,1079,172,132,0
2026-07-28T03:38:11Z,arch_kyprianou,ab,1777,240,214,0
2026-07-28T03:38:11Z,arch_kyprianou,ba,1726,360,202,0
2026-07-28T03:38:11Z,a1_motorway,ab,10597,351,349,0
2026-07-28T03:38:11Z,a1_motorway,ba,14048,579,558,0
2026-07-28T03:38:11Z,makariou_lakat,ab,5849,547,516,0
2026-07-28T03:38:11Z,makariou_lakat,ba,6316,668,613,0
2026-07-28T03:38:11Z,griva_digeni,ab,4212,441,441,0
2026-07-28T03:38:11Z,griva_digeni,ba,5350,857,681,0
2026-07-28T03:38:11Z,aglantzias,ab,1775,226,177,0
2026-07-28T03:38:11Z,aglantzias,ba,3098,438,372,0
2026-07-28T03:38:11Z,kranidioti,ab,1458,109,105,0
2026-07-28T03:38:11Z,kranidioti,ba,1652,118,117,0
2026-07-28T03:38:11Z,perimetrikos,ab,2510,267,229,0
2026-07-28T03:38:11Z,perimetrikos,ba,2094,167,164,0
2026-07-28T03:38:11Z,hatziiosif,ab,2049,249,195,0
2026-07-28T03:38:11Z,hatziiosif,ba,2045,316,202,0
2026-07-28T03:38:11Z,perikleous,ab,2238,323,232,0
2026-07-28T03:38:11Z,perikleous,ba,2649,323,273,0
2026-07-28T03:38:11Z,avraamidi,ab,1264,189,140,0
2026-07-28T03:38:11Z,avraamidi,ba,1266,162,150,0
2026-07-28T03:38:11Z,athinon,ab,1573,211,204,0
2026-07-28T03:38:11Z,athinon,ba,1040,211,134,0
2026-07-28T03:38:11Z,tasou_markou,ab,544,83,70,0
2026-07-28T03:38:11Z,tasou_markou,ba,492,54,55,0
2026-07-28T03:38:11Z,peiraios,ab,590,104,71,0
2026-07-28T03:38:11Z,peiraios,ba,590,72,64,0
2026-07-28T03:48:36Z,strovolou,ab,5706,980,568,0
2026-07-28T03:48:36Z,strovolou,ba,4712,429,404,0
2026-07-28T03:48:36Z,tseriou,ab,2555,260,225,0
2026-07-28T03:48:36Z,tseriou,ba,3739,469,372,0
2026-07-28T03:48:36Z,prodromou,ab,2418,314,254,0
2026-07-28T03:48:36Z,prodromou,ba,2414,397,299,0
2026-07-28T03:48:36Z,akropoleos,ab,5010,607,463,0
2026-07-28T03:48:36Z,akropoleos,ba,5145,800,479,0
2026-07-28T03:48:36Z,athalassas,ab,2793,440,282,0
2026-07-28T03:48:36Z,athalassas,ba,4485,810,538,0
2026-07-28T03:48:36Z,lemesou,ab,2014,281,213,0
2026-07-28T03:48:36Z,lemesou,ba,2007,308,196,0
2026-07-28T03:48:36Z,sp_kyprianou,ab,6489,645,585,0
2026-07-28T03:48:36Z,sp_kyprianou,ba,6573,1020,627,0
2026-07-28T03:48:36Z,archangelou,ab,7265,566,523,0
2026-07-28T03:48:36Z,archangelou,ba,6911,918,591,0
2026-07-28T03:48:36Z,konstantinoup,ab,2628,294,291,0
2026-07-28T03:48:36Z,konstantinoup,ba,2629,355,313,0
2026-07-28T03:48:36Z,stavrou,ab,2187,217,208,0
2026-07-28T03:48:36Z,stavrou,ba,2245,238,206,0
2026-07-28T03:48:36Z,makedonitissas,ab,2797,445,391,0
2026-07-28T03:48:36Z,makedonitissas,ba,2705,354,290,0
2026-07-28T03:48:36Z,armenias,ab,1079,161,119,0
2026-07-28T03:48:36Z,armenias,ba,1079,181,132,0
2026-07-28T03:48:36Z,arch_kyprianou,ab,1777,248,214,0
2026-07-28T03:48:36Z,arch_kyprianou,ba,1726,410,202,0
2026-07-28T03:48:36Z,a1_motorway,ab,10597,351,349,0
2026-07-28T03:48:36Z,a1_motorway,ba,14048,587,558,0
2026-07-28T03:48:36Z,makariou_lakat,ab,5849,565,516,0
2026-07-28T03:48:36Z,makariou_lakat,ba,6316,689,613,0
2026-07-28T03:48:36Z,griva_digeni,ab,4212,450,441,0
2026-07-28T03:48:36Z,griva_digeni,ba,6075,950,751,0
2026-07-28T03:48:36Z,aglantzias,ab,1775,244,177,0
2026-07-28T03:48:36Z,aglantzias,ba,3098,456,372,0
2026-07-28T03:48:36Z,kranidioti,ab,1458,113,105,0
2026-07-28T03:48:36Z,kranidioti,ba,1652,121,117,0
2026-07-28T03:48:36Z,perimetrikos,ab,2510,279,229,0
2026-07-28T03:48:36Z,perimetrikos,ba,2094,170,164,0
2026-07-28T03:48:36Z,hatziiosif,ab,2049,264,195,0
2026-07-28T03:48:36Z,hatziiosif,ba,2045,346,202,0
2026-07-28T03:48:36Z,perikleous,ab,2238,352,232,0
2026-07-28T03:48:36Z,perikleous,ba,2649,336,273,0
2026-07-28T03:48:36Z,avraamidi,ab,1264,201,140,0
2026-07-28T03:48:36Z,avraamidi,ba,1266,168,150,0
2026-07-28T03:48:36Z,athinon,ab,1573,217,204,0
2026-07-28T03:48:36Z,athinon,ba,1040,222,134,0
2026-07-28T03:48:36Z,tasou_markou,ab,544,85,70,0
2026-07-28T03:48:36Z,tasou_markou,ba,492,54,55,0
2026-07-28T03:48:36Z,peiraios,ab,590,113,71,0
2026-07-28T03:48:36Z,peiraios,ba,590,74,64,0
2026-07-28T03:59:02Z,strovolou,ab,5706,1078,568,0
2026-07-28T03:59:02Z,strovolou,ba,4712,442,404,0
2026-07-28T03:59:02Z,tseriou,ab,2555,271,225,0
2026-07-28T03:59:02Z,tseriou,ba,3739,484,372,0
2026-07-28T03:59:02Z,prodromou,ab,2418,336,254,0
2026-07-28T03:59:02Z,prodromou,ba,2414,422,299,0
2026-07-28T03:59:02Z,akropoleos,ab,5010,647,463,0
2026-07-28T03:59:02Z,akropoleos,ba,5145,866,479,0
2026-07-28T03:59:02Z,athalassas,ab,2793,472,282,0
2026-07-28T03:59:02Z,athalassas,ba,4619,838,562,0
2026-07-28T03:59:02Z,lemesou,ab,2014,297,213,0
2026-07-28T03:59:02Z,lemesou,ba,2007,332,196,0
2026-07-28T03:59:02Z,sp_kyprianou,ab,6489,670,585,0
2026-07-28T03:59:02Z,sp_kyprianou,ba,6573,1133,627,0
2026-07-28T03:59:02Z,archangelou,ab,7265,582,523,0
2026-07-28T03:59:02Z,archangelou,ba,6911,1003,591,0
2026-07-28T03:59:02Z,konstantinoup,ab,2628,297,291,0
2026-07-28T03:59:02Z,konstantinoup,ba,2629,369,313,0
2026-07-28T03:59:02Z,stavrou,ab,2187,224,208,0
2026-07-28T03:59:02Z,stavrou,ba,2245,248,206,0
2026-07-28T03:59:02Z,makedonitissas,ab,2797,459,391,0
2026-07-28T03:59:02Z,makedonitissas,ba,2705,370,290,0
2026-07-28T03:59:02Z,armenias,ab,1079,169,119,0
2026-07-28T03:59:02Z,armenias,ba,1079,191,132,0
2026-07-28T03:59:02Z,arch_kyprianou,ab,1777,258,214,0
2026-07-28T03:59:02Z,arch_kyprianou,ba,1726,460,202,0
2026-07-28T03:59:02Z,a1_motorway,ab,10597,351,349,0
2026-07-28T03:59:02Z,a1_motorway,ba,14048,597,558,0
2026-07-28T03:59:02Z,makariou_lakat,ab,5849,586,516,0
2026-07-28T03:59:02Z,makariou_lakat,ba,6316,712,613,0
2026-07-28T03:59:02Z,griva_digeni,ab,4212,463,441,0
2026-07-28T03:59:02Z,griva_digeni,ba,6075,1004,751,0
2026-07-28T03:59:02Z,aglantzias,ab,1775,263,177,0
2026-07-28T03:59:02Z,aglantzias,ba,3098,477,372,0
2026-07-28T03:59:02Z,kranidioti,ab,1458,116,105,0
2026-07-28T03:59:02Z,kranidioti,ba,1652,125,117,0
2026-07-28T03:59:02Z,perimetrikos,ab,2510,291,229,0
2026-07-28T03:59:02Z,perimetrikos,ba,2094,173,164,0
2026-07-28T03:59:02Z,hatziiosif,ab,2049,282,195,0
2026-07-28T03:59:02Z,hatziiosif,ba,2045,376,202,0
2026-07-28T03:59:02Z,perikleous,ab,2238,383,232,0
2026-07-28T03:59:02Z,perikleous,ba,2649,351,273,0
2026-07-28T03:59:02Z,avraamidi,ab,1264,215,140,0
2026-07-28T03:59:02Z,avraamidi,ba,1266,173,150,0
2026-07-28T03:59:02Z,athinon,ab,1573,223,204,0
2026-07-28T03:59:02Z,athinon,ba,1040,235,134,0
2026-07-28T03:59:02Z,tasou_markou,ab,544,89,70,0
2026-07-28T03:59:02Z,tasou_markou,ba,492,53,55,0
2026-07-28T03:59:02Z,peiraios,ab,590,121,71,0
2026-07-28T03:59:02Z,peiraios,ba,590,77,64,0
2026-07-28T04:09:27Z,strovolou,ab,5706,1188,568,0
2026-07-28T04:09:27Z,strovolou,ba,4712,472,404,0
2026-07-28T04:09:27Z,tseriou,ab,2555,295,225,0
2026-07-28T04:09:27Z,tseriou,ba,3739,515,372,0
2026-07-28T04:09:27Z,prodromou,ab,2418,365,254,0
2026-07-28T04:09:27Z,prodromou,ba,2414,457,299,0
2026-07-28T04:09:27Z,akropoleos,ab,5010,702,463,0
2026-07-28T04:09:27Z,akropoleos,ba,5145,943,479,0
2026-07-28T04:09:27Z,athalassas,ab,2793,513,282,0
2026-07-28T04:09:27Z,athalassas,ba,4619,902,562,0
2026-07-28T04:09:27Z,lemesou,ab,2014,321,213,0
2026-07-28T04:09:27Z,lemesou,ba,2007,361,196,0
2026-07-28T04:09:27Z,sp_kyprianou,ab,6489,719,585,0
2026-07-28T04:09:27Z,sp_kyprianou,ba,6573,1245,627,0
2026-07-28T04:09:27Z,archangelou,ab,7265,620,523,0
2026-07-28T04:09:27Z,archangelou,ba,6911,1089,591,0
2026-07-28T04:09:27Z,konstantinoup,ab,2628,312,291,0
2026-07-28T04:09:27Z,konstantinoup,ba,2629,394,313,0
2026-07-28T04:09:27Z,stavrou,ab,2187,242,208,0
2026-07-28T04:09:27Z,stavrou,ba,2245,265,206,0
2026-07-28T04:09:27Z,makedonitissas,ab,2797,487,391,0
2026-07-28T04:09:27Z,makedonitissas,ba,2705,394,290,0
2026-07-28T04:09:27Z,armenias,ab,1079,180,119,0
2026-07-28T04:09:27Z,armenias,ba,1079,206,132,0
2026-07-28T04:09:27Z,arch_kyprianou,ab,1777,275,214,0
2026-07-28T04:09:27Z,arch_kyprianou,ba,1726,518,202,0
2026-07-28T04:09:27Z,a1_motorway,ab,10597,357,349,0
2026-07-28T04:09:27Z,a1_motorway,ba,14048,615,558,0
2026-07-28T04:09:27Z,makariou_lakat,ab,5849,632,516,0
2026-07-28T04:09:27Z,makariou_lakat,ba,6316,759,613,0
2026-07-28T04:09:27Z,griva_digeni,ab,4212,496,441,0
2026-07-28T04:09:27Z,griva_digeni,ba,6075,1087,751,0
2026-07-28T04:09:27Z,aglantzias,ab,1775,287,177,0
2026-07-28T04:09:27Z,aglantzias,ba,3098,509,372,0
2026-07-28T04:09:27Z,kranidioti,ab,1458,123,105,0
2026-07-28T04:09:27Z,kranidioti,ba,1652,132,117,0
2026-07-28T04:09:27Z,perimetrikos,ab,2510,309,229,0
2026-07-28T04:09:27Z,perimetrikos,ba,2094,182,164,0
2026-07-28T04:09:27Z,hatziiosif,ab,2049,308,195,0
2026-07-28T04:09:27Z,hatziiosif,ba,2045,410,202,0
2026-07-28T04:09:27Z,perikleous,ab,2016,381,275,0
2026-07-28T04:09:27Z,perikleous,ba,2649,377,273,0
2026-07-28T04:09:27Z,avraamidi,ab,1264,231,140,0
2026-07-28T04:09:27Z,avraamidi,ba,1266,185,150,0
2026-07-28T04:09:27Z,athinon,ab,1573,237,204,0
2026-07-28T04:09:27Z,athinon,ba,1040,252,134,0
2026-07-28T04:09:27Z,tasou_markou,ab,544,95,70,0
2026-07-28T04:09:27Z,tasou_markou,ba,492,55,55,0
2026-07-28T04:09:27Z,peiraios,ab,590,133,71,0
2026-07-28T04:09:27Z,peiraios,ba,590,84,64,0
2026-07-28T04:19:52Z,strovolou,ab,5706,1337,568,152
2026-07-28T04:19:52Z,strovolou,ba,4712,490,404,0
2026-07-28T04:19:52Z,tseriou,ab,2555,311,225,0
2026-07-28T04:19:52Z,tseriou,ba,3739,536,372,0
2026-07-28T04:19:52Z,prodromou,ab,2418,386,254,0
2026-07-28T04:19:52Z,prodromou,ba,2414,481,299,0
2026-07-28T04:19:52Z,akropoleos,ab,5010,803,463,152
2026-07-28T04:19:52Z,akropoleos,ba,5145,1003,479,0
2026-07-28T04:19:52Z,athalassas,ab,2793,545,282,0
2026-07-28T04:19:52Z,athalassas,ba,4619,949,562,0
2026-07-28T04:19:52Z,lemesou,ab,2014,342,213,0
2026-07-28T04:19:52Z,lemesou,ba,2007,388,196,0
2026-07-28T04:19:52Z,sp_kyprianou,ab,6489,743,585,0
2026-07-28T04:19:52Z,sp_kyprianou,ba,6573,1333,627,0
2026-07-28T04:19:52Z,archangelou,ab,7265,639,523,0
2026-07-28T04:19:52Z,archangelou,ba,6911,1150,591,0
2026-07-28T04:19:52Z,konstantinoup,ab,2628,317,291,0
2026-07-28T04:19:52Z,konstantinoup,ba,2629,411,313,0
2026-07-28T04:19:52Z,stavrou,ab,2187,250,208,0
2026-07-28T04:19:52Z,stavrou,ba,2245,273,206,0
2026-07-28T04:19:52Z,makedonitissas,ab,2797,503,391,0
2026-07-28T04:19:52Z,makedonitissas,ba,2705,411,290,0
2026-07-28T04:19:52Z,armenias,ab,1079,185,119,0
2026-07-28T04:19:52Z,armenias,ba,1079,220,132,0
2026-07-28T04:19:52Z,arch_kyprianou,ab,1777,285,214,0
2026-07-28T04:19:52Z,arch_kyprianou,ba,1726,599,202,103
2026-07-28T04:19:52Z,a1_motorway,ab,10597,356,349,0
2026-07-28T04:19:52Z,a1_motorway,ba,14048,623,558,0
2026-07-28T04:19:52Z,makariou_lakat,ab,5849,660,516,0
2026-07-28T04:19:52Z,makariou_lakat,ba,6316,786,613,0
2026-07-28T04:19:52Z,griva_digeni,ab,4212,512,441,0
2026-07-28T04:19:52Z,griva_digeni,ba,6075,1139,751,0
2026-07-28T04:19:52Z,aglantzias,ab,1775,306,177,0
2026-07-28T04:19:52Z,aglantzias,ba,3098,530,372,0
2026-07-28T04:19:52Z,kranidioti,ab,1458,125,105,0
2026-07-28T04:19:52Z,kranidioti,ba,1652,136,117,0
2026-07-28T04:19:52Z,perimetrikos,ab,2510,322,229,0
2026-07-28T04:19:52Z,perimetrikos,ba,2094,185,164,0
2026-07-28T04:19:52Z,hatziiosif,ab,2049,395,195,152
2026-07-28T04:19:52Z,hatziiosif,ba,2045,437,202,0
2026-07-28T04:19:52Z,perikleous,ab,2016,394,275,0
2026-07-28T04:19:52Z,perikleous,ba,2649,392,273,0
2026-07-28T04:19:52Z,avraamidi,ab,1264,243,140,0
2026-07-28T04:19:52Z,avraamidi,ba,1266,192,150,0
2026-07-28T04:19:52Z,athinon,ab,1573,258,204,27
2026-07-28T04:19:52Z,athinon,ba,1040,268,134,1
2026-07-28T04:19:52Z,tasou_markou,ab,544,97,70,0
2026-07-28T04:19:52Z,tasou_markou,ba,492,55,55,0
2026-07-28T04:19:52Z,peiraios,ab,590,140,71,0
2026-07-28T04:19:52Z,peiraios,ba,590,86,64,0
2026-07-28T04:30:18Z,strovolou,ab,5706,1322,568,112
2026-07-28T04:30:18Z,strovolou,ba,4712,507,404,0
2026-07-28T04:30:18Z,tseriou,ab,2555,329,225,0
2026-07-28T04:30:18Z,tseriou,ba,3739,553,372,0
2026-07-28T04:30:18Z,prodromou,ab,2418,401,254,0
2026-07-28T04:30:18Z,prodromou,ba,2414,501,299,0
2026-07-28T04:30:18Z,akropoleos,ab,5010,792,463,0
2026-07-28T04:30:18Z,akropoleos,ba,5145,1050,479,0
2026-07-28T04:30:18Z,athalassas,ab,2793,571,282,0
2026-07-28T04:30:18Z,athalassas,ba,4619,991,562,0
2026-07-28T04:30:18Z,lemesou,ab,2014,362,213,0
2026-07-28T04:30:18Z,lemesou,ba,2007,410,196,0
2026-07-28T04:30:18Z,sp_kyprianou,ab,6489,769,585,0
2026-07-28T04:30:18Z,sp_kyprianou,ba,6724,1427,695,69
2026-07-28T04:30:18Z,archangelou,ab,7265,654,523,0
2026-07-28T04:30:18Z,archangelou,ba,6911,1181,591,69
2026-07-28T04:30:18Z,konstantinoup,ab,2628,320,291,0
2026-07-28T04:30:18Z,konstantinoup,ba,2629,419,313,0
2026-07-28T04:30:18Z,stavrou,ab,2187,261,208,0
2026-07-28T04:30:18Z,stavrou,ba,2245,281,206,0
2026-07-28T04:30:18Z,makedonitissas,ab,2797,516,391,0
2026-07-28T04:30:18Z,makedonitissas,ba,2705,419,290,0
2026-07-28T04:30:18Z,armenias,ab,1079,189,119,0
2026-07-28T04:30:18Z,armenias,ba,1079,234,132,0
2026-07-28T04:30:18Z,arch_kyprianou,ab,1777,294,214,0
2026-07-28T04:30:18Z,arch_kyprianou,ba,1726,613,202,69
2026-07-28T04:30:18Z,a1_motorway,ab,10597,355,349,0
2026-07-28T04:30:18Z,a1_motorway,ba,14048,629,558,0
2026-07-28T04:30:18Z,makariou_lakat,ab,5849,685,516,0
2026-07-28T04:30:18Z,makariou_lakat,ba,6316,804,613,0
2026-07-28T04:30:18Z,griva_digeni,ab,4212,529,441,0
2026-07-28T04:30:18Z,griva_digeni,ba,6075,1187,751,0
2026-07-28T04:30:18Z,aglantzias,ab,1775,325,177,0
2026-07-28T04:30:18Z,aglantzias,ba,3098,547,372,0
2026-07-28T04:30:18Z,kranidioti,ab,1458,128,105,0
2026-07-28T04:30:18Z,kranidioti,ba,1652,141,117,0
2026-07-28T04:30:18Z,perimetrikos,ab,2510,329,229,0
2026-07-28T04:30:18Z,perimetrikos,ba,2094,188,164,0
2026-07-28T04:30:18Z,hatziiosif,ab,2049,352,195,0
2026-07-28T04:30:18Z,hatziiosif,ba,2045,460,202,0
2026-07-28T04:30:18Z,perikleous,ab,2016,409,275,0
2026-07-28T04:30:18Z,perikleous,ba,2649,405,273,0
2026-07-28T04:30:18Z,avraamidi,ab,1264,255,140,0
2026-07-28T04:30:18Z,avraamidi,ba,1266,199,150,0
2026-07-28T04:30:18Z,athinon,ab,1573,257,204,17
2026-07-28T04:30:18Z,athinon,ba,1040,282,134,0
2026-07-28T04:30:18Z,tasou_markou,ab,544,100,70,0
2026-07-28T04:30:18Z,tasou_markou,ba,492,56,55,0
2026-07-28T04:30:18Z,peiraios,ab,590,145,71,0
2026-07-28T04:30:18Z,peiraios,ba,590,90,64,0
2026-07-28T04:40:42Z,strovolou,ab,5693,1342,553,0
2026-07-28T04:40:42Z,strovolou,ba,4712,522,404,0
2026-07-28T04:40:42Z,tseriou,ab,2555,342,225,0
2026-07-28T04:40:42Z,tseriou,ba,3739,569,372,0
2026-07-28T04:40:42Z,prodromou,ab,2418,418,254,0
2026-07-28T04:40:42Z,prodromou,ba,2414,520,299,0
2026-07-28T04:40:42Z,akropoleos,ab,5010,824,463,0
2026-07-28T04:40:42Z,akropoleos,ba,5145,1076,479,0
2026-07-28T04:40:42Z,athalassas,ab,2793,597,282,0
2026-07-28T04:40:42Z,athalassas,ba,4712,984,628,0
2026-07-28T04:40:42Z,lemesou,ab,2014,381,213,0
2026-07-28T04:40:42Z,lemesou,ba,2007,428,196,0
2026-07-28T04:40:42Z,sp_kyprianou,ab,6489,793,585,0
2026-07-28T04:40:42Z,sp_kyprianou,ba,6573,1455,627,204
2026-07-28T04:40:42Z,archangelou,ab,7265,667,523,0
2026-07-28T04:40:42Z,archangelou,ba,6911,1228,591,204
2026-07-28T04:40:42Z,konstantinoup,ab,2628,324,291,0
2026-07-28T04:40:42Z,konstantinoup,ba,2629,424,313,0
2026-07-28T04:40:42Z,stavrou,ab,2187,269,208,0
2026-07-28T04:40:42Z,stavrou,ba,2245,286,206,0
2026-07-28T04:40:42Z,makedonitissas,ab,2797,526,391,0
2026-07-28T04:40:42Z,makedonitissas,ba,2705,425,290,0
2026-07-28T04:40:42Z,armenias,ab,1079,192,119,0
2026-07-28T04:40:42Z,armenias,ba,1079,243,132,0
2026-07-28T04:40:42Z,arch_kyprianou,ab,1777,302,214,0
2026-07-28T04:40:42Z,arch_kyprianou,ba,1726,628,202,0
2026-07-28T04:40:42Z,a1_motorway,ab,10597,355,349,0
2026-07-28T04:40:42Z,a1_motorway,ba,14048,631,558,0
2026-07-28T04:40:42Z,makariou_lakat,ab,5849,709,516,0
2026-07-28T04:40:42Z,makariou_lakat,ba,6316,818,613,0
2026-07-28T04:40:42Z,griva_digeni,ab,4212,543,441,0
2026-07-28T04:40:42Z,griva_digeni,ba,6075,1221,751,0
2026-07-28T04:40:42Z,aglantzias,ab,1775,340,177,0
2026-07-28T04:40:42Z,aglantzias,ba,3098,560,372,0
2026-07-28T04:40:42Z,kranidioti,ab,1458,131,105,0
2026-07-28T04:40:42Z,kranidioti,ba,1652,144,117,0
2026-07-28T04:40:42Z,perimetrikos,ab,2510,335,229,0
2026-07-28T04:40:42Z,perimetrikos,ba,2094,189,164,0
2026-07-28T04:40:42Z,hatziiosif,ab,2049,373,195,0
2026-07-28T04:40:42Z,hatziiosif,ba,2045,473,202,0
2026-07-28T04:40:42Z,perikleous,ab,2016,424,275,0
2026-07-28T04:40:42Z,perikleous,ba,2649,417,273,0
2026-07-28T04:40:42Z,avraamidi,ab,1264,264,140,0
2026-07-28T04:40:42Z,avraamidi,ba,1266,204,150,0
2026-07-28T04:40:42Z,athinon,ab,1440,253,215,0
2026-07-28T04:40:42Z,athinon,ba,1040,295,134,0
2026-07-28T04:40:42Z,tasou_markou,ab,544,103,70,0
2026-07-28T04:40:42Z,tasou_markou,ba,492,56,55,0
2026-07-28T04:40:42Z,peiraios,ab,590,149,71,0
2026-07-28T04:40:42Z,peiraios,ba,590,93,64,0
2026-07-28T04:51:07Z,strovolou,ab,5693,1348,553,310
2026-07-28T04:51:07Z,strovolou,ba,4712,534,404,0
2026-07-28T04:51:07Z,tseriou,ab,2555,354,225,0
2026-07-28T04:51:07Z,tseriou,ba,3739,660,372,159
2026-07-28T04:51:07Z,prodromou,ab,2418,427,254,0
2026-07-28T04:51:07Z,prodromou,ba,2414,536,299,0
2026-07-28T04:51:07Z,akropoleos,ab,5010,921,463,153
2026-07-28T04:51:07Z,akropoleos,ba,5145,1092,479,0
2026-07-28T04:51:07Z,athalassas,ab,2793,614,282,0
2026-07-28T04:51:07Z,athalassas,ba,4619,1062,562,177
2026-07-28T04:51:07Z,lemesou,ab,2014,397,213,0
2026-07-28T04:51:07Z,lemesou,ba,2007,446,196,0
2026-07-28T04:51:07Z,sp_kyprianou,ab,6489,816,585,0
2026-07-28T04:51:07Z,sp_kyprianou,ba,7057,1465,742,0
2026-07-28T04:51:07Z,archangelou,ab,7265,679,523,0
2026-07-28T04:51:07Z,archangelou,ba,6985,1250,684,0
2026-07-28T04:51:07Z,konstantinoup,ab,2628,329,291,0
2026-07-28T04:51:07Z,konstantinoup,ba,2629,428,313,0
2026-07-28T04:51:07Z,stavrou,ab,2187,278,208,0
2026-07-28T04:51:07Z,stavrou,ba,2245,289,206,0
2026-07-28T04:51:07Z,makedonitissas,ab,2797,532,391,0
2026-07-28T04:51:07Z,makedonitissas,ba,2705,425,290,0
2026-07-28T04:51:07Z,armenias,ab,1079,195,119,0
2026-07-28T04:51:07Z,armenias,ba,1079,253,132,0
2026-07-28T04:51:07Z,arch_kyprianou,ab,1777,309,214,0
2026-07-28T04:51:07Z,arch_kyprianou,ba,1726,661,202,177
2026-07-28T04:51:07Z,a1_motorway,ab,10597,354,349,0
2026-07-28T04:51:07Z,a1_motorway,ba,14048,673,558,32
2026-07-28T04:51:07Z,makariou_lakat,ab,5849,726,516,0
2026-07-28T04:51:07Z,makariou_lakat,ba,6316,825,613,0
2026-07-28T04:51:07Z,griva_digeni,ab,4212,559,441,0
2026-07-28T04:51:07Z,griva_digeni,ba,6075,1247,751,0
2026-07-28T04:51:07Z,aglantzias,ab,1775,353,177,0
2026-07-28T04:51:07Z,aglantzias,ba,3098,571,372,0
2026-07-28T04:51:07Z,kranidioti,ab,1458,131,105,0
2026-07-28T04:51:07Z,kranidioti,ba,1652,148,117,0
2026-07-28T04:51:07Z,perimetrikos,ab,2510,336,229,0
2026-07-28T04:51:07Z,perimetrikos,ba,2094,192,164,0
2026-07-28T04:51:07Z,hatziiosif,ab,2049,462,195,153
2026-07-28T04:51:07Z,hatziiosif,ba,2045,483,202,0
2026-07-28T04:51:07Z,perikleous,ab,2016,438,275,0
2026-07-28T04:51:07Z,perikleous,ba,2649,422,273,0
2026-07-28T04:51:07Z,avraamidi,ab,1264,271,140,0
2026-07-28T04:51:07Z,avraamidi,ba,1266,210,150,0
2026-07-28T04:51:07Z,athinon,ab,1440,257,215,0
2026-07-28T04:51:07Z,athinon,ba,1040,389,134,159
2026-07-28T04:51:07Z,tasou_markou,ab,544,104,70,0
2026-07-28T04:51:07Z,tasou_markou,ba,492,56,55,0
2026-07-28T04:51:07Z,peiraios,ab,590,151,71,0
2026-07-28T04:51:07Z,peiraios,ba,590,96,64,0
2026-07-28T05:01:34Z,strovolou,ab,5400,1174,504,314
2026-07-28T05:01:34Z,strovolou,ba,4712,498,404,0
2026-07-28T05:01:34Z,tseriou,ab,2555,321,225,0
2026-07-28T05:01:34Z,tseriou,ba,3739,520,372,0
2026-07-28T05:01:34Z,prodromou,ab,2418,375,254,0
2026-07-28T05:01:34Z,prodromou,ba,2414,477,299,0
2026-07-28T05:01:34Z,akropoleos,ab,5010,800,463,126
2026-07-28T05:01:34Z,akropoleos,ba,5145,923,479,0
2026-07-28T05:01:34Z,athalassas,ab,2793,534,282,0
2026-07-28T05:01:34Z,athalassas,ba,6037,1080,534,234
2026-07-28T05:01:34Z,lemesou,ab,2014,493,213,218
2026-07-28T05:01:34Z,lemesou,ba,2007,440,196,162
2026-07-28T05:01:34Z,sp_kyprianou,ab,6489,741,585,0
2026-07-28T05:01:34Z,sp_kyprianou,ba,7057,1321,742,113
2026-07-28T05:01:34Z,archangelou,ab,7265,622,523,0
2026-07-28T05:01:34Z,archangelou,ba,6985,1063,684,0
2026-07-28T05:01:34Z,konstantinoup,ab,2628,314,291,0
2026-07-28T05:01:34Z,konstantinoup,ba,2629,382,313,0
2026-07-28T05:01:34Z,stavrou,ab,2187,256,208,0
2026-07-28T05:01:34Z,stavrou,ba,2245,263,206,0
2026-07-28T05:01:34Z,makedonitissas,ab,2797,483,391,0
2026-07-28T05:01:34Z,makedonitissas,ba,2705,375,290,0
2026-07-28T05:01:34Z,armenias,ab,1079,169,119,0
2026-07-28T05:01:34Z,armenias,ba,1079,227,132,0
2026-07-28T05:01:34Z,arch_kyprianou,ab,1777,280,214,0
2026-07-28T05:01:34Z,arch_kyprianou,ba,2260,581,310,0
2026-07-28T05:01:34Z,a1_motorway,ab,10597,351,349,0
2026-07-28T05:01:34Z,a1_motorway,ba,14048,616,558,0
2026-07-28T05:01:34Z,makariou_lakat,ab,5849,662,516,0
2026-07-28T05:01:34Z,makariou_lakat,ba,7549,819,701,0
2026-07-28T05:01:34Z,griva_digeni,ab,4212,525,441,0
2026-07-28T05:01:34Z,griva_digeni,ba,6075,1117,751,0
2026-07-28T05:01:34Z,aglantzias,ab,1775,317,177,2
2026-07-28T05:01:34Z,aglantzias,ba,3098,572,372,141
2026-07-28T05:01:34Z,kranidioti,ab,1458,121,105,0
2026-07-28T05:01:34Z,kranidioti,ba,1652,139,117,0
2026-07-28T05:01:34Z,perimetrikos,ab,2510,299,229,0
2026-07-28T05:01:34Z,perimetrikos,ba,2094,183,164,0
2026-07-28T05:01:34Z,hatziiosif,ab,2049,407,195,128
2026-07-28T05:01:34Z,hatziiosif,ba,2045,400,202,0
2026-07-28T05:01:34Z,perikleous,ab,2016,402,275,0
2026-07-28T05:01:34Z,perikleous,ba,2649,376,273,0
2026-07-28T05:01:34Z,avraamidi,ab,1264,244,140,0
2026-07-28T05:01:34Z,avraamidi,ba,1266,192,150,0
2026-07-28T05:01:34Z,athinon,ab,1573,250,204,0
2026-07-28T05:01:34Z,athinon,ba,1040,267,134,0
2026-07-28T05:01:34Z,tasou_markou,ab,544,99,70,0
2026-07-28T05:01:34Z,tasou_markou,ba,492,55,55,0
2026-07-28T05:01:34Z,peiraios,ab,590,140,71,0
2026-07-28T05:01:34Z,peiraios,ba,590,87,64,0
2026-07-28T05:12:00Z,strovolou,ab,5400,1143,504,244
2026-07-28T05:12:00Z,strovolou,ba,4712,501,404,0
2026-07-28T05:12:00Z,tseriou,ab,2555,326,225,0
2026-07-28T05:12:00Z,tseriou,ba,3739,520,372,0
2026-07-28T05:12:00Z,prodromou,ab,2418,376,254,0
2026-07-28T05:12:00Z,prodromou,ba,2414,474,299,0
2026-07-28T05:12:00Z,akropoleos,ab,5010,727,463,0
2026-07-28T05:12:00Z,akropoleos,ba,5659,1043,596,82
2026-07-28T05:12:00Z,athalassas,ab,2793,537,282,0
2026-07-28T05:12:00Z,athalassas,ba,4619,1006,562,219
2026-07-28T05:12:00Z,lemesou,ab,2014,468,213,192
2026-07-28T05:12:00Z,lemesou,ba,2007,423,196,127
2026-07-28T05:12:00Z,sp_kyprianou,ab,6489,745,585,0
2026-07-28T05:12:00Z,sp_kyprianou,ba,7057,1250,742,91
2026-07-28T05:12:00Z,archangelou,ab,7265,619,523,0
2026-07-28T05:12:00Z,archangelou,ba,6742,1050,669,0
2026-07-28T05:12:00Z,konstantinoup,ab,2628,315,291,0
2026-07-28T05:12:00Z,konstantinoup,ba,2629,379,313,0
2026-07-28T05:12:00Z,stavrou,ab,2187,257,208,0
2026-07-28T05:12:00Z,stavrou,ba,2245,262,206,0
2026-07-28T05:12:00Z,makedonitissas,ab,2904,491,408,0
2026-07-28T05:12:00Z,makedonitissas,ba,2705,368,290,0
2026-07-28T05:12:00Z,armenias,ab,1079,169,119,0
2026-07-28T05:12:00Z,armenias,ba,1079,230,132,0
2026-07-28T05:12:00Z,arch_kyprianou,ab,1777,280,214,0
2026-07-28T05:12:00Z,arch_kyprianou,ba,2260,563,310,0
2026-07-28T05:12:00Z,a1_motorway,ab,10597,351,349,0
2026-07-28T05:12:00Z,a1_motorway,ba,14048,604,558,0
2026-07-28T05:12:00Z,makariou_lakat,ab,5849,663,516,0
2026-07-28T05:12:00Z,makariou_lakat,ba,6316,753,613,0
2026-07-28T05:12:00Z,griva_digeni,ab,4212,530,441,0
2026-07-28T05:12:00Z,griva_digeni,ba,5350,1066,681,0
2026-07-28T05:12:00Z,aglantzias,ab,1775,318,177,2
2026-07-28T05:12:00Z,aglantzias,ba,3098,560,372,119
2026-07-28T05:12:00Z,kranidioti,ab,1458,121,105,0
2026-07-28T05:12:00Z,kranidioti,ba,1652,138,117,0
2026-07-28T05:12:00Z,perimetrikos,ab,2510,294,229,0
2026-07-28T05:12:00Z,perimetrikos,ba,2094,182,164,0
2026-07-28T05:12:00Z,hatziiosif,ab,2049,330,195,0
2026-07-28T05:12:00Z,hatziiosif,ba,2045,524,202,193
2026-07-28T05:12:00Z,perikleous,ab,2016,406,275,0
2026-07-28T05:12:00Z,perikleous,ba,2649,374,273,0
2026-07-28T05:12:00Z,avraamidi,ab,1293,269,193,0
2026-07-28T05:12:00Z,avraamidi,ba,1266,193,150,0
2026-07-28T05:12:00Z,athinon,ab,1573,252,204,0
2026-07-28T05:12:00Z,athinon,ba,1040,267,134,0
2026-07-28T05:12:00Z,tasou_markou,ab,544,99,70,0
2026-07-28T05:12:00Z,tasou_markou,ba,492,55,55,0
2026-07-28T05:12:00Z,peiraios,ab,590,139,71,0
2026-07-28T05:12:00Z,peiraios,ba,590,88,64,0
2026-07-28T05:22:25Z,strovolou,ab,5400,1009,504,179
2026-07-28T05:22:25Z,strovolou,ba,4712,501,404,0
2026-07-28T05:22:25Z,tseriou,ab,3332,378,293,0
2026-07-28T05:22:25Z,tseriou,ba,3739,517,372,0
2026-07-28T05:22:25Z,prodromou,ab,2418,374,254,0
2026-07-28T05:22:25Z,prodromou,ba,2414,454,299,0
2026-07-28T05:22:25Z,akropoleos,ab,5010,716,463,0
2026-07-28T05:22:25Z,akropoleos,ba,5659,1272,596,490
2026-07-28T05:22:25Z,athalassas,ab,2793,533,282,0
2026-07-28T05:22:25Z,athalassas,ba,4619,1045,562,238
2026-07-28T05:22:25Z,lemesou,ab,2014,332,213,0
2026-07-28T05:22:25Z,lemesou,ba,2007,368,196,0
2026-07-28T05:22:25Z,sp_kyprianou,ab,6489,742,585,0
2026-07-28T05:22:25Z,sp_kyprianou,ba,7057,1245,742,157
2026-07-28T05:22:25Z,archangelou,ab,7265,615,523,0
2026-07-28T05:22:25Z,archangelou,ba,6742,1005,669,0
2026-07-28T05:22:25Z,konstantinoup,ab,2628,315,291,0
2026-07-28T05:22:25Z,konstantinoup,ba,2629,372,313,0
2026-07-28T05:22:25Z,stavrou,ab,2187,256,208,0
2026-07-28T05:22:25Z,stavrou,ba,2245,261,206,0
2026-07-28T05:22:25Z,makedonitissas,ab,2904,484,408,0
2026-07-28T05:22:25Z,makedonitissas,ba,2705,359,290,0
2026-07-28T05:22:25Z,armenias,ab,1079,167,119,0
2026-07-28T05:22:25Z,armenias,ba,1079,230,132,0
2026-07-28T05:22:25Z,arch_kyprianou,ab,1777,280,214,0
2026-07-28T05:22:25Z,arch_kyprianou,ba,2260,530,310,0
2026-07-28T05:22:25Z,a1_motorway,ab,10597,351,349,0
2026-07-28T05:22:25Z,a1_motorway,ba,14048,649,558,38
2026-07-28T05:22:25Z,makariou_lakat,ab,5849,660,516,0
2026-07-28T05:22:25Z,makariou_lakat,ba,6316,746,613,0
2026-07-28T05:22:25Z,griva_digeni,ab,4212,531,441,0
2026-07-28T05:22:25Z,griva_digeni,ba,6075,1070,751,0
2026-07-28T05:22:25Z,aglantzias,ab,1775,289,177,0
2026-07-28T05:22:25Z,aglantzias,ba,3098,513,372,0
2026-07-28T05:22:25Z,kranidioti,ab,1458,121,105,0
2026-07-28T05:22:25Z,kranidioti,ba,1652,137,117,0
2026-07-28T05:22:25Z,perimetrikos,ab,2510,286,229,0
2026-07-28T05:22:25Z,perimetrikos,ba,2094,182,164,0
2026-07-28T05:22:25Z,hatziiosif,ab,2049,328,195,0
2026-07-28T05:22:25Z,hatziiosif,ba,2571,574,319,155
2026-07-28T05:22:25Z,perikleous,ab,2016,407,275,0
2026-07-28T05:22:25Z,perikleous,ba,2649,373,273,0
2026-07-28T05:22:25Z,avraamidi,ab,1293,265,193,0
2026-07-28T05:22:25Z,avraamidi,ba,1266,195,150,0
2026-07-28T05:22:25Z,athinon,ab,1573,258,204,17
2026-07-28T05:22:25Z,athinon,ba,1040,267,134,0
2026-07-28T05:22:25Z,tasou_markou,ab,544,98,70,0
2026-07-28T05:22:25Z,tasou_markou,ba,492,55,55,0
2026-07-28T05:22:25Z,peiraios,ab,590,136,71,0
2026-07-28T05:22:25Z,peiraios,ba,590,88,64,0
2026-07-28T05:32:52Z,strovolou,ab,5400,963,504,167
2026-07-28T05:32:52Z,strovolou,ba,4712,499,404,0
2026-07-28T05:32:52Z,tseriou,ab,2555,328,225,0
2026-07-28T05:32:52Z,tseriou,ba,3739,513,372,0
2026-07-28T05:32:52Z,prodromou,ab,2418,359,254,0
2026-07-28T05:32:52Z,prodromou,ba,2414,434,299,0
2026-07-28T05:32:52Z,akropoleos,ab,5010,704,463,0
2026-07-28T05:32:52Z,akropoleos,ba,6916,1204,725,210
2026-07-28T05:32:52Z,athalassas,ab,2793,511,282,0
2026-07-28T05:32:52Z,athalassas,ba,4619,924,562,128
2026-07-28T05:32:52Z,lemesou,ab,2014,324,213,0
2026-07-28T05:32:52Z,lemesou,ba,2007,346,196,0
2026-07-28T05:32:52Z,sp_kyprianou,ab,6489,735,585,0
2026-07-28T05:32:52Z,sp_kyprianou,ba,7669,1267,795,181
2026-07-28T05:32:52Z,archangelou,ab,7265,609,523,0
2026-07-28T05:32:52Z,archangelou,ba,6742,958,669,0
2026-07-28T05:32:52Z,konstantinoup,ab,2628,314,291,0
2026-07-28T05:32:52Z,konstantinoup,ba,2629,365,313,0
2026-07-28T05:32:52Z,stavrou,ab,2187,255,208,0
2026-07-28T05:32:52Z,stavrou,ba,2245,256,206,0
2026-07-28T05:32:52Z,makedonitissas,ab,2904,471,408,0
2026-07-28T05:32:52Z,makedonitissas,ba,2705,350,290,0
2026-07-28T05:32:52Z,armenias,ab,1079,165,119,0
2026-07-28T05:32:52Z,armenias,ba,1079,228,132,0
2026-07-28T05:32:52Z,arch_kyprianou,ab,1777,278,214,0
2026-07-28T05:32:52Z,arch_kyprianou,ba,1726,505,202,128
2026-07-28T05:32:52Z,a1_motorway,ab,10597,352,349,0
2026-07-28T05:32:52Z,a1_motorway,ba,14048,716,558,125
2026-07-28T05:32:52Z,makariou_lakat,ab,5849,654,516,0
2026-07-28T05:32:52Z,makariou_lakat,ba,6316,737,613,0
2026-07-28T05:32:52Z,griva_digeni,ab,4212,531,441,0
2026-07-28T05:32:52Z,griva_digeni,ba,6075,1053,751,0
2026-07-28T05:32:52Z,aglantzias,ab,1775,279,177,0
2026-07-28T05:32:52Z,aglantzias,ba,3098,500,372,0
2026-07-28T05:32:52Z,kranidioti,ab,1458,119,105,0
2026-07-28T05:32:52Z,kranidioti,ba,1652,136,117,0
2026-07-28T05:32:52Z,perimetrikos,ab,2510,279,229,0
2026-07-28T05:32:52Z,perimetrikos,ba,2094,181,164,0
2026-07-28T05:32:52Z,hatziiosif,ab,2049,325,195,0
2026-07-28T05:32:52Z,hatziiosif,ba,2912,512,401,0
2026-07-28T05:32:52Z,perikleous,ab,2016,408,275,1
2026-07-28T05:32:52Z,perikleous,ba,2649,530,273,190
2026-07-28T05:32:52Z,avraamidi,ab,1293,261,193,1
2026-07-28T05:32:52Z,avraamidi,ba,1266,196,150,1
2026-07-28T05:32:52Z,athinon,ab,1573,247,204,0
2026-07-28T05:32:52Z,athinon,ba,1040,264,134,0
2026-07-28T05:32:52Z,tasou_markou,ab,544,91,70,0
2026-07-28T05:32:52Z,tasou_markou,ba,492,55,55,0
2026-07-28T05:32:52Z,peiraios,ab,590,127,71,0
2026-07-28T05:32:52Z,peiraios,ba,590,87,64,0
2026-07-28T05:43:17Z,strovolou,ab,5400,974,504,258
2026-07-28T05:43:17Z,strovolou,ba,4712,496,404,0
2026-07-28T05:43:17Z,tseriou,ab,2555,327,225,0
2026-07-28T05:43:17Z,tseriou,ba,3739,506,372,0
2026-07-28T05:43:17Z,prodromou,ab,2418,351,254,0
2026-07-28T05:43:17Z,prodromou,ba,2414,422,299,0
2026-07-28T05:43:17Z,akropoleos,ab,5010,691,463,0
2026-07-28T05:43:17Z,akropoleos,ba,5659,1061,596,210
2026-07-28T05:43:17Z,athalassas,ab,2793,502,282,0
2026-07-28T05:43:17Z,athalassas,ba,4485,930,538,118
2026-07-28T05:43:17Z,lemesou,ab,2014,316,213,0
2026-07-28T05:43:17Z,lemesou,ba,2007,333,196,0
2026-07-28T05:43:17Z,sp_kyprianou,ab,6489,729,585,0
2026-07-28T05:43:17Z,sp_kyprianou,ba,6573,1229,627,359
2026-07-28T05:43:17Z,archangelou,ab,7265,602,523,0
2026-07-28T05:43:17Z,archangelou,ba,6742,934,669,0
2026-07-28T05:43:17Z,konstantinoup,ab,2628,313,291,0
2026-07-28T05:43:17Z,konstantinoup,ba,2629,359,313,0
2026-07-28T05:43:17Z,stavrou,ab,2187,251,208,0
2026-07-28T05:43:17Z,stavrou,ba,2245,252,206,0
2026-07-28T05:43:17Z,makedonitissas,ab,2904,467,408,0
2026-07-28T05:43:17Z,makedonitissas,ba,2705,343,290,0
2026-07-28T05:43:17Z,armenias,ab,1079,163,119,0
2026-07-28T05:43:17Z,armenias,ba,1079,226,132,0
2026-07-28T05:43:17Z,arch_kyprianou,ab,1701,269,215,0
2026-07-28T05:43:17Z,arch_kyprianou,ba,2260,553,310,128
2026-07-28T05:43:17Z,a1_motorway,ab,10597,351,349,0
2026-07-28T05:43:17Z,a1_motorway,ba,14048,630,558,32
2026-07-28T05:43:17Z,makariou_lakat,ab,5849,645,516,0
2026-07-28T05:43:17Z,makariou_lakat,ba,6316,729,613,0
2026-07-28T05:43:17Z,griva_digeni,ab,4212,530,441,0
2026-07-28T05:43:17Z,griva_digeni,ba,6075,1033,751,0
2026-07-28T05:43:17Z,aglantzias,ab,1775,268,177,0
2026-07-28T05:43:17Z,aglantzias,ba,3098,497,372,0
2026-07-28T05:43:17Z,kranidioti,ab,1458,117,105,0
2026-07-28T05:43:17Z,kranidioti,ba,1652,133,117,0
2026-07-28T05:43:17Z,perimetrikos,ab,2510,274,229,0
2026-07-28T05:43:17Z,perimetrikos,ba,2094,179,164,0
2026-07-28T05:43:17Z,hatziiosif,ab,2049,318,195,0
2026-07-28T05:43:17Z,hatziiosif,ba,2571,453,319,0
2026-07-28T05:43:17Z,perikleous,ab,2016,404,275,0
2026-07-28T05:43:17Z,perikleous,ba,2649,365,273,0
2026-07-28T05:43:17Z,avraamidi,ab,1293,257,193,0
2026-07-28T05:43:17Z,avraamidi,ba,1266,195,150,0
2026-07-28T05:43:17Z,athinon,ab,1573,250,204,15
2026-07-28T05:43:17Z,athinon,ba,1040,259,134,0
2026-07-28T05:43:17Z,tasou_markou,ab,544,91,70,0
2026-07-28T05:43:17Z,tasou_markou,ba,492,55,55,0
2026-07-28T05:43:17Z,peiraios,ab,590,124,71,0
2026-07-28T05:43:17Z,peiraios,ba,590,87,64,0
2026-07-28T05:53:42Z,strovolou,ab,6338,951,677,0
2026-07-28T05:53:42Z,strovolou,ba,4712,492,404,0
2026-07-28T05:53:42Z,tseriou,ab,2555,325,225,0
2026-07-28T05:53:42Z,tseriou,ba,3739,500,372,0
2026-07-28T05:53:42Z,prodromou,ab,2418,343,254,0
2026-07-28T05:53:42Z,prodromou,ba,2414,419,299,0
2026-07-28T05:53:42Z,akropoleos,ab,5010,756,463,126
2026-07-28T05:53:42Z,akropoleos,ba,5659,1128,596,356
2026-07-28T05:53:42Z,athalassas,ab,2793,497,282,0
2026-07-28T05:53:42Z,athalassas,ba,6037,954,534,168
2026-07-28T05:53:42Z,lemesou,ab,2014,307,213,0
2026-07-28T05:53:42Z,lemesou,ba,2007,327,196,0
2026-07-28T05:53:42Z,sp_kyprianou,ab,6489,721,585,0
2026-07-28T05:53:42Z,sp_kyprianou,ba,7669,1167,795,117
2026-07-28T05:53:42Z,archangelou,ab,7265,600,523,0
2026-07-28T05:53:42Z,archangelou,ba,6742,903,669,0
2026-07-28T05:53:42Z,konstantinoup,ab,2628,312,291,0
2026-07-28T05:53:42Z,konstantinoup,ba,2629,353,313,0
2026-07-28T05:53:42Z,stavrou,ab,2187,248,208,0
2026-07-28T05:53:42Z,stavrou,ba,2245,249,206,0
2026-07-28T05:53:42Z,makedonitissas,ab,2904,460,408,0
2026-07-28T05:53:42Z,makedonitissas,ba,2705,337,290,0
2026-07-28T05:53:42Z,armenias,ab,1079,160,119,0
2026-07-28T05:53:42Z,armenias,ba,1079,222,132,0
2026-07-28T05:53:42Z,arch_kyprianou,ab,1701,266,215,0
2026-07-28T05:53:42Z,arch_kyprianou,ba,2260,463,310,0
2026-07-28T05:53:42Z,a1_motorway,ab,10597,352,349,0
2026-07-28T05:53:42Z,a1_motorway,ba,14048,588,558,0
2026-07-28T05:53:42Z,makariou_lakat,ab,5849,643,516,0
2026-07-28T05:53:42Z,makariou_lakat,ba,6901,726,583,0
2026-07-28T05:53:42Z,griva_digeni,ab,4212,531,441,0
2026-07-28T05:53:42Z,griva_digeni,ba,6075,1015,751,0
2026-07-28T05:53:42Z,aglantzias,ab,1775,261,177,0
2026-07-28T05:53:42Z,aglantzias,ba,3098,491,372,0
2026-07-28T05:53:42Z,kranidioti,ab,1458,115,105,0
2026-07-28T05:53:42Z,kranidioti,ba,1652,131,117,0
2026-07-28T05:53:42Z,perimetrikos,ab,2510,272,229,0
2026-07-28T05:53:42Z,perimetrikos,ba,2094,178,164,0
2026-07-28T05:53:42Z,hatziiosif,ab,2049,390,195,126
2026-07-28T05:53:42Z,hatziiosif,ba,2571,527,319,122
2026-07-28T05:53:42Z,perikleous,ab,2016,402,275,1
2026-07-28T05:53:42Z,perikleous,ba,2649,385,273,39
2026-07-28T05:53:42Z,avraamidi,ab,1264,214,140,1
2026-07-28T05:53:42Z,avraamidi,ba,1266,196,150,2
2026-07-28T05:53:42Z,athinon,ab,1573,250,204,20
2026-07-28T05:53:42Z,athinon,ba,1040,253,134,0
2026-07-28T05:53:42Z,tasou_markou,ab,544,89,70,0
2026-07-28T05:53:42Z,tasou_markou,ba,492,55,55,0
2026-07-28T05:53:42Z,peiraios,ab,590,121,71,0
2026-07-28T05:53:42Z,peiraios,ba,590,86,64,0
2026-07-28T06:04:10Z,strovolou,ab,5400,898,504,219
2026-07-28T06:04:10Z,strovolou,ba,4712,489,404,0
2026-07-28T06:04:10Z,tseriou,ab,2555,322,225,0
2026-07-28T06:04:10Z,tseriou,ba,3739,498,372,0
2026-07-28T06:04:10Z,prodromou,ab,2418,334,254,0
2026-07-28T06:04:10Z,prodromou,ba,2414,404,299,0
2026-07-28T06:04:10Z,akropoleos,ab,5010,681,463,0
2026-07-28T06:04:10Z,akropoleos,ba,8210,1135,592,388
2026-07-28T06:04:10Z,athalassas,ab,2793,489,282,0
2026-07-28T06:04:10Z,athalassas,ba,4485,938,538,159
2026-07-28T06:04:10Z,lemesou,ab,2014,305,213,0
2026-07-28T06:04:10Z,lemesou,ba,2007,384,196,121
2026-07-28T06:04:10Z,sp_kyprianou,ab,6489,715,585,0
2026-07-28T06:04:10Z,sp_kyprianou,ba,7669,1047,795,0
2026-07-28T06:04:10Z,archangelou,ab,7265,595,523,0
2026-07-28T06:04:10Z,archangelou,ba,6911,774,591,0
2026-07-28T06:04:10Z,konstantinoup,ab,2628,313,291,0
2026-07-28T06:04:10Z,konstantinoup,ba,2629,349,313,0
2026-07-28T06:04:10Z,stavrou,ab,2187,247,208,0
2026-07-28T06:04:10Z,stavrou,ba,2245,244,206,0
2026-07-28T06:04:10Z,makedonitissas,ab,2904,453,408,0
2026-07-28T06:04:10Z,makedonitissas,ba,2705,333,290,0
2026-07-28T06:04:10Z,armenias,ab,1079,157,119,0
2026-07-28T06:04:10Z,armenias,ba,1079,217,132,0
2026-07-28T06:04:10Z,arch_kyprianou,ab,1701,261,215,0
2026-07-28T06:04:10Z,arch_kyprianou,ba,2260,442,310,0
2026-07-28T06:04:10Z,a1_motorway,ab,10597,351,349,0
2026-07-28T06:04:10Z,a1_motorway,ba,14048,582,558,0
2026-07-28T06:04:10Z,makariou_lakat,ab,5849,634,516,0
2026-07-28T06:04:10Z,makariou_lakat,ba,6901,715,583,0
2026-07-28T06:04:10Z,griva_digeni,ab,4212,527,441,0
2026-07-28T06:04:10Z,griva_digeni,ba,6075,994,751,0
2026-07-28T06:04:10Z,aglantzias,ab,1775,253,177,2
2026-07-28T06:04:10Z,aglantzias,ba,3098,548,372,119
2026-07-28T06:04:10Z,kranidioti,ab,1458,113,105,0
2026-07-28T06:04:10Z,kranidioti,ba,1652,129,117,0
2026-07-28T06:04:10Z,perimetrikos,ab,2510,265,229,0
2026-07-28T06:04:10Z,perimetrikos,ba,2094,177,164,0
2026-07-28T06:04:10Z,hatziiosif,ab,2049,314,195,0
2026-07-28T06:04:10Z,hatziiosif,ba,2571,552,319,146
2026-07-28T06:04:10Z,perikleous,ab,2016,400,275,0
2026-07-28T06:04:10Z,perikleous,ba,2649,392,273,40
2026-07-28T06:04:10Z,avraamidi,ab,1264,210,140,0
2026-07-28T06:04:10Z,avraamidi,ba,1266,194,150,0
2026-07-28T06:04:10Z,athinon,ab,1573,237,204,0
2026-07-28T06:04:10Z,athinon,ba,1040,253,134,0
2026-07-28T06:04:10Z,tasou_markou,ab,544,87,70,0
2026-07-28T06:04:10Z,tasou_markou,ba,492,54,55,0
2026-07-28T06:04:10Z,peiraios,ab,590,117,71,0
2026-07-28T06:04:10Z,peiraios,ba,590,85,64,0
2026-07-28T09:08:40Z,strovolou,ab,5400,611,504,0
2026-07-28T09:08:40Z,strovolou,ba,4712,531,404,0
2026-07-28T09:08:40Z,tseriou,ab,2555,362,225,0
2026-07-28T09:08:40Z,tseriou,ba,3739,508,372,0
2026-07-28T09:08:40Z,prodromou,ab,2418,307,254,0
2026-07-28T09:08:40Z,prodromou,ba,2414,354,299,0
2026-07-28T09:08:40Z,akropoleos,ab,5010,758,463,0
2026-07-28T09:08:40Z,akropoleos,ba,5145,740,479,0
2026-07-28T09:08:40Z,athalassas,ab,2793,523,282,0
2026-07-28T09:08:40Z,athalassas,ba,6269,804,543,0
2026-07-28T09:08:40Z,lemesou,ab,2014,305,213,0
2026-07-28T09:08:40Z,lemesou,ba,2007,308,196,0
2026-07-28T09:08:40Z,sp_kyprianou,ab,6489,737,585,0
2026-07-28T09:08:40Z,sp_kyprianou,ba,6573,889,627,116
2026-07-28T09:08:40Z,archangelou,ab,7265,602,523,0
2026-07-28T09:08:40Z,archangelou,ba,6911,679,591,0
2026-07-28T09:08:40Z,konstantinoup,ab,2628,318,291,0
2026-07-28T09:08:40Z,konstantinoup,ba,2629,338,313,0
2026-07-28T09:08:40Z,stavrou,ab,2187,258,208,0
2026-07-28T09:08:40Z,stavrou,ba,2245,245,206,0
2026-07-28T09:08:40Z,makedonitissas,ab,2904,447,408,0
2026-07-28T09:08:40Z,makedonitissas,ba,2705,312,290,0
2026-07-28T09:08:40Z,armenias,ab,1079,152,119,0
2026-07-28T09:08:40Z,armenias,ba,1079,225,132,0
2026-07-28T09:08:40Z,arch_kyprianou,ab,1701,269,215,0
2026-07-28T09:08:40Z,arch_kyprianou,ba,1726,324,202,0
2026-07-28T09:08:40Z,a1_motorway,ab,10597,351,349,0
2026-07-28T09:08:40Z,a1_motorway,ba,14048,571,558,0
2026-07-28T09:08:40Z,makariou_lakat,ab,5849,634,516,0
2026-07-28T09:08:40Z,makariou_lakat,ba,6901,693,583,0
2026-07-28T09:08:40Z,griva_digeni,ab,4212,561,441,0
2026-07-28T09:08:40Z,griva_digeni,ba,5350,859,681,0
2026-07-28T09:08:40Z,aglantzias,ab,1775,214,177,0
2026-07-28T09:08:40Z,aglantzias,ba,3098,497,372,0
2026-07-28T09:08:40Z,kranidioti,ab,1458,109,105,0
2026-07-28T09:08:40Z,kranidioti,ba,1652,120,117,0
2026-07-28T09:08:40Z,perimetrikos,ab,2510,251,229,0
2026-07-28T09:08:40Z,perimetrikos,ba,2094,178,164,0
2026-07-28T09:08:40Z,hatziiosif,ab,2049,373,195,0
2026-07-28T09:08:40Z,hatziiosif,ba,2045,316,202,0
2026-07-28T09:08:40Z,perikleous,ab,2238,414,232,0
2026-07-28T09:08:40Z,perikleous,ba,2649,355,273,0
2026-07-28T09:08:40Z,avraamidi,ab,1264,203,140,0
2026-07-28T09:08:40Z,avraamidi,ba,1266,212,150,0
2026-07-28T09:08:40Z,athinon,ab,1573,234,204,0
2026-07-28T09:08:40Z,athinon,ba,1040,263,134,0
2026-07-28T09:08:40Z,tasou_markou,ab,544,82,70,0
2026-07-28T09:08:40Z,tasou_markou,ba,492,54,55,0
2026-07-28T09:08:40Z,peiraios,ab,590,108,71,0
2026-07-28T09:08:40Z,peiraios,ba,590,90,64,0
2026-07-28T10:09:38Z,strovolou,ab,5400,597,504,0
2026-07-28T10:09:38Z,strovolou,ba,4712,526,404,0
2026-07-28T10:09:38Z,tseriou,ab,2555,344,225,0
2026-07-28T10:09:38Z,tseriou,ba,3739,495,372,0
2026-07-28T10:09:38Z,prodromou,ab,2418,299,254,0
2026-07-28T10:09:38Z,prodromou,ba,2414,347,299,0
2026-07-28T10:09:38Z,akropoleos,ab,5010,787,463,149
2026-07-28T10:09:38Z,akropoleos,ba,5145,721,479,0
2026-07-28T10:09:38Z,athalassas,ab,2793,500,282,0
2026-07-28T10:09:38Z,athalassas,ba,6269,776,543,0
2026-07-28T10:09:38Z,lemesou,ab,2014,301,213,0
2026-07-28T10:09:38Z,lemesou,ba,2007,294,196,0
2026-07-28T10:09:38Z,sp_kyprianou,ab,6489,724,585,0
2026-07-28T10:09:38Z,sp_kyprianou,ba,6573,805,627,0
2026-07-28T10:09:38Z,archangelou,ab,7265,593,523,0
2026-07-28T10:09:38Z,archangelou,ba,6911,666,591,0
2026-07-28T10:09:38Z,konstantinoup,ab,2628,309,291,0
2026-07-28T10:09:38Z,konstantinoup,ba,2629,333,313,0
2026-07-28T10:09:38Z,stavrou,ab,2187,254,208,0
2026-07-28T10:09:38Z,stavrou,ba,2245,241,206,0
2026-07-28T10:09:38Z,makedonitissas,ab,2904,444,408,0
2026-07-28T10:09:38Z,makedonitissas,ba,2705,308,290,0
2026-07-28T10:09:38Z,armenias,ab,1079,149,119,0
2026-07-28T10:09:38Z,armenias,ba,1079,218,132,0
2026-07-28T10:09:38Z,arch_kyprianou,ab,1701,269,215,0
2026-07-28T10:09:38Z,arch_kyprianou,ba,1726,310,202,0
2026-07-28T10:09:38Z,a1_motorway,ab,10597,351,349,0
2026-07-28T10:09:38Z,a1_motorway,ba,14048,568,558,0
2026-07-28T10:09:38Z,makariou_lakat,ab,5849,619,516,0
2026-07-28T10:09:38Z,makariou_lakat,ba,6901,679,583,0
2026-07-28T10:09:38Z,griva_digeni,ab,4212,544,441,0
2026-07-28T10:09:38Z,griva_digeni,ba,5350,841,681,0
2026-07-28T10:09:38Z,aglantzias,ab,1775,208,177,0
2026-07-28T10:09:38Z,aglantzias,ba,3098,483,372,0
2026-07-28T10:09:38Z,kranidioti,ab,1458,108,105,0
2026-07-28T10:09:38Z,kranidioti,ba,1652,119,117,0
2026-07-28T10:09:38Z,perimetrikos,ab,2510,247,229,0
2026-07-28T10:09:38Z,perimetrikos,ba,2094,176,164,0
2026-07-28T10:09:38Z,hatziiosif,ab,2049,419,195,149
2026-07-28T10:09:38Z,hatziiosif,ba,2045,303,202,0
2026-07-28T10:09:38Z,perikleous,ab,2238,407,232,0
2026-07-28T10:09:38Z,perikleous,ba,2649,346,273,0
2026-07-28T10:09:38Z,avraamidi,ab,1264,193,140,0
2026-07-28T10:09:38Z,avraamidi,ba,1266,205,150,0
2026-07-28T10:09:38Z,athinon,ab,1573,229,204,0
2026-07-28T10:09:38Z,athinon,ba,1040,252,134,0
2026-07-28T10:09:38Z,tasou_markou,ab,544,81,70,0
2026-07-28T10:09:38Z,tasou_markou,ba,492,53,55,0
2026-07-28T10:09:38Z,peiraios,ab,590,106,71,0
2026-07-28T10:09:38Z,peiraios,ba,590,86,64,0
2026-07-28T10:20:08Z,strovolou,ab,5400,598,504,0
2026-07-28T10:20:08Z,strovolou,ba,4712,529,404,0
2026-07-28T10:20:08Z,tseriou,ab,2555,347,225,0
2026-07-28T10:20:08Z,tseriou,ba,3739,497,372,0
2026-07-28T10:20:08Z,prodromou,ab,2418,299,254,0
2026-07-28T10:20:08Z,prodromou,ba,2414,347,299,0
2026-07-28T10:20:08Z,akropoleos,ab,8641,796,615,0
2026-07-28T10:20:08Z,akropoleos,ba,5145,722,479,0
2026-07-28T10:20:08Z,athalassas,ab,2793,503,282,0
2026-07-28T10:20:08Z,athalassas,ba,6269,778,543,0
2026-07-28T10:20:08Z,lemesou,ab,2014,305,213,0
2026-07-28T10:20:08Z,lemesou,ba,2007,295,196,0
2026-07-28T10:20:08Z,sp_kyprianou,ab,6489,730,585,0
2026-07-28T10:20:08Z,sp_kyprianou,ba,6573,806,627,0
2026-07-28T10:20:08Z,archangelou,ab,7265,596,523,0
2026-07-28T10:20:08Z,archangelou,ba,6911,666,591,0
2026-07-28T10:20:08Z,konstantinoup,ab,2628,309,291,0
2026-07-28T10:20:08Z,konstantinoup,ba,2629,334,313,0
2026-07-28T10:20:08Z,stavrou,ab,2187,255,208,0
2026-07-28T10:20:08Z,stavrou,ba,2245,241,206,0
2026-07-28T10:20:08Z,makedonitissas,ab,2904,446,408,0
2026-07-28T10:20:08Z,makedonitissas,ba,2705,309,290,0
2026-07-28T10:20:08Z,armenias,ab,1079,149,119,0
2026-07-28T10:20:08Z,armenias,ba,1079,219,132,0
2026-07-28T10:20:08Z,arch_kyprianou,ab,1701,272,215,0
2026-07-28T10:20:08Z,arch_kyprianou,ba,1726,309,202,0
2026-07-28T10:20:08Z,a1_motorway,ab,10597,351,349,0
2026-07-28T10:20:08Z,a1_motorway,ba,14048,568,558,0
2026-07-28T10:20:08Z,makariou_lakat,ab,5849,621,516,0
2026-07-28T10:20:08Z,makariou_lakat,ba,6901,682,583,0
2026-07-28T10:20:08Z,griva_digeni,ab,4212,546,441,0
2026-07-28T10:20:08Z,griva_digeni,ba,5350,844,681,0
2026-07-28T10:20:08Z,aglantzias,ab,1775,208,177,0
2026-07-28T10:20:08Z,aglantzias,ba,3098,484,372,0
2026-07-28T10:20:08Z,kranidioti,ab,1458,108,105,0
2026-07-28T10:20:08Z,kranidioti,ba,1652,119,117,0
2026-07-28T10:20:08Z,perimetrikos,ab,2510,248,229,0
2026-07-28T10:20:08Z,perimetrikos,ba,2094,177,164,0
2026-07-28T10:20:08Z,hatziiosif,ab,2049,485,195,223
2026-07-28T10:20:08Z,hatziiosif,ba,2045,303,202,0
2026-07-28T10:20:08Z,perikleous,ab,2238,410,232,0
2026-07-28T10:20:08Z,perikleous,ba,2649,347,273,0
2026-07-28T10:20:08Z,avraamidi,ab,1264,192,140,0
2026-07-28T10:20:08Z,avraamidi,ba,1266,206,150,0
2026-07-28T10:20:08Z,athinon,ab,1573,230,204,0
2026-07-28T10:20:08Z,athinon,ba,1040,254,134,0
2026-07-28T10:20:08Z,tasou_markou,ab,544,81,70,0
2026-07-28T10:20:08Z,tasou_markou,ba,492,53,55,0
2026-07-28T10:20:08Z,peiraios,ab,590,106,71,0
2026-07-28T10:20:08Z,peiraios,ba,590,87,64,0
2026-07-28T10:30:37Z,strovolou,ab,5400,599,504,0
2026-07-28T10:30:37Z,strovolou,ba,4712,534,404,0
2026-07-28T10:30:37Z,tseriou,ab,2555,350,225,0
2026-07-28T10:30:37Z,tseriou,ba,3739,500,372,0
2026-07-28T10:30:37Z,prodromou,ab,2418,300,254,0
2026-07-28T10:30:37Z,prodromou,ba,2414,349,299,0
2026-07-28T10:30:37Z,akropoleos,ab,5010,750,463,0
2026-07-28T10:30:37Z,akropoleos,ba,5145,730,479,0
2026-07-28T10:30:37Z,athalassas,ab,2793,508,282,0
2026-07-28T10:30:37Z,athalassas,ba,6269,783,543,0
2026-07-28T10:30:37Z,lemesou,ab,2014,310,213,0
2026-07-28T10:30:37Z,lemesou,ba,2007,298,196,0
2026-07-28T10:30:37Z,sp_kyprianou,ab,6489,735,585,0
2026-07-28T10:30:37Z,sp_kyprianou,ba,6573,811,627,0
2026-07-28T10:30:37Z,archangelou,ab,7265,599,523,0
2026-07-28T10:30:37Z,archangelou,ba,6911,667,591,0
2026-07-28T10:30:37Z,konstantinoup,ab,2628,309,291,0
2026-07-28T10:30:37Z,konstantinoup,ba,2629,334,313,0
2026-07-28T10:30:37Z,stavrou,ab,2187,258,208,0
2026-07-28T10:30:37Z,stavrou,ba,2245,242,206,0
2026-07-28T10:30:37Z,makedonitissas,ab,2904,447,408,0
2026-07-28T10:30:37Z,makedonitissas,ba,2705,311,290,0
2026-07-28T10:30:37Z,armenias,ab,1079,150,119,0
2026-07-28T10:30:37Z,armenias,ba,1079,221,132,0
2026-07-28T10:30:37Z,arch_kyprianou,ab,1701,275,215,0
2026-07-28T10:30:37Z,arch_kyprianou,ba,1726,311,202,0
2026-07-28T10:30:37Z,a1_motorway,ab,10597,351,349,0
2026-07-28T10:30:37Z,a1_motorway,ba,14048,569,558,0
2026-07-28T10:30:37Z,makariou_lakat,ab,5849,622,516,0
2026-07-28T10:30:37Z,makariou_lakat,ba,6901,684,583,0
2026-07-28T10:30:37Z,griva_digeni,ab,4212,547,441,0
2026-07-28T10:30:37Z,griva_digeni,ba,5350,845,681,0
2026-07-28T10:30:37Z,aglantzias,ab,1775,209,177,0
2026-07-28T10:30:37Z,aglantzias,ba,3098,486,372,0
2026-07-28T10:30:37Z,kranidioti,ab,1458,108,105,0
2026-07-28T10:30:37Z,kranidioti,ba,1652,119,117,0
2026-07-28T10:30:37Z,perimetrikos,ab,2510,248,229,0
2026-07-28T10:30:37Z,perimetrikos,ba,2094,177,164,0
2026-07-28T10:30:37Z,hatziiosif,ab,2049,372,195,0
2026-07-28T10:30:37Z,hatziiosif,ba,2045,307,202,0
2026-07-28T10:30:37Z,perikleous,ab,2238,414,232,0
2026-07-28T10:30:37Z,perikleous,ba,2649,349,273,0
2026-07-28T10:30:37Z,avraamidi,ab,1264,193,140,0
2026-07-28T10:30:37Z,avraamidi,ba,1266,207,150,0
2026-07-28T10:30:37Z,athinon,ab,1573,231,204,0
2026-07-28T10:30:37Z,athinon,ba,1040,256,134,0
2026-07-28T10:30:37Z,tasou_markou,ab,544,81,70,0
2026-07-28T10:30:37Z,tasou_markou,ba,492,53,55,0
2026-07-28T10:30:37Z,peiraios,ab,590,106,71,0
2026-07-28T10:30:37Z,peiraios,ba,590,88,64,0
2026-07-28T10:41:06Z,strovolou,ab,5400,600,504,0
2026-07-28T10:41:06Z,strovolou,ba,4712,539,404,0
2026-07-28T10:41:06Z,tseriou,ab,2555,357,225,0
2026-07-28T10:41:06Z,tseriou,ba,3739,502,372,0
2026-07-28T10:41:06Z,prodromou,ab,2418,300,254,0
2026-07-28T10:41:06Z,prodromou,ba,2414,349,299,0
2026-07-28T10:41:06Z,akropoleos,ab,5010,761,463,0
2026-07-28T10:41:06Z,akropoleos,ba,5145,733,479,0
2026-07-28T10:41:06Z,athalassas,ab,2793,518,282,0
2026-07-28T10:41:06Z,athalassas,ba,6269,789,543,0
2026-07-28T10:41:06Z,lemesou,ab,2014,314,213,0
2026-07-28T10:41:06Z,lemesou,ba,2007,298,196,0
2026-07-28T10:41:06Z,sp_kyprianou,ab,6489,743,585,0
2026-07-28T10:41:06Z,sp_kyprianou,ba,6573,816,627,0
2026-07-28T10:41:06Z,archangelou,ab,7265,604,523,0
2026-07-28T10:41:06Z,archangelou,ba,6911,669,591,0
2026-07-28T10:41:06Z,konstantinoup,ab,2628,309,291,0
2026-07-28T10:41:06Z,konstantinoup,ba,2629,336,313,0
2026-07-28T10:41:06Z,stavrou,ab,2187,260,208,0
2026-07-28T10:41:06Z,stavrou,ba,2245,243,206,0
2026-07-28T10:41:06Z,makedonitissas,ab,2904,451,408,0
2026-07-28T10:41:06Z,makedonitissas,ba,2705,312,290,0
2026-07-28T10:41:06Z,armenias,ab,1079,150,119,0
2026-07-28T10:41:06Z,armenias,ba,1079,223,132,0
2026-07-28T10:41:06Z,arch_kyprianou,ab,1701,279,215,0
2026-07-28T10:41:06Z,arch_kyprianou,ba,1726,313,202,0
2026-07-28T10:41:06Z,a1_motorway,ab,10597,351,349,0
2026-07-28T10:41:06Z,a1_motorway,ba,14048,569,558,0
2026-07-28T10:41:06Z,makariou_lakat,ab,5849,624,516,0
2026-07-28T10:41:06Z,makariou_lakat,ba,6901,687,583,0
2026-07-28T10:41:06Z,griva_digeni,ab,4212,549,441,0
2026-07-28T10:41:06Z,griva_digeni,ba,5350,850,681,0
2026-07-28T10:41:06Z,aglantzias,ab,1775,209,177,0
2026-07-28T10:41:06Z,aglantzias,ba,3098,489,372,0
2026-07-28T10:41:06Z,kranidioti,ab,1458,109,105,0
2026-07-28T10:41:06Z,kranidioti,ba,1652,119,117,0
2026-07-28T10:41:06Z,perimetrikos,ab,2510,249,229,0
2026-07-28T10:41:06Z,perimetrikos,ba,2094,178,164,0
2026-07-28T10:41:06Z,hatziiosif,ab,2049,384,195,0
2026-07-28T10:41:06Z,hatziiosif,ba,2045,308,202,0
2026-07-28T10:41:06Z,perikleous,ab,2238,423,232,0
2026-07-28T10:41:06Z,perikleous,ba,2649,350,273,0
2026-07-28T10:41:06Z,avraamidi,ab,1264,193,140,0
2026-07-28T10:41:06Z,avraamidi,ba,1266,208,150,0
2026-07-28T10:41:06Z,athinon,ab,1573,231,204,0
2026-07-28T10:41:06Z,athinon,ba,1040,258,134,0
2026-07-28T10:41:06Z,tasou_markou,ab,544,81,70,0
2026-07-28T10:41:06Z,tasou_markou,ba,492,53,55,0
2026-07-28T10:41:06Z,peiraios,ab,590,108,71,0
2026-07-28T10:41:06Z,peiraios,ba,590,89,64,0
2026-07-28T10:51:36Z,strovolou,ab,5400,603,504,0
2026-07-28T10:51:36Z,strovolou,ba,4712,546,404,0
2026-07-28T10:51:36Z,tseriou,ab,2555,363,225,0
2026-07-28T10:51:36Z,tseriou,ba,3739,504,372,0
2026-07-28T10:51:36Z,prodromou,ab,2418,301,254,0
2026-07-28T10:51:36Z,prodromou,ba,2414,350,299,0
2026-07-28T10:51:36Z,akropoleos,ab,5010,772,463,0
2026-07-28T10:51:36Z,akropoleos,ba,5145,738,479,0
2026-07-28T10:51:36Z,athalassas,ab,2793,522,282,0
2026-07-28T10:51:36Z,athalassas,ba,6269,794,543,0
2026-07-28T10:51:36Z,lemesou,ab,2014,323,213,0
2026-07-28T10:51:36Z,lemesou,ba,2007,303,196,0
2026-07-28T10:51:36Z,sp_kyprianou,ab,6489,758,585,0
2026-07-28T10:51:36Z,sp_kyprianou,ba,6573,820,627,0
2026-07-28T10:51:36Z,archangelou,ab,7265,610,523,0
2026-07-28T10:51:36Z,archangelou,ba,6911,672,591,0
2026-07-28T10:51:36Z,konstantinoup,ab,2628,310,291,0
2026-07-28T10:51:36Z,konstantinoup,ba,2629,337,313,0
2026-07-28T10:51:36Z,stavrou,ab,2187,264,208,0
2026-07-28T10:51:36Z,stavrou,ba,2245,243,206,0
2026-07-28T10:51:36Z,makedonitissas,ab,2904,454,408,0
2026-07-28T10:51:36Z,makedonitissas,ba,2705,314,290,0
2026-07-28T10:51:36Z,armenias,ab,1079,151,119,0
2026-07-28T10:51:36Z,armenias,ba,1079,228,132,0
2026-07-28T10:51:36Z,arch_kyprianou,ab,1701,284,215,0
2026-07-28T10:51:36Z,arch_kyprianou,ba,1726,314,202,0
2026-07-28T10:51:36Z,a1_motorway,ab,10597,351,349,0
2026-07-28T10:51:36Z,a1_motorway,ba,14048,569,558,0
2026-07-28T10:51:36Z,makariou_lakat,ab,5849,628,516,0
2026-07-28T10:51:36Z,makariou_lakat,ba,6901,692,583,0
2026-07-28T10:51:36Z,griva_digeni,ab,4212,558,441,0
2026-07-28T10:51:36Z,griva_digeni,ba,5350,853,681,0
2026-07-28T10:51:36Z,aglantzias,ab,1775,209,177,0
2026-07-28T10:51:36Z,aglantzias,ba,3098,491,372,0
2026-07-28T10:51:36Z,kranidioti,ab,1458,109,105,0
2026-07-28T10:51:36Z,kranidioti,ba,1652,120,117,0
2026-07-28T10:51:36Z,perimetrikos,ab,2510,249,229,0
2026-07-28T10:51:36Z,perimetrikos,ba,2094,178,164,0
2026-07-28T10:51:36Z,hatziiosif,ab,2049,388,195,0
2026-07-28T10:51:36Z,hatziiosif,ba,2045,309,202,0
2026-07-28T10:51:36Z,perikleous,ab,2238,430,232,0
2026-07-28T10:51:36Z,perikleous,ba,2649,352,273,0
2026-07-28T10:51:36Z,avraamidi,ab,1264,193,140,0
2026-07-28T10:51:36Z,avraamidi,ba,1266,213,150,0
2026-07-28T10:51:36Z,athinon,ab,1573,234,204,0
2026-07-28T10:51:36Z,athinon,ba,1040,260,134,0
2026-07-28T10:51:36Z,tasou_markou,ab,544,81,70,0
2026-07-28T10:51:36Z,tasou_markou,ba,492,53,55,0
2026-07-28T10:51:36Z,peiraios,ab,590,108,71,0
2026-07-28T10:51:36Z,peiraios,ba,590,91,64,0
2026-07-28T11:02:04Z,strovolou,ab,5400,605,504,0
2026-07-28T11:02:04Z,strovolou,ba,4712,547,404,0
2026-07-28T11:02:04Z,tseriou,ab,2555,369,225,0
2026-07-28T11:02:04Z,tseriou,ba,3739,507,372,0
2026-07-28T11:02:04Z,prodromou,ab,2418,301,254,0
2026-07-28T11:02:04Z,prodromou,ba,2414,348,299,0
2026-07-28T11:02:04Z,akropoleos,ab,5010,771,463,0
2026-07-28T11:02:04Z,akropoleos,ba,5145,736,479,0
2026-07-28T11:02:04Z,athalassas,ab,2793,529,282,0
2026-07-28T11:02:04Z,athalassas,ba,6269,787,543,0
2026-07-28T11:02:04Z,lemesou,ab,2014,331,213,0
2026-07-28T11:02:04Z,lemesou,ba,2007,300,196,0
2026-07-28T11:02:04Z,sp_kyprianou,ab,6489,764,585,0
2026-07-28T11:02:04Z,sp_kyprianou,ba,6573,809,627,0
2026-07-28T11:02:04Z,archangelou,ab,7265,616,523,0
2026-07-28T11:02:04Z,archangelou,ba,6911,674,591,0
2026-07-28T11:02:04Z,konstantinoup,ab,2628,311,291,0
2026-07-28T11:02:04Z,konstantinoup,ba,2629,338,313,0
2026-07-28T11:02:04Z,stavrou,ab,2187,269,208,0
2026-07-28T11:02:04Z,stavrou,ba,2245,244,206,0
2026-07-28T11:02:04Z,makedonitissas,ab,2904,456,408,0
2026-07-28T11:02:04Z,makedonitissas,ba,2705,315,290,0
2026-07-28T11:02:04Z,armenias,ab,1079,150,119,0
2026-07-28T11:02:04Z,armenias,ba,1079,229,132,0
2026-07-28T11:02:04Z,arch_kyprianou,ab,1701,290,215,0
2026-07-28T11:02:04Z,arch_kyprianou,ba,1726,316,202,0
2026-07-28T11:02:04Z,a1_motorway,ab,10597,351,349,0
2026-07-28T11:02:04Z,a1_motorway,ba,14048,568,558,0
2026-07-28T11:02:04Z,makariou_lakat,ab,5849,632,516,0
2026-07-28T11:02:04Z,makariou_lakat,ba,6901,694,583,0
2026-07-28T11:02:04Z,griva_digeni,ab,4212,562,441,0
2026-07-28T11:02:04Z,griva_digeni,ba,5350,857,681,0
2026-07-28T11:02:04Z,aglantzias,ab,1775,209,177,0
2026-07-28T11:02:04Z,aglantzias,ba,3098,489,372,0
2026-07-28T11:02:04Z,kranidioti,ab,1458,109,105,0
2026-07-28T11:02:04Z,kranidioti,ba,1652,120,117,0
2026-07-28T11:02:04Z,perimetrikos,ab,2510,249,229,0
2026-07-28T11:02:04Z,perimetrikos,ba,2094,178,164,0
2026-07-28T11:02:04Z,hatziiosif,ab,2049,394,195,0
2026-07-28T11:02:04Z,hatziiosif,ba,2045,309,202,0
2026-07-28T11:02:04Z,perikleous,ab,2238,437,232,0
2026-07-28T11:02:04Z,perikleous,ba,2649,350,273,0
2026-07-28T11:02:04Z,avraamidi,ab,1264,192,140,0
2026-07-28T11:02:04Z,avraamidi,ba,1266,212,150,0
2026-07-28T11:02:04Z,athinon,ab,1573,233,204,0
2026-07-28T11:02:04Z,athinon,ba,1040,262,134,0
2026-07-28T11:02:04Z,tasou_markou,ab,544,81,70,0
2026-07-28T11:02:04Z,tasou_markou,ba,492,53,55,0
2026-07-28T11:02:04Z,peiraios,ab,590,109,71,0
2026-07-28T11:02:04Z,peiraios,ba,590,92,64,0
2026-07-28T11:12:34Z,strovolou,ab,5400,606,504,0
2026-07-28T11:12:34Z,strovolou,ba,4712,558,404,0
2026-07-28T11:12:34Z,tseriou,ab,2555,370,225,0
2026-07-28T11:12:34Z,tseriou,ba,3739,509,372,0
2026-07-28T11:12:34Z,prodromou,ab,2418,300,254,0
2026-07-28T11:12:34Z,prodromou,ba,2414,349,299,0
2026-07-28T11:12:34Z,akropoleos,ab,5010,795,463,0
2026-07-28T11:12:34Z,akropoleos,ba,5145,741,479,0
2026-07-28T11:12:34Z,athalassas,ab,2793,530,282,0
2026-07-28T11:12:34Z,athalassas,ba,6269,792,543,0
2026-07-28T11:12:34Z,lemesou,ab,2014,342,213,0
2026-07-28T11:12:34Z,lemesou,ba,2007,301,196,0
2026-07-28T11:12:34Z,sp_kyprianou,ab,6489,775,585,0
2026-07-28T11:12:34Z,sp_kyprianou,ba,6573,822,627,0
2026-07-28T11:12:34Z,archangelou,ab,7265,619,523,0
2026-07-28T11:12:34Z,archangelou,ba,6911,675,591,0
2026-07-28T11:12:34Z,konstantinoup,ab,2628,310,291,0
2026-07-28T11:12:34Z,konstantinoup,ba,2629,338,313,0
2026-07-28T11:12:34Z,stavrou,ab,2187,271,208,0
2026-07-28T11:12:34Z,stavrou,ba,2245,243,206,0
2026-07-28T11:12:34Z,makedonitissas,ab,2904,461,408,0
2026-07-28T11:12:34Z,makedonitissas,ba,2705,318,290,0
2026-07-28T11:12:34Z,armenias,ab,1079,150,119,0
2026-07-28T11:12:34Z,armenias,ba,1079,233,132,0
2026-07-28T11:12:34Z,arch_kyprianou,ab,1701,293,215,0
2026-07-28T11:12:34Z,arch_kyprianou,ba,1726,314,202,0
2026-07-28T11:12:34Z,a1_motorway,ab,10597,351,349,0
2026-07-28T11:12:34Z,a1_motorway,ba,14048,568,558,0
2026-07-28T11:12:34Z,makariou_lakat,ab,5849,633,516,0
2026-07-28T11:12:34Z,makariou_lakat,ba,6901,694,583,0
2026-07-28T11:12:34Z,griva_digeni,ab,4212,565,441,0
2026-07-28T11:12:34Z,griva_digeni,ba,5350,854,681,0
2026-07-28T11:12:34Z,aglantzias,ab,1775,209,177,0
2026-07-28T11:12:34Z,aglantzias,ba,3098,491,372,0
2026-07-28T11:12:34Z,kranidioti,ab,1458,109,105,0
2026-07-28T11:12:34Z,kranidioti,ba,1652,120,117,0
2026-07-28T11:12:34Z,perimetrikos,ab,2510,250,229,0
2026-07-28T11:12:34Z,perimetrikos,ba,2094,179,164,0
2026-07-28T11:12:34Z,hatziiosif,ab,2049,398,195,0
2026-07-28T11:12:34Z,hatziiosif,ba,2045,310,202,0
2026-07-28T11:12:34Z,perikleous,ab,2238,444,232,0
2026-07-28T11:12:34Z,perikleous,ba,2649,352,273,0
2026-07-28T11:12:34Z,avraamidi,ab,1264,192,140,0
2026-07-28T11:12:34Z,avraamidi,ba,1266,215,150,0
2026-07-28T11:12:34Z,athinon,ab,1573,235,204,0
2026-07-28T11:12:34Z,athinon,ba,1040,264,134,0
2026-07-28T11:12:34Z,tasou_markou,ab,544,81,70,0
2026-07-28T11:12:34Z,tasou_markou,ba,492,54,55,0
2026-07-28T11:12:34Z,peiraios,ab,590,109,71,0
2026-07-28T11:12:34Z,peiraios,ba,590,94,64,0
2026-07-28T11:23:05Z,strovolou,ab,5400,609,504,0
2026-07-28T11:23:05Z,strovolou,ba,4712,567,404,0
2026-07-28T11:23:05Z,tseriou,ab,2555,378,225,0
2026-07-28T11:23:05Z,tseriou,ba,3739,512,372,0
2026-07-28T11:23:05Z,prodromou,ab,2418,301,254,0
2026-07-28T11:23:05Z,prodromou,ba,2414,351,299,0
2026-07-28T11:23:05Z,akropoleos,ab,5010,813,463,0
2026-07-28T11:23:05Z,akropoleos,ba,5145,754,479,0
2026-07-28T11:23:05Z,athalassas,ab,2793,542,282,0
2026-07-28T11:23:05Z,athalassas,ba,6269,800,543,0
2026-07-28T11:23:05Z,lemesou,ab,2014,347,213,0
2026-07-28T11:23:05Z,lemesou,ba,2007,304,196,0
2026-07-28T11:23:05Z,sp_kyprianou,ab,6489,790,585,0
2026-07-28T11:23:05Z,sp_kyprianou,ba,6573,828,627,0
2026-07-28T11:23:05Z,archangelou,ab,7265,626,523,0
2026-07-28T11:23:05Z,archangelou,ba,6911,676,591,0
2026-07-28T11:23:05Z,konstantinoup,ab,2628,312,291,0
2026-07-28T11:23:05Z,konstantinoup,ba,2629,341,313,0
2026-07-28T11:23:05Z,stavrou,ab,2187,275,208,0
2026-07-28T11:23:05Z,stavrou,ba,2245,245,206,0
2026-07-28T11:23:05Z,makedonitissas,ab,2904,465,408,0
2026-07-28T11:23:05Z,makedonitissas,ba,2705,320,290,0
2026-07-28T11:23:05Z,armenias,ab,1079,150,119,0
2026-07-28T11:23:05Z,armenias,ba,1079,236,132,0
2026-07-28T11:23:05Z,arch_kyprianou,ab,1701,298,215,0
2026-07-28T11:23:05Z,arch_kyprianou,ba,1726,315,202,0
2026-07-28T11:23:05Z,a1_motorway,ab,10597,351,349,0
2026-07-28T11:23:05Z,a1_motorway,ba,14048,569,558,0
2026-07-28T11:23:05Z,makariou_lakat,ab,5849,638,516,0
2026-07-28T11:23:05Z,makariou_lakat,ba,6901,699,583,0
2026-07-28T11:23:05Z,griva_digeni,ab,4212,569,441,0
2026-07-28T11:23:05Z,griva_digeni,ba,5350,858,681,0
2026-07-28T11:23:05Z,aglantzias,ab,1775,210,177,0
2026-07-28T11:23:05Z,aglantzias,ba,3098,494,372,0
2026-07-28T11:23:05Z,kranidioti,ab,1458,109,105,0
2026-07-28T11:23:05Z,kranidioti,ba,1652,121,117,0
2026-07-28T11:23:05Z,perimetrikos,ab,2510,250,229,0
2026-07-28T11:23:05Z,perimetrikos,ba,2094,180,164,0
2026-07-28T11:23:05Z,hatziiosif,ab,2049,405,195,0
2026-07-28T11:23:05Z,hatziiosif,ba,2045,314,202,0
2026-07-28T11:23:05Z,perikleous,ab,2238,446,232,0
2026-07-28T11:23:05Z,perikleous,ba,2649,354,273,0
2026-07-28T11:23:05Z,avraamidi,ab,1264,194,140,0
2026-07-28T11:23:05Z,avraamidi,ba,1266,220,150,0
2026-07-28T11:23:05Z,athinon,ab,1573,236,204,0
2026-07-28T11:23:05Z,athinon,ba,1040,266,134,0
2026-07-28T11:23:05Z,tasou_markou,ab,544,81,70,0
2026-07-28T11:23:05Z,tasou_markou,ba,492,54,55,0
2026-07-28T11:23:05Z,peiraios,ab,590,109,71,0
2026-07-28T11:23:05Z,peiraios,ba,590,95,64,0
2026-07-28T11:25:29Z,strovolou,ab,5400,610,504,0
2026-07-28T11:25:29Z,strovolou,ba,4712,570,404,0
2026-07-28T11:25:29Z,tseriou,ab,3240,349,284,0
2026-07-28T11:25:29Z,tseriou,ba,3739,516,372,0
2026-07-28T11:25:29Z,prodromou,ab,2418,301,254,0
2026-07-28T11:25:29Z,prodromou,ba,2414,351,299,0
2026-07-28T11:25:29Z,akropoleos,ab,5010,815,463,0
2026-07-28T11:25:29Z,akropoleos,ba,5145,756,479,0
2026-07-28T11:25:29Z,athalassas,ab,2793,544,282,0
2026-07-28T11:25:29Z,athalassas,ba,6269,800,543,0
2026-07-28T11:25:29Z,lemesou,ab,2014,349,213,0
2026-07-28T11:25:29Z,lemesou,ba,2007,304,196,0
2026-07-28T11:25:29Z,sp_kyprianou,ab,6489,792,585,0
2026-07-28T11:25:29Z,sp_kyprianou,ba,6573,829,627,0
2026-07-28T11:25:29Z,archangelou,ab,7265,629,523,0
2026-07-28T11:25:29Z,archangelou,ba,6911,677,591,0
2026-07-28T11:25:29Z,konstantinoup,ab,2628,312,291,0
2026-07-28T11:25:29Z,konstantinoup,ba,2629,342,313,0
2026-07-28T11:25:29Z,stavrou,ab,2187,276,208,0
2026-07-28T11:25:29Z,stavrou,ba,2245,245,206,0
2026-07-28T11:25:29Z,makedonitissas,ab,2904,469,408,0
2026-07-28T11:25:29Z,makedonitissas,ba,2705,320,290,0
2026-07-28T11:25:29Z,armenias,ab,1079,151,119,0
2026-07-28T11:25:29Z,armenias,ba,1079,238,132,0
2026-07-28T11:25:29Z,arch_kyprianou,ab,1701,302,215,0
2026-07-28T11:25:29Z,arch_kyprianou,ba,1726,318,202,0
2026-07-28T11:25:29Z,a1_motorway,ab,10597,351,349,0
2026-07-28T11:25:29Z,a1_motorway,ba,14048,569,558,0
2026-07-28T11:25:29Z,makariou_lakat,ab,5849,639,516,0
2026-07-28T11:25:29Z,makariou_lakat,ba,6901,700,583,0
2026-07-28T11:25:29Z,griva_digeni,ab,4212,571,441,0
2026-07-28T11:25:29Z,griva_digeni,ba,5350,858,681,0
2026-07-28T11:25:29Z,aglantzias,ab,1775,211,177,0
2026-07-28T11:25:29Z,aglantzias,ba,3098,496,372,0
2026-07-28T11:25:29Z,kranidioti,ab,1458,109,105,0
2026-07-28T11:25:29Z,kranidioti,ba,1652,121,117,0
2026-07-28T11:25:29Z,perimetrikos,ab,2510,250,229,0
2026-07-28T11:25:29Z,perimetrikos,ba,2094,180,164,0
2026-07-28T11:25:29Z,hatziiosif,ab,2049,414,195,0
2026-07-28T11:25:29Z,hatziiosif,ba,2045,314,202,0
2026-07-28T11:25:29Z,perikleous,ab,2238,451,232,0
2026-07-28T11:25:29Z,perikleous,ba,2649,354,273,0
2026-07-28T11:25:29Z,avraamidi,ab,1264,194,140,0
2026-07-28T11:25:29Z,avraamidi,ba,1266,220,150,0
2026-07-28T11:25:29Z,athinon,ab,1573,237,204,0
2026-07-28T11:25:29Z,athinon,ba,1040,267,134,0
2026-07-28T11:25:29Z,tasou_markou,ab,544,81,70,0
2026-07-28T11:25:29Z,tasou_markou,ba,492,54,55,0
2026-07-28T11:25:29Z,peiraios,ab,590,111,71,0
2026-07-28T11:25:29Z,peiraios,ba,590,97,64,0
2026-07-28T12:06:13Z,strovolou,ab,5400,599,504,0
2026-07-28T12:06:13Z,strovolou,ba,4712,749,404,245
2026-07-28T12:06:13Z,tseriou,ab,3240,341,284,0
2026-07-28T12:06:13Z,tseriou,ba,3739,504,372,0
2026-07-28T12:06:13Z,prodromou,ab,2418,296,254,0
2026-07-28T12:06:13Z,prodromou,ba,2414,345,299,0
2026-07-28T12:06:13Z,akropoleos,ab,5010,906,463,197
2026-07-28T12:06:13Z,akropoleos,ba,5145,744,479,0
2026-07-28T12:06:13Z,athalassas,ab,2793,539,282,0
2026-07-28T12:06:13Z,athalassas,ba,6269,789,543,0
2026-07-28T12:06:13Z,lemesou,ab,2812,537,415,0
2026-07-28T12:06:13Z,lemesou,ba,2007,297,196,0
2026-07-28T12:06:13Z,sp_kyprianou,ab,6614,926,667,0
2026-07-28T12:06:13Z,sp_kyprianou,ba,6573,822,627,0
2026-07-28T12:06:13Z,archangelou,ab,6502,749,604,0
2026-07-28T12:06:13Z,archangelou,ba,6911,667,591,0
2026-07-28T12:06:13Z,konstantinoup,ab,2628,311,291,0
2026-07-28T12:06:13Z,konstantinoup,ba,2629,337,313,0
2026-07-28T12:06:13Z,stavrou,ab,2187,293,208,0
2026-07-28T12:06:13Z,stavrou,ba,2245,241,206,0
2026-07-28T12:06:13Z,makedonitissas,ab,2904,604,408,172
2026-07-28T12:06:13Z,makedonitissas,ba,2705,318,290,0
2026-07-28T12:06:13Z,armenias,ab,1079,145,119,0
2026-07-28T12:06:13Z,armenias,ba,1079,241,132,0
2026-07-28T12:06:13Z,arch_kyprianou,ab,1652,292,254,0
2026-07-28T12:06:13Z,arch_kyprianou,ba,1726,310,202,0
2026-07-28T12:06:13Z,a1_motorway,ab,10597,351,349,0
2026-07-28T12:06:13Z,a1_motorway,ba,14048,567,558,0
2026-07-28T12:06:13Z,makariou_lakat,ab,5849,642,516,0
2026-07-28T12:06:13Z,makariou_lakat,ba,6901,697,583,0
2026-07-28T12:06:13Z,griva_digeni,ab,4212,580,441,0
2026-07-28T12:06:13Z,griva_digeni,ba,5350,842,681,0
2026-07-28T12:06:13Z,aglantzias,ab,1775,205,177,0
2026-07-28T12:06:13Z,aglantzias,ba,3098,487,372,0
2026-07-28T12:06:13Z,kranidioti,ab,1458,108,105,0
2026-07-28T12:06:13Z,kranidioti,ba,1652,122,117,0
2026-07-28T12:06:13Z,perimetrikos,ab,2510,245,229,0
2026-07-28T12:06:13Z,perimetrikos,ba,2094,181,164,0
2026-07-28T12:06:13Z,hatziiosif,ab,2049,502,195,197
2026-07-28T12:06:13Z,hatziiosif,ba,2045,304,202,0
2026-07-28T12:06:13Z,perikleous,ab,2016,429,275,0
2026-07-28T12:06:13Z,perikleous,ba,2649,358,273,21
2026-07-28T12:06:13Z,avraamidi,ab,1264,189,140,0
2026-07-28T12:06:13Z,avraamidi,ba,1266,228,150,0
2026-07-28T12:06:13Z,athinon,ab,1573,238,204,0
2026-07-28T12:06:13Z,athinon,ba,1040,261,134,0
2026-07-28T12:06:13Z,tasou_markou,ab,544,80,70,0
2026-07-28T12:06:13Z,tasou_markou,ba,492,54,55,0
2026-07-28T12:06:13Z,peiraios,ab,590,110,71,0
2026-07-28T12:06:13Z,peiraios,ba,590,98,64,0
2026-07-28T13:07:12Z,strovolou,ab,5400,625,504,0
2026-07-28T13:07:12Z,strovolou,ba,6542,821,615,0
2026-07-28T13:07:12Z,tseriou,ab,3240,365,284,0
2026-07-28T13:07:12Z,tseriou,ba,3739,540,372,0
2026-07-28T13:07:12Z,prodromou,ab,2418,308,254,0
2026-07-28T13:07:12Z,prodromou,ba,2414,362,299,0
2026-07-28T13:07:12Z,akropoleos,ab,5010,920,463,0
2026-07-28T13:07:12Z,akropoleos,ba,5145,806,479,0
2026-07-28T13:07:12Z,athalassas,ab,3640,679,406,115
2026-07-28T13:07:12Z,athalassas,ba,6362,797,608,0
2026-07-28T13:07:12Z,lemesou,ab,2014,543,213,130
2026-07-28T13:07:12Z,lemesou,ba,2007,319,196,0
2026-07-28T13:07:12Z,sp_kyprianou,ab,7006,947,673,0
2026-07-28T13:07:12Z,sp_kyprianou,ba,6573,865,627,0
2026-07-28T13:07:12Z,archangelou,ab,7265,751,523,0
2026-07-28T13:07:12Z,archangelou,ba,6911,693,591,0
2026-07-28T13:07:12Z,konstantinoup,ab,2628,326,291,0
2026-07-28T13:07:12Z,konstantinoup,ba,2629,358,313,0
2026-07-28T13:07:12Z,stavrou,ab,2187,356,208,0
2026-07-28T13:07:12Z,stavrou,ba,2245,255,206,0
2026-07-28T13:07:12Z,makedonitissas,ab,2904,555,408,0
2026-07-28T13:07:12Z,makedonitissas,ba,2705,340,290,0
2026-07-28T13:07:12Z,armenias,ab,1079,151,119,0
2026-07-28T13:07:12Z,armenias,ba,1079,277,132,0
2026-07-28T13:07:12Z,arch_kyprianou,ab,1652,310,254,0
2026-07-28T13:07:12Z,arch_kyprianou,ba,1726,330,202,0
2026-07-28T13:07:12Z,a1_motorway,ab,10597,351,349,0
2026-07-28T13:07:12Z,a1_motorway,ba,14048,575,558,0
2026-07-28T13:07:12Z,makariou_lakat,ab,5849,722,516,0
2026-07-28T13:07:12Z,makariou_lakat,ba,6901,746,583,0
2026-07-28T13:07:12Z,griva_digeni,ab,4212,651,441,0
2026-07-28T13:07:12Z,griva_digeni,ba,5350,888,681,0
2026-07-28T13:07:12Z,aglantzias,ab,1775,215,177,0
2026-07-28T13:07:12Z,aglantzias,ba,3098,518,372,0
2026-07-28T13:07:12Z,kranidioti,ab,1458,110,105,0
2026-07-28T13:07:12Z,kranidioti,ba,1652,133,117,0
2026-07-28T13:07:12Z,perimetrikos,ab,2510,253,229,0
2026-07-28T13:07:12Z,perimetrikos,ba,2094,203,164,0
2026-07-28T13:07:12Z,hatziiosif,ab,2049,468,195,0
2026-07-28T13:07:12Z,hatziiosif,ba,2045,323,202,0
2026-07-28T13:07:12Z,perikleous,ab,2016,465,275,0
2026-07-28T13:07:12Z,perikleous,ba,2649,368,273,0
2026-07-28T13:07:12Z,avraamidi,ab,1264,200,140,0
2026-07-28T13:07:12Z,avraamidi,ba,1266,257,150,0
2026-07-28T13:07:12Z,athinon,ab,1573,261,204,0
2026-07-28T13:07:12Z,athinon,ba,1040,289,134,0
2026-07-28T13:07:12Z,tasou_markou,ab,544,82,70,0
2026-07-28T13:07:12Z,tasou_markou,ba,492,54,55,0
2026-07-28T13:07:12Z,peiraios,ab,590,116,71,0
2026-07-28T13:07:12Z,peiraios,ba,590,107,64,0
2026-07-28T13:47:58Z,strovolou,ab,5400,758,504,145
2026-07-28T13:47:58Z,strovolou,ba,4712,789,404,141
2026-07-28T13:47:58Z,tseriou,ab,3240,378,284,0
2026-07-28T13:47:58Z,tseriou,ba,3739,559,372,0
2026-07-28T13:47:58Z,prodromou,ab,2418,311,254,0
2026-07-28T13:47:58Z,prodromou,ba,2414,369,299,0
2026-07-28T13:47:58Z,akropoleos,ab,5010,1001,463,190
2026-07-28T13:47:58Z,akropoleos,ba,5145,830,479,0
2026-07-28T13:47:58Z,athalassas,ab,2793,611,282,0
2026-07-28T13:47:58Z,athalassas,ba,6362,877,608,81
2026-07-28T13:47:58Z,lemesou,ab,3427,533,353,0
2026-07-28T13:47:58Z,lemesou,ba,2007,336,196,0
2026-07-28T13:47:58Z,sp_kyprianou,ab,7006,993,673,0
2026-07-28T13:47:58Z,sp_kyprianou,ba,6573,875,627,0
2026-07-28T13:47:58Z,archangelou,ab,7265,806,523,0
2026-07-28T13:47:58Z,archangelou,ba,6911,701,591,0
2026-07-28T13:47:58Z,konstantinoup,ab,2628,331,291,0
2026-07-28T13:47:58Z,konstantinoup,ba,2629,365,313,0
2026-07-28T13:47:58Z,stavrou,ab,2187,372,208,0
2026-07-28T13:47:58Z,stavrou,ba,2245,260,206,0
2026-07-28T13:47:58Z,makedonitissas,ab,2904,588,408,0
2026-07-28T13:47:58Z,makedonitissas,ba,2705,351,290,0
2026-07-28T13:47:58Z,armenias,ab,1079,154,119,0
2026-07-28T13:47:58Z,armenias,ba,1079,305,132,0
2026-07-28T13:47:58Z,arch_kyprianou,ab,1652,323,254,0
2026-07-28T13:47:58Z,arch_kyprianou,ba,2260,402,310,0
2026-07-28T13:47:58Z,a1_motorway,ab,10597,351,349,0
2026-07-28T13:47:58Z,a1_motorway,ba,14048,574,558,0
2026-07-28T13:47:58Z,makariou_lakat,ab,5849,767,516,0
2026-07-28T13:47:58Z,makariou_lakat,ba,6901,766,583,0
2026-07-28T13:47:58Z,griva_digeni,ab,4212,679,441,0
2026-07-28T13:47:58Z,griva_digeni,ba,5350,907,681,0
2026-07-28T13:47:58Z,aglantzias,ab,1775,222,177,0
2026-07-28T13:47:58Z,aglantzias,ba,3098,530,372,0
2026-07-28T13:47:58Z,kranidioti,ab,1458,111,105,0
2026-07-28T13:47:58Z,kranidioti,ba,1652,142,117,0
2026-07-28T13:47:58Z,perimetrikos,ab,2510,255,229,0
2026-07-28T13:47:58Z,perimetrikos,ba,2327,209,182,0
2026-07-28T13:47:58Z,hatziiosif,ab,2049,550,195,190
2026-07-28T13:47:58Z,hatziiosif,ba,2045,328,202,0
2026-07-28T13:47:58Z,perikleous,ab,2016,532,275,136
2026-07-28T13:47:58Z,perikleous,ba,2649,390,273,24
2026-07-28T13:47:58Z,avraamidi,ab,1264,204,140,0
2026-07-28T13:47:58Z,avraamidi,ba,1266,263,150,0
2026-07-28T13:47:58Z,athinon,ab,1440,267,215,6
2026-07-28T13:47:58Z,athinon,ba,1040,308,134,0
2026-07-28T13:47:58Z,tasou_markou,ab,544,82,70,0
2026-07-28T13:47:58Z,tasou_markou,ba,492,54,55,0
2026-07-28T13:47:58Z,peiraios,ab,590,118,71,0
2026-07-28T13:47:58Z,peiraios,ba,590,111,64,0
2026-07-28T13:58:30Z,strovolou,ab,5400,638,504,0
2026-07-28T13:58:30Z,strovolou,ba,4712,842,404,229
2026-07-28T13:58:30Z,tseriou,ab,3240,381,284,0
2026-07-28T13:58:30Z,tseriou,ba,3739,562,372,0
2026-07-28T13:58:30Z,prodromou,ab,2418,311,254,0
2026-07-28T13:58:30Z,prodromou,ba,2414,370,299,0
2026-07-28T13:58:30Z,akropoleos,ab,8385,1043,629,0
2026-07-28T13:58:30Z,akropoleos,ba,5145,828,479,0
2026-07-28T13:58:30Z,athalassas,ab,2793,611,282,0
2026-07-28T13:58:30Z,athalassas,ba,6362,806,608,0
2026-07-28T13:58:30Z,lemesou,ab,3427,534,353,0
2026-07-28T13:58:30Z,lemesou,ba,2007,336,196,0
2026-07-28T13:58:30Z,sp_kyprianou,ab,7006,1014,673,135
2026-07-28T13:58:30Z,sp_kyprianou,ba,6573,871,627,0
2026-07-28T13:58:30Z,archangelou,ab,7265,827,523,135
2026-07-28T13:58:30Z,archangelou,ba,6911,701,591,0
2026-07-28T13:58:30Z,konstantinoup,ab,2628,331,291,0
2026-07-28T13:58:30Z,konstantinoup,ba,2629,365,313,0
2026-07-28T13:58:30Z,stavrou,ab,2187,370,208,0
2026-07-28T13:58:30Z,stavrou,ba,2245,261,206,0
2026-07-28T13:58:30Z,makedonitissas,ab,2904,586,408,0
2026-07-28T13:58:30Z,makedonitissas,ba,2705,353,290,0
2026-07-28T13:58:30Z,armenias,ab,1079,154,119,0
2026-07-28T13:58:30Z,armenias,ba,1079,310,132,0
2026-07-28T13:58:30Z,arch_kyprianou,ab,1652,326,254,0
2026-07-28T13:58:30Z,arch_kyprianou,ba,1726,343,202,0
2026-07-28T13:58:30Z,a1_motorway,ab,10597,351,349,0
2026-07-28T13:58:30Z,a1_motorway,ba,14048,574,558,0
2026-07-28T13:58:30Z,makariou_lakat,ab,6453,771,558,0
2026-07-28T13:58:30Z,makariou_lakat,ba,6901,768,583,0
2026-07-28T13:58:30Z,griva_digeni,ab,4212,682,441,0
2026-07-28T13:58:30Z,griva_digeni,ba,5350,906,681,0
2026-07-28T13:58:30Z,aglantzias,ab,1775,224,177,0
2026-07-28T13:58:30Z,aglantzias,ba,3098,531,372,0
2026-07-28T13:58:30Z,kranidioti,ab,1458,111,105,0
2026-07-28T13:58:30Z,kranidioti,ba,1652,144,117,0
2026-07-28T13:58:30Z,perimetrikos,ab,2510,256,229,0
2026-07-28T13:58:30Z,perimetrikos,ba,2327,210,182,0
2026-07-28T13:58:30Z,hatziiosif,ab,2049,617,195,349
2026-07-28T13:58:30Z,hatziiosif,ba,2045,329,202,0
2026-07-28T13:58:30Z,perikleous,ab,2016,533,275,136
2026-07-28T13:58:30Z,perikleous,ba,2649,400,273,33
2026-07-28T13:58:30Z,avraamidi,ab,1264,204,140,0
2026-07-28T13:58:30Z,avraamidi,ba,1266,261,150,0
2026-07-28T13:58:30Z,athinon,ab,1440,263,215,0
2026-07-28T13:58:30Z,athinon,ba,1040,310,134,0
2026-07-28T13:58:30Z,tasou_markou,ab,544,83,70,0
2026-07-28T13:58:30Z,tasou_markou,ba,492,54,55,0
2026-07-28T13:58:30Z,peiraios,ab,590,118,71,0
2026-07-28T13:58:30Z,peiraios,ba,590,112,64,0
2026-07-28T14:30:11Z,strovolou,ab,5400,622,504,0
2026-07-28T14:30:11Z,strovolou,ba,4712,750,404,97
2026-07-28T14:30:11Z,tseriou,ab,3240,370,284,0
2026-07-28T14:30:11Z,tseriou,ba,3739,547,372,0
2026-07-28T14:30:11Z,prodromou,ab,2418,304,254,0
2026-07-28T14:30:11Z,prodromou,ba,2414,362,299,0
2026-07-28T14:30:11Z,akropoleos,ab,5010,1028,463,345
2026-07-28T14:30:11Z,akropoleos,ba,5145,862,479,144
2026-07-28T14:30:11Z,athalassas,ab,2997,605,348,0
2026-07-28T14:30:11Z,athalassas,ba,6362,775,608,0
2026-07-28T14:30:11Z,lemesou,ab,2014,594,213,225
2026-07-28T14:30:11Z,lemesou,ba,2007,318,196,0
2026-07-28T14:30:11Z,sp_kyprianou,ab,7006,1067,673,236
2026-07-28T14:30:11Z,sp_kyprianou,ba,7358,903,779,0
2026-07-28T14:30:11Z,archangelou,ab,7265,889,523,236
2026-07-28T14:30:11Z,archangelou,ba,6911,686,591,0
2026-07-28T14:30:11Z,konstantinoup,ab,2628,325,291,0
2026-07-28T14:30:11Z,konstantinoup,ba,2629,355,313,0
2026-07-28T14:30:11Z,stavrou,ab,2187,349,208,0
2026-07-28T14:30:11Z,stavrou,ba,2245,254,206,0
2026-07-28T14:30:11Z,makedonitissas,ab,2797,684,391,236
2026-07-28T14:30:11Z,makedonitissas,ba,2705,343,290,0
2026-07-28T14:30:11Z,armenias,ab,1079,150,119,0
2026-07-28T14:30:11Z,armenias,ba,1079,294,132,0
2026-07-28T14:30:11Z,arch_kyprianou,ab,1652,316,254,0
2026-07-28T14:30:11Z,arch_kyprianou,ba,1726,332,202,0
2026-07-28T14:30:11Z,a1_motorway,ab,10597,351,349,0
2026-07-28T14:30:11Z,a1_motorway,ba,14048,568,558,0
2026-07-28T14:30:11Z,makariou_lakat,ab,6137,732,529,0
2026-07-28T14:30:11Z,makariou_lakat,ba,6901,748,583,0
2026-07-28T14:30:11Z,griva_digeni,ab,4212,661,441,0
2026-07-28T14:30:11Z,griva_digeni,ba,5350,888,681,21
2026-07-28T14:30:11Z,aglantzias,ab,1775,220,177,0
2026-07-28T14:30:11Z,aglantzias,ba,3098,511,372,0
2026-07-28T14:30:11Z,kranidioti,ab,1458,111,105,0
2026-07-28T14:30:11Z,kranidioti,ba,1652,140,117,0
2026-07-28T14:30:11Z,perimetrikos,ab,2510,253,229,0
2026-07-28T14:30:11Z,perimetrikos,ba,2327,206,182,0
2026-07-28T14:30:11Z,hatziiosif,ab,2049,593,195,288
2026-07-28T14:30:11Z,hatziiosif,ba,2045,312,202,0
2026-07-28T14:30:11Z,perikleous,ab,2238,554,232,88
2026-07-28T14:30:11Z,perikleous,ba,2649,377,273,21
2026-07-28T14:30:11Z,avraamidi,ab,1264,196,140,0
2026-07-28T14:30:11Z,avraamidi,ba,1266,241,150,0
2026-07-28T14:30:11Z,athinon,ab,1440,259,215,0
2026-07-28T14:30:11Z,athinon,ba,1040,297,134,0
2026-07-28T14:30:11Z,tasou_markou,ab,544,81,70,0
2026-07-28T14:30:11Z,tasou_markou,ba,492,53,55,0
2026-07-28T14:30:11Z,peiraios,ab,590,115,71,0
2026-07-28T14:30:11Z,peiraios,ba,590,102,64,0
2026-07-28T14:40:41Z,strovolou,ab,5400,619,504,0
2026-07-28T14:40:41Z,strovolou,ba,4712,805,404,219
2026-07-28T14:40:41Z,tseriou,ab,3240,369,284,0
2026-07-28T14:40:41Z,tseriou,ba,3739,533,372,0
2026-07-28T14:40:41Z,prodromou,ab,2418,304,254,0
2026-07-28T14:40:41Z,prodromou,ba,2414,361,299,0
2026-07-28T14:40:41Z,akropoleos,ab,5010,966,463,269
2026-07-28T14:40:41Z,akropoleos,ba,5145,822,479,108
2026-07-28T14:40:41Z,athalassas,ab,2997,596,348,0
2026-07-28T14:40:41Z,athalassas,ba,6362,768,608,0
2026-07-28T14:40:41Z,lemesou,ab,2386,465,292,0
2026-07-28T14:40:41Z,lemesou,ba,2007,315,196,0
2026-07-28T14:40:41Z,sp_kyprianou,ab,7131,1069,754,88
2026-07-28T14:40:41Z,sp_kyprianou,ba,7358,900,779,0
2026-07-28T14:40:41Z,archangelou,ab,6502,832,604,0
2026-07-28T14:40:41Z,archangelou,ba,6911,683,591,0
2026-07-28T14:40:41Z,konstantinoup,ab,2628,325,291,0
2026-07-28T14:40:41Z,konstantinoup,ba,2629,353,313,0
2026-07-28T14:40:41Z,stavrou,ab,2187,345,208,0
2026-07-28T14:40:41Z,stavrou,ba,2245,253,206,0
2026-07-28T14:40:41Z,makedonitissas,ab,2904,678,408,238
2026-07-28T14:40:41Z,makedonitissas,ba,2705,340,290,0
2026-07-28T14:40:41Z,armenias,ab,1079,150,119,0
2026-07-28T14:40:41Z,armenias,ba,1079,288,132,0
2026-07-28T14:40:41Z,arch_kyprianou,ab,1652,313,254,0
2026-07-28T14:40:41Z,arch_kyprianou,ba,1726,332,202,0
2026-07-28T14:40:41Z,a1_motorway,ab,10597,351,349,0
2026-07-28T14:40:41Z,a1_motorway,ba,14048,567,558,0
2026-07-28T14:40:41Z,makariou_lakat,ab,6137,724,529,0
2026-07-28T14:40:41Z,makariou_lakat,ba,6901,745,583,0
2026-07-28T14:40:41Z,griva_digeni,ab,4212,654,441,0
2026-07-28T14:40:41Z,griva_digeni,ba,5795,925,739,0
2026-07-28T14:40:41Z,aglantzias,ab,1775,220,177,0
2026-07-28T14:40:41Z,aglantzias,ba,3098,506,372,0
2026-07-28T14:40:41Z,kranidioti,ab,1458,111,105,0
2026-07-28T14:40:41Z,kranidioti,ba,1652,139,117,0
2026-07-28T14:40:41Z,perimetrikos,ab,2510,252,229,0
2026-07-28T14:40:41Z,perimetrikos,ba,2327,206,182,0
2026-07-28T14:40:41Z,hatziiosif,ab,2049,455,195,149
2026-07-28T14:40:41Z,hatziiosif,ba,2045,309,202,0
2026-07-28T14:40:41Z,perikleous,ab,2016,540,275,168
2026-07-28T14:40:41Z,perikleous,ba,2649,382,273,28
2026-07-28T14:40:41Z,avraamidi,ab,1264,195,140,0
2026-07-28T14:40:41Z,avraamidi,ba,1266,242,150,0
2026-07-28T14:40:41Z,athinon,ab,1440,258,215,0
2026-07-28T14:40:41Z,athinon,ba,1040,296,134,0
2026-07-28T14:40:41Z,tasou_markou,ab,544,81,70,0
2026-07-28T14:40:41Z,tasou_markou,ba,492,53,55,0
2026-07-28T14:40:41Z,peiraios,ab,590,115,71,0
2026-07-28T14:40:41Z,peiraios,ba,590,101,64,0
2026-07-28T14:51:11Z,strovolou,ab,5400,616,504,0
2026-07-28T14:51:11Z,strovolou,ba,4712,746,404,110
2026-07-28T14:51:11Z,tseriou,ab,3240,393,284,37
2026-07-28T14:51:11Z,tseriou,ba,3739,532,372,5
2026-07-28T14:51:11Z,prodromou,ab,2418,302,254,0
2026-07-28T14:51:11Z,prodromou,ba,2414,358,299,0
2026-07-28T14:51:11Z,akropoleos,ab,5010,867,463,185
2026-07-28T14:51:11Z,akropoleos,ba,5145,760,479,0
2026-07-28T14:51:11Z,athalassas,ab,3011,565,347,6
2026-07-28T14:51:11Z,athalassas,ba,6362,761,608,0
2026-07-28T14:51:11Z,lemesou,ab,2386,444,292,0
2026-07-28T14:51:11Z,lemesou,ba,2007,301,196,0
2026-07-28T14:51:11Z,sp_kyprianou,ab,7006,1123,673,315
2026-07-28T14:51:11Z,sp_kyprianou,ba,7358,897,779,0
2026-07-28T14:51:11Z,archangelou,ab,8138,850,697,1
2026-07-28T14:51:11Z,archangelou,ba,6911,677,591,0
2026-07-28T14:51:11Z,konstantinoup,ab,2628,322,291,0
2026-07-28T14:51:11Z,konstantinoup,ba,2629,350,313,0
2026-07-28T14:51:11Z,stavrou,ab,2187,334,208,0
2026-07-28T14:51:11Z,stavrou,ba,2245,252,206,0
2026-07-28T14:51:11Z,makedonitissas,ab,2797,682,391,238
2026-07-28T14:51:11Z,makedonitissas,ba,2705,337,290,0
2026-07-28T14:51:11Z,armenias,ab,1079,149,119,0
2026-07-28T14:51:11Z,armenias,ba,1079,266,132,0
2026-07-28T14:51:11Z,arch_kyprianou,ab,1652,310,254,0
2026-07-28T14:51:11Z,arch_kyprianou,ba,1726,323,202,0
2026-07-28T14:51:11Z,a1_motorway,ab,10597,351,349,0
2026-07-28T14:51:11Z,a1_motorway,ba,14048,566,558,0
2026-07-28T14:51:11Z,makariou_lakat,ab,6137,713,529,0
2026-07-28T14:51:11Z,makariou_lakat,ba,6901,740,583,0
2026-07-28T14:51:11Z,griva_digeni,ab,4212,637,441,0
2026-07-28T14:51:11Z,griva_digeni,ba,5432,894,719,0
2026-07-28T14:51:11Z,aglantzias,ab,1775,219,177,0
2026-07-28T14:51:11Z,aglantzias,ba,3098,496,372,0
2026-07-28T14:51:11Z,kranidioti,ab,1458,110,105,0
2026-07-28T14:51:11Z,kranidioti,ba,1652,137,117,0
2026-07-28T14:51:11Z,perimetrikos,ab,2510,252,229,0
2026-07-28T14:51:11Z,perimetrikos,ba,2327,206,182,0
2026-07-28T14:51:11Z,hatziiosif,ab,2049,477,195,185
2026-07-28T14:51:11Z,hatziiosif,ba,2045,306,202,0
2026-07-28T14:51:11Z,perikleous,ab,2391,553,251,63
2026-07-28T14:51:11Z,perikleous,ba,2649,371,273,14
2026-07-28T14:51:11Z,avraamidi,ab,1264,193,140,0
2026-07-28T14:51:11Z,avraamidi,ba,1266,227,150,0
2026-07-28T14:51:11Z,athinon,ab,1573,259,204,0
2026-07-28T14:51:11Z,athinon,ba,1040,280,134,0
2026-07-28T14:51:11Z,tasou_markou,ab,544,81,70,0
2026-07-28T14:51:11Z,tasou_markou,ba,492,53,55,0
2026-07-28T14:51:11Z,peiraios,ab,590,111,71,0
2026-07-28T14:51:11Z,peiraios,ba,590,103,64,0
2026-07-28T15:01:44Z,strovolou,ab,5400,622,504,0
2026-07-28T15:01:44Z,strovolou,ba,4712,656,404,0
2026-07-28T15:01:44Z,tseriou,ab,3240,369,284,0
2026-07-28T15:01:44Z,tseriou,ba,3739,534,372,0
2026-07-28T15:01:44Z,prodromou,ab,2418,305,254,0
2026-07-28T15:01:44Z,prodromou,ba,2414,362,299,0
2026-07-28T15:01:44Z,akropoleos,ab,5010,858,463,153
2026-07-28T15:01:44Z,akropoleos,ba,5145,740,479,0
2026-07-28T15:01:44Z,athalassas,ab,3011,552,347,6
2026-07-28T15:01:44Z,athalassas,ba,6362,749,608,0
2026-07-28T15:01:44Z,lemesou,ab,2386,451,292,0
2026-07-28T15:01:44Z,lemesou,ba,2007,295,196,0
2026-07-28T15:01:44Z,sp_kyprianou,ab,7006,1027,673,204
2026-07-28T15:01:44Z,sp_kyprianou,ba,7358,904,779,0
2026-07-28T15:01:44Z,archangelou,ab,7265,846,523,204
2026-07-28T15:01:44Z,archangelou,ba,6911,683,591,0
2026-07-28T15:01:44Z,konstantinoup,ab,2628,320,291,0
2026-07-28T15:01:44Z,konstantinoup,ba,2629,345,313,0
2026-07-28T15:01:44Z,stavrou,ab,2187,332,208,0
2026-07-28T15:01:44Z,stavrou,ba,2245,257,206,0
2026-07-28T15:01:44Z,makedonitissas,ab,2797,604,391,153
2026-07-28T15:01:44Z,makedonitissas,ba,2705,339,290,0
2026-07-28T15:01:44Z,armenias,ab,1079,152,119,0
2026-07-28T15:01:44Z,armenias,ba,1079,270,132,0
2026-07-28T15:01:44Z,arch_kyprianou,ab,1652,305,254,0
2026-07-28T15:01:44Z,arch_kyprianou,ba,1726,331,202,0
2026-07-28T15:01:44Z,a1_motorway,ab,10597,351,349,0
2026-07-28T15:01:44Z,a1_motorway,ba,14048,567,558,0
2026-07-28T15:01:44Z,makariou_lakat,ab,6137,726,529,0
2026-07-28T15:01:44Z,makariou_lakat,ba,6901,748,583,0
2026-07-28T15:01:44Z,griva_digeni,ab,4756,700,530,0
2026-07-28T15:01:44Z,griva_digeni,ba,5350,885,681,28
2026-07-28T15:01:44Z,aglantzias,ab,1775,218,177,0
2026-07-28T15:01:44Z,aglantzias,ba,3098,505,372,0
2026-07-28T15:01:44Z,kranidioti,ab,1458,111,105,0
2026-07-28T15:01:44Z,kranidioti,ba,1652,134,117,0
2026-07-28T15:01:44Z,perimetrikos,ab,2510,253,229,0
2026-07-28T15:01:44Z,perimetrikos,ba,2327,208,182,0
2026-07-28T15:01:44Z,hatziiosif,ab,2049,450,195,153
2026-07-28T15:01:44Z,hatziiosif,ba,2045,301,202,0
2026-07-28T15:01:44Z,perikleous,ab,2238,487,232,0
2026-07-28T15:01:44Z,perikleous,ba,2649,359,273,0
2026-07-28T15:01:44Z,avraamidi,ab,1264,198,140,0
2026-07-28T15:01:44Z,avraamidi,ba,1266,228,150,0
2026-07-28T15:01:44Z,athinon,ab,1573,262,204,0
2026-07-28T15:01:44Z,athinon,ba,1040,275,134,0
2026-07-28T15:01:44Z,tasou_markou,ab,544,80,70,0
2026-07-28T15:01:44Z,tasou_markou,ba,492,53,55,0
2026-07-28T15:01:44Z,peiraios,ab,590,111,71,0
2026-07-28T15:01:44Z,peiraios,ba,590,107,64,0
2026-07-28T15:12:54Z,strovolou,ab,5400,614,504,0
2026-07-28T15:12:54Z,strovolou,ba,4712,708,404,112
2026-07-28T15:12:54Z,tseriou,ab,3240,362,284,0
2026-07-28T15:12:54Z,tseriou,ba,3739,524,372,0
2026-07-28T15:12:54Z,prodromou,ab,2418,302,254,0
2026-07-28T15:12:54Z,prodromou,ba,2414,359,299,0
2026-07-28T15:12:54Z,akropoleos,ab,5010,890,463,232
2026-07-28T15:12:54Z,akropoleos,ba,5145,729,479,0
2026-07-28T15:12:54Z,athalassas,ab,2997,544,348,0
2026-07-28T15:12:54Z,athalassas,ba,6362,758,608,0
2026-07-28T15:12:54Z,lemesou,ab,3427,469,353,0
2026-07-28T15:12:54Z,lemesou,ba,2007,299,196,0
2026-07-28T15:12:54Z,sp_kyprianou,ab,7006,965,673,138
2026-07-28T15:12:54Z,sp_kyprianou,ba,6573,897,627,139
2026-07-28T15:12:54Z,archangelou,ab,7265,792,523,138
2026-07-28T15:12:54Z,archangelou,ba,6911,674,591,0
2026-07-28T15:12:54Z,konstantinoup,ab,2628,321,291,0
2026-07-28T15:12:54Z,konstantinoup,ba,2629,346,313,0
2026-07-28T15:12:54Z,stavrou,ab,2187,311,208,0
2026-07-28T15:12:54Z,stavrou,ba,2245,254,206,0
2026-07-28T15:12:54Z,makedonitissas,ab,2797,507,391,0
2026-07-28T15:12:54Z,makedonitissas,ba,2705,334,290,0
2026-07-28T15:12:54Z,armenias,ab,1079,151,119,0
2026-07-28T15:12:54Z,armenias,ba,1079,259,132,0
2026-07-28T15:12:54Z,arch_kyprianou,ab,1652,308,254,0
2026-07-28T15:12:54Z,arch_kyprianou,ba,1726,324,202,0
2026-07-28T15:12:54Z,a1_motorway,ab,10597,352,349,0
2026-07-28T15:12:54Z,a1_motorway,ba,14048,565,558,0
2026-07-28T15:12:54Z,makariou_lakat,ab,6137,709,529,0
2026-07-28T15:12:54Z,makariou_lakat,ba,6901,737,583,0
2026-07-28T15:12:54Z,griva_digeni,ab,5053,716,582,0
2026-07-28T15:12:54Z,griva_digeni,ba,5350,880,681,38
2026-07-28T15:12:54Z,aglantzias,ab,1775,219,177,0
2026-07-28T15:12:54Z,aglantzias,ba,3098,498,372,0
2026-07-28T15:12:54Z,kranidioti,ab,1458,111,105,0
2026-07-28T15:12:54Z,kranidioti,ba,1652,135,117,0
2026-07-28T15:12:54Z,perimetrikos,ab,2510,251,229,0
2026-07-28T15:12:54Z,perimetrikos,ba,2094,198,164,0
2026-07-28T15:12:54Z,hatziiosif,ab,2049,502,195,232
2026-07-28T15:12:54Z,hatziiosif,ba,2045,302,202,0
2026-07-28T15:12:54Z,perikleous,ab,2238,495,232,84
2026-07-28T15:12:54Z,perikleous,ba,2649,384,273,28
2026-07-28T15:12:54Z,avraamidi,ab,1264,194,140,0
2026-07-28T15:12:54Z,avraamidi,ba,1266,221,150,0
2026-07-28T15:12:54Z,athinon,ab,1573,254,204,0
2026-07-28T15:12:54Z,athinon,ba,1040,279,134,0
2026-07-28T15:12:54Z,tasou_markou,ab,544,81,70,0
2026-07-28T15:12:54Z,tasou_markou,ba,492,53,55,0
2026-07-28T15:12:54Z,peiraios,ab,590,110,71,0
2026-07-28T15:12:54Z,peiraios,ba,590,104,64,0
2026-07-28T15:23:24Z,strovolou,ab,5400,605,504,0
2026-07-28T15:23:24Z,strovolou,ba,4712,630,404,0
2026-07-28T15:23:24Z,tseriou,ab,2555,383,225,0
2026-07-28T15:23:24Z,tseriou,ba,3739,588,372,129
2026-07-28T15:23:24Z,prodromou,ab,2418,298,254,0
2026-07-28T15:23:24Z,prodromou,ba,2414,354,299,0
2026-07-28T15:23:24Z,akropoleos,ab,5010,845,463,190
2026-07-28T15:23:24Z,akropoleos,ba,5145,704,479,0
2026-07-28T15:23:24Z,athalassas,ab,2793,487,282,0
2026-07-28T15:23:24Z,athalassas,ba,6362,745,608,0
2026-07-28T15:23:24Z,lemesou,ab,3427,458,353,0
2026-07-28T15:23:24Z,lemesou,ba,2007,290,196,0
2026-07-28T15:23:24Z,sp_kyprianou,ab,7006,851,673,0
2026-07-28T15:23:24Z,sp_kyprianou,ba,6573,781,627,0
2026-07-28T15:23:24Z,archangelou,ab,7265,682,523,0
2026-07-28T15:23:24Z,archangelou,ba,6911,666,591,0
2026-07-28T15:23:24Z,konstantinoup,ab,2628,318,291,0
2026-07-28T15:23:24Z,konstantinoup,ba,2629,341,313,0
2026-07-28T15:23:24Z,stavrou,ab,2187,299,208,0
2026-07-28T15:23:24Z,stavrou,ba,2245,251,206,0
2026-07-28T15:23:24Z,makedonitissas,ab,2904,487,408,0
2026-07-28T15:23:24Z,makedonitissas,ba,2705,328,290,0
2026-07-28T15:23:24Z,armenias,ab,1079,150,119,0
2026-07-28T15:23:24Z,armenias,ba,1079,241,132,0
2026-07-28T15:23:24Z,arch_kyprianou,ab,1652,301,254,0
2026-07-28T15:23:24Z,arch_kyprianou,ba,1726,309,202,0
2026-07-28T15:23:24Z,a1_motorway,ab,10597,351,349,0
2026-07-28T15:23:24Z,a1_motorway,ba,14048,564,558,0
2026-07-28T15:23:24Z,makariou_lakat,ab,6137,693,529,0
2026-07-28T15:23:24Z,makariou_lakat,ba,6901,726,583,0
2026-07-28T15:23:24Z,griva_digeni,ab,4756,708,530,0
2026-07-28T15:23:24Z,griva_digeni,ba,5350,837,681,0
2026-07-28T15:23:24Z,aglantzias,ab,1775,217,177,0
2026-07-28T15:23:24Z,aglantzias,ba,3098,488,372,0
2026-07-28T15:23:24Z,kranidioti,ab,1458,110,105,0
2026-07-28T15:23:24Z,kranidioti,ba,1652,132,117,0
2026-07-28T15:23:24Z,perimetrikos,ab,2510,250,229,0
2026-07-28T15:23:24Z,perimetrikos,ba,2094,194,164,0
2026-07-28T15:23:24Z,hatziiosif,ab,2049,471,195,190
2026-07-28T15:23:24Z,hatziiosif,ba,2045,296,202,0
2026-07-28T15:23:24Z,perikleous,ab,2238,424,232,0
2026-07-28T15:23:24Z,perikleous,ba,2649,360,273,0
2026-07-28T15:23:24Z,avraamidi,ab,1264,192,140,0
2026-07-28T15:23:24Z,avraamidi,ba,1266,210,150,0
2026-07-28T15:23:24Z,athinon,ab,1573,249,204,0
2026-07-28T15:23:24Z,athinon,ba,1452,317,205,0
2026-07-28T15:23:24Z,tasou_markou,ab,544,80,70,0
2026-07-28T15:23:24Z,tasou_markou,ba,492,53,55,0
2026-07-28T15:23:24Z,peiraios,ab,590,101,71,0
2026-07-28T15:23:24Z,peiraios,ba,590,101,64,0
2026-07-28T15:33:55Z,strovolou,ab,5400,596,504,0
2026-07-28T15:33:55Z,strovolou,ba,4712,609,404,0
2026-07-28T15:33:55Z,tseriou,ab,2555,371,225,0
2026-07-28T15:33:55Z,tseriou,ba,3739,501,372,0
2026-07-28T15:33:55Z,prodromou,ab,2418,295,254,0
2026-07-28T15:33:55Z,prodromou,ba,2414,349,299,0
2026-07-28T15:33:55Z,akropoleos,ab,5010,768,463,126
2026-07-28T15:33:55Z,akropoleos,ba,5145,685,479,0
2026-07-28T15:33:55Z,athalassas,ab,2793,469,282,0
2026-07-28T15:33:55Z,athalassas,ba,6037,768,534,0
2026-07-28T15:33:55Z,lemesou,ab,2386,421,292,19
2026-07-28T15:33:55Z,lemesou,ba,2007,282,196,0
2026-07-28T15:33:55Z,sp_kyprianou,ab,6489,863,585,92
2026-07-28T15:33:55Z,sp_kyprianou,ba,6573,768,627,0
2026-07-28T15:33:55Z,archangelou,ab,7265,665,523,0
2026-07-28T15:33:55Z,archangelou,ba,6911,659,591,0
2026-07-28T15:33:55Z,konstantinoup,ab,2628,315,291,0
2026-07-28T15:33:55Z,konstantinoup,ba,2629,339,313,0
2026-07-28T15:33:55Z,stavrou,ab,2187,287,208,0
2026-07-28T15:33:55Z,stavrou,ba,2245,248,206,0
2026-07-28T15:33:55Z,makedonitissas,ab,2904,477,408,0
2026-07-28T15:33:55Z,makedonitissas,ba,2705,325,290,0
2026-07-28T15:33:55Z,armenias,ab,1079,147,119,0
2026-07-28T15:33:55Z,armenias,ba,1079,230,132,0
2026-07-28T15:33:55Z,arch_kyprianou,ab,1701,310,215,0
2026-07-28T15:33:55Z,arch_kyprianou,ba,1726,301,202,0
2026-07-28T15:33:55Z,a1_motorway,ab,10597,351,349,0
2026-07-28T15:33:55Z,a1_motorway,ba,14048,563,558,0
2026-07-28T15:33:55Z,makariou_lakat,ab,6137,681,529,0
2026-07-28T15:33:55Z,makariou_lakat,ba,6901,714,583,0
2026-07-28T15:33:55Z,griva_digeni,ab,4212,641,441,92
2026-07-28T15:33:55Z,griva_digeni,ba,5350,827,681,0
2026-07-28T15:33:55Z,aglantzias,ab,1775,214,177,0
2026-07-28T15:33:55Z,aglantzias,ba,3098,479,372,0
2026-07-28T15:33:55Z,kranidioti,ab,1458,109,105,0
2026-07-28T15:33:55Z,kranidioti,ba,1652,129,117,0
2026-07-28T15:33:55Z,perimetrikos,ab,2510,250,229,0
2026-07-28T15:33:55Z,perimetrikos,ba,2094,191,164,0
2026-07-28T15:33:55Z,hatziiosif,ab,2049,405,195,126
2026-07-28T15:33:55Z,hatziiosif,ba,2045,289,202,0
2026-07-28T15:33:55Z,perikleous,ab,2238,406,232,0
2026-07-28T15:33:55Z,perikleous,ba,2649,354,273,0
2026-07-28T15:33:55Z,avraamidi,ab,1264,189,140,0
2026-07-28T15:33:55Z,avraamidi,ba,1266,203,150,0
2026-07-28T15:33:55Z,athinon,ab,1573,244,204,0
2026-07-28T15:33:55Z,athinon,ba,1040,256,134,0
2026-07-28T15:33:55Z,tasou_markou,ab,544,79,70,0
2026-07-28T15:33:55Z,tasou_markou,ba,492,53,55,0
2026-07-28T15:33:55Z,peiraios,ab,590,99,71,0
2026-07-28T15:33:55Z,peiraios,ba,590,96,64,0
2026-07-28T15:44:25Z,strovolou,ab,5400,587,504,0
2026-07-28T15:44:25Z,strovolou,ba,4712,586,404,0
2026-07-28T15:44:25Z,tseriou,ab,2555,355,225,0
2026-07-28T15:44:25Z,tseriou,ba,3739,491,372,0
2026-07-28T15:44:25Z,prodromou,ab,2418,291,254,0
2026-07-28T15:44:25Z,prodromou,ba,2414,345,299,0
2026-07-28T15:44:25Z,akropoleos,ab,5010,746,463,125
2026-07-28T15:44:25Z,akropoleos,ba,5145,742,479,99
2026-07-28T15:44:25Z,athalassas,ab,2793,449,282,0
2026-07-28T15:44:25Z,athalassas,ba,6037,748,534,0
2026-07-28T15:44:25Z,lemesou,ab,2014,337,213,0
2026-07-28T15:44:25Z,lemesou,ba,2007,276,196,0
2026-07-28T15:44:25Z,sp_kyprianou,ab,6489,769,585,0
2026-07-28T15:44:25Z,sp_kyprianou,ba,6573,753,627,0
2026-07-28T15:44:25Z,archangelou,ab,7265,643,523,0
2026-07-28T15:44:25Z,archangelou,ba,6911,650,591,0
2026-07-28T15:44:25Z,konstantinoup,ab,2628,312,291,0
2026-07-28T15:44:25Z,konstantinoup,ba,2629,335,313,0
2026-07-28T15:44:25Z,stavrou,ab,2187,277,208,0
2026-07-28T15:44:25Z,stavrou,ba,2245,243,206,0
2026-07-28T15:44:25Z,makedonitissas,ab,2904,467,408,0
2026-07-28T15:44:25Z,makedonitissas,ba,2705,318,290,0
2026-07-28T15:44:25Z,armenias,ab,1079,145,119,0
2026-07-28T15:44:25Z,armenias,ba,1079,219,132,0
2026-07-28T15:44:25Z,arch_kyprianou,ab,1701,297,215,0
2026-07-28T15:44:25Z,arch_kyprianou,ba,1726,293,202,0
2026-07-28T15:44:25Z,a1_motorway,ab,10597,351,349,0
2026-07-28T15:44:25Z,a1_motorway,ba,14048,562,558,0
2026-07-28T15:44:25Z,makariou_lakat,ab,6137,666,529,0
2026-07-28T15:44:25Z,makariou_lakat,ba,6901,699,583,0
2026-07-28T15:44:25Z,griva_digeni,ab,4212,561,441,0
2026-07-28T15:44:25Z,griva_digeni,ba,5350,811,681,0
2026-07-28T15:44:25Z,aglantzias,ab,1775,211,177,0
2026-07-28T15:44:25Z,aglantzias,ba,3098,472,372,0
2026-07-28T15:44:25Z,kranidioti,ab,1458,109,105,0
2026-07-28T15:44:25Z,kranidioti,ba,1652,127,117,0
2026-07-28T15:44:25Z,perimetrikos,ab,2510,247,229,0
2026-07-28T15:44:25Z,perimetrikos,ba,2094,187,164,0
2026-07-28T15:44:25Z,hatziiosif,ab,2049,393,195,125
2026-07-28T15:44:25Z,hatziiosif,ba,2045,284,202,0
2026-07-28T15:44:25Z,perikleous,ab,2238,388,232,0
2026-07-28T15:44:25Z,perikleous,ba,2649,348,273,0
2026-07-28T15:44:25Z,avraamidi,ab,1264,186,140,0
2026-07-28T15:44:25Z,avraamidi,ba,1266,197,150,0
2026-07-28T15:44:25Z,athinon,ab,1573,238,204,0
2026-07-28T15:44:25Z,athinon,ba,1040,249,134,0
2026-07-28T15:44:25Z,tasou_markou,ab,544,78,70,0
2026-07-28T15:44:25Z,tasou_markou,ba,492,53,55,0
2026-07-28T15:44:25Z,peiraios,ab,590,96,71,0
2026-07-28T15:44:25Z,peiraios,ba,590,91,64,0
2026-07-28T15:54:54Z,strovolou,ab,5400,577,504,0
2026-07-28T15:54:54Z,strovolou,ba,4712,562,404,0
2026-07-28T15:54:54Z,tseriou,ab,2555,339,225,0
2026-07-28T15:54:54Z,tseriou,ba,3739,481,372,0
2026-07-28T15:54:54Z,prodromou,ab,2418,287,254,0
2026-07-28T15:54:54Z,prodromou,ba,2414,340,299,0
2026-07-28T15:54:54Z,akropoleos,ab,5010,650,463,0
2026-07-28T15:54:54Z,akropoleos,ba,5145,650,479,0
2026-07-28T15:54:54Z,athalassas,ab,2793,433,282,0
2026-07-28T15:54:54Z,athalassas,ba,6037,729,534,0
2026-07-28T15:54:54Z,lemesou,ab,2014,320,213,0
2026-07-28T15:54:54Z,lemesou,ba,2007,267,196,0
2026-07-28T15:54:54Z,sp_kyprianou,ab,6489,743,585,0
2026-07-28T15:54:54Z,sp_kyprianou,ba,6573,741,627,0
2026-07-28T15:54:54Z,archangelou,ab,7265,624,523,0
2026-07-28T15:54:54Z,archangelou,ba,6911,641,591,0
2026-07-28T15:54:54Z,konstantinoup,ab,2628,310,291,0
2026-07-28T15:54:54Z,konstantinoup,ba,2629,332,313,0
2026-07-28T15:54:54Z,stavrou,ab,2187,269,208,0
2026-07-28T15:54:54Z,stavrou,ba,2245,240,206,0
2026-07-28T15:54:54Z,makedonitissas,ab,2904,457,408,0
2026-07-28T15:54:54Z,makedonitissas,ba,2705,312,290,0
2026-07-28T15:54:54Z,armenias,ab,1079,143,119,0
2026-07-28T15:54:54Z,armenias,ba,1079,209,132,0
2026-07-28T15:54:54Z,arch_kyprianou,ab,1701,286,215,0
2026-07-28T15:54:54Z,arch_kyprianou,ba,1726,283,202,0
2026-07-28T15:54:54Z,a1_motorway,ab,10597,351,349,0
2026-07-28T15:54:54Z,a1_motorway,ba,14048,560,558,0
2026-07-28T15:54:54Z,makariou_lakat,ab,6137,652,529,0
2026-07-28T15:54:54Z,makariou_lakat,ba,6901,687,583,0
2026-07-28T15:54:54Z,griva_digeni,ab,4212,546,441,0
2026-07-28T15:54:54Z,griva_digeni,ba,5350,797,681,0
2026-07-28T15:54:54Z,aglantzias,ab,1775,207,177,0
2026-07-28T15:54:54Z,aglantzias,ba,3098,462,372,0
2026-07-28T15:54:54Z,kranidioti,ab,1458,108,105,0
2026-07-28T15:54:54Z,kranidioti,ba,1652,124,117,0
2026-07-28T15:54:54Z,perimetrikos,ab,2510,245,229,0
2026-07-28T15:54:54Z,perimetrikos,ba,2094,184,164,0
2026-07-28T15:54:54Z,hatziiosif,ab,2049,309,195,0
2026-07-28T15:54:54Z,hatziiosif,ba,2045,275,202,0
2026-07-28T15:54:54Z,perikleous,ab,2238,370,232,0
2026-07-28T15:54:54Z,perikleous,ba,2649,341,273,0
2026-07-28T15:54:54Z,avraamidi,ab,1264,183,140,0
2026-07-28T15:54:54Z,avraamidi,ba,1266,192,150,0
2026-07-28T15:54:54Z,athinon,ab,1573,233,204,0
2026-07-28T15:54:54Z,athinon,ba,1040,242,134,0
2026-07-28T15:54:54Z,tasou_markou,ab,544,78,70,0
2026-07-28T15:54:54Z,tasou_markou,ba,492,53,55,0
2026-07-28T15:54:54Z,peiraios,ab,590,94,71,0
2026-07-28T15:54:54Z,peiraios,ba,590,87,64,0
2026-07-28T16:05:25Z,strovolou,ab,5400,574,504,0
2026-07-28T16:05:25Z,strovolou,ba,4712,551,404,0
2026-07-28T16:05:25Z,tseriou,ab,2555,329,225,0
2026-07-28T16:05:25Z,tseriou,ba,3739,478,372,0
2026-07-28T16:05:25Z,prodromou,ab,2418,287,254,0
2026-07-28T16:05:25Z,prodromou,ba,2414,339,299,0
2026-07-28T16:05:25Z,akropoleos,ab,5010,640,463,0
2026-07-28T16:05:25Z,akropoleos,ba,5145,643,479,0
2026-07-28T16:05:25Z,athalassas,ab,2793,426,282,0
2026-07-28T16:05:25Z,athalassas,ba,6037,719,534,0
2026-07-28T16:05:25Z,lemesou,ab,2014,310,213,0
2026-07-28T16:05:25Z,lemesou,ba,2007,266,196,0
2026-07-28T16:05:25Z,sp_kyprianou,ab,6489,729,585,0
2026-07-28T16:05:25Z,sp_kyprianou,ba,6573,736,627,0
2026-07-28T16:05:25Z,archangelou,ab,7265,615,523,0
2026-07-28T16:05:25Z,archangelou,ba,6911,639,591,0
2026-07-28T16:05:25Z,konstantinoup,ab,2628,310,291,0
2026-07-28T16:05:25Z,konstantinoup,ba,2629,331,313,0
2026-07-28T16:05:25Z,stavrou,ab,2187,263,208,0
2026-07-28T16:05:25Z,stavrou,ba,2245,239,206,0
2026-07-28T16:05:25Z,makedonitissas,ab,2904,455,408,0
2026-07-28T16:05:25Z,makedonitissas,ba,2705,310,290,0
2026-07-28T16:05:25Z,armenias,ab,1079,143,119,0
2026-07-28T16:05:25Z,armenias,ba,1079,204,132,0
2026-07-28T16:05:25Z,arch_kyprianou,ab,1701,281,215,0
2026-07-28T16:05:25Z,arch_kyprianou,ba,1726,279,202,0
2026-07-28T16:05:25Z,a1_motorway,ab,10597,351,349,0
2026-07-28T16:05:25Z,a1_motorway,ba,14048,561,558,0
2026-07-28T16:05:25Z,makariou_lakat,ab,6137,646,529,0
2026-07-28T16:05:25Z,makariou_lakat,ba,6901,682,583,0
2026-07-28T16:05:25Z,griva_digeni,ab,4212,541,441,0
2026-07-28T16:05:25Z,griva_digeni,ba,5350,792,681,0
2026-07-28T16:05:25Z,aglantzias,ab,1775,207,177,0
2026-07-28T16:05:25Z,aglantzias,ba,3098,461,372,0
2026-07-28T16:05:25Z,kranidioti,ab,1458,108,105,0
2026-07-28T16:05:25Z,kranidioti,ba,1652,123,117,0
2026-07-28T16:05:25Z,perimetrikos,ab,2510,246,229,0
2026-07-28T16:05:25Z,perimetrikos,ba,2094,183,164,0
2026-07-28T16:05:25Z,hatziiosif,ab,2049,301,195,0
2026-07-28T16:05:25Z,hatziiosif,ba,2045,271,202,0
2026-07-28T16:05:25Z,perikleous,ab,2238,359,232,0
2026-07-28T16:05:25Z,perikleous,ba,2649,338,273,0
2026-07-28T16:05:25Z,avraamidi,ab,1264,183,140,0
2026-07-28T16:05:25Z,avraamidi,ba,1266,190,150,0
2026-07-28T16:05:25Z,athinon,ab,1573,232,204,0
2026-07-28T16:05:25Z,athinon,ba,1040,238,134,0
2026-07-28T16:05:25Z,tasou_markou,ab,544,78,70,0
2026-07-28T16:05:25Z,tasou_markou,ba,492,53,55,0
2026-07-28T16:05:25Z,peiraios,ab,590,93,71,0
2026-07-28T16:05:25Z,peiraios,ba,590,86,64,0
2026-07-28T17:07:32Z,strovolou,ab,5400,546,504,0
2026-07-28T17:07:32Z,strovolou,ba,4712,492,404,0
2026-07-28T17:07:32Z,tseriou,ab,2555,294,225,0
2026-07-28T17:07:32Z,tseriou,ba,3739,457,372,0
2026-07-28T17:07:32Z,prodromou,ab,2418,275,254,0
2026-07-28T17:07:32Z,prodromou,ba,2414,326,299,0
2026-07-28T17:07:32Z,akropoleos,ab,5010,579,463,0
2026-07-28T17:07:32Z,akropoleos,ba,5145,592,479,0
2026-07-28T17:07:32Z,athalassas,ab,2793,386,282,0
2026-07-28T17:07:32Z,athalassas,ba,6037,660,534,0
2026-07-28T17:07:32Z,lemesou,ab,2014,265,213,0
2026-07-28T17:07:32Z,lemesou,ba,2007,245,196,0
2026-07-28T17:07:32Z,sp_kyprianou,ab,6489,668,585,0
2026-07-28T17:07:32Z,sp_kyprianou,ba,6573,701,627,0
2026-07-28T17:07:32Z,archangelou,ab,7265,574,523,0
2026-07-28T17:07:32Z,archangelou,ba,6911,622,591,0
2026-07-28T17:07:32Z,konstantinoup,ab,2628,308,291,0
2026-07-28T17:07:32Z,konstantinoup,ba,2629,327,313,0
2026-07-28T17:07:32Z,stavrou,ab,2187,241,208,0
2026-07-28T17:07:32Z,stavrou,ba,2245,231,206,0
2026-07-28T17:07:32Z,makedonitissas,ab,3632,447,395,0
2026-07-28T17:07:32Z,makedonitissas,ba,2705,300,290,0
2026-07-28T17:07:32Z,armenias,ab,1079,138,119,0
2026-07-28T17:07:32Z,armenias,ba,1079,181,132,0
2026-07-28T17:07:32Z,arch_kyprianou,ab,1701,250,215,0
2026-07-28T17:07:32Z,arch_kyprianou,ba,1726,255,202,0
2026-07-28T17:07:32Z,a1_motorway,ab,10597,351,349,0
2026-07-28T17:07:32Z,a1_motorway,ba,14048,559,558,0
2026-07-28T17:07:32Z,makariou_lakat,ab,5849,611,516,0
2026-07-28T17:07:32Z,makariou_lakat,ba,6901,649,583,0
2026-07-28T17:07:32Z,griva_digeni,ab,4212,508,441,0
2026-07-28T17:07:32Z,griva_digeni,ba,5350,755,681,0
2026-07-28T17:07:32Z,aglantzias,ab,1775,200,177,0
2026-07-28T17:07:32Z,aglantzias,ba,3098,436,372,0
2026-07-28T17:07:32Z,kranidioti,ab,1458,107,105,0
2026-07-28T17:07:32Z,kranidioti,ba,1652,120,117,0
2026-07-28T17:07:32Z,perimetrikos,ab,2510,246,229,0
2026-07-28T17:07:32Z,perimetrikos,ba,2094,177,164,0
2026-07-28T17:07:32Z,hatziiosif,ab,2049,271,195,0
2026-07-28T17:07:32Z,hatziiosif,ba,2045,247,202,0
2026-07-28T17:07:32Z,perikleous,ab,2238,314,232,0
2026-07-28T17:07:32Z,perikleous,ba,2649,319,273,0
2026-07-28T17:07:32Z,avraamidi,ab,1264,174,140,0
2026-07-28T17:07:32Z,avraamidi,ba,1266,177,150,0
2026-07-28T17:07:32Z,athinon,ab,1573,218,204,0
2026-07-28T17:07:32Z,athinon,ba,1040,217,134,0
2026-07-28T17:07:32Z,tasou_markou,ab,544,77,70,0
2026-07-28T17:07:32Z,tasou_markou,ba,492,54,55,0
2026-07-28T17:07:32Z,peiraios,ab,590,90,71,0
2026-07-28T17:07:32Z,peiraios,ba,590,74,64,0
2026-07-28T17:06:24Z,strovolou,ab,5400,547,504,0
2026-07-28T17:06:24Z,strovolou,ba,4712,493,404,0
2026-07-28T17:06:24Z,tseriou,ab,2555,294,225,0
2026-07-28T17:06:24Z,tseriou,ba,3739,457,372,0
2026-07-28T17:06:24Z,prodromou,ab,2418,276,254,0
2026-07-28T17:06:24Z,prodromou,ba,2414,327,299,0
2026-07-28T17:06:24Z,akropoleos,ab,5010,580,463,0
2026-07-28T17:06:24Z,akropoleos,ba,5145,594,479,0
2026-07-28T17:06:24Z,athalassas,ab,2793,387,282,0
2026-07-28T17:06:24Z,athalassas,ba,6037,661,534,0
2026-07-28T17:06:24Z,lemesou,ab,2014,267,213,0
2026-07-28T17:06:24Z,lemesou,ba,2007,247,196,0
2026-07-28T17:06:24Z,sp_kyprianou,ab,6489,669,585,0
2026-07-28T17:06:24Z,sp_kyprianou,ba,6573,702,627,0
2026-07-28T17:06:24Z,archangelou,ab,7265,575,523,0
2026-07-28T17:06:24Z,archangelou,ba,6911,622,591,0
2026-07-28T17:06:24Z,konstantinoup,ab,2628,308,291,0
2026-07-28T17:06:24Z,konstantinoup,ba,2629,327,313,0
2026-07-28T17:06:24Z,stavrou,ab,2187,242,208,0
2026-07-28T17:06:24Z,stavrou,ba,2245,231,206,0
2026-07-28T17:06:24Z,makedonitissas,ab,3632,448,395,0
2026-07-28T17:06:24Z,makedonitissas,ba,2705,300,290,0
2026-07-28T17:06:24Z,armenias,ab,1079,138,119,0
2026-07-28T17:06:24Z,armenias,ba,1079,181,132,0
2026-07-28T17:06:24Z,arch_kyprianou,ab,1701,250,215,0
2026-07-28T17:06:24Z,arch_kyprianou,ba,1726,256,202,0
2026-07-28T17:06:24Z,a1_motorway,ab,10597,351,349,0
2026-07-28T17:06:24Z,a1_motorway,ba,14048,560,558,0
2026-07-28T17:06:24Z,makariou_lakat,ab,5849,612,516,0
2026-07-28T17:06:24Z,makariou_lakat,ba,6901,649,583,0
2026-07-28T17:06:24Z,griva_digeni,ab,4212,508,441,0
2026-07-28T17:06:24Z,griva_digeni,ba,5350,756,681,0
2026-07-28T17:06:24Z,aglantzias,ab,1775,201,177,0
2026-07-28T17:06:24Z,aglantzias,ba,3098,436,372,0
2026-07-28T17:06:24Z,kranidioti,ab,1458,107,105,0
2026-07-28T17:06:24Z,kranidioti,ba,1652,120,117,0
2026-07-28T17:06:24Z,perimetrikos,ab,2510,246,229,0
2026-07-28T17:06:24Z,perimetrikos,ba,2094,177,164,0
2026-07-28T17:06:24Z,hatziiosif,ab,2049,272,195,0
2026-07-28T17:06:24Z,hatziiosif,ba,2045,248,202,0
2026-07-28T17:06:24Z,perikleous,ab,2238,314,232,0
2026-07-28T17:06:24Z,perikleous,ba,2649,320,273,0
2026-07-28T17:06:24Z,avraamidi,ab,1264,174,140,0
2026-07-28T17:06:24Z,avraamidi,ba,1266,178,150,0
2026-07-28T17:06:24Z,athinon,ab,1573,218,204,0
2026-07-28T17:06:24Z,athinon,ba,1040,218,134,0
2026-07-28T17:06:24Z,tasou_markou,ab,544,77,70,0
2026-07-28T17:06:24Z,tasou_markou,ba,492,54,55,0
2026-07-28T17:06:24Z,peiraios,ab,590,90,71,0
2026-07-28T17:06:24Z,peiraios,ba,590,74,64,0
2026-07-28T18:08:27Z,strovolou,ab,5400,534,504,0
2026-07-28T18:08:27Z,strovolou,ba,4712,455,404,0
2026-07-28T18:08:27Z,tseriou,ab,2555,264,225,0
2026-07-28T18:08:27Z,tseriou,ba,3739,438,372,0
2026-07-28T18:08:27Z,prodromou,ab,2418,270,254,0
2026-07-28T18:08:27Z,prodromou,ba,2414,318,299,0
2026-07-28T18:08:27Z,akropoleos,ab,5010,527,463,0
2026-07-28T18:08:27Z,akropoleos,ba,5145,538,479,0
2026-07-28T18:08:27Z,athalassas,ab,2793,341,282,0
2026-07-28T18:08:27Z,athalassas,ba,6037,616,534,0
2026-07-28T18:08:27Z,lemesou,ab,2014,241,213,0
2026-07-28T18:08:27Z,lemesou,ba,2007,224,196,0
2026-07-28T18:08:27Z,sp_kyprianou,ab,6489,634,585,0
2026-07-28T18:08:27Z,sp_kyprianou,ba,6573,673,627,0
2026-07-28T18:08:27Z,archangelou,ab,7265,561,523,0
2026-07-28T18:08:27Z,archangelou,ba,6911,618,591,0
2026-07-28T18:08:27Z,konstantinoup,ab,2628,306,291,0
2026-07-28T18:08:27Z,konstantinoup,ba,2629,326,313,0
2026-07-28T18:08:27Z,stavrou,ab,2187,229,208,0
2026-07-28T18:08:27Z,stavrou,ba,2245,223,206,0
2026-07-28T18:08:27Z,makedonitissas,ab,3632,426,395,0
2026-07-28T18:08:27Z,makedonitissas,ba,2705,300,290,0
2026-07-28T18:08:27Z,armenias,ab,1079,132,119,0
2026-07-28T18:08:27Z,armenias,ba,1079,155,132,0
2026-07-28T18:08:27Z,arch_kyprianou,ab,1701,233,215,0
2026-07-28T18:08:27Z,arch_kyprianou,ba,1726,229,202,0
2026-07-28T18:08:27Z,a1_motorway,ab,10597,351,349,0
2026-07-28T18:08:27Z,a1_motorway,ba,14048,562,558,0
2026-07-28T18:08:27Z,makariou_lakat,ab,5849,570,516,0
2026-07-28T18:08:27Z,makariou_lakat,ba,6901,630,583,0
2026-07-28T18:08:27Z,griva_digeni,ab,4212,484,441,0
2026-07-28T18:08:27Z,griva_digeni,ba,5350,730,681,0
2026-07-28T18:08:27Z,aglantzias,ab,1775,194,177,0
2026-07-28T18:08:27Z,aglantzias,ba,3098,411,372,0
2026-07-28T18:08:27Z,kranidioti,ab,1458,109,105,0
2026-07-28T18:08:27Z,kranidioti,ba,1652,122,117,0
2026-07-28T18:08:27Z,perimetrikos,ab,2510,245,229,0
2026-07-28T18:08:27Z,perimetrikos,ba,2094,174,164,0
2026-07-28T18:08:27Z,hatziiosif,ab,2049,239,195,0
2026-07-28T18:08:27Z,hatziiosif,ba,2045,225,202,0
2026-07-28T18:08:27Z,perikleous,ab,2238,273,232,0
2026-07-28T18:08:27Z,perikleous,ba,2649,301,273,0
2026-07-28T18:08:27Z,avraamidi,ab,1264,165,140,0
2026-07-28T18:08:27Z,avraamidi,ba,1266,166,150,0
2026-07-28T18:08:27Z,athinon,ab,1573,214,204,0
2026-07-28T18:08:27Z,athinon,ba,1040,192,134,0
2026-07-28T18:08:27Z,tasou_markou,ab,544,76,70,0
2026-07-28T18:08:27Z,tasou_markou,ba,492,55,55,0
2026-07-28T18:08:27Z,peiraios,ab,590,83,71,0
2026-07-28T18:08:27Z,peiraios,ba,590,69,64,0
2026-07-29T03:30:49Z,strovolou,ab,5693,789,553,0
2026-07-29T03:30:49Z,strovolou,ba,4712,415,404,0
2026-07-29T03:30:49Z,tseriou,ab,2555,256,225,0
2026-07-29T03:30:49Z,tseriou,ba,3739,463,372,0
2026-07-29T03:30:49Z,prodromou,ab,2418,281,254,0
2026-07-29T03:30:49Z,prodromou,ba,2414,357,299,0
2026-07-29T03:30:49Z,akropoleos,ab,5010,537,463,0
2026-07-29T03:30:49Z,akropoleos,ba,5145,685,479,0
2026-07-29T03:30:49Z,athalassas,ab,2793,365,282,0
2026-07-29T03:30:49Z,athalassas,ba,6037,751,534,0
2026-07-29T03:30:49Z,lemesou,ab,2014,246,213,0
2026-07-29T03:30:49Z,lemesou,ba,2007,267,196,0
2026-07-29T03:30:49Z,sp_kyprianou,ab,6489,607,585,0
2026-07-29T03:30:49Z,sp_kyprianou,ba,6573,864,627,0
2026-07-29T03:30:49Z,archangelou,ab,7265,541,523,0
2026-07-29T03:30:49Z,archangelou,ba,6911,783,591,0
2026-07-29T03:30:49Z,konstantinoup,ab,2628,301,291,0
2026-07-29T03:30:49Z,konstantinoup,ba,2629,346,313,0
2026-07-29T03:30:49Z,stavrou,ab,2187,211,208,0
2026-07-29T03:30:49Z,stavrou,ba,2245,229,206,0
2026-07-29T03:30:49Z,makedonitissas,ab,2797,420,391,0
2026-07-29T03:30:49Z,makedonitissas,ba,2705,313,290,0
2026-07-29T03:30:49Z,armenias,ab,1079,147,119,0
2026-07-29T03:30:49Z,armenias,ba,1079,166,132,0
2026-07-29T03:30:49Z,arch_kyprianou,ab,1701,226,215,0
2026-07-29T03:30:49Z,arch_kyprianou,ba,1726,319,202,0
2026-07-29T03:30:49Z,a1_motorway,ab,10597,351,349,0
2026-07-29T03:30:49Z,a1_motorway,ba,14048,572,558,0
2026-07-29T03:30:49Z,makariou_lakat,ab,5849,544,516,0
2026-07-29T03:30:49Z,makariou_lakat,ba,6316,666,613,0
2026-07-29T03:30:49Z,griva_digeni,ab,4212,435,441,0
2026-07-29T03:30:49Z,griva_digeni,ba,5350,821,681,0
2026-07-29T03:30:49Z,aglantzias,ab,1775,215,177,0
2026-07-29T03:30:49Z,aglantzias,ba,3098,434,372,0
2026-07-29T03:30:49Z,kranidioti,ab,1458,108,105,0
2026-07-29T03:30:49Z,kranidioti,ba,1652,124,117,0
2026-07-29T03:30:49Z,perimetrikos,ab,2510,253,229,0
2026-07-29T03:30:49Z,perimetrikos,ba,2094,163,164,0
2026-07-29T03:30:49Z,hatziiosif,ab,2049,226,195,0
2026-07-29T03:30:49Z,hatziiosif,ba,2045,294,202,0
2026-07-29T03:30:49Z,perikleous,ab,2238,306,232,0
2026-07-29T03:30:49Z,perikleous,ba,2649,327,273,0
2026-07-29T03:30:49Z,avraamidi,ab,1264,179,140,0
2026-07-29T03:30:49Z,avraamidi,ba,1266,167,150,0
2026-07-29T03:30:49Z,athinon,ab,1573,207,204,0
2026-07-29T03:30:49Z,athinon,ba,1040,214,134,0
2026-07-29T03:30:49Z,tasou_markou,ab,544,82,70,0
2026-07-29T03:30:49Z,tasou_markou,ba,492,54,55,0
2026-07-29T03:30:49Z,peiraios,ab,590,99,71,0
2026-07-29T03:30:49Z,peiraios,ba,590,68,64,0
2026-07-29T03:41:18Z,strovolou,ab,5693,871,553,0
2026-07-29T03:41:18Z,strovolou,ba,4712,424,404,0
2026-07-29T03:41:18Z,tseriou,ab,2555,267,225,0
2026-07-29T03:41:18Z,tseriou,ba,3739,477,372,0
2026-07-29T03:41:18Z,prodromou,ab,2418,293,254,0
2026-07-29T03:41:18Z,prodromou,ba,2414,373,299,0
2026-07-29T03:41:18Z,akropoleos,ab,5010,563,463,0
2026-07-29T03:41:18Z,akropoleos,ba,5145,744,479,0
2026-07-29T03:41:18Z,athalassas,ab,2793,388,282,0
2026-07-29T03:41:18Z,athalassas,ba,4485,776,538,0
2026-07-29T03:41:18Z,lemesou,ab,2014,257,213,0
2026-07-29T03:41:18Z,lemesou,ba,2007,289,196,0
2026-07-29T03:41:18Z,sp_kyprianou,ab,6489,623,585,0
2026-07-29T03:41:18Z,sp_kyprianou,ba,6573,950,627,0
2026-07-29T03:41:18Z,archangelou,ab,7265,553,523,0
2026-07-29T03:41:18Z,archangelou,ba,6911,846,591,0
2026-07-29T03:41:18Z,konstantinoup,ab,2628,305,291,0
2026-07-29T03:41:18Z,konstantinoup,ba,2629,359,313,0
2026-07-29T03:41:18Z,stavrou,ab,2187,217,208,0
2026-07-29T03:41:18Z,stavrou,ba,2245,239,206,0
2026-07-29T03:41:18Z,makedonitissas,ab,2797,431,391,0
2026-07-29T03:41:18Z,makedonitissas,ba,2705,324,290,0
2026-07-29T03:41:18Z,armenias,ab,1079,152,119,0
2026-07-29T03:41:18Z,armenias,ba,1079,173,132,0
2026-07-29T03:41:18Z,arch_kyprianou,ab,1701,235,215,0
2026-07-29T03:41:18Z,arch_kyprianou,ba,1726,364,202,0
2026-07-29T03:41:18Z,a1_motorway,ab,10597,355,349,0
2026-07-29T03:41:18Z,a1_motorway,ba,14048,589,558,0
2026-07-29T03:41:18Z,makariou_lakat,ab,5849,562,516,0
2026-07-29T03:41:18Z,makariou_lakat,ba,6316,685,613,0
2026-07-29T03:41:18Z,griva_digeni,ab,4212,442,441,0
2026-07-29T03:41:18Z,griva_digeni,ba,6075,915,751,0
2026-07-29T03:41:18Z,aglantzias,ab,1775,230,177,0
2026-07-29T03:41:18Z,aglantzias,ba,3098,454,372,0
2026-07-29T03:41:18Z,kranidioti,ab,1458,110,105,0
2026-07-29T03:41:18Z,kranidioti,ba,1652,128,117,0
2026-07-29T03:41:18Z,perimetrikos,ab,2510,263,229,0
2026-07-29T03:41:18Z,perimetrikos,ba,2094,165,164,0
2026-07-29T03:41:18Z,hatziiosif,ab,2049,236,195,0
2026-07-29T03:41:18Z,hatziiosif,ba,2045,319,202,0
2026-07-29T03:41:18Z,perikleous,ab,2238,329,232,0
2026-07-29T03:41:18Z,perikleous,ba,2649,341,273,0
2026-07-29T03:41:18Z,avraamidi,ab,1264,189,140,0
2026-07-29T03:41:18Z,avraamidi,ba,1266,170,150,0
2026-07-29T03:41:18Z,athinon,ab,1573,213,204,0
2026-07-29T03:41:18Z,athinon,ba,1040,225,134,0
2026-07-29T03:41:18Z,tasou_markou,ab,544,85,70,0
2026-07-29T03:41:18Z,tasou_markou,ba,492,54,55,0
2026-07-29T03:41:18Z,peiraios,ab,590,107,71,0
2026-07-29T03:41:18Z,peiraios,ba,590,72,64,0
2026-07-29T03:51:48Z,strovolou,ab,5693,967,553,0
2026-07-29T03:51:48Z,strovolou,ba,4712,436,404,0
2026-07-29T03:51:48Z,tseriou,ab,2555,277,225,0
2026-07-29T03:51:48Z,tseriou,ba,3739,491,372,0
2026-07-29T03:51:48Z,prodromou,ab,2418,307,254,0
2026-07-29T03:51:48Z,prodromou,ba,2414,396,299,0
2026-07-29T03:51:48Z,akropoleos,ab,5010,595,463,0
2026-07-29T03:51:48Z,akropoleos,ba,5145,806,479,0
2026-07-29T03:51:48Z,athalassas,ab,2793,411,282,0
2026-07-29T03:51:48Z,athalassas,ba,4485,831,538,0
2026-07-29T03:51:48Z,lemesou,ab,2014,270,213,0
2026-07-29T03:51:48Z,lemesou,ba,2007,313,196,0
2026-07-29T03:51:48Z,sp_kyprianou,ab,6489,645,585,0
2026-07-29T03:51:48Z,sp_kyprianou,ba,6573,1056,627,0
2026-07-29T03:51:48Z,archangelou,ab,7265,564,523,0
2026-07-29T03:51:48Z,archangelou,ba,6911,917,591,0
2026-07-29T03:51:48Z,konstantinoup,ab,2628,307,291,0
2026-07-29T03:51:48Z,konstantinoup,ba,2629,373,313,0
2026-07-29T03:51:48Z,stavrou,ab,2187,223,208,0
2026-07-29T03:51:48Z,stavrou,ba,2245,249,206,0
2026-07-29T03:51:48Z,makedonitissas,ab,2797,447,391,0
2026-07-29T03:51:48Z,makedonitissas,ba,2705,335,290,0
2026-07-29T03:51:48Z,armenias,ab,1079,158,119,0
2026-07-29T03:51:48Z,armenias,ba,1079,182,132,0
2026-07-29T03:51:48Z,arch_kyprianou,ab,1701,244,215,0
2026-07-29T03:51:48Z,arch_kyprianou,ba,1726,416,202,0
2026-07-29T03:51:48Z,a1_motorway,ab,10597,351,349,0
2026-07-29T03:51:48Z,a1_motorway,ba,14048,586,558,0
2026-07-29T03:51:48Z,makariou_lakat,ab,5849,582,516,0
2026-07-29T03:51:48Z,makariou_lakat,ba,6316,707,613,0
2026-07-29T03:51:48Z,griva_digeni,ab,4212,451,441,0
2026-07-29T03:51:48Z,griva_digeni,ba,6075,967,751,0
2026-07-29T03:51:48Z,aglantzias,ab,1775,250,177,0
2026-07-29T03:51:48Z,aglantzias,ba,3098,471,372,0
2026-07-29T03:51:48Z,kranidioti,ab,1458,112,105,0
2026-07-29T03:51:48Z,kranidioti,ba,1652,132,117,0
2026-07-29T03:51:48Z,perimetrikos,ab,2510,272,229,0
2026-07-29T03:51:48Z,perimetrikos,ba,2094,168,164,0
2026-07-29T03:51:48Z,hatziiosif,ab,2049,248,195,0
2026-07-29T03:51:48Z,hatziiosif,ba,2045,343,202,0
2026-07-29T03:51:48Z,perikleous,ab,2238,356,232,0
2026-07-29T03:51:48Z,perikleous,ba,2649,356,273,0
2026-07-29T03:51:48Z,avraamidi,ab,1264,199,140,0
2026-07-29T03:51:48Z,avraamidi,ba,1266,173,150,0
2026-07-29T03:51:48Z,athinon,ab,1573,217,204,0
2026-07-29T03:51:48Z,athinon,ba,1040,236,134,0
2026-07-29T03:51:48Z,tasou_markou,ab,544,87,70,0
2026-07-29T03:51:48Z,tasou_markou,ba,492,54,55,0
2026-07-29T03:51:48Z,peiraios,ab,590,115,71,0
2026-07-29T03:51:48Z,peiraios,ba,590,74,64,0
2026-07-29T04:02:19Z,strovolou,ab,5693,1059,553,0
2026-07-29T04:02:19Z,strovolou,ba,4712,449,404,0
2026-07-29T04:02:19Z,tseriou,ab,2555,296,225,0
2026-07-29T04:02:19Z,tseriou,ba,3739,513,372,0
2026-07-29T04:02:19Z,prodromou,ab,2418,329,254,0
2026-07-29T04:02:19Z,prodromou,ba,2414,422,299,0
2026-07-29T04:02:19Z,akropoleos,ab,5010,643,463,0
2026-07-29T04:02:19Z,akropoleos,ba,5145,874,479,0
2026-07-29T04:02:19Z,athalassas,ab,2793,440,282,0
2026-07-29T04:02:19Z,athalassas,ba,4619,871,562,0
2026-07-29T04:02:19Z,lemesou,ab,2014,285,213,0
2026-07-29T04:02:19Z,lemesou,ba,2007,337,196,0
2026-07-29T04:02:19Z,sp_kyprianou,ab,6489,669,585,0
2026-07-29T04:02:19Z,sp_kyprianou,ba,6573,1164,627,0
2026-07-29T04:02:19Z,archangelou,ab,7265,590,523,0
2026-07-29T04:02:19Z,archangelou,ba,6985,994,684,0
2026-07-29T04:02:19Z,konstantinoup,ab,2628,310,291,0
2026-07-29T04:02:19Z,konstantinoup,ba,2629,389,313,0
2026-07-29T04:02:19Z,stavrou,ab,2187,233,208,0
2026-07-29T04:02:19Z,stavrou,ba,2245,263,206,0
2026-07-29T04:02:19Z,makedonitissas,ab,2797,467,391,0
2026-07-29T04:02:19Z,makedonitissas,ba,2705,349,290,0
2026-07-29T04:02:19Z,armenias,ab,1079,166,119,0
2026-07-29T04:02:19Z,armenias,ba,1079,194,132,0
2026-07-29T04:02:19Z,arch_kyprianou,ab,1701,255,215,0
2026-07-29T04:02:19Z,arch_kyprianou,ba,1726,462,202,0
2026-07-29T04:02:19Z,a1_motorway,ab,10597,351,349,0
2026-07-29T04:02:19Z,a1_motorway,ba,14048,593,558,0
2026-07-29T04:02:19Z,makariou_lakat,ab,5849,615,516,0
2026-07-29T04:02:19Z,makariou_lakat,ba,6316,730,613,0
2026-07-29T04:02:19Z,griva_digeni,ab,4212,462,441,0
2026-07-29T04:02:19Z,griva_digeni,ba,6075,1016,751,0
2026-07-29T04:02:19Z,aglantzias,ab,1775,273,177,0
2026-07-29T04:02:19Z,aglantzias,ba,3098,492,372,0
2026-07-29T04:02:19Z,kranidioti,ab,1458,117,105,0
2026-07-29T04:02:19Z,kranidioti,ba,1652,136,117,0
2026-07-29T04:02:19Z,perimetrikos,ab,2510,286,229,0
2026-07-29T04:02:19Z,perimetrikos,ba,2094,174,164,0
2026-07-29T04:02:19Z,hatziiosif,ab,2049,271,195,0
2026-07-29T04:02:19Z,hatziiosif,ba,2045,367,202,0
2026-07-29T04:02:19Z,perikleous,ab,2238,384,232,0
2026-07-29T04:02:19Z,perikleous,ba,2649,373,273,0
2026-07-29T04:02:19Z,avraamidi,ab,1264,213,140,0
2026-07-29T04:02:19Z,avraamidi,ba,1266,181,150,0
2026-07-29T04:02:19Z,athinon,ab,1573,228,204,0
2026-07-29T04:02:19Z,athinon,ba,1040,249,134,0
2026-07-29T04:02:19Z,tasou_markou,ab,544,91,70,0
2026-07-29T04:02:19Z,tasou_markou,ba,492,54,55,0
2026-07-29T04:02:19Z,peiraios,ab,590,123,71,0
2026-07-29T04:02:19Z,peiraios,ba,590,80,64,0
2026-07-29T04:12:48Z,strovolou,ab,5693,1141,553,0
2026-07-29T04:12:48Z,strovolou,ba,4712,473,404,0
2026-07-29T04:12:48Z,tseriou,ab,2555,310,225,0
2026-07-29T04:12:48Z,tseriou,ba,3739,527,372,0
2026-07-29T04:12:48Z,prodromou,ab,2418,343,254,0
2026-07-29T04:12:48Z,prodromou,ba,2414,445,299,0
2026-07-29T04:12:48Z,akropoleos,ab,5010,677,463,0
2026-07-29T04:12:48Z,akropoleos,ba,5145,933,479,0
2026-07-29T04:12:48Z,athalassas,ab,2793,468,282,0
2026-07-29T04:12:48Z,athalassas,ba,4619,915,562,0
2026-07-29T04:12:48Z,lemesou,ab,2014,304,213,0
2026-07-29T04:12:48Z,lemesou,ba,2007,360,196,0
2026-07-29T04:12:48Z,sp_kyprianou,ab,6489,708,585,0
2026-07-29T04:12:48Z,sp_kyprianou,ba,6573,1252,627,0
2026-07-29T04:12:48Z,archangelou,ab,7265,606,523,0
2026-07-29T04:12:48Z,archangelou,ba,6985,1061,684,0
2026-07-29T04:12:48Z,konstantinoup,ab,2628,321,291,0
2026-07-29T04:12:48Z,konstantinoup,ba,2629,409,313,0
2026-07-29T04:12:48Z,stavrou,ab,2187,246,208,0
2026-07-29T04:12:48Z,stavrou,ba,2245,273,206,0
2026-07-29T04:12:48Z,makedonitissas,ab,2797,484,391,0
2026-07-29T04:12:48Z,makedonitissas,ba,2705,368,290,0
2026-07-29T04:12:48Z,armenias,ab,1079,173,119,0
2026-07-29T04:12:48Z,armenias,ba,1079,204,132,0
2026-07-29T04:12:48Z,arch_kyprianou,ab,1701,270,215,0
2026-07-29T04:12:48Z,arch_kyprianou,ba,1726,517,202,0
2026-07-29T04:12:48Z,a1_motorway,ab,10597,356,349,0
2026-07-29T04:12:48Z,a1_motorway,ba,14048,604,558,0
2026-07-29T04:12:48Z,makariou_lakat,ab,5849,635,516,0
2026-07-29T04:12:48Z,makariou_lakat,ba,6316,766,613,0
2026-07-29T04:12:48Z,griva_digeni,ab,4212,487,441,0
2026-07-29T04:12:48Z,griva_digeni,ba,6184,1083,764,0
2026-07-29T04:12:48Z,aglantzias,ab,1775,295,177,0
2026-07-29T04:12:48Z,aglantzias,ba,3098,515,372,0
2026-07-29T04:12:48Z,kranidioti,ab,1458,120,105,0
2026-07-29T04:12:48Z,kranidioti,ba,1652,141,117,0
2026-07-29T04:12:48Z,perimetrikos,ab,2510,292,229,0
2026-07-29T04:12:48Z,perimetrikos,ba,2094,178,164,0
2026-07-29T04:12:48Z,hatziiosif,ab,2049,286,195,0
2026-07-29T04:12:48Z,hatziiosif,ba,2045,387,202,0
2026-07-29T04:12:48Z,perikleous,ab,2238,412,232,0
2026-07-29T04:12:48Z,perikleous,ba,2649,389,273,0
2026-07-29T04:12:48Z,avraamidi,ab,1264,227,140,0
2026-07-29T04:12:48Z,avraamidi,ba,1266,186,150,0
2026-07-29T04:12:48Z,athinon,ab,1573,233,204,0
2026-07-29T04:12:48Z,athinon,ba,1040,261,134,0
2026-07-29T04:12:48Z,tasou_markou,ab,544,94,70,0
2026-07-29T04:12:48Z,tasou_markou,ba,492,55,55,0
2026-07-29T04:12:48Z,peiraios,ab,590,132,71,0
2026-07-29T04:12:48Z,peiraios,ba,590,83,64,0
2026-07-29T04:23:19Z,strovolou,ab,5693,1202,553,0
2026-07-29T04:23:19Z,strovolou,ba,4712,489,404,0
2026-07-29T04:23:19Z,tseriou,ab,2555,325,225,0
2026-07-29T04:23:19Z,tseriou,ba,3739,544,372,0
2026-07-29T04:23:19Z,prodromou,ab,2418,358,254,0
2026-07-29T04:23:19Z,prodromou,ba,2414,462,299,0
2026-07-29T04:23:19Z,akropoleos,ab,5010,716,463,0
2026-07-29T04:23:19Z,akropoleos,ba,5145,990,479,0
2026-07-29T04:23:19Z,athalassas,ab,2793,499,282,0
2026-07-29T04:23:19Z,athalassas,ba,4619,959,562,0
2026-07-29T04:23:19Z,lemesou,ab,2014,321,213,0
2026-07-29T04:23:19Z,lemesou,ba,2007,385,196,0
2026-07-29T04:23:19Z,sp_kyprianou,ab,6489,733,585,0
2026-07-29T04:23:19Z,sp_kyprianou,ba,6573,1322,627,0
2026-07-29T04:23:19Z,archangelou,ab,7265,619,523,0
2026-07-29T04:23:19Z,archangelou,ba,6985,1115,684,0
2026-07-29T04:23:19Z,konstantinoup,ab,2628,325,291,0
2026-07-29T04:23:19Z,konstantinoup,ba,2629,419,313,0
2026-07-29T04:23:19Z,stavrou,ab,2187,255,208,0
2026-07-29T04:23:19Z,stavrou,ba,2245,280,206,0
2026-07-29T04:23:19Z,makedonitissas,ab,2797,496,391,0
2026-07-29T04:23:19Z,makedonitissas,ba,2705,381,290,0
2026-07-29T04:23:19Z,armenias,ab,1079,178,119,0
2026-07-29T04:23:19Z,armenias,ba,1079,217,132,0
2026-07-29T04:23:19Z,arch_kyprianou,ab,1777,285,214,0
2026-07-29T04:23:19Z,arch_kyprianou,ba,1726,562,202,0
2026-07-29T04:23:19Z,a1_motorway,ab,10597,356,349,0
2026-07-29T04:23:19Z,a1_motorway,ba,14048,612,558,0
2026-07-29T04:23:19Z,makariou_lakat,ab,5849,656,516,0
2026-07-29T04:23:19Z,makariou_lakat,ba,6316,784,613,0
2026-07-29T04:23:19Z,griva_digeni,ab,4212,502,441,0
2026-07-29T04:23:19Z,griva_digeni,ba,6075,1132,751,0
2026-07-29T04:23:19Z,aglantzias,ab,1775,313,177,0
2026-07-29T04:23:19Z,aglantzias,ba,3098,532,372,0
2026-07-29T04:23:19Z,kranidioti,ab,1458,123,105,0
2026-07-29T04:23:19Z,kranidioti,ba,1652,146,117,0
2026-07-29T04:23:19Z,perimetrikos,ab,2510,298,229,0
2026-07-29T04:23:19Z,perimetrikos,ba,2094,180,164,0
2026-07-29T04:23:19Z,hatziiosif,ab,2049,302,195,0
2026-07-29T04:23:19Z,hatziiosif,ba,2045,410,202,0
2026-07-29T04:23:19Z,perikleous,ab,2016,399,275,0
2026-07-29T04:23:19Z,perikleous,ba,2649,401,273,0
2026-07-29T04:23:19Z,avraamidi,ab,1264,237,140,0
2026-07-29T04:23:19Z,avraamidi,ba,1266,191,150,0
2026-07-29T04:23:19Z,athinon,ab,1573,239,204,0
2026-07-29T04:23:19Z,athinon,ba,1040,275,134,0
2026-07-29T04:23:19Z,tasou_markou,ab,544,96,70,0
2026-07-29T04:23:19Z,tasou_markou,ba,492,55,55,0
2026-07-29T04:23:19Z,peiraios,ab,590,138,71,0
2026-07-29T04:23:19Z,peiraios,ba,590,86,64,0
2026-07-29T04:33:50Z,strovolou,ab,5693,1233,553,0
2026-07-29T04:33:50Z,strovolou,ba,4712,503,404,0
2026-07-29T04:33:50Z,tseriou,ab,2555,339,225,0
2026-07-29T04:33:50Z,tseriou,ba,3739,556,372,0
2026-07-29T04:33:50Z,prodromou,ab,2418,370,254,0
2026-07-29T04:33:50Z,prodromou,ba,2414,481,299,0
2026-07-29T04:33:50Z,akropoleos,ab,5010,747,463,0
2026-07-29T04:33:50Z,akropoleos,ba,5145,1025,479,0
2026-07-29T04:33:50Z,athalassas,ab,2793,523,282,0
2026-07-29T04:33:50Z,athalassas,ba,4619,992,562,0
2026-07-29T04:33:50Z,lemesou,ab,2014,336,213,0
2026-07-29T04:33:50Z,lemesou,ba,2007,405,196,0
2026-07-29T04:33:50Z,sp_kyprianou,ab,6489,761,585,0
2026-07-29T04:33:50Z,sp_kyprianou,ba,6573,1362,627,0
2026-07-29T04:33:50Z,archangelou,ab,7265,631,523,0
2026-07-29T04:33:50Z,archangelou,ba,7441,1162,669,0
2026-07-29T04:33:50Z,konstantinoup,ab,2628,328,291,0
2026-07-29T04:33:50Z,konstantinoup,ba,2629,424,313,0
2026-07-29T04:33:50Z,stavrou,ab,2187,266,208,0
2026-07-29T04:33:50Z,stavrou,ba,2245,287,206,0
2026-07-29T04:33:50Z,makedonitissas,ab,2904,515,408,0
2026-07-29T04:33:50Z,makedonitissas,ba,2705,392,290,0
2026-07-29T04:33:50Z,armenias,ab,1079,181,119,0
2026-07-29T04:33:50Z,armenias,ba,1079,226,132,0
2026-07-29T04:33:50Z,arch_kyprianou,ab,1777,294,214,0
2026-07-29T04:33:50Z,arch_kyprianou,ba,1726,599,202,0
2026-07-29T04:33:50Z,a1_motorway,ab,10597,355,349,0
2026-07-29T04:33:50Z,a1_motorway,ba,14048,615,558,0
2026-07-29T04:33:50Z,makariou_lakat,ab,5849,676,516,0
2026-07-29T04:33:50Z,makariou_lakat,ba,6316,798,613,0
2026-07-29T04:33:50Z,griva_digeni,ab,4212,517,441,0
2026-07-29T04:33:50Z,griva_digeni,ba,6184,1166,764,0
2026-07-29T04:33:50Z,aglantzias,ab,1775,331,177,0
2026-07-29T04:33:50Z,aglantzias,ba,3098,549,372,0
2026-07-29T04:33:50Z,kranidioti,ab,1458,126,105,0
2026-07-29T04:33:50Z,kranidioti,ba,1652,148,117,0
2026-07-29T04:33:50Z,perimetrikos,ab,2510,304,229,0
2026-07-29T04:33:50Z,perimetrikos,ba,2094,183,164,0
2026-07-29T04:33:50Z,hatziiosif,ab,2049,318,195,0
2026-07-29T04:33:50Z,hatziiosif,ba,2045,423,202,0
2026-07-29T04:33:50Z,perikleous,ab,2016,412,275,0
2026-07-29T04:33:50Z,perikleous,ba,2649,410,273,0
2026-07-29T04:33:50Z,avraamidi,ab,1264,248,140,0
2026-07-29T04:33:50Z,avraamidi,ba,1266,198,150,0
2026-07-29T04:33:50Z,athinon,ab,1573,244,204,0
2026-07-29T04:33:50Z,athinon,ba,1040,287,134,0
2026-07-29T04:33:50Z,tasou_markou,ab,544,99,70,0
2026-07-29T04:33:50Z,tasou_markou,ba,492,56,55,0
2026-07-29T04:33:50Z,peiraios,ab,590,145,71,0
2026-07-29T04:33:50Z,peiraios,ba,590,89,64,0
2026-07-29T04:44:19Z,strovolou,ab,5400,1209,504,0
2026-07-29T04:44:19Z,strovolou,ba,4712,516,404,0
2026-07-29T04:44:19Z,tseriou,ab,2555,352,225,0
2026-07-29T04:44:19Z,tseriou,ba,3739,569,372,0
2026-07-29T04:44:19Z,prodromou,ab,2418,379,254,0
2026-07-29T04:44:19Z,prodromou,ba,2414,490,299,0
2026-07-29T04:44:19Z,akropoleos,ab,5010,776,463,0
2026-07-29T04:44:19Z,akropoleos,ba,5145,1109,479,119
2026-07-29T04:44:19Z,athalassas,ab,2793,542,282,0
2026-07-29T04:44:19Z,athalassas,ba,4712,976,628,0
2026-07-29T04:44:19Z,lemesou,ab,2014,349,213,0
2026-07-29T04:44:19Z,lemesou,ba,2007,418,196,0
2026-07-29T04:44:19Z,sp_kyprianou,ab,6489,783,585,0
2026-07-29T04:44:19Z,sp_kyprianou,ba,7057,1377,742,0
2026-07-29T04:44:19Z,archangelou,ab,7265,638,523,0
2026-07-29T04:44:19Z,archangelou,ba,6985,1177,684,0
2026-07-29T04:44:19Z,konstantinoup,ab,2628,331,291,0
2026-07-29T04:44:19Z,konstantinoup,ba,2629,427,313,0
2026-07-29T04:44:19Z,stavrou,ab,2187,275,208,0
2026-07-29T04:44:19Z,stavrou,ba,2245,291,206,0
2026-07-29T04:44:19Z,makedonitissas,ab,2904,521,408,0
2026-07-29T04:44:19Z,makedonitissas,ba,2705,398,290,0
2026-07-29T04:44:19Z,armenias,ab,1079,184,119,0
2026-07-29T04:44:19Z,armenias,ba,1079,236,132,0
2026-07-29T04:44:19Z,arch_kyprianou,ab,1777,301,214,0
2026-07-29T04:44:19Z,arch_kyprianou,ba,1726,621,202,0
2026-07-29T04:44:19Z,a1_motorway,ab,10597,354,349,0
2026-07-29T04:44:19Z,a1_motorway,ba,14048,720,558,105
2026-07-29T04:44:19Z,makariou_lakat,ab,5849,694,516,0
2026-07-29T04:44:19Z,makariou_lakat,ba,6316,810,613,0
2026-07-29T04:44:19Z,griva_digeni,ab,4212,531,441,0
2026-07-29T04:44:19Z,griva_digeni,ba,6184,1189,764,0
2026-07-29T04:44:19Z,aglantzias,ab,1775,341,177,0
2026-07-29T04:44:19Z,aglantzias,ba,3098,560,372,0
2026-07-29T04:44:19Z,kranidioti,ab,1458,127,105,0
2026-07-29T04:44:19Z,kranidioti,ba,1652,149,117,0
2026-07-29T04:44:19Z,perimetrikos,ab,2510,307,229,0
2026-07-29T04:44:19Z,perimetrikos,ba,2094,185,164,0
2026-07-29T04:44:19Z,hatziiosif,ab,2049,337,195,0
2026-07-29T04:44:19Z,hatziiosif,ba,2045,432,202,0
2026-07-29T04:44:19Z,perikleous,ab,2016,428,275,0
2026-07-29T04:44:19Z,perikleous,ba,2649,417,273,0
2026-07-29T04:44:19Z,avraamidi,ab,1264,253,140,0
2026-07-29T04:44:19Z,avraamidi,ba,1266,203,150,0
2026-07-29T04:44:19Z,athinon,ab,1573,249,204,0
2026-07-29T04:44:19Z,athinon,ba,1040,300,134,0
2026-07-29T04:44:19Z,tasou_markou,ab,544,102,70,0
2026-07-29T04:44:19Z,tasou_markou,ba,492,55,55,0
2026-07-29T04:44:19Z,peiraios,ab,590,148,71,0
2026-07-29T04:44:19Z,peiraios,ba,590,92,64,0
2026-07-29T04:54:49Z,strovolou,ab,5400,1262,504,392
2026-07-29T04:54:49Z,strovolou,ba,4712,526,404,0
2026-07-29T04:54:49Z,tseriou,ab,2555,363,225,0
2026-07-29T04:54:49Z,tseriou,ba,3739,576,372,0
2026-07-29T04:54:49Z,prodromou,ab,2418,383,254,0
2026-07-29T04:54:49Z,prodromou,ba,2414,497,299,0
2026-07-29T04:54:49Z,akropoleos,ab,5010,798,463,0
2026-07-29T04:54:49Z,akropoleos,ba,5145,1098,479,134
2026-07-29T04:54:49Z,athalassas,ab,2793,557,282,0
2026-07-29T04:54:49Z,athalassas,ba,4712,990,628,0
2026-07-29T04:54:49Z,lemesou,ab,2014,359,213,0
2026-07-29T04:54:49Z,lemesou,ba,2007,431,196,0
2026-07-29T04:54:49Z,sp_kyprianou,ab,6489,799,585,0
2026-07-29T04:54:49Z,sp_kyprianou,ba,7057,1374,742,0
2026-07-29T04:54:49Z,archangelou,ab,7265,643,523,0
2026-07-29T04:54:49Z,archangelou,ba,6985,1176,684,0
2026-07-29T04:54:49Z,konstantinoup,ab,2628,334,291,0
2026-07-29T04:54:49Z,konstantinoup,ba,2629,425,313,0
2026-07-29T04:54:49Z,stavrou,ab,2187,282,208,0
2026-07-29T04:54:49Z,stavrou,ba,2245,291,206,0
2026-07-29T04:54:49Z,makedonitissas,ab,2904,522,408,0
2026-07-29T04:54:49Z,makedonitissas,ba,2705,402,290,0
2026-07-29T04:54:49Z,armenias,ab,1079,186,119,0
2026-07-29T04:54:49Z,armenias,ba,1079,243,132,0
2026-07-29T04:54:49Z,arch_kyprianou,ab,1777,306,214,0
2026-07-29T04:54:49Z,arch_kyprianou,ba,2260,635,310,0
2026-07-29T04:54:49Z,a1_motorway,ab,10597,351,349,0
2026-07-29T04:54:49Z,a1_motorway,ba,14048,688,558,71
2026-07-29T04:54:49Z,makariou_lakat,ab,5849,705,516,0
2026-07-29T04:54:49Z,makariou_lakat,ba,6316,812,613,0
2026-07-29T04:54:49Z,griva_digeni,ab,4212,542,441,0
2026-07-29T04:54:49Z,griva_digeni,ba,6075,1200,751,0
2026-07-29T04:54:49Z,aglantzias,ab,1775,352,177,0
2026-07-29T04:54:49Z,aglantzias,ba,3098,572,372,0
2026-07-29T04:54:49Z,kranidioti,ab,1458,129,105,0
2026-07-29T04:54:49Z,kranidioti,ba,1652,150,117,0
2026-07-29T04:54:49Z,perimetrikos,ab,2510,530,229,260
2026-07-29T04:54:49Z,perimetrikos,ba,2094,185,164,0
2026-07-29T04:54:49Z,hatziiosif,ab,2049,347,195,0
2026-07-29T04:54:49Z,hatziiosif,ba,2045,433,202,0
2026-07-29T04:54:49Z,perikleous,ab,2016,437,275,0
2026-07-29T04:54:49Z,perikleous,ba,2649,419,273,0
2026-07-29T04:54:49Z,avraamidi,ab,1264,257,140,0
2026-07-29T04:54:49Z,avraamidi,ba,1266,207,150,0
2026-07-29T04:54:49Z,athinon,ab,1573,263,204,27
2026-07-29T04:54:49Z,athinon,ba,1040,307,134,1
2026-07-29T04:54:49Z,tasou_markou,ab,544,103,70,0
2026-07-29T04:54:49Z,tasou_markou,ba,492,56,55,0
2026-07-29T04:54:49Z,peiraios,ab,590,149,71,0
2026-07-29T04:54:49Z,peiraios,ba,590,93,64,0
2026-07-29T05:05:21Z,strovolou,ab,5400,1134,504,328
2026-07-29T05:05:21Z,strovolou,ba,4712,501,404,0
2026-07-29T05:05:21Z,tseriou,ab,2555,341,225,0
2026-07-29T05:05:21Z,tseriou,ba,3739,536,372,0
2026-07-29T05:05:21Z,prodromou,ab,2418,356,254,0
2026-07-29T05:05:21Z,prodromou,ba,2414,458,299,0
2026-07-29T05:05:21Z,akropoleos,ab,5010,712,463,0
2026-07-29T05:05:21Z,akropoleos,ba,5145,992,479,141
2026-07-29T05:05:21Z,athalassas,ab,2793,493,282,0
2026-07-29T05:05:21Z,athalassas,ba,4619,988,562,150
2026-07-29T05:05:21Z,lemesou,ab,2014,322,213,0
2026-07-29T05:05:21Z,lemesou,ba,2007,437,196,150
2026-07-29T05:05:21Z,sp_kyprianou,ab,6489,748,585,0
2026-07-29T05:05:21Z,sp_kyprianou,ba,7057,1317,742,145
2026-07-29T05:05:21Z,archangelou,ab,7265,614,523,0
2026-07-29T05:05:21Z,archangelou,ba,6985,1047,684,0
2026-07-29T05:05:21Z,konstantinoup,ab,2628,322,291,0
2026-07-29T05:05:21Z,konstantinoup,ba,2629,397,313,0
2026-07-29T05:05:21Z,stavrou,ab,2187,265,208,0
2026-07-29T05:05:21Z,stavrou,ba,2245,270,206,0
2026-07-29T05:05:21Z,makedonitissas,ab,2797,486,391,0
2026-07-29T05:05:21Z,makedonitissas,ba,2705,370,290,0
2026-07-29T05:05:21Z,armenias,ab,1079,171,119,0
2026-07-29T05:05:21Z,armenias,ba,1079,225,132,0
2026-07-29T05:05:21Z,arch_kyprianou,ab,1777,285,214,0
2026-07-29T05:05:21Z,arch_kyprianou,ba,2260,550,310,0
2026-07-29T05:05:21Z,a1_motorway,ab,10597,351,349,0
2026-07-29T05:05:21Z,a1_motorway,ba,14048,597,558,0
2026-07-29T05:05:21Z,makariou_lakat,ab,5849,663,516,0
2026-07-29T05:05:21Z,makariou_lakat,ba,6316,758,613,0
2026-07-29T05:05:21Z,griva_digeni,ab,4212,525,441,0
2026-07-29T05:05:21Z,griva_digeni,ba,5350,1061,681,0
2026-07-29T05:05:21Z,aglantzias,ab,1775,324,177,3
2026-07-29T05:05:21Z,aglantzias,ba,3098,594,372,148
2026-07-29T05:05:21Z,kranidioti,ab,1458,122,105,0
2026-07-29T05:05:21Z,kranidioti,ba,1652,142,117,0
2026-07-29T05:05:21Z,perimetrikos,ab,2510,512,229,252
2026-07-29T05:05:21Z,perimetrikos,ba,2094,182,164,0
2026-07-29T05:05:21Z,hatziiosif,ab,2049,314,195,0
2026-07-29T05:05:21Z,hatziiosif,ba,2045,382,202,0
2026-07-29T05:05:21Z,perikleous,ab,2238,431,232,0
2026-07-29T05:05:21Z,perikleous,ba,2649,383,273,0
2026-07-29T05:05:21Z,avraamidi,ab,1264,225,140,0
2026-07-29T05:05:21Z,avraamidi,ba,1266,196,150,0
2026-07-29T05:05:21Z,athinon,ab,1573,251,204,23
2026-07-29T05:05:21Z,athinon,ba,1040,279,134,1
2026-07-29T05:05:21Z,tasou_markou,ab,544,100,70,0
2026-07-29T05:05:21Z,tasou_markou,ba,492,55,55,0
2026-07-29T05:05:21Z,peiraios,ab,590,141,71,0
2026-07-29T05:05:21Z,peiraios,ba,590,88,64,0
2026-07-29T05:15:50Z,strovolou,ab,6338,1085,677,0
2026-07-29T05:15:50Z,strovolou,ba,4712,503,404,0
2026-07-29T05:15:50Z,tseriou,ab,2555,345,225,0
2026-07-29T05:15:50Z,tseriou,ba,3739,532,372,0
2026-07-29T05:15:50Z,prodromou,ab,2418,355,254,0
2026-07-29T05:15:50Z,prodromou,ba,2414,452,299,0
2026-07-29T05:15:50Z,akropoleos,ab,5010,719,463,0
2026-07-29T05:15:50Z,akropoleos,ba,5145,1236,479,536
2026-07-29T05:15:50Z,athalassas,ab,2793,494,282,0
2026-07-29T05:15:50Z,athalassas,ba,4712,931,628,117
2026-07-29T05:15:50Z,lemesou,ab,2014,321,213,0
2026-07-29T05:15:50Z,lemesou,ba,2007,458,196,180
2026-07-29T05:15:50Z,sp_kyprianou,ab,6489,751,585,0
2026-07-29T05:15:50Z,sp_kyprianou,ba,6573,1208,627,204
2026-07-29T05:15:50Z,archangelou,ab,7265,611,523,0
2026-07-29T05:15:50Z,archangelou,ba,6846,1032,666,0
2026-07-29T05:15:50Z,konstantinoup,ab,2628,323,291,0
2026-07-29T05:15:50Z,konstantinoup,ba,2629,394,313,0
2026-07-29T05:15:50Z,stavrou,ab,2187,265,208,0
2026-07-29T05:15:50Z,stavrou,ba,2245,265,206,0
2026-07-29T05:15:50Z,makedonitissas,ab,2904,487,408,0
2026-07-29T05:15:50Z,makedonitissas,ba,2705,365,290,0
2026-07-29T05:15:50Z,armenias,ab,1079,169,119,0
2026-07-29T05:15:50Z,armenias,ba,1079,226,132,0
2026-07-29T05:15:50Z,arch_kyprianou,ab,1777,285,214,0
2026-07-29T05:15:50Z,arch_kyprianou,ba,2260,532,310,0
2026-07-29T05:15:50Z,a1_motorway,ab,10597,351,349,0
2026-07-29T05:15:50Z,a1_motorway,ba,14048,593,558,0
2026-07-29T05:15:50Z,makariou_lakat,ab,5849,662,516,0
2026-07-29T05:15:50Z,makariou_lakat,ba,6316,758,613,0
2026-07-29T05:15:50Z,griva_digeni,ab,4212,530,441,0
2026-07-29T05:15:50Z,griva_digeni,ba,5350,1040,681,0
2026-07-29T05:15:50Z,aglantzias,ab,1775,322,177,3
2026-07-29T05:15:50Z,aglantzias,ba,3098,642,372,206
2026-07-29T05:15:50Z,kranidioti,ab,1458,123,105,0
2026-07-29T05:15:50Z,kranidioti,ba,1652,140,117,0
2026-07-29T05:15:50Z,perimetrikos,ab,2510,281,229,0
2026-07-29T05:15:50Z,perimetrikos,ba,2094,181,164,0
2026-07-29T05:15:50Z,hatziiosif,ab,2049,318,195,0
2026-07-29T05:15:50Z,hatziiosif,ba,2045,446,202,122
2026-07-29T05:15:50Z,perikleous,ab,2016,413,275,0
2026-07-29T05:15:50Z,perikleous,ba,2649,378,273,0
2026-07-29T05:15:50Z,avraamidi,ab,1264,222,140,0
2026-07-29T05:15:50Z,avraamidi,ba,1266,198,150,0
2026-07-29T05:15:50Z,athinon,ab,1573,252,204,23
2026-07-29T05:15:50Z,athinon,ba,1040,278,134,1
2026-07-29T05:15:50Z,tasou_markou,ab,544,100,70,0
2026-07-29T05:15:50Z,tasou_markou,ba,492,55,55,0
2026-07-29T05:15:50Z,peiraios,ab,590,139,71,0
2026-07-29T05:15:50Z,peiraios,ba,590,89,64,0
2026-07-29T05:26:20Z,strovolou,ab,5400,1059,504,353
2026-07-29T05:26:20Z,strovolou,ba,4712,502,404,0
2026-07-29T05:26:20Z,tseriou,ab,2555,345,225,0
2026-07-29T05:26:20Z,tseriou,ba,3739,529,372,0
2026-07-29T05:26:20Z,prodromou,ab,2418,349,254,0
2026-07-29T05:26:20Z,prodromou,ba,2414,430,299,0
2026-07-29T05:26:20Z,akropoleos,ab,5010,712,463,0
2026-07-29T05:26:20Z,akropoleos,ba,5659,1185,596,356
2026-07-29T05:26:20Z,athalassas,ab,2793,489,282,0
2026-07-29T05:26:20Z,athalassas,ba,4619,982,562,187
2026-07-29T05:26:20Z,lemesou,ab,2014,317,213,0
2026-07-29T05:26:20Z,lemesou,ba,2007,447,196,171
2026-07-29T05:26:20Z,sp_kyprianou,ab,6489,744,585,0
2026-07-29T05:26:20Z,sp_kyprianou,ba,6573,1201,627,223
2026-07-29T05:26:20Z,archangelou,ab,7265,606,523,0
2026-07-29T05:26:20Z,archangelou,ba,6742,996,669,0
2026-07-29T05:26:20Z,konstantinoup,ab,2628,324,291,0
2026-07-29T05:26:20Z,konstantinoup,ba,2629,386,313,0
2026-07-29T05:26:20Z,stavrou,ab,2187,263,208,0
2026-07-29T05:26:20Z,stavrou,ba,2245,262,206,0
2026-07-29T05:26:20Z,makedonitissas,ab,2904,477,408,0
2026-07-29T05:26:20Z,makedonitissas,ba,2705,357,290,0
2026-07-29T05:26:20Z,armenias,ab,1079,167,119,0
2026-07-29T05:26:20Z,armenias,ba,1079,226,132,0
2026-07-29T05:26:20Z,arch_kyprianou,ab,1777,284,214,0
2026-07-29T05:26:20Z,arch_kyprianou,ba,2260,495,310,0
2026-07-29T05:26:20Z,a1_motorway,ab,10597,352,349,0
2026-07-29T05:26:20Z,a1_motorway,ba,14048,591,558,0
2026-07-29T05:26:20Z,makariou_lakat,ab,5849,657,516,0
2026-07-29T05:26:20Z,makariou_lakat,ba,6316,749,613,0
2026-07-29T05:26:20Z,griva_digeni,ab,4212,531,441,0
2026-07-29T05:26:20Z,griva_digeni,ba,5350,998,681,0
2026-07-29T05:26:20Z,aglantzias,ab,1775,296,177,3
2026-07-29T05:26:20Z,aglantzias,ba,3098,604,372,169
2026-07-29T05:26:20Z,kranidioti,ab,1458,122,105,0
2026-07-29T05:26:20Z,kranidioti,ba,1652,138,117,0
2026-07-29T05:26:20Z,perimetrikos,ab,2510,277,229,0
2026-07-29T05:26:20Z,perimetrikos,ba,2094,181,164,0
2026-07-29T05:26:20Z,hatziiosif,ab,2049,318,195,0
2026-07-29T05:26:20Z,hatziiosif,ba,2571,461,319,0
2026-07-29T05:26:20Z,perikleous,ab,2016,413,275,0
2026-07-29T05:26:20Z,perikleous,ba,2649,374,273,0
2026-07-29T05:26:20Z,avraamidi,ab,1264,219,140,0
2026-07-29T05:26:20Z,avraamidi,ba,1266,199,150,0
2026-07-29T05:26:20Z,athinon,ab,1573,247,204,14
2026-07-29T05:26:20Z,athinon,ba,1040,277,134,0
2026-07-29T05:26:20Z,tasou_markou,ab,544,99,70,0
2026-07-29T05:26:20Z,tasou_markou,ba,492,55,55,0
2026-07-29T05:26:20Z,peiraios,ab,590,136,71,0
2026-07-29T05:26:20Z,peiraios,ba,590,89,64,0
2026-07-29T05:36:53Z,strovolou,ab,6338,999,677,0
2026-07-29T05:36:53Z,strovolou,ba,4712,500,404,0
2026-07-29T05:36:53Z,tseriou,ab,2555,344,225,0
2026-07-29T05:36:53Z,tseriou,ba,3739,524,372,0
2026-07-29T05:36:53Z,prodromou,ab,2418,337,254,0
2026-07-29T05:36:53Z,prodromou,ba,2414,419,299,0
2026-07-29T05:36:53Z,akropoleos,ab,5010,702,463,0
2026-07-29T05:36:53Z,akropoleos,ba,6035,1019,646,0
2026-07-29T05:36:53Z,athalassas,ab,2793,480,282,0
2026-07-29T05:36:53Z,athalassas,ba,6362,1012,608,225
2026-07-29T05:36:53Z,lemesou,ab,2014,313,213,0
2026-07-29T05:36:53Z,lemesou,ba,2007,445,196,180
2026-07-29T05:36:53Z,sp_kyprianou,ab,6489,739,585,0
2026-07-29T05:36:53Z,sp_kyprianou,ba,7669,1225,795,106
2026-07-29T05:36:53Z,archangelou,ab,7265,602,523,0
2026-07-29T05:36:53Z,archangelou,ba,6742,960,669,0
2026-07-29T05:36:53Z,konstantinoup,ab,2628,323,291,0
2026-07-29T05:36:53Z,konstantinoup,ba,2629,373,313,0
2026-07-29T05:36:53Z,stavrou,ab,2187,262,208,0
2026-07-29T05:36:53Z,stavrou,ba,2245,257,206,0
2026-07-29T05:36:53Z,makedonitissas,ab,2904,471,408,0
2026-07-29T05:36:53Z,makedonitissas,ba,2705,350,290,0
2026-07-29T05:36:53Z,armenias,ab,1079,164,119,0
2026-07-29T05:36:53Z,armenias,ba,1079,224,132,0
2026-07-29T05:36:53Z,arch_kyprianou,ab,1777,282,214,0
2026-07-29T05:36:53Z,arch_kyprianou,ba,2260,475,310,0
2026-07-29T05:36:53Z,a1_motorway,ab,10597,351,349,0
2026-07-29T05:36:53Z,a1_motorway,ba,14048,585,558,0
2026-07-29T05:36:53Z,makariou_lakat,ab,5849,650,516,0
2026-07-29T05:36:53Z,makariou_lakat,ba,6901,746,583,0
2026-07-29T05:36:53Z,griva_digeni,ab,4212,531,441,0
2026-07-29T05:36:53Z,griva_digeni,ba,6075,1033,751,0
2026-07-29T05:36:53Z,aglantzias,ab,1775,286,177,3
2026-07-29T05:36:53Z,aglantzias,ba,3098,603,372,169
2026-07-29T05:36:53Z,kranidioti,ab,1458,120,105,0
2026-07-29T05:36:53Z,kranidioti,ba,1652,136,117,0
2026-07-29T05:36:53Z,perimetrikos,ab,2510,272,229,0
2026-07-29T05:36:53Z,perimetrikos,ba,2094,180,164,0
2026-07-29T05:36:53Z,hatziiosif,ab,2049,314,195,0
2026-07-29T05:36:53Z,hatziiosif,ba,2045,361,202,0
2026-07-29T05:36:53Z,perikleous,ab,2238,409,232,0
2026-07-29T05:36:53Z,perikleous,ba,2649,368,273,0
2026-07-29T05:36:53Z,avraamidi,ab,1264,215,140,0
2026-07-29T05:36:53Z,avraamidi,ba,1266,199,150,0
2026-07-29T05:36:53Z,athinon,ab,1573,252,204,23
2026-07-29T05:36:53Z,athinon,ba,1040,275,134,1
2026-07-29T05:36:53Z,tasou_markou,ab,544,93,70,0
2026-07-29T05:36:53Z,tasou_markou,ba,492,55,55,0
2026-07-29T05:36:53Z,peiraios,ab,590,128,71,0
2026-07-29T05:36:53Z,peiraios,ba,590,88,64,0
2026-07-29T05:47:33Z,strovolou,ab,6338,965,677,0
2026-07-29T05:47:33Z,strovolou,ba,4712,497,404,0
2026-07-29T05:47:33Z,tseriou,ab,2555,343,225,0
2026-07-29T05:47:33Z,tseriou,ba,3739,521,372,0
2026-07-29T05:47:33Z,prodromou,ab,2418,330,254,0
2026-07-29T05:47:33Z,prodromou,ba,2414,411,299,0
2026-07-29T05:47:33Z,akropoleos,ab,5010,788,463,126
2026-07-29T05:47:33Z,akropoleos,ba,5833,1116,633,201
2026-07-29T05:47:33Z,athalassas,ab,2793,475,282,0
2026-07-29T05:47:33Z,athalassas,ba,6362,961,608,158
2026-07-29T05:47:33Z,lemesou,ab,2014,306,213,0
2026-07-29T05:47:33Z,lemesou,ba,2007,413,196,150
2026-07-29T05:47:33Z,sp_kyprianou,ab,6489,728,585,0
2026-07-29T05:47:33Z,sp_kyprianou,ba,6573,1058,627,117
2026-07-29T05:47:33Z,archangelou,ab,7265,595,523,0
2026-07-29T05:47:33Z,archangelou,ba,6911,888,591,100
2026-07-29T05:47:33Z,konstantinoup,ab,2628,326,291,0
2026-07-29T05:47:33Z,konstantinoup,ba,2629,365,313,0
2026-07-29T05:47:33Z,stavrou,ab,2187,258,208,0
2026-07-29T05:47:33Z,stavrou,ba,2245,253,206,0
2026-07-29T05:47:33Z,makedonitissas,ab,2904,462,408,0
2026-07-29T05:47:33Z,makedonitissas,ba,2705,342,290,0
2026-07-29T05:47:33Z,armenias,ab,1079,162,119,0
2026-07-29T05:47:33Z,armenias,ba,1079,220,132,0
2026-07-29T05:47:33Z,arch_kyprianou,ab,1669,284,244,0
2026-07-29T05:47:33Z,arch_kyprianou,ba,2260,456,310,0
2026-07-29T05:47:33Z,a1_motorway,ab,10597,351,349,0
2026-07-29T05:47:33Z,a1_motorway,ba,14048,583,558,0
2026-07-29T05:47:33Z,makariou_lakat,ab,5849,643,516,0
2026-07-29T05:47:33Z,makariou_lakat,ba,6901,737,583,0
2026-07-29T05:47:33Z,griva_digeni,ab,4212,530,441,0
2026-07-29T05:47:33Z,griva_digeni,ba,5350,955,681,0
2026-07-29T05:47:33Z,aglantzias,ab,1775,276,177,2
2026-07-29T05:47:33Z,aglantzias,ba,3098,575,372,141
2026-07-29T05:47:33Z,kranidioti,ab,1458,118,105,0
2026-07-29T05:47:33Z,kranidioti,ba,1652,134,117,0
2026-07-29T05:47:33Z,perimetrikos,ab,2510,267,229,0
2026-07-29T05:47:33Z,perimetrikos,ba,2094,179,164,0
2026-07-29T05:47:33Z,hatziiosif,ab,2049,311,195,0
2026-07-29T05:47:33Z,hatziiosif,ba,2571,469,319,31
2026-07-29T05:47:33Z,perikleous,ab,2016,412,275,2
2026-07-29T05:47:33Z,perikleous,ba,2649,385,273,29
2026-07-29T05:47:33Z,avraamidi,ab,1264,210,140,2
2026-07-29T05:47:33Z,avraamidi,ba,1266,201,150,2
2026-07-29T05:47:33Z,athinon,ab,1573,254,204,27
2026-07-29T05:47:33Z,athinon,ba,1040,270,134,1
2026-07-29T05:47:33Z,tasou_markou,ab,544,92,70,0
2026-07-29T05:47:33Z,tasou_markou,ba,492,55,55,0
2026-07-29T05:47:33Z,peiraios,ab,590,124,71,0
2026-07-29T05:47:33Z,peiraios,ba,590,88,64,0
2026-07-29T05:58:03Z,strovolou,ab,6338,928,677,0
2026-07-29T05:58:03Z,strovolou,ba,4712,495,404,0
2026-07-29T05:58:03Z,tseriou,ab,2555,340,225,0
2026-07-29T05:58:03Z,tseriou,ba,3739,515,372,0
2026-07-29T05:58:03Z,prodromou,ab,2418,327,254,0
2026-07-29T05:58:03Z,prodromou,ba,2414,399,299,0
2026-07-29T05:58:03Z,akropoleos,ab,5010,786,463,126
2026-07-29T05:58:03Z,akropoleos,ba,6549,1125,743,133
2026-07-29T05:58:03Z,athalassas,ab,2793,469,282,0
2026-07-29T05:58:03Z,athalassas,ba,6362,950,608,160
2026-07-29T05:58:03Z,lemesou,ab,2014,299,213,0
2026-07-29T05:58:03Z,lemesou,ba,2007,386,196,121
2026-07-29T05:58:03Z,sp_kyprianou,ab,6489,722,585,0
2026-07-29T05:58:03Z,sp_kyprianou,ba,7669,1117,795,55
2026-07-29T05:58:03Z,archangelou,ab,7265,592,523,0
2026-07-29T05:58:03Z,archangelou,ba,6911,829,591,55
2026-07-29T05:58:03Z,konstantinoup,ab,2628,325,291,0
2026-07-29T05:58:03Z,konstantinoup,ba,2629,359,313,0
2026-07-29T05:58:03Z,stavrou,ab,2187,255,208,0
2026-07-29T05:58:03Z,stavrou,ba,2245,250,206,0
2026-07-29T05:58:03Z,makedonitissas,ab,2904,456,408,0
2026-07-29T05:58:03Z,makedonitissas,ba,2705,339,290,0
2026-07-29T05:58:03Z,armenias,ab,1079,160,119,0
2026-07-29T05:58:03Z,armenias,ba,1079,217,132,0
2026-07-29T05:58:03Z,arch_kyprianou,ab,1777,276,214,0
2026-07-29T05:58:03Z,arch_kyprianou,ba,2260,438,310,0
2026-07-29T05:58:03Z,a1_motorway,ab,10597,351,349,0
2026-07-29T05:58:03Z,a1_motorway,ba,14048,579,558,0
2026-07-29T05:58:03Z,makariou_lakat,ab,5849,641,516,0
2026-07-29T05:58:03Z,makariou_lakat,ba,6901,726,583,0
2026-07-29T05:58:03Z,griva_digeni,ab,4212,528,441,0
2026-07-29T05:58:03Z,griva_digeni,ba,6075,1000,751,0
2026-07-29T05:58:03Z,aglantzias,ab,1775,265,177,2
2026-07-29T05:58:03Z,aglantzias,ba,3098,557,372,119
2026-07-29T05:58:03Z,kranidioti,ab,1458,117,105,0
2026-07-29T05:58:03Z,kranidioti,ba,1652,132,117,0
2026-07-29T05:58:03Z,perimetrikos,ab,2510,264,229,0
2026-07-29T05:58:03Z,perimetrikos,ba,2094,178,164,0
2026-07-29T05:58:03Z,hatziiosif,ab,2049,309,195,0
2026-07-29T05:58:03Z,hatziiosif,ba,2571,460,319,31
2026-07-29T05:58:03Z,perikleous,ab,2016,410,275,2
2026-07-29T05:58:03Z,perikleous,ba,2649,380,273,29
2026-07-29T05:58:03Z,avraamidi,ab,1264,206,140,2
2026-07-29T05:58:03Z,avraamidi,ba,1266,200,150,2
2026-07-29T05:58:03Z,athinon,ab,1573,253,204,27
2026-07-29T05:58:03Z,athinon,ba,1040,267,134,1
2026-07-29T05:58:03Z,tasou_markou,ab,544,91,70,0
2026-07-29T05:58:03Z,tasou_markou,ba,492,55,55,0
2026-07-29T05:58:03Z,peiraios,ab,590,122,71,0
2026-07-29T05:58:03Z,peiraios,ba,590,87,64,0
2026-07-29T06:08:35Z,strovolou,ab,6338,968,677,121
2026-07-29T06:08:35Z,strovolou,ba,4712,488,404,0
2026-07-29T06:08:35Z,tseriou,ab,2555,334,225,0
2026-07-29T06:08:35Z,tseriou,ba,3739,553,372,106
2026-07-29T06:08:35Z,prodromou,ab,2418,320,254,0
2026-07-29T06:08:35Z,prodromou,ba,2414,385,299,0
2026-07-29T06:08:35Z,akropoleos,ab,5010,771,463,121
2026-07-29T06:08:35Z,akropoleos,ba,8210,1005,592,250
2026-07-29T06:08:35Z,athalassas,ab,2793,459,282,0
2026-07-29T06:08:35Z,athalassas,ba,6362,935,608,153
2026-07-29T06:08:35Z,lemesou,ab,2014,294,213,0
2026-07-29T06:08:35Z,lemesou,ba,2007,409,196,162
2026-07-29T06:08:35Z,sp_kyprianou,ab,6489,714,585,0
2026-07-29T06:08:35Z,sp_kyprianou,ba,6573,909,627,0
2026-07-29T06:08:35Z,archangelou,ab,7265,585,523,0
2026-07-29T06:08:35Z,archangelou,ba,6911,766,591,0
2026-07-29T06:08:35Z,konstantinoup,ab,2628,323,291,0
2026-07-29T06:08:35Z,konstantinoup,ba,2629,352,313,0
2026-07-29T06:08:35Z,stavrou,ab,2187,253,208,0
2026-07-29T06:08:35Z,stavrou,ba,2245,245,206,0
2026-07-29T06:08:35Z,makedonitissas,ab,2904,449,408,0
2026-07-29T06:08:35Z,makedonitissas,ba,2705,331,290,0
2026-07-29T06:08:35Z,armenias,ab,1079,156,119,0
2026-07-29T06:08:35Z,armenias,ba,1079,215,132,0
2026-07-29T06:08:35Z,arch_kyprianou,ab,1777,270,214,0
2026-07-29T06:08:35Z,arch_kyprianou,ba,2260,495,310,121
2026-07-29T06:08:35Z,a1_motorway,ab,10597,351,349,0
2026-07-29T06:08:35Z,a1_motorway,ba,14048,577,558,0
2026-07-29T06:08:35Z,makariou_lakat,ab,5849,629,516,0
2026-07-29T06:08:35Z,makariou_lakat,ba,6901,714,583,0
2026-07-29T06:08:35Z,griva_digeni,ab,4212,524,441,0
2026-07-29T06:08:35Z,griva_digeni,ba,5350,904,681,0
2026-07-29T06:08:35Z,aglantzias,ab,1775,252,177,2
2026-07-29T06:08:35Z,aglantzias,ba,3098,568,372,141
2026-07-29T06:08:35Z,kranidioti,ab,1458,114,105,0
2026-07-29T06:08:35Z,kranidioti,ba,1652,130,117,0
2026-07-29T06:08:35Z,perimetrikos,ab,2510,259,229,0
2026-07-29T06:08:35Z,perimetrikos,ba,2094,177,164,0
2026-07-29T06:08:35Z,hatziiosif,ab,2049,309,195,0
2026-07-29T06:08:35Z,hatziiosif,ba,2571,427,319,0
2026-07-29T06:08:35Z,perikleous,ab,2016,403,275,0
2026-07-29T06:08:35Z,perikleous,ba,2649,352,273,0
2026-07-29T06:08:35Z,avraamidi,ab,1264,200,140,0
2026-07-29T06:08:35Z,avraamidi,ba,1266,198,150,0
2026-07-29T06:08:35Z,athinon,ab,1573,257,204,31
2026-07-29T06:08:35Z,athinon,ba,1040,307,134,107
2026-07-29T06:08:35Z,tasou_markou,ab,544,89,70,0
2026-07-29T06:08:35Z,tasou_markou,ba,492,55,55,0
2026-07-29T06:08:35Z,peiraios,ab,590,118,71,0
2026-07-29T06:08:35Z,peiraios,ba,590,85,64,0
2026-07-29T09:03:21Z,strovolou,ab,5400,615,504,0
2026-07-29T09:03:21Z,strovolou,ba,4712,533,404,0
2026-07-29T09:03:21Z,tseriou,ab,2555,375,225,0
2026-07-29T09:03:21Z,tseriou,ba,3739,512,372,0
2026-07-29T09:03:21Z,prodromou,ab,2418,308,254,0
2026-07-29T09:03:21Z,prodromou,ba,2414,356,299,0
2026-07-29T09:03:21Z,akropoleos,ab,8641,825,615,0
2026-07-29T09:03:21Z,akropoleos,ba,8177,784,595,0
2026-07-29T09:03:21Z,athalassas,ab,2793,508,282,0
2026-07-29T09:03:21Z,athalassas,ba,6269,805,543,0
2026-07-29T09:03:21Z,lemesou,ab,2014,311,213,0
2026-07-29T09:03:21Z,lemesou,ba,2007,306,196,0
2026-07-29T09:03:21Z,sp_kyprianou,ab,6489,742,585,0
2026-07-29T09:03:21Z,sp_kyprianou,ba,6573,836,627,0
2026-07-29T09:03:21Z,archangelou,ab,7265,601,523,0
2026-07-29T09:03:21Z,archangelou,ba,6911,682,591,0
2026-07-29T09:03:21Z,konstantinoup,ab,2628,334,291,0
2026-07-29T09:03:21Z,konstantinoup,ba,2629,339,313,0
2026-07-29T09:03:21Z,stavrou,ab,2187,270,208,0
2026-07-29T09:03:21Z,stavrou,ba,2245,248,206,0
2026-07-29T09:03:21Z,makedonitissas,ab,2904,445,408,0
2026-07-29T09:03:21Z,makedonitissas,ba,2705,315,290,0
2026-07-29T09:03:21Z,armenias,ab,1079,151,119,0
2026-07-29T09:03:21Z,armenias,ba,1079,229,132,0
2026-07-29T09:03:21Z,arch_kyprianou,ab,1777,285,214,0
2026-07-29T09:03:21Z,arch_kyprianou,ba,1726,318,202,0
2026-07-29T09:03:21Z,a1_motorway,ab,10597,351,349,0
2026-07-29T09:03:21Z,a1_motorway,ba,14048,573,558,0
2026-07-29T09:03:21Z,makariou_lakat,ab,5849,640,516,0
2026-07-29T09:03:21Z,makariou_lakat,ba,6901,710,583,0
2026-07-29T09:03:21Z,griva_digeni,ab,4212,565,441,0
2026-07-29T09:03:21Z,griva_digeni,ba,5350,859,681,0
2026-07-29T09:03:21Z,aglantzias,ab,1775,216,177,0
2026-07-29T09:03:21Z,aglantzias,ba,3098,491,372,0
2026-07-29T09:03:21Z,kranidioti,ab,1458,111,105,0
2026-07-29T09:03:21Z,kranidioti,ba,1652,122,117,0
2026-07-29T09:03:21Z,perimetrikos,ab,2510,252,229,0
2026-07-29T09:03:21Z,perimetrikos,ba,2094,179,164,0
2026-07-29T09:03:21Z,hatziiosif,ab,2049,494,195,223
2026-07-29T09:03:21Z,hatziiosif,ba,2045,312,202,0
2026-07-29T09:03:21Z,perikleous,ab,2238,422,232,0
2026-07-29T09:03:21Z,perikleous,ba,2649,357,273,0
2026-07-29T09:03:21Z,avraamidi,ab,1264,201,140,0
2026-07-29T09:03:21Z,avraamidi,ba,1266,217,150,0
2026-07-29T09:03:21Z,athinon,ab,1573,237,204,0
2026-07-29T09:03:21Z,athinon,ba,1040,266,134,0
2026-07-29T09:03:21Z,tasou_markou,ab,544,83,70,0
2026-07-29T09:03:21Z,tasou_markou,ba,492,55,55,0
2026-07-29T09:03:21Z,peiraios,ab,590,108,71,0
2026-07-29T09:03:21Z,peiraios,ba,590,90,64,0
2026-07-29T10:04:20Z,strovolou,ab,5400,610,504,0
2026-07-29T10:04:20Z,strovolou,ba,4712,538,404,0
2026-07-29T10:04:20Z,tseriou,ab,2555,360,225,0
2026-07-29T10:04:20Z,tseriou,ba,3739,500,372,0
2026-07-29T10:04:20Z,prodromou,ab,2418,304,254,0
2026-07-29T10:04:20Z,prodromou,ba,2414,353,299,0
2026-07-29T10:04:20Z,akropoleos,ab,5010,832,463,173
2026-07-29T10:04:20Z,akropoleos,ba,5145,721,479,0
2026-07-29T10:04:20Z,athalassas,ab,2793,505,282,0
2026-07-29T10:04:20Z,athalassas,ba,6269,791,543,0
2026-07-29T10:04:20Z,lemesou,ab,2014,313,213,0
2026-07-29T10:04:20Z,lemesou,ba,2007,299,196,0
2026-07-29T10:04:20Z,sp_kyprianou,ab,6489,746,585,0
2026-07-29T10:04:20Z,sp_kyprianou,ba,6573,828,627,0
2026-07-29T10:04:20Z,archangelou,ab,7265,601,523,0
2026-07-29T10:04:20Z,archangelou,ba,6911,670,591,0
2026-07-29T10:04:20Z,konstantinoup,ab,2628,322,291,0
2026-07-29T10:04:20Z,konstantinoup,ba,2629,338,313,0
2026-07-29T10:04:20Z,stavrou,ab,2187,265,208,0
2026-07-29T10:04:20Z,stavrou,ba,2245,243,206,0
2026-07-29T10:04:20Z,makedonitissas,ab,2904,443,408,0
2026-07-29T10:04:20Z,makedonitissas,ba,2705,311,290,0
2026-07-29T10:04:20Z,armenias,ab,1079,147,119,0
2026-07-29T10:04:20Z,armenias,ba,1079,226,132,0
2026-07-29T10:04:20Z,arch_kyprianou,ab,1777,287,214,0
2026-07-29T10:04:20Z,arch_kyprianou,ba,1726,304,202,0
2026-07-29T10:04:20Z,a1_motorway,ab,10597,351,349,0
2026-07-29T10:04:20Z,a1_motorway,ba,14048,571,558,0
2026-07-29T10:04:20Z,makariou_lakat,ab,5849,637,516,0
2026-07-29T10:04:20Z,makariou_lakat,ba,6901,702,583,0
2026-07-29T10:04:20Z,griva_digeni,ab,4212,552,441,0
2026-07-29T10:04:20Z,griva_digeni,ba,5350,846,681,0
2026-07-29T10:04:20Z,aglantzias,ab,1775,210,177,0
2026-07-29T10:04:20Z,aglantzias,ba,3098,482,372,0
2026-07-29T10:04:20Z,kranidioti,ab,1458,110,105,0
2026-07-29T10:04:20Z,kranidioti,ba,1652,121,117,0
2026-07-29T10:04:20Z,perimetrikos,ab,2510,249,229,0
2026-07-29T10:04:20Z,perimetrikos,ba,2094,178,164,0
2026-07-29T10:04:20Z,hatziiosif,ab,2049,445,195,173
2026-07-29T10:04:20Z,hatziiosif,ba,2045,302,202,0
2026-07-29T10:04:20Z,perikleous,ab,2238,419,232,0
2026-07-29T10:04:20Z,perikleous,ba,2649,350,273,0
2026-07-29T10:04:20Z,avraamidi,ab,1264,195,140,0
2026-07-29T10:04:20Z,avraamidi,ba,1266,211,150,0
2026-07-29T10:04:20Z,athinon,ab,1573,233,204,0
2026-07-29T10:04:20Z,athinon,ba,1040,256,134,0
2026-07-29T10:04:20Z,tasou_markou,ab,544,81,70,0
2026-07-29T10:04:20Z,tasou_markou,ba,492,54,55,0
2026-07-29T10:04:20Z,peiraios,ab,590,107,71,0
2026-07-29T10:04:20Z,peiraios,ba,590,85,64,0
2026-07-29T10:14:52Z,strovolou,ab,5400,605,504,0
2026-07-29T10:14:52Z,strovolou,ba,4712,535,404,0
2026-07-29T10:14:52Z,tseriou,ab,2555,361,225,0
2026-07-29T10:14:52Z,tseriou,ba,3739,501,372,0
2026-07-29T10:14:52Z,prodromou,ab,2418,301,254,0
2026-07-29T10:14:52Z,prodromou,ba,2414,350,299,0
2026-07-29T10:14:52Z,akropoleos,ab,5010,792,463,126
2026-07-29T10:14:52Z,akropoleos,ba,5145,722,479,0
2026-07-29T10:14:52Z,athalassas,ab,2793,502,282,0
2026-07-29T10:14:52Z,athalassas,ba,6269,781,543,0
2026-07-29T10:14:52Z,lemesou,ab,2014,315,213,0
2026-07-29T10:14:52Z,lemesou,ba,2007,299,196,0
2026-07-29T10:14:52Z,sp_kyprianou,ab,6489,741,585,0
2026-07-29T10:14:52Z,sp_kyprianou,ba,6573,817,627,0
2026-07-29T10:14:52Z,archangelou,ab,7265,597,523,0
2026-07-29T10:14:52Z,archangelou,ba,6911,671,591,0
2026-07-29T10:14:52Z,konstantinoup,ab,2628,318,291,0
2026-07-29T10:14:52Z,konstantinoup,ba,2629,335,313,0
2026-07-29T10:14:52Z,stavrou,ab,2187,265,208,0
2026-07-29T10:14:52Z,stavrou,ba,2245,244,206,0
2026-07-29T10:14:52Z,makedonitissas,ab,2904,444,408,0
2026-07-29T10:14:52Z,makedonitissas,ba,2705,312,290,0
2026-07-29T10:14:52Z,armenias,ab,1079,148,119,0
2026-07-29T10:14:52Z,armenias,ba,1079,227,132,0
2026-07-29T10:14:52Z,arch_kyprianou,ab,1777,286,214,0
2026-07-29T10:14:52Z,arch_kyprianou,ba,1726,305,202,0
2026-07-29T10:14:52Z,a1_motorway,ab,10597,351,349,0
2026-07-29T10:14:52Z,a1_motorway,ba,14048,571,558,0
2026-07-29T10:14:52Z,makariou_lakat,ab,5849,632,516,0
2026-07-29T10:14:52Z,makariou_lakat,ba,6901,696,583,0
2026-07-29T10:14:52Z,griva_digeni,ab,4212,554,441,0
2026-07-29T10:14:52Z,griva_digeni,ba,5350,848,681,0
2026-07-29T10:14:52Z,aglantzias,ab,1775,210,177,0
2026-07-29T10:14:52Z,aglantzias,ba,3098,482,372,0
2026-07-29T10:14:52Z,kranidioti,ab,1458,110,105,0
2026-07-29T10:14:52Z,kranidioti,ba,1652,121,117,0
2026-07-29T10:14:52Z,perimetrikos,ab,2510,249,229,0
2026-07-29T10:14:52Z,perimetrikos,ba,2094,178,164,0
2026-07-29T10:14:52Z,hatziiosif,ab,2049,373,195,0
2026-07-29T10:14:52Z,hatziiosif,ba,2045,303,202,0
2026-07-29T10:14:52Z,perikleous,ab,2238,421,232,0
2026-07-29T10:14:52Z,perikleous,ba,2649,351,273,0
2026-07-29T10:14:52Z,avraamidi,ab,1264,195,140,0
2026-07-29T10:14:52Z,avraamidi,ba,1266,211,150,0
2026-07-29T10:14:52Z,athinon,ab,1573,233,204,0
2026-07-29T10:14:52Z,athinon,ba,1040,257,134,0
2026-07-29T10:14:52Z,tasou_markou,ab,544,82,70,0
2026-07-29T10:14:52Z,tasou_markou,ba,492,54,55,0
2026-07-29T10:14:52Z,peiraios,ab,590,107,71,0
2026-07-29T10:14:52Z,peiraios,ba,590,86,64,0
2026-07-29T10:25:26Z,strovolou,ab,5400,606,504,0
2026-07-29T10:25:26Z,strovolou,ba,4712,540,404,0
2026-07-29T10:25:26Z,tseriou,ab,2555,363,225,0
2026-07-29T10:25:26Z,tseriou,ba,3739,502,372,0
2026-07-29T10:25:26Z,prodromou,ab,2418,301,254,0
2026-07-29T10:25:26Z,prodromou,ba,2414,350,299,0
2026-07-29T10:25:26Z,akropoleos,ab,8641,822,615,0
2026-07-29T10:25:26Z,akropoleos,ba,5145,724,479,0
2026-07-29T10:25:26Z,athalassas,ab,2793,504,282,0
2026-07-29T10:25:26Z,athalassas,ba,6269,784,543,0
2026-07-29T10:25:26Z,lemesou,ab,2014,319,213,0
2026-07-29T10:25:26Z,lemesou,ba,2007,300,196,0
2026-07-29T10:25:26Z,sp_kyprianou,ab,6489,747,585,0
2026-07-29T10:25:26Z,sp_kyprianou,ba,6573,819,627,0
2026-07-29T10:25:26Z,archangelou,ab,7265,600,523,0
2026-07-29T10:25:26Z,archangelou,ba,6911,671,591,0
2026-07-29T10:25:26Z,konstantinoup,ab,2628,317,291,0
2026-07-29T10:25:26Z,konstantinoup,ba,2629,336,313,0
2026-07-29T10:25:26Z,stavrou,ab,2187,266,208,0
2026-07-29T10:25:26Z,stavrou,ba,2245,245,206,0
2026-07-29T10:25:26Z,makedonitissas,ab,2904,447,408,0
2026-07-29T10:25:26Z,makedonitissas,ba,2705,313,290,0
2026-07-29T10:25:26Z,armenias,ab,1079,148,119,0
2026-07-29T10:25:26Z,armenias,ba,1079,228,132,0
2026-07-29T10:25:26Z,arch_kyprianou,ab,1777,288,214,0
2026-07-29T10:25:26Z,arch_kyprianou,ba,1726,307,202,0
2026-07-29T10:25:26Z,a1_motorway,ab,10597,359,349,0
2026-07-29T10:25:26Z,a1_motorway,ba,14048,571,558,0
2026-07-29T10:25:26Z,makariou_lakat,ab,5849,634,516,0
2026-07-29T10:25:26Z,makariou_lakat,ba,6901,698,583,0
2026-07-29T10:25:26Z,griva_digeni,ab,4212,556,441,0
2026-07-29T10:25:26Z,griva_digeni,ba,5350,849,681,0
2026-07-29T10:25:26Z,aglantzias,ab,1775,210,177,0
2026-07-29T10:25:26Z,aglantzias,ba,3098,483,372,0
2026-07-29T10:25:26Z,kranidioti,ab,1458,110,105,0
2026-07-29T10:25:26Z,kranidioti,ba,1652,121,117,0
2026-07-29T10:25:26Z,perimetrikos,ab,2510,250,229,0
2026-07-29T10:25:26Z,perimetrikos,ba,2094,178,164,0
2026-07-29T10:25:26Z,hatziiosif,ab,2049,479,195,211
2026-07-29T10:25:26Z,hatziiosif,ba,2045,302,202,0
2026-07-29T10:25:26Z,perikleous,ab,2238,424,232,0
2026-07-29T10:25:26Z,perikleous,ba,2649,352,273,0
2026-07-29T10:25:26Z,avraamidi,ab,1264,195,140,0
2026-07-29T10:25:26Z,avraamidi,ba,1266,211,150,0
2026-07-29T10:25:26Z,athinon,ab,1573,233,204,0
2026-07-29T10:25:26Z,athinon,ba,1040,258,134,0
2026-07-29T10:25:26Z,tasou_markou,ab,544,82,70,0
2026-07-29T10:25:26Z,tasou_markou,ba,492,54,55,0
2026-07-29T10:25:26Z,peiraios,ab,590,108,71,0
2026-07-29T10:25:26Z,peiraios,ba,590,86,64,0
2026-07-29T10:35:58Z,strovolou,ab,5400,607,504,0
2026-07-29T10:35:58Z,strovolou,ba,4712,545,404,0
2026-07-29T10:35:58Z,tseriou,ab,2555,367,225,0
2026-07-29T10:35:58Z,tseriou,ba,3739,504,372,0
2026-07-29T10:35:58Z,prodromou,ab,2418,301,254,0
2026-07-29T10:35:58Z,prodromou,ba,2414,352,299,0
2026-07-29T10:35:58Z,akropoleos,ab,8641,829,615,0
2026-07-29T10:35:58Z,akropoleos,ba,5145,731,479,0
2026-07-29T10:35:58Z,athalassas,ab,3707,532,397,0
2026-07-29T10:35:58Z,athalassas,ba,6269,790,543,0
2026-07-29T10:35:58Z,lemesou,ab,2014,324,213,0
2026-07-29T10:35:58Z,lemesou,ba,2007,302,196,0
2026-07-29T10:35:58Z,sp_kyprianou,ab,6489,754,585,0
2026-07-29T10:35:58Z,sp_kyprianou,ba,6573,823,627,0
2026-07-29T10:35:58Z,archangelou,ab,7265,603,523,0
2026-07-29T10:35:58Z,archangelou,ba,6911,672,591,0
2026-07-29T10:35:58Z,konstantinoup,ab,2628,317,291,0
2026-07-29T10:35:58Z,konstantinoup,ba,2629,336,313,0
2026-07-29T10:35:58Z,stavrou,ab,2187,268,208,0
2026-07-29T10:35:58Z,stavrou,ba,2245,245,206,0
2026-07-29T10:35:58Z,makedonitissas,ab,2904,449,408,0
2026-07-29T10:35:58Z,makedonitissas,ba,2705,314,290,0
2026-07-29T10:35:58Z,armenias,ab,1079,149,119,0
2026-07-29T10:35:58Z,armenias,ba,1079,231,132,0
2026-07-29T10:35:58Z,arch_kyprianou,ab,1777,292,214,0
2026-07-29T10:35:58Z,arch_kyprianou,ba,1726,309,202,0
2026-07-29T10:35:58Z,a1_motorway,ab,10597,351,349,0
2026-07-29T10:35:58Z,a1_motorway,ba,14048,571,558,0
2026-07-29T10:35:58Z,makariou_lakat,ab,5849,637,516,0
2026-07-29T10:35:58Z,makariou_lakat,ba,6901,700,583,0
2026-07-29T10:35:58Z,griva_digeni,ab,4212,558,441,0
2026-07-29T10:35:58Z,griva_digeni,ba,5350,854,681,0
2026-07-29T10:35:58Z,aglantzias,ab,1775,211,177,0
2026-07-29T10:35:58Z,aglantzias,ba,3098,485,372,0
2026-07-29T10:35:58Z,kranidioti,ab,1458,110,105,0
2026-07-29T10:35:58Z,kranidioti,ba,1652,121,117,0
2026-07-29T10:35:58Z,perimetrikos,ab,2510,250,229,0
2026-07-29T10:35:58Z,perimetrikos,ba,2094,178,164,0
2026-07-29T10:35:58Z,hatziiosif,ab,2049,466,195,185
2026-07-29T10:35:58Z,hatziiosif,ba,2045,305,202,0
2026-07-29T10:35:58Z,perikleous,ab,2238,432,232,0
2026-07-29T10:35:58Z,perikleous,ba,2649,353,273,0
2026-07-29T10:35:58Z,avraamidi,ab,1264,196,140,0
2026-07-29T10:35:58Z,avraamidi,ba,1266,212,150,0
2026-07-29T10:35:58Z,athinon,ab,1573,234,204,0
2026-07-29T10:35:58Z,athinon,ba,1040,261,134,0
2026-07-29T10:35:58Z,tasou_markou,ab,544,82,70,0
2026-07-29T10:35:58Z,tasou_markou,ba,492,54,55,0
2026-07-29T10:35:58Z,peiraios,ab,590,109,71,0
2026-07-29T10:35:58Z,peiraios,ba,590,87,64,0
2026-07-29T10:46:30Z,strovolou,ab,5400,609,504,0
2026-07-29T10:46:30Z,strovolou,ba,4712,552,404,0
2026-07-29T10:46:30Z,tseriou,ab,2555,373,225,0
2026-07-29T10:46:30Z,tseriou,ba,3739,506,372,0
2026-07-29T10:46:30Z,prodromou,ab,2418,303,254,0
2026-07-29T10:46:30Z,prodromou,ba,2414,352,299,0
2026-07-29T10:46:30Z,akropoleos,ab,8641,842,615,0
2026-07-29T10:46:30Z,akropoleos,ba,5145,734,479,0
2026-07-29T10:46:30Z,athalassas,ab,3640,541,406,0
2026-07-29T10:46:30Z,athalassas,ba,6269,792,543,0
2026-07-29T10:46:30Z,lemesou,ab,2014,333,213,0
2026-07-29T10:46:30Z,lemesou,ba,2007,303,196,0
2026-07-29T10:46:30Z,sp_kyprianou,ab,6489,767,585,0
2026-07-29T10:46:30Z,sp_kyprianou,ba,6573,826,627,0
2026-07-29T10:46:30Z,archangelou,ab,7265,609,523,0
2026-07-29T10:46:30Z,archangelou,ba,6911,673,591,0
2026-07-29T10:46:30Z,konstantinoup,ab,2628,316,291,0
2026-07-29T10:46:30Z,konstantinoup,ba,2629,336,313,0
2026-07-29T10:46:30Z,stavrou,ab,2187,271,208,0
2026-07-29T10:46:30Z,stavrou,ba,2245,246,206,0
2026-07-29T10:46:30Z,makedonitissas,ab,2904,453,408,0
2026-07-29T10:46:30Z,makedonitissas,ba,2705,316,290,0
2026-07-29T10:46:30Z,armenias,ab,1079,149,119,0
2026-07-29T10:46:30Z,armenias,ba,1079,235,132,0
2026-07-29T10:46:30Z,arch_kyprianou,ab,1777,296,214,0
2026-07-29T10:46:30Z,arch_kyprianou,ba,1726,311,202,0
2026-07-29T10:46:30Z,a1_motorway,ab,10597,351,349,0
2026-07-29T10:46:30Z,a1_motorway,ba,14048,572,558,0
2026-07-29T10:46:30Z,makariou_lakat,ab,5849,639,516,0
2026-07-29T10:46:30Z,makariou_lakat,ba,6901,703,583,0
2026-07-29T10:46:30Z,griva_digeni,ab,4212,565,441,0
2026-07-29T10:46:30Z,griva_digeni,ba,5350,856,681,0
2026-07-29T10:46:30Z,aglantzias,ab,1775,211,177,0
2026-07-29T10:46:30Z,aglantzias,ba,3098,487,372,0
2026-07-29T10:46:30Z,kranidioti,ab,1458,110,105,0
2026-07-29T10:46:30Z,kranidioti,ba,1652,121,117,0
2026-07-29T10:46:30Z,perimetrikos,ab,2510,250,229,0
2026-07-29T10:46:30Z,perimetrikos,ba,2094,179,164,0
2026-07-29T10:46:30Z,hatziiosif,ab,2049,555,195,285
2026-07-29T10:46:30Z,hatziiosif,ba,2045,305,202,0
2026-07-29T10:46:30Z,perikleous,ab,2238,435,232,0
2026-07-29T10:46:30Z,perikleous,ba,2649,355,273,0
2026-07-29T10:46:30Z,avraamidi,ab,1264,197,140,0
2026-07-29T10:46:30Z,avraamidi,ba,1266,215,150,0
2026-07-29T10:46:30Z,athinon,ab,1573,235,204,0
2026-07-29T10:46:30Z,athinon,ba,1040,262,134,0
2026-07-29T10:46:30Z,tasou_markou,ab,544,82,70,0
2026-07-29T10:46:30Z,tasou_markou,ba,492,54,55,0
2026-07-29T10:46:30Z,peiraios,ab,590,109,71,0
2026-07-29T10:46:30Z,peiraios,ba,590,88,64,0
2026-07-29T10:57:04Z,strovolou,ab,5400,611,504,0
2026-07-29T10:57:04Z,strovolou,ba,4712,560,404,0
2026-07-29T10:57:04Z,tseriou,ab,2555,377,225,0
2026-07-29T10:57:04Z,tseriou,ba,3739,508,372,0
2026-07-29T10:57:04Z,prodromou,ab,2418,303,254,0
2026-07-29T10:57:04Z,prodromou,ba,2414,353,299,0
2026-07-29T10:57:04Z,akropoleos,ab,5010,841,463,153
2026-07-29T10:57:04Z,akropoleos,ba,5145,739,479,0
2026-07-29T10:57:04Z,athalassas,ab,2793,532,282,0
2026-07-29T10:57:04Z,athalassas,ba,6269,799,543,0
2026-07-29T10:57:04Z,lemesou,ab,2014,341,213,0
2026-07-29T10:57:04Z,lemesou,ba,2007,307,196,0
2026-07-29T10:57:04Z,sp_kyprianou,ab,6489,775,585,0
2026-07-29T10:57:04Z,sp_kyprianou,ba,6573,828,627,0
2026-07-29T10:57:04Z,archangelou,ab,7265,614,523,0
2026-07-29T10:57:04Z,archangelou,ba,6911,675,591,0
2026-07-29T10:57:04Z,konstantinoup,ab,2628,318,291,0
2026-07-29T10:57:04Z,konstantinoup,ba,2629,337,313,0
2026-07-29T10:57:04Z,stavrou,ab,2187,274,208,0
2026-07-29T10:57:04Z,stavrou,ba,2245,247,206,0
2026-07-29T10:57:04Z,makedonitissas,ab,2904,457,408,0
2026-07-29T10:57:04Z,makedonitissas,ba,2705,318,290,0
2026-07-29T10:57:04Z,armenias,ab,1079,149,119,0
2026-07-29T10:57:04Z,armenias,ba,1079,236,132,0
2026-07-29T10:57:04Z,arch_kyprianou,ab,1777,301,214,0
2026-07-29T10:57:04Z,arch_kyprianou,ba,1726,313,202,0
2026-07-29T10:57:04Z,a1_motorway,ab,10597,351,349,0
2026-07-29T10:57:04Z,a1_motorway,ba,14048,572,558,0
2026-07-29T10:57:04Z,makariou_lakat,ab,5849,643,516,0
2026-07-29T10:57:04Z,makariou_lakat,ba,6901,707,583,0
2026-07-29T10:57:04Z,griva_digeni,ab,4212,568,441,0
2026-07-29T10:57:04Z,griva_digeni,ba,5350,858,681,0
2026-07-29T10:57:04Z,aglantzias,ab,1775,211,177,0
2026-07-29T10:57:04Z,aglantzias,ba,3098,491,372,0
2026-07-29T10:57:04Z,kranidioti,ab,1458,111,105,0
2026-07-29T10:57:04Z,kranidioti,ba,1652,122,117,0
2026-07-29T10:57:04Z,perimetrikos,ab,2510,251,229,0
2026-07-29T10:57:04Z,perimetrikos,ba,2094,180,164,0
2026-07-29T10:57:04Z,hatziiosif,ab,2049,446,195,153
2026-07-29T10:57:04Z,hatziiosif,ba,2045,308,202,0
2026-07-29T10:57:04Z,perikleous,ab,2238,444,232,0
2026-07-29T10:57:04Z,perikleous,ba,2649,356,273,0
2026-07-29T10:57:04Z,avraamidi,ab,1264,199,140,0
2026-07-29T10:57:04Z,avraamidi,ba,1266,217,150,0
2026-07-29T10:57:04Z,athinon,ab,1573,237,204,0
2026-07-29T10:57:04Z,athinon,ba,1040,263,134,0
2026-07-29T10:57:04Z,tasou_markou,ab,544,82,70,0
2026-07-29T10:57:04Z,tasou_markou,ba,492,54,55,0
2026-07-29T10:57:04Z,peiraios,ab,590,110,71,0
2026-07-29T10:57:04Z,peiraios,ba,590,89,64,0
2026-07-29T11:07:34Z,strovolou,ab,5400,605,504,0
2026-07-29T11:07:34Z,strovolou,ba,4712,556,404,0
2026-07-29T11:07:34Z,tseriou,ab,2555,370,225,0
2026-07-29T11:07:34Z,tseriou,ba,3739,503,372,0
2026-07-29T11:07:34Z,prodromou,ab,2418,301,254,0
2026-07-29T11:07:34Z,prodromou,ba,2414,350,299,0
2026-07-29T11:07:34Z,akropoleos,ab,5010,777,463,0
2026-07-29T11:07:34Z,akropoleos,ba,5145,727,479,0
2026-07-29T11:07:34Z,athalassas,ab,2793,524,282,0
2026-07-29T11:07:34Z,athalassas,ba,6269,784,543,0
2026-07-29T11:07:34Z,lemesou,ab,2014,341,213,0
2026-07-29T11:07:34Z,lemesou,ba,2007,300,196,0
2026-07-29T11:07:34Z,sp_kyprianou,ab,6489,775,585,0
2026-07-29T11:07:34Z,sp_kyprianou,ba,6573,814,627,0
2026-07-29T11:07:34Z,archangelou,ab,7265,614,523,0
2026-07-29T11:07:34Z,archangelou,ba,6911,672,591,0
2026-07-29T11:07:34Z,konstantinoup,ab,2628,317,291,0
2026-07-29T11:07:34Z,konstantinoup,ba,2629,335,313,0
2026-07-29T11:07:34Z,stavrou,ab,2187,271,208,0
2026-07-29T11:07:34Z,stavrou,ba,2245,244,206,0
2026-07-29T11:07:34Z,makedonitissas,ab,2904,457,408,0
2026-07-29T11:07:34Z,makedonitissas,ba,2705,318,290,0
2026-07-29T11:07:34Z,armenias,ab,1079,148,119,0
2026-07-29T11:07:34Z,armenias,ba,1079,234,132,0
2026-07-29T11:07:34Z,arch_kyprianou,ab,1777,299,214,0
2026-07-29T11:07:34Z,arch_kyprianou,ba,1726,310,202,0
2026-07-29T11:07:34Z,a1_motorway,ab,10597,351,349,0
2026-07-29T11:07:34Z,a1_motorway,ba,14048,571,558,0
2026-07-29T11:07:34Z,makariou_lakat,ab,5849,636,516,0
2026-07-29T11:07:34Z,makariou_lakat,ba,6901,700,583,0
2026-07-29T11:07:34Z,griva_digeni,ab,4212,566,441,0
2026-07-29T11:07:34Z,griva_digeni,ba,5350,848,681,0
2026-07-29T11:07:34Z,aglantzias,ab,1775,209,177,0
2026-07-29T11:07:34Z,aglantzias,ba,3098,483,372,0
2026-07-29T11:07:34Z,kranidioti,ab,1458,110,105,0
2026-07-29T11:07:34Z,kranidioti,ba,1652,122,117,0
2026-07-29T11:07:34Z,perimetrikos,ab,2510,250,229,0
2026-07-29T11:07:34Z,perimetrikos,ba,2094,179,164,0
2026-07-29T11:07:34Z,hatziiosif,ab,2049,391,195,0
2026-07-29T11:07:34Z,hatziiosif,ba,2045,300,202,0
2026-07-29T11:07:34Z,perikleous,ab,2238,436,232,0
2026-07-29T11:07:34Z,perikleous,ba,2649,350,273,0
2026-07-29T11:07:34Z,avraamidi,ab,1264,195,140,0
2026-07-29T11:07:34Z,avraamidi,ba,1266,215,150,0
2026-07-29T11:07:34Z,athinon,ab,1573,235,204,0
2026-07-29T11:07:34Z,athinon,ba,1040,258,134,0
2026-07-29T11:07:34Z,tasou_markou,ab,544,81,70,0
2026-07-29T11:07:34Z,tasou_markou,ba,492,54,55,0
2026-07-29T11:07:34Z,peiraios,ab,590,110,71,0
2026-07-29T11:07:34Z,peiraios,ba,590,88,64,0
2026-07-29T11:18:06Z,strovolou,ab,5400,607,504,0
2026-07-29T11:18:06Z,strovolou,ba,4712,567,404,0
2026-07-29T11:18:06Z,tseriou,ab,2555,376,225,0
2026-07-29T11:18:06Z,tseriou,ba,3739,506,372,0
2026-07-29T11:18:06Z,prodromou,ab,2418,302,254,0
2026-07-29T11:18:06Z,prodromou,ba,2414,351,299,0
2026-07-29T11:18:06Z,akropoleos,ab,5010,797,463,0
2026-07-29T11:18:06Z,akropoleos,ba,5145,734,479,0
2026-07-29T11:18:06Z,athalassas,ab,2793,534,282,0
2026-07-29T11:18:06Z,athalassas,ba,6269,789,543,0
2026-07-29T11:18:06Z,lemesou,ab,2014,351,213,0
2026-07-29T11:18:06Z,lemesou,ba,2007,302,196,0
2026-07-29T11:18:06Z,sp_kyprianou,ab,6489,788,585,0
2026-07-29T11:18:06Z,sp_kyprianou,ba,6573,818,627,0
2026-07-29T11:18:06Z,archangelou,ab,7265,623,523,0
2026-07-29T11:18:06Z,archangelou,ba,6911,672,591,0
2026-07-29T11:18:06Z,konstantinoup,ab,2628,318,291,0
2026-07-29T11:18:06Z,konstantinoup,ba,2629,336,313,0
2026-07-29T11:18:06Z,stavrou,ab,2187,275,208,0
2026-07-29T11:18:06Z,stavrou,ba,2245,246,206,0
2026-07-29T11:18:06Z,makedonitissas,ab,2904,462,408,0
2026-07-29T11:18:06Z,makedonitissas,ba,2705,319,290,0
2026-07-29T11:18:06Z,armenias,ab,1079,148,119,0
2026-07-29T11:18:06Z,armenias,ba,1079,237,132,0
2026-07-29T11:18:06Z,arch_kyprianou,ab,1777,306,214,0
2026-07-29T11:18:06Z,arch_kyprianou,ba,1726,311,202,0
2026-07-29T11:18:06Z,a1_motorway,ab,10597,351,349,0
2026-07-29T11:18:06Z,a1_motorway,ba,14048,571,558,0
2026-07-29T11:18:06Z,makariou_lakat,ab,5849,641,516,0
2026-07-29T11:18:06Z,makariou_lakat,ba,6901,702,583,0
2026-07-29T11:18:06Z,griva_digeni,ab,4212,572,441,0
2026-07-29T11:18:06Z,griva_digeni,ba,5350,850,681,0
2026-07-29T11:18:06Z,aglantzias,ab,1775,210,177,0
2026-07-29T11:18:06Z,aglantzias,ba,3098,485,372,0
2026-07-29T11:18:06Z,kranidioti,ab,1458,110,105,0
2026-07-29T11:18:06Z,kranidioti,ba,1652,122,117,0
2026-07-29T11:18:06Z,perimetrikos,ab,2510,251,229,0
2026-07-29T11:18:06Z,perimetrikos,ba,2094,180,164,0
2026-07-29T11:18:06Z,hatziiosif,ab,2049,397,195,0
2026-07-29T11:18:06Z,hatziiosif,ba,2045,301,202,0
2026-07-29T11:18:06Z,perikleous,ab,2238,445,232,0
2026-07-29T11:18:06Z,perikleous,ba,2649,352,273,0
2026-07-29T11:18:06Z,avraamidi,ab,1264,198,140,0
2026-07-29T11:18:06Z,avraamidi,ba,1266,219,150,0
2026-07-29T11:18:06Z,athinon,ab,1573,237,204,0
2026-07-29T11:18:06Z,athinon,ba,1040,261,134,0
2026-07-29T11:18:06Z,tasou_markou,ab,544,82,70,0
2026-07-29T11:18:06Z,tasou_markou,ba,492,54,55,0
2026-07-29T11:18:06Z,peiraios,ab,590,109,71,0
2026-07-29T11:18:06Z,peiraios,ba,590,89,64,0
2026-07-29T11:28:40Z,strovolou,ab,5400,609,504,0
2026-07-29T11:28:40Z,strovolou,ba,4712,579,404,0
2026-07-29T11:28:40Z,tseriou,ab,3240,347,284,0
2026-07-29T11:28:40Z,tseriou,ba,3739,510,372,0
2026-07-29T11:28:40Z,prodromou,ab,2418,302,254,0
2026-07-29T11:28:40Z,prodromou,ba,2414,352,299,0
2026-07-29T11:28:40Z,akropoleos,ab,5010,818,463,0
2026-07-29T11:28:40Z,akropoleos,ba,5145,743,479,0
2026-07-29T11:28:40Z,athalassas,ab,2793,544,282,0
2026-07-29T11:28:40Z,athalassas,ba,6269,793,543,0
2026-07-29T11:28:40Z,lemesou,ab,2014,365,213,0
2026-07-29T11:28:40Z,lemesou,ba,2007,304,196,0
2026-07-29T11:28:40Z,sp_kyprianou,ab,6489,803,585,0
2026-07-29T11:28:40Z,sp_kyprianou,ba,6573,821,627,0
2026-07-29T11:28:40Z,archangelou,ab,7265,632,523,0
2026-07-29T11:28:40Z,archangelou,ba,6911,675,591,0
2026-07-29T11:28:40Z,konstantinoup,ab,2628,318,291,0
2026-07-29T11:28:40Z,konstantinoup,ba,2629,336,313,0
2026-07-29T11:28:40Z,stavrou,ab,2187,280,208,0
2026-07-29T11:28:40Z,stavrou,ba,2245,246,206,0
2026-07-29T11:28:40Z,makedonitissas,ab,2904,470,408,0
2026-07-29T11:28:40Z,makedonitissas,ba,2705,322,290,0
2026-07-29T11:28:40Z,armenias,ab,1079,149,119,0
2026-07-29T11:28:40Z,armenias,ba,1079,241,132,0
2026-07-29T11:28:40Z,arch_kyprianou,ab,1652,291,254,0
2026-07-29T11:28:40Z,arch_kyprianou,ba,1726,317,202,0
2026-07-29T11:28:40Z,a1_motorway,ab,10597,351,349,0
2026-07-29T11:28:40Z,a1_motorway,ba,14048,571,558,0
2026-07-29T11:28:40Z,makariou_lakat,ab,5849,646,516,0
2026-07-29T11:28:40Z,makariou_lakat,ba,6901,705,583,0
2026-07-29T11:28:40Z,griva_digeni,ab,4212,578,441,0
2026-07-29T11:28:40Z,griva_digeni,ba,5350,854,681,0
2026-07-29T11:28:40Z,aglantzias,ab,1775,211,177,0
2026-07-29T11:28:40Z,aglantzias,ba,3098,487,372,0
2026-07-29T11:28:40Z,kranidioti,ab,1458,111,105,0
2026-07-29T11:28:40Z,kranidioti,ba,1652,123,117,0
2026-07-29T11:28:40Z,perimetrikos,ab,2510,250,229,0
2026-07-29T11:28:40Z,perimetrikos,ba,2094,181,164,0
2026-07-29T11:28:40Z,hatziiosif,ab,2049,411,195,0
2026-07-29T11:28:40Z,hatziiosif,ba,2045,305,202,0
2026-07-29T11:28:40Z,perikleous,ab,2238,459,232,0
2026-07-29T11:28:40Z,perikleous,ba,2649,354,273,0
2026-07-29T11:28:40Z,avraamidi,ab,1264,200,140,0
2026-07-29T11:28:40Z,avraamidi,ba,1266,221,150,0
2026-07-29T11:28:40Z,athinon,ab,1573,238,204,0
2026-07-29T11:28:40Z,athinon,ba,1040,265,134,0
2026-07-29T11:28:40Z,tasou_markou,ab,544,82,70,0
2026-07-29T11:28:40Z,tasou_markou,ba,492,54,55,0
2026-07-29T11:28:40Z,peiraios,ab,590,112,71,0
2026-07-29T11:28:40Z,peiraios,ba,590,90,64,0
2026-07-29T12:01:31Z,strovolou,ab,5400,606,504,0
2026-07-29T12:01:31Z,strovolou,ba,4712,779,404,254
2026-07-29T12:01:31Z,tseriou,ab,3240,353,284,0
2026-07-29T12:01:31Z,tseriou,ba,3739,514,372,0
2026-07-29T12:01:31Z,prodromou,ab,2418,305,254,0
2026-07-29T12:01:31Z,prodromou,ba,2414,349,299,0
2026-07-29T12:01:31Z,akropoleos,ab,5010,972,463,288
2026-07-29T12:01:31Z,akropoleos,ba,5145,760,479,0
2026-07-29T12:01:31Z,athalassas,ab,2793,566,282,0
2026-07-29T12:01:31Z,athalassas,ba,6269,811,543,0
2026-07-29T12:01:31Z,lemesou,ab,3427,579,353,147
2026-07-29T12:01:31Z,lemesou,ba,2007,311,196,0
2026-07-29T12:01:31Z,sp_kyprianou,ab,6614,954,667,0
2026-07-29T12:01:31Z,sp_kyprianou,ba,6573,807,627,0
2026-07-29T12:01:31Z,archangelou,ab,6502,793,604,0
2026-07-29T12:01:31Z,archangelou,ba,6911,683,591,0
2026-07-29T12:01:31Z,konstantinoup,ab,2628,313,291,0
2026-07-29T12:01:31Z,konstantinoup,ba,2629,338,313,0
2026-07-29T12:01:31Z,stavrou,ab,2187,293,208,0
2026-07-29T12:01:31Z,stavrou,ba,2245,245,206,0
2026-07-29T12:01:31Z,makedonitissas,ab,2904,669,408,238
2026-07-29T12:01:31Z,makedonitissas,ba,2705,326,290,0
2026-07-29T12:01:31Z,armenias,ab,1079,148,119,0
2026-07-29T12:01:31Z,armenias,ba,1079,245,132,0
2026-07-29T12:01:31Z,arch_kyprianou,ab,1652,294,254,0
2026-07-29T12:01:31Z,arch_kyprianou,ba,1726,317,202,0
2026-07-29T12:01:31Z,a1_motorway,ab,10597,351,349,0
2026-07-29T12:01:31Z,a1_motorway,ba,14048,569,558,0
2026-07-29T12:01:31Z,makariou_lakat,ab,5849,654,516,0
2026-07-29T12:01:31Z,makariou_lakat,ba,6901,703,583,0
2026-07-29T12:01:31Z,griva_digeni,ab,4212,600,441,0
2026-07-29T12:01:31Z,griva_digeni,ba,5350,866,681,0
2026-07-29T12:01:31Z,aglantzias,ab,1775,209,177,0
2026-07-29T12:01:31Z,aglantzias,ba,3098,483,372,0
2026-07-29T12:01:31Z,kranidioti,ab,1458,110,105,0
2026-07-29T12:01:31Z,kranidioti,ba,1652,123,117,0
2026-07-29T12:01:31Z,perimetrikos,ab,2510,249,229,0
2026-07-29T12:01:31Z,perimetrikos,ba,2094,182,164,0
2026-07-29T12:01:31Z,hatziiosif,ab,2049,496,195,180
2026-07-29T12:01:31Z,hatziiosif,ba,2045,302,202,0
2026-07-29T12:01:31Z,perikleous,ab,2016,450,275,0
2026-07-29T12:01:31Z,perikleous,ba,2649,373,273,24
2026-07-29T12:01:31Z,avraamidi,ab,1264,207,140,0
2026-07-29T12:01:31Z,avraamidi,ba,1266,228,150,0
2026-07-29T12:01:31Z,athinon,ab,1573,238,204,0
2026-07-29T12:01:31Z,athinon,ba,1040,268,134,0
2026-07-29T12:01:31Z,tasou_markou,ab,544,82,70,0
2026-07-29T12:01:31Z,tasou_markou,ba,492,54,55,0
2026-07-29T12:01:31Z,peiraios,ab,590,112,71,0
2026-07-29T12:01:31Z,peiraios,ba,590,93,64,0
2026-07-29T13:02:25Z,strovolou,ab,5400,619,504,0
2026-07-29T13:02:25Z,strovolou,ba,4712,755,404,178
2026-07-29T13:02:25Z,tseriou,ab,3240,359,284,0
2026-07-29T13:02:25Z,tseriou,ba,3739,522,372,0
2026-07-29T13:02:25Z,prodromou,ab,2418,302,254,0
2026-07-29T13:02:25Z,prodromou,ba,2414,355,299,0
2026-07-29T13:02:25Z,akropoleos,ab,5010,1062,463,325
2026-07-29T13:02:25Z,akropoleos,ba,5145,785,479,0
2026-07-29T13:02:25Z,athalassas,ab,3638,666,436,45
2026-07-29T13:02:25Z,athalassas,ba,6362,784,608,0
2026-07-29T13:02:25Z,lemesou,ab,3427,519,353,0
2026-07-29T13:02:25Z,lemesou,ba,2007,316,196,0
2026-07-29T13:02:25Z,sp_kyprianou,ab,7006,960,673,0
2026-07-29T13:02:25Z,sp_kyprianou,ba,6573,826,627,0
2026-07-29T13:02:25Z,archangelou,ab,7265,761,523,0
2026-07-29T13:02:25Z,archangelou,ba,6911,692,591,0
2026-07-29T13:02:25Z,konstantinoup,ab,2628,315,291,0
2026-07-29T13:02:25Z,konstantinoup,ba,2629,336,313,0
2026-07-29T13:02:25Z,stavrou,ab,2187,309,208,0
2026-07-29T13:02:25Z,stavrou,ba,2245,249,206,0
2026-07-29T13:02:25Z,makedonitissas,ab,2904,560,408,0
2026-07-29T13:02:25Z,makedonitissas,ba,2705,340,290,0
2026-07-29T13:02:25Z,armenias,ab,1079,149,119,0
2026-07-29T13:02:25Z,armenias,ba,1079,266,132,0
2026-07-29T13:02:25Z,arch_kyprianou,ab,1652,308,254,0
2026-07-29T13:02:25Z,arch_kyprianou,ba,1726,341,202,0
2026-07-29T13:02:25Z,a1_motorway,ab,10597,351,349,0
2026-07-29T13:02:25Z,a1_motorway,ba,14048,569,558,0
2026-07-29T13:02:25Z,makariou_lakat,ab,5849,709,516,0
2026-07-29T13:02:25Z,makariou_lakat,ba,6901,724,583,0
2026-07-29T13:02:25Z,griva_digeni,ab,4212,629,441,0
2026-07-29T13:02:25Z,griva_digeni,ba,5350,870,681,0
2026-07-29T13:02:25Z,aglantzias,ab,1775,213,177,0
2026-07-29T13:02:25Z,aglantzias,ba,3098,499,372,0
2026-07-29T13:02:25Z,kranidioti,ab,1458,111,105,0
2026-07-29T13:02:25Z,kranidioti,ba,1652,127,117,0
2026-07-29T13:02:25Z,perimetrikos,ab,2510,249,229,0
2026-07-29T13:02:25Z,perimetrikos,ba,2094,199,164,0
2026-07-29T13:02:25Z,hatziiosif,ab,2049,621,195,325
2026-07-29T13:02:25Z,hatziiosif,ba,2045,318,202,0
2026-07-29T13:02:25Z,perikleous,ab,2016,511,275,138
2026-07-29T13:02:25Z,perikleous,ba,2649,385,273,33
2026-07-29T13:02:25Z,avraamidi,ab,1264,219,140,0
2026-07-29T13:02:25Z,avraamidi,ba,1266,254,150,0
2026-07-29T13:02:25Z,athinon,ab,1573,248,204,0
2026-07-29T13:02:25Z,athinon,ba,1040,279,134,0
2026-07-29T13:02:25Z,tasou_markou,ab,544,82,70,0
2026-07-29T13:02:25Z,tasou_markou,ba,492,53,55,0
2026-07-29T13:02:25Z,peiraios,ab,590,113,71,0
2026-07-29T13:02:25Z,peiraios,ba,590,100,64,0
2026-07-29T13:53:14Z,strovolou,ab,5400,631,504,0
2026-07-29T13:53:14Z,strovolou,ba,4712,720,404,0
2026-07-29T13:53:14Z,tseriou,ab,3240,366,284,0
2026-07-29T13:53:14Z,tseriou,ba,3225,540,374,0
2026-07-29T13:53:14Z,prodromou,ab,2418,305,254,0
2026-07-29T13:53:14Z,prodromou,ba,2414,360,299,0
2026-07-29T13:53:14Z,akropoleos,ab,5010,1044,463,246
2026-07-29T13:53:14Z,akropoleos,ba,5145,808,479,0
2026-07-29T13:53:14Z,athalassas,ab,2997,635,348,0
2026-07-29T13:53:14Z,athalassas,ba,6362,799,608,0
2026-07-29T13:53:14Z,lemesou,ab,3427,551,353,0
2026-07-29T13:53:14Z,lemesou,ba,2007,325,196,0
2026-07-29T13:53:14Z,sp_kyprianou,ab,7006,970,673,0
2026-07-29T13:53:14Z,sp_kyprianou,ba,6573,838,627,0
2026-07-29T13:53:14Z,archangelou,ab,7265,822,523,0
2026-07-29T13:53:14Z,archangelou,ba,6911,707,591,0
2026-07-29T13:53:14Z,konstantinoup,ab,2628,319,291,0
2026-07-29T13:53:14Z,konstantinoup,ba,2629,339,313,0
2026-07-29T13:53:14Z,stavrou,ab,2412,342,257,0
2026-07-29T13:53:14Z,stavrou,ba,2245,251,206,0
2026-07-29T13:53:14Z,makedonitissas,ab,2904,571,408,0
2026-07-29T13:53:14Z,makedonitissas,ba,2705,352,290,0
2026-07-29T13:53:14Z,armenias,ab,1079,150,119,0
2026-07-29T13:53:14Z,armenias,ba,1079,276,132,0
2026-07-29T13:53:14Z,arch_kyprianou,ab,1652,321,254,0
2026-07-29T13:53:14Z,arch_kyprianou,ba,1726,364,202,0
2026-07-29T13:53:14Z,a1_motorway,ab,10597,351,349,0
2026-07-29T13:53:14Z,a1_motorway,ba,14048,569,558,0
2026-07-29T13:53:14Z,makariou_lakat,ab,5849,749,516,0
2026-07-29T13:53:14Z,makariou_lakat,ba,6901,739,583,0
2026-07-29T13:53:14Z,griva_digeni,ab,4212,636,441,0
2026-07-29T13:53:14Z,griva_digeni,ba,5350,885,681,0
2026-07-29T13:53:14Z,aglantzias,ab,1775,218,177,0
2026-07-29T13:53:14Z,aglantzias,ba,3098,508,372,0
2026-07-29T13:53:14Z,kranidioti,ab,1458,113,105,0
2026-07-29T13:53:14Z,kranidioti,ba,1652,130,117,0
2026-07-29T13:53:14Z,perimetrikos,ab,2510,251,229,0
2026-07-29T13:53:14Z,perimetrikos,ba,2327,206,182,0
2026-07-29T13:53:14Z,hatziiosif,ab,2049,514,195,153
2026-07-29T13:53:14Z,hatziiosif,ba,2045,325,202,0
2026-07-29T13:53:14Z,perikleous,ab,2238,543,232,0
2026-07-29T13:53:14Z,perikleous,ba,2649,367,273,0
2026-07-29T13:53:14Z,avraamidi,ab,1264,230,140,0
2026-07-29T13:53:14Z,avraamidi,ba,1266,262,150,0
2026-07-29T13:53:14Z,athinon,ab,1573,255,204,0
2026-07-29T13:53:14Z,athinon,ba,1300,345,240,0
2026-07-29T13:53:14Z,tasou_markou,ab,544,82,70,0
2026-07-29T13:53:14Z,tasou_markou,ba,492,53,55,0
2026-07-29T13:53:14Z,peiraios,ab,590,115,71,0
2026-07-29T13:53:14Z,peiraios,ba,590,108,64,0
2026-07-29T14:03:45Z,strovolou,ab,5400,623,504,0
2026-07-29T14:03:45Z,strovolou,ba,4712,824,404,273
2026-07-29T14:03:45Z,tseriou,ab,3240,358,284,0
2026-07-29T14:03:45Z,tseriou,ba,3739,538,372,0
2026-07-29T14:03:45Z,prodromou,ab,2418,301,254,0
2026-07-29T14:03:45Z,prodromou,ba,2414,356,299,0
2026-07-29T14:03:45Z,akropoleos,ab,5010,1004,463,246
2026-07-29T14:03:45Z,akropoleos,ba,5145,783,479,0
2026-07-29T14:03:45Z,athalassas,ab,2997,610,348,0
2026-07-29T14:03:45Z,athalassas,ba,6362,778,608,0
2026-07-29T14:03:45Z,lemesou,ab,2798,605,415,0
2026-07-29T14:03:45Z,lemesou,ba,2007,309,196,0
2026-07-29T14:03:45Z,sp_kyprianou,ab,7006,939,673,0
2026-07-29T14:03:45Z,sp_kyprianou,ba,6573,815,627,0
2026-07-29T14:03:45Z,archangelou,ab,7265,788,523,0
2026-07-29T14:03:45Z,archangelou,ba,6911,697,591,0
2026-07-29T14:03:45Z,konstantinoup,ab,2628,318,291,0
2026-07-29T14:03:45Z,konstantinoup,ba,2629,339,313,0
2026-07-29T14:03:45Z,stavrou,ab,2187,297,208,0
2026-07-29T14:03:45Z,stavrou,ba,2245,248,206,0
2026-07-29T14:03:45Z,makedonitissas,ab,2904,550,408,0
2026-07-29T14:03:45Z,makedonitissas,ba,2705,346,290,0
2026-07-29T14:03:45Z,armenias,ab,1079,149,119,0
2026-07-29T14:03:45Z,armenias,ba,1079,262,132,0
2026-07-29T14:03:45Z,arch_kyprianou,ab,1652,315,254,0
2026-07-29T14:03:45Z,arch_kyprianou,ba,1726,354,202,0
2026-07-29T14:03:45Z,a1_motorway,ab,10597,351,349,0
2026-07-29T14:03:45Z,a1_motorway,ba,14048,567,558,0
2026-07-29T14:03:45Z,makariou_lakat,ab,5849,727,516,0
2026-07-29T14:03:45Z,makariou_lakat,ba,6901,731,583,0
2026-07-29T14:03:45Z,griva_digeni,ab,4212,620,441,0
2026-07-29T14:03:45Z,griva_digeni,ba,5350,867,681,0
2026-07-29T14:03:45Z,aglantzias,ab,1775,216,177,0
2026-07-29T14:03:45Z,aglantzias,ba,3098,495,372,0
2026-07-29T14:03:45Z,kranidioti,ab,1458,113,105,0
2026-07-29T14:03:45Z,kranidioti,ba,1652,130,117,0
2026-07-29T14:03:45Z,perimetrikos,ab,2510,252,229,0
2026-07-29T14:03:45Z,perimetrikos,ba,2327,206,182,0
2026-07-29T14:03:45Z,hatziiosif,ab,2049,581,195,246
2026-07-29T14:03:45Z,hatziiosif,ba,2045,314,202,0
2026-07-29T14:03:45Z,perikleous,ab,2016,513,275,138
2026-07-29T14:03:45Z,perikleous,ba,2649,382,273,33
2026-07-29T14:03:45Z,avraamidi,ab,1264,219,140,0
2026-07-29T14:03:45Z,avraamidi,ba,1266,250,150,0
2026-07-29T14:03:45Z,athinon,ab,1573,251,204,0
2026-07-29T14:03:45Z,athinon,ba,1040,293,134,0
2026-07-29T14:03:45Z,tasou_markou,ab,544,82,70,0
2026-07-29T14:03:45Z,tasou_markou,ba,492,54,55,0
2026-07-29T14:03:45Z,peiraios,ab,590,115,71,0
2026-07-29T14:03:45Z,peiraios,ba,590,105,64,0
2026-07-29T14:28:00Z,strovolou,ab,5400,621,504,0
2026-07-29T14:28:00Z,strovolou,ba,4712,712,404,141
2026-07-29T14:28:00Z,tseriou,ab,3240,355,284,0
2026-07-29T14:28:00Z,tseriou,ba,3739,532,372,0
2026-07-29T14:28:00Z,prodromou,ab,2418,301,254,0
2026-07-29T14:28:00Z,prodromou,ba,2414,353,299,0
2026-07-29T14:28:00Z,akropoleos,ab,5010,884,463,180
2026-07-29T14:28:00Z,akropoleos,ba,8177,879,595,177
2026-07-29T14:28:00Z,athalassas,ab,2793,589,282,0
2026-07-29T14:28:00Z,athalassas,ba,6362,774,608,0
2026-07-29T14:28:00Z,lemesou,ab,2798,589,415,0
2026-07-29T14:28:00Z,lemesou,ba,2007,303,196,0
2026-07-29T14:28:00Z,sp_kyprianou,ab,7006,999,673,172
2026-07-29T14:28:00Z,sp_kyprianou,ba,6573,804,627,0
2026-07-29T14:28:00Z,archangelou,ab,6295,880,625,0
2026-07-29T14:28:00Z,archangelou,ba,6911,696,591,0
2026-07-29T14:28:00Z,konstantinoup,ab,2628,317,291,0
2026-07-29T14:28:00Z,konstantinoup,ba,2629,338,313,0
2026-07-29T14:28:00Z,stavrou,ab,2187,290,208,0
2026-07-29T14:28:00Z,stavrou,ba,2245,246,206,0
2026-07-29T14:28:00Z,makedonitissas,ab,2904,621,408,172
2026-07-29T14:28:00Z,makedonitissas,ba,2705,344,290,0
2026-07-29T14:28:00Z,armenias,ab,1079,149,119,0
2026-07-29T14:28:00Z,armenias,ba,1079,259,132,0
2026-07-29T14:28:00Z,arch_kyprianou,ab,1652,312,254,0
2026-07-29T14:28:00Z,arch_kyprianou,ba,1726,351,202,0
2026-07-29T14:28:00Z,a1_motorway,ab,10597,351,349,0
2026-07-29T14:28:00Z,a1_motorway,ba,14048,566,558,0
2026-07-29T14:28:00Z,makariou_lakat,ab,5849,710,516,0
2026-07-29T14:28:00Z,makariou_lakat,ba,6901,734,583,9
2026-07-29T14:28:00Z,griva_digeni,ab,4212,667,441,137
2026-07-29T14:28:00Z,griva_digeni,ba,5350,860,681,0
2026-07-29T14:28:00Z,aglantzias,ab,1775,217,177,0
2026-07-29T14:28:00Z,aglantzias,ba,3098,491,372,0
2026-07-29T14:28:00Z,kranidioti,ab,1458,114,105,0
2026-07-29T14:28:00Z,kranidioti,ba,1652,130,117,0
2026-07-29T14:28:00Z,perimetrikos,ab,2510,251,229,0
2026-07-29T14:28:00Z,perimetrikos,ba,2327,234,182,29
2026-07-29T14:28:00Z,hatziiosif,ab,2049,423,195,0
2026-07-29T14:28:00Z,hatziiosif,ba,2045,310,202,0
2026-07-29T14:28:00Z,perikleous,ab,2238,516,232,112
2026-07-29T14:28:00Z,perikleous,ba,2649,374,273,28
2026-07-29T14:28:00Z,avraamidi,ab,1264,216,140,0
2026-07-29T14:28:00Z,avraamidi,ba,1266,241,150,0
2026-07-29T14:28:00Z,athinon,ab,1573,251,204,0
2026-07-29T14:28:00Z,athinon,ba,1040,290,134,0
2026-07-29T14:28:00Z,tasou_markou,ab,544,82,70,0
2026-07-29T14:28:00Z,tasou_markou,ba,492,54,55,0
2026-07-29T14:28:00Z,peiraios,ab,590,113,71,0
2026-07-29T14:28:00Z,peiraios,ba,590,101,64,0
2026-07-29T14:38:27Z,strovolou,ab,5400,620,504,0
2026-07-29T14:38:27Z,strovolou,ba,4712,727,404,173
2026-07-29T14:38:27Z,tseriou,ab,3240,353,284,0
2026-07-29T14:38:27Z,tseriou,ba,3739,530,372,0
2026-07-29T14:38:27Z,prodromou,ab,2418,300,254,0
2026-07-29T14:38:27Z,prodromou,ba,2414,353,299,0
2026-07-29T14:38:27Z,akropoleos,ab,5010,850,463,153
2026-07-29T14:38:27Z,akropoleos,ba,5145,837,479,144
2026-07-29T14:38:27Z,athalassas,ab,2793,574,282,0
2026-07-29T14:38:27Z,athalassas,ba,6037,812,534,0
2026-07-29T14:38:27Z,lemesou,ab,2014,586,213,251
2026-07-29T14:38:27Z,lemesou,ba,2007,299,196,0
2026-07-29T14:38:27Z,sp_kyprianou,ab,6489,948,585,114
2026-07-29T14:38:27Z,sp_kyprianou,ba,6573,793,627,0
2026-07-29T14:38:27Z,archangelou,ab,7265,813,523,114
2026-07-29T14:38:27Z,archangelou,ba,6911,694,591,0
2026-07-29T14:38:27Z,konstantinoup,ab,2628,317,291,0
2026-07-29T14:38:27Z,konstantinoup,ba,2629,337,313,0
2026-07-29T14:38:27Z,stavrou,ab,2187,286,208,0
2026-07-29T14:38:27Z,stavrou,ba,2245,244,206,0
2026-07-29T14:38:27Z,makedonitissas,ab,2904,581,408,114
2026-07-29T14:38:27Z,makedonitissas,ba,2705,341,290,0
2026-07-29T14:38:27Z,armenias,ab,1079,148,119,0
2026-07-29T14:38:27Z,armenias,ba,1079,254,132,0
2026-07-29T14:38:27Z,arch_kyprianou,ab,1652,309,254,0
2026-07-29T14:38:27Z,arch_kyprianou,ba,1726,349,202,0
2026-07-29T14:38:27Z,a1_motorway,ab,10597,351,349,0
2026-07-29T14:38:27Z,a1_motorway,ba,14048,565,558,0
2026-07-29T14:38:27Z,makariou_lakat,ab,6237,763,645,0
2026-07-29T14:38:27Z,makariou_lakat,ba,6901,723,583,0
2026-07-29T14:38:27Z,griva_digeni,ab,4212,602,441,0
2026-07-29T14:38:27Z,griva_digeni,ba,5350,847,681,0
2026-07-29T14:38:27Z,aglantzias,ab,1775,217,177,0
2026-07-29T14:38:27Z,aglantzias,ba,3098,488,372,0
2026-07-29T14:38:27Z,kranidioti,ab,1458,114,105,0
2026-07-29T14:38:27Z,kranidioti,ba,1652,276,117,159
2026-07-29T14:38:27Z,perimetrikos,ab,2510,266,229,16
2026-07-29T14:38:27Z,perimetrikos,ba,2327,227,182,23
2026-07-29T14:38:27Z,hatziiosif,ab,2049,414,195,0
2026-07-29T14:38:27Z,hatziiosif,ba,2045,309,202,0
2026-07-29T14:38:27Z,perikleous,ab,2016,498,275,118
2026-07-29T14:38:27Z,perikleous,ba,2649,376,273,33
2026-07-29T14:38:27Z,avraamidi,ab,1264,213,140,0
2026-07-29T14:38:27Z,avraamidi,ba,1266,243,150,0
2026-07-29T14:38:27Z,athinon,ab,1573,250,204,0
2026-07-29T14:38:27Z,athinon,ba,1040,289,134,0
2026-07-29T14:38:27Z,tasou_markou,ab,544,82,70,0
2026-07-29T14:38:27Z,tasou_markou,ba,492,54,55,0
2026-07-29T14:38:27Z,peiraios,ab,590,113,71,0
2026-07-29T14:38:27Z,peiraios,ba,590,100,64,0
2026-07-29T14:48:52Z,strovolou,ab,5400,615,504,0
2026-07-29T14:48:52Z,strovolou,ba,4712,623,404,0
2026-07-29T14:48:52Z,tseriou,ab,3240,350,284,0
2026-07-29T14:48:52Z,tseriou,ba,3739,514,372,0
2026-07-29T14:48:52Z,prodromou,ab,2418,297,254,0
2026-07-29T14:48:52Z,prodromou,ba,2414,351,299,0
2026-07-29T14:48:52Z,akropoleos,ab,5010,922,463,275
2026-07-29T14:48:52Z,akropoleos,ba,5145,826,479,144
2026-07-29T14:48:52Z,athalassas,ab,2793,555,282,0
2026-07-29T14:48:52Z,athalassas,ba,6037,800,534,0
2026-07-29T14:48:52Z,lemesou,ab,2386,446,292,0
2026-07-29T14:48:52Z,lemesou,ba,2007,289,196,0
2026-07-29T14:48:52Z,sp_kyprianou,ab,7006,943,673,117
2026-07-29T14:48:52Z,sp_kyprianou,ba,6573,786,627,0
2026-07-29T14:48:52Z,archangelou,ab,7265,802,523,114
2026-07-29T14:48:52Z,archangelou,ba,6911,689,591,0
2026-07-29T14:48:52Z,konstantinoup,ab,2628,316,291,0
2026-07-29T14:48:52Z,konstantinoup,ba,2629,336,313,0
2026-07-29T14:48:52Z,stavrou,ab,2187,279,208,0
2026-07-29T14:48:52Z,stavrou,ba,2245,243,206,0
2026-07-29T14:48:52Z,makedonitissas,ab,2904,574,408,114
2026-07-29T14:48:52Z,makedonitissas,ba,2705,338,290,0
2026-07-29T14:48:52Z,armenias,ab,1079,147,119,0
2026-07-29T14:48:52Z,armenias,ba,1079,242,132,0
2026-07-29T14:48:52Z,arch_kyprianou,ab,1652,305,254,0
2026-07-29T14:48:52Z,arch_kyprianou,ba,1726,329,202,0
2026-07-29T14:48:52Z,a1_motorway,ab,10597,351,349,0
2026-07-29T14:48:52Z,a1_motorway,ba,14048,564,558,0
2026-07-29T14:48:52Z,makariou_lakat,ab,6237,757,645,0
2026-07-29T14:48:52Z,makariou_lakat,ba,6901,716,583,0
2026-07-29T14:48:52Z,griva_digeni,ab,4212,663,441,141
2026-07-29T14:48:52Z,griva_digeni,ba,5350,838,681,0
2026-07-29T14:48:52Z,aglantzias,ab,1775,215,177,0
2026-07-29T14:48:52Z,aglantzias,ba,3098,480,372,0
2026-07-29T14:48:52Z,kranidioti,ab,1458,113,105,0
2026-07-29T14:48:52Z,kranidioti,ba,1652,261,117,143
2026-07-29T14:48:52Z,perimetrikos,ab,2510,251,229,0
2026-07-29T14:48:52Z,perimetrikos,ba,2094,228,164,23
2026-07-29T14:48:52Z,hatziiosif,ab,2049,443,195,149
2026-07-29T14:48:52Z,hatziiosif,ba,2045,304,202,0
2026-07-29T14:48:52Z,perikleous,ab,2238,444,232,0
2026-07-29T14:48:52Z,perikleous,ba,2649,350,273,0
2026-07-29T14:48:52Z,avraamidi,ab,1264,208,140,0
2026-07-29T14:48:52Z,avraamidi,ba,1266,229,150,0
2026-07-29T14:48:52Z,athinon,ab,1573,248,204,0
2026-07-29T14:48:52Z,athinon,ba,1040,272,134,0
2026-07-29T14:48:52Z,tasou_markou,ab,544,81,70,0
2026-07-29T14:48:52Z,tasou_markou,ba,492,53,55,0
2026-07-29T14:48:52Z,peiraios,ab,590,110,71,0
2026-07-29T14:48:52Z,peiraios,ba,590,101,64,0
2026-07-29T14:59:38Z,strovolou,ab,5400,611,504,0
2026-07-29T14:59:38Z,strovolou,ba,4712,610,404,0
2026-07-29T14:59:38Z,tseriou,ab,3240,347,284,0
2026-07-29T14:59:38Z,tseriou,ba,3739,510,372,0
2026-07-29T14:59:38Z,prodromou,ab,2418,297,254,0
2026-07-29T14:59:38Z,prodromou,ba,2414,349,299,0
2026-07-29T14:59:38Z,akropoleos,ab,5010,751,463,0
2026-07-29T14:59:38Z,akropoleos,ba,5145,782,479,108
2026-07-29T14:59:38Z,athalassas,ab,2793,534,282,0
2026-07-29T14:59:38Z,athalassas,ba,6037,784,534,0
2026-07-29T14:59:38Z,lemesou,ab,2014,424,213,0
2026-07-29T14:59:38Z,lemesou,ba,2007,283,196,0
2026-07-29T14:59:38Z,sp_kyprianou,ab,6489,823,585,0
2026-07-29T14:59:38Z,sp_kyprianou,ba,6573,776,627,0
2026-07-29T14:59:38Z,archangelou,ab,7265,710,523,0
2026-07-29T14:59:38Z,archangelou,ba,6911,685,591,0
2026-07-29T14:59:38Z,konstantinoup,ab,2628,317,291,0
2026-07-29T14:59:38Z,konstantinoup,ba,2629,334,313,0
2026-07-29T14:59:38Z,stavrou,ab,2187,274,208,0
2026-07-29T14:59:38Z,stavrou,ba,2245,242,206,0
2026-07-29T14:59:38Z,makedonitissas,ab,2904,490,408,0
2026-07-29T14:59:38Z,makedonitissas,ba,2705,333,290,0
2026-07-29T14:59:38Z,armenias,ab,1079,147,119,0
2026-07-29T14:59:38Z,armenias,ba,1079,236,132,0
2026-07-29T14:59:38Z,arch_kyprianou,ab,1652,300,254,0
2026-07-29T14:59:38Z,arch_kyprianou,ba,1726,323,202,0
2026-07-29T14:59:38Z,a1_motorway,ab,10597,351,349,0
2026-07-29T14:59:38Z,a1_motorway,ba,14048,563,558,0
2026-07-29T14:59:38Z,makariou_lakat,ab,5849,761,516,128
2026-07-29T14:59:38Z,makariou_lakat,ba,6901,708,583,0
2026-07-29T14:59:38Z,griva_digeni,ab,4212,574,441,0
2026-07-29T14:59:38Z,griva_digeni,ba,5350,828,681,0
2026-07-29T14:59:38Z,aglantzias,ab,1775,215,177,0
2026-07-29T14:59:38Z,aglantzias,ba,3098,474,372,0
2026-07-29T14:59:38Z,kranidioti,ab,1458,113,105,0
2026-07-29T14:59:38Z,kranidioti,ba,1652,127,117,0
2026-07-29T14:59:38Z,perimetrikos,ab,2510,250,229,0
2026-07-29T14:59:38Z,perimetrikos,ba,2094,227,164,23
2026-07-29T14:59:38Z,hatziiosif,ab,2049,380,195,0
2026-07-29T14:59:38Z,hatziiosif,ba,2045,299,202,0
2026-07-29T14:59:38Z,perikleous,ab,2238,428,232,0
2026-07-29T14:59:38Z,perikleous,ba,2649,349,273,0
2026-07-29T14:59:38Z,avraamidi,ab,1264,203,140,0
2026-07-29T14:59:38Z,avraamidi,ba,1266,223,150,0
2026-07-29T14:59:38Z,athinon,ab,1573,246,204,0
2026-07-29T14:59:38Z,athinon,ba,1040,268,134,0
2026-07-29T14:59:38Z,tasou_markou,ab,544,80,70,0
2026-07-29T14:59:38Z,tasou_markou,ba,492,53,55,0
2026-07-29T14:59:38Z,peiraios,ab,590,109,71,0
2026-07-29T14:59:38Z,peiraios,ba,590,98,64,0
2026-07-29T15:10:06Z,strovolou,ab,5400,617,504,0
2026-07-29T15:10:06Z,strovolou,ba,4712,620,404,0
2026-07-29T15:10:06Z,tseriou,ab,2555,376,225,0
2026-07-29T15:10:06Z,tseriou,ba,3739,508,372,0
2026-07-29T15:10:06Z,prodromou,ab,2418,298,254,0
2026-07-29T15:10:06Z,prodromou,ba,2414,352,299,0
2026-07-29T15:10:06Z,akropoleos,ab,5010,800,463,129
2026-07-29T15:10:06Z,akropoleos,ba,5145,721,479,0
2026-07-29T15:10:06Z,athalassas,ab,2793,516,282,0
2026-07-29T15:10:06Z,athalassas,ba,6037,794,534,0
2026-07-29T15:10:06Z,lemesou,ab,2014,423,213,0
2026-07-29T15:10:06Z,lemesou,ba,2007,290,196,0
2026-07-29T15:10:06Z,sp_kyprianou,ab,6489,832,585,0
2026-07-29T15:10:06Z,sp_kyprianou,ba,6573,788,627,0
2026-07-29T15:10:06Z,archangelou,ab,7265,717,523,0
2026-07-29T15:10:06Z,archangelou,ba,6911,690,591,0
2026-07-29T15:10:06Z,konstantinoup,ab,2628,317,291,0
2026-07-29T15:10:06Z,konstantinoup,ba,2629,334,313,0
2026-07-29T15:10:06Z,stavrou,ab,2187,278,208,0
2026-07-29T15:10:06Z,stavrou,ba,2245,244,206,0
2026-07-29T15:10:06Z,makedonitissas,ab,2904,496,408,0
2026-07-29T15:10:06Z,makedonitissas,ba,2705,335,290,0
2026-07-29T15:10:06Z,armenias,ab,1079,148,119,0
2026-07-29T15:10:06Z,armenias,ba,1079,239,132,0
2026-07-29T15:10:06Z,arch_kyprianou,ab,1652,302,254,0
2026-07-29T15:10:06Z,arch_kyprianou,ba,1726,328,202,0
2026-07-29T15:10:06Z,a1_motorway,ab,10597,351,349,0
2026-07-29T15:10:06Z,a1_motorway,ba,14048,564,558,0
2026-07-29T15:10:06Z,makariou_lakat,ab,6137,688,529,0
2026-07-29T15:10:06Z,makariou_lakat,ba,6901,715,583,0
2026-07-29T15:10:06Z,griva_digeni,ab,4212,578,441,0
2026-07-29T15:10:06Z,griva_digeni,ba,5350,837,681,0
2026-07-29T15:10:06Z,aglantzias,ab,1775,217,177,0
2026-07-29T15:10:06Z,aglantzias,ba,3098,482,372,0
2026-07-29T15:10:06Z,kranidioti,ab,1458,113,105,0
2026-07-29T15:10:06Z,kranidioti,ba,1652,127,117,0
2026-07-29T15:10:06Z,perimetrikos,ab,2510,251,229,0
2026-07-29T15:10:06Z,perimetrikos,ba,2327,205,182,0
2026-07-29T15:10:06Z,hatziiosif,ab,2049,423,195,129
2026-07-29T15:10:06Z,hatziiosif,ba,2045,306,202,0
2026-07-29T15:10:06Z,perikleous,ab,2238,432,232,0
2026-07-29T15:10:06Z,perikleous,ba,2649,355,273,0
2026-07-29T15:10:06Z,avraamidi,ab,1264,208,140,0
2026-07-29T15:10:06Z,avraamidi,ba,1266,226,150,0
2026-07-29T15:10:06Z,athinon,ab,1573,249,204,0
2026-07-29T15:10:06Z,athinon,ba,1040,273,134,0
2026-07-29T15:10:06Z,tasou_markou,ab,544,81,70,0
2026-07-29T15:10:06Z,tasou_markou,ba,492,53,55,0
2026-07-29T15:10:06Z,peiraios,ab,590,109,71,0
2026-07-29T15:10:06Z,peiraios,ba,590,100,64,0
2026-07-29T15:20:32Z,strovolou,ab,5400,610,504,0
2026-07-29T15:20:32Z,strovolou,ba,4712,598,404,0
2026-07-29T15:20:32Z,tseriou,ab,2555,363,225,0
2026-07-29T15:20:32Z,tseriou,ba,3739,502,372,0
2026-07-29T15:20:32Z,prodromou,ab,2418,295,254,0
2026-07-29T15:20:32Z,prodromou,ba,2414,349,299,0
2026-07-29T15:20:32Z,akropoleos,ab,5010,790,463,147
2026-07-29T15:20:32Z,akropoleos,ba,5145,702,479,0
2026-07-29T15:20:32Z,athalassas,ab,2793,484,282,0
2026-07-29T15:20:32Z,athalassas,ba,6037,780,534,0
2026-07-29T15:20:32Z,lemesou,ab,2014,385,213,0
2026-07-29T15:20:32Z,lemesou,ba,2007,283,196,0
2026-07-29T15:20:32Z,sp_kyprianou,ab,6489,798,585,0
2026-07-29T15:20:32Z,sp_kyprianou,ba,6573,775,627,0
2026-07-29T15:20:32Z,archangelou,ab,7265,690,523,0
2026-07-29T15:20:32Z,archangelou,ba,6911,682,591,0
2026-07-29T15:20:32Z,konstantinoup,ab,2628,316,291,0
2026-07-29T15:20:32Z,konstantinoup,ba,2629,332,313,0
2026-07-29T15:20:32Z,stavrou,ab,2187,274,208,0
2026-07-29T15:20:32Z,stavrou,ba,2245,242,206,0
2026-07-29T15:20:32Z,makedonitissas,ab,2904,482,408,0
2026-07-29T15:20:32Z,makedonitissas,ba,2705,329,290,0
2026-07-29T15:20:32Z,armenias,ab,1079,148,119,0
2026-07-29T15:20:32Z,armenias,ba,1079,223,132,0
2026-07-29T15:20:32Z,arch_kyprianou,ab,1652,298,254,0
2026-07-29T15:20:32Z,arch_kyprianou,ba,1726,311,202,0
2026-07-29T15:20:32Z,a1_motorway,ab,10597,351,349,0
2026-07-29T15:20:32Z,a1_motorway,ba,14048,563,558,0
2026-07-29T15:20:32Z,makariou_lakat,ab,5849,666,516,0
2026-07-29T15:20:32Z,makariou_lakat,ba,6901,706,583,0
2026-07-29T15:20:32Z,griva_digeni,ab,4212,561,441,0
2026-07-29T15:20:32Z,griva_digeni,ba,5350,826,681,0
2026-07-29T15:20:32Z,aglantzias,ab,1775,215,177,0
2026-07-29T15:20:32Z,aglantzias,ba,3098,474,372,0
2026-07-29T15:20:32Z,kranidioti,ab,1458,113,105,0
2026-07-29T15:20:32Z,kranidioti,ba,1652,126,117,0
2026-07-29T15:20:32Z,perimetrikos,ab,2510,250,229,0
2026-07-29T15:20:32Z,perimetrikos,ba,2094,193,164,0
2026-07-29T15:20:32Z,hatziiosif,ab,2049,371,195,0
2026-07-29T15:20:32Z,hatziiosif,ba,2045,296,202,0
2026-07-29T15:20:32Z,perikleous,ab,2238,412,232,0
2026-07-29T15:20:32Z,perikleous,ba,2649,351,273,0
2026-07-29T15:20:32Z,avraamidi,ab,1264,201,140,0
2026-07-29T15:20:32Z,avraamidi,ba,1266,218,150,0
2026-07-29T15:20:32Z,athinon,ab,1573,247,204,0
2026-07-29T15:20:32Z,athinon,ba,1040,263,134,0
2026-07-29T15:20:32Z,tasou_markou,ab,544,80,70,0
2026-07-29T15:20:32Z,tasou_markou,ba,492,53,55,0
2026-07-29T15:20:32Z,peiraios,ab,590,100,71,0
2026-07-29T15:20:32Z,peiraios,ba,590,96,64,0
2026-07-29T15:30:59Z,strovolou,ab,5400,602,504,0
2026-07-29T15:30:59Z,strovolou,ba,4712,580,404,0
2026-07-29T15:30:59Z,tseriou,ab,2555,352,225,0
2026-07-29T15:30:59Z,tseriou,ba,3739,493,372,0
2026-07-29T15:30:59Z,prodromou,ab,2418,291,254,0
2026-07-29T15:30:59Z,prodromou,ba,2414,345,299,0
2026-07-29T15:30:59Z,akropoleos,ab,5010,693,463,0
2026-07-29T15:30:59Z,akropoleos,ba,5145,687,479,0
2026-07-29T15:30:59Z,athalassas,ab,2793,465,282,0
2026-07-29T15:30:59Z,athalassas,ba,6037,760,534,0
2026-07-29T15:30:59Z,lemesou,ab,2014,362,213,0
2026-07-29T15:30:59Z,lemesou,ba,2007,276,196,0
2026-07-29T15:30:59Z,sp_kyprianou,ab,6489,772,585,0
2026-07-29T15:30:59Z,sp_kyprianou,ba,6573,764,627,0
2026-07-29T15:30:59Z,archangelou,ab,7265,667,523,0
2026-07-29T15:30:59Z,archangelou,ba,6911,675,591,0
2026-07-29T15:30:59Z,konstantinoup,ab,2628,314,291,0
2026-07-29T15:30:59Z,konstantinoup,ba,2629,329,313,0
2026-07-29T15:30:59Z,stavrou,ab,2187,267,208,0
2026-07-29T15:30:59Z,stavrou,ba,2245,240,206,0
2026-07-29T15:30:59Z,makedonitissas,ab,2904,471,408,0
2026-07-29T15:30:59Z,makedonitissas,ba,2705,323,290,0
2026-07-29T15:30:59Z,armenias,ab,1079,146,119,0
2026-07-29T15:30:59Z,armenias,ba,1079,213,132,0
2026-07-29T15:30:59Z,arch_kyprianou,ab,1701,303,215,0
2026-07-29T15:30:59Z,arch_kyprianou,ba,1726,302,202,0
2026-07-29T15:30:59Z,a1_motorway,ab,10597,351,349,0
2026-07-29T15:30:59Z,a1_motorway,ba,14048,562,558,0
2026-07-29T15:30:59Z,makariou_lakat,ab,5849,651,516,0
2026-07-29T15:30:59Z,makariou_lakat,ba,6901,698,583,0
2026-07-29T15:30:59Z,griva_digeni,ab,4212,551,441,0
2026-07-29T15:30:59Z,griva_digeni,ba,5350,816,681,0
2026-07-29T15:30:59Z,aglantzias,ab,1775,213,177,0
2026-07-29T15:30:59Z,aglantzias,ba,3098,467,372,0
2026-07-29T15:30:59Z,kranidioti,ab,1458,111,105,0
2026-07-29T15:30:59Z,kranidioti,ba,1652,124,117,0
2026-07-29T15:30:59Z,perimetrikos,ab,2510,249,229,0
2026-07-29T15:30:59Z,perimetrikos,ba,2094,190,164,0
2026-07-29T15:30:59Z,hatziiosif,ab,2049,337,195,0
2026-07-29T15:30:59Z,hatziiosif,ba,2045,289,202,0
2026-07-29T15:30:59Z,perikleous,ab,2238,389,232,0
2026-07-29T15:30:59Z,perikleous,ba,2649,346,273,0
2026-07-29T15:30:59Z,avraamidi,ab,1264,196,140,0
2026-07-29T15:30:59Z,avraamidi,ba,1266,210,150,0
2026-07-29T15:30:59Z,athinon,ab,1573,245,204,0
2026-07-29T15:30:59Z,athinon,ba,1040,257,134,0
2026-07-29T15:30:59Z,tasou_markou,ab,544,80,70,0
2026-07-29T15:30:59Z,tasou_markou,ba,492,53,55,0
2026-07-29T15:30:59Z,peiraios,ab,590,99,71,0
2026-07-29T15:30:59Z,peiraios,ba,590,93,64,0
2026-07-29T15:41:25Z,strovolou,ab,5400,593,504,0
2026-07-29T15:41:25Z,strovolou,ba,4712,560,404,0
2026-07-29T15:41:25Z,tseriou,ab,2555,340,225,0
2026-07-29T15:41:25Z,tseriou,ba,3739,485,372,0
2026-07-29T15:41:25Z,prodromou,ab,2418,288,254,0
2026-07-29T15:41:25Z,prodromou,ba,2414,341,299,0
2026-07-29T15:41:25Z,akropoleos,ab,5010,672,463,0
2026-07-29T15:41:25Z,akropoleos,ba,5145,670,479,0
2026-07-29T15:41:25Z,athalassas,ab,2793,446,282,0
2026-07-29T15:41:25Z,athalassas,ba,6037,744,534,0
2026-07-29T15:41:25Z,lemesou,ab,2014,342,213,0
2026-07-29T15:41:25Z,lemesou,ba,2007,271,196,0
2026-07-29T15:41:25Z,sp_kyprianou,ab,6489,747,585,0
2026-07-29T15:41:25Z,sp_kyprianou,ba,6573,752,627,0
2026-07-29T15:41:25Z,archangelou,ab,7265,646,523,0
2026-07-29T15:41:25Z,archangelou,ba,6911,668,591,0
2026-07-29T15:41:25Z,konstantinoup,ab,2628,311,291,0
2026-07-29T15:41:25Z,konstantinoup,ba,2629,328,313,0
2026-07-29T15:41:25Z,stavrou,ab,2187,262,208,0
2026-07-29T15:41:25Z,stavrou,ba,2245,237,206,0
2026-07-29T15:41:25Z,makedonitissas,ab,2904,461,408,0
2026-07-29T15:41:25Z,makedonitissas,ba,2705,319,290,0
2026-07-29T15:41:25Z,armenias,ab,1079,144,119,0
2026-07-29T15:41:25Z,armenias,ba,1079,208,132,0
2026-07-29T15:41:25Z,arch_kyprianou,ab,1701,291,215,0
2026-07-29T15:41:25Z,arch_kyprianou,ba,1726,293,202,0
2026-07-29T15:41:25Z,a1_motorway,ab,10597,351,349,0
2026-07-29T15:41:25Z,a1_motorway,ba,14048,562,558,0
2026-07-29T15:41:25Z,makariou_lakat,ab,5849,639,516,0
2026-07-29T15:41:25Z,makariou_lakat,ba,6901,687,583,0
2026-07-29T15:41:25Z,griva_digeni,ab,4212,541,441,0
2026-07-29T15:41:25Z,griva_digeni,ba,5350,803,681,0
2026-07-29T15:41:25Z,aglantzias,ab,1775,210,177,0
2026-07-29T15:41:25Z,aglantzias,ba,3098,462,372,0
2026-07-29T15:41:25Z,kranidioti,ab,1458,110,105,0
2026-07-29T15:41:25Z,kranidioti,ba,1652,124,117,0
2026-07-29T15:41:25Z,perimetrikos,ab,2510,248,229,0
2026-07-29T15:41:25Z,perimetrikos,ba,2094,187,164,0
2026-07-29T15:41:25Z,hatziiosif,ab,2049,324,195,0
2026-07-29T15:41:25Z,hatziiosif,ba,2045,283,202,0
2026-07-29T15:41:25Z,perikleous,ab,2238,374,232,0
2026-07-29T15:41:25Z,perikleous,ba,2649,341,273,0
2026-07-29T15:41:25Z,avraamidi,ab,1264,193,140,0
2026-07-29T15:41:25Z,avraamidi,ba,1266,205,150,0
2026-07-29T15:41:25Z,athinon,ab,1573,241,204,0
2026-07-29T15:41:25Z,athinon,ba,1040,250,134,0
2026-07-29T15:41:25Z,tasou_markou,ab,544,79,70,0
2026-07-29T15:41:25Z,tasou_markou,ba,492,53,55,0
2026-07-29T15:41:25Z,peiraios,ab,590,97,71,0
2026-07-29T15:41:25Z,peiraios,ba,590,89,64,0
2026-07-29T15:51:51Z,strovolou,ab,5400,584,504,0
2026-07-29T15:51:51Z,strovolou,ba,4712,544,404,0
2026-07-29T15:51:51Z,tseriou,ab,2555,329,225,0
2026-07-29T15:51:51Z,tseriou,ba,3739,476,372,0
2026-07-29T15:51:51Z,prodromou,ab,2418,285,254,0
2026-07-29T15:51:51Z,prodromou,ba,2414,337,299,0
2026-07-29T15:51:51Z,akropoleos,ab,5010,653,463,0
2026-07-29T15:51:51Z,akropoleos,ba,5145,652,479,0
2026-07-29T15:51:51Z,athalassas,ab,2793,429,282,0
2026-07-29T15:51:51Z,athalassas,ba,6037,726,534,0
2026-07-29T15:51:51Z,lemesou,ab,2014,324,213,0
2026-07-29T15:51:51Z,lemesou,ba,2007,264,196,0
2026-07-29T15:51:51Z,sp_kyprianou,ab,6489,726,585,0
2026-07-29T15:51:51Z,sp_kyprianou,ba,6573,740,627,0
2026-07-29T15:51:51Z,archangelou,ab,7265,626,523,0
2026-07-29T15:51:51Z,archangelou,ba,6911,658,591,0
2026-07-29T15:51:51Z,konstantinoup,ab,2628,308,291,0
2026-07-29T15:51:51Z,konstantinoup,ba,2629,325,313,0
2026-07-29T15:51:51Z,stavrou,ab,2187,256,208,0
2026-07-29T15:51:51Z,stavrou,ba,2245,233,206,0
2026-07-29T15:51:51Z,makedonitissas,ab,2904,452,408,0
2026-07-29T15:51:51Z,makedonitissas,ba,2705,313,290,0
2026-07-29T15:51:51Z,armenias,ab,1079,142,119,0
2026-07-29T15:51:51Z,armenias,ba,1079,200,132,0
2026-07-29T15:51:51Z,arch_kyprianou,ab,1701,283,215,0
2026-07-29T15:51:51Z,arch_kyprianou,ba,1726,283,202,0
2026-07-29T15:51:51Z,a1_motorway,ab,10597,351,349,0
2026-07-29T15:51:51Z,a1_motorway,ba,14048,561,558,0
2026-07-29T15:51:51Z,makariou_lakat,ab,5849,628,516,0
2026-07-29T15:51:51Z,makariou_lakat,ba,6901,677,583,0
2026-07-29T15:51:51Z,griva_digeni,ab,4212,532,441,0
2026-07-29T15:51:51Z,griva_digeni,ba,5350,789,681,0
2026-07-29T15:51:51Z,aglantzias,ab,1775,208,177,0
2026-07-29T15:51:51Z,aglantzias,ba,3098,455,372,0
2026-07-29T15:51:51Z,kranidioti,ab,1458,109,105,0
2026-07-29T15:51:51Z,kranidioti,ba,1652,122,117,0
2026-07-29T15:51:51Z,perimetrikos,ab,2510,246,229,0
2026-07-29T15:51:51Z,perimetrikos,ba,2094,184,164,0
2026-07-29T15:51:51Z,hatziiosif,ab,2049,311,195,0
2026-07-29T15:51:51Z,hatziiosif,ba,2045,275,202,0
2026-07-29T15:51:51Z,perikleous,ab,2238,360,232,0
2026-07-29T15:51:51Z,perikleous,ba,2649,335,273,0
2026-07-29T15:51:51Z,avraamidi,ab,1264,189,140,0
2026-07-29T15:51:51Z,avraamidi,ba,1266,200,150,0
2026-07-29T15:51:51Z,athinon,ab,1573,237,204,0
2026-07-29T15:51:51Z,athinon,ba,1040,241,134,0
2026-07-29T15:51:51Z,tasou_markou,ab,544,78,70,0
2026-07-29T15:51:51Z,tasou_markou,ba,492,53,55,0
2026-07-29T15:51:51Z,peiraios,ab,590,95,71,0
2026-07-29T15:51:51Z,peiraios,ba,590,87,64,0
2026-07-29T16:02:19Z,strovolou,ab,5400,578,504,0
2026-07-29T16:02:19Z,strovolou,ba,4712,531,404,0
2026-07-29T16:02:19Z,tseriou,ab,2555,317,225,0
2026-07-29T16:02:19Z,tseriou,ba,3739,474,372,0
2026-07-29T16:02:19Z,prodromou,ab,2418,283,254,0
2026-07-29T16:02:19Z,prodromou,ba,2414,335,299,0
2026-07-29T16:02:19Z,akropoleos,ab,5010,638,463,0
2026-07-29T16:02:19Z,akropoleos,ba,5145,640,479,0
2026-07-29T16:02:19Z,athalassas,ab,2793,415,282,0
2026-07-29T16:02:19Z,athalassas,ba,6037,715,534,0
2026-07-29T16:02:19Z,lemesou,ab,2014,311,213,0
2026-07-29T16:02:19Z,lemesou,ba,2007,256,196,0
2026-07-29T16:02:19Z,sp_kyprianou,ab,6489,707,585,0
2026-07-29T16:02:19Z,sp_kyprianou,ba,6573,734,627,0
2026-07-29T16:02:19Z,archangelou,ab,7265,610,523,0
2026-07-29T16:02:19Z,archangelou,ba,6911,654,591,0
2026-07-29T16:02:19Z,konstantinoup,ab,2628,308,291,0
2026-07-29T16:02:19Z,konstantinoup,ba,2629,324,313,0
2026-07-29T16:02:19Z,stavrou,ab,2187,253,208,0
2026-07-29T16:02:19Z,stavrou,ba,2245,231,206,0
2026-07-29T16:02:19Z,makedonitissas,ab,2904,446,408,0
2026-07-29T16:02:19Z,makedonitissas,ba,2705,310,290,0
2026-07-29T16:02:19Z,armenias,ab,1079,140,119,0
2026-07-29T16:02:19Z,armenias,ba,1079,193,132,0
2026-07-29T16:02:19Z,arch_kyprianou,ab,1701,275,215,0
2026-07-29T16:02:19Z,arch_kyprianou,ba,1726,278,202,0
2026-07-29T16:02:19Z,a1_motorway,ab,10597,351,349,0
2026-07-29T16:02:19Z,a1_motorway,ba,14048,562,558,0
2026-07-29T16:02:19Z,makariou_lakat,ab,5849,617,516,0
2026-07-29T16:02:19Z,makariou_lakat,ba,6901,670,583,0
2026-07-29T16:02:19Z,griva_digeni,ab,4212,525,441,0
2026-07-29T16:02:19Z,griva_digeni,ba,5350,779,681,0
2026-07-29T16:02:19Z,aglantzias,ab,1775,206,177,0
2026-07-29T16:02:19Z,aglantzias,ba,3098,449,372,0
2026-07-29T16:02:19Z,kranidioti,ab,1458,109,105,0
2026-07-29T16:02:19Z,kranidioti,ba,1652,121,117,0
2026-07-29T16:02:19Z,perimetrikos,ab,2510,246,229,0
2026-07-29T16:02:19Z,perimetrikos,ba,2094,183,164,0
2026-07-29T16:02:19Z,hatziiosif,ab,2049,305,195,0
2026-07-29T16:02:19Z,hatziiosif,ba,2045,269,202,0
2026-07-29T16:02:19Z,perikleous,ab,2238,350,232,0
2026-07-29T16:02:19Z,perikleous,ba,2649,332,273,0
2026-07-29T16:02:19Z,avraamidi,ab,1264,185,140,0
2026-07-29T16:02:19Z,avraamidi,ba,1266,197,150,0
2026-07-29T16:02:19Z,athinon,ab,1573,234,204,0
2026-07-29T16:02:19Z,athinon,ba,1040,239,134,0
2026-07-29T16:02:19Z,tasou_markou,ab,544,78,70,0
2026-07-29T16:02:19Z,tasou_markou,ba,492,53,55,0
2026-07-29T16:02:19Z,peiraios,ab,590,95,71,0
2026-07-29T16:02:19Z,peiraios,ba,590,84,64,0
2026-07-29T16:12:44Z,strovolou,ab,5400,570,504,0
2026-07-29T16:12:44Z,strovolou,ba,4712,516,404,0
2026-07-29T16:12:44Z,tseriou,ab,2555,308,225,0
2026-07-29T16:12:44Z,tseriou,ba,3739,466,372,0
2026-07-29T16:12:44Z,prodromou,ab,2418,279,254,0
2026-07-29T16:12:44Z,prodromou,ba,2414,331,299,0
2026-07-29T16:12:44Z,akropoleos,ab,5010,616,463,0
2026-07-29T16:12:44Z,akropoleos,ba,5145,626,479,0
2026-07-29T16:12:44Z,athalassas,ab,2793,400,282,0
2026-07-29T16:12:44Z,athalassas,ba,6037,698,534,0
2026-07-29T16:12:44Z,lemesou,ab,2014,296,213,0
2026-07-29T16:12:44Z,lemesou,ba,2007,251,196,0
2026-07-29T16:12:44Z,sp_kyprianou,ab,6489,689,585,0
2026-07-29T16:12:44Z,sp_kyprianou,ba,6573,724,627,0
2026-07-29T16:12:44Z,archangelou,ab,7265,594,523,0
2026-07-29T16:12:44Z,archangelou,ba,6911,647,591,0
2026-07-29T16:12:44Z,konstantinoup,ab,2628,307,291,0
2026-07-29T16:12:44Z,konstantinoup,ba,2629,322,313,0
2026-07-29T16:12:44Z,stavrou,ab,2187,249,208,0
2026-07-29T16:12:44Z,stavrou,ba,2245,228,206,0
2026-07-29T16:12:44Z,makedonitissas,ab,2904,439,408,0
2026-07-29T16:12:44Z,makedonitissas,ba,2705,305,290,0
2026-07-29T16:12:44Z,armenias,ab,1079,138,119,0
2026-07-29T16:12:44Z,armenias,ba,1079,187,132,0
2026-07-29T16:12:44Z,arch_kyprianou,ab,1701,266,215,0
2026-07-29T16:12:44Z,arch_kyprianou,ba,1726,268,202,0
2026-07-29T16:12:44Z,a1_motorway,ab,10597,351,349,0
2026-07-29T16:12:44Z,a1_motorway,ba,14048,560,558,0
2026-07-29T16:12:44Z,makariou_lakat,ab,5849,609,516,0
2026-07-29T16:12:44Z,makariou_lakat,ba,6901,662,583,0
2026-07-29T16:12:44Z,griva_digeni,ab,4212,516,441,0
2026-07-29T16:12:44Z,griva_digeni,ba,5350,769,681,0
2026-07-29T16:12:44Z,aglantzias,ab,1775,203,177,0
2026-07-29T16:12:44Z,aglantzias,ba,3098,440,372,0
2026-07-29T16:12:44Z,kranidioti,ab,1458,108,105,0
2026-07-29T16:12:44Z,kranidioti,ba,1652,120,117,0
2026-07-29T16:12:44Z,perimetrikos,ab,2510,245,229,0
2026-07-29T16:12:44Z,perimetrikos,ba,2094,180,164,0
2026-07-29T16:12:44Z,hatziiosif,ab,2049,294,195,0
2026-07-29T16:12:44Z,hatziiosif,ba,2045,262,202,0
2026-07-29T16:12:44Z,perikleous,ab,2238,335,232,0
2026-07-29T16:12:44Z,perikleous,ba,2649,325,273,0
2026-07-29T16:12:44Z,avraamidi,ab,1264,179,140,0
2026-07-29T16:12:44Z,avraamidi,ba,1266,193,150,0
2026-07-29T16:12:44Z,athinon,ab,1573,230,204,0
2026-07-29T16:12:44Z,athinon,ba,1040,231,134,0
2026-07-29T16:12:44Z,tasou_markou,ab,544,77,70,0
2026-07-29T16:12:44Z,tasou_markou,ba,492,53,55,0
2026-07-29T16:12:44Z,peiraios,ab,590,93,71,0
2026-07-29T16:12:44Z,peiraios,ba,590,81,64,0
2026-07-29T17:04:24Z,strovolou,ab,5400,558,504,0
2026-07-29T17:04:24Z,strovolou,ba,4712,479,404,0
2026-07-29T17:04:24Z,tseriou,ab,2555,287,225,0
2026-07-29T17:04:24Z,tseriou,ba,3739,454,372,0
2026-07-29T17:04:24Z,prodromou,ab,2418,272,254,0
2026-07-29T17:04:24Z,prodromou,ba,2414,328,299,0
2026-07-29T17:04:24Z,akropoleos,ab,5010,572,463,0
2026-07-29T17:04:24Z,akropoleos,ba,5145,588,479,0
2026-07-29T17:04:24Z,athalassas,ab,2793,364,282,0
2026-07-29T17:04:24Z,athalassas,ba,6037,661,534,0
2026-07-29T17:04:24Z,lemesou,ab,2014,263,213,0
2026-07-29T17:04:24Z,lemesou,ba,2007,235,196,0
2026-07-29T17:04:24Z,sp_kyprianou,ab,6489,655,585,0
2026-07-29T17:04:24Z,sp_kyprianou,ba,6573,704,627,0
2026-07-29T17:04:24Z,archangelou,ab,7265,567,523,0
2026-07-29T17:04:24Z,archangelou,ba,6911,642,591,0
2026-07-29T17:04:24Z,konstantinoup,ab,2628,305,291,0
2026-07-29T17:04:24Z,konstantinoup,ba,2629,323,313,0
2026-07-29T17:04:24Z,stavrou,ab,2187,240,208,0
2026-07-29T17:04:24Z,stavrou,ba,2245,223,206,0
2026-07-29T17:04:24Z,makedonitissas,ab,2904,428,408,0
2026-07-29T17:04:24Z,makedonitissas,ba,2705,299,290,0
2026-07-29T17:04:24Z,armenias,ab,1079,134,119,0
2026-07-29T17:04:24Z,armenias,ba,1079,174,132,0
2026-07-29T17:04:24Z,arch_kyprianou,ab,1701,244,215,0
2026-07-29T17:04:24Z,arch_kyprianou,ba,1726,247,202,0
2026-07-29T17:04:24Z,a1_motorway,ab,10597,351,349,0
2026-07-29T17:04:24Z,a1_motorway,ba,14048,560,558,0
2026-07-29T17:04:24Z,makariou_lakat,ab,5849,593,516,0
2026-07-29T17:04:24Z,makariou_lakat,ba,6901,648,583,0
2026-07-29T17:04:24Z,griva_digeni,ab,4212,497,441,0
2026-07-29T17:04:24Z,griva_digeni,ba,5350,747,681,0
2026-07-29T17:04:24Z,aglantzias,ab,1775,198,177,0
2026-07-29T17:04:24Z,aglantzias,ba,3098,424,372,0
2026-07-29T17:04:24Z,kranidioti,ab,1458,107,105,0
2026-07-29T17:04:24Z,kranidioti,ba,1652,119,117,0
2026-07-29T17:04:24Z,perimetrikos,ab,2510,248,229,0
2026-07-29T17:04:24Z,perimetrikos,ba,2094,177,164,0
2026-07-29T17:04:24Z,hatziiosif,ab,2049,271,195,0
2026-07-29T17:04:24Z,hatziiosif,ba,2045,246,202,0
2026-07-29T17:04:24Z,perikleous,ab,2238,304,232,0
2026-07-29T17:04:24Z,perikleous,ba,2649,314,273,0
2026-07-29T17:04:24Z,avraamidi,ab,1264,171,140,0
2026-07-29T17:04:24Z,avraamidi,ba,1266,187,150,0
2026-07-29T17:04:24Z,athinon,ab,1573,224,204,0
2026-07-29T17:04:24Z,athinon,ba,1040,216,134,0
2026-07-29T17:04:24Z,tasou_markou,ab,544,76,70,0
2026-07-29T17:04:24Z,tasou_markou,ba,492,54,55,0
2026-07-29T17:04:24Z,peiraios,ab,590,89,71,0
2026-07-29T17:04:24Z,peiraios,ba,590,73,64,0
2026-07-29T17:03:27Z,strovolou,ab,5400,558,504,0
2026-07-29T17:03:27Z,strovolou,ba,4712,480,404,0
2026-07-29T17:03:27Z,tseriou,ab,2555,288,225,0
2026-07-29T17:03:27Z,tseriou,ba,3739,455,372,0
2026-07-29T17:03:27Z,prodromou,ab,2418,273,254,0
2026-07-29T17:03:27Z,prodromou,ba,2414,328,299,0
2026-07-29T17:03:27Z,akropoleos,ab,5010,573,463,0
2026-07-29T17:03:27Z,akropoleos,ba,5145,589,479,0
2026-07-29T17:03:27Z,athalassas,ab,2793,365,282,0
2026-07-29T17:03:27Z,athalassas,ba,6037,661,534,0
2026-07-29T17:03:27Z,lemesou,ab,2014,264,213,0
2026-07-29T17:03:27Z,lemesou,ba,2007,235,196,0
2026-07-29T17:03:27Z,sp_kyprianou,ab,6489,656,585,0
2026-07-29T17:03:27Z,sp_kyprianou,ba,6573,704,627,0
2026-07-29T17:03:27Z,archangelou,ab,7265,568,523,0
2026-07-29T17:03:27Z,archangelou,ba,6911,642,591,0
2026-07-29T17:03:27Z,konstantinoup,ab,2628,305,291,0
2026-07-29T17:03:27Z,konstantinoup,ba,2629,323,313,0
2026-07-29T17:03:27Z,stavrou,ab,2187,241,208,0
2026-07-29T17:03:27Z,stavrou,ba,2245,224,206,0
2026-07-29T17:03:27Z,makedonitissas,ab,2904,428,408,0
2026-07-29T17:03:27Z,makedonitissas,ba,2705,299,290,0
2026-07-29T17:03:27Z,armenias,ab,1079,135,119,0
2026-07-29T17:03:27Z,armenias,ba,1079,175,132,0
2026-07-29T17:03:27Z,arch_kyprianou,ab,1701,245,215,0
2026-07-29T17:03:27Z,arch_kyprianou,ba,1726,248,202,0
2026-07-29T17:03:27Z,a1_motorway,ab,10597,351,349,0
2026-07-29T17:03:27Z,a1_motorway,ba,14048,560,558,0
2026-07-29T17:03:27Z,makariou_lakat,ab,5849,593,516,0
2026-07-29T17:03:27Z,makariou_lakat,ba,6901,649,583,0
2026-07-29T17:03:27Z,griva_digeni,ab,4212,498,441,0
2026-07-29T17:03:27Z,griva_digeni,ba,5350,748,681,0
2026-07-29T17:03:27Z,aglantzias,ab,1775,198,177,0
2026-07-29T17:03:27Z,aglantzias,ba,3098,425,372,0
2026-07-29T17:03:27Z,kranidioti,ab,1458,107,105,0
2026-07-29T17:03:27Z,kranidioti,ba,1652,119,117,0
2026-07-29T17:03:27Z,perimetrikos,ab,2510,248,229,0
2026-07-29T17:03:27Z,perimetrikos,ba,2094,177,164,0
2026-07-29T17:03:27Z,hatziiosif,ab,2049,271,195,0
2026-07-29T17:03:27Z,hatziiosif,ba,2045,247,202,0
2026-07-29T17:03:27Z,perikleous,ab,2238,305,232,0
2026-07-29T17:03:27Z,perikleous,ba,2649,315,273,0
2026-07-29T17:03:27Z,avraamidi,ab,1264,172,140,0
2026-07-29T17:03:27Z,avraamidi,ba,1266,187,150,0
2026-07-29T17:03:27Z,athinon,ab,1573,224,204,0
2026-07-29T17:03:27Z,athinon,ba,1040,217,134,0
2026-07-29T17:03:27Z,tasou_markou,ab,544,76,70,0
2026-07-29T17:03:27Z,tasou_markou,ba,492,54,55,0
2026-07-29T17:03:27Z,peiraios,ab,590,89,71,0
2026-07-29T17:03:27Z,peiraios,ba,590,74,64,0
2026-07-29T18:05:12Z,strovolou,ab,5400,552,504,0
2026-07-29T18:05:12Z,strovolou,ba,4712,457,404,0
2026-07-29T18:05:12Z,tseriou,ab,2555,266,225,0
2026-07-29T18:05:12Z,tseriou,ba,3739,438,372,0
2026-07-29T18:05:12Z,prodromou,ab,2418,271,254,0
2026-07-29T18:05:12Z,prodromou,ba,2414,326,299,0
2026-07-29T18:05:12Z,akropoleos,ab,5010,532,463,0
2026-07-29T18:05:12Z,akropoleos,ba,5145,546,479,0
2026-07-29T18:05:12Z,athalassas,ab,2793,333,282,0
2026-07-29T18:05:12Z,athalassas,ba,6037,625,534,0
2026-07-29T18:05:12Z,lemesou,ab,2014,244,213,0
2026-07-29T18:05:12Z,lemesou,ba,2007,222,196,0
2026-07-29T18:05:12Z,sp_kyprianou,ab,6489,633,585,0
2026-07-29T18:05:12Z,sp_kyprianou,ba,6573,684,627,0
2026-07-29T18:05:12Z,archangelou,ab,7265,559,523,0
2026-07-29T18:05:12Z,archangelou,ba,6911,644,591,0
2026-07-29T18:05:12Z,konstantinoup,ab,2628,307,291,0
2026-07-29T18:05:12Z,konstantinoup,ba,2629,326,313,0
2026-07-29T18:05:12Z,stavrou,ab,2187,232,208,0
2026-07-29T18:05:12Z,stavrou,ba,2245,223,206,0
2026-07-29T18:05:12Z,makedonitissas,ab,3632,427,395,0
2026-07-29T18:05:12Z,makedonitissas,ba,2705,300,290,0
2026-07-29T18:05:12Z,armenias,ab,1079,131,119,0
2026-07-29T18:05:12Z,armenias,ba,1079,156,132,0
2026-07-29T18:05:12Z,arch_kyprianou,ab,1701,234,215,0
2026-07-29T18:05:12Z,arch_kyprianou,ba,1726,227,202,0
2026-07-29T18:05:12Z,a1_motorway,ab,10597,351,349,0
2026-07-29T18:05:12Z,a1_motorway,ba,14048,562,558,0
2026-07-29T18:05:12Z,makariou_lakat,ab,5849,573,516,0
2026-07-29T18:05:12Z,makariou_lakat,ba,6901,636,583,0
2026-07-29T18:05:12Z,griva_digeni,ab,4212,483,441,0
2026-07-29T18:05:12Z,griva_digeni,ba,5350,732,681,0
2026-07-29T18:05:12Z,aglantzias,ab,1775,196,177,0
2026-07-29T18:05:12Z,aglantzias,ba,3098,407,372,0
2026-07-29T18:05:12Z,kranidioti,ab,1458,108,105,0
2026-07-29T18:05:12Z,kranidioti,ba,1652,122,117,0
2026-07-29T18:05:12Z,perimetrikos,ab,2510,251,229,0
2026-07-29T18:05:12Z,perimetrikos,ba,2094,175,164,0
2026-07-29T18:05:12Z,hatziiosif,ab,2049,243,195,0
2026-07-29T18:05:12Z,hatziiosif,ba,2045,230,202,0
2026-07-29T18:05:12Z,perikleous,ab,2238,274,232,0
2026-07-29T18:05:12Z,perikleous,ba,2649,305,273,0
2026-07-29T18:05:12Z,avraamidi,ab,1264,165,140,0
2026-07-29T18:05:12Z,avraamidi,ba,1266,179,150,0
2026-07-29T18:05:12Z,athinon,ab,1573,219,204,0
2026-07-29T18:05:12Z,athinon,ba,1040,195,134,0
2026-07-29T18:05:12Z,tasou_markou,ab,544,76,70,0
2026-07-29T18:05:12Z,tasou_markou,ba,492,55,55,0
2026-07-29T18:05:12Z,peiraios,ab,590,81,71,0
2026-07-29T18:05:12Z,peiraios,ba,590,70,64,0
2026-07-30T03:38:29Z,strovolou,ab,5693,832,553,0
2026-07-30T03:38:29Z,strovolou,ba,4712,414,404,0
2026-07-30T03:38:29Z,tseriou,ab,2555,253,225,0
2026-07-30T03:38:29Z,tseriou,ba,3739,438,372,0
2026-07-30T03:38:29Z,prodromou,ab,2418,286,254,0
2026-07-30T03:38:29Z,prodromou,ba,2414,360,299,0
2026-07-30T03:38:29Z,akropoleos,ab,5010,560,463,0
2026-07-30T03:38:29Z,akropoleos,ba,5145,716,479,0
2026-07-30T03:38:29Z,athalassas,ab,2793,412,282,0
2026-07-30T03:38:29Z,athalassas,ba,6037,756,534,0
2026-07-30T03:38:29Z,lemesou,ab,2014,265,213,0
2026-07-30T03:38:29Z,lemesou,ba,2007,295,196,0
2026-07-30T03:38:29Z,sp_kyprianou,ab,6489,620,585,0
2026-07-30T03:38:29Z,sp_kyprianou,ba,6573,907,627,0
2026-07-30T03:38:29Z,archangelou,ab,7265,552,523,0
2026-07-30T03:38:29Z,archangelou,ba,6911,816,591,0
2026-07-30T03:38:29Z,konstantinoup,ab,2628,300,291,0
2026-07-30T03:38:29Z,konstantinoup,ba,2629,340,313,0
2026-07-30T03:38:29Z,stavrou,ab,2187,207,208,0
2026-07-30T03:38:29Z,stavrou,ba,2245,222,206,0
2026-07-30T03:38:29Z,makedonitissas,ab,2797,428,391,0
2026-07-30T03:38:29Z,makedonitissas,ba,2705,326,290,0
2026-07-30T03:38:29Z,armenias,ab,1079,146,119,0
2026-07-30T03:38:29Z,armenias,ba,1079,170,132,0
2026-07-30T03:38:29Z,arch_kyprianou,ab,1701,229,215,0
2026-07-30T03:38:29Z,arch_kyprianou,ba,1726,354,202,0
2026-07-30T03:38:29Z,a1_motorway,ab,10597,351,349,0
2026-07-30T03:38:29Z,a1_motorway,ba,14048,571,558,0
2026-07-30T03:38:29Z,makariou_lakat,ab,5849,545,516,0
2026-07-30T03:38:29Z,makariou_lakat,ba,6316,660,613,0
2026-07-30T03:38:29Z,griva_digeni,ab,4212,437,441,0
2026-07-30T03:38:29Z,griva_digeni,ba,5350,839,681,0
2026-07-30T03:38:29Z,aglantzias,ab,1775,225,177,0
2026-07-30T03:38:29Z,aglantzias,ba,3098,453,372,0
2026-07-30T03:38:29Z,kranidioti,ab,1458,108,105,0
2026-07-30T03:38:29Z,kranidioti,ba,1652,117,117,0
2026-07-30T03:38:29Z,perimetrikos,ab,2510,268,229,0
2026-07-30T03:38:29Z,perimetrikos,ba,2094,161,164,0
2026-07-30T03:38:29Z,hatziiosif,ab,2049,237,195,0
2026-07-30T03:38:29Z,hatziiosif,ba,2045,302,202,0
2026-07-30T03:38:29Z,perikleous,ab,2238,319,232,0
2026-07-30T03:38:29Z,perikleous,ba,2649,317,273,0
2026-07-30T03:38:29Z,avraamidi,ab,1264,183,140,0
2026-07-30T03:38:29Z,avraamidi,ba,1266,162,150,0
2026-07-30T03:38:29Z,athinon,ab,1573,213,204,0
2026-07-30T03:38:29Z,athinon,ba,1040,192,134,0
2026-07-30T03:38:29Z,tasou_markou,ab,544,84,70,0
2026-07-30T03:38:29Z,tasou_markou,ba,492,53,55,0
2026-07-30T03:38:29Z,peiraios,ab,590,103,71,0
2026-07-30T03:38:29Z,peiraios,ba,590,70,64,0
2026-07-30T03:48:56Z,strovolou,ab,5693,917,553,0
2026-07-30T03:48:56Z,strovolou,ba,4712,426,404,0
2026-07-30T03:48:56Z,tseriou,ab,2555,262,225,0
2026-07-30T03:48:56Z,tseriou,ba,3739,453,372,0
2026-07-30T03:48:56Z,prodromou,ab,2418,301,254,0
2026-07-30T03:48:56Z,prodromou,ba,2414,381,299,0
2026-07-30T03:48:56Z,akropoleos,ab,5010,591,463,0
2026-07-30T03:48:56Z,akropoleos,ba,5145,778,479,0
2026-07-30T03:48:56Z,athalassas,ab,2793,440,282,0
2026-07-30T03:48:56Z,athalassas,ba,6037,817,534,0
2026-07-30T03:48:56Z,lemesou,ab,2014,281,213,0
2026-07-30T03:48:56Z,lemesou,ba,2007,318,196,0
2026-07-30T03:48:56Z,sp_kyprianou,ab,6489,640,585,0
2026-07-30T03:48:56Z,sp_kyprianou,ba,6573,1007,627,0
2026-07-30T03:48:56Z,archangelou,ab,7265,564,523,0
2026-07-30T03:48:56Z,archangelou,ba,6911,890,591,0
2026-07-30T03:48:56Z,konstantinoup,ab,2628,303,291,0
2026-07-30T03:48:56Z,konstantinoup,ba,2629,352,313,0
2026-07-30T03:48:56Z,stavrou,ab,2187,213,208,0
2026-07-30T03:48:56Z,stavrou,ba,2245,229,206,0
2026-07-30T03:48:56Z,makedonitissas,ab,2797,441,391,0
2026-07-30T03:48:56Z,makedonitissas,ba,2705,340,290,0
2026-07-30T03:48:56Z,armenias,ab,1079,154,119,0
2026-07-30T03:48:56Z,armenias,ba,1079,179,132,0
2026-07-30T03:48:56Z,arch_kyprianou,ab,1701,239,215,0
2026-07-30T03:48:56Z,arch_kyprianou,ba,1726,404,202,0
2026-07-30T03:48:56Z,a1_motorway,ab,10597,354,349,0
2026-07-30T03:48:56Z,a1_motorway,ba,14048,578,558,0
2026-07-30T03:48:56Z,makariou_lakat,ab,5849,564,516,0
2026-07-30T03:48:56Z,makariou_lakat,ba,6316,681,613,0
2026-07-30T03:48:56Z,griva_digeni,ab,4212,446,441,0
2026-07-30T03:48:56Z,griva_digeni,ba,6184,932,764,0
2026-07-30T03:48:56Z,aglantzias,ab,1775,244,177,0
2026-07-30T03:48:56Z,aglantzias,ba,3098,470,372,0
2026-07-30T03:48:56Z,kranidioti,ab,1458,112,105,0
2026-07-30T03:48:56Z,kranidioti,ba,1652,120,117,0
2026-07-30T03:48:56Z,perimetrikos,ab,2510,278,229,0
2026-07-30T03:48:56Z,perimetrikos,ba,2094,163,164,0
2026-07-30T03:48:56Z,hatziiosif,ab,2049,248,195,0
2026-07-30T03:48:56Z,hatziiosif,ba,2045,326,202,0
2026-07-30T03:48:56Z,perikleous,ab,2238,345,232,0
2026-07-30T03:48:56Z,perikleous,ba,2649,329,273,0
2026-07-30T03:48:56Z,avraamidi,ab,1264,192,140,0
2026-07-30T03:48:56Z,avraamidi,ba,1266,166,150,0
2026-07-30T03:48:56Z,athinon,ab,1573,218,204,0
2026-07-30T03:48:56Z,athinon,ba,1040,204,134,0
2026-07-30T03:48:56Z,tasou_markou,ab,544,86,70,0
2026-07-30T03:48:56Z,tasou_markou,ba,492,53,55,0
2026-07-30T03:48:56Z,peiraios,ab,590,114,71,0
2026-07-30T03:48:56Z,peiraios,ba,590,72,64,0
2026-07-30T03:59:21Z,strovolou,ab,5693,1000,553,0
2026-07-30T03:59:21Z,strovolou,ba,4712,439,404,0
2026-07-30T03:59:21Z,tseriou,ab,2555,274,225,0
2026-07-30T03:59:21Z,tseriou,ba,3739,472,372,0
2026-07-30T03:59:21Z,prodromou,ab,2418,318,254,0
2026-07-30T03:59:21Z,prodromou,ba,2414,404,299,0
2026-07-30T03:59:21Z,akropoleos,ab,5010,725,463,153
2026-07-30T03:59:21Z,akropoleos,ba,5145,837,479,0
2026-07-30T03:59:21Z,athalassas,ab,2793,471,282,0
2026-07-30T03:59:21Z,athalassas,ba,6037,878,534,0
2026-07-30T03:59:21Z,lemesou,ab,2014,298,213,0
2026-07-30T03:59:21Z,lemesou,ba,2007,341,196,0
2026-07-30T03:59:21Z,sp_kyprianou,ab,6489,661,585,0
2026-07-30T03:59:21Z,sp_kyprianou,ba,6573,1110,627,0
2026-07-30T03:59:21Z,archangelou,ab,7265,579,523,0
2026-07-30T03:59:21Z,archangelou,ba,6985,958,684,0
2026-07-30T03:59:21Z,konstantinoup,ab,2628,304,291,0
2026-07-30T03:59:21Z,konstantinoup,ba,2629,369,313,0
2026-07-30T03:59:21Z,stavrou,ab,2187,219,208,0
2026-07-30T03:59:21Z,stavrou,ba,2245,238,206,0
2026-07-30T03:59:21Z,makedonitissas,ab,2797,454,391,0
2026-07-30T03:59:21Z,makedonitissas,ba,2705,353,290,0
2026-07-30T03:59:21Z,armenias,ab,1079,162,119,0
2026-07-30T03:59:21Z,armenias,ba,1079,191,132,0
2026-07-30T03:59:21Z,arch_kyprianou,ab,1701,249,215,0
2026-07-30T03:59:21Z,arch_kyprianou,ba,1726,454,202,0
2026-07-30T03:59:21Z,a1_motorway,ab,10597,351,349,0
2026-07-30T03:59:21Z,a1_motorway,ba,14048,586,558,0
2026-07-30T03:59:21Z,makariou_lakat,ab,5849,586,516,0
2026-07-30T03:59:21Z,makariou_lakat,ba,6316,701,613,0
2026-07-30T03:59:21Z,griva_digeni,ab,4212,462,441,0
2026-07-30T03:59:21Z,griva_digeni,ba,6184,980,764,0
2026-07-30T03:59:21Z,aglantzias,ab,1775,262,177,0
2026-07-30T03:59:21Z,aglantzias,ba,3098,491,372,0
2026-07-30T03:59:21Z,kranidioti,ab,1458,115,105,0
2026-07-30T03:59:21Z,kranidioti,ba,1652,124,117,0
2026-07-30T03:59:21Z,perimetrikos,ab,2510,289,229,0
2026-07-30T03:59:21Z,perimetrikos,ba,2094,165,164,0
2026-07-30T03:59:21Z,hatziiosif,ab,2049,367,195,153
2026-07-30T03:59:21Z,hatziiosif,ba,2045,350,202,0
2026-07-30T03:59:21Z,perikleous,ab,2238,375,232,0
2026-07-30T03:59:21Z,perikleous,ba,2649,342,273,0
2026-07-30T03:59:21Z,avraamidi,ab,1264,204,140,0
2026-07-30T03:59:21Z,avraamidi,ba,1266,170,150,0
2026-07-30T03:59:21Z,athinon,ab,1573,223,204,0
2026-07-30T03:59:21Z,athinon,ba,1040,217,134,0
2026-07-30T03:59:21Z,tasou_markou,ab,544,90,70,0
2026-07-30T03:59:21Z,tasou_markou,ba,492,53,55,0
2026-07-30T03:59:21Z,peiraios,ab,590,122,71,0
2026-07-30T03:59:21Z,peiraios,ba,590,76,64,0
2026-07-30T04:09:47Z,strovolou,ab,5693,1089,553,0
2026-07-30T04:09:47Z,strovolou,ba,4712,467,404,0
2026-07-30T04:09:47Z,tseriou,ab,2555,297,225,0
2026-07-30T04:09:47Z,tseriou,ba,3739,502,372,0
2026-07-30T04:09:47Z,prodromou,ab,2418,340,254,0
2026-07-30T04:09:47Z,prodromou,ba,2414,430,299,0
2026-07-30T04:09:47Z,akropoleos,ab,5010,742,463,126
2026-07-30T04:09:47Z,akropoleos,ba,5145,902,479,0
2026-07-30T04:09:47Z,athalassas,ab,2793,503,282,0
2026-07-30T04:09:47Z,athalassas,ba,4619,891,562,0
2026-07-30T04:09:47Z,lemesou,ab,2014,321,213,0
2026-07-30T04:09:47Z,lemesou,ba,2007,364,196,0
2026-07-30T04:09:47Z,sp_kyprianou,ab,6489,707,585,0
2026-07-30T04:09:47Z,sp_kyprianou,ba,6573,1212,627,0
2026-07-30T04:09:47Z,archangelou,ab,7265,611,523,0
2026-07-30T04:09:47Z,archangelou,ba,6985,1030,684,0
2026-07-30T04:09:47Z,konstantinoup,ab,2628,317,291,0
2026-07-30T04:09:47Z,konstantinoup,ba,2629,390,313,0
2026-07-30T04:09:47Z,stavrou,ab,2187,235,208,0
2026-07-30T04:09:47Z,stavrou,ba,2245,252,206,0
2026-07-30T04:09:47Z,makedonitissas,ab,2797,482,391,0
2026-07-30T04:09:47Z,makedonitissas,ba,2705,376,290,0
2026-07-30T04:09:47Z,armenias,ab,1079,172,119,0
2026-07-30T04:09:47Z,armenias,ba,1079,204,132,0
2026-07-30T04:09:47Z,arch_kyprianou,ab,1701,265,215,0
2026-07-30T04:09:47Z,arch_kyprianou,ba,1726,509,202,0
2026-07-30T04:09:47Z,a1_motorway,ab,10597,356,349,0
2026-07-30T04:09:47Z,a1_motorway,ba,14048,599,558,0
2026-07-30T04:09:47Z,makariou_lakat,ab,5849,630,516,0
2026-07-30T04:09:47Z,makariou_lakat,ba,6316,743,613,0
2026-07-30T04:09:47Z,griva_digeni,ab,4212,493,441,0
2026-07-30T04:09:47Z,griva_digeni,ba,6184,1053,764,0
2026-07-30T04:09:47Z,aglantzias,ab,1775,284,177,0
2026-07-30T04:09:47Z,aglantzias,ba,3098,519,372,0
2026-07-30T04:09:47Z,kranidioti,ab,1458,121,105,0
2026-07-30T04:09:47Z,kranidioti,ba,1652,131,117,0
2026-07-30T04:09:47Z,perimetrikos,ab,2510,306,229,0
2026-07-30T04:09:47Z,perimetrikos,ba,2094,174,164,0
2026-07-30T04:09:47Z,hatziiosif,ab,2049,361,195,126
2026-07-30T04:09:47Z,hatziiosif,ba,2045,374,202,0
2026-07-30T04:09:47Z,perikleous,ab,2238,407,232,0
2026-07-30T04:09:47Z,perikleous,ba,2649,362,273,0
2026-07-30T04:09:47Z,avraamidi,ab,1264,216,140,0
2026-07-30T04:09:47Z,avraamidi,ba,1266,181,150,0
2026-07-30T04:09:47Z,athinon,ab,1573,235,204,0
2026-07-30T04:09:47Z,athinon,ba,1040,234,134,0
2026-07-30T04:09:47Z,tasou_markou,ab,544,94,70,0
2026-07-30T04:09:47Z,tasou_markou,ba,492,55,55,0
2026-07-30T04:09:47Z,peiraios,ab,590,132,71,0
2026-07-30T04:09:47Z,peiraios,ba,590,81,64,0
2026-07-30T04:20:14Z,strovolou,ab,5693,1175,553,126
2026-07-30T04:20:14Z,strovolou,ba,4712,484,404,0
2026-07-30T04:20:14Z,tseriou,ab,2555,312,225,0
2026-07-30T04:20:14Z,tseriou,ba,3739,525,372,0
2026-07-30T04:20:14Z,prodromou,ab,2418,354,254,0
2026-07-30T04:20:14Z,prodromou,ba,2414,449,299,0
2026-07-30T04:20:14Z,akropoleos,ab,5010,699,463,0
2026-07-30T04:20:14Z,akropoleos,ba,5145,963,479,0
2026-07-30T04:20:14Z,athalassas,ab,2793,532,282,0
2026-07-30T04:20:14Z,athalassas,ba,4619,935,562,0
2026-07-30T04:20:14Z,lemesou,ab,2014,340,213,0
2026-07-30T04:20:14Z,lemesou,ba,2007,389,196,0
2026-07-30T04:20:14Z,sp_kyprianou,ab,6489,733,585,0
2026-07-30T04:20:14Z,sp_kyprianou,ba,6573,1288,627,60
2026-07-30T04:20:14Z,archangelou,ab,7265,625,523,0
2026-07-30T04:20:14Z,archangelou,ba,6985,1084,684,0
2026-07-30T04:20:14Z,konstantinoup,ab,2628,319,291,0
2026-07-30T04:20:14Z,konstantinoup,ba,2629,402,313,0
2026-07-30T04:20:14Z,stavrou,ab,2187,244,208,0
2026-07-30T04:20:14Z,stavrou,ba,2245,258,206,0
2026-07-30T04:20:14Z,makedonitissas,ab,2797,496,391,0
2026-07-30T04:20:14Z,makedonitissas,ba,2705,388,290,0
2026-07-30T04:20:14Z,armenias,ab,1079,178,119,0
2026-07-30T04:20:14Z,armenias,ba,1079,214,132,0
2026-07-30T04:20:14Z,arch_kyprianou,ab,1701,276,215,0
2026-07-30T04:20:14Z,arch_kyprianou,ba,1726,572,202,78
2026-07-30T04:20:14Z,a1_motorway,ab,10597,357,349,0
2026-07-30T04:20:14Z,a1_motorway,ba,14048,606,558,0
2026-07-30T04:20:14Z,makariou_lakat,ab,5849,660,516,0
2026-07-30T04:20:14Z,makariou_lakat,ba,6316,765,613,0
2026-07-30T04:20:14Z,griva_digeni,ab,4212,512,441,0
2026-07-30T04:20:14Z,griva_digeni,ba,6184,1099,764,0
2026-07-30T04:20:14Z,aglantzias,ab,1775,305,177,0
2026-07-30T04:20:14Z,aglantzias,ba,3098,537,372,0
2026-07-30T04:20:14Z,kranidioti,ab,1458,124,105,0
2026-07-30T04:20:14Z,kranidioti,ba,1652,135,117,0
2026-07-30T04:20:14Z,perimetrikos,ab,2510,314,229,0
2026-07-30T04:20:14Z,perimetrikos,ba,2094,176,164,0
2026-07-30T04:20:14Z,hatziiosif,ab,2049,297,195,0
2026-07-30T04:20:14Z,hatziiosif,ba,2045,398,202,0
2026-07-30T04:20:14Z,perikleous,ab,2016,390,275,0
2026-07-30T04:20:14Z,perikleous,ba,2649,375,273,0
2026-07-30T04:20:14Z,avraamidi,ab,1264,225,140,0
2026-07-30T04:20:14Z,avraamidi,ba,1266,186,150,0
2026-07-30T04:20:14Z,athinon,ab,1573,248,204,20
2026-07-30T04:20:14Z,athinon,ba,1040,251,134,0
2026-07-30T04:20:14Z,tasou_markou,ab,544,97,70,0
2026-07-30T04:20:14Z,tasou_markou,ba,492,55,55,0
2026-07-30T04:20:14Z,peiraios,ab,590,139,71,0
2026-07-30T04:20:14Z,peiraios,ba,590,84,64,0
2026-07-30T04:30:39Z,strovolou,ab,5693,1241,553,245
2026-07-30T04:30:39Z,strovolou,ba,4712,500,404,0
2026-07-30T04:30:39Z,tseriou,ab,2555,330,225,0
2026-07-30T04:30:39Z,tseriou,ba,3739,545,372,0
2026-07-30T04:30:39Z,prodromou,ab,2418,366,254,0
2026-07-30T04:30:39Z,prodromou,ba,2414,464,299,0
2026-07-30T04:30:39Z,akropoleos,ab,5010,732,463,0
2026-07-30T04:30:39Z,akropoleos,ba,5145,1002,479,0
2026-07-30T04:30:39Z,athalassas,ab,2793,557,282,0
2026-07-30T04:30:39Z,athalassas,ba,4712,927,628,0
2026-07-30T04:30:39Z,lemesou,ab,2014,361,213,0
2026-07-30T04:30:39Z,lemesou,ba,2007,406,196,0
2026-07-30T04:30:39Z,sp_kyprianou,ab,6489,759,585,0
2026-07-30T04:30:39Z,sp_kyprianou,ba,6573,1335,627,80
2026-07-30T04:30:39Z,archangelou,ab,7265,638,523,0
2026-07-30T04:30:39Z,archangelou,ba,7441,1133,669,80
2026-07-30T04:30:39Z,konstantinoup,ab,2628,321,291,0
2026-07-30T04:30:39Z,konstantinoup,ba,2629,410,313,0
2026-07-30T04:30:39Z,stavrou,ab,2187,255,208,0
2026-07-30T04:30:39Z,stavrou,ba,2245,264,206,0
2026-07-30T04:30:39Z,makedonitissas,ab,2904,512,408,0
2026-07-30T04:30:39Z,makedonitissas,ba,2705,398,290,0
2026-07-30T04:30:39Z,armenias,ab,1079,183,119,0
2026-07-30T04:30:39Z,armenias,ba,1079,227,132,0
2026-07-30T04:30:39Z,arch_kyprianou,ab,1701,287,215,0
2026-07-30T04:30:39Z,arch_kyprianou,ba,2473,636,354,0
2026-07-30T04:30:39Z,a1_motorway,ab,10597,355,349,0
2026-07-30T04:30:39Z,a1_motorway,ba,14048,610,558,0
2026-07-30T04:30:39Z,makariou_lakat,ab,5849,683,516,0
2026-07-30T04:30:39Z,makariou_lakat,ba,6316,781,613,0
2026-07-30T04:30:39Z,griva_digeni,ab,4212,529,441,0
2026-07-30T04:30:39Z,griva_digeni,ba,6184,1142,764,0
2026-07-30T04:30:39Z,aglantzias,ab,1775,325,177,0
2026-07-30T04:30:39Z,aglantzias,ba,3098,553,372,0
2026-07-30T04:30:39Z,kranidioti,ab,1458,127,105,0
2026-07-30T04:30:39Z,kranidioti,ba,1652,139,117,0
2026-07-30T04:30:39Z,perimetrikos,ab,2510,321,229,0
2026-07-30T04:30:39Z,perimetrikos,ba,2094,178,164,0
2026-07-30T04:30:39Z,hatziiosif,ab,2049,314,195,0
2026-07-30T04:30:39Z,hatziiosif,ba,2045,415,202,0
2026-07-30T04:30:39Z,perikleous,ab,2016,403,275,0
2026-07-30T04:30:39Z,perikleous,ba,2649,386,273,0
2026-07-30T04:30:39Z,avraamidi,ab,1264,234,140,0
2026-07-30T04:30:39Z,avraamidi,ba,1266,192,150,0
2026-07-30T04:30:39Z,athinon,ab,1573,259,204,27
2026-07-30T04:30:39Z,athinon,ba,1040,268,134,1
2026-07-30T04:30:39Z,tasou_markou,ab,544,99,70,0
2026-07-30T04:30:39Z,tasou_markou,ba,492,55,55,0
2026-07-30T04:30:39Z,peiraios,ab,590,144,71,0
2026-07-30T04:30:39Z,peiraios,ba,590,87,64,0
2026-07-30T04:41:05Z,strovolou,ab,5693,1289,553,220
2026-07-30T04:41:05Z,strovolou,ba,4712,514,404,0
2026-07-30T04:41:05Z,tseriou,ab,2555,343,225,0
2026-07-30T04:41:05Z,tseriou,ba,3739,562,372,0
2026-07-30T04:41:05Z,prodromou,ab,2418,377,254,0
2026-07-30T04:41:05Z,prodromou,ba,2414,477,299,0
2026-07-30T04:41:05Z,akropoleos,ab,5010,763,463,0
2026-07-30T04:41:05Z,akropoleos,ba,5145,1029,479,0
2026-07-30T04:41:05Z,athalassas,ab,2793,579,282,0
2026-07-30T04:41:05Z,athalassas,ba,4712,955,628,0
2026-07-30T04:41:05Z,lemesou,ab,2014,378,213,0
2026-07-30T04:41:05Z,lemesou,ba,2007,415,196,0
2026-07-30T04:41:05Z,sp_kyprianou,ab,6489,782,585,0
2026-07-30T04:41:05Z,sp_kyprianou,ba,6573,1366,627,130
2026-07-30T04:41:05Z,archangelou,ab,7265,649,523,0
2026-07-30T04:41:05Z,archangelou,ba,6911,1126,591,130
2026-07-30T04:41:05Z,konstantinoup,ab,2628,321,291,0
2026-07-30T04:41:05Z,konstantinoup,ba,2629,415,313,0
2026-07-30T04:41:05Z,stavrou,ab,2187,263,208,0
2026-07-30T04:41:05Z,stavrou,ba,2245,269,206,0
2026-07-30T04:41:05Z,makedonitissas,ab,2904,518,408,0
2026-07-30T04:41:05Z,makedonitissas,ba,2705,405,290,0
2026-07-30T04:41:05Z,armenias,ab,1079,186,119,0
2026-07-30T04:41:05Z,armenias,ba,1079,236,132,0
2026-07-30T04:41:05Z,arch_kyprianou,ab,1777,301,214,0
2026-07-30T04:41:05Z,arch_kyprianou,ba,1726,612,202,0
2026-07-30T04:41:05Z,a1_motorway,ab,10597,355,349,0
2026-07-30T04:41:05Z,a1_motorway,ba,14048,612,558,0
2026-07-30T04:41:05Z,makariou_lakat,ab,5849,706,516,0
2026-07-30T04:41:05Z,makariou_lakat,ba,6316,794,613,0
2026-07-30T04:41:05Z,griva_digeni,ab,4212,545,441,0
2026-07-30T04:41:05Z,griva_digeni,ba,6184,1173,764,0
2026-07-30T04:41:05Z,aglantzias,ab,1775,339,177,0
2026-07-30T04:41:05Z,aglantzias,ba,3098,563,372,0
2026-07-30T04:41:05Z,kranidioti,ab,1458,129,105,0
2026-07-30T04:41:05Z,kranidioti,ba,1652,143,117,0
2026-07-30T04:41:05Z,perimetrikos,ab,2510,325,229,0
2026-07-30T04:41:05Z,perimetrikos,ba,2094,180,164,0
2026-07-30T04:41:05Z,hatziiosif,ab,2049,328,195,0
2026-07-30T04:41:05Z,hatziiosif,ba,2045,425,202,0
2026-07-30T04:41:05Z,perikleous,ab,2016,418,275,0
2026-07-30T04:41:05Z,perikleous,ba,2649,396,273,0
2026-07-30T04:41:05Z,avraamidi,ab,1264,239,140,0
2026-07-30T04:41:05Z,avraamidi,ba,1266,197,150,0
2026-07-30T04:41:05Z,athinon,ab,1573,253,204,0
2026-07-30T04:41:05Z,athinon,ba,1040,284,134,0
2026-07-30T04:41:05Z,tasou_markou,ab,544,102,70,0
2026-07-30T04:41:05Z,tasou_markou,ba,492,55,55,0
2026-07-30T04:41:05Z,peiraios,ab,590,148,71,0
2026-07-30T04:41:05Z,peiraios,ba,590,90,64,0
2026-07-30T04:51:32Z,strovolou,ab,5693,1278,553,220
2026-07-30T04:51:32Z,strovolou,ba,4712,527,404,0
2026-07-30T04:51:32Z,tseriou,ab,2555,356,225,0
2026-07-30T04:51:32Z,tseriou,ba,3739,575,372,0
2026-07-30T04:51:32Z,prodromou,ab,2418,383,254,0
2026-07-30T04:51:32Z,prodromou,ba,2414,485,299,0
2026-07-30T04:51:32Z,akropoleos,ab,5010,789,463,0
2026-07-30T04:51:32Z,akropoleos,ba,5145,1105,479,99
2026-07-30T04:51:32Z,athalassas,ab,2793,595,282,0
2026-07-30T04:51:32Z,athalassas,ba,4712,969,628,0
2026-07-30T04:51:32Z,lemesou,ab,2014,393,213,0
2026-07-30T04:51:32Z,lemesou,ba,2007,426,196,0
2026-07-30T04:51:32Z,sp_kyprianou,ab,6489,801,585,0
2026-07-30T04:51:32Z,sp_kyprianou,ba,6573,1389,627,194
2026-07-30T04:51:32Z,archangelou,ab,7265,656,523,0
2026-07-30T04:51:32Z,archangelou,ba,6911,1147,591,194
2026-07-30T04:51:32Z,konstantinoup,ab,2628,322,291,0
2026-07-30T04:51:32Z,konstantinoup,ba,2629,417,313,0
2026-07-30T04:51:32Z,stavrou,ab,2187,273,208,0
2026-07-30T04:51:32Z,stavrou,ba,2245,271,206,0
2026-07-30T04:51:32Z,makedonitissas,ab,2904,522,408,0
2026-07-30T04:51:32Z,makedonitissas,ba,2705,407,290,0
2026-07-30T04:51:32Z,armenias,ab,1079,191,119,0
2026-07-30T04:51:32Z,armenias,ba,1079,244,132,0
2026-07-30T04:51:32Z,arch_kyprianou,ab,1701,302,215,0
2026-07-30T04:51:32Z,arch_kyprianou,ba,1726,626,202,0
2026-07-30T04:51:32Z,a1_motorway,ab,10597,353,349,0
2026-07-30T04:51:32Z,a1_motorway,ba,14048,613,558,0
2026-07-30T04:51:32Z,makariou_lakat,ab,5849,723,516,0
2026-07-30T04:51:32Z,makariou_lakat,ba,6316,801,613,0
2026-07-30T04:51:32Z,griva_digeni,ab,4212,561,441,0
2026-07-30T04:51:32Z,griva_digeni,ba,5350,1181,681,0
2026-07-30T04:51:32Z,aglantzias,ab,1775,351,177,0
2026-07-30T04:51:32Z,aglantzias,ba,3098,573,372,0
2026-07-30T04:51:32Z,kranidioti,ab,1458,129,105,0
2026-07-30T04:51:32Z,kranidioti,ba,1652,146,117,0
2026-07-30T04:51:32Z,perimetrikos,ab,2510,325,229,0
2026-07-30T04:51:32Z,perimetrikos,ba,2094,182,164,0
2026-07-30T04:51:32Z,hatziiosif,ab,2049,343,195,0
2026-07-30T04:51:32Z,hatziiosif,ba,2045,433,202,0
2026-07-30T04:51:32Z,perikleous,ab,2016,431,275,0
2026-07-30T04:51:32Z,perikleous,ba,2649,401,273,0
2026-07-30T04:51:32Z,avraamidi,ab,1264,245,140,0
2026-07-30T04:51:32Z,avraamidi,ba,1266,201,150,0
2026-07-30T04:51:32Z,athinon,ab,1573,259,204,0
2026-07-30T04:51:32Z,athinon,ba,1040,301,134,0
2026-07-30T04:51:32Z,tasou_markou,ab,544,103,70,0
2026-07-30T04:51:32Z,tasou_markou,ba,492,55,55,0
2026-07-30T04:51:32Z,peiraios,ab,590,150,71,0
2026-07-30T04:51:32Z,peiraios,ba,590,93,64,0
2026-07-30T05:01:58Z,strovolou,ab,5400,1072,504,153
2026-07-30T05:01:58Z,strovolou,ba,4712,536,404,0
2026-07-30T05:01:58Z,tseriou,ab,2555,365,225,0
2026-07-30T05:01:58Z,tseriou,ba,3739,584,372,0
2026-07-30T05:01:58Z,prodromou,ab,2418,385,254,0
2026-07-30T05:01:58Z,prodromou,ba,2414,431,299,0
2026-07-30T05:01:58Z,akropoleos,ab,5010,800,463,0
2026-07-30T05:01:58Z,akropoleos,ba,5145,902,479,0
2026-07-30T05:01:58Z,athalassas,ab,2793,519,282,0
2026-07-30T05:01:58Z,athalassas,ba,6362,1140,608,176
2026-07-30T05:01:58Z,lemesou,ab,2014,337,213,0
2026-07-30T05:01:58Z,lemesou,ba,2388,515,303,0
2026-07-30T05:01:58Z,sp_kyprianou,ab,6489,812,585,0
2026-07-30T05:01:58Z,sp_kyprianou,ba,6573,1454,627,423
2026-07-30T05:01:58Z,archangelou,ab,7265,623,523,0
2026-07-30T05:01:58Z,archangelou,ba,6846,1040,666,0
2026-07-30T05:01:58Z,konstantinoup,ab,2628,321,291,0
2026-07-30T05:01:58Z,konstantinoup,ba,2629,392,313,0
2026-07-30T05:01:58Z,stavrou,ab,2187,258,208,0
2026-07-30T05:01:58Z,stavrou,ba,2245,255,206,0
2026-07-30T05:01:58Z,makedonitissas,ab,2797,485,391,0
2026-07-30T05:01:58Z,makedonitissas,ba,2705,370,290,0
2026-07-30T05:01:58Z,armenias,ab,1079,170,119,0
2026-07-30T05:01:58Z,armenias,ba,1079,250,132,0
2026-07-30T05:01:58Z,arch_kyprianou,ab,1777,284,214,0
2026-07-30T05:01:58Z,arch_kyprianou,ba,1726,621,202,0
2026-07-30T05:01:58Z,a1_motorway,ab,10597,351,349,0
2026-07-30T05:01:58Z,a1_motorway,ba,14048,662,558,50
2026-07-30T05:01:58Z,makariou_lakat,ab,5849,677,516,0
2026-07-30T05:01:58Z,makariou_lakat,ba,6316,754,613,0
2026-07-30T05:01:58Z,griva_digeni,ab,4212,540,441,0
2026-07-30T05:01:58Z,griva_digeni,ba,6075,1119,751,129
2026-07-30T05:01:58Z,aglantzias,ab,1775,354,177,3
2026-07-30T05:01:58Z,aglantzias,ba,3098,604,372,169
2026-07-30T05:01:58Z,kranidioti,ab,1458,122,105,0
2026-07-30T05:01:58Z,kranidioti,ba,1652,140,117,0
2026-07-30T05:01:58Z,perimetrikos,ab,2510,294,229,0
2026-07-30T05:01:58Z,perimetrikos,ba,2094,180,164,0
2026-07-30T05:01:58Z,hatziiosif,ab,2049,305,195,4
2026-07-30T05:01:58Z,hatziiosif,ba,2045,371,202,0
2026-07-30T05:01:58Z,perikleous,ab,2238,433,232,0
2026-07-30T05:01:58Z,perikleous,ba,2649,369,273,0
2026-07-30T05:01:58Z,avraamidi,ab,1293,278,193,0
2026-07-30T05:01:58Z,avraamidi,ba,1266,205,150,0
2026-07-30T05:01:58Z,athinon,ab,1573,246,204,0
2026-07-30T05:01:58Z,athinon,ba,1040,263,134,0
2026-07-30T05:01:58Z,tasou_markou,ab,544,100,70,0
2026-07-30T05:01:58Z,tasou_markou,ba,492,55,55,0
2026-07-30T05:01:58Z,peiraios,ab,590,141,71,0
2026-07-30T05:01:58Z,peiraios,ba,590,88,64,0
2026-07-30T05:12:24Z,strovolou,ab,5400,1046,504,213
2026-07-30T05:12:24Z,strovolou,ba,4712,507,404,0
2026-07-30T05:12:24Z,tseriou,ab,2555,339,225,0
2026-07-30T05:12:24Z,tseriou,ba,3739,528,372,0
2026-07-30T05:12:24Z,prodromou,ab,2418,357,254,0
2026-07-30T05:12:24Z,prodromou,ba,2414,429,299,0
2026-07-30T05:12:24Z,akropoleos,ab,5010,699,463,0
2026-07-30T05:12:24Z,akropoleos,ba,5145,1073,479,311
2026-07-30T05:12:24Z,athalassas,ab,2793,520,282,0
2026-07-30T05:12:24Z,athalassas,ba,6384,987,585,0
2026-07-30T05:12:24Z,lemesou,ab,2014,337,213,0
2026-07-30T05:12:24Z,lemesou,ba,2388,464,303,0
2026-07-30T05:12:24Z,sp_kyprianou,ab,6489,752,585,0
2026-07-30T05:12:24Z,sp_kyprianou,ba,8153,1295,910,0
2026-07-30T05:12:24Z,archangelou,ab,7265,620,523,0
2026-07-30T05:12:24Z,archangelou,ba,6846,1014,666,0
2026-07-30T05:12:24Z,konstantinoup,ab,2628,311,291,0
2026-07-30T05:12:24Z,konstantinoup,ba,2629,389,313,0
2026-07-30T05:12:24Z,stavrou,ab,2187,259,208,0
2026-07-30T05:12:24Z,stavrou,ba,2245,255,206,0
2026-07-30T05:12:24Z,makedonitissas,ab,2904,489,408,0
2026-07-30T05:12:24Z,makedonitissas,ba,2705,365,290,0
2026-07-30T05:12:24Z,armenias,ab,1079,169,119,0
2026-07-30T05:12:24Z,armenias,ba,1079,224,132,0
2026-07-30T05:12:24Z,arch_kyprianou,ab,1777,286,214,0
2026-07-30T05:12:24Z,arch_kyprianou,ba,1726,582,202,103
2026-07-30T05:12:24Z,a1_motorway,ab,10597,351,349,0
2026-07-30T05:12:24Z,a1_motorway,ba,14048,594,558,0
2026-07-30T05:12:24Z,makariou_lakat,ab,5849,677,516,0
2026-07-30T05:12:24Z,makariou_lakat,ba,6316,756,613,0
2026-07-30T05:12:24Z,griva_digeni,ab,4212,545,441,0
2026-07-30T05:12:24Z,griva_digeni,ba,6075,1105,751,110
2026-07-30T05:12:24Z,aglantzias,ab,1775,315,177,3
2026-07-30T05:12:24Z,aglantzias,ba,3098,640,372,206
2026-07-30T05:12:24Z,kranidioti,ab,1458,123,105,0
2026-07-30T05:12:24Z,kranidioti,ba,1652,140,117,0
2026-07-30T05:12:24Z,perimetrikos,ab,2510,289,229,0
2026-07-30T05:12:24Z,perimetrikos,ba,2094,181,164,0
2026-07-30T05:12:24Z,hatziiosif,ab,2049,306,195,0
2026-07-30T05:12:24Z,hatziiosif,ba,2045,431,202,82
2026-07-30T05:12:24Z,perikleous,ab,2016,408,275,0
2026-07-30T05:12:24Z,perikleous,ba,2649,367,273,0
2026-07-30T05:12:24Z,avraamidi,ab,1264,211,140,0
2026-07-30T05:12:24Z,avraamidi,ba,1266,193,150,0
2026-07-30T05:12:24Z,athinon,ab,1573,266,204,31
2026-07-30T05:12:24Z,athinon,ba,1040,267,134,0
2026-07-30T05:12:24Z,tasou_markou,ab,544,100,70,0
2026-07-30T05:12:24Z,tasou_markou,ba,492,55,55,0
2026-07-30T05:12:24Z,peiraios,ab,590,140,71,0
2026-07-30T05:12:24Z,peiraios,ba,590,88,64,0
2026-07-30T05:22:53Z,strovolou,ab,5400,990,504,217
2026-07-30T05:22:53Z,strovolou,ba,4712,507,404,0
2026-07-30T05:22:53Z,tseriou,ab,2555,342,225,0
2026-07-30T05:22:53Z,tseriou,ba,3739,524,372,0
2026-07-30T05:22:53Z,prodromou,ab,2418,353,254,0
2026-07-30T05:22:53Z,prodromou,ba,2414,427,299,0
2026-07-30T05:22:53Z,akropoleos,ab,5010,694,463,0
2026-07-30T05:22:53Z,akropoleos,ba,5145,869,479,0
2026-07-30T05:22:53Z,athalassas,ab,2793,516,282,0
2026-07-30T05:22:53Z,athalassas,ba,6269,914,543,0
2026-07-30T05:22:53Z,lemesou,ab,2014,332,213,0
2026-07-30T05:22:53Z,lemesou,ba,2388,460,303,0
2026-07-30T05:22:53Z,sp_kyprianou,ab,6489,749,585,0
2026-07-30T05:22:53Z,sp_kyprianou,ba,6724,1247,695,197
2026-07-30T05:22:53Z,archangelou,ab,7265,616,523,0
2026-07-30T05:22:53Z,archangelou,ba,6742,981,669,0
2026-07-30T05:22:53Z,konstantinoup,ab,2628,308,291,0
2026-07-30T05:22:53Z,konstantinoup,ba,2629,382,313,0
2026-07-30T05:22:53Z,stavrou,ab,2187,259,208,0
2026-07-30T05:22:53Z,stavrou,ba,2245,255,206,0
2026-07-30T05:22:53Z,makedonitissas,ab,2904,482,408,0
2026-07-30T05:22:53Z,makedonitissas,ba,2705,358,290,0
2026-07-30T05:22:53Z,armenias,ab,1079,167,119,0
2026-07-30T05:22:53Z,armenias,ba,1079,225,132,0
2026-07-30T05:22:53Z,arch_kyprianou,ab,1701,280,215,0
2026-07-30T05:22:53Z,arch_kyprianou,ba,1726,522,202,75
2026-07-30T05:22:53Z,a1_motorway,ab,10597,351,349,0
2026-07-30T05:22:53Z,a1_motorway,ba,14048,592,558,0
2026-07-30T05:22:53Z,makariou_lakat,ab,5849,673,516,0
2026-07-30T05:22:53Z,makariou_lakat,ba,6316,750,613,0
2026-07-30T05:22:53Z,griva_digeni,ab,4212,547,441,0
2026-07-30T05:22:53Z,griva_digeni,ba,6075,1054,751,0
2026-07-30T05:22:53Z,aglantzias,ab,1775,287,177,2
2026-07-30T05:22:53Z,aglantzias,ba,3098,602,372,169
2026-07-30T05:22:53Z,kranidioti,ab,1458,122,105,0
2026-07-30T05:22:53Z,kranidioti,ba,1652,139,117,0
2026-07-30T05:22:53Z,perimetrikos,ab,2510,285,229,0
2026-07-30T05:22:53Z,perimetrikos,ba,2094,180,164,0
2026-07-30T05:22:53Z,hatziiosif,ab,2049,307,195,0
2026-07-30T05:22:53Z,hatziiosif,ba,2045,366,202,0
2026-07-30T05:22:53Z,perikleous,ab,2238,428,232,0
2026-07-30T05:22:53Z,perikleous,ba,2649,367,273,0
2026-07-30T05:22:53Z,avraamidi,ab,1264,208,140,0
2026-07-30T05:22:53Z,avraamidi,ba,1266,194,150,0
2026-07-30T05:22:53Z,athinon,ab,1573,247,204,0
2026-07-30T05:22:53Z,athinon,ba,1040,268,134,0
2026-07-30T05:22:53Z,tasou_markou,ab,544,99,70,0
2026-07-30T05:22:53Z,tasou_markou,ba,492,55,55,0
2026-07-30T05:22:53Z,peiraios,ab,590,137,71,0
2026-07-30T05:22:53Z,peiraios,ba,590,88,64,0
2026-07-30T05:33:19Z,strovolou,ab,5400,1030,504,371
2026-07-30T05:33:19Z,strovolou,ba,4712,505,404,0
2026-07-30T05:33:19Z,tseriou,ab,2555,341,225,0
2026-07-30T05:33:19Z,tseriou,ba,3739,519,372,0
2026-07-30T05:33:19Z,prodromou,ab,2418,338,254,0
2026-07-30T05:33:19Z,prodromou,ba,2414,410,299,0
2026-07-30T05:33:19Z,akropoleos,ab,5010,692,463,0
2026-07-30T05:33:19Z,akropoleos,ba,5145,843,479,0
2026-07-30T05:33:19Z,athalassas,ab,2793,506,282,0
2026-07-30T05:33:19Z,athalassas,ba,6037,978,534,178
2026-07-30T05:33:19Z,lemesou,ab,2014,324,213,0
2026-07-30T05:33:19Z,lemesou,ba,2007,447,196,190
2026-07-30T05:33:19Z,sp_kyprianou,ab,6489,743,585,0
2026-07-30T05:33:19Z,sp_kyprianou,ba,7669,1258,795,181
2026-07-30T05:33:19Z,archangelou,ab,7265,614,523,0
2026-07-30T05:33:19Z,archangelou,ba,6742,942,669,0
2026-07-30T05:33:19Z,konstantinoup,ab,2628,307,291,0
2026-07-30T05:33:19Z,konstantinoup,ba,2629,368,313,0
2026-07-30T05:33:19Z,stavrou,ab,2187,257,208,0
2026-07-30T05:33:19Z,stavrou,ba,2245,252,206,0
2026-07-30T05:33:19Z,makedonitissas,ab,2904,471,408,0
2026-07-30T05:33:19Z,makedonitissas,ba,2705,350,290,0
2026-07-30T05:33:19Z,armenias,ab,1079,164,119,0
2026-07-30T05:33:19Z,armenias,ba,1079,223,132,0
2026-07-30T05:33:19Z,arch_kyprianou,ab,1701,277,215,0
2026-07-30T05:33:19Z,arch_kyprianou,ba,1726,559,202,238
2026-07-30T05:33:19Z,a1_motorway,ab,10597,352,349,0
2026-07-30T05:33:19Z,a1_motorway,ba,14048,589,558,0
2026-07-30T05:33:19Z,makariou_lakat,ab,5849,666,516,0
2026-07-30T05:33:19Z,makariou_lakat,ba,6316,744,613,0
2026-07-30T05:33:19Z,griva_digeni,ab,4212,547,441,0
2026-07-30T05:33:19Z,griva_digeni,ba,6075,1039,751,0
2026-07-30T05:33:19Z,aglantzias,ab,1775,394,177,163
2026-07-30T05:33:19Z,aglantzias,ba,3098,576,372,141
2026-07-30T05:33:19Z,kranidioti,ab,1458,120,105,0
2026-07-30T05:33:19Z,kranidioti,ba,1652,137,117,0
2026-07-30T05:33:19Z,perimetrikos,ab,2510,279,229,0
2026-07-30T05:33:19Z,perimetrikos,ba,2094,179,164,0
2026-07-30T05:33:19Z,hatziiosif,ab,2049,307,195,0
2026-07-30T05:33:19Z,hatziiosif,ba,2045,355,202,0
2026-07-30T05:33:19Z,perikleous,ab,2238,411,232,0
2026-07-30T05:33:19Z,perikleous,ba,2649,363,273,0
2026-07-30T05:33:19Z,avraamidi,ab,1264,205,140,0
2026-07-30T05:33:19Z,avraamidi,ba,1266,195,150,0
2026-07-30T05:33:19Z,athinon,ab,1573,250,204,12
2026-07-30T05:33:19Z,athinon,ba,1040,265,134,0
2026-07-30T05:33:19Z,tasou_markou,ab,544,93,70,0
2026-07-30T05:33:19Z,tasou_markou,ba,492,55,55,0
2026-07-30T05:33:19Z,peiraios,ab,590,128,71,0
2026-07-30T05:33:19Z,peiraios,ba,590,88,64,0
2026-07-30T05:43:45Z,strovolou,ab,5400,946,504,265
2026-07-30T05:43:45Z,strovolou,ba,4712,503,404,0
2026-07-30T05:43:45Z,tseriou,ab,2555,341,225,0
2026-07-30T05:43:45Z,tseriou,ba,3739,512,372,0
2026-07-30T05:43:45Z,prodromou,ab,2418,330,254,0
2026-07-30T05:43:45Z,prodromou,ba,2414,401,299,0
2026-07-30T05:43:45Z,akropoleos,ab,5010,683,463,0
2026-07-30T05:43:45Z,akropoleos,ba,5145,833,479,0
2026-07-30T05:43:45Z,athalassas,ab,2793,500,282,0
2026-07-30T05:43:45Z,athalassas,ba,6269,936,543,131
2026-07-30T05:43:45Z,lemesou,ab,2014,315,213,0
2026-07-30T05:43:45Z,lemesou,ba,2007,403,196,143
2026-07-30T05:43:45Z,sp_kyprianou,ab,6489,736,585,0
2026-07-30T05:43:45Z,sp_kyprianou,ba,7669,1151,795,42
2026-07-30T05:43:45Z,archangelou,ab,7265,611,523,0
2026-07-30T05:43:45Z,archangelou,ba,6911,846,591,42
2026-07-30T05:43:45Z,konstantinoup,ab,2628,309,291,0
2026-07-30T05:43:45Z,konstantinoup,ba,2629,363,313,0
2026-07-30T05:43:45Z,stavrou,ab,2187,254,208,0
2026-07-30T05:43:45Z,stavrou,ba,2245,250,206,0
2026-07-30T05:43:45Z,makedonitissas,ab,2904,466,408,0
2026-07-30T05:43:45Z,makedonitissas,ba,2705,343,290,0
2026-07-30T05:43:45Z,armenias,ab,1079,162,119,0
2026-07-30T05:43:45Z,armenias,ba,1079,220,132,0
2026-07-30T05:43:45Z,arch_kyprianou,ab,1701,272,215,0
2026-07-30T05:43:45Z,arch_kyprianou,ba,1726,550,202,247
2026-07-30T05:43:45Z,a1_motorway,ab,10597,351,349,0
2026-07-30T05:43:45Z,a1_motorway,ba,14048,618,558,28
2026-07-30T05:43:45Z,makariou_lakat,ab,5849,656,516,0
2026-07-30T05:43:45Z,makariou_lakat,ba,6316,738,613,0
2026-07-30T05:43:45Z,griva_digeni,ab,4212,546,441,0
2026-07-30T05:43:45Z,griva_digeni,ba,6075,1027,751,0
2026-07-30T05:43:45Z,aglantzias,ab,1775,375,177,151
2026-07-30T05:43:45Z,aglantzias,ba,3098,574,372,141
2026-07-30T05:43:45Z,kranidioti,ab,1458,117,105,0
2026-07-30T05:43:45Z,kranidioti,ba,1652,135,117,0
2026-07-30T05:43:45Z,perimetrikos,ab,2510,274,229,0
2026-07-30T05:43:45Z,perimetrikos,ba,2094,178,164,0
2026-07-30T05:43:45Z,hatziiosif,ab,2049,308,195,0
2026-07-30T05:43:45Z,hatziiosif,ba,2045,351,202,0
2026-07-30T05:43:45Z,perikleous,ab,2238,403,232,0
2026-07-30T05:43:45Z,perikleous,ba,2649,364,273,0
2026-07-30T05:43:45Z,avraamidi,ab,1264,202,140,0
2026-07-30T05:43:45Z,avraamidi,ba,1266,195,150,0
2026-07-30T05:43:45Z,athinon,ab,1573,252,204,17
2026-07-30T05:43:45Z,athinon,ba,1040,260,134,0
2026-07-30T05:43:45Z,tasou_markou,ab,544,92,70,0
2026-07-30T05:43:45Z,tasou_markou,ba,492,55,55,0
2026-07-30T05:43:45Z,peiraios,ab,590,124,71,0
2026-07-30T05:43:45Z,peiraios,ba,590,88,64,0
2026-07-30T05:54:13Z,strovolou,ab,5400,941,504,242
2026-07-30T05:54:13Z,strovolou,ba,4712,499,404,0
2026-07-30T05:54:13Z,tseriou,ab,2555,339,225,0
2026-07-30T05:54:13Z,tseriou,ba,3739,506,372,0
2026-07-30T05:54:13Z,prodromou,ab,2418,328,254,0
2026-07-30T05:54:13Z,prodromou,ba,2414,395,299,0
2026-07-30T05:54:13Z,akropoleos,ab,5010,673,463,0
2026-07-30T05:54:13Z,akropoleos,ba,5145,804,479,0
2026-07-30T05:54:13Z,athalassas,ab,2793,497,282,0
2026-07-30T05:54:13Z,athalassas,ba,6037,918,534,130
2026-07-30T05:54:13Z,lemesou,ab,2014,307,213,0
2026-07-30T05:54:13Z,lemesou,ba,2007,382,196,121
2026-07-30T05:54:13Z,sp_kyprianou,ab,6489,732,585,0
2026-07-30T05:54:13Z,sp_kyprianou,ba,7669,1088,795,0
2026-07-30T05:54:13Z,archangelou,ab,7265,605,523,0
2026-07-30T05:54:13Z,archangelou,ba,6911,792,591,0
2026-07-30T05:54:13Z,konstantinoup,ab,2628,308,291,0
2026-07-30T05:54:13Z,konstantinoup,ba,2629,358,313,0
2026-07-30T05:54:13Z,stavrou,ab,2187,251,208,0
2026-07-30T05:54:13Z,stavrou,ba,2245,247,206,0
2026-07-30T05:54:13Z,makedonitissas,ab,2904,460,408,0
2026-07-30T05:54:13Z,makedonitissas,ba,2705,339,290,0
2026-07-30T05:54:13Z,armenias,ab,1079,159,119,0
2026-07-30T05:54:13Z,armenias,ba,1079,216,132,0
2026-07-30T05:54:13Z,arch_kyprianou,ab,1701,270,215,0
2026-07-30T05:54:13Z,arch_kyprianou,ba,1726,569,202,242
2026-07-30T05:54:13Z,a1_motorway,ab,10597,351,349,0
2026-07-30T05:54:13Z,a1_motorway,ba,14048,582,558,0
2026-07-30T05:54:13Z,makariou_lakat,ab,5849,655,516,0
2026-07-30T05:54:13Z,makariou_lakat,ba,6901,737,583,0
2026-07-30T05:54:13Z,griva_digeni,ab,4212,546,441,0
2026-07-30T05:54:13Z,griva_digeni,ba,6075,1011,751,0
2026-07-30T05:54:13Z,aglantzias,ab,1775,356,177,122
2026-07-30T05:54:13Z,aglantzias,ba,3098,555,372,119
2026-07-30T05:54:13Z,kranidioti,ab,1458,116,105,0
2026-07-30T05:54:13Z,kranidioti,ba,1652,133,117,0
2026-07-30T05:54:13Z,perimetrikos,ab,2510,269,229,0
2026-07-30T05:54:13Z,perimetrikos,ba,2094,177,164,0
2026-07-30T05:54:13Z,hatziiosif,ab,2049,307,195,0
2026-07-30T05:54:13Z,hatziiosif,ba,2045,344,202,0
2026-07-30T05:54:13Z,perikleous,ab,2238,400,232,0
2026-07-30T05:54:13Z,perikleous,ba,2649,360,273,0
2026-07-30T05:54:13Z,avraamidi,ab,1264,203,140,0
2026-07-30T05:54:13Z,avraamidi,ba,1266,195,150,0
2026-07-30T05:54:13Z,athinon,ab,1573,241,204,0
2026-07-30T05:54:13Z,athinon,ba,1040,255,134,0
2026-07-30T05:54:13Z,tasou_markou,ab,544,90,70,0
2026-07-30T05:54:13Z,tasou_markou,ba,492,55,55,0
2026-07-30T05:54:13Z,peiraios,ab,590,121,71,0
2026-07-30T05:54:13Z,peiraios,ba,590,87,64,0
2026-07-30T09:04:38Z,strovolou,ab,5400,625,504,0
2026-07-30T09:04:38Z,strovolou,ba,4712,541,404,0
2026-07-30T09:04:38Z,tseriou,ab,2555,379,225,0
2026-07-30T09:04:38Z,tseriou,ba,3739,513,372,0
2026-07-30T09:04:38Z,prodromou,ab,2418,313,254,0
2026-07-30T09:04:38Z,prodromou,ba,2414,361,299,0
2026-07-30T09:04:38Z,akropoleos,ab,5010,760,463,0
2026-07-30T09:04:38Z,akropoleos,ba,5145,751,479,0
2026-07-30T09:04:38Z,athalassas,ab,2793,541,282,0
2026-07-30T09:04:38Z,athalassas,ba,6269,824,543,6
2026-07-30T09:04:38Z,lemesou,ab,2014,310,213,0
2026-07-30T09:04:38Z,lemesou,ba,2007,309,196,0
2026-07-30T09:04:38Z,sp_kyprianou,ab,6489,765,585,0
2026-07-30T09:04:38Z,sp_kyprianou,ba,6573,944,627,175
2026-07-30T09:04:38Z,archangelou,ab,7265,619,523,0
2026-07-30T09:04:38Z,archangelou,ba,6911,690,591,0
2026-07-30T09:04:38Z,konstantinoup,ab,2628,309,291,0
2026-07-30T09:04:38Z,konstantinoup,ba,2629,344,313,0
2026-07-30T09:04:38Z,stavrou,ab,2187,268,208,0
2026-07-30T09:04:38Z,stavrou,ba,2245,252,206,0
2026-07-30T09:04:38Z,makedonitissas,ab,2904,451,408,0
2026-07-30T09:04:38Z,makedonitissas,ba,2705,317,290,0
2026-07-30T09:04:38Z,armenias,ab,1079,151,119,0
2026-07-30T09:04:38Z,armenias,ba,1079,230,132,0
2026-07-30T09:04:38Z,arch_kyprianou,ab,1701,280,215,0
2026-07-30T09:04:38Z,arch_kyprianou,ba,1726,329,202,0
2026-07-30T09:04:38Z,a1_motorway,ab,10597,351,349,0
2026-07-30T09:04:38Z,a1_motorway,ba,14048,611,558,37
2026-07-30T09:04:38Z,makariou_lakat,ab,5849,645,516,0
2026-07-30T09:04:38Z,makariou_lakat,ba,6901,716,583,0
2026-07-30T09:04:38Z,griva_digeni,ab,4212,581,441,0
2026-07-30T09:04:38Z,griva_digeni,ba,6053,943,729,0
2026-07-30T09:04:38Z,aglantzias,ab,1775,217,177,0
2026-07-30T09:04:38Z,aglantzias,ba,3098,495,372,0
2026-07-30T09:04:38Z,kranidioti,ab,1458,110,105,0
2026-07-30T09:04:38Z,kranidioti,ba,1652,122,117,0
2026-07-30T09:04:38Z,perimetrikos,ab,2510,251,229,0
2026-07-30T09:04:38Z,perimetrikos,ba,2094,176,164,0
2026-07-30T09:04:38Z,hatziiosif,ab,2049,390,195,0
2026-07-30T09:04:38Z,hatziiosif,ba,2045,318,202,0
2026-07-30T09:04:38Z,perikleous,ab,2238,425,232,0
2026-07-30T09:04:38Z,perikleous,ba,2649,365,273,0
2026-07-30T09:04:38Z,avraamidi,ab,1264,201,140,0
2026-07-30T09:04:38Z,avraamidi,ba,1266,214,150,0
2026-07-30T09:04:38Z,athinon,ab,1573,241,204,0
2026-07-30T09:04:38Z,athinon,ba,1040,267,134,0
2026-07-30T09:04:38Z,tasou_markou,ab,544,82,70,0
2026-07-30T09:04:38Z,tasou_markou,ba,492,54,55,0
2026-07-30T09:04:38Z,peiraios,ab,590,109,71,0
2026-07-30T09:04:38Z,peiraios,ba,590,90,64,0
2026-07-30T10:05:29Z,strovolou,ab,5400,612,504,0
2026-07-30T10:05:29Z,strovolou,ba,4712,537,404,0
2026-07-30T10:05:29Z,tseriou,ab,2555,360,225,0
2026-07-30T10:05:29Z,tseriou,ba,3739,498,372,0
2026-07-30T10:05:29Z,prodromou,ab,2418,305,254,0
2026-07-30T10:05:29Z,prodromou,ba,2414,352,299,0
2026-07-30T10:05:29Z,akropoleos,ab,8641,814,615,0
2026-07-30T10:05:29Z,akropoleos,ba,5145,732,479,0
2026-07-30T10:05:29Z,athalassas,ab,2793,523,282,0
2026-07-30T10:05:29Z,athalassas,ba,6269,792,543,0
2026-07-30T10:05:29Z,lemesou,ab,2014,310,213,0
2026-07-30T10:05:29Z,lemesou,ba,2007,302,196,0
2026-07-30T10:05:29Z,sp_kyprianou,ab,6489,749,585,0
2026-07-30T10:05:29Z,sp_kyprianou,ba,6573,816,627,0
2026-07-30T10:05:29Z,archangelou,ab,7265,608,523,0
2026-07-30T10:05:29Z,archangelou,ba,6911,679,591,0
2026-07-30T10:05:29Z,konstantinoup,ab,2628,306,291,0
2026-07-30T10:05:29Z,konstantinoup,ba,2629,339,313,0
2026-07-30T10:05:29Z,stavrou,ab,2187,263,208,0
2026-07-30T10:05:29Z,stavrou,ba,2245,248,206,0
2026-07-30T10:05:29Z,makedonitissas,ab,2904,446,408,0
2026-07-30T10:05:29Z,makedonitissas,ba,2705,313,290,0
2026-07-30T10:05:29Z,armenias,ab,1079,146,119,0
2026-07-30T10:05:29Z,armenias,ba,1079,225,132,0
2026-07-30T10:05:29Z,arch_kyprianou,ab,1701,277,215,0
2026-07-30T10:05:29Z,arch_kyprianou,ba,1726,316,202,0
2026-07-30T10:05:29Z,a1_motorway,ab,10597,351,349,0
2026-07-30T10:05:29Z,a1_motorway,ba,14048,572,558,0
2026-07-30T10:05:29Z,makariou_lakat,ab,5849,630,516,0
2026-07-30T10:05:29Z,makariou_lakat,ba,6901,700,583,0
2026-07-30T10:05:29Z,griva_digeni,ab,4212,563,441,0
2026-07-30T10:05:29Z,griva_digeni,ba,5350,871,681,0
2026-07-30T10:05:29Z,aglantzias,ab,1775,211,177,0
2026-07-30T10:05:29Z,aglantzias,ba,3098,484,372,0
2026-07-30T10:05:29Z,kranidioti,ab,1458,109,105,0
2026-07-30T10:05:29Z,kranidioti,ba,1652,120,117,0
2026-07-30T10:05:29Z,perimetrikos,ab,2510,248,229,0
2026-07-30T10:05:29Z,perimetrikos,ba,2094,175,164,0
2026-07-30T10:05:29Z,hatziiosif,ab,4136,529,332,0
2026-07-30T10:05:29Z,hatziiosif,ba,2045,306,202,0
2026-07-30T10:05:29Z,perikleous,ab,2238,423,232,0
2026-07-30T10:05:29Z,perikleous,ba,2649,357,273,0
2026-07-30T10:05:29Z,avraamidi,ab,1264,191,140,0
2026-07-30T10:05:29Z,avraamidi,ba,1266,206,150,0
2026-07-30T10:05:29Z,athinon,ab,1573,235,204,0
2026-07-30T10:05:29Z,athinon,ba,1040,254,134,0
2026-07-30T10:05:29Z,tasou_markou,ab,544,81,70,0
2026-07-30T10:05:29Z,tasou_markou,ba,492,54,55,0
2026-07-30T10:05:29Z,peiraios,ab,590,107,71,0
2026-07-30T10:05:29Z,peiraios,ba,590,86,64,0
2026-07-30T10:15:57Z,strovolou,ab,5400,613,504,0
2026-07-30T10:15:57Z,strovolou,ba,4712,539,404,0
2026-07-30T10:15:57Z,tseriou,ab,2555,362,225,0
2026-07-30T10:15:57Z,tseriou,ba,3739,497,372,0
2026-07-30T10:15:57Z,prodromou,ab,2418,305,254,0
2026-07-30T10:15:57Z,prodromou,ba,2414,352,299,0
2026-07-30T10:15:57Z,akropoleos,ab,8641,817,615,0
2026-07-30T10:15:57Z,akropoleos,ba,5145,733,479,0
2026-07-30T10:15:57Z,athalassas,ab,2793,526,282,0
2026-07-30T10:15:57Z,athalassas,ba,6037,793,534,0
2026-07-30T10:15:57Z,lemesou,ab,2014,312,213,0
2026-07-30T10:15:57Z,lemesou,ba,2007,302,196,0
2026-07-30T10:15:57Z,sp_kyprianou,ab,6489,755,585,0
2026-07-30T10:15:57Z,sp_kyprianou,ba,6573,817,627,0
2026-07-30T10:15:57Z,archangelou,ab,7265,609,523,0
2026-07-30T10:15:57Z,archangelou,ba,6911,680,591,0
2026-07-30T10:15:57Z,konstantinoup,ab,2628,306,291,0
2026-07-30T10:15:57Z,konstantinoup,ba,2629,339,313,0
2026-07-30T10:15:57Z,stavrou,ab,2187,265,208,0
2026-07-30T10:15:57Z,stavrou,ba,2245,249,206,0
2026-07-30T10:15:57Z,makedonitissas,ab,2904,447,408,0
2026-07-30T10:15:57Z,makedonitissas,ba,2705,314,290,0
2026-07-30T10:15:57Z,armenias,ab,1079,146,119,0
2026-07-30T10:15:57Z,armenias,ba,1079,227,132,0
2026-07-30T10:15:57Z,arch_kyprianou,ab,1701,279,215,0
2026-07-30T10:15:57Z,arch_kyprianou,ba,1726,316,202,0
2026-07-30T10:15:57Z,a1_motorway,ab,10597,351,349,0
2026-07-30T10:15:57Z,a1_motorway,ba,14048,572,558,0
2026-07-30T10:15:57Z,makariou_lakat,ab,5849,631,516,0
2026-07-30T10:15:57Z,makariou_lakat,ba,6901,700,583,0
2026-07-30T10:15:57Z,griva_digeni,ab,4212,565,441,0
2026-07-30T10:15:57Z,griva_digeni,ba,5350,873,681,0
2026-07-30T10:15:57Z,aglantzias,ab,1775,212,177,0
2026-07-30T10:15:57Z,aglantzias,ba,3098,484,372,0
2026-07-30T10:15:57Z,kranidioti,ab,1458,109,105,0
2026-07-30T10:15:57Z,kranidioti,ba,1652,120,117,0
2026-07-30T10:15:57Z,perimetrikos,ab,2510,248,229,0
2026-07-30T10:15:57Z,perimetrikos,ba,2094,175,164,0
2026-07-30T10:15:57Z,hatziiosif,ab,2049,504,195,232
2026-07-30T10:15:57Z,hatziiosif,ba,2045,306,202,0
2026-07-30T10:15:57Z,perikleous,ab,2238,425,232,0
2026-07-30T10:15:57Z,perikleous,ba,2649,358,273,0
2026-07-30T10:15:57Z,avraamidi,ab,1264,191,140,0
2026-07-30T10:15:57Z,avraamidi,ba,1266,206,150,0
2026-07-30T10:15:57Z,athinon,ab,1573,235,204,0
2026-07-30T10:15:57Z,athinon,ba,1040,254,134,0
2026-07-30T10:15:57Z,tasou_markou,ab,544,81,70,0
2026-07-30T10:15:57Z,tasou_markou,ba,492,54,55,0
2026-07-30T10:15:57Z,peiraios,ab,590,107,71,0
2026-07-30T10:15:57Z,peiraios,ba,590,87,64,0
2026-07-30T10:26:23Z,strovolou,ab,5400,615,504,0
2026-07-30T10:26:23Z,strovolou,ba,4712,543,404,0
2026-07-30T10:26:23Z,tseriou,ab,2555,363,225,0
2026-07-30T10:26:23Z,tseriou,ba,3739,498,372,0
2026-07-30T10:26:23Z,prodromou,ab,2418,306,254,0
2026-07-30T10:26:23Z,prodromou,ba,2414,354,299,0
2026-07-30T10:26:23Z,akropoleos,ab,8641,823,615,0
2026-07-30T10:26:23Z,akropoleos,ba,8177,759,595,0
2026-07-30T10:26:23Z,athalassas,ab,2793,529,282,0
2026-07-30T10:26:23Z,athalassas,ba,6269,797,543,0
2026-07-30T10:26:23Z,lemesou,ab,2014,317,213,0
2026-07-30T10:26:23Z,lemesou,ba,2007,304,196,0
2026-07-30T10:26:23Z,sp_kyprianou,ab,6489,761,585,0
2026-07-30T10:26:23Z,sp_kyprianou,ba,6573,819,627,0
2026-07-30T10:26:23Z,archangelou,ab,7265,613,523,0
2026-07-30T10:26:23Z,archangelou,ba,6911,681,591,0
2026-07-30T10:26:23Z,konstantinoup,ab,2628,307,291,0
2026-07-30T10:26:23Z,konstantinoup,ba,2629,339,313,0
2026-07-30T10:26:23Z,stavrou,ab,2187,267,208,0
2026-07-30T10:26:23Z,stavrou,ba,2245,250,206,0
2026-07-30T10:26:23Z,makedonitissas,ab,2904,449,408,0
2026-07-30T10:26:23Z,makedonitissas,ba,2705,316,290,0
2026-07-30T10:26:23Z,armenias,ab,1079,147,119,0
2026-07-30T10:26:23Z,armenias,ba,1079,228,132,0
2026-07-30T10:26:23Z,arch_kyprianou,ab,1701,281,215,0
2026-07-30T10:26:23Z,arch_kyprianou,ba,1726,317,202,0
2026-07-30T10:26:23Z,a1_motorway,ab,10597,351,349,0
2026-07-30T10:26:23Z,a1_motorway,ba,14048,572,558,0
2026-07-30T10:26:23Z,makariou_lakat,ab,5849,633,516,0
2026-07-30T10:26:23Z,makariou_lakat,ba,6901,703,583,0
2026-07-30T10:26:23Z,griva_digeni,ab,4212,568,441,0
2026-07-30T10:26:23Z,griva_digeni,ba,5350,875,681,0
2026-07-30T10:26:23Z,aglantzias,ab,1775,211,177,0
2026-07-30T10:26:23Z,aglantzias,ba,3098,486,372,0
2026-07-30T10:26:23Z,kranidioti,ab,1458,109,105,0
2026-07-30T10:26:23Z,kranidioti,ba,1652,120,117,0
2026-07-30T10:26:23Z,perimetrikos,ab,2510,248,229,0
2026-07-30T10:26:23Z,perimetrikos,ba,2094,176,164,0
2026-07-30T10:26:23Z,hatziiosif,ab,4136,535,332,0
2026-07-30T10:26:23Z,hatziiosif,ba,2045,307,202,0
2026-07-30T10:26:23Z,perikleous,ab,2238,429,232,0
2026-07-30T10:26:23Z,perikleous,ba,2649,360,273,0
2026-07-30T10:26:23Z,avraamidi,ab,1264,191,140,0
2026-07-30T10:26:23Z,avraamidi,ba,1266,206,150,0
2026-07-30T10:26:23Z,athinon,ab,1573,236,204,0
2026-07-30T10:26:23Z,athinon,ba,1040,253,134,0
2026-07-30T10:26:23Z,tasou_markou,ab,544,81,70,0
2026-07-30T10:26:23Z,tasou_markou,ba,492,54,55,0
2026-07-30T10:26:23Z,peiraios,ab,590,108,71,0
2026-07-30T10:26:23Z,peiraios,ba,590,88,64,0
2026-07-30T10:36:48Z,strovolou,ab,5400,616,504,0
2026-07-30T10:36:48Z,strovolou,ba,4712,549,404,0
2026-07-30T10:36:48Z,tseriou,ab,2555,369,225,0
2026-07-30T10:36:48Z,tseriou,ba,3739,501,372,0
2026-07-30T10:36:48Z,prodromou,ab,2418,306,254,0
2026-07-30T10:36:48Z,prodromou,ba,2414,355,299,0
2026-07-30T10:36:48Z,akropoleos,ab,8641,831,615,0
2026-07-30T10:36:48Z,akropoleos,ba,8177,761,595,0
2026-07-30T10:36:48Z,athalassas,ab,2793,535,282,0
2026-07-30T10:36:48Z,athalassas,ba,6037,803,534,0
2026-07-30T10:36:48Z,lemesou,ab,2014,322,213,0
2026-07-30T10:36:48Z,lemesou,ba,2007,305,196,0
2026-07-30T10:36:48Z,sp_kyprianou,ab,6489,767,585,0
2026-07-30T10:36:48Z,sp_kyprianou,ba,6573,824,627,0
2026-07-30T10:36:48Z,archangelou,ab,7265,617,523,0
2026-07-30T10:36:48Z,archangelou,ba,6911,682,591,0
2026-07-30T10:36:48Z,konstantinoup,ab,2628,307,291,0
2026-07-30T10:36:48Z,konstantinoup,ba,2629,340,313,0
2026-07-30T10:36:48Z,stavrou,ab,2187,271,208,0
2026-07-30T10:36:48Z,stavrou,ba,2245,251,206,0
2026-07-30T10:36:48Z,makedonitissas,ab,2904,451,408,0
2026-07-30T10:36:48Z,makedonitissas,ba,2705,316,290,0
2026-07-30T10:36:48Z,armenias,ab,1079,147,119,0
2026-07-30T10:36:48Z,armenias,ba,1079,232,132,0
2026-07-30T10:36:48Z,arch_kyprianou,ab,1777,299,214,0
2026-07-30T10:36:48Z,arch_kyprianou,ba,2260,369,310,0
2026-07-30T10:36:48Z,a1_motorway,ab,10597,351,349,0
2026-07-30T10:36:48Z,a1_motorway,ba,14048,573,558,0
2026-07-30T10:36:48Z,makariou_lakat,ab,5849,636,516,0
2026-07-30T10:36:48Z,makariou_lakat,ba,6901,705,583,0
2026-07-30T10:36:48Z,griva_digeni,ab,4212,569,441,0
2026-07-30T10:36:48Z,griva_digeni,ba,5350,879,681,0
2026-07-30T10:36:48Z,aglantzias,ab,1775,212,177,0
2026-07-30T10:36:48Z,aglantzias,ba,3098,487,372,0
2026-07-30T10:36:48Z,kranidioti,ab,1458,110,105,0
2026-07-30T10:36:48Z,kranidioti,ba,1652,121,117,0
2026-07-30T10:36:48Z,perimetrikos,ab,2510,249,229,0
2026-07-30T10:36:48Z,perimetrikos,ba,2094,176,164,0
2026-07-30T10:36:48Z,hatziiosif,ab,4136,540,332,0
2026-07-30T10:36:48Z,hatziiosif,ba,2045,309,202,0
2026-07-30T10:36:48Z,perikleous,ab,2238,439,232,0
2026-07-30T10:36:48Z,perikleous,ba,2649,361,273,0
2026-07-30T10:36:48Z,avraamidi,ab,1264,192,140,0
2026-07-30T10:36:48Z,avraamidi,ba,1266,207,150,0
2026-07-30T10:36:48Z,athinon,ab,1573,237,204,0
2026-07-30T10:36:48Z,athinon,ba,1040,255,134,0
2026-07-30T10:36:48Z,tasou_markou,ab,544,81,70,0
2026-07-30T10:36:48Z,tasou_markou,ba,492,54,55,0
2026-07-30T10:36:48Z,peiraios,ab,590,109,71,0
2026-07-30T10:36:48Z,peiraios,ba,590,89,64,0
