fetched_utc,route_id,trip_id,last_stop_seq,delay_s
2026-07-23T14:59:37Z,130012,18319884,15,-637
2026-07-23T14:59:37Z,360022,18319885,22,93
2026-07-23T14:59:37Z,360021,18319886,24,-280
2026-07-23T14:59:37Z,190012,18319887,18,-175
2026-07-23T14:59:37Z,190011,18319888,18,-162
2026-07-23T14:59:37Z,280012,18319889,18,-427
2026-07-23T14:59:37Z,280011,18319890,21,-194
2026-07-23T14:59:37Z,410011,18319893,43,-216
2026-07-23T14:59:37Z,410012,18319894,3,685
2026-07-23T14:59:37Z,110012,18319895,38,-715
2026-07-23T14:59:37Z,470011,18319897,19,-311
2026-07-23T14:59:37Z,470012,18319898,18,-147
2026-07-23T14:59:37Z,5010012,18319901,21,-203
2026-07-23T14:59:37Z,420021,18319902,52,-1114
2026-07-23T14:59:37Z,330012,18319905,24,468
2026-07-23T14:59:37Z,330011,18319906,15,-149
2026-07-23T14:59:37Z,440012,18319908,36,251
2026-07-23T14:59:37Z,120012,18319910,34,-339
2026-07-23T14:59:37Z,5010011,18319911,21,-288
2026-07-23T14:59:37Z,130012,18319912,15,-727
2026-07-23T14:59:37Z,130011,18319913,15,-542
2026-07-23T14:59:37Z,5020011,18319915,47,-677
2026-07-23T14:59:37Z,160011,18319917,6,-299
2026-07-23T14:59:37Z,160012,18319918,7,-127
2026-07-23T14:59:37Z,420022,18319919,49,-1148
2026-07-23T14:59:37Z,680012,18319920,23,76
2026-07-23T14:59:37Z,230031,18319922,36,-557
2026-07-23T14:59:37Z,470011,18319926,19,-311
2026-07-23T14:59:37Z,110012,18319928,35,-510
2026-07-23T14:59:37Z,150012,18319929,21,-401
2026-07-23T14:59:37Z,170022,18319931,22,-578
2026-07-23T14:59:37Z,510012,18319933,11,-32
2026-07-23T14:59:37Z,510011,18319934,2,-3
2026-07-23T14:59:37Z,540012,18319935,15,-161
2026-07-23T14:59:37Z,540011,18319936,5,85
2026-07-23T14:59:37Z,500012,18319939,18,175
2026-07-23T14:59:37Z,530012,18319941,17,-160
2026-07-23T14:59:37Z,620012,18319943,5,175
2026-07-23T14:59:37Z,130012,18319945,11,-436
2026-07-23T14:59:37Z,130011,18319946,14,-421
2026-07-23T14:59:37Z,5010011,18319951,17,-341
2026-07-23T14:59:37Z,4050042,18319954,5,-78
2026-07-23T14:59:37Z,160011,18319955,5,-45
2026-07-23T14:59:37Z,460011,18319963,10,-110
2026-07-23T14:59:37Z,190012,18319964,3,-11
2026-07-23T14:59:37Z,160011,18318857,6,-289
2026-07-23T14:59:37Z,160012,18318858,7,-247
2026-07-23T14:59:37Z,270011,18318961,8,-139
2026-07-23T14:59:37Z,270012,18318962,14,179
2026-07-23T14:59:37Z,260012,18318993,21,-398
2026-07-23T14:59:37Z,560012,18318998,7,83
2026-07-23T14:59:37Z,770012,18319037,11,0
2026-07-23T14:59:37Z,770011,18319038,12,-127
2026-07-23T14:59:37Z,9010021,18319065,20,-264
2026-07-23T14:59:37Z,4050042,18319073,55,218
2026-07-23T14:59:37Z,4050041,18319074,49,353
2026-07-23T14:59:37Z,420022,18319119,49,-621
2026-07-23T14:59:37Z,440011,18319121,13,102
2026-07-23T14:59:37Z,5040011,18319125,12,-298
2026-07-23T14:59:37Z,5040012,18319126,11,190
2026-07-23T14:59:37Z,5050012,18319160,16,3025
2026-07-23T14:59:37Z,5050021,18319161,25,2644
2026-07-23T14:59:37Z,5050012,18319162,2,2153
2026-07-23T14:59:37Z,840011,18319181,10,110
2026-07-23T14:59:37Z,840012,18319182,9,178
2026-07-23T14:59:37Z,840011,18319183,6,133
2026-07-23T14:59:37Z,420021,18319213,52,-432
2026-07-23T14:59:37Z,420022,18319214,9,-216
2026-07-23T14:59:37Z,850012,18319229,20,-71
2026-07-23T14:59:37Z,850011,18319230,9,409
2026-07-23T14:59:37Z,740011,18319256,19,-197
2026-07-23T14:59:37Z,740012,18319257,9,107
2026-07-23T14:59:37Z,480011,18319292,15,778
2026-07-23T14:59:37Z,5010012,18319325,19,-152
2026-07-23T14:59:37Z,4050042,18319335,48,-235
2026-07-23T14:59:37Z,360012,18319339,15,-142
2026-07-23T14:59:37Z,360011,18319340,11,-155
2026-07-23T14:59:37Z,540011,18319351,16,419
2026-07-23T14:59:37Z,230031,18319361,47,-115
2026-07-23T14:59:37Z,380022,18319371,21,484
2026-07-23T14:59:37Z,380021,18319372,21,-140
2026-07-23T14:59:37Z,5020011,18319380,26,-708
2026-07-23T14:59:37Z,5030012,18319387,40,825
2026-07-23T14:59:37Z,700012,18319410,5,99
2026-07-23T14:59:37Z,700011,18319411,5,-46
2026-07-23T14:59:37Z,410012,18319423,36,43
2026-07-23T14:59:37Z,5040012,18319426,16,93
2026-07-23T14:59:37Z,460012,18319443,35,-364
2026-07-23T14:59:37Z,260012,18319454,21,-364
2026-07-23T14:59:37Z,5030011,18319459,40,1205
2026-07-23T14:59:37Z,5030012,18319460,32,1175
2026-07-23T14:59:37Z,410012,18319473,36,339
2026-07-23T14:59:37Z,4000022,18319476,23,-433
2026-07-23T14:59:37Z,520022,18319497,9,-33
2026-07-23T14:59:37Z,5020011,18319519,48,-256
2026-07-23T14:59:37Z,5020012,18319520,42,-371
2026-07-23T14:59:37Z,5030011,18319525,40,-249
2026-07-23T14:59:37Z,5030012,18319526,25,109
2026-07-23T14:59:37Z,410011,18319532,43,-216
2026-07-23T14:59:37Z,240012,18319537,17,-154
2026-07-23T14:59:37Z,240011,18319538,18,37
2026-07-23T14:59:37Z,380021,18319542,22,1255
2026-07-23T14:59:37Z,310031,18319564,32,-87
2026-07-23T14:59:37Z,310031,18319565,32,-506
2026-07-23T14:59:37Z,5020011,18319572,48,-331
2026-07-23T14:59:37Z,5020012,18319573,18,109
2026-07-23T14:59:37Z,5030012,18319577,40,1709
2026-07-23T14:59:37Z,5030011,18319578,24,-110
2026-07-23T14:59:37Z,440012,18319586,36,455
2026-07-23T14:59:37Z,1010011,18319602,27,-3
2026-07-23T14:59:37Z,1010012,18319603,20,-55
2026-07-23T14:59:37Z,120012,18319609,19,-91
2026-07-23T14:59:37Z,5020012,18319624,47,-25
2026-07-23T14:59:37Z,5020011,18319625,48,-689
2026-07-23T14:59:37Z,5030012,18319630,40,1301
2026-07-23T14:59:37Z,5030011,18319631,32,625
2026-07-23T14:59:37Z,460011,18319634,35,267
2026-07-23T14:59:37Z,220021,18319648,33,-868
2026-07-23T14:59:37Z,510011,18319664,14,-72
2026-07-23T14:59:37Z,5020012,18319683,47,-197
2026-07-23T14:59:37Z,410012,18319687,36,-598
2026-07-23T14:59:37Z,410011,18319688,21,-61
2026-07-23T14:59:37Z,5050012,18319701,16,1338
2026-07-23T14:59:37Z,5050021,18319702,25,1017
2026-07-23T14:59:37Z,5050012,18319703,0,717
2026-07-23T14:59:37Z,110011,18319709,37,-58
2026-07-23T14:59:37Z,4000021,18319713,40,-307
2026-07-23T14:59:37Z,5020012,18319718,47,-719
2026-07-23T14:59:37Z,420022,18319723,49,-1307
2026-07-23T14:59:37Z,440012,18319726,36,1076
2026-07-23T14:59:37Z,440011,18319727,9,206
2026-07-23T14:59:37Z,440011,18319729,29,2232
2026-07-23T14:59:37Z,1010012,18319733,25,16
2026-07-23T14:59:37Z,120011,18319735,35,-313
2026-07-23T14:59:37Z,4050042,18319742,48,-36
2026-07-23T14:59:37Z,460012,18319747,35,-214
2026-07-23T14:59:37Z,460011,18319748,34,-21
2026-07-23T14:59:37Z,650011,18319757,17,106
2026-07-23T14:59:37Z,260011,18319760,18,-214
2026-07-23T14:59:37Z,230031,18319768,47,623
2026-07-23T14:59:37Z,5020011,18319771,48,531
2026-07-23T14:59:37Z,5020012,18319772,47,-599
2026-07-23T14:59:37Z,5050012,18319776,16,471
2026-07-23T14:59:37Z,110011,18319778,37,-583
2026-07-23T14:59:37Z,470012,18319781,18,240
2026-07-23T14:59:37Z,560011,18319789,21,340
2026-07-23T14:59:37Z,520021,18319793,16,-226
2026-07-23T14:59:37Z,330011,18319795,25,-258
2026-07-23T14:59:37Z,650012,18319803,17,601
2026-07-23T14:59:37Z,650011,18319804,17,-16
2026-07-23T14:59:37Z,650012,18319805,12,-85
2026-07-23T14:59:37Z,630031,18319808,25,-157
2026-07-23T14:59:37Z,610012,18319809,22,650
2026-07-23T14:59:37Z,610011,18319810,22,222
2026-07-23T14:59:37Z,600012,18319813,4,91
2026-07-23T14:59:37Z,530011,18319818,20,-135
2026-07-23T14:59:37Z,120011,18319822,35,-334
2026-07-23T14:59:37Z,320011,18319824,16,192
2026-07-23T14:59:37Z,320012,18319825,15,10
2026-07-23T14:59:37Z,320011,18319826,14,-73
2026-07-23T14:59:37Z,7000011,18319833,71,-417
2026-07-23T14:59:37Z,4050041,18319835,54,125
2026-07-23T14:59:37Z,4050042,18319836,35,-462
2026-07-23T14:59:37Z,310031,18319840,32,-566
2026-07-23T14:59:37Z,360011,18319843,17,-28
2026-07-23T14:59:37Z,360022,18319844,13,-83
2026-07-23T14:59:37Z,410011,18319848,43,244
2026-07-23T14:59:37Z,410012,18319849,28,580
2026-07-23T14:59:37Z,460011,18319850,35,113
2026-07-23T14:59:37Z,1680011,18319852,23,-256
2026-07-23T14:59:37Z,260011,18319854,18,90
2026-07-23T14:59:37Z,150011,18319858,25,-97
2026-07-23T14:59:37Z,110012,18319859,38,-372
2026-07-23T14:59:37Z,110011,18319860,37,-643
2026-07-23T14:59:37Z,810022,18319861,16,66
2026-07-23T14:59:37Z,810021,18319862,8,464
2026-07-23T14:59:37Z,4000022,18319863,41,-217
2026-07-23T14:59:37Z,290022,18319868,18,-41
2026-07-23T14:59:37Z,290021,18319869,16,-39
2026-07-23T14:59:37Z,690021,18319872,8,-154
2026-07-23T14:59:37Z,5010012,18319873,21,-2
2026-07-23T14:59:37Z,420021,18319875,52,-1060
2026-07-23T14:59:37Z,5040011,18319876,12,-86
2026-07-23T14:59:37Z,5040012,18319877,16,-88
2026-07-23T14:59:37Z,5040011,18319878,8,-236
2026-07-23T14:59:37Z,5010011,18319880,21,-62
2026-07-23T14:59:37Z,130011,18319881,15,-417
2026-07-23T14:59:37Z,120012,18319882,34,-10
2026-07-23T14:59:37Z,120011,18319883,7,289
2026-07-23T15:44:52Z,460012,18318930,35,181
2026-07-23T15:44:52Z,270012,18318962,14,285
2026-07-23T15:44:52Z,560012,18318998,17,699
2026-07-23T15:44:52Z,560011,18318999,18,693
2026-07-23T15:44:52Z,770011,18319038,12,-101
2026-07-23T15:44:52Z,770012,18319039,11,61
2026-07-23T15:44:52Z,9010021,18319066,20,49
2026-07-23T15:44:52Z,4050041,18319074,54,-255
2026-07-23T15:44:52Z,4050042,18319075,20,-249
2026-07-23T15:44:52Z,5020011,18319096,19,-514
2026-07-23T15:44:52Z,410011,18319104,26,1
2026-07-23T15:44:52Z,250011,18319112,13,339
2026-07-23T15:44:52Z,250012,18319113,11,2
2026-07-23T15:44:52Z,440011,18319121,30,151
2026-07-23T15:44:52Z,440012,18319122,36,246
2026-07-23T15:44:52Z,5040012,18319126,16,16
2026-07-23T15:44:52Z,5010011,18319135,21,-194
2026-07-23T15:44:52Z,310031,18319147,32,-559
2026-07-23T15:44:52Z,840011,18319183,10,10
2026-07-23T15:44:52Z,840012,18319184,9,116
2026-07-23T15:44:52Z,710012,18319207,9,-173
2026-07-23T15:44:52Z,420022,18319214,49,-631
2026-07-23T15:44:52Z,850012,18319229,20,204
2026-07-23T15:44:52Z,850011,18319230,17,178
2026-07-23T15:44:52Z,850012,18319231,11,-48
2026-07-23T15:44:52Z,740012,18319257,19,-64
2026-07-23T15:44:52Z,730012,18319271,12,-104
2026-07-23T15:44:52Z,730011,18319272,12,-198
2026-07-23T15:44:52Z,480011,18319292,15,625
2026-07-23T15:44:52Z,480012,18319293,16,-95
2026-07-23T15:44:52Z,5040011,18319314,12,-124
2026-07-23T15:44:52Z,5010012,18319325,21,15
2026-07-23T15:44:52Z,5010012,18319326,2,91
2026-07-23T15:44:52Z,4050041,18319336,32,273
2026-07-23T15:44:52Z,360011,18319340,17,-247
2026-07-23T15:44:52Z,360012,18319341,15,-114
2026-07-23T15:44:52Z,380021,18319372,22,463
2026-07-23T15:44:52Z,380022,18319373,12,49
2026-07-23T15:44:52Z,5020011,18319380,48,-596
2026-07-23T15:44:52Z,5020012,18319381,2,91
2026-07-23T15:44:52Z,5030012,18319387,40,2251
2026-07-23T15:44:52Z,5030011,18319388,10,-56
2026-07-23T15:44:52Z,700011,18319411,5,-41
2026-07-23T15:44:52Z,420021,18319418,52,-853
2026-07-23T15:44:52Z,410012,18319423,36,-19
2026-07-23T15:44:52Z,5030012,18319460,40,1613
2026-07-23T15:44:52Z,4000022,18319476,41,-145
2026-07-23T15:44:52Z,520022,18319497,10,867
2026-07-23T15:44:52Z,520021,18319498,16,565
2026-07-23T15:44:52Z,420021,18319501,46,-526
2026-07-23T15:44:52Z,5020012,18319520,47,-556
2026-07-23T15:44:52Z,5030012,18319526,40,795
2026-07-23T15:44:52Z,410011,18319532,43,15
2026-07-23T15:44:52Z,410012,18319533,36,173
2026-07-23T15:44:52Z,240011,18319538,18,370
2026-07-23T15:44:52Z,310031,18319565,32,-213
2026-07-23T15:44:52Z,5020012,18319573,47,-564
2026-07-23T15:44:52Z,5030011,18319578,40,482
2026-07-23T15:44:52Z,5030012,18319579,10,369
2026-07-23T15:44:52Z,440011,18319595,13,242
2026-07-23T15:44:52Z,1010012,18319603,25,-39
2026-07-23T15:44:52Z,5010012,18319606,21,-145
2026-07-23T15:44:52Z,120012,18319609,34,-303
2026-07-23T15:44:52Z,120011,18319610,29,-67
2026-07-23T15:44:52Z,5020011,18319625,48,-164
2026-07-23T15:44:52Z,5020012,18319626,47,-651
2026-07-23T15:44:52Z,5030011,18319631,40,2385
2026-07-23T15:44:52Z,5030012,18319632,7,2346
2026-07-23T15:44:52Z,460011,18319634,35,850
2026-07-23T15:44:52Z,110012,18319638,18,-220
2026-07-23T15:44:52Z,220021,18319648,33,142
2026-07-23T15:44:52Z,220021,18319649,33,-273
2026-07-23T15:44:52Z,5020011,18319684,48,-521
2026-07-23T15:44:52Z,410011,18319688,43,-6
2026-07-23T15:44:52Z,410012,18319689,19,304
2026-07-23T15:44:52Z,260011,18319696,9,12
2026-07-23T15:44:52Z,4000021,18319713,40,155
2026-07-23T15:44:52Z,4000022,18319714,5,-215
2026-07-23T15:44:52Z,420022,18319723,49,-380
2026-07-23T15:44:52Z,440011,18319727,29,1811
2026-07-23T15:44:52Z,120012,18319739,34,-243
2026-07-23T15:44:52Z,4050042,18319742,55,2792
2026-07-23T15:44:52Z,460011,18319748,35,549
2026-07-23T15:44:52Z,460012,18319749,35,-9
2026-07-23T15:44:52Z,260011,18319760,18,18
2026-07-23T15:44:52Z,260012,18319761,21,-239
2026-07-23T15:44:52Z,5020012,18319772,47,340
2026-07-23T15:44:52Z,5050012,18319776,16,2172
2026-07-23T15:44:52Z,560012,18319790,2,346
2026-07-23T15:44:52Z,650012,18319805,17,-102
2026-07-23T15:44:52Z,650011,18319806,8,1
2026-07-23T15:44:52Z,610011,18319810,22,663
2026-07-23T15:44:52Z,600012,18319813,14,61
2026-07-23T15:44:52Z,600011,18319814,15,162
2026-07-23T15:44:52Z,120011,18319822,35,-178
2026-07-23T15:44:52Z,320011,18319826,16,-11
2026-07-23T15:44:52Z,320012,18319827,15,-182
2026-07-23T15:44:52Z,7000012,18319834,9,428
2026-07-23T15:44:52Z,4050042,18319836,48,-184
2026-07-23T15:44:52Z,310031,18319841,20,-374
2026-07-23T15:44:52Z,360022,18319844,22,-197
2026-07-23T15:44:52Z,360021,18319845,24,-163
2026-07-23T15:44:52Z,410012,18319849,36,-295
2026-07-23T15:44:52Z,170021,18319856,20,1015
2026-07-23T15:44:52Z,110011,18319860,37,-458
2026-07-23T15:44:52Z,810021,18319862,18,108
2026-07-23T15:44:52Z,4000021,18319864,40,-346
2026-07-23T15:44:52Z,290021,18319869,16,36
2026-07-23T15:44:52Z,290022,18319870,18,32
2026-07-23T15:44:52Z,5040012,18319877,16,449
2026-07-23T15:44:52Z,5040011,18319878,12,-124
2026-07-23T15:44:52Z,5040012,18319879,16,136
2026-07-23T15:44:52Z,120011,18319883,35,-245
2026-07-23T15:44:52Z,360021,18319886,24,201
2026-07-23T15:44:52Z,190011,18319888,18,-93
2026-07-23T15:44:52Z,280011,18319890,21,-18
2026-07-23T15:44:52Z,280012,18319891,18,-330
2026-07-23T15:44:52Z,280011,18319892,15,-144
2026-07-23T15:44:52Z,410011,18319893,43,624
2026-07-23T15:44:52Z,410012,18319894,36,722
2026-07-23T15:44:52Z,110011,18319896,37,-638
2026-07-23T15:44:52Z,470012,18319898,18,195
2026-07-23T15:44:52Z,470011,18319899,12,-73
2026-07-23T15:44:52Z,420021,18319902,52,-843
2026-07-23T15:44:52Z,330012,18319905,24,518
2026-07-23T15:44:52Z,330011,18319906,25,-1
2026-07-23T15:44:52Z,330012,18319907,23,-32
2026-07-23T15:44:52Z,440012,18319908,36,472
2026-07-23T15:44:52Z,120012,18319910,34,92
2026-07-23T15:44:52Z,5010011,18319911,21,374
2026-07-23T15:44:52Z,5020011,18319915,48,-108
2026-07-23T15:44:52Z,5020012,18319916,26,191
2026-07-23T15:44:52Z,160012,18319918,7,-40
2026-07-23T15:44:52Z,420022,18319919,49,-907
2026-07-23T15:44:52Z,680012,18319920,24,1295
2026-07-23T15:44:52Z,680011,18319921,24,1100
2026-07-23T15:44:52Z,230031,18319922,47,-58
2026-07-23T15:44:52Z,230031,18319923,18,-253
2026-07-23T15:44:52Z,380022,18319924,21,156
2026-07-23T15:44:52Z,380021,18319925,12,-33
2026-07-23T15:44:52Z,470011,18319926,19,-113
2026-07-23T15:44:52Z,470012,18319927,18,156
2026-07-23T15:44:52Z,110012,18319928,38,-270
2026-07-23T15:44:52Z,150012,18319929,21,5
2026-07-23T15:44:52Z,150011,18319930,25,-267
2026-07-23T15:44:52Z,170022,18319931,22,-296
2026-07-23T15:44:52Z,170021,18319932,20,-421
2026-07-23T15:44:52Z,510012,18319933,11,451
2026-07-23T15:44:52Z,510011,18319934,14,177
2026-07-23T15:44:52Z,540012,18319935,16,966
2026-07-23T15:44:52Z,540011,18319936,16,1145
2026-07-23T15:44:52Z,500012,18319939,18,660
2026-07-23T15:44:52Z,500011,18319940,23,182
2026-07-23T15:44:52Z,530012,18319941,17,2
2026-07-23T15:44:52Z,530011,18319942,20,223
2026-07-23T15:44:52Z,620012,18319943,16,291
2026-07-23T15:44:52Z,620011,18319944,16,88
2026-07-23T15:44:52Z,130012,18319945,15,-544
2026-07-23T15:44:52Z,130011,18319946,15,-481
2026-07-23T15:44:52Z,130012,18319947,15,-304
2026-07-23T15:44:52Z,5010011,18319951,21,-314
2026-07-23T15:44:52Z,4050042,18319954,48,-488
2026-07-23T15:44:52Z,160011,18319955,6,-151
2026-07-23T15:44:52Z,160012,18319956,7,-129
2026-07-23T15:44:52Z,460011,18319963,35,242
2026-07-23T15:44:52Z,190012,18319964,18,227
2026-07-23T15:44:52Z,190011,18319965,18,-83
2026-07-23T15:44:52Z,240012,18319966,17,-70
2026-07-23T15:44:52Z,240011,18319967,17,-245
2026-07-23T15:44:52Z,5030011,18319968,32,-109
2026-07-23T15:44:52Z,410011,18319970,43,-158
2026-07-23T15:44:52Z,410012,18319971,0,-158
2026-07-23T15:44:52Z,470011,18319972,19,-110
2026-07-23T15:44:52Z,470012,18319973,8,267
2026-07-23T15:44:52Z,110012,18319974,38,-796
2026-07-23T15:44:52Z,130011,18319977,15,-361
2026-07-23T15:44:52Z,420022,18319978,31,-450
2026-07-23T15:44:52Z,160011,18319980,6,-91
2026-07-23T15:44:52Z,160012,18319981,6,-51
2026-07-23T15:44:52Z,150012,18319982,9,217
2026-07-23T15:44:52Z,170022,18319984,10,-62
2026-07-23T15:44:52Z,460012,18319987,17,-201
2026-07-23T15:44:52Z,290021,18319988,7,159
2026-07-23T15:44:52Z,410011,18319992,6,-88
2026-07-23T15:44:52Z,420021,18319996,6,-150
2026-07-23T15:55:17Z,760012,18318927,13,1806
2026-07-23T15:55:17Z,460012,18318930,35,276
2026-07-23T15:55:17Z,560012,18318998,17,748
2026-07-23T15:55:17Z,560011,18318999,21,785
2026-07-23T15:55:17Z,770011,18319038,12,-5
2026-07-23T15:55:17Z,770012,18319039,11,61
2026-07-23T15:55:17Z,9010021,18319066,20,50
2026-07-23T15:55:17Z,4050041,18319074,54,-243
2026-07-23T15:55:17Z,4050042,18319075,34,-378
2026-07-23T15:55:17Z,5020011,18319096,33,-624
2026-07-23T15:55:17Z,410011,18319104,40,-133
2026-07-23T15:55:17Z,250011,18319112,13,332
2026-07-23T15:55:17Z,250012,18319113,17,46
2026-07-23T15:55:17Z,440012,18319122,36,235
2026-07-23T15:55:17Z,5040012,18319126,16,82
2026-07-23T15:55:17Z,5010011,18319135,21,-196
2026-07-23T15:55:17Z,310031,18319147,32,-553
2026-07-23T15:55:17Z,840012,18319184,9,87
2026-07-23T15:55:17Z,710012,18319207,9,-173
2026-07-23T15:55:17Z,710011,18319208,7,-36
2026-07-23T15:55:17Z,420022,18319214,49,-568
2026-07-23T15:55:17Z,850011,18319230,17,234
2026-07-23T15:55:17Z,850012,18319231,20,141
2026-07-23T15:55:17Z,850011,18319232,0,141
2026-07-23T15:55:17Z,740012,18319257,19,26
2026-07-23T15:55:17Z,730012,18319271,12,-104
2026-07-23T15:55:17Z,730011,18319272,12,-198
2026-07-23T15:55:17Z,480011,18319292,15,1240
2026-07-23T15:55:17Z,480012,18319293,23,-144
2026-07-23T15:55:17Z,5040011,18319314,12,-127
2026-07-23T15:55:17Z,5040012,18319315,8,188
2026-07-23T15:55:17Z,5010012,18319325,21,173
2026-07-23T15:55:17Z,5010012,18319326,13,48
2026-07-23T15:55:17Z,4050041,18319336,46,335
2026-07-23T15:55:17Z,360011,18319340,17,-171
2026-07-23T15:55:17Z,360012,18319341,15,-104
2026-07-23T15:55:17Z,360011,18319342,6,-62
2026-07-23T15:55:17Z,380021,18319372,22,427
2026-07-23T15:55:17Z,380022,18319373,20,-24
2026-07-23T15:55:17Z,5020011,18319380,48,-523
2026-07-23T15:55:17Z,5020012,18319381,14,111
2026-07-23T15:55:17Z,5030012,18319387,40,2763
2026-07-23T15:55:17Z,5030011,18319388,19,-69
2026-07-23T15:55:17Z,700011,18319411,5,-48
2026-07-23T15:55:17Z,420021,18319418,52,-708
2026-07-23T15:55:17Z,420022,18319419,6,-77
2026-07-23T15:55:17Z,5030012,18319460,40,1857
2026-07-23T15:55:17Z,4000022,18319476,41,-209
2026-07-23T15:55:17Z,520022,18319497,10,1039
2026-07-23T15:55:17Z,520021,18319498,16,737
2026-07-23T15:55:17Z,420021,18319501,52,-578
2026-07-23T15:55:17Z,5020012,18319520,47,-487
2026-07-23T15:55:17Z,5030012,18319526,40,857
2026-07-23T15:55:17Z,410011,18319532,43,178
2026-07-23T15:55:17Z,410012,18319533,36,201
2026-07-23T15:55:17Z,310031,18319565,32,22
2026-07-23T15:55:17Z,5020012,18319573,47,-426
2026-07-23T15:55:17Z,5030011,18319578,40,408
2026-07-23T15:55:17Z,5030012,18319579,20,209
2026-07-23T15:55:17Z,5040011,18319590,3,-79
2026-07-23T15:55:17Z,440011,18319595,13,217
2026-07-23T15:55:17Z,1010012,18319603,25,49
2026-07-23T15:55:17Z,5010012,18319606,21,-171
2026-07-23T15:55:17Z,120012,18319609,34,-213
2026-07-23T15:55:17Z,120011,18319610,35,-67
2026-07-23T15:55:17Z,5020012,18319626,47,-679
2026-07-23T15:55:17Z,5030011,18319631,40,2337
2026-07-23T15:55:17Z,5030012,18319632,16,2223
2026-07-23T15:55:17Z,460011,18319634,35,1456
2026-07-23T15:55:17Z,110012,18319638,29,-391
2026-07-23T15:55:17Z,220021,18319649,33,-278
2026-07-23T15:55:17Z,5020011,18319684,48,-527
2026-07-23T15:55:17Z,410011,18319688,43,54
2026-07-23T15:55:17Z,410012,18319689,31,223
2026-07-23T15:55:17Z,460011,18319692,1,163
2026-07-23T15:55:17Z,260011,18319696,18,-66
2026-07-23T15:55:17Z,4000022,18319714,15,-222
2026-07-23T15:55:17Z,440011,18319727,30,1914
2026-07-23T15:55:17Z,120012,18319739,34,-247
2026-07-23T15:55:17Z,4050042,18319742,55,2848
2026-07-23T15:55:17Z,460011,18319748,35,471
2026-07-23T15:55:17Z,460012,18319749,35,-100
2026-07-23T15:55:17Z,260011,18319760,18,127
2026-07-23T15:55:17Z,260012,18319761,21,-252
2026-07-23T15:55:17Z,5050012,18319776,16,2712
2026-07-23T15:55:17Z,560012,18319790,7,618
2026-07-23T15:55:17Z,650012,18319805,17,87
2026-07-23T15:55:17Z,650011,18319806,17,-33
2026-07-23T15:55:17Z,610011,18319810,22,632
2026-07-23T15:55:17Z,600012,18319813,14,62
2026-07-23T15:55:17Z,600011,18319814,15,133
2026-07-23T15:55:17Z,120011,18319822,35,-89
2026-07-23T15:55:17Z,320011,18319826,16,233
2026-07-23T15:55:17Z,320012,18319827,15,-175
2026-07-23T15:55:17Z,320011,18319828,11,0
2026-07-23T15:55:17Z,5010011,18319830,11,-107
2026-07-23T15:55:17Z,7000012,18319834,14,568
2026-07-23T15:55:17Z,4050042,18319836,48,-64
2026-07-23T15:55:17Z,310031,18319841,30,-504
2026-07-23T15:55:17Z,360022,18319844,22,-106
2026-07-23T15:55:17Z,360021,18319845,24,-175
2026-07-23T15:55:17Z,360022,18319846,5,-34
2026-07-23T15:55:17Z,410012,18319849,36,-62
2026-07-23T15:55:17Z,1680012,18319853,8,75
2026-07-23T15:55:17Z,110011,18319860,37,-358
2026-07-23T15:55:17Z,810021,18319862,18,228
2026-07-23T15:55:17Z,4000021,18319864,40,-354
2026-07-23T15:55:17Z,290021,18319869,16,176
2026-07-23T15:55:17Z,290022,18319870,18,17
2026-07-23T15:55:17Z,5040011,18319878,12,-82
2026-07-23T15:55:17Z,5040012,18319879,16,66
2026-07-23T15:55:17Z,120011,18319883,35,-353
2026-07-23T15:55:17Z,280011,18319890,21,166
2026-07-23T15:55:17Z,280012,18319891,18,-372
2026-07-23T15:55:17Z,280011,18319892,21,-62
2026-07-23T15:55:17Z,410012,18319894,36,91
2026-07-23T15:55:17Z,110011,18319896,37,-656
2026-07-23T15:55:17Z,470012,18319898,18,428
2026-07-23T15:55:17Z,470011,18319899,19,-61
2026-07-23T15:55:17Z,420021,18319902,52,-846
2026-07-23T15:55:17Z,330011,18319906,25,27
2026-07-23T15:55:17Z,330012,18319907,24,132
2026-07-23T15:55:17Z,120012,18319910,34,458
2026-07-23T15:55:17Z,5020011,18319915,48,-33
2026-07-23T15:55:17Z,5020012,18319916,41,-149
2026-07-23T15:55:17Z,420022,18319919,49,-717
2026-07-23T15:55:17Z,680012,18319920,24,1211
2026-07-23T15:55:17Z,680011,18319921,29,1002
2026-07-23T15:55:17Z,230031,18319922,47,103
2026-07-23T15:55:17Z,230031,18319923,31,-275
2026-07-23T15:55:17Z,380022,18319924,21,547
2026-07-23T15:55:17Z,380021,18319925,21,-122
2026-07-23T15:55:17Z,470011,18319926,19,-27
2026-07-23T15:55:17Z,470012,18319927,18,185
2026-07-23T15:55:17Z,110012,18319928,38,-63
2026-07-23T15:55:17Z,150012,18319929,21,73
2026-07-23T15:55:17Z,150011,18319930,25,-265
2026-07-23T15:55:17Z,170022,18319931,22,-256
2026-07-23T15:55:17Z,170021,18319932,20,-421
2026-07-23T15:55:17Z,510012,18319933,11,515
2026-07-23T15:55:17Z,510011,18319934,14,241
2026-07-23T15:55:17Z,540012,18319935,16,1163
2026-07-23T15:55:17Z,540011,18319936,16,1342
2026-07-23T15:55:17Z,500012,18319939,18,831
2026-07-23T15:55:17Z,500011,18319940,23,233
2026-07-23T15:55:17Z,530012,18319941,17,130
2026-07-23T15:55:17Z,530011,18319942,20,223
2026-07-23T15:55:17Z,620012,18319943,16,68
2026-07-23T15:55:17Z,620011,18319944,22,-191
2026-07-23T15:55:17Z,130012,18319945,15,-318
2026-07-23T15:55:17Z,130011,18319946,15,-311
2026-07-23T15:55:17Z,130012,18319947,15,-304
2026-07-23T15:55:17Z,130011,18319948,9,-195
2026-07-23T15:55:17Z,5010011,18319951,21,-185
2026-07-23T15:55:17Z,4050042,18319954,48,-451
2026-07-23T15:55:17Z,160011,18319955,6,-78
2026-07-23T15:55:17Z,160012,18319956,7,-130
2026-07-23T15:55:17Z,460011,18319963,35,133
2026-07-23T15:55:17Z,190012,18319964,18,225
2026-07-23T15:55:17Z,190011,18319965,18,-92
2026-07-23T15:55:17Z,240012,18319966,17,-70
2026-07-23T15:55:17Z,240011,18319967,18,137
2026-07-23T15:55:17Z,5030011,18319968,40,-148
2026-07-23T15:55:17Z,410011,18319970,43,-156
2026-07-23T15:55:17Z,410012,18319971,8,260
2026-07-23T15:55:17Z,470011,18319972,19,-121
2026-07-23T15:55:17Z,470012,18319973,18,244
2026-07-23T15:55:17Z,110012,18319974,38,-796
2026-07-23T15:55:17Z,130011,18319977,15,-358
2026-07-23T15:55:17Z,420022,18319978,47,-538
2026-07-23T15:55:17Z,160011,18319980,6,-100
2026-07-23T15:55:17Z,160012,18319981,7,-130
2026-07-23T15:55:17Z,150012,18319982,21,-95
2026-07-23T15:55:17Z,170022,18319984,22,-151
2026-07-23T15:55:17Z,460012,18319987,29,-200
2026-07-23T15:55:17Z,290021,18319988,16,64
2026-07-23T15:55:17Z,410011,18319992,16,-20
2026-07-23T15:55:17Z,420021,18319996,18,-180
2026-07-23T15:55:17Z,330011,18319998,13,-193
2026-07-23T15:55:17Z,120012,18320001,13,-56
2026-07-23T15:55:17Z,130012,18320002,7,-38
2026-07-23T15:55:17Z,160011,18320003,4,-8
2026-07-23T16:05:42Z,460012,18318930,35,366
2026-07-23T16:05:42Z,270011,18318963,1,167
2026-07-23T16:05:42Z,560012,18318998,17,552
2026-07-23T16:05:42Z,560011,18318999,21,583
2026-07-23T16:05:42Z,770012,18319039,11,-249
2026-07-23T16:05:42Z,9010021,18319066,20,50
2026-07-23T16:05:42Z,4050041,18319074,54,-234
2026-07-23T16:05:42Z,4050042,18319075,38,-827
2026-07-23T16:05:42Z,5020011,18319096,44,-653
2026-07-23T16:05:42Z,410011,18319104,43,-162
2026-07-23T16:05:42Z,410012,18319105,0,-162
2026-07-23T16:05:42Z,250011,18319112,13,105
2026-07-23T16:05:42Z,250012,18319113,18,410
2026-07-23T16:05:42Z,440012,18319122,36,289
2026-07-23T16:05:42Z,5040012,18319126,16,164
2026-07-23T16:05:42Z,5010011,18319135,21,-216
2026-07-23T16:05:42Z,310031,18319147,32,-539
2026-07-23T16:05:42Z,310031,18319148,5,37
2026-07-23T16:05:42Z,5050011,18319163,16,-498
2026-07-23T16:05:42Z,5050012,18319164,11,-1162
2026-07-23T16:05:42Z,840012,18319184,9,-142
2026-07-23T16:05:42Z,510012,18319199,5,-30
2026-07-23T16:05:42Z,710012,18319207,9,-177
2026-07-23T16:05:42Z,710011,18319208,9,-112
2026-07-23T16:05:42Z,420022,18319214,49,-434
2026-07-23T16:05:42Z,850011,18319230,17,314
2026-07-23T16:05:42Z,850012,18319231,20,141
2026-07-23T16:05:42Z,850011,18319232,8,425
2026-07-23T16:05:42Z,740012,18319257,19,88
2026-07-23T16:05:42Z,740011,18319258,4,-51
2026-07-23T16:05:42Z,730012,18319271,12,-164
2026-07-23T16:05:42Z,730011,18319272,12,-199
2026-07-23T16:05:42Z,480011,18319292,15,1858
2026-07-23T16:05:42Z,480012,18319293,23,-154
2026-07-23T16:05:42Z,480011,18319294,2,32
2026-07-23T16:05:42Z,5040011,18319314,12,-103
2026-07-23T16:05:42Z,5040012,18319315,16,0
2026-07-23T16:05:42Z,5010012,18319325,21,252
2026-07-23T16:05:42Z,5010012,18319326,21,-73
2026-07-23T16:05:42Z,4050041,18319336,54,-847
2026-07-23T16:05:42Z,360011,18319340,17,31
2026-07-23T16:05:42Z,360012,18319341,15,-103
2026-07-23T16:05:42Z,360011,18319342,17,-154
2026-07-23T16:05:42Z,190012,18319355,10,-135
2026-07-23T16:05:42Z,380021,18319372,22,402
2026-07-23T16:05:42Z,380022,18319373,21,-7
2026-07-23T16:05:42Z,5020011,18319380,48,-348
2026-07-23T16:05:42Z,5020012,18319381,29,-6
2026-07-23T16:05:42Z,5030012,18319387,40,2923
2026-07-23T16:05:42Z,5030011,18319388,28,-59
2026-07-23T16:05:42Z,420021,18319418,52,-618
2026-07-23T16:05:42Z,420022,18319419,21,-501
2026-07-23T16:05:42Z,5030012,18319460,40,2210
2026-07-23T16:05:42Z,4000022,18319476,41,-146
2026-07-23T16:05:42Z,4000021,18319477,7,105
2026-07-23T16:05:42Z,520021,18319498,16,87
2026-07-23T16:05:42Z,420021,18319501,52,-592
2026-07-23T16:05:42Z,5020012,18319520,47,-484
2026-07-23T16:05:42Z,5030012,18319526,40,1099
2026-07-23T16:05:42Z,5030011,18319527,6,-48
2026-07-23T16:05:42Z,410012,18319533,36,50
2026-07-23T16:05:42Z,310031,18319565,32,14
2026-07-23T16:05:42Z,5020012,18319573,47,-273
2026-07-23T16:05:42Z,5030011,18319578,40,370
2026-07-23T16:05:42Z,5030012,18319579,31,169
2026-07-23T16:05:42Z,5040011,18319590,12,-103
2026-07-23T16:05:42Z,440011,18319595,26,1662
2026-07-23T16:05:42Z,1010012,18319603,25,59
2026-07-23T16:05:42Z,5010012,18319606,21,-195
2026-07-23T16:05:42Z,120012,18319609,34,60
2026-07-23T16:05:42Z,120011,18319610,35,-9
2026-07-23T16:05:42Z,5020012,18319626,47,-646
2026-07-23T16:05:42Z,5030011,18319631,40,2407
2026-07-23T16:05:42Z,5030012,18319632,25,2256
2026-07-23T16:05:42Z,460011,18319634,35,2058
2026-07-23T16:05:42Z,110012,18319638,38,-611
2026-07-23T16:05:42Z,220021,18319649,33,-297
2026-07-23T16:05:42Z,5020011,18319684,48,-505
2026-07-23T16:05:42Z,5020012,18319685,4,95
2026-07-23T16:05:42Z,410011,18319688,43,107
2026-07-23T16:05:42Z,410012,18319689,36,79
2026-07-23T16:05:42Z,460011,18319692,12,257
2026-07-23T16:05:42Z,260011,18319696,18,-62
2026-07-23T16:05:42Z,4000022,18319714,31,-259
2026-07-23T16:05:42Z,440011,18319727,30,274
2026-07-23T16:05:42Z,120012,18319739,34,-252
2026-07-23T16:05:42Z,4050042,18319742,55,957
2026-07-23T16:05:42Z,460012,18319749,35,-106
2026-07-23T16:05:42Z,260012,18319761,21,-48
2026-07-23T16:05:42Z,5020012,18319772,47,637
2026-07-23T16:05:42Z,5020011,18319773,4,-38
2026-07-23T16:05:42Z,5050012,18319776,16,3724
2026-07-23T16:05:42Z,560012,18319790,17,282
2026-07-23T16:05:42Z,650012,18319805,17,51
2026-07-23T16:05:42Z,650011,18319806,17,-33
2026-07-23T16:05:42Z,600012,18319813,14,71
2026-07-23T16:05:42Z,600011,18319814,15,142
2026-07-23T16:05:42Z,600012,18319815,0,-2378
2026-07-23T16:05:42Z,530012,18319819,4,-63
2026-07-23T16:05:42Z,320011,18319826,16,252
2026-07-23T16:05:42Z,320012,18319827,15,-176
2026-07-23T16:05:42Z,320011,18319828,16,179
2026-07-23T16:05:42Z,5010011,18319830,21,-156
2026-07-23T16:05:42Z,7000012,18319834,15,896
2026-07-23T16:05:42Z,4050042,18319836,48,69
2026-07-23T16:05:42Z,310031,18319841,32,-439
2026-07-23T16:05:42Z,360022,18319844,22,131
2026-07-23T16:05:42Z,360021,18319845,24,-195
2026-07-23T16:05:42Z,360022,18319846,18,-96
2026-07-23T16:05:42Z,1680012,18319853,18,-110
2026-07-23T16:05:42Z,110011,18319860,37,-177
2026-07-23T16:05:42Z,810021,18319862,18,83
2026-07-23T16:05:42Z,4000021,18319864,40,-323
2026-07-23T16:05:42Z,290022,18319870,18,17
2026-07-23T16:05:42Z,5040011,18319878,12,140
2026-07-23T16:05:42Z,5040012,18319879,16,46
2026-07-23T16:05:42Z,120011,18319883,35,-187
2026-07-23T16:05:42Z,280012,18319891,18,-189
2026-07-23T16:05:42Z,280011,18319892,21,-48
2026-07-23T16:05:42Z,410012,18319894,36,309
2026-07-23T16:05:42Z,110011,18319896,37,-494
2026-07-23T16:05:42Z,470011,18319899,19,-74
2026-07-23T16:05:42Z,470012,18319900,2,169
2026-07-23T16:05:42Z,330011,18319906,25,219
2026-07-23T16:05:42Z,330012,18319907,24,247
2026-07-23T16:05:42Z,5020011,18319915,48,139
2026-07-23T16:05:42Z,5020012,18319916,47,-548
2026-07-23T16:05:42Z,420022,18319919,49,-634
2026-07-23T16:05:42Z,680011,18319921,29,63
2026-07-23T16:05:42Z,230031,18319922,47,127
2026-07-23T16:05:42Z,230031,18319923,46,-535
2026-07-23T16:05:42Z,380022,18319924,21,798
2026-07-23T16:05:42Z,380021,18319925,22,178
2026-07-23T16:05:42Z,470012,18319927,18,184
2026-07-23T16:05:42Z,110012,18319928,38,101
2026-07-23T16:05:42Z,150011,18319930,25,-90
2026-07-23T16:05:42Z,170021,18319932,20,-341
2026-07-23T16:05:42Z,510011,18319934,14,424
2026-07-23T16:05:42Z,540011,18319936,16,813
2026-07-23T16:05:42Z,540012,18319937,9,-70
2026-07-23T16:05:42Z,500012,18319939,18,895
2026-07-23T16:05:42Z,500011,18319940,23,304
2026-07-23T16:05:42Z,530011,18319942,20,-202
2026-07-23T16:05:42Z,620012,18319943,16,95
2026-07-23T16:05:42Z,620011,18319944,22,-191
2026-07-23T16:05:42Z,130012,18319945,15,-315
2026-07-23T16:05:42Z,130012,18319947,15,-315
2026-07-23T16:05:42Z,130011,18319948,15,-298
2026-07-23T16:05:42Z,5010011,18319951,21,22
2026-07-23T16:05:42Z,4050042,18319954,48,-399
2026-07-23T16:05:42Z,160012,18319956,7,-120
2026-07-23T16:05:42Z,460011,18319963,35,316
2026-07-23T16:05:42Z,190012,18319964,18,229
2026-07-23T16:05:42Z,190011,18319965,18,-100
2026-07-23T16:05:42Z,240012,18319966,17,-100
2026-07-23T16:05:42Z,240011,18319967,18,118
2026-07-23T16:05:42Z,410011,18319970,43,-69
2026-07-23T16:05:42Z,410012,18319971,20,278
2026-07-23T16:05:42Z,470011,18319972,19,-242
2026-07-23T16:05:42Z,470012,18319973,18,251
2026-07-23T16:05:42Z,110012,18319974,38,-783
2026-07-23T16:05:42Z,110011,18319975,7,-194
2026-07-23T16:05:42Z,130011,18319977,15,-358
2026-07-23T16:05:42Z,420022,18319978,49,-685
2026-07-23T16:05:42Z,160011,18319980,6,-92
2026-07-23T16:05:42Z,160012,18319981,7,-128
2026-07-23T16:05:42Z,150012,18319982,21,-97
2026-07-23T16:05:42Z,150011,18319983,5,-23
2026-07-23T16:05:42Z,170022,18319984,22,-159
2026-07-23T16:05:42Z,170021,18319985,8,-34
2026-07-23T16:05:42Z,460012,18319987,35,-216
2026-07-23T16:05:42Z,290021,18319988,16,71
2026-07-23T16:05:42Z,410011,18319992,27,46
2026-07-23T16:05:42Z,420021,18319996,33,-263
2026-07-23T16:05:42Z,330011,18319998,23,-284
2026-07-23T16:05:42Z,120012,18320001,27,-220
2026-07-23T16:05:42Z,130012,18320002,15,-255
2026-07-23T16:05:42Z,160011,18320003,6,-152
2026-07-23T16:05:42Z,240012,18320005,4,91
2026-07-23T16:05:42Z,280012,18320007,2,0
2026-07-23T16:05:42Z,520022,18320010,2,57
2026-07-23T16:05:42Z,470011,18320012,1,56
2026-07-23T17:06:31Z,270011,18318963,8,146
2026-07-23T17:06:31Z,270012,18318964,14,278
2026-07-23T17:06:31Z,9010021,18319067,20,38
2026-07-23T17:06:31Z,4050042,18319075,55,719
2026-07-23T17:06:31Z,5020011,18319096,48,-147
2026-07-23T17:06:31Z,5020012,18319097,42,-287
2026-07-23T17:06:31Z,410012,18319105,36,-202
2026-07-23T17:06:31Z,410011,18319106,27,61
2026-07-23T17:06:31Z,250011,18319114,0,-322
2026-07-23T17:06:31Z,310031,18319148,32,-298
2026-07-23T17:06:31Z,310031,18319149,6,90
2026-07-23T17:06:31Z,510012,18319199,11,385
2026-07-23T17:06:31Z,510011,18319200,14,305
2026-07-23T17:06:31Z,850011,18319232,17,621
2026-07-23T17:06:31Z,850012,18319233,20,454
2026-07-23T17:06:31Z,740011,18319258,19,-197
2026-07-23T17:06:31Z,740012,18319259,19,5
2026-07-23T17:06:31Z,740011,18319260,6,1
2026-07-23T17:06:31Z,390012,18319278,15,137
2026-07-23T17:06:31Z,390011,18319279,7,112
2026-07-23T17:06:31Z,480011,18319294,15,1065
2026-07-23T17:06:31Z,5040012,18319315,16,204
2026-07-23T17:06:31Z,5040011,18319316,12,-155
2026-07-23T17:06:31Z,5010012,18319326,21,381
2026-07-23T17:06:31Z,4050041,18319336,54,782
2026-07-23T17:06:31Z,4050042,18319337,36,-1
2026-07-23T17:06:31Z,360011,18319342,17,-38
2026-07-23T17:06:31Z,360012,18319343,15,-29
2026-07-23T17:06:31Z,190012,18319355,18,475
2026-07-23T17:06:31Z,190011,18319356,18,-78
2026-07-23T17:06:31Z,190012,18319357,11,78
2026-07-23T17:06:31Z,380022,18319373,21,827
2026-07-23T17:06:31Z,380021,18319374,21,-69
2026-07-23T17:06:31Z,5020012,18319381,47,-252
2026-07-23T17:06:31Z,5030012,18319389,6,1968
2026-07-23T17:06:31Z,420022,18319419,49,-716
2026-07-23T17:06:31Z,5030011,18319461,28,151
2026-07-23T17:06:31Z,4000021,18319477,40,-371
2026-07-23T17:06:31Z,4000021,18319482,9,140
2026-07-23T17:06:31Z,5020011,18319521,47,-595
2026-07-23T17:06:31Z,5030011,18319527,40,603
2026-07-23T17:06:31Z,5030012,18319528,6,170
2026-07-23T17:06:31Z,150012,18319551,21,40
2026-07-23T17:06:31Z,150011,18319552,9,-15
2026-07-23T17:06:31Z,310031,18319566,32,-361
2026-07-23T17:06:31Z,5030012,18319579,40,1400
2026-07-23T17:06:31Z,5040011,18319590,12,5
2026-07-23T17:06:31Z,5040012,18319591,16,2
2026-07-23T17:06:31Z,5040011,18319592,12,25
2026-07-23T17:06:31Z,440012,18319596,36,613
2026-07-23T17:06:31Z,5020011,18319627,4,-28
2026-07-23T17:06:31Z,5030012,18319632,40,3311
2026-07-23T17:06:31Z,110012,18319638,38,160
2026-07-23T17:06:31Z,110011,18319639,10,-183
2026-07-23T17:06:31Z,220021,18319650,33,-194
2026-07-23T17:06:31Z,220021,18319651,0,-1514
2026-07-23T17:06:31Z,360022,18319674,18,23
2026-07-23T17:06:31Z,670012,18319680,12,-76
2026-07-23T17:06:31Z,670011,18319681,12,-141
2026-07-23T17:06:31Z,5020012,18319685,47,-575
2026-07-23T17:06:31Z,410012,18319689,36,728
2026-07-23T17:06:31Z,460011,18319692,35,1384
2026-07-23T17:06:31Z,260012,18319697,21,324
2026-07-23T17:06:31Z,260011,18319698,18,-88
2026-07-23T17:06:31Z,260012,18319699,5,107
2026-07-23T17:06:31Z,5050011,18319704,16,70
2026-07-23T17:06:31Z,5050012,18319705,11,-1252
2026-07-23T17:06:31Z,4000022,18319714,41,-37
2026-07-23T17:06:31Z,440012,18319730,30,-175
2026-07-23T17:06:31Z,5010012,18319737,21,-181
2026-07-23T17:06:31Z,120011,18319740,35,-767
2026-07-23T17:06:31Z,230031,18319769,46,-565
2026-07-23T17:06:31Z,5020011,18319773,48,-417
2026-07-23T17:06:31Z,5020012,18319774,5,138
2026-07-23T17:06:31Z,110012,18319779,38,-663
2026-07-23T17:06:31Z,470011,18319782,19,98
2026-07-23T17:06:31Z,470012,18319783,3,162
2026-07-23T17:06:31Z,560011,18319791,21,309
2026-07-23T17:06:31Z,5040012,18319798,16,-59
2026-07-23T17:06:31Z,600012,18319815,14,30
2026-07-23T17:06:31Z,600011,18319816,15,96
2026-07-23T17:06:31Z,530012,18319819,17,394
2026-07-23T17:06:31Z,530011,18319820,20,553
2026-07-23T17:06:31Z,320011,18319828,16,420
2026-07-23T17:06:31Z,5010011,18319830,21,43
2026-07-23T17:06:31Z,5010012,18319831,21,-121
2026-07-23T17:06:31Z,7000012,18319834,60,1023
2026-07-23T17:06:31Z,310031,18319841,32,73
2026-07-23T17:06:31Z,360022,18319846,22,285
2026-07-23T17:06:31Z,360021,18319847,24,-111
2026-07-23T17:06:31Z,1680012,18319853,18,75
2026-07-23T17:06:31Z,4000022,18319865,32,-246
2026-07-23T17:06:31Z,470012,18319900,18,242
2026-07-23T17:06:31Z,420021,18319903,52,-673
2026-07-23T17:06:31Z,330012,18319907,24,1636
2026-07-23T17:06:31Z,440011,18319909,28,1725
2026-07-23T17:06:31Z,5020012,18319916,47,49
2026-07-23T17:06:31Z,230031,18319923,47,267
2026-07-23T17:06:31Z,380021,18319925,22,531
2026-07-23T17:06:31Z,540012,18319937,16,1102
2026-07-23T17:06:31Z,540011,18319938,16,1522
2026-07-23T17:06:31Z,130012,18319949,15,-277
2026-07-23T17:06:31Z,130011,18319950,15,-200
2026-07-23T17:06:31Z,160011,18319957,6,-96
2026-07-23T17:06:31Z,160012,18319958,7,-175
2026-07-23T17:06:31Z,410012,18319971,36,272
2026-07-23T17:06:31Z,110011,18319975,37,-606
2026-07-23T17:06:31Z,420022,18319978,49,36
2026-07-23T17:06:31Z,150011,18319983,25,-91
2026-07-23T17:06:31Z,170021,18319985,20,-244
2026-07-23T17:06:31Z,290022,18319989,18,186
2026-07-23T17:06:31Z,290021,18319990,16,90
2026-07-23T17:06:31Z,290022,18319991,0,-810
2026-07-23T17:06:31Z,410011,18319992,43,263
2026-07-23T17:06:31Z,410012,18319993,15,726
2026-07-23T17:06:31Z,420021,18319996,52,-575
2026-07-23T17:06:31Z,420022,18319997,24,-300
2026-07-23T17:06:31Z,330011,18319998,25,242
2026-07-23T17:06:31Z,330012,18319999,24,600
2026-07-23T17:06:31Z,330011,18320000,20,-49
2026-07-23T17:06:31Z,120012,18320001,34,263
2026-07-23T17:06:31Z,130012,18320002,15,-99
2026-07-23T17:06:31Z,160012,18320004,7,-99
2026-07-23T17:06:31Z,240012,18320005,17,-38
2026-07-23T17:06:31Z,240011,18320006,18,-47
2026-07-23T17:06:31Z,280012,18320007,18,-419
2026-07-23T17:06:31Z,280011,18320008,21,-12
2026-07-23T17:06:31Z,280012,18320009,5,-31
2026-07-23T17:06:31Z,470011,18320012,19,766
2026-07-23T17:06:31Z,470012,18320013,18,443
2026-07-23T17:06:31Z,410011,18320014,43,-126
2026-07-23T17:06:31Z,410012,18320015,0,-1326
2026-07-23T17:06:31Z,130011,18320016,15,-260
2026-07-23T17:06:31Z,130012,18320017,15,-217
2026-07-23T17:06:31Z,5010011,18320018,21,-186
2026-07-23T17:06:31Z,320012,18320019,15,65
2026-07-23T17:06:31Z,320011,18320020,16,188
2026-07-23T17:06:31Z,620012,18320021,16,339
2026-07-23T17:06:31Z,620011,18320022,6,285
2026-07-23T17:06:31Z,410011,18320023,43,-13
2026-07-23T17:06:31Z,410012,18320024,35,614
2026-07-23T17:06:31Z,420022,18320027,49,-348
2026-07-23T17:06:31Z,380022,18320028,21,99
2026-07-23T17:06:31Z,170022,18320030,22,-93
2026-07-23T17:06:31Z,170021,18320031,10,-9
2026-07-23T17:06:31Z,460012,18320032,35,29
2026-07-23T17:06:31Z,420021,18320033,38,-250
2026-07-23T17:06:31Z,5010011,18320034,21,-129
2026-07-23T17:06:31Z,120012,18320035,27,-127
2026-07-23T17:06:31Z,160011,18320038,6,-36
2026-07-23T17:06:31Z,160012,18320039,0,-336
2026-07-23T17:06:31Z,240012,18320040,8,7
2026-07-23T17:06:31Z,410011,18320041,9,-139
2026-07-23T17:06:31Z,470011,18320043,2,209
2026-07-23T17:06:31Z,5030011,,7,-112
2026-07-23T18:07:20Z,9010021,18319068,20,34
2026-07-23T18:07:20Z,5020012,18319097,47,41
2026-07-23T18:07:20Z,410011,18319106,43,981
2026-07-23T18:07:20Z,410012,18319107,19,1806
2026-07-23T18:07:20Z,250011,18319114,13,98
2026-07-23T18:07:20Z,250012,18319115,18,84
2026-07-23T18:07:20Z,310031,18319149,32,-196
2026-07-23T18:07:20Z,740011,18319260,19,-33
2026-07-23T18:07:20Z,730011,18319274,12,-111
2026-07-23T18:07:20Z,390011,18319279,15,999
2026-07-23T18:07:20Z,480012,18319295,23,240
2026-07-23T18:07:20Z,5040012,18319317,16,-36
2026-07-23T18:07:20Z,4050042,18319337,55,1859
2026-07-23T18:07:20Z,190012,18319357,18,623
2026-07-23T18:07:20Z,430012,18319365,25,600
2026-07-23T18:07:20Z,430011,18319366,2,345
2026-07-23T18:07:20Z,380021,18319374,22,577
2026-07-23T18:07:20Z,380022,18319375,21,262
2026-07-23T18:07:20Z,5030011,18319390,28,445
2026-07-23T18:07:20Z,5030011,18319461,40,354
2026-07-23T18:07:20Z,5030012,18319462,30,530
2026-07-23T18:07:20Z,4000022,18319478,37,-281
2026-07-23T18:07:20Z,4000021,18319482,40,-197
2026-07-23T18:07:20Z,420021,18319502,52,-466
2026-07-23T18:07:20Z,5010012,18319509,21,-252
2026-07-23T18:07:20Z,5020011,18319521,48,-307
2026-07-23T18:07:20Z,5020012,18319522,42,-150
2026-07-23T18:07:20Z,150011,18319552,25,20
2026-07-23T18:07:20Z,310031,18319567,32,-106
2026-07-23T18:07:20Z,5030012,18319579,40,3055
2026-07-23T18:07:20Z,5040011,18319592,12,191
2026-07-23T18:07:20Z,5020011,18319627,48,-292
2026-07-23T18:07:20Z,5020012,18319628,7,111
2026-07-23T18:07:20Z,110011,18319639,37,-303
2026-07-23T18:07:20Z,220021,18319651,33,-188
2026-07-23T18:07:20Z,5040011,18319658,12,48
2026-07-23T18:07:20Z,360022,18319674,22,-45
2026-07-23T18:07:20Z,360021,18319675,24,-144
2026-07-23T18:07:20Z,360022,18319676,18,87
2026-07-23T18:07:20Z,460011,18319692,35,2870
2026-07-23T18:07:20Z,260011,18319698,18,779
2026-07-23T18:07:20Z,260012,18319699,21,457
2026-07-23T18:07:20Z,5050012,18319705,16,668
2026-07-23T18:07:20Z,5020011,18319719,47,-311
2026-07-23T18:07:20Z,440012,18319730,36,363
2026-07-23T18:07:20Z,440011,18319731,26,1953
2026-07-23T18:07:20Z,4050041,18319743,54,205
2026-07-23T18:07:20Z,4050042,18319744,43,-645
2026-07-23T18:07:20Z,160011,18319754,6,-82
2026-07-23T18:07:20Z,160012,18319755,7,-107
2026-07-23T18:07:20Z,260011,18319762,18,156
2026-07-23T18:07:20Z,260012,18319763,5,175
2026-07-23T18:07:20Z,230031,18319769,47,27
2026-07-23T18:07:20Z,230031,18319770,46,-455
2026-07-23T18:07:20Z,5020012,18319774,47,-407
2026-07-23T18:07:20Z,110012,18319779,38,-102
2026-07-23T18:07:20Z,470012,18319783,18,180
2026-07-23T18:07:20Z,470011,18319784,19,72
2026-07-23T18:07:20Z,470012,18319785,4,174
2026-07-23T18:07:20Z,5040012,18319798,16,322
2026-07-23T18:07:20Z,5040011,18319799,12,48
2026-07-23T18:07:20Z,5040012,18319800,16,23
2026-07-23T18:07:20Z,5010011,18319832,21,-177
2026-07-23T18:07:20Z,4050041,18319837,53,-22
2026-07-23T18:07:20Z,4000022,18319865,41,54
2026-07-23T18:07:20Z,4000021,18319866,10,115
2026-07-23T18:07:20Z,420022,18319904,49,-100
2026-07-23T18:07:20Z,130012,18319914,15,-281
2026-07-23T18:07:20Z,160011,18319959,6,-119
2026-07-23T18:07:20Z,110012,18319976,38,-484
2026-07-23T18:07:20Z,170022,18319986,22,-154
2026-07-23T18:07:20Z,290022,18319991,18,91
2026-07-23T18:07:20Z,410012,18319993,36,187
2026-07-23T18:07:20Z,410011,18319994,43,207
2026-07-23T18:07:20Z,410012,18319995,0,-153
2026-07-23T18:07:20Z,420022,18319997,49,-132
2026-07-23T18:07:20Z,330011,18320000,25,303
2026-07-23T18:07:20Z,280012,18320009,18,-228
2026-07-23T18:07:20Z,520021,18320011,16,244
2026-07-23T18:07:20Z,410012,18320015,36,-218
2026-07-23T18:07:20Z,620011,18320022,22,205
2026-07-23T18:07:20Z,410011,18320025,27,270
2026-07-23T18:07:20Z,420022,18320027,49,470
2026-07-23T18:07:20Z,380021,18320029,21,-27
2026-07-23T18:07:20Z,170021,18320031,20,-239
2026-07-23T18:07:20Z,420021,18320033,52,-255
2026-07-23T18:07:20Z,5010011,18320034,21,42
2026-07-23T18:07:20Z,120012,18320035,34,210
2026-07-23T18:07:20Z,120011,18320036,35,259
2026-07-23T18:07:20Z,460011,18320037,35,1536
2026-07-23T18:07:20Z,160012,18320039,7,-38
2026-07-23T18:07:20Z,240012,18320040,17,-20
2026-07-23T18:07:20Z,410011,18320041,43,197
2026-07-23T18:07:20Z,410012,18320042,11,942
2026-07-23T18:07:20Z,470011,18320043,19,-84
2026-07-23T18:07:20Z,470012,18320044,18,263
2026-07-23T18:07:20Z,5010012,18320045,21,-254
2026-07-23T18:07:20Z,330012,18320046,24,705
2026-07-23T18:07:20Z,320012,18320047,15,96
2026-07-23T18:07:20Z,320011,18320048,16,214
2026-07-23T18:07:20Z,130011,18320049,15,-202
2026-07-23T18:07:20Z,130012,18320050,15,-281
2026-07-23T18:07:20Z,510012,18320051,11,33
2026-07-23T18:07:20Z,510011,18320052,14,97
2026-07-23T18:07:20Z,530012,18320053,17,86
2026-07-23T18:07:20Z,530011,18320054,17,400
2026-07-23T18:07:20Z,540012,18320055,16,456
2026-07-23T18:07:20Z,540011,18320056,15,45
2026-07-23T18:07:20Z,280011,18320057,21,-49
2026-07-23T18:07:20Z,280012,18320058,6,-14
2026-07-23T18:07:20Z,520022,18320059,10,356
2026-07-23T18:07:20Z,520021,18320060,2,34
2026-07-23T18:07:20Z,460012,18320061,35,16
2026-07-23T18:07:20Z,420021,18320062,42,-260
2026-07-23T18:07:20Z,440012,18320063,26,203
2026-07-23T18:07:20Z,120012,18320064,28,-84
2026-07-23T18:07:20Z,5010011,18320065,21,4
2026-07-23T18:07:20Z,420022,18320067,24,-154
2026-07-23T18:07:20Z,410011,18320068,10,-65
2026-07-23T18:07:20Z,470011,18320070,4,70
2026-07-23T18:07:20Z,5030012,,7,165
2026-07-23T18:07:20Z,5030011,,40,300
2026-07-24T03:36:19Z,4050012,18329395,53,2734
2026-07-24T03:36:19Z,740011,18329403,19,-234
2026-07-24T03:36:19Z,740012,18329404,19,-90
2026-07-24T03:36:19Z,740011,18329405,12,-300
2026-07-24T03:36:19Z,520022,18329418,10,-50
2026-07-24T03:36:19Z,520021,18329419,2,17
2026-07-24T03:36:19Z,770012,18329427,11,99
2026-07-24T03:36:19Z,770011,18329428,12,8
2026-07-24T03:36:19Z,840012,18329438,9,-154
2026-07-24T03:36:19Z,840011,18329439,10,44
2026-07-24T03:36:19Z,760011,18329468,13,-14
2026-07-24T03:36:19Z,4050012,18329475,38,2550
2026-07-24T03:36:19Z,730012,18329484,12,-66
2026-07-24T03:36:19Z,730011,18329485,3,38
2026-07-24T03:36:19Z,7000012,18329488,4,123
2026-07-24T03:36:19Z,310031,18329497,32,-86
2026-07-24T03:36:19Z,310031,18329498,32,-623
2026-07-24T03:36:19Z,5020012,18329501,47,1750
2026-07-24T03:36:19Z,5020011,18329502,20,393
2026-07-24T03:36:19Z,5030012,18329509,40,950
2026-07-24T03:36:19Z,5030011,18329510,30,-335
2026-07-24T03:36:19Z,810021,18329515,18,813
2026-07-24T03:36:19Z,4000012,18329518,20,517
2026-07-24T03:36:19Z,250011,18329523,13,-275
2026-07-24T03:36:19Z,250012,18329524,4,-155
2026-07-24T03:36:19Z,690021,18329543,8,-22
2026-07-24T03:36:19Z,5020012,18329549,47,1684
2026-07-24T03:36:19Z,5030012,18329553,40,767
2026-07-24T03:36:19Z,5030011,18329554,19,-747
2026-07-24T03:36:19Z,420022,18329561,49,-37
2026-07-24T03:36:19Z,5040011,18329564,12,209
2026-07-24T03:36:19Z,5040012,18329565,16,53
2026-07-24T03:36:19Z,5040011,18329566,12,-619
2026-07-24T03:36:19Z,500012,18329571,18,308
2026-07-24T03:36:19Z,500011,18329572,23,578
2026-07-24T03:36:19Z,4050011,18329575,70,361
2026-07-24T03:36:19Z,4050012,18329576,22,1708
2026-07-24T03:36:19Z,5010011,18329585,21,110
2026-07-24T03:36:19Z,5010012,18329586,21,-261
2026-07-24T03:36:19Z,310031,18329589,32,-504
2026-07-24T03:36:19Z,310031,18329590,21,-391
2026-07-24T03:36:19Z,5020012,18329600,45,1478
2026-07-24T03:36:19Z,5030012,18329606,40,880
2026-07-24T03:36:19Z,720012,18329611,4,-65
2026-07-24T03:36:19Z,720011,18329612,4,75
2026-07-24T03:36:19Z,410012,18329615,36,145
2026-07-24T03:36:19Z,460012,18329619,35,142
2026-07-24T03:36:19Z,680021,18329621,29,109
2026-07-24T03:36:19Z,680012,18329622,8,490
2026-07-24T03:36:19Z,260012,18329632,21,-53
2026-07-24T03:36:19Z,5020012,18329642,42,1504
2026-07-24T03:36:19Z,5030012,18329646,36,705
2026-07-24T03:36:19Z,5050022,18329652,25,732
2026-07-24T03:36:19Z,5050011,18329653,11,143
2026-07-24T03:36:19Z,4000012,18329656,34,1330
2026-07-24T03:36:19Z,470011,18329669,19,-168
2026-07-24T03:36:19Z,470012,18329670,18,205
2026-07-24T03:36:19Z,470011,18329671,3,-189
2026-07-24T03:36:19Z,540021,18329680,16,-1
2026-07-24T03:36:19Z,220021,18329682,33,-750
2026-07-24T03:36:19Z,220021,18329683,0,-1530
2026-07-24T03:36:19Z,5030012,18329685,34,502
2026-07-24T03:36:19Z,410012,18329691,36,374
2026-07-24T03:36:19Z,420022,18329695,49,37
2026-07-24T03:36:19Z,5020012,18329704,37,978
2026-07-24T03:36:19Z,1010022,18329712,21,1775
2026-07-24T03:36:19Z,700011,18329714,5,80
2026-07-24T03:36:19Z,4050011,18329717,70,-675
2026-07-24T03:36:19Z,4050012,18329718,11,889
2026-07-24T03:36:19Z,9010021,18329730,20,-167
2026-07-24T03:36:19Z,9010021,18329731,18,116
2026-07-24T03:36:19Z,360012,18329740,15,163
2026-07-24T03:36:19Z,360011,18329741,17,-222
2026-07-24T03:36:19Z,360012,18329742,13,7
2026-07-24T03:36:19Z,360021,18329746,24,-28
2026-07-24T03:36:19Z,360022,18329747,22,150
2026-07-24T03:36:19Z,360021,18329748,19,-98
2026-07-24T03:36:19Z,5030011,18329757,40,492
2026-07-24T03:36:19Z,5030012,18329758,31,524
2026-07-24T03:36:19Z,820011,18329763,8,1222
2026-07-24T03:36:19Z,460012,18329768,35,155
2026-07-24T03:36:19Z,460011,18329769,21,-324
2026-07-24T03:36:19Z,190011,18329772,18,-93
2026-07-24T03:36:19Z,190012,18329773,18,-203
2026-07-24T03:36:19Z,190011,18329774,13,-760
2026-07-24T03:36:19Z,240011,18329776,18,110
2026-07-24T03:36:19Z,230031,18329779,47,-150
2026-07-24T03:36:19Z,230031,18329780,40,-826
2026-07-24T03:36:19Z,280011,18329783,21,34
2026-07-24T03:36:19Z,260011,18329785,18,-56
2026-07-24T03:36:19Z,260012,18329787,21,66
2026-07-24T03:36:19Z,260011,18329788,18,-172
2026-07-24T03:36:19Z,600011,18329794,15,322
2026-07-24T03:36:19Z,600012,18329795,14,889
2026-07-24T03:36:19Z,600011,18329796,9,885
2026-07-24T03:36:19Z,5020011,18329797,48,-268
2026-07-24T03:36:19Z,5020012,18329798,28,542
2026-07-24T03:36:19Z,7010011,18329801,20,308
2026-07-24T03:36:19Z,7010012,18329802,4,655
2026-07-24T03:36:19Z,520022,18329809,10,328
2026-07-24T03:36:19Z,520021,18329810,16,-731
2026-07-24T03:36:19Z,560021,18329812,13,1889
2026-07-24T03:36:19Z,560012,18329813,1,-15
2026-07-24T03:36:19Z,5030011,18329817,40,-134
2026-07-24T03:36:19Z,5030012,18329818,25,224
2026-07-24T03:36:19Z,5050022,18329826,20,1068
2026-07-24T03:36:19Z,4000011,18329833,54,-548
2026-07-24T03:36:19Z,4000012,18329834,3,169
2026-07-24T03:36:19Z,270012,18329839,14,390
2026-07-24T03:36:19Z,110011,18329844,37,-19
2026-07-24T03:36:19Z,110012,18329845,38,560
2026-07-24T03:36:19Z,110011,18329846,33,134
2026-07-24T03:36:19Z,150011,18329849,25,201
2026-07-24T03:36:19Z,170021,18329852,20,-214
2026-07-24T03:36:19Z,410011,18329853,43,-144
2026-07-24T03:36:19Z,410012,18329854,36,305
2026-07-24T03:36:19Z,470012,18329858,18,396
2026-07-24T03:36:19Z,480011,18329859,15,347
2026-07-24T03:36:19Z,480012,18329860,11,282
2026-07-24T03:36:19Z,5010012,18329868,21,-299
2026-07-24T03:36:19Z,220021,18329870,33,56
2026-07-24T03:36:19Z,220021,18329871,29,-1193
2026-07-24T03:36:19Z,530011,18329875,20,606
2026-07-24T03:36:19Z,530012,18329876,0,-1614
2026-07-24T03:36:19Z,420021,18329882,52,-53
2026-07-24T03:36:19Z,330012,18329883,24,176
2026-07-24T03:36:19Z,330011,18329884,25,-68
2026-07-24T03:36:19Z,330012,18329885,16,234
2026-07-24T03:36:19Z,440011,18329886,30,511
2026-07-24T03:36:19Z,5040012,18329887,16,393
2026-07-24T03:36:19Z,440012,18329891,36,363
2026-07-24T03:36:19Z,510011,18329894,14,50
2026-07-24T03:36:19Z,510012,18329895,0,-2530
2026-07-24T03:36:19Z,4050011,18329901,70,-838
2026-07-24T03:36:19Z,850011,18329904,17,679
2026-07-24T03:36:19Z,850012,18329905,3,560
2026-07-24T03:36:19Z,130012,18329912,15,-188
2026-07-24T03:36:19Z,120012,18329914,34,640
2026-07-24T03:36:19Z,120011,18329915,35,734
2026-07-24T03:36:19Z,120011,18329916,35,94
2026-07-24T03:36:19Z,130012,18329918,15,-756
2026-07-24T03:36:19Z,620012,18329920,16,17
2026-07-24T03:36:19Z,620011,18329921,19,277
2026-07-24T03:36:19Z,5020011,18329922,48,-791
2026-07-24T03:36:19Z,5020012,18329923,14,154
2026-07-24T03:36:19Z,5030011,18329926,40,-403
2026-07-24T03:36:19Z,5030012,18329927,11,179
2026-07-24T03:36:19Z,460011,18329930,35,250
2026-07-24T03:36:19Z,1560012,18329932,6,-135
2026-07-24T03:36:19Z,1560011,18329933,6,214
2026-07-24T03:36:19Z,230031,18329934,47,-606
2026-07-24T03:36:19Z,380021,18329937,22,1251
2026-07-24T03:36:19Z,380022,18329938,1,90
2026-07-24T03:36:19Z,5050011,18329940,16,315
2026-07-24T03:36:19Z,5050022,18329941,11,479
2026-07-24T03:36:19Z,4000011,18329952,54,-481
2026-07-24T03:36:19Z,5010011,18329955,21,-298
2026-07-24T03:36:19Z,110012,18329957,38,696
2026-07-24T03:36:19Z,110011,18329958,6,-90
2026-07-24T03:36:19Z,110011,18329959,37,145
2026-07-24T03:36:19Z,150012,18329960,21,-2
2026-07-24T03:36:19Z,150011,18329961,25,13
2026-07-24T03:36:19Z,170022,18329962,22,213
2026-07-24T03:36:19Z,170021,18329963,20,-1126
2026-07-24T03:36:19Z,290021,18329964,16,418
2026-07-24T03:36:19Z,290022,18329965,18,-1388
2026-07-24T03:36:19Z,640032,18329968,18,659
2026-07-24T03:36:19Z,810022,18329970,6,992
2026-07-24T03:36:19Z,680022,18329978,22,1809
2026-07-24T03:36:19Z,5030011,18329982,40,-734
2026-07-24T03:36:19Z,5010012,18329988,21,-82
2026-07-24T03:36:19Z,420021,18329989,52,-685
2026-07-24T03:36:19Z,410011,18329990,43,-462
2026-07-24T03:36:19Z,410012,18329991,10,51
2026-07-24T03:36:19Z,440011,18329992,30,770
2026-07-24T03:36:19Z,440012,18329993,8,631
2026-07-24T03:36:19Z,5040011,18329995,12,-259
2026-07-24T03:36:19Z,1010011,18329997,27,351
2026-07-24T03:36:19Z,1010022,18329998,0,-549
2026-07-24T03:36:19Z,5010011,18330002,21,-371
2026-07-24T03:36:19Z,120012,18330005,34,858
2026-07-24T03:36:19Z,420022,18330007,35,228
2026-07-24T03:36:19Z,460011,18330010,35,-224
2026-07-24T03:36:19Z,460012,18330011,6,-53
2026-07-24T03:36:19Z,650012,18330014,17,-204
2026-07-24T03:36:19Z,240012,18330016,17,276
2026-07-24T03:36:19Z,240011,18330017,8,35
2026-07-24T03:36:19Z,470011,18330023,19,-236
2026-07-24T03:36:19Z,470012,18330024,4,3
2026-07-24T03:36:19Z,460012,18330025,32,124
2026-07-24T03:36:19Z,170022,18330026,22,51
2026-07-24T03:36:19Z,410011,18330027,43,-823
2026-07-24T03:36:19Z,410012,18330031,30,348
2026-07-24T03:36:19Z,110012,18330035,24,448
2026-07-24T03:36:19Z,840012,18330037,9,172
2026-07-24T03:36:19Z,840021,18330038,1,-91
2026-07-24T03:36:19Z,420021,18330039,36,-929
2026-07-24T03:36:19Z,5040012,18330041,16,-67
2026-07-24T03:36:19Z,670012,18330046,12,-81
2026-07-24T03:36:19Z,670011,18330047,11,-62
2026-07-24T03:36:19Z,320012,18330054,15,76
2026-07-24T03:36:19Z,130011,18330058,15,-905
2026-07-24T03:36:19Z,120011,18330060,22,-452
2026-07-24T03:36:19Z,130012,18330063,15,-933
2026-07-24T03:36:19Z,5010011,18330065,21,-1872
2026-07-24T03:36:19Z,410011,18330070,19,-302
2026-07-24T03:36:19Z,160011,18330072,5,561
2026-07-24T03:36:19Z,630032,18330074,7,-143
2026-07-24T03:36:19Z,750012,18330076,8,-199
2026-07-24T03:36:19Z,260012,18330078,3,66
2026-07-24T03:36:19Z,780012,18330084,1,60
2026-07-24T03:36:19Z,150012,18330086,6,-49
2026-07-24T03:36:19Z,110012,18330090,4,50
2026-07-24T03:36:19Z,170022,18330092,3,-69
2026-07-24T03:36:19Z,290021,18330094,0,-353
2026-07-24T03:36:19Z,540012,18330100,0,-1931
2026-07-24T03:46:43Z,4050012,18329395,60,2781
2026-07-24T03:46:43Z,740011,18329403,19,-217
2026-07-24T03:46:43Z,740012,18329404,19,-90
2026-07-24T03:46:43Z,740011,18329405,19,-338
2026-07-24T03:46:43Z,520022,18329418,10,20
2026-07-24T03:46:43Z,520021,18329419,10,-210
2026-07-24T03:46:43Z,770012,18329427,11,99
2026-07-24T03:46:43Z,770011,18329428,12,7
2026-07-24T03:46:43Z,840011,18329439,10,44
2026-07-24T03:46:43Z,840012,18329440,3,149
2026-07-24T03:46:43Z,4050012,18329475,41,2956
2026-07-24T03:46:43Z,730012,18329484,12,-66
2026-07-24T03:46:43Z,730011,18329485,12,-144
2026-07-24T03:46:43Z,730012,18329486,3,12
2026-07-24T03:46:43Z,7000012,18329488,11,474
2026-07-24T03:46:43Z,310031,18329497,32,137
2026-07-24T03:46:43Z,310031,18329498,32,-598
2026-07-24T03:46:43Z,5020012,18329501,47,1158
2026-07-24T03:46:43Z,5020011,18329502,47,-596
2026-07-24T03:46:43Z,5030012,18329509,40,520
2026-07-24T03:46:43Z,5030011,18329510,40,-772
2026-07-24T03:46:43Z,810021,18329515,18,624
2026-07-24T03:46:43Z,4000012,18329518,22,882
2026-07-24T03:46:43Z,250011,18329523,13,-249
2026-07-24T03:46:43Z,250012,18329524,15,-197
2026-07-24T03:46:43Z,5020012,18329549,47,1350
2026-07-24T03:46:43Z,5030012,18329553,40,314
2026-07-24T03:46:43Z,5030011,18329554,30,-897
2026-07-24T03:46:43Z,5040012,18329565,16,43
2026-07-24T03:46:43Z,5040011,18329566,12,-602
2026-07-24T03:46:43Z,5040012,18329567,0,-902
2026-07-24T03:46:43Z,500011,18329572,23,271
2026-07-24T03:46:43Z,4050012,18329576,29,2121
2026-07-24T03:46:43Z,5010012,18329586,21,-324
2026-07-24T03:46:43Z,310031,18329589,32,-322
2026-07-24T03:46:43Z,310031,18329590,32,-478
2026-07-24T03:46:43Z,5020012,18329600,47,874
2026-07-24T03:46:43Z,5030012,18329606,40,754
2026-07-24T03:46:43Z,720012,18329611,4,-65
2026-07-24T03:46:43Z,720011,18329612,4,75
2026-07-24T03:46:43Z,680021,18329621,29,-114
2026-07-24T03:46:43Z,680012,18329622,9,685
2026-07-24T03:46:43Z,260012,18329632,21,-46
2026-07-24T03:46:43Z,5020012,18329642,47,1503
2026-07-24T03:46:43Z,5020011,18329643,1,1475
2026-07-24T03:46:43Z,5030012,18329646,40,601
2026-07-24T03:46:43Z,5030011,18329647,7,-281
2026-07-24T03:46:43Z,5050022,18329652,25,273
2026-07-24T03:46:43Z,5050011,18329653,16,71
2026-07-24T03:46:43Z,5050012,18329654,0,-529
2026-07-24T03:46:43Z,4000012,18329656,42,1573
2026-07-24T03:46:43Z,470011,18329669,19,-36
2026-07-24T03:46:43Z,470012,18329670,18,110
2026-07-24T03:46:43Z,470011,18329671,13,-274
2026-07-24T03:46:43Z,540021,18329680,16,54
2026-07-24T03:46:43Z,220021,18329682,33,-746
2026-07-24T03:46:43Z,220021,18329683,12,-344
2026-07-24T03:46:43Z,5030012,18329685,39,465
2026-07-24T03:46:43Z,410012,18329691,36,474
2026-07-24T03:46:43Z,420022,18329695,49,-210
2026-07-24T03:46:43Z,5020012,18329704,42,861
2026-07-24T03:46:43Z,1010022,18329712,26,1849
2026-07-24T03:46:43Z,700011,18329714,5,80
2026-07-24T03:46:43Z,4050011,18329717,70,-500
2026-07-24T03:46:43Z,4050012,18329718,19,1129
2026-07-24T03:46:43Z,9010021,18329730,20,-171
2026-07-24T03:46:43Z,9010021,18329731,20,123
2026-07-24T03:46:43Z,9010021,18329732,2,3
2026-07-24T03:46:43Z,360011,18329741,17,-211
2026-07-24T03:46:43Z,360012,18329742,15,2
2026-07-24T03:46:43Z,360021,18329746,24,163
2026-07-24T03:46:43Z,360022,18329747,22,130
2026-07-24T03:46:43Z,360021,18329748,24,-254
2026-07-24T03:46:43Z,5030012,18329758,35,431
2026-07-24T03:46:43Z,820011,18329763,8,827
2026-07-24T03:46:43Z,460012,18329768,35,43
2026-07-24T03:46:43Z,460011,18329769,33,-367
2026-07-24T03:46:43Z,190011,18329772,18,80
2026-07-24T03:46:43Z,190012,18329773,18,-214
2026-07-24T03:46:43Z,190011,18329774,18,-1087
2026-07-24T03:46:43Z,230031,18329779,47,-217
2026-07-24T03:46:43Z,230031,18329780,47,-939
2026-07-24T03:46:43Z,280011,18329783,21,-12
2026-07-24T03:46:43Z,260011,18329785,18,71
2026-07-24T03:46:43Z,260012,18329787,21,154
2026-07-24T03:46:43Z,260011,18329788,18,-103
2026-07-24T03:46:43Z,600012,18329795,14,886
2026-07-24T03:46:43Z,600011,18329796,11,969
2026-07-24T03:46:43Z,5020011,18329797,48,36
2026-07-24T03:46:43Z,5020012,18329798,39,541
2026-07-24T03:46:43Z,7010011,18329801,20,-129
2026-07-24T03:46:43Z,7010012,18329802,11,855
2026-07-24T03:46:43Z,520021,18329810,16,-746
2026-07-24T03:46:43Z,560021,18329812,13,914
2026-07-24T03:46:43Z,560012,18329813,7,351
2026-07-24T03:46:43Z,5030011,18329817,40,108
2026-07-24T03:46:43Z,5030012,18329818,32,285
2026-07-24T03:46:43Z,5050022,18329826,25,1040
2026-07-24T03:46:43Z,5050011,18329827,1,872
2026-07-24T03:46:43Z,4000011,18329833,54,-385
2026-07-24T03:46:43Z,4000012,18329834,14,435
2026-07-24T03:46:43Z,270012,18329839,14,121
2026-07-24T03:46:43Z,110012,18329845,38,208
2026-07-24T03:46:43Z,110011,18329846,37,167
2026-07-24T03:46:43Z,150011,18329849,25,-176
2026-07-24T03:46:43Z,170021,18329852,20,-102
2026-07-24T03:46:43Z,410012,18329854,36,92
2026-07-24T03:46:43Z,470012,18329858,18,185
2026-07-24T03:46:43Z,480012,18329860,12,326
2026-07-24T03:46:43Z,5010012,18329868,21,-192
2026-07-24T03:46:43Z,220021,18329871,33,-1334
2026-07-24T03:46:43Z,530011,18329875,20,298
2026-07-24T03:46:43Z,530012,18329876,5,-88
2026-07-24T03:46:43Z,420021,18329882,52,-58
2026-07-24T03:46:43Z,330011,18329884,25,-50
2026-07-24T03:46:43Z,330012,18329885,23,305
2026-07-24T03:46:43Z,440011,18329886,30,325
2026-07-24T03:46:43Z,440012,18329891,36,305
2026-07-24T03:46:43Z,510011,18329894,14,77
2026-07-24T03:46:43Z,510012,18329895,8,-109
2026-07-24T03:46:43Z,4050011,18329901,70,-730
2026-07-24T03:46:43Z,4050012,18329902,0,-1030
2026-07-24T03:46:43Z,850011,18329904,17,361
2026-07-24T03:46:43Z,850012,18329905,4,753
2026-07-24T03:46:43Z,120012,18329914,34,235
2026-07-24T03:46:43Z,120011,18329915,35,274
2026-07-24T03:46:43Z,120011,18329916,35,-115
2026-07-24T03:46:43Z,130012,18329918,15,-685
2026-07-24T03:46:43Z,620012,18329920,16,-64
2026-07-24T03:46:43Z,620011,18329921,22,163
2026-07-24T03:46:43Z,5020011,18329922,48,-630
2026-07-24T03:46:43Z,5020012,18329923,24,370
2026-07-24T03:46:43Z,5030011,18329926,40,-162
2026-07-24T03:46:43Z,5030012,18329927,20,32
2026-07-24T03:46:43Z,460011,18329930,35,429
2026-07-24T03:46:43Z,410011,18329931,43,-438
2026-07-24T03:46:43Z,1560011,18329933,6,191
2026-07-24T03:46:43Z,230031,18329934,47,-484
2026-07-24T03:46:43Z,380021,18329937,22,736
2026-07-24T03:46:43Z,380022,18329938,6,449
2026-07-24T03:46:43Z,5050011,18329940,16,-200
2026-07-24T03:46:43Z,5050022,18329941,12,594
2026-07-24T03:46:43Z,4000011,18329952,54,-295
2026-07-24T03:46:43Z,5010011,18329955,21,-65
2026-07-24T03:46:43Z,5010012,18329956,5,-6
2026-07-24T03:46:43Z,110012,18329957,38,379
2026-07-24T03:46:43Z,110011,18329958,12,190
2026-07-24T03:46:43Z,110011,18329959,37,143
2026-07-24T03:46:43Z,150012,18329960,21,-63
2026-07-24T03:46:43Z,150011,18329961,25,-116
2026-07-24T03:46:43Z,170022,18329962,22,60
2026-07-24T03:46:43Z,170021,18329963,20,-1132
2026-07-24T03:46:43Z,290021,18329964,16,658
2026-07-24T03:46:43Z,290022,18329965,18,-1357
2026-07-24T03:46:43Z,640032,18329968,18,823
2026-07-24T03:46:43Z,810022,18329970,12,1935
2026-07-24T03:46:43Z,680022,18329978,24,2042
2026-07-24T03:46:43Z,680021,18329979,2,1701
2026-07-24T03:46:43Z,5020011,18329980,48,-1124
2026-07-24T03:46:43Z,5020012,18329981,5,114
2026-07-24T03:46:43Z,5030011,18329982,40,-487
2026-07-24T03:46:43Z,5030012,18329983,5,120
2026-07-24T03:46:43Z,5010012,18329988,21,-144
2026-07-24T03:46:43Z,420021,18329989,52,-591
2026-07-24T03:46:43Z,410011,18329990,43,-300
2026-07-24T03:46:43Z,410012,18329991,21,160
2026-07-24T03:46:43Z,440011,18329992,30,681
2026-07-24T03:46:43Z,440012,18329993,22,560
2026-07-24T03:46:43Z,5040011,18329995,12,-182
2026-07-24T03:46:43Z,440012,18329996,36,-59
2026-07-24T03:46:43Z,1010011,18329997,27,438
2026-07-24T03:46:43Z,1010022,18329998,3,270
2026-07-24T03:46:43Z,4050011,18329999,59,-1176
2026-07-24T03:46:43Z,5010011,18330002,21,-282
2026-07-24T03:46:43Z,120012,18330005,34,770
2026-07-24T03:46:43Z,420022,18330007,46,237
2026-07-24T03:46:43Z,460011,18330010,35,-213
2026-07-24T03:46:43Z,460012,18330011,13,-78
2026-07-24T03:46:43Z,650012,18330014,17,-204
2026-07-24T03:46:43Z,240012,18330016,17,276
2026-07-24T03:46:43Z,240011,18330017,18,17
2026-07-24T03:46:43Z,470011,18330023,19,-1037
2026-07-24T03:46:43Z,470012,18330024,11,114
2026-07-24T03:46:43Z,460012,18330025,35,-76
2026-07-24T03:46:43Z,170022,18330026,22,-18
2026-07-24T03:46:43Z,410011,18330027,43,-800
2026-07-24T03:46:43Z,410012,18330031,36,216
2026-07-24T03:46:43Z,410011,18330032,5,40
2026-07-24T03:46:43Z,110012,18330035,34,452
2026-07-24T03:46:43Z,840012,18330037,9,27
2026-07-24T03:46:43Z,840021,18330038,4,113
2026-07-24T03:46:43Z,420021,18330039,48,-1366
2026-07-24T03:46:43Z,5040012,18330041,16,-56
2026-07-24T03:46:43Z,5040011,18330042,1,-119
2026-07-24T03:46:43Z,670012,18330046,12,-81
2026-07-24T03:46:43Z,670011,18330047,11,-62
2026-07-24T03:46:43Z,320012,18330054,15,88
2026-07-24T03:46:43Z,320011,18330055,0,-1052
2026-07-24T03:46:43Z,130011,18330058,15,-900
2026-07-24T03:46:43Z,120011,18330060,32,-376
2026-07-24T03:46:43Z,130012,18330063,15,-946
2026-07-24T03:46:43Z,5010011,18330065,21,-1853
2026-07-24T03:46:43Z,420022,18330069,24,-466
2026-07-24T03:46:43Z,410011,18330070,35,-534
2026-07-24T03:46:43Z,160011,18330072,6,240
2026-07-24T03:46:43Z,160012,18330073,1,123
2026-07-24T03:46:43Z,630032,18330074,11,-416
2026-07-24T03:46:43Z,750012,18330076,13,-254
2026-07-24T03:46:43Z,260012,18330078,9,114
2026-07-24T03:46:43Z,230031,18330079,20,-396
2026-07-24T03:46:43Z,780012,18330084,7,499
2026-07-24T03:46:43Z,150012,18330086,19,-231
2026-07-24T03:46:43Z,110012,18330090,12,176
2026-07-24T03:46:43Z,170022,18330092,12,-61
2026-07-24T03:46:43Z,290021,18330094,10,-42
2026-07-24T03:46:43Z,540012,18330100,12,-106
2026-07-24T03:46:43Z,590012,18330117,2,193
2026-07-24T03:46:43Z,420021,18330119,8,-339
2026-07-24T03:46:43Z,330011,18330126,2,-46
2026-07-24T03:46:43Z,1010011,18330127,2,26
2026-07-24T03:46:43Z,120012,18330129,0,-253
2026-07-24T03:46:43Z,130011,18330132,2,-122
2026-07-24T03:46:43Z,120011,18330134,1,-23
2026-07-24T03:46:43Z,5010011,18330137,2,-62
2026-07-24T03:57:08Z,4050012,18329395,71,1736
2026-07-24T03:57:08Z,4050011,18329396,16,206
2026-07-24T03:57:08Z,740012,18329404,19,-93
2026-07-24T03:57:08Z,740011,18329405,19,-338
2026-07-24T03:57:08Z,520022,18329418,10,60
2026-07-24T03:57:08Z,520021,18329419,16,-457
2026-07-24T03:57:08Z,770012,18329427,11,50
2026-07-24T03:57:08Z,770011,18329428,12,7
2026-07-24T03:57:08Z,840011,18329439,10,44
2026-07-24T03:57:08Z,840012,18329440,8,200
2026-07-24T03:57:08Z,4050012,18329475,51,3089
2026-07-24T03:57:08Z,730012,18329484,12,-66
2026-07-24T03:57:08Z,730011,18329485,12,-144
2026-07-24T03:57:08Z,730012,18329486,11,-49
2026-07-24T03:57:08Z,7000012,18329488,14,690
2026-07-24T03:57:08Z,310031,18329497,32,250
2026-07-24T03:57:08Z,310031,18329498,32,-573
2026-07-24T03:57:08Z,5020012,18329501,47,621
2026-07-24T03:57:08Z,5020011,18329502,48,-1151
2026-07-24T03:57:08Z,5030011,18329510,40,-979
2026-07-24T03:57:08Z,810021,18329515,18,525
2026-07-24T03:57:08Z,4000012,18329518,30,836
2026-07-24T03:57:08Z,250011,18329523,13,-235
2026-07-24T03:57:08Z,250012,18329524,18,-134
2026-07-24T03:57:08Z,690022,18329544,2,-16
2026-07-24T03:57:08Z,5020012,18329549,47,788
2026-07-24T03:57:08Z,5030012,18329553,40,-8
2026-07-24T03:57:08Z,5030011,18329554,37,-828
2026-07-24T03:57:08Z,5040012,18329565,16,192
2026-07-24T03:57:08Z,5040011,18329566,12,-593
2026-07-24T03:57:08Z,5040012,18329567,10,80
2026-07-24T03:57:08Z,4050012,18329576,34,2263
2026-07-24T03:57:08Z,5010012,18329586,21,-264
2026-07-24T03:57:08Z,310031,18329589,32,-139
2026-07-24T03:57:08Z,310031,18329590,32,-453
2026-07-24T03:57:08Z,5020012,18329600,47,303
2026-07-24T03:57:08Z,5030012,18329606,40,428
2026-07-24T03:57:08Z,720012,18329611,4,-2
2026-07-24T03:57:08Z,720011,18329612,4,70
2026-07-24T03:57:08Z,680012,18329622,20,866
2026-07-24T03:57:08Z,260012,18329632,21,-53
2026-07-24T03:57:08Z,5020012,18329642,47,981
2026-07-24T03:57:08Z,5020011,18329643,29,-38
2026-07-24T03:57:08Z,5030012,18329646,40,496
2026-07-24T03:57:08Z,5030011,18329647,20,-759
2026-07-24T03:57:08Z,5050011,18329653,16,-39
2026-07-24T03:57:08Z,5050012,18329654,10,-700
2026-07-24T03:57:08Z,4000012,18329656,50,1728
2026-07-24T03:57:08Z,470011,18329669,19,137
2026-07-24T03:57:08Z,470012,18329670,18,99
2026-07-24T03:57:08Z,470011,18329671,19,-398
2026-07-24T03:57:08Z,540021,18329680,16,408
2026-07-24T03:57:08Z,220021,18329682,33,-581
2026-07-24T03:57:08Z,220021,18329683,22,-717
2026-07-24T03:57:08Z,5030012,18329685,40,300
2026-07-24T03:57:08Z,410012,18329691,36,586
2026-07-24T03:57:08Z,420022,18329695,49,-65
2026-07-24T03:57:08Z,5020012,18329704,47,798
2026-07-24T03:57:08Z,1010022,18329712,27,1131
2026-07-24T03:57:08Z,700011,18329714,5,80
2026-07-24T03:57:08Z,4050011,18329717,70,-418
2026-07-24T03:57:08Z,4050012,18329718,21,1076
2026-07-24T03:57:08Z,9010021,18329730,20,-115
2026-07-24T03:57:08Z,9010021,18329731,20,110
2026-07-24T03:57:08Z,9010021,18329732,11,54
2026-07-24T03:57:08Z,360011,18329741,17,-147
2026-07-24T03:57:08Z,360012,18329742,15,-8
2026-07-24T03:57:08Z,360011,18329743,8,-54
2026-07-24T03:57:08Z,360022,18329747,22,189
2026-07-24T03:57:08Z,360021,18329748,24,-268
2026-07-24T03:57:08Z,360022,18329749,7,10
2026-07-24T03:57:08Z,5030012,18329758,40,559
2026-07-24T03:57:08Z,820011,18329763,8,310
2026-07-24T03:57:08Z,460012,18329768,35,-35
2026-07-24T03:57:08Z,460011,18329769,35,-358
2026-07-24T03:57:08Z,190012,18329773,18,-197
2026-07-24T03:57:08Z,190011,18329774,18,-1091
2026-07-24T03:57:08Z,230031,18329780,47,-935
2026-07-24T03:57:08Z,260012,18329787,21,163
2026-07-24T03:57:08Z,260011,18329788,18,-105
2026-07-24T03:57:08Z,430012,18329792,17,141
2026-07-24T03:57:08Z,600012,18329795,14,995
2026-07-24T03:57:08Z,600011,18329796,13,1310
2026-07-24T03:57:08Z,5020012,18329798,43,351
2026-07-24T03:57:08Z,7010011,18329801,20,496
2026-07-24T03:57:08Z,7010012,18329802,11,869
2026-07-24T03:57:08Z,520021,18329810,16,-567
2026-07-24T03:57:08Z,560012,18329813,7,351
2026-07-24T03:57:08Z,5030012,18329818,37,190
2026-07-24T03:57:08Z,5050022,18329826,25,850
2026-07-24T03:57:08Z,5050011,18329827,6,614
2026-07-24T03:57:08Z,4000011,18329833,54,-287
2026-07-24T03:57:08Z,4000012,18329834,19,304
2026-07-24T03:57:08Z,110011,18329846,37,138
2026-07-24T03:57:08Z,410012,18329854,36,106
2026-07-24T03:57:08Z,480012,18329860,16,473
2026-07-24T03:57:08Z,220021,18329871,33,-1341
2026-07-24T03:57:08Z,530011,18329875,20,-104
2026-07-24T03:57:08Z,530012,18329876,17,-93
2026-07-24T03:57:08Z,420021,18329882,52,-13
2026-07-24T03:57:08Z,330011,18329884,25,-15
2026-07-24T03:57:08Z,330012,18329885,24,320
2026-07-24T03:57:08Z,440011,18329886,30,943
2026-07-24T03:57:08Z,510012,18329895,11,-121
2026-07-24T03:57:08Z,4050011,18329901,70,-631
2026-07-24T03:57:08Z,4050012,18329902,5,591
2026-07-24T03:57:08Z,850012,18329905,10,1200
2026-07-24T03:57:08Z,120011,18329915,35,310
2026-07-24T03:57:08Z,130012,18329918,15,-520
2026-07-24T03:57:08Z,620012,18329920,16,12
2026-07-24T03:57:08Z,620011,18329921,22,159
2026-07-24T03:57:08Z,5020011,18329922,48,-416
2026-07-24T03:57:08Z,5020012,18329923,34,382
2026-07-24T03:57:08Z,5030011,18329926,40,-17
2026-07-24T03:57:08Z,5030012,18329927,27,128
2026-07-24T03:57:08Z,410011,18329931,43,-296
2026-07-24T03:57:08Z,1560011,18329933,6,288
2026-07-24T03:57:08Z,230031,18329934,47,-334
2026-07-24T03:57:08Z,390011,18329936,15,947
2026-07-24T03:57:08Z,380021,18329937,22,104
2026-07-24T03:57:08Z,380022,18329938,14,713
2026-07-24T03:57:08Z,5050011,18329940,16,-70
2026-07-24T03:57:08Z,5050022,18329941,18,732
2026-07-24T03:57:08Z,4000011,18329952,54,-132
2026-07-24T03:57:08Z,5010012,18329956,18,-502
2026-07-24T03:57:08Z,110012,18329957,38,365
2026-07-24T03:57:08Z,110011,18329958,24,2
2026-07-24T03:57:08Z,110011,18329959,37,160
2026-07-24T03:57:08Z,150011,18329961,25,-117
2026-07-24T03:57:08Z,170021,18329963,20,-1111
2026-07-24T03:57:08Z,290021,18329964,16,714
2026-07-24T03:57:08Z,290022,18329965,18,-1347
2026-07-24T03:57:08Z,640032,18329968,23,1574
2026-07-24T03:57:08Z,810022,18329970,16,1052
2026-07-24T03:57:08Z,810021,18329971,2,1068
2026-07-24T03:57:08Z,680022,18329978,24,1079
2026-07-24T03:57:08Z,680021,18329979,18,1303
2026-07-24T03:57:08Z,5020011,18329980,48,-946
2026-07-24T03:57:08Z,5020012,18329981,16,118
2026-07-24T03:57:08Z,5030011,18329982,40,-314
2026-07-24T03:57:08Z,5030012,18329983,13,38
2026-07-24T03:57:08Z,5010012,18329988,21,11
2026-07-24T03:57:08Z,420021,18329989,52,-488
2026-07-24T03:57:08Z,440011,18329992,30,602
2026-07-24T03:57:08Z,440012,18329993,34,403
2026-07-24T03:57:08Z,5040011,18329995,12,-56
2026-07-24T03:57:08Z,440012,18329996,36,-192
2026-07-24T03:57:08Z,1010011,18329997,27,561
2026-07-24T03:57:08Z,1010022,18329998,13,572
2026-07-24T03:57:08Z,4050011,18329999,68,-1027
2026-07-24T03:57:08Z,5010011,18330002,21,-53
2026-07-24T03:57:08Z,120012,18330005,34,814
2026-07-24T03:57:08Z,420022,18330007,49,-265
2026-07-24T03:57:08Z,460011,18330010,35,-133
2026-07-24T03:57:08Z,460012,18330011,26,-6
2026-07-24T03:57:08Z,650012,18330014,17,-97
2026-07-24T03:57:08Z,650011,18330015,0,-1597
2026-07-24T03:57:08Z,240012,18330016,17,276
2026-07-24T03:57:08Z,240011,18330017,18,13
2026-07-24T03:57:08Z,280012,18330018,18,-164
2026-07-24T03:57:08Z,280011,18330019,21,-71
2026-07-24T03:57:08Z,4000011,18330020,54,-1301
2026-07-24T03:57:08Z,460012,18330025,35,-389
2026-07-24T03:57:08Z,170022,18330026,22,-111
2026-07-24T03:57:08Z,410011,18330027,43,-831
2026-07-24T03:57:08Z,410012,18330031,36,145
2026-07-24T03:57:08Z,410011,18330032,17,-137
2026-07-24T03:57:08Z,110012,18330035,38,393
2026-07-24T03:57:08Z,840012,18330037,9,27
2026-07-24T03:57:08Z,840021,18330038,8,194
2026-07-24T03:57:08Z,420021,18330039,52,-1611
2026-07-24T03:57:08Z,5040012,18330041,16,-92
2026-07-24T03:57:08Z,5040011,18330042,9,-745
2026-07-24T03:57:08Z,670012,18330046,12,-81
2026-07-24T03:57:08Z,670011,18330047,12,-63
2026-07-24T03:57:08Z,320012,18330054,15,84
2026-07-24T03:57:08Z,320011,18330055,9,247
2026-07-24T03:57:08Z,130011,18330058,15,-914
2026-07-24T03:57:08Z,120011,18330060,35,-469
2026-07-24T03:57:08Z,130012,18330063,15,-972
2026-07-24T03:57:08Z,5010011,18330065,21,-1863
2026-07-24T03:57:08Z,420022,18330069,33,-339
2026-07-24T03:57:08Z,410011,18330070,43,-828
2026-07-24T03:57:08Z,160011,18330072,6,208
2026-07-24T03:57:08Z,160012,18330073,7,-18
2026-07-24T03:57:08Z,630032,18330074,16,-297
2026-07-24T03:57:08Z,750012,18330076,13,-254
2026-07-24T03:57:08Z,260012,18330078,18,-40
2026-07-24T03:57:08Z,230031,18330079,30,-543
2026-07-24T03:57:08Z,780012,18330084,9,425
2026-07-24T03:57:08Z,150012,18330086,21,-264
2026-07-24T03:57:08Z,110012,18330090,21,224
2026-07-24T03:57:08Z,170022,18330092,22,-51
2026-07-24T03:57:08Z,290021,18330094,16,-51
2026-07-24T03:57:08Z,540012,18330100,16,-107
2026-07-24T03:57:08Z,5020011,18330115,23,-960
2026-07-24T03:57:08Z,590012,18330117,4,384
2026-07-24T03:57:08Z,420021,18330119,24,-766
2026-07-24T03:57:08Z,440012,18330124,12,-157
2026-07-24T03:57:08Z,330011,18330126,14,-403
2026-07-24T03:57:08Z,1010011,18330127,9,-168
2026-07-24T03:57:08Z,120012,18330129,10,132
2026-07-24T03:57:08Z,130011,18330132,12,-841
2026-07-24T03:57:08Z,120011,18330134,12,-372
2026-07-24T03:57:08Z,5010011,18330137,17,-596
2026-07-24T03:57:08Z,160011,18330139,3,199
2026-07-24T03:57:08Z,420022,18330143,6,-166
2026-07-24T03:57:08Z,460011,18330144,10,-230
2026-07-24T03:57:08Z,190012,18330146,0,-1574
2026-07-24T04:07:34Z,4050012,18329395,71,493
2026-07-24T04:07:34Z,4050011,18329396,19,22
2026-07-24T04:07:34Z,740012,18329404,19,25
2026-07-24T04:07:34Z,740011,18329405,19,-335
2026-07-24T04:07:34Z,740012,18329406,19,-100
2026-07-24T04:07:34Z,520022,18329418,10,140
2026-07-24T04:07:34Z,520021,18329419,16,-441
2026-07-24T04:07:34Z,520022,18329420,5,-25
2026-07-24T04:07:34Z,770012,18329427,11,84
2026-07-24T04:07:34Z,770011,18329428,12,7
2026-07-24T04:07:34Z,840011,18329439,10,-147
2026-07-24T04:07:34Z,840012,18329440,9,24
2026-07-24T04:07:34Z,840011,18329441,1,-24
2026-07-24T04:07:34Z,710012,18329452,9,-16
2026-07-24T04:07:34Z,710011,18329453,9,-125
2026-07-24T04:07:34Z,4050012,18329475,53,3109
2026-07-24T04:07:34Z,730012,18329484,12,55
2026-07-24T04:07:34Z,730011,18329485,12,-141
2026-07-24T04:07:34Z,730012,18329486,12,-12
2026-07-24T04:07:34Z,7000012,18329488,14,680
2026-07-24T04:07:34Z,310031,18329498,32,-278
2026-07-24T04:07:34Z,5020011,18329502,48,-962
2026-07-24T04:07:34Z,5020012,18329503,5,142
2026-07-24T04:07:34Z,5030011,18329510,40,-744
2026-07-24T04:07:34Z,5030012,18329511,6,143
2026-07-24T04:07:34Z,810021,18329515,18,-167
2026-07-24T04:07:34Z,4000012,18329518,38,1126
2026-07-24T04:07:34Z,250011,18329523,13,-5
2026-07-24T04:07:34Z,250012,18329524,18,-135
2026-07-24T04:07:34Z,690022,18329544,3,-83
2026-07-24T04:07:34Z,690021,18329545,0,-323
2026-07-24T04:07:34Z,5020012,18329549,47,251
2026-07-24T04:07:34Z,5030011,18329554,40,-746
2026-07-24T04:07:34Z,5040012,18329565,16,352
2026-07-24T04:07:34Z,5040011,18329566,12,-563
2026-07-24T04:07:34Z,5040012,18329567,16,-187
2026-07-24T04:07:34Z,4050012,18329576,41,2457
2026-07-24T04:07:34Z,5010012,18329586,21,-76
2026-07-24T04:07:34Z,310031,18329589,32,89
2026-07-24T04:07:34Z,310031,18329590,32,-418
2026-07-24T04:07:34Z,310031,18329591,9,-74
2026-07-24T04:07:34Z,5020012,18329600,47,-278
2026-07-24T04:07:34Z,5030012,18329606,40,250
2026-07-24T04:07:34Z,720011,18329612,4,-57
2026-07-24T04:07:34Z,680012,18329622,22,1008
2026-07-24T04:07:34Z,260012,18329632,21,149
2026-07-24T04:07:34Z,5020012,18329642,47,560
2026-07-24T04:07:34Z,5020011,18329643,48,-681
2026-07-24T04:07:34Z,5030012,18329646,40,339
2026-07-24T04:07:34Z,5030011,18329647,30,-909
2026-07-24T04:07:34Z,5050011,18329653,16,142
2026-07-24T04:07:34Z,5050012,18329654,11,-882
2026-07-24T04:07:34Z,4000012,18329656,56,1505
2026-07-24T04:07:34Z,4000011,18329657,14,1569
2026-07-24T04:07:34Z,470012,18329670,18,140
2026-07-24T04:07:34Z,470011,18329671,19,-390
2026-07-24T04:07:34Z,470012,18329672,4,9
2026-07-24T04:07:34Z,540021,18329680,16,1027
2026-07-24T04:07:34Z,220021,18329682,33,-490
2026-07-24T04:07:34Z,220021,18329683,30,-899
2026-07-24T04:07:34Z,5030012,18329685,40,264
2026-07-24T04:07:34Z,410012,18329691,36,662
2026-07-24T04:07:34Z,420022,18329695,49,-109
2026-07-24T04:07:34Z,5020012,18329704,47,561
2026-07-24T04:07:34Z,5020011,18329705,6,-318
2026-07-24T04:07:34Z,1010022,18329712,27,360
2026-07-24T04:07:34Z,700011,18329714,5,83
2026-07-24T04:07:34Z,4050012,18329718,28,1378
2026-07-24T04:07:34Z,9010021,18329730,20,-216
2026-07-24T04:07:34Z,9010021,18329731,20,109
2026-07-24T04:07:34Z,9010021,18329732,19,154
2026-07-24T04:07:34Z,360011,18329741,17,35
2026-07-24T04:07:34Z,360012,18329742,15,-41
2026-07-24T04:07:34Z,360011,18329743,17,-210
2026-07-24T04:07:34Z,360022,18329747,22,173
2026-07-24T04:07:34Z,360021,18329748,24,-254
2026-07-24T04:07:34Z,360022,18329749,17,64
2026-07-24T04:07:34Z,5030012,18329758,40,543
2026-07-24T04:07:34Z,820012,18329764,0,-352
2026-07-24T04:07:34Z,460012,18329768,35,113
2026-07-24T04:07:34Z,460011,18329769,35,-193
2026-07-24T04:07:34Z,460012,18329770,8,-98
2026-07-24T04:07:34Z,190012,18329773,18,-254
2026-07-24T04:07:34Z,190011,18329774,18,-1095
2026-07-24T04:07:34Z,240012,18329777,5,102
2026-07-24T04:07:34Z,230031,18329780,47,-897
2026-07-24T04:07:34Z,230031,18329781,7,95
2026-07-24T04:07:34Z,260012,18329787,21,370
2026-07-24T04:07:34Z,260011,18329788,18,147
2026-07-24T04:07:34Z,430012,18329792,25,28
2026-07-24T04:07:34Z,600012,18329795,14,1099
2026-07-24T04:07:34Z,600011,18329796,15,1555
2026-07-24T04:07:34Z,5020012,18329798,47,211
2026-07-24T04:07:34Z,7010012,18329802,14,1258
2026-07-24T04:07:34Z,520021,18329810,16,-427
2026-07-24T04:07:34Z,560012,18329813,7,339
2026-07-24T04:07:34Z,5030012,18329818,40,287
2026-07-24T04:07:34Z,5030011,18329819,6,32
2026-07-24T04:07:34Z,5050022,18329826,25,113
2026-07-24T04:07:34Z,5050011,18329827,16,-12
2026-07-24T04:07:34Z,4000012,18329834,20,336
2026-07-24T04:07:34Z,270011,18329840,3,141
2026-07-24T04:07:34Z,110011,18329846,37,88
2026-07-24T04:07:34Z,410012,18329854,36,166
2026-07-24T04:07:34Z,480012,18329860,23,545
2026-07-24T04:07:34Z,480011,18329861,1,259
2026-07-24T04:07:34Z,220021,18329871,33,-1307
2026-07-24T04:07:34Z,220021,18329872,2,-33
2026-07-24T04:07:34Z,530012,18329876,17,-93
2026-07-24T04:07:34Z,530011,18329877,3,243
2026-07-24T04:07:34Z,330011,18329884,25,111
2026-07-24T04:07:34Z,330012,18329885,24,465
2026-07-24T04:07:34Z,440011,18329886,30,1566
2026-07-24T04:07:34Z,440011,18329892,15,233
2026-07-24T04:07:34Z,510012,18329895,11,-121
2026-07-24T04:07:34Z,510011,18329896,11,84
2026-07-24T04:07:34Z,4050011,18329901,70,-484
2026-07-24T04:07:34Z,4050012,18329902,13,896
2026-07-24T04:07:34Z,850012,18329905,17,1536
2026-07-24T04:07:34Z,120011,18329915,35,287
2026-07-24T04:07:34Z,130012,18329918,15,-439
2026-07-24T04:07:34Z,620011,18329921,22,108
2026-07-24T04:07:34Z,5020011,18329922,48,-167
2026-07-24T04:07:34Z,5020012,18329923,42,347
2026-07-24T04:07:34Z,5030011,18329926,40,124
2026-07-24T04:07:34Z,5030012,18329927,34,125
2026-07-24T04:07:34Z,1560011,18329933,6,889
2026-07-24T04:07:34Z,230031,18329934,47,-168
2026-07-24T04:07:34Z,390011,18329936,15,732
2026-07-24T04:07:34Z,380022,18329938,18,1006
2026-07-24T04:07:34Z,5050022,18329941,25,549
2026-07-24T04:07:34Z,5050011,18329942,0,369
2026-07-24T04:07:34Z,4000011,18329952,54,125
2026-07-24T04:07:34Z,4000012,18329953,4,228
2026-07-24T04:07:34Z,5010012,18329956,21,-630
2026-07-24T04:07:34Z,110012,18329957,38,285
2026-07-24T04:07:34Z,110011,18329958,33,84
2026-07-24T04:07:34Z,110011,18329959,37,84
2026-07-24T04:07:34Z,150011,18329961,25,-163
2026-07-24T04:07:34Z,170021,18329963,20,-940
2026-07-24T04:07:34Z,290022,18329965,18,-1328
2026-07-24T04:07:34Z,640032,18329968,24,1676
2026-07-24T04:07:34Z,640031,18329969,5,1725
2026-07-24T04:07:34Z,810022,18329970,16,479
2026-07-24T04:07:34Z,810021,18329971,8,672
2026-07-24T04:07:34Z,680022,18329978,24,602
2026-07-24T04:07:34Z,680021,18329979,29,845
2026-07-24T04:07:34Z,5020011,18329980,48,-689
2026-07-24T04:07:34Z,5020012,18329981,25,327
2026-07-24T04:07:34Z,5030011,18329982,40,-76
2026-07-24T04:07:34Z,5030012,18329983,21,38
2026-07-24T04:07:34Z,420021,18329989,52,-162
2026-07-24T04:07:34Z,410011,18329990,43,5
2026-07-24T04:07:34Z,410012,18329991,36,160
2026-07-24T04:07:34Z,440011,18329992,30,449
2026-07-24T04:07:34Z,440012,18329993,36,203
2026-07-24T04:07:34Z,440012,18329996,36,-284
2026-07-24T04:07:34Z,1010011,18329997,27,299
2026-07-24T04:07:34Z,1010022,18329998,16,730
2026-07-24T04:07:34Z,4050011,18329999,70,-760
2026-07-24T04:07:34Z,5010011,18330002,21,171
2026-07-24T04:07:34Z,120012,18330005,34,752
2026-07-24T04:07:34Z,420022,18330007,49,-367
2026-07-24T04:07:34Z,460011,18330010,35,182
2026-07-24T04:07:34Z,460012,18330011,35,-235
2026-07-24T04:07:34Z,650012,18330014,17,256
2026-07-24T04:07:34Z,650011,18330015,3,156
2026-07-24T04:07:34Z,240012,18330016,17,36
2026-07-24T04:07:34Z,240011,18330017,18,11
2026-07-24T04:07:34Z,280012,18330018,18,55
2026-07-24T04:07:34Z,280011,18330019,21,-56
2026-07-24T04:07:34Z,4000011,18330020,54,-1177
2026-07-24T04:07:34Z,470011,18330023,19,65
2026-07-24T04:07:34Z,470012,18330024,18,88
2026-07-24T04:07:34Z,460012,18330025,35,-34
2026-07-24T04:07:34Z,170022,18330026,22,58
2026-07-24T04:07:34Z,410011,18330027,43,-666
2026-07-24T04:07:34Z,410012,18330028,0,-1566
2026-07-24T04:07:34Z,410012,18330031,36,-20
2026-07-24T04:07:34Z,410011,18330032,36,-540
2026-07-24T04:07:34Z,110012,18330035,38,601
2026-07-24T04:07:34Z,110011,18330036,8,-87
2026-07-24T04:07:34Z,840012,18330037,9,-189
2026-07-24T04:07:34Z,840021,18330038,12,248
2026-07-24T04:07:34Z,420021,18330039,52,-1584
2026-07-24T04:07:34Z,5040012,18330041,16,-71
2026-07-24T04:07:34Z,5040011,18330042,12,-809
2026-07-24T04:07:34Z,440011,18330043,30,342
2026-07-24T04:07:34Z,670012,18330046,12,-88
2026-07-24T04:07:34Z,670011,18330047,12,-81
2026-07-24T04:07:34Z,320012,18330054,15,108
2026-07-24T04:07:34Z,320011,18330055,16,318
2026-07-24T04:07:34Z,130011,18330058,15,-920
2026-07-24T04:07:34Z,120011,18330060,35,-984
2026-07-24T04:07:34Z,130012,18330063,15,-919
2026-07-24T04:07:34Z,5010011,18330065,21,-1816
2026-07-24T04:07:34Z,420022,18330069,46,-561
2026-07-24T04:07:34Z,410011,18330070,43,-801
2026-07-24T04:07:34Z,160011,18330072,6,284
2026-07-24T04:07:34Z,160012,18330073,7,36
2026-07-24T04:07:34Z,630032,18330074,20,-147
2026-07-24T04:07:34Z,750012,18330076,13,-254
2026-07-24T04:07:34Z,260012,18330078,21,-114
2026-07-24T04:07:34Z,230031,18330079,43,-907
2026-07-24T04:07:34Z,780012,18330084,9,404
2026-07-24T04:07:34Z,150012,18330086,21,-257
2026-07-24T04:07:34Z,150011,18330087,7,25
2026-07-24T04:07:34Z,110012,18330090,27,248
2026-07-24T04:07:34Z,170022,18330092,22,-66
2026-07-24T04:07:34Z,170021,18330093,8,-23
2026-07-24T04:07:34Z,290021,18330094,16,-99
2026-07-24T04:07:34Z,290022,18330095,0,-699
2026-07-24T04:07:34Z,610012,18330096,2,1705
2026-07-24T04:07:34Z,540012,18330100,16,-107
2026-07-24T04:07:34Z,540011,18330101,7,151
2026-07-24T04:07:34Z,5020011,18330115,37,-1147
2026-07-24T04:07:34Z,590012,18330117,4,355
2026-07-24T04:07:34Z,420021,18330119,38,-1039
2026-07-24T04:07:34Z,440012,18330124,20,6
2026-07-24T04:07:34Z,330011,18330126,23,-571
2026-07-24T04:07:34Z,1010011,18330127,15,-14
2026-07-24T04:07:34Z,120012,18330129,21,186
2026-07-24T04:07:34Z,130011,18330132,15,-1040
2026-07-24T04:07:34Z,120011,18330134,24,-686
2026-07-24T04:07:34Z,5010011,18330137,21,-673
2026-07-24T04:07:34Z,160011,18330139,6,358
2026-07-24T04:07:34Z,160012,18330140,0,58
2026-07-24T04:07:34Z,420022,18330143,16,-417
2026-07-24T04:07:34Z,460011,18330144,21,-314
2026-07-24T04:07:34Z,190012,18330146,10,-110
2026-07-24T04:07:34Z,260011,18330150,7,-476
2026-07-24T04:07:34Z,280012,18330153,6,-99
2026-07-24T04:07:34Z,260012,18330155,3,95
2026-07-24T04:07:34Z,600012,18330158,0,-115
2026-07-24T04:07:34Z,110012,18330164,4,37
2026-07-24T04:17:58Z,4050012,18329395,71,892
2026-07-24T04:17:58Z,4050011,18329396,32,-238
2026-07-24T04:17:58Z,740012,18329404,19,6
2026-07-24T04:17:58Z,740011,18329405,19,-335
2026-07-24T04:17:58Z,740012,18329406,19,-131
2026-07-24T04:17:58Z,520022,18329418,10,222
2026-07-24T04:17:58Z,520021,18329419,16,-398
2026-07-24T04:17:58Z,520022,18329420,8,-329
2026-07-24T04:17:58Z,770011,18329428,12,-5
2026-07-24T04:17:58Z,840011,18329439,10,-199
2026-07-24T04:17:58Z,840012,18329440,9,63
2026-07-24T04:17:58Z,840011,18329441,6,42
2026-07-24T04:17:58Z,710012,18329452,9,-17
2026-07-24T04:17:58Z,710011,18329453,9,-125
2026-07-24T04:17:58Z,4050012,18329475,59,2683
2026-07-24T04:17:58Z,730012,18329484,12,166
2026-07-24T04:17:58Z,730011,18329485,12,-143
2026-07-24T04:17:58Z,730012,18329486,12,-14
2026-07-24T04:17:58Z,7000012,18329488,17,1527
2026-07-24T04:17:58Z,310031,18329498,32,-124
2026-07-24T04:17:58Z,5020011,18329502,48,-778
2026-07-24T04:17:58Z,5020012,18329503,17,172
2026-07-24T04:17:58Z,5030011,18329510,40,-494
2026-07-24T04:17:58Z,5030012,18329511,13,36
2026-07-24T04:17:58Z,810021,18329515,18,-162
2026-07-24T04:17:58Z,4000012,18329518,47,1409
2026-07-24T04:17:58Z,250011,18329523,13,132
2026-07-24T04:17:58Z,250012,18329524,18,-120
2026-07-24T04:17:58Z,690022,18329544,3,-83
2026-07-24T04:17:58Z,690021,18329545,8,-75
2026-07-24T04:17:58Z,5030011,18329554,40,-690
2026-07-24T04:17:58Z,5040011,18329566,12,-490
2026-07-24T04:17:58Z,5040012,18329567,16,-183
2026-07-24T04:17:58Z,4050012,18329576,46,2749
2026-07-24T04:17:58Z,5010012,18329586,21,110
2026-07-24T04:17:58Z,310031,18329589,32,214
2026-07-24T04:17:58Z,310031,18329590,32,-444
2026-07-24T04:17:58Z,310031,18329591,22,-346
2026-07-24T04:17:58Z,5030012,18329606,40,55
2026-07-24T04:17:58Z,680012,18329622,24,1275
2026-07-24T04:17:58Z,680011,18329623,2,983
2026-07-24T04:17:58Z,260012,18329632,21,10
2026-07-24T04:17:58Z,5020012,18329642,47,424
2026-07-24T04:17:58Z,5020011,18329643,48,-817
2026-07-24T04:17:58Z,5030012,18329646,40,151
2026-07-24T04:17:58Z,5030011,18329647,37,-933
2026-07-24T04:17:58Z,5050011,18329653,16,-156
2026-07-24T04:17:58Z,5050012,18329654,11,-859
2026-07-24T04:17:58Z,4000012,18329656,56,857
2026-07-24T04:17:58Z,4000011,18329657,36,128
2026-07-24T04:17:58Z,470012,18329670,18,-82
2026-07-24T04:17:58Z,470011,18329671,19,-394
2026-07-24T04:17:58Z,470012,18329672,13,108
2026-07-24T04:17:58Z,540021,18329680,16,1639
2026-07-24T04:17:58Z,220021,18329682,33,-335
2026-07-24T04:17:58Z,220021,18329683,33,-968
2026-07-24T04:17:58Z,5030012,18329685,40,89
2026-07-24T04:17:58Z,420022,18329695,49,-75
2026-07-24T04:17:58Z,440011,18329701,0,-3252
2026-07-24T04:17:58Z,5020012,18329704,47,523
2026-07-24T04:17:58Z,5020011,18329705,24,-957
2026-07-24T04:17:58Z,1010022,18329712,27,83
2026-07-24T04:17:58Z,700011,18329714,5,25
2026-07-24T04:17:58Z,4050012,18329718,36,1387
2026-07-24T04:17:58Z,5010011,18329726,2,-51
2026-07-24T04:17:58Z,9010021,18329731,20,198
2026-07-24T04:17:58Z,9010021,18329732,20,102
2026-07-24T04:17:58Z,9010021,18329733,2,2
2026-07-24T04:17:58Z,360012,18329742,15,-73
2026-07-24T04:17:58Z,360011,18329743,17,-210
2026-07-24T04:17:58Z,360021,18329748,24,-253
2026-07-24T04:17:58Z,360022,18329749,22,32
2026-07-24T04:17:58Z,5030012,18329758,40,553
2026-07-24T04:17:58Z,820012,18329764,0,-373
2026-07-24T04:17:58Z,460011,18329769,35,-210
2026-07-24T04:17:58Z,460012,18329770,16,-87
2026-07-24T04:17:58Z,190011,18329774,18,-1088
2026-07-24T04:17:58Z,240012,18329777,16,189
2026-07-24T04:17:58Z,230031,18329780,47,-707
2026-07-24T04:17:58Z,230031,18329781,21,-238
2026-07-24T04:17:58Z,260011,18329788,18,331
2026-07-24T04:17:58Z,430012,18329792,25,17
2026-07-24T04:17:58Z,600012,18329795,14,430
2026-07-24T04:17:58Z,600011,18329796,15,887
2026-07-24T04:17:58Z,5020012,18329798,47,258
2026-07-24T04:17:58Z,7010012,18329802,14,808
2026-07-24T04:17:58Z,560012,18329813,7,339
2026-07-24T04:17:58Z,5030012,18329818,40,429
2026-07-24T04:17:58Z,5030011,18329819,13,-197
2026-07-24T04:17:58Z,5050022,18329826,25,-32
2026-07-24T04:17:58Z,5050011,18329827,16,17
2026-07-24T04:17:58Z,5050012,18329828,0,-583
2026-07-24T04:17:58Z,4000012,18329834,38,-55
2026-07-24T04:17:58Z,270011,18329840,7,241
2026-07-24T04:17:58Z,110011,18329846,37,8
2026-07-24T04:17:58Z,410012,18329854,36,100
2026-07-24T04:17:58Z,480012,18329860,23,171
2026-07-24T04:17:58Z,480011,18329861,6,145
2026-07-24T04:17:58Z,220021,18329871,33,-1240
2026-07-24T04:17:58Z,220021,18329872,12,-353
2026-07-24T04:17:58Z,530012,18329876,17,-93
2026-07-24T04:17:58Z,530011,18329877,13,450
2026-07-24T04:17:58Z,330012,18329885,24,554
2026-07-24T04:17:58Z,440011,18329886,30,2195
2026-07-24T04:17:58Z,440011,18329892,28,266
2026-07-24T04:17:58Z,510012,18329895,11,-121
2026-07-24T04:17:58Z,510011,18329896,14,-33
2026-07-24T04:17:58Z,4050011,18329901,70,-367
2026-07-24T04:17:58Z,4050012,18329902,20,1008
2026-07-24T04:17:58Z,850012,18329905,20,1632
2026-07-24T04:17:58Z,850011,18329906,6,1719
2026-07-24T04:17:58Z,120011,18329915,35,116
2026-07-24T04:17:58Z,620011,18329921,22,84
2026-07-24T04:17:58Z,5020012,18329923,47,174
2026-07-24T04:17:58Z,5030012,18329927,39,-37
2026-07-24T04:17:58Z,1560011,18329933,6,1519
2026-07-24T04:17:58Z,230031,18329934,47,-12
2026-07-24T04:17:58Z,390011,18329936,15,133
2026-07-24T04:17:58Z,380022,18329938,20,1129
2026-07-24T04:17:58Z,5050022,18329941,25,491
2026-07-24T04:17:58Z,5050011,18329942,6,269
2026-07-24T04:17:58Z,4000011,18329952,54,182
2026-07-24T04:17:58Z,4000012,18329953,14,462
2026-07-24T04:17:58Z,5010012,18329956,21,-648
2026-07-24T04:17:58Z,110012,18329957,38,63
2026-07-24T04:17:58Z,110011,18329958,37,15
2026-07-24T04:17:58Z,150011,18329961,25,-378
2026-07-24T04:17:58Z,170021,18329963,20,-834
2026-07-24T04:17:58Z,290022,18329965,18,-1554
2026-07-24T04:17:58Z,810022,18329970,16,328
2026-07-24T04:17:58Z,810021,18329971,12,514
2026-07-24T04:17:58Z,680021,18329979,29,302
2026-07-24T04:17:58Z,5020011,18329980,48,-523
2026-07-24T04:17:58Z,5020012,18329981,37,301
2026-07-24T04:17:58Z,5030011,18329982,40,158
2026-07-24T04:17:58Z,5030012,18329983,28,189
2026-07-24T04:17:58Z,420021,18329989,52,30
2026-07-24T04:17:58Z,410011,18329990,43,198
2026-07-24T04:17:58Z,410012,18329991,36,211
2026-07-24T04:17:58Z,440011,18329992,30,280
2026-07-24T04:17:58Z,440012,18329993,36,39
2026-07-24T04:17:58Z,440012,18329996,36,-209
2026-07-24T04:17:58Z,1010011,18329997,27,203
2026-07-24T04:17:58Z,1010022,18329998,19,873
2026-07-24T04:17:58Z,4050011,18329999,70,-662
2026-07-24T04:17:58Z,4050012,18330000,0,-662
2026-07-24T04:17:58Z,120012,18330005,34,676
2026-07-24T04:17:58Z,120011,18330006,0,-2864
2026-07-24T04:17:58Z,420022,18330007,49,-436
2026-07-24T04:17:58Z,460011,18330010,35,249
2026-07-24T04:17:58Z,460012,18330011,35,-255
2026-07-24T04:17:58Z,650012,18330014,17,331
2026-07-24T04:17:58Z,650011,18330015,4,13
2026-07-24T04:17:58Z,240011,18330017,18,16
2026-07-24T04:17:58Z,280012,18330018,18,168
2026-07-24T04:17:58Z,280011,18330019,21,-37
2026-07-24T04:17:58Z,4000011,18330020,54,-1046
2026-07-24T04:17:58Z,470011,18330023,19,171
2026-07-24T04:17:58Z,470012,18330024,18,23
2026-07-24T04:17:58Z,460012,18330025,35,-82
2026-07-24T04:17:58Z,170022,18330026,22,130
2026-07-24T04:17:58Z,410011,18330027,43,-626
2026-07-24T04:17:58Z,410012,18330028,12,67
2026-07-24T04:17:58Z,410012,18330031,36,-197
2026-07-24T04:17:58Z,410011,18330032,43,-783
2026-07-24T04:17:58Z,110012,18330035,38,474
2026-07-24T04:17:58Z,110011,18330036,13,129
2026-07-24T04:17:58Z,840012,18330037,9,-85
2026-07-24T04:17:58Z,840021,18330038,12,227
2026-07-24T04:17:58Z,420021,18330039,52,-1355
2026-07-24T04:17:58Z,5040012,18330041,16,-46
2026-07-24T04:17:58Z,5040011,18330042,12,-773
2026-07-24T04:17:58Z,440011,18330043,30,211
2026-07-24T04:17:58Z,670012,18330046,12,-37
2026-07-24T04:17:58Z,670011,18330047,12,-81
2026-07-24T04:17:58Z,4050011,18330048,60,-1081
2026-07-24T04:17:58Z,320012,18330054,15,200
2026-07-24T04:17:58Z,320011,18330055,16,298
2026-07-24T04:17:58Z,130011,18330058,15,-802
2026-07-24T04:17:58Z,120011,18330060,35,-543
2026-07-24T04:17:58Z,130012,18330063,15,-845
2026-07-24T04:17:58Z,5010011,18330065,21,-1725
2026-07-24T04:17:58Z,5010012,18330066,6,4
2026-07-24T04:17:58Z,420022,18330069,49,-1095
2026-07-24T04:17:58Z,410011,18330070,43,-783
2026-07-24T04:17:58Z,160011,18330072,6,220
2026-07-24T04:17:58Z,160012,18330073,7,-29
2026-07-24T04:17:58Z,630032,18330074,20,-146
2026-07-24T04:17:58Z,630031,18330075,2,55
2026-07-24T04:17:58Z,750012,18330076,13,-254
2026-07-24T04:17:58Z,260012,18330078,21,-164
2026-07-24T04:17:58Z,230031,18330079,47,-949
2026-07-24T04:17:58Z,780012,18330084,9,404
2026-07-24T04:17:58Z,150012,18330086,21,-254
2026-07-24T04:17:58Z,150011,18330087,18,-12
2026-07-24T04:17:58Z,110012,18330090,37,240
2026-07-24T04:17:58Z,170022,18330092,22,-89
2026-07-24T04:17:58Z,170021,18330093,18,-541
2026-07-24T04:17:58Z,290021,18330094,16,-89
2026-07-24T04:17:58Z,290022,18330095,8,212
2026-07-24T04:17:58Z,610012,18330096,12,1300
2026-07-24T04:17:58Z,540012,18330100,16,-107
2026-07-24T04:17:58Z,540011,18330101,15,102
2026-07-24T04:17:58Z,5020011,18330115,48,-1242
2026-07-24T04:17:58Z,590012,18330117,5,1165
2026-07-24T04:17:58Z,590011,18330118,0,805
2026-07-24T04:17:58Z,420021,18330119,50,-1537
2026-07-24T04:17:58Z,440012,18330124,27,72
2026-07-24T04:17:58Z,330011,18330126,25,-632
2026-07-24T04:17:58Z,1010011,18330127,24,226
2026-07-24T04:17:58Z,120012,18330129,28,179
2026-07-24T04:17:58Z,130011,18330132,15,-1041
2026-07-24T04:17:58Z,120011,18330134,29,-486
2026-07-24T04:17:58Z,5010011,18330137,21,-669
2026-07-24T04:17:58Z,160011,18330139,6,360
2026-07-24T04:17:58Z,160012,18330140,2,254
2026-07-24T04:17:58Z,420022,18330143,27,-516
2026-07-24T04:17:58Z,460011,18330144,34,-429
2026-07-24T04:17:58Z,190012,18330146,17,-75
2026-07-24T04:17:58Z,260011,18330150,15,-652
2026-07-24T04:17:58Z,280012,18330153,14,-251
2026-07-24T04:17:58Z,260012,18330155,9,93
2026-07-24T04:17:58Z,600012,18330158,3,354
2026-07-24T04:17:58Z,110012,18330164,14,95
2026-07-24T04:17:58Z,420021,18330171,11,-333
2026-07-24T04:17:58Z,330012,18330173,2,23
2026-07-24T04:17:58Z,130012,18330183,0,-2048
2026-07-24T04:17:58Z,130011,18330184,4,-230
2026-07-24T04:17:58Z,120012,18330185,0,-602
2026-07-24T04:17:58Z,320012,18330187,2,20
2026-07-24T04:28:22Z,4050012,18329395,71,1473
2026-07-24T04:28:22Z,4050011,18329396,46,-493
2026-07-24T04:28:22Z,740011,18329405,19,-251
2026-07-24T04:28:22Z,740012,18329406,19,-127
2026-07-24T04:28:22Z,520022,18329418,10,116
2026-07-24T04:28:22Z,520021,18329419,16,-439
2026-07-24T04:28:22Z,520022,18329420,9,-477
2026-07-24T04:28:22Z,770011,18329428,12,-23
2026-07-24T04:28:22Z,840012,18329440,9,-645
2026-07-24T04:28:22Z,840011,18329441,10,132
2026-07-24T04:28:22Z,710012,18329452,9,-17
2026-07-24T04:28:22Z,710011,18329453,9,-125
2026-07-24T04:28:22Z,4050012,18329475,71,2531
2026-07-24T04:28:22Z,730011,18329485,12,-143
2026-07-24T04:28:22Z,730012,18329486,12,-10
2026-07-24T04:28:22Z,7000012,18329488,26,1725
2026-07-24T04:28:22Z,310031,18329498,32,112
2026-07-24T04:28:22Z,5020011,18329502,48,-601
2026-07-24T04:28:22Z,5020012,18329503,27,270
2026-07-24T04:28:22Z,5030011,18329510,40,-285
2026-07-24T04:28:22Z,5030012,18329511,22,44
2026-07-24T04:28:22Z,4000012,18329518,51,1847
2026-07-24T04:28:22Z,250012,18329524,18,-122
2026-07-24T04:28:22Z,690022,18329544,3,-83
2026-07-24T04:28:22Z,690021,18329545,8,-75
2026-07-24T04:28:22Z,690022,18329546,0,-615
2026-07-24T04:28:22Z,5030011,18329554,40,-366
2026-07-24T04:28:22Z,5030012,18329555,7,171
2026-07-24T04:28:22Z,5040011,18329566,12,-307
2026-07-24T04:28:22Z,5040012,18329567,16,-180
2026-07-24T04:28:22Z,500012,18329573,4,-5
2026-07-24T04:28:22Z,4050012,18329576,51,2950
2026-07-24T04:28:22Z,310031,18329590,32,-298
2026-07-24T04:28:22Z,310031,18329591,32,-363
2026-07-24T04:28:22Z,410011,18329616,11,-232
2026-07-24T04:28:22Z,680012,18329622,24,868
2026-07-24T04:28:22Z,680011,18329623,14,781
2026-07-24T04:28:22Z,260012,18329632,21,-68
2026-07-24T04:28:22Z,5020011,18329643,48,-936
2026-07-24T04:28:22Z,5020012,18329644,7,155
2026-07-24T04:28:22Z,5030012,18329646,40,185
2026-07-24T04:28:22Z,5030011,18329647,40,-828
2026-07-24T04:28:22Z,5050011,18329653,16,-126
2026-07-24T04:28:22Z,5050012,18329654,11,-847
2026-07-24T04:28:22Z,4000012,18329656,56,85
2026-07-24T04:28:22Z,4000011,18329657,54,-660
2026-07-24T04:28:22Z,470011,18329671,19,-410
2026-07-24T04:28:22Z,470012,18329672,18,125
2026-07-24T04:28:22Z,220021,18329683,33,-966
2026-07-24T04:28:22Z,5030012,18329685,40,-2
2026-07-24T04:28:22Z,440011,18329701,8,96
2026-07-24T04:28:22Z,5020012,18329704,47,408
2026-07-24T04:28:22Z,5020011,18329705,38,-1163
2026-07-24T04:28:22Z,4050012,18329718,43,1536
2026-07-24T04:28:22Z,5010011,18329726,18,-604
2026-07-24T04:28:22Z,9010021,18329731,20,214
2026-07-24T04:28:22Z,9010021,18329732,20,88
2026-07-24T04:28:22Z,9010021,18329733,13,-13
2026-07-24T04:28:22Z,360012,18329742,15,-55
2026-07-24T04:28:22Z,360011,18329743,17,-230
2026-07-24T04:28:22Z,360021,18329748,24,-147
2026-07-24T04:28:22Z,360022,18329749,22,6
2026-07-24T04:28:22Z,360021,18329750,9,-126
2026-07-24T04:28:22Z,5030012,18329758,40,527
2026-07-24T04:28:22Z,5030011,18329759,10,-418
2026-07-24T04:28:22Z,820012,18329764,1,481
2026-07-24T04:28:22Z,460011,18329769,35,20
2026-07-24T04:28:22Z,460012,18329770,29,-190
2026-07-24T04:28:22Z,190011,18329774,18,-947
2026-07-24T04:28:22Z,240012,18329777,17,176
2026-07-24T04:28:22Z,230031,18329780,47,-532
2026-07-24T04:28:22Z,230031,18329781,32,-372
2026-07-24T04:28:22Z,260011,18329788,18,505
2026-07-24T04:28:22Z,430012,18329792,25,9
2026-07-24T04:28:22Z,600011,18329796,15,723
2026-07-24T04:28:22Z,5020012,18329798,47,148
2026-07-24T04:28:22Z,7010012,18329802,15,999
2026-07-24T04:28:22Z,7010011,18329803,5,721
2026-07-24T04:28:22Z,560012,18329813,16,1686
2026-07-24T04:28:22Z,5030012,18329818,40,480
2026-07-24T04:28:22Z,5030011,18329819,25,-283
2026-07-24T04:28:22Z,5050011,18329827,16,-26
2026-07-24T04:28:22Z,5050012,18329828,10,-714
2026-07-24T04:28:22Z,4000012,18329834,38,588
2026-07-24T04:28:22Z,270011,18329840,8,206
2026-07-24T04:28:22Z,110011,18329846,37,-3
2026-07-24T04:28:22Z,410011,18329855,37,-311
2026-07-24T04:28:22Z,480012,18329860,23,6
2026-07-24T04:28:22Z,480011,18329861,11,241
2026-07-24T04:28:22Z,220021,18329871,33,-1102
2026-07-24T04:28:22Z,220021,18329872,24,-849
2026-07-24T04:28:22Z,330012,18329885,24,529
2026-07-24T04:28:22Z,440011,18329886,30,2847
2026-07-24T04:28:22Z,440011,18329892,30,346
2026-07-24T04:28:22Z,510012,18329895,11,-121
2026-07-24T04:28:22Z,510011,18329896,14,161
2026-07-24T04:28:22Z,510012,18329897,3,-120
2026-07-24T04:28:22Z,4050011,18329901,70,-182
2026-07-24T04:28:22Z,4050012,18329902,21,1056
2026-07-24T04:28:22Z,850012,18329905,20,597
2026-07-24T04:28:22Z,850011,18329906,16,914
2026-07-24T04:28:22Z,620011,18329921,22,84
2026-07-24T04:28:22Z,5020012,18329923,47,129
2026-07-24T04:28:22Z,5030012,18329927,40,99
2026-07-24T04:28:22Z,380022,18329938,21,1267
2026-07-24T04:28:22Z,5050022,18329941,25,464
2026-07-24T04:28:22Z,5050011,18329942,6,246
2026-07-24T04:28:22Z,4000011,18329952,54,445
2026-07-24T04:28:22Z,4000012,18329953,19,344
2026-07-24T04:28:22Z,5010012,18329956,21,-615
2026-07-24T04:28:22Z,110011,18329958,37,-32
2026-07-24T04:28:22Z,170021,18329963,20,-554
2026-07-24T04:28:22Z,640032,18329968,24,255
2026-07-24T04:28:22Z,640031,18329969,10,1685
2026-07-24T04:28:22Z,810022,18329970,16,113
2026-07-24T04:28:22Z,810021,18329971,17,674
2026-07-24T04:28:22Z,680021,18329979,29,140
2026-07-24T04:28:22Z,5020011,18329980,48,-311
2026-07-24T04:28:22Z,5020012,18329981,42,191
2026-07-24T04:28:22Z,5030011,18329982,40,270
2026-07-24T04:28:22Z,5030012,18329983,35,115
2026-07-24T04:28:22Z,420021,18329989,52,181
2026-07-24T04:28:22Z,410012,18329991,36,269
2026-07-24T04:28:22Z,440012,18329993,36,33
2026-07-24T04:28:22Z,1010022,18329998,22,1193
2026-07-24T04:28:22Z,4050011,18329999,70,-344
2026-07-24T04:28:22Z,4050012,18330000,8,564
2026-07-24T04:28:22Z,120011,18330006,9,-3
2026-07-24T04:28:22Z,420022,18330007,49,-318
2026-07-24T04:28:22Z,460011,18330010,35,159
2026-07-24T04:28:22Z,460012,18330011,35,-316
2026-07-24T04:28:22Z,650012,18330014,17,392
2026-07-24T04:28:22Z,650011,18330015,16,-107
2026-07-24T04:28:22Z,240011,18330017,18,14
2026-07-24T04:28:22Z,280011,18330019,21,-48
2026-07-24T04:28:22Z,4000011,18330020,54,-901
2026-07-24T04:28:22Z,470011,18330023,19,156
2026-07-24T04:28:22Z,470012,18330024,18,65
2026-07-24T04:28:22Z,460012,18330025,35,-90
2026-07-24T04:28:22Z,170022,18330026,22,188
2026-07-24T04:28:22Z,410011,18330027,43,-443
2026-07-24T04:28:22Z,410012,18330028,23,57
2026-07-24T04:28:22Z,410012,18330031,36,-162
2026-07-24T04:28:22Z,410011,18330032,43,-771
2026-07-24T04:28:22Z,110012,18330035,38,372
2026-07-24T04:28:22Z,110011,18330036,27,59
2026-07-24T04:28:22Z,840012,18330037,9,28
2026-07-24T04:28:22Z,840021,18330038,12,224
2026-07-24T04:28:22Z,420021,18330039,52,-1252
2026-07-24T04:28:22Z,420022,18330040,8,-209
2026-07-24T04:28:22Z,5040012,18330041,16,159
2026-07-24T04:28:22Z,5040011,18330042,12,-755
2026-07-24T04:28:22Z,440011,18330043,30,181
2026-07-24T04:28:22Z,670011,18330047,12,34
2026-07-24T04:28:22Z,4050011,18330048,69,-869
2026-07-24T04:28:22Z,320012,18330054,15,326
2026-07-24T04:28:22Z,320011,18330055,16,296
2026-07-24T04:28:22Z,130011,18330058,15,-759
2026-07-24T04:28:22Z,120011,18330060,35,-416
2026-07-24T04:28:22Z,130012,18330063,15,-863
2026-07-24T04:28:22Z,5010011,18330065,21,-1383
2026-07-24T04:28:22Z,5010012,18330066,19,-314
2026-07-24T04:28:22Z,420022,18330069,49,-762
2026-07-24T04:28:22Z,410011,18330070,43,-675
2026-07-24T04:28:22Z,410012,18330071,2,108
2026-07-24T04:28:22Z,160011,18330072,6,320
2026-07-24T04:28:22Z,160012,18330073,7,73
2026-07-24T04:28:22Z,630032,18330074,20,-80
2026-07-24T04:28:22Z,630031,18330075,9,412
2026-07-24T04:28:22Z,750012,18330076,16,1006
2026-07-24T04:28:22Z,750011,18330077,0,106
2026-07-24T04:28:22Z,260012,18330078,21,-237
2026-07-24T04:28:22Z,230031,18330079,47,-961
2026-07-24T04:28:22Z,260011,18330081,18,-707
2026-07-24T04:28:22Z,780012,18330084,10,1762
2026-07-24T04:28:22Z,150012,18330086,21,-253
2026-07-24T04:28:22Z,150011,18330087,25,-9
2026-07-24T04:28:22Z,110012,18330090,38,151
2026-07-24T04:28:22Z,170022,18330092,22,-113
2026-07-24T04:28:22Z,170021,18330093,20,-584
2026-07-24T04:28:22Z,290021,18330094,16,-88
2026-07-24T04:28:22Z,290022,18330095,15,308
2026-07-24T04:28:22Z,610012,18330096,14,1662
2026-07-24T04:28:22Z,540012,18330100,16,-107
2026-07-24T04:28:22Z,540011,18330101,16,88
2026-07-24T04:28:22Z,5020011,18330115,48,-1264
2026-07-24T04:28:22Z,590012,18330117,5,1168
2026-07-24T04:28:22Z,590011,18330118,1,1131
2026-07-24T04:28:22Z,420021,18330119,52,-1724
2026-07-24T04:28:22Z,440012,18330124,36,-154
2026-07-24T04:28:22Z,330011,18330126,25,-651
2026-07-24T04:28:22Z,1010011,18330127,27,356
2026-07-24T04:28:22Z,120012,18330129,34,187
2026-07-24T04:28:22Z,130011,18330132,15,-1039
2026-07-24T04:28:22Z,120011,18330134,35,-592
2026-07-24T04:28:22Z,5010011,18330137,21,-643
2026-07-24T04:28:22Z,160011,18330139,6,311
2026-07-24T04:28:22Z,160012,18330140,7,244
2026-07-24T04:28:22Z,420022,18330143,37,-407
2026-07-24T04:28:22Z,460011,18330144,35,-299
2026-07-24T04:28:22Z,190012,18330146,18,-128
2026-07-24T04:28:22Z,190011,18330147,4,-78
2026-07-24T04:28:22Z,260011,18330150,18,-707
2026-07-24T04:28:22Z,280012,18330153,18,-414
2026-07-24T04:28:22Z,260012,18330155,20,-186
2026-07-24T04:28:22Z,600012,18330158,13,648
2026-07-24T04:28:22Z,110012,18330164,24,130
2026-07-24T04:28:22Z,420021,18330171,27,-592
2026-07-24T04:28:22Z,330012,18330173,10,128
2026-07-24T04:28:22Z,5040011,18330176,9,-511
2026-07-24T04:28:22Z,5040012,18330177,11,113
2026-07-24T04:28:22Z,130012,18330183,10,-287
2026-07-24T04:28:22Z,130011,18330184,14,-614
2026-07-24T04:28:22Z,120012,18330185,11,118
2026-07-24T04:28:22Z,320012,18330187,14,124
2026-07-24T04:28:22Z,360012,18330189,7,-10
2026-07-24T04:28:22Z,860012,18330197,0,0
2026-07-24T04:38:48Z,4050012,18329395,71,2077
2026-07-24T04:38:48Z,4050011,18329396,50,-772
2026-07-24T04:38:48Z,740011,18329405,19,-132
2026-07-24T04:38:48Z,740012,18329406,19,-130
2026-07-24T04:38:48Z,520021,18329419,16,-457
2026-07-24T04:38:48Z,520022,18329420,10,-158
2026-07-24T04:38:48Z,840012,18329440,9,-37
2026-07-24T04:38:48Z,840011,18329441,10,141
2026-07-24T04:38:48Z,710012,18329452,9,-104
2026-07-24T04:38:48Z,710011,18329453,9,-128
2026-07-24T04:38:48Z,4050012,18329475,71,1497
2026-07-24T04:38:48Z,730011,18329485,12,-32
2026-07-24T04:38:48Z,730012,18329486,12,-30
2026-07-24T04:38:48Z,7000012,18329488,30,2075
2026-07-24T04:38:48Z,310031,18329498,32,277
2026-07-24T04:38:48Z,5020011,18329502,48,-300
2026-07-24T04:38:48Z,5020012,18329503,39,201
2026-07-24T04:38:48Z,630032,18329506,1,35
2026-07-24T04:38:48Z,5030011,18329510,40,-88
2026-07-24T04:38:48Z,5030012,18329511,30,92
2026-07-24T04:38:48Z,4000012,18329518,56,1992
2026-07-24T04:38:48Z,4000011,18329519,7,2062
2026-07-24T04:38:48Z,250012,18329524,18,-117
2026-07-24T04:38:48Z,690022,18329544,3,-83
2026-07-24T04:38:48Z,690021,18329545,8,-75
2026-07-24T04:38:48Z,690022,18329546,3,-83
2026-07-24T04:38:48Z,5030011,18329554,40,-102
2026-07-24T04:38:48Z,5030012,18329555,13,188
2026-07-24T04:38:48Z,5040011,18329566,12,-148
2026-07-24T04:38:48Z,5040012,18329567,16,-163
2026-07-24T04:38:48Z,500012,18329573,17,143
2026-07-24T04:38:48Z,4050012,18329576,54,2950
2026-07-24T04:38:48Z,310031,18329590,32,-98
2026-07-24T04:38:48Z,310031,18329591,32,-368
2026-07-24T04:38:48Z,720012,18329613,4,-52
2026-07-24T04:38:48Z,410011,18329616,22,-153
2026-07-24T04:38:48Z,680012,18329622,24,573
2026-07-24T04:38:48Z,680011,18329623,29,362
2026-07-24T04:38:48Z,5020011,18329643,48,-736
2026-07-24T04:38:48Z,5020012,18329644,18,193
2026-07-24T04:38:48Z,5030011,18329647,40,-734
2026-07-24T04:38:48Z,5050012,18329654,11,-830
2026-07-24T04:38:48Z,4000011,18329657,54,-688
2026-07-24T04:38:48Z,470011,18329671,19,-238
2026-07-24T04:38:48Z,470012,18329672,18,230
2026-07-24T04:38:48Z,220021,18329683,33,-888
2026-07-24T04:38:48Z,5030012,18329685,40,-46
2026-07-24T04:38:48Z,440011,18329701,18,160
2026-07-24T04:38:48Z,5020012,18329704,47,287
2026-07-24T04:38:48Z,5020011,18329705,48,-1219
2026-07-24T04:38:48Z,4050012,18329718,48,1957
2026-07-24T04:38:48Z,5010011,18329726,21,-687
2026-07-24T04:38:48Z,9010021,18329731,20,144
2026-07-24T04:38:48Z,9010021,18329732,20,85
2026-07-24T04:38:48Z,9010021,18329733,19,135
2026-07-24T04:38:48Z,360011,18329743,17,-215
2026-07-24T04:38:48Z,360021,18329748,24,39
2026-07-24T04:38:48Z,360022,18329749,22,-14
2026-07-24T04:38:48Z,360021,18329750,22,-121
2026-07-24T04:38:48Z,5030012,18329758,40,529
2026-07-24T04:38:48Z,5030011,18329759,21,-718
2026-07-24T04:38:48Z,820012,18329764,1,481
2026-07-24T04:38:48Z,460011,18329769,35,215
2026-07-24T04:38:48Z,460012,18329770,35,-209
2026-07-24T04:38:48Z,190011,18329774,18,-802
2026-07-24T04:38:48Z,240012,18329777,17,172
2026-07-24T04:38:48Z,240011,18329778,11,39
2026-07-24T04:38:48Z,230031,18329780,47,-423
2026-07-24T04:38:48Z,230031,18329781,45,-533
2026-07-24T04:38:48Z,430012,18329792,25,-33
2026-07-24T04:38:48Z,600011,18329796,15,240
2026-07-24T04:38:48Z,5020012,18329798,47,168
2026-07-24T04:38:48Z,7010012,18329802,15,403
2026-07-24T04:38:48Z,7010011,18329803,9,863
2026-07-24T04:38:48Z,560012,18329813,17,1874
2026-07-24T04:38:48Z,560011,18329814,6,2173
2026-07-24T04:38:48Z,5030012,18329818,40,501
2026-07-24T04:38:48Z,5030011,18329819,31,-409
2026-07-24T04:38:48Z,5050011,18329827,16,146
2026-07-24T04:38:48Z,5050012,18329828,11,-894
2026-07-24T04:38:48Z,4000012,18329834,42,805
2026-07-24T04:38:48Z,270011,18329840,8,221
2026-07-24T04:38:48Z,270012,18329841,2,12
2026-07-24T04:38:48Z,110011,18329846,37,80
2026-07-24T04:38:48Z,410011,18329855,43,-479
2026-07-24T04:38:48Z,480012,18329860,23,-35
2026-07-24T04:38:48Z,480011,18329861,13,241
2026-07-24T04:38:48Z,220021,18329871,33,-902
2026-07-24T04:38:48Z,220021,18329872,32,-972
2026-07-24T04:38:48Z,530012,18329876,17,-76
2026-07-24T04:38:48Z,530011,18329877,20,692
2026-07-24T04:38:48Z,330012,18329885,24,286
2026-07-24T04:38:48Z,440011,18329886,30,3440
2026-07-24T04:38:48Z,440011,18329892,30,363
2026-07-24T04:38:48Z,510012,18329895,11,-26
2026-07-24T04:38:48Z,510011,18329896,14,140
2026-07-24T04:38:48Z,510012,18329897,11,-114
2026-07-24T04:38:48Z,4050011,18329901,70,-32
2026-07-24T04:38:48Z,4050012,18329902,30,1420
2026-07-24T04:38:48Z,850012,18329905,20,170
2026-07-24T04:38:48Z,850011,18329906,17,673
2026-07-24T04:38:48Z,620011,18329921,22,160
2026-07-24T04:38:48Z,5020012,18329923,47,243
2026-07-24T04:38:48Z,5030012,18329927,40,169
2026-07-24T04:38:48Z,380022,18329938,21,1147
2026-07-24T04:38:48Z,380021,18329939,2,79
2026-07-24T04:38:48Z,5050022,18329941,25,-242
2026-07-24T04:38:48Z,5050011,18329942,16,-27
2026-07-24T04:38:48Z,4000011,18329952,54,578
2026-07-24T04:38:48Z,4000012,18329953,20,641
2026-07-24T04:38:48Z,5010012,18329956,21,-588
2026-07-24T04:38:48Z,110011,18329958,37,83
2026-07-24T04:38:48Z,640031,18329969,14,1987
2026-07-24T04:38:48Z,810021,18329971,18,767
2026-07-24T04:38:48Z,810022,18329972,0,-133
2026-07-24T04:38:48Z,680021,18329979,29,-119
2026-07-24T04:38:48Z,5020012,18329981,47,40
2026-07-24T04:38:48Z,5030012,18329983,40,-77
2026-07-24T04:38:48Z,420021,18329989,52,439
2026-07-24T04:38:48Z,410012,18329991,36,73
2026-07-24T04:38:48Z,440012,18329993,36,56
2026-07-24T04:38:48Z,1010022,18329998,27,1341
2026-07-24T04:38:48Z,4050011,18329999,70,-141
2026-07-24T04:38:48Z,4050012,18330000,15,881
2026-07-24T04:38:48Z,120011,18330006,22,-239
2026-07-24T04:38:48Z,420022,18330007,49,-272
2026-07-24T04:38:48Z,460012,18330011,35,-133
2026-07-24T04:38:48Z,650012,18330014,17,473
2026-07-24T04:38:48Z,650011,18330015,17,-100
2026-07-24T04:38:48Z,240011,18330017,18,150
2026-07-24T04:38:48Z,280011,18330019,21,-86
2026-07-24T04:38:48Z,4000011,18330020,54,-769
2026-07-24T04:38:48Z,4000012,18330021,2,373
2026-07-24T04:38:48Z,470012,18330024,18,-47
2026-07-24T04:38:48Z,460012,18330025,35,198
2026-07-24T04:38:48Z,410011,18330027,43,-274
2026-07-24T04:38:48Z,410012,18330028,34,-93
2026-07-24T04:38:48Z,410012,18330031,36,-151
2026-07-24T04:38:48Z,410011,18330032,43,-780
2026-07-24T04:38:48Z,110012,18330035,38,409
2026-07-24T04:38:48Z,110011,18330036,37,120
2026-07-24T04:38:48Z,840021,18330038,12,426
2026-07-24T04:38:48Z,420021,18330039,52,-932
2026-07-24T04:38:48Z,420022,18330040,19,-338
2026-07-24T04:38:48Z,5040012,18330041,16,357
2026-07-24T04:38:48Z,5040011,18330042,12,-674
2026-07-24T04:38:48Z,440011,18330043,30,-55
2026-07-24T04:38:48Z,4050011,18330048,70,-851
2026-07-24T04:38:48Z,120011,18330060,35,-261
2026-07-24T04:38:48Z,130012,18330063,15,-522
2026-07-24T04:38:48Z,5010011,18330065,21,-1068
2026-07-24T04:38:48Z,5010012,18330066,21,-405
2026-07-24T04:38:48Z,420022,18330069,49,-727
2026-07-24T04:38:48Z,410011,18330070,43,-570
2026-07-24T04:38:48Z,410012,18330071,15,67
2026-07-24T04:38:48Z,160012,18330073,7,-49
2026-07-24T04:38:48Z,630032,18330074,20,241
2026-07-24T04:38:48Z,630031,18330075,11,597
2026-07-24T04:38:48Z,750012,18330076,16,1043
2026-07-24T04:38:48Z,750011,18330077,2,354
2026-07-24T04:38:48Z,260012,18330078,21,-260
2026-07-24T04:38:48Z,230031,18330079,47,-843
2026-07-24T04:38:48Z,230031,18330080,10,15
2026-07-24T04:38:48Z,260011,18330081,18,-618
2026-07-24T04:38:48Z,380021,18330083,22,937
2026-07-24T04:38:48Z,780012,18330084,12,1562
2026-07-24T04:38:48Z,780011,18330085,2,1188
2026-07-24T04:38:48Z,150012,18330086,21,-155
2026-07-24T04:38:48Z,150011,18330087,25,-7
2026-07-24T04:38:48Z,110012,18330090,38,100
2026-07-24T04:38:48Z,110011,18330091,11,-161
2026-07-24T04:38:48Z,170022,18330092,22,18
2026-07-24T04:38:48Z,170021,18330093,20,-581
2026-07-24T04:38:48Z,290021,18330094,16,198
2026-07-24T04:38:48Z,290022,18330095,18,322
2026-07-24T04:38:48Z,610012,18330096,14,1200
2026-07-24T04:38:48Z,540012,18330100,16,96
2026-07-24T04:38:48Z,540011,18330101,16,64
2026-07-24T04:38:48Z,310031,18330106,32,-490
2026-07-24T04:38:48Z,310031,18330107,11,-166
2026-07-24T04:38:48Z,5020011,18330115,48,-1226
2026-07-24T04:38:48Z,590012,18330117,5,1166
2026-07-24T04:38:48Z,590011,18330118,3,1701
2026-07-24T04:38:48Z,420021,18330119,52,-1710
2026-07-24T04:38:48Z,410012,18330121,36,-429
2026-07-24T04:38:48Z,440012,18330124,36,-425
2026-07-24T04:38:48Z,330011,18330126,25,-635
2026-07-24T04:38:48Z,1010011,18330127,27,362
2026-07-24T04:38:48Z,1010012,18330128,0,-658
2026-07-24T04:38:48Z,120012,18330129,34,184
2026-07-24T04:38:48Z,130011,18330132,15,-1049
2026-07-24T04:38:48Z,120011,18330134,35,-1042
2026-07-24T04:38:48Z,5010011,18330137,21,-620
2026-07-24T04:38:48Z,160011,18330139,6,238
2026-07-24T04:38:48Z,160012,18330140,7,237
2026-07-24T04:38:48Z,420022,18330143,48,-688
2026-07-24T04:38:48Z,460011,18330144,35,-288
2026-07-24T04:38:48Z,460012,18330145,10,-111
2026-07-24T04:38:48Z,190012,18330146,18,-128
2026-07-24T04:38:48Z,190011,18330147,14,-356
2026-07-24T04:38:48Z,260011,18330150,18,-652
2026-07-24T04:38:48Z,280012,18330153,18,-403
2026-07-24T04:38:48Z,280011,18330154,8,-62
2026-07-24T04:38:48Z,260012,18330155,21,-321
2026-07-24T04:38:48Z,600012,18330158,14,656
2026-07-24T04:38:48Z,600011,18330159,10,713
2026-07-24T04:38:48Z,110012,18330164,32,135
2026-07-24T04:38:48Z,720011,18330168,4,81
2026-07-24T04:38:48Z,420021,18330171,40,-849
2026-07-24T04:38:48Z,330012,18330173,20,280
2026-07-24T04:38:48Z,5040011,18330176,12,-434
2026-07-24T04:38:48Z,5040012,18330177,16,-99
2026-07-24T04:38:48Z,440012,18330181,26,-210
2026-07-24T04:38:48Z,130012,18330183,15,-556
2026-07-24T04:38:48Z,130011,18330184,15,-689
2026-07-24T04:38:48Z,320012,18330187,15,51
2026-07-24T04:38:48Z,360012,18330189,15,-7
2026-07-24T04:38:48Z,5020011,18330191,0,1041
2026-07-24T04:38:48Z,860012,18330197,1,190
2026-07-24T04:38:48Z,260012,18330199,5,76
2026-07-24T04:38:48Z,380022,18330201,3,147
2026-07-24T04:38:48Z,470011,18330207,6,-86
2026-07-24T04:38:48Z,150012,18330211,8,-2
2026-07-24T04:38:48Z,170022,18330213,4,-125
2026-07-24T04:38:48Z,110012,18330215,6,57
2026-07-24T04:38:48Z,290021,18330217,2,70
2026-07-24T04:49:13Z,4050012,18329395,71,2607
2026-07-24T04:49:13Z,4050011,18329396,53,-386
2026-07-24T04:49:13Z,740012,18329406,19,-19
2026-07-24T04:49:13Z,520021,18329419,16,-251
2026-07-24T04:49:13Z,520022,18329420,10,-155
2026-07-24T04:49:13Z,520021,18329421,2,2
2026-07-24T04:49:13Z,840012,18329440,9,-21
2026-07-24T04:49:13Z,840011,18329441,10,132
2026-07-24T04:49:13Z,710011,18329453,9,-146
2026-07-24T04:49:13Z,4050012,18329475,71,1158
2026-07-24T04:49:13Z,730012,18329486,12,144
2026-07-24T04:49:13Z,7000012,18329488,44,1895
2026-07-24T04:49:13Z,5020011,18329502,48,-85
2026-07-24T04:49:13Z,5020012,18329503,44,53
2026-07-24T04:49:13Z,630032,18329506,7,-79
2026-07-24T04:49:13Z,5030011,18329510,40,42
2026-07-24T04:49:13Z,5030012,18329511,35,20
2026-07-24T04:49:13Z,4000012,18329518,56,1690
2026-07-24T04:49:13Z,4000011,18329519,25,1661
2026-07-24T04:49:13Z,250012,18329524,18,-143
2026-07-24T04:49:13Z,690022,18329544,3,-83
2026-07-24T04:49:13Z,690021,18329545,8,-75
2026-07-24T04:49:13Z,690022,18329546,3,-83
2026-07-24T04:49:13Z,5030011,18329554,40,-8
2026-07-24T04:49:13Z,5030012,18329555,22,247
2026-07-24T04:49:13Z,5040012,18329567,16,-179
2026-07-24T04:49:13Z,500012,18329573,18,343
2026-07-24T04:49:13Z,500011,18329574,6,346
2026-07-24T04:49:13Z,4050012,18329576,61,2773
2026-07-24T04:49:13Z,310031,18329590,32,49
2026-07-24T04:49:13Z,310031,18329591,32,-361
2026-07-24T04:49:13Z,720012,18329613,4,-52
2026-07-24T04:49:13Z,410011,18329616,38,-308
2026-07-24T04:49:13Z,680012,18329622,24,-53
2026-07-24T04:49:13Z,680011,18329623,29,87
2026-07-24T04:49:13Z,260011,18329633,14,-426
2026-07-24T04:49:13Z,5020011,18329643,48,-520
2026-07-24T04:49:13Z,5020012,18329644,29,275
2026-07-24T04:49:13Z,5030011,18329647,40,-524
2026-07-24T04:49:13Z,5030012,18329648,7,191
2026-07-24T04:49:13Z,5050012,18329654,15,1814
2026-07-24T04:49:13Z,4000011,18329657,54,-522
2026-07-24T04:49:13Z,470011,18329671,19,-143
2026-07-24T04:49:13Z,470012,18329672,18,165
2026-07-24T04:49:13Z,220021,18329683,33,-688
2026-07-24T04:49:13Z,5030011,18329686,10,-356
2026-07-24T04:49:13Z,440011,18329701,29,61
2026-07-24T04:49:13Z,5020011,18329705,48,-1225
2026-07-24T04:49:13Z,4050012,18329718,51,2123
2026-07-24T04:49:13Z,5010011,18329726,21,-676
2026-07-24T04:49:13Z,9010021,18329732,20,178
2026-07-24T04:49:13Z,9010021,18329733,20,77
2026-07-24T04:49:13Z,9010021,18329734,4,28
2026-07-24T04:49:13Z,360011,18329743,17,-228
2026-07-24T04:49:13Z,360022,18329749,22,-28
2026-07-24T04:49:13Z,360021,18329750,24,-209
2026-07-24T04:49:13Z,5030012,18329758,40,517
2026-07-24T04:49:13Z,5030011,18329759,30,-706
2026-07-24T04:49:13Z,820012,18329764,1,481
2026-07-24T04:49:13Z,460011,18329769,35,305
2026-07-24T04:49:13Z,460012,18329770,35,-96
2026-07-24T04:49:13Z,190011,18329774,18,-601
2026-07-24T04:49:13Z,240012,18329777,17,172
2026-07-24T04:49:13Z,240011,18329778,18,-2
2026-07-24T04:49:13Z,230031,18329780,47,-271
2026-07-24T04:49:13Z,230031,18329781,47,-513
2026-07-24T04:49:13Z,430012,18329792,25,-233
2026-07-24T04:49:13Z,5020012,18329798,47,48
2026-07-24T04:49:13Z,5020011,18329799,7,-426
2026-07-24T04:49:13Z,7010012,18329802,15,-319
2026-07-24T04:49:13Z,7010011,18329803,15,735
2026-07-24T04:49:13Z,560012,18329813,17,1614
2026-07-24T04:49:13Z,560011,18329814,12,2133
2026-07-24T04:49:13Z,5030012,18329818,40,667
2026-07-24T04:49:13Z,5030011,18329819,37,-169
2026-07-24T04:49:13Z,5050011,18329827,16,-254
2026-07-24T04:49:13Z,5050012,18329828,11,-888
2026-07-24T04:49:13Z,4000012,18329834,50,1069
2026-07-24T04:49:13Z,270011,18329840,8,-550
2026-07-24T04:49:13Z,270012,18329841,9,224
2026-07-24T04:49:13Z,410011,18329855,43,-424
2026-07-24T04:49:13Z,410012,18329856,3,61
2026-07-24T04:49:13Z,480012,18329860,23,-229
2026-07-24T04:49:13Z,480011,18329861,15,339
2026-07-24T04:49:13Z,220021,18329871,33,-751
2026-07-24T04:49:13Z,220021,18329872,33,-998
2026-07-24T04:49:13Z,530012,18329876,17,52
2026-07-24T04:49:13Z,530011,18329877,20,692
2026-07-24T04:49:13Z,440011,18329886,30,4040
2026-07-24T04:49:13Z,5040012,18329888,2,99
2026-07-24T04:49:13Z,440011,18329892,30,357
2026-07-24T04:49:13Z,510012,18329895,11,66
2026-07-24T04:49:13Z,510011,18329896,14,140
2026-07-24T04:49:13Z,510012,18329897,11,-117
2026-07-24T04:49:13Z,4050012,18329902,37,1467
2026-07-24T04:49:13Z,850011,18329906,17,602
2026-07-24T04:49:13Z,130011,18329919,5,-248
2026-07-24T04:49:13Z,5020012,18329923,47,335
2026-07-24T04:49:13Z,5030012,18329927,40,329
2026-07-24T04:49:13Z,380022,18329938,21,1062
2026-07-24T04:49:13Z,380021,18329939,7,307
2026-07-24T04:49:13Z,5050022,18329941,25,-227
2026-07-24T04:49:13Z,5050011,18329942,16,-14
2026-07-24T04:49:13Z,5050012,18329943,2,-81
2026-07-24T04:49:13Z,4000012,18329953,26,723
2026-07-24T04:49:13Z,5010012,18329956,21,-433
2026-07-24T04:49:13Z,110011,18329958,37,125
2026-07-24T04:49:13Z,810021,18329971,18,588
2026-07-24T04:49:13Z,810022,18329972,3,348
2026-07-24T04:49:13Z,5020012,18329981,47,149
2026-07-24T04:49:13Z,5030012,18329983,40,183
2026-07-24T04:49:13Z,410012,18329991,36,269
2026-07-24T04:49:13Z,440012,18329993,36,243
2026-07-24T04:49:13Z,1010022,18329998,27,1355
2026-07-24T04:49:13Z,4050011,18329999,70,37
2026-07-24T04:49:13Z,4050012,18330000,20,1067
2026-07-24T04:49:13Z,120011,18330006,29,-153
2026-07-24T04:49:13Z,420022,18330007,49,-80
2026-07-24T04:49:13Z,460012,18330011,35,-50
2026-07-24T04:49:13Z,650011,18330015,17,-100
2026-07-24T04:49:13Z,280011,18330019,21,-57
2026-07-24T04:49:13Z,4000011,18330020,54,-404
2026-07-24T04:49:13Z,4000012,18330021,12,575
2026-07-24T04:49:13Z,470012,18330024,18,-24
2026-07-24T04:49:13Z,410012,18330028,36,-251
2026-07-24T04:49:13Z,410011,18330032,43,-526
2026-07-24T04:49:13Z,110012,18330035,38,361
2026-07-24T04:49:13Z,110011,18330036,37,111
2026-07-24T04:49:13Z,840021,18330038,12,266
2026-07-24T04:49:13Z,420021,18330039,52,-787
2026-07-24T04:49:13Z,420022,18330040,28,-336
2026-07-24T04:49:13Z,5040011,18330042,12,-471
2026-07-24T04:49:13Z,440011,18330043,30,-33
2026-07-24T04:49:13Z,440012,18330044,5,-151
2026-07-24T04:49:13Z,320011,18330055,16,211
2026-07-24T04:49:13Z,120011,18330060,35,-257
2026-07-24T04:49:13Z,5010012,18330066,21,-384
2026-07-24T04:49:13Z,5010011,18330067,4,-66
2026-07-24T04:49:13Z,420022,18330069,49,-658
2026-07-24T04:49:13Z,410011,18330070,43,-357
2026-07-24T04:49:13Z,410012,18330071,24,88
2026-07-24T04:49:13Z,160012,18330073,7,-332
2026-07-24T04:49:13Z,630032,18330074,20,266
2026-07-24T04:49:13Z,630031,18330075,19,408
2026-07-24T04:49:13Z,750012,18330076,16,1063
2026-07-24T04:49:13Z,750011,18330077,2,374
2026-07-24T04:49:13Z,260012,18330078,21,-152
2026-07-24T04:49:13Z,230031,18330079,47,-545
2026-07-24T04:49:13Z,230031,18330080,23,-252
2026-07-24T04:49:13Z,260011,18330081,18,-409
2026-07-24T04:49:13Z,380021,18330083,22,618
2026-07-24T04:49:13Z,780012,18330084,12,684
2026-07-24T04:49:13Z,780011,18330085,2,310
2026-07-24T04:49:13Z,150012,18330086,21,12
2026-07-24T04:49:13Z,150011,18330087,25,-4
2026-07-24T04:49:13Z,110012,18330090,38,6
2026-07-24T04:49:13Z,110011,18330091,17,-89
2026-07-24T04:49:13Z,170022,18330092,22,16
2026-07-24T04:49:13Z,170021,18330093,20,-548
2026-07-24T04:49:13Z,290021,18330094,16,187
2026-07-24T04:49:13Z,290022,18330095,18,313
2026-07-24T04:49:13Z,610012,18330096,17,2279
2026-07-24T04:49:13Z,540012,18330100,16,359
2026-07-24T04:49:13Z,540011,18330101,16,64
2026-07-24T04:49:13Z,310031,18330106,32,-291
2026-07-24T04:49:13Z,310031,18330107,24,-411
2026-07-24T04:49:13Z,5020011,18330115,48,-1111
2026-07-24T04:49:13Z,5020012,18330116,9,101
2026-07-24T04:49:13Z,590012,18330117,5,1144
2026-07-24T04:49:13Z,590011,18330118,7,1874
2026-07-24T04:49:13Z,420021,18330119,52,-1251
2026-07-24T04:49:13Z,410012,18330121,36,-550
2026-07-24T04:49:13Z,410011,18330122,13,-190
2026-07-24T04:49:13Z,440012,18330124,36,-471
2026-07-24T04:49:13Z,440011,18330125,1,132
2026-07-24T04:49:13Z,330011,18330126,25,-530
2026-07-24T04:49:13Z,1010011,18330127,27,596
2026-07-24T04:49:13Z,1010012,18330128,5,353
2026-07-24T04:49:13Z,120012,18330129,34,317
2026-07-24T04:49:13Z,120011,18330130,0,-1183
2026-07-24T04:49:13Z,120011,18330134,35,-816
2026-07-24T04:49:13Z,120012,18330135,2,79
2026-07-24T04:49:13Z,5010011,18330137,21,-473
2026-07-24T04:49:13Z,160011,18330139,6,240
2026-07-24T04:49:13Z,160012,18330140,7,88
2026-07-24T04:49:13Z,420022,18330143,49,-850
2026-07-24T04:49:13Z,460011,18330144,35,-335
2026-07-24T04:49:13Z,460012,18330145,18,-72
2026-07-24T04:49:13Z,190012,18330146,18,-139
2026-07-24T04:49:13Z,190011,18330147,18,-494
2026-07-24T04:49:13Z,260011,18330150,18,-646
2026-07-24T04:49:13Z,280012,18330153,18,-404
2026-07-24T04:49:13Z,280011,18330154,20,-139
2026-07-24T04:49:13Z,260012,18330155,21,-332
2026-07-24T04:49:13Z,600012,18330158,14,600
2026-07-24T04:49:13Z,600011,18330159,13,881
2026-07-24T04:49:13Z,110012,18330164,38,50
2026-07-24T04:49:13Z,720011,18330168,4,84
2026-07-24T04:49:13Z,420021,18330171,51,-1262
2026-07-24T04:49:13Z,330012,18330173,24,253
2026-07-24T04:49:13Z,330011,18330174,4,-112
2026-07-24T04:49:13Z,5040011,18330176,12,-432
2026-07-24T04:49:13Z,5040012,18330177,16,-105
2026-07-24T04:49:13Z,5040011,18330178,2,-57
2026-07-24T04:49:13Z,440012,18330181,36,-429
2026-07-24T04:49:13Z,130012,18330183,15,-546
2026-07-24T04:49:13Z,130011,18330184,15,-691
2026-07-24T04:49:13Z,120012,18330185,30,137
2026-07-24T04:49:13Z,320012,18330187,15,53
2026-07-24T04:49:13Z,320011,18330188,2,-48
2026-07-24T04:49:13Z,360012,18330189,15,-28
2026-07-24T04:49:13Z,5020011,18330191,14,411
2026-07-24T04:49:13Z,860012,18330197,2,670
2026-07-24T04:49:13Z,260012,18330199,12,36
2026-07-24T04:49:13Z,380022,18330201,13,291
2026-07-24T04:49:13Z,470011,18330207,15,-10
2026-07-24T04:49:13Z,150012,18330211,21,-146
2026-07-24T04:49:13Z,170022,18330213,17,-73
2026-07-24T04:49:13Z,290021,18330217,11,209
2026-07-24T04:49:13Z,420021,18330223,12,-303
2026-07-24T04:49:13Z,5010012,18330225,8,-48
2026-07-24T04:49:13Z,650012,18330226,5,-30
2026-07-24T04:49:13Z,1680012,18330228,4,6
2026-07-24T04:49:13Z,1010011,18330230,4,40
2026-07-24T04:49:13Z,730011,18330236,2,37
2026-07-24T04:49:13Z,130012,18330243,2,19
2026-07-24T04:59:38Z,4050011,18329396,64,-153
2026-07-24T04:59:38Z,740012,18329406,19,-56
2026-07-24T04:59:38Z,520022,18329420,10,-155
2026-07-24T04:59:38Z,520021,18329421,8,-444
2026-07-24T04:59:38Z,840012,18329440,9,-11
2026-07-24T04:59:38Z,840011,18329441,10,130
2026-07-24T04:59:38Z,4050012,18329475,71,764
2026-07-24T04:59:38Z,730012,18329486,12,285
2026-07-24T04:59:38Z,7000012,18329488,48,1534
2026-07-24T04:59:38Z,5020011,18329502,48,266
2026-07-24T04:59:38Z,5020012,18329503,47,34
2026-07-24T04:59:38Z,630032,18329506,11,-367
2026-07-24T04:59:38Z,5030012,18329511,40,-157
2026-07-24T04:59:38Z,4000012,18329518,56,1448
2026-07-24T04:59:38Z,4000011,18329519,36,718
2026-07-24T04:59:38Z,690022,18329544,3,11
2026-07-24T04:59:38Z,690021,18329545,8,-75
2026-07-24T04:59:38Z,690022,18329546,3,-90
2026-07-24T04:59:38Z,5030011,18329554,40,-94
2026-07-24T04:59:38Z,5030012,18329555,29,385
2026-07-24T04:59:38Z,5040012,18329567,16,56
2026-07-24T04:59:38Z,500012,18329573,18,343
2026-07-24T04:59:38Z,500011,18329574,18,607
2026-07-24T04:59:38Z,4050012,18329576,66,3067
2026-07-24T04:59:38Z,310031,18329590,32,210
2026-07-24T04:59:38Z,310031,18329591,32,-368
2026-07-24T04:59:38Z,720012,18329613,4,-52
2026-07-24T04:59:38Z,410011,18329616,43,-414
2026-07-24T04:59:38Z,680011,18329623,29,-263
2026-07-24T04:59:38Z,260011,18329633,18,-448
2026-07-24T04:59:38Z,5020011,18329643,48,-276
2026-07-24T04:59:38Z,5020012,18329644,41,232
2026-07-24T04:59:38Z,5030011,18329647,40,-382
2026-07-24T04:59:38Z,5030012,18329648,13,171
2026-07-24T04:59:38Z,5050012,18329654,16,2089
2026-07-24T04:59:38Z,4000011,18329657,54,-310
2026-07-24T04:59:38Z,470012,18329672,18,212
2026-07-24T04:59:38Z,220021,18329683,33,-554
2026-07-24T04:59:38Z,5030011,18329686,21,-582
2026-07-24T04:59:38Z,440011,18329701,30,513
2026-07-24T04:59:38Z,5020011,18329705,48,-1182
2026-07-24T04:59:38Z,4050012,18329718,54,1972
2026-07-24T04:59:38Z,5010011,18329726,21,-623
2026-07-24T04:59:38Z,9010021,18329732,20,179
2026-07-24T04:59:38Z,9010021,18329733,20,69
2026-07-24T04:59:38Z,9010021,18329734,14,38
2026-07-24T04:59:38Z,360011,18329743,17,-96
2026-07-24T04:59:38Z,360022,18329749,22,81
2026-07-24T04:59:38Z,360021,18329750,24,-199
2026-07-24T04:59:38Z,360022,18329751,11,16
2026-07-24T04:59:38Z,5030011,18329759,36,-670
2026-07-24T04:59:38Z,820012,18329764,2,1800
2026-07-24T04:59:38Z,460011,18329769,35,775
2026-07-24T04:59:38Z,460012,18329770,35,378
2026-07-24T04:59:38Z,240012,18329777,17,127
2026-07-24T04:59:38Z,240011,18329778,18,7
2026-07-24T04:59:38Z,230031,18329781,47,-500
2026-07-24T04:59:38Z,430012,18329792,25,-187
2026-07-24T04:59:38Z,5020011,18329799,27,-911
2026-07-24T04:59:38Z,7010011,18329803,18,1197
2026-07-24T04:59:38Z,560012,18329813,17,407
2026-07-24T04:59:38Z,560011,18329814,18,2220
2026-07-24T04:59:38Z,5030012,18329818,40,721
2026-07-24T04:59:38Z,5030011,18329819,40,-54
2026-07-24T04:59:38Z,5050011,18329827,16,-114
2026-07-24T04:59:38Z,5050012,18329828,11,-840
2026-07-24T04:59:38Z,4000012,18329834,56,1300
2026-07-24T04:59:38Z,270011,18329840,8,157
2026-07-24T04:59:38Z,270012,18329841,14,238
2026-07-24T04:59:38Z,410011,18329855,43,-414
2026-07-24T04:59:38Z,410012,18329856,8,428
2026-07-24T04:59:38Z,480011,18329861,15,719
2026-07-24T04:59:38Z,220021,18329872,33,-1341
2026-07-24T04:59:38Z,530012,18329876,17,52
2026-07-24T04:59:38Z,530011,18329877,20,644
2026-07-24T04:59:38Z,5040012,18329888,10,199
2026-07-24T04:59:38Z,440011,18329892,30,822
2026-07-24T04:59:38Z,510011,18329896,14,181
2026-07-24T04:59:38Z,510012,18329897,11,-118
2026-07-24T04:59:38Z,510011,18329898,13,-22
2026-07-24T04:59:38Z,4050012,18329902,44,1762
2026-07-24T04:59:38Z,850011,18329906,17,386
2026-07-24T04:59:38Z,850012,18329907,0,-2314
2026-07-24T04:59:38Z,130011,18329919,14,-477
2026-07-24T04:59:38Z,5020012,18329923,47,419
2026-07-24T04:59:38Z,5030012,18329927,40,492
2026-07-24T04:59:38Z,380022,18329938,21,671
2026-07-24T04:59:38Z,380021,18329939,17,476
2026-07-24T04:59:38Z,5050011,18329942,16,-82
2026-07-24T04:59:38Z,5050012,18329943,10,-529
2026-07-24T04:59:38Z,4000012,18329953,36,725
2026-07-24T04:59:38Z,5010012,18329956,21,-102
2026-07-24T04:59:38Z,110011,18329958,37,318
2026-07-24T04:59:38Z,640031,18329969,30,371
2026-07-24T04:59:38Z,810021,18329971,18,658
2026-07-24T04:59:38Z,810022,18329972,6,578
2026-07-24T04:59:38Z,5020012,18329981,47,256
2026-07-24T04:59:38Z,5030012,18329983,40,451
2026-07-24T04:59:38Z,410012,18329991,36,302
2026-07-24T04:59:38Z,440012,18329993,36,361
2026-07-24T04:59:38Z,1010022,18329998,27,1382
2026-07-24T04:59:38Z,4050011,18329999,70,261
2026-07-24T04:59:38Z,4050012,18330000,21,1315
2026-07-24T04:59:38Z,120011,18330006,35,-225
2026-07-24T04:59:38Z,460012,18330011,35,74
2026-07-24T04:59:38Z,650011,18330015,17,-76
2026-07-24T04:59:38Z,4000011,18330020,54,-214
2026-07-24T04:59:38Z,4000012,18330021,18,806
2026-07-24T04:59:38Z,410012,18330028,36,129
2026-07-24T04:59:38Z,410011,18330032,43,-478
2026-07-24T04:59:38Z,840021,18330038,12,223
2026-07-24T04:59:38Z,420021,18330039,52,-692
2026-07-24T04:59:38Z,420022,18330040,39,-243
2026-07-24T04:59:38Z,5040011,18330042,12,-418
2026-07-24T04:59:38Z,440011,18330043,30,646
2026-07-24T04:59:38Z,440012,18330044,19,-121
2026-07-24T04:59:38Z,320011,18330055,16,256
2026-07-24T04:59:38Z,5010012,18330066,21,-375
2026-07-24T04:59:38Z,5010011,18330067,17,-376
2026-07-24T04:59:38Z,420022,18330069,49,-488
2026-07-24T04:59:38Z,410011,18330070,43,-248
2026-07-24T04:59:38Z,410012,18330071,30,478
2026-07-24T04:59:38Z,630032,18330074,20,195
2026-07-24T04:59:38Z,630031,18330075,25,91
2026-07-24T04:59:38Z,750012,18330076,16,379
2026-07-24T04:59:38Z,750011,18330077,2,211
2026-07-24T04:59:38Z,260012,18330078,21,-18
2026-07-24T04:59:38Z,230031,18330079,47,-372
2026-07-24T04:59:38Z,230031,18330080,32,-346
2026-07-24T04:59:38Z,380021,18330083,22,580
2026-07-24T04:59:38Z,780012,18330084,12,3
2026-07-24T04:59:38Z,780011,18330085,4,1744
2026-07-24T04:59:38Z,150011,18330087,25,-92
2026-07-24T04:59:38Z,110012,18330090,38,51
2026-07-24T04:59:38Z,110011,18330091,29,-111
2026-07-24T04:59:38Z,170021,18330093,20,-528
2026-07-24T04:59:38Z,290021,18330094,16,155
2026-07-24T04:59:38Z,290022,18330095,18,318
2026-07-24T04:59:38Z,540011,18330101,16,64
2026-07-24T04:59:38Z,310031,18330106,32,-172
2026-07-24T04:59:38Z,310031,18330107,32,-487
2026-07-24T04:59:38Z,5020011,18330115,48,-884
2026-07-24T04:59:38Z,5020012,18330116,19,173
2026-07-24T04:59:38Z,590012,18330117,5,251
2026-07-24T04:59:38Z,590011,18330118,7,1090
2026-07-24T04:59:38Z,420021,18330119,52,-1050
2026-07-24T04:59:38Z,420022,18330120,9,-242
2026-07-24T04:59:38Z,410012,18330121,36,-466
2026-07-24T04:59:38Z,410011,18330122,22,-125
2026-07-24T04:59:38Z,440012,18330124,36,-490
2026-07-24T04:59:38Z,440011,18330125,8,117
2026-07-24T04:59:38Z,330011,18330126,25,-443
2026-07-24T04:59:38Z,1010011,18330127,27,760
2026-07-24T04:59:38Z,1010012,18330128,13,524
2026-07-24T04:59:38Z,120012,18330129,34,164
2026-07-24T04:59:38Z,120011,18330130,8,250
2026-07-24T04:59:38Z,130011,18330132,15,-376
2026-07-24T04:59:38Z,120011,18330134,35,-451
2026-07-24T04:59:38Z,120012,18330135,13,212
2026-07-24T04:59:38Z,5010011,18330137,21,-199
2026-07-24T04:59:38Z,160011,18330139,6,191
2026-07-24T04:59:38Z,160012,18330140,7,117
2026-07-24T04:59:38Z,160011,18330141,6,182
2026-07-24T04:59:38Z,420022,18330143,49,-608
2026-07-24T04:59:38Z,460011,18330144,35,131
2026-07-24T04:59:38Z,460012,18330145,30,-115
2026-07-24T04:59:38Z,190012,18330146,18,-7
2026-07-24T04:59:38Z,190011,18330147,18,-482
2026-07-24T04:59:38Z,190012,18330148,2,19
2026-07-24T04:59:38Z,260011,18330150,18,-645
2026-07-24T04:59:38Z,280012,18330153,18,-373
2026-07-24T04:59:38Z,280011,18330154,21,-171
2026-07-24T04:59:38Z,260012,18330155,21,-349
2026-07-24T04:59:38Z,600012,18330158,14,520
2026-07-24T04:59:38Z,600011,18330159,15,902
2026-07-24T04:59:38Z,600012,18330160,0,782
2026-07-24T04:59:38Z,110012,18330164,38,22
2026-07-24T04:59:38Z,720011,18330168,4,83
2026-07-24T04:59:38Z,420021,18330171,52,-1257
2026-07-24T04:59:38Z,330012,18330173,24,620
2026-07-24T04:59:38Z,330011,18330174,10,197
2026-07-24T04:59:38Z,5040011,18330176,12,-444
2026-07-24T04:59:38Z,5040012,18330177,16,-53
2026-07-24T04:59:38Z,5040011,18330178,9,-423
2026-07-24T04:59:38Z,440012,18330181,36,-446
2026-07-24T04:59:38Z,130012,18330183,15,-533
2026-07-24T04:59:38Z,130011,18330184,15,-660
2026-07-24T04:59:38Z,120012,18330185,34,78
2026-07-24T04:59:38Z,320012,18330187,15,54
2026-07-24T04:59:38Z,320011,18330188,11,55
2026-07-24T04:59:38Z,360012,18330189,15,-25
2026-07-24T04:59:38Z,360011,18330190,10,-82
2026-07-24T04:59:38Z,5020011,18330191,29,138
2026-07-24T04:59:38Z,860012,18330197,4,847
2026-07-24T04:59:38Z,860011,18330198,0,-53
2026-07-24T04:59:38Z,260012,18330199,21,-289
2026-07-24T04:59:38Z,380022,18330201,17,600
2026-07-24T04:59:38Z,5050011,18330205,6,1329
2026-07-24T04:59:38Z,470011,18330207,19,1
2026-07-24T04:59:38Z,150012,18330211,21,-131
2026-07-24T04:59:38Z,170022,18330213,22,-81
2026-07-24T04:59:38Z,110012,18330215,24,-11
2026-07-24T04:59:38Z,290021,18330217,16,173
2026-07-24T04:59:38Z,420021,18330223,20,-183
2026-07-24T04:59:38Z,650012,18330226,12,-39
2026-07-24T04:59:38Z,1680012,18330228,8,157
2026-07-24T04:59:38Z,1010011,18330230,10,-38
2026-07-24T04:59:38Z,730011,18330236,12,-151
2026-07-24T04:59:38Z,130012,18330243,11,-363
2026-07-24T04:59:38Z,160011,18330245,4,185
2026-07-24T04:59:38Z,460011,18330247,10,-105
2026-07-24T04:59:38Z,670012,18330249,6,-2
2026-07-24T04:59:38Z,680021,18330251,2,67
2026-07-24T05:10:04Z,4050011,18329396,70,186
2026-07-24T05:10:04Z,740011,18329407,11,-158
2026-07-24T05:10:04Z,520022,18329420,10,-22
2026-07-24T05:10:04Z,520021,18329421,16,-771
2026-07-24T05:10:04Z,840011,18329441,10,-59
2026-07-24T05:10:04Z,7000012,18329488,57,1565
2026-07-24T05:10:04Z,5020012,18329503,47,487
2026-07-24T05:10:04Z,630032,18329506,17,-186
2026-07-24T05:10:04Z,5030012,18329511,40,83
2026-07-24T05:10:04Z,4000012,18329518,56,1021
2026-07-24T05:10:04Z,4000011,18329519,51,445
2026-07-24T05:10:04Z,250011,18329525,9,50
2026-07-24T05:10:04Z,690021,18329545,8,-28
2026-07-24T05:10:04Z,690022,18329546,3,-82
2026-07-24T05:10:04Z,690021,18329547,8,-75
2026-07-24T05:10:04Z,5030011,18329554,40,-26
2026-07-24T05:10:04Z,5030012,18329555,35,332
2026-07-24T05:10:04Z,5040012,18329567,16,66
2026-07-24T05:10:04Z,500012,18329573,18,-315
2026-07-24T05:10:04Z,500011,18329574,23,585
2026-07-24T05:10:04Z,4050012,18329576,71,2267
2026-07-24T05:10:04Z,4050041,18329577,19,2271
2026-07-24T05:10:04Z,310031,18329591,32,-266
2026-07-24T05:10:04Z,310031,18329592,13,-98
2026-07-24T05:10:04Z,720012,18329613,4,-52
2026-07-24T05:10:04Z,410011,18329616,43,-394
2026-07-24T05:10:04Z,410012,18329617,0,-394
2026-07-24T05:10:04Z,680011,18329623,29,-306
2026-07-24T05:10:04Z,240012,18329629,8,216
2026-07-24T05:10:04Z,260011,18329633,18,-451
2026-07-24T05:10:04Z,5020011,18329643,48,-97
2026-07-24T05:10:04Z,5020012,18329644,45,107
2026-07-24T05:10:04Z,5030011,18329647,40,-272
2026-07-24T05:10:04Z,5030012,18329648,22,236
2026-07-24T05:10:04Z,5050012,18329654,16,1097
2026-07-24T05:10:04Z,4000011,18329657,54,-190
2026-07-24T05:10:04Z,4000012,18329658,3,351
2026-07-24T05:10:04Z,470012,18329672,18,81
2026-07-24T05:10:04Z,220021,18329683,33,-474
2026-07-24T05:10:04Z,5030011,18329686,30,-592
2026-07-24T05:10:04Z,440011,18329701,30,110
2026-07-24T05:10:04Z,5020011,18329705,48,-1010
2026-07-24T05:10:04Z,5020012,18329706,10,154
2026-07-24T05:10:04Z,4050012,18329718,64,1821
2026-07-24T05:10:04Z,5010011,18329726,21,-586
2026-07-24T05:10:04Z,9010021,18329733,20,65
2026-07-24T05:10:04Z,9010021,18329734,19,118
2026-07-24T05:10:04Z,360011,18329743,17,111
2026-07-24T05:10:04Z,360022,18329749,22,183
2026-07-24T05:10:04Z,360021,18329750,24,-196
2026-07-24T05:10:04Z,360022,18329751,21,33
2026-07-24T05:10:04Z,5030011,18329759,40,-605
2026-07-24T05:10:04Z,820012,18329764,4,2205
2026-07-24T05:10:04Z,460012,18329770,35,-72
2026-07-24T05:10:04Z,240012,18329777,17,465
2026-07-24T05:10:04Z,240011,18329778,18,15
2026-07-24T05:10:04Z,230031,18329781,47,-297
2026-07-24T05:10:04Z,260012,18329789,5,76
2026-07-24T05:10:04Z,5020011,18329799,38,-1005
2026-07-24T05:10:04Z,7010011,18329803,18,1276
2026-07-24T05:10:04Z,560011,18329814,18,2220
2026-07-24T05:10:04Z,5030012,18329818,40,723
2026-07-24T05:10:04Z,5030011,18329819,40,-62
2026-07-24T05:10:04Z,5030012,18329820,7,240
2026-07-24T05:10:04Z,5050012,18329828,11,-850
2026-07-24T05:10:04Z,4000012,18329834,56,1017
2026-07-24T05:10:04Z,4000021,18329835,12,164
2026-07-24T05:10:04Z,270011,18329840,8,286
2026-07-24T05:10:04Z,270012,18329841,14,237
2026-07-24T05:10:04Z,410011,18329855,43,-258
2026-07-24T05:10:04Z,410012,18329856,21,427
2026-07-24T05:10:04Z,480011,18329861,15,1098
2026-07-24T05:10:04Z,220021,18329872,33,-886
2026-07-24T05:10:04Z,220021,18329873,4,67
2026-07-24T05:10:04Z,530011,18329877,20,407
2026-07-24T05:10:04Z,5040012,18329888,16,-68
2026-07-24T05:10:04Z,440011,18329892,30,1054
2026-07-24T05:10:04Z,510011,18329896,14,138
2026-07-24T05:10:04Z,510012,18329897,11,-118
2026-07-24T05:10:04Z,510011,18329898,14,132
2026-07-24T05:10:04Z,4050012,18329902,51,1644
2026-07-24T05:10:04Z,850011,18329906,17,180
2026-07-24T05:10:04Z,850012,18329907,2,225
2026-07-24T05:10:04Z,130011,18329919,15,-546
2026-07-24T05:10:04Z,5020012,18329923,47,369
2026-07-24T05:10:04Z,5020011,18329924,8,-414
2026-07-24T05:10:04Z,5030012,18329927,40,504
2026-07-24T05:10:04Z,380021,18329939,21,677
2026-07-24T05:10:04Z,5050011,18329942,16,44
2026-07-24T05:10:04Z,5050012,18329943,11,-740
2026-07-24T05:10:04Z,4000012,18329953,49,599
2026-07-24T05:10:04Z,5010012,18329956,21,60
2026-07-24T05:10:04Z,110011,18329958,37,318
2026-07-24T05:10:04Z,640031,18329969,30,-34
2026-07-24T05:10:04Z,810021,18329971,18,264
2026-07-24T05:10:04Z,810022,18329972,6,578
2026-07-24T05:10:04Z,5020012,18329981,47,293
2026-07-24T05:10:04Z,5030012,18329983,40,531
2026-07-24T05:10:04Z,1010022,18329998,27,858
2026-07-24T05:10:04Z,4050011,18329999,70,503
2026-07-24T05:10:04Z,4050012,18330000,26,1541
2026-07-24T05:10:04Z,120011,18330006,35,-667
2026-07-24T05:10:04Z,460012,18330011,35,273
2026-07-24T05:10:04Z,650011,18330015,17,-73
2026-07-24T05:10:04Z,4000011,18330020,54,24
2026-07-24T05:10:04Z,4000012,18330021,20,558
2026-07-24T05:10:04Z,410012,18330028,36,-420
2026-07-24T05:10:04Z,410011,18330032,43,-335
2026-07-24T05:10:04Z,110011,18330036,37,159
2026-07-24T05:10:04Z,420022,18330040,49,-562
2026-07-24T05:10:04Z,5040011,18330042,12,-210
2026-07-24T05:10:04Z,440011,18330043,30,1231
2026-07-24T05:10:04Z,440012,18330044,27,-95
2026-07-24T05:10:04Z,5010012,18330066,21,-375
2026-07-24T05:10:04Z,5010011,18330067,21,-406
2026-07-24T05:10:04Z,420022,18330069,49,-479
2026-07-24T05:10:04Z,410012,18330071,36,169
2026-07-24T05:10:04Z,630032,18330074,20,189
2026-07-24T05:10:04Z,630031,18330075,25,79
2026-07-24T05:10:04Z,750012,18330076,16,-43
2026-07-24T05:10:04Z,750011,18330077,3,1294
2026-07-24T05:10:04Z,230031,18330079,47,-269
2026-07-24T05:10:04Z,230031,18330080,45,-500
2026-07-24T05:10:04Z,380021,18330083,22,736
2026-07-24T05:10:04Z,780011,18330085,10,1872
2026-07-24T05:10:04Z,150011,18330087,25,-51
2026-07-24T05:10:04Z,110012,18330090,38,79
2026-07-24T05:10:04Z,110011,18330091,37,-159
2026-07-24T05:10:04Z,170021,18330093,20,-292
2026-07-24T05:10:04Z,290022,18330095,18,157
2026-07-24T05:10:04Z,610012,18330096,22,930
2026-07-24T05:10:04Z,610011,18330097,18,115
2026-07-24T05:10:04Z,540011,18330101,16,71
2026-07-24T05:10:04Z,540012,18330102,9,-193
2026-07-24T05:10:04Z,310031,18330106,32,15
2026-07-24T05:10:04Z,310031,18330107,32,-499
2026-07-24T05:10:04Z,5020011,18330115,48,-695
2026-07-24T05:10:04Z,5020012,18330116,30,253
2026-07-24T05:10:04Z,590011,18330118,7,235
2026-07-24T05:10:04Z,420021,18330119,52,-739
2026-07-24T05:10:04Z,420022,18330120,20,-396
2026-07-24T05:10:04Z,410012,18330121,36,-395
2026-07-24T05:10:04Z,410011,18330122,38,-273
2026-07-24T05:10:04Z,440012,18330124,36,-358
2026-07-24T05:10:04Z,440011,18330125,18,311
2026-07-24T05:10:04Z,330011,18330126,25,-303
2026-07-24T05:10:04Z,1010011,18330127,27,680
2026-07-24T05:10:04Z,1010012,18330128,19,753
2026-07-24T05:10:04Z,120012,18330129,34,225
2026-07-24T05:10:04Z,120011,18330130,20,68
2026-07-24T05:10:04Z,130011,18330132,15,-422
2026-07-24T05:10:04Z,120011,18330134,35,-285
2026-07-24T05:10:04Z,120012,18330135,23,286
2026-07-24T05:10:04Z,5010011,18330137,21,2
2026-07-24T05:10:04Z,160012,18330140,7,-36
2026-07-24T05:10:04Z,160011,18330141,6,95
2026-07-24T05:10:04Z,160012,18330142,7,152
2026-07-24T05:10:04Z,420022,18330143,49,-533
2026-07-24T05:10:04Z,460011,18330144,35,139
2026-07-24T05:10:04Z,460012,18330145,35,-157
2026-07-24T05:10:04Z,190012,18330146,18,169
2026-07-24T05:10:04Z,190011,18330147,18,-473
2026-07-24T05:10:04Z,190012,18330148,11,48
2026-07-24T05:10:04Z,260011,18330150,18,-491
2026-07-24T05:10:04Z,280012,18330153,18,-221
2026-07-24T05:10:04Z,280011,18330154,21,-168
2026-07-24T05:10:04Z,260012,18330155,21,-202
2026-07-24T05:10:04Z,600012,18330158,14,403
2026-07-24T05:10:04Z,600011,18330159,15,785
2026-07-24T05:10:04Z,600012,18330160,4,1088
2026-07-24T05:10:04Z,110012,18330164,38,293
2026-07-24T05:10:04Z,110011,18330165,11,-122
2026-07-24T05:10:04Z,720011,18330168,4,361
2026-07-24T05:10:04Z,420021,18330171,52,-1175
2026-07-24T05:10:04Z,330012,18330173,24,518
2026-07-24T05:10:04Z,330011,18330174,21,-74
2026-07-24T05:10:04Z,5040011,18330176,12,-435
2026-07-24T05:10:04Z,5040012,18330177,16,-68
2026-07-24T05:10:04Z,5040011,18330178,12,-435
2026-07-24T05:10:04Z,440012,18330181,36,-445
2026-07-24T05:10:04Z,130012,18330183,15,-516
2026-07-24T05:10:04Z,130011,18330184,15,-666
2026-07-24T05:10:04Z,120012,18330185,34,72
2026-07-24T05:10:04Z,320012,18330187,15,60
2026-07-24T05:10:04Z,320011,18330188,16,-64
2026-07-24T05:10:04Z,360012,18330189,15,-37
2026-07-24T05:10:04Z,360011,18330190,17,-215
2026-07-24T05:10:04Z,5020011,18330191,48,-450
2026-07-24T05:10:04Z,860012,18330197,4,878
2026-07-24T05:10:04Z,860011,18330198,2,204
2026-07-24T05:10:04Z,260012,18330199,21,-299
2026-07-24T05:10:04Z,380022,18330201,19,955
2026-07-24T05:10:04Z,5050011,18330205,15,249
2026-07-24T05:10:04Z,470011,18330207,19,-13
2026-07-24T05:10:04Z,470012,18330208,5,203
2026-07-24T05:10:04Z,150012,18330211,21,-133
2026-07-24T05:10:04Z,150011,18330212,11,-2
2026-07-24T05:10:04Z,170022,18330213,22,-86
2026-07-24T05:10:04Z,170021,18330214,12,66
2026-07-24T05:10:04Z,110012,18330215,33,20
2026-07-24T05:10:04Z,290021,18330217,16,157
2026-07-24T05:10:04Z,290022,18330218,3,114
2026-07-24T05:10:04Z,420021,18330223,41,-696
2026-07-24T05:10:04Z,5010012,18330225,21,-315
2026-07-24T05:10:04Z,650012,18330226,13,-164
2026-07-24T05:10:04Z,1680012,18330228,9,200
2026-07-24T05:10:04Z,1010011,18330230,18,192
2026-07-24T05:10:04Z,730011,18330236,12,-126
2026-07-24T05:10:04Z,730012,18330237,7,-57
2026-07-24T05:10:04Z,130012,18330243,15,-456
2026-07-24T05:10:04Z,160011,18330245,6,95
2026-07-24T05:10:04Z,160012,18330246,1,28
2026-07-24T05:10:04Z,460011,18330247,21,-64
2026-07-24T05:10:04Z,670012,18330249,12,-99
2026-07-24T05:10:04Z,670011,18330250,6,-9
2026-07-24T05:10:04Z,680021,18330251,6,189
2026-07-24T05:10:04Z,280012,18330257,6,-47
2026-07-24T05:10:04Z,5030011,18330261,10,-345
2026-07-24T05:10:04Z,710012,18330265,6,-20
2026-07-24T05:10:04Z,410011,18330269,13,-167
2026-07-24T05:10:04Z,110012,18330271,6,75
2026-07-24T05:20:29Z,4050011,18329396,70,254
2026-07-24T05:20:29Z,4050012,18329397,1,281
2026-07-24T05:20:29Z,740011,18329407,19,-199
2026-07-24T05:20:29Z,520022,18329420,10,72
2026-07-24T05:20:29Z,520021,18329421,16,-768
2026-07-24T05:20:29Z,4050041,18329476,7,164
2026-07-24T05:20:29Z,7000012,18329488,60,1865
2026-07-24T05:20:29Z,5020012,18329503,47,583
2026-07-24T05:20:29Z,630032,18329506,20,-126
2026-07-24T05:20:29Z,5030012,18329511,40,183
2026-07-24T05:20:29Z,4000011,18329519,54,653
2026-07-24T05:20:29Z,250011,18329525,13,-47
2026-07-24T05:20:29Z,690022,18329546,3,-82
2026-07-24T05:20:29Z,690021,18329547,8,-95
2026-07-24T05:20:29Z,5030012,18329555,40,75
2026-07-24T05:20:29Z,500012,18329573,18,308
2026-07-24T05:20:29Z,500011,18329574,23,699
2026-07-24T05:20:29Z,4050012,18329576,71,899
2026-07-24T05:20:29Z,4050041,18329577,50,883
2026-07-24T05:20:29Z,310031,18329591,32,-91
2026-07-24T05:20:29Z,310031,18329592,25,-353
2026-07-24T05:20:29Z,720012,18329613,4,-52
2026-07-24T05:20:29Z,410011,18329616,43,-409
2026-07-24T05:20:29Z,410012,18329617,9,462
2026-07-24T05:20:29Z,680011,18329623,29,-305
2026-07-24T05:20:29Z,240012,18329629,17,237
2026-07-24T05:20:29Z,260011,18329633,18,-449
2026-07-24T05:20:29Z,5020012,18329644,47,-8
2026-07-24T05:20:29Z,5030011,18329647,40,-260
2026-07-24T05:20:29Z,5030012,18329648,31,214
2026-07-24T05:20:29Z,5050012,18329654,16,293
2026-07-24T05:20:29Z,4000011,18329657,54,-38
2026-07-24T05:20:29Z,4000012,18329658,14,628
2026-07-24T05:20:29Z,470012,18329672,18,161
2026-07-24T05:20:29Z,220021,18329683,33,-353
2026-07-24T05:20:29Z,5030011,18329686,37,-592
2026-07-24T05:20:29Z,440011,18329701,30,514
2026-07-24T05:20:29Z,5020011,18329705,48,-842
2026-07-24T05:20:29Z,5020012,18329706,19,162
2026-07-24T05:20:29Z,4050012,18329718,71,1855
2026-07-24T05:20:29Z,5010011,18329726,21,-535
2026-07-24T05:20:29Z,9010021,18329733,20,36
2026-07-24T05:20:29Z,9010021,18329734,20,49
2026-07-24T05:20:29Z,9010021,18329735,6,74
2026-07-24T05:20:29Z,360021,18329750,24,-197
2026-07-24T05:20:29Z,360022,18329751,22,-15
2026-07-24T05:20:29Z,5030011,18329759,40,-605
2026-07-24T05:20:29Z,820012,18329764,5,2112
2026-07-24T05:20:29Z,460012,18329770,35,47
2026-07-24T05:20:29Z,240012,18329777,17,448
2026-07-24T05:20:29Z,240011,18329778,18,17
2026-07-24T05:20:29Z,230031,18329781,47,-242
2026-07-24T05:20:29Z,260012,18329789,13,12
2026-07-24T05:20:29Z,5020011,18329799,48,-981
2026-07-24T05:20:29Z,7010011,18329803,20,1662
2026-07-24T05:20:29Z,7010012,18329804,1,986
2026-07-24T05:20:29Z,560011,18329814,21,2358
2026-07-24T05:20:29Z,560012,18329815,1,2052
2026-07-24T05:20:29Z,5030011,18329819,40,312
2026-07-24T05:20:29Z,5030012,18329820,15,194
2026-07-24T05:20:29Z,5050012,18329828,16,1245
2026-07-24T05:20:29Z,4000012,18329834,56,846
2026-07-24T05:20:29Z,4000021,18329835,25,329
2026-07-24T05:20:29Z,270011,18329840,8,173
2026-07-24T05:20:29Z,270012,18329841,14,239
2026-07-24T05:20:29Z,410011,18329855,43,-192
2026-07-24T05:20:29Z,410012,18329856,31,509
2026-07-24T05:20:29Z,480011,18329861,15,1168
2026-07-24T05:20:29Z,480012,18329862,5,-32
2026-07-24T05:20:29Z,220021,18329872,33,-801
2026-07-24T05:20:29Z,220021,18329873,13,-65
2026-07-24T05:20:29Z,530011,18329877,20,123
2026-07-24T05:20:29Z,5040012,18329888,16,-91
2026-07-24T05:20:29Z,440011,18329892,30,987
2026-07-24T05:20:29Z,510012,18329897,11,-118
2026-07-24T05:20:29Z,510011,18329898,14,125
2026-07-24T05:20:29Z,4050012,18329902,54,1753
2026-07-24T05:20:29Z,850012,18329907,5,455
2026-07-24T05:20:29Z,130011,18329919,15,-544
2026-07-24T05:20:29Z,5020011,18329924,27,-832
2026-07-24T05:20:29Z,5030012,18329927,40,605
2026-07-24T05:20:29Z,380021,18329939,22,1161
2026-07-24T05:20:29Z,5050011,18329942,16,-274
2026-07-24T05:20:29Z,5050012,18329943,11,-751
2026-07-24T05:20:29Z,4000012,18329953,56,720
2026-07-24T05:20:29Z,640031,18329969,30,-132
2026-07-24T05:20:29Z,810021,18329971,18,49
2026-07-24T05:20:29Z,810022,18329972,6,559
2026-07-24T05:20:29Z,5020012,18329981,47,223
2026-07-24T05:20:29Z,5030012,18329983,40,606
2026-07-24T05:20:29Z,1010022,18329998,27,581
2026-07-24T05:20:29Z,4050011,18329999,70,657
2026-07-24T05:20:29Z,4050012,18330000,31,1660
2026-07-24T05:20:29Z,120011,18330006,35,-567
2026-07-24T05:20:29Z,650011,18330015,17,100
2026-07-24T05:20:29Z,4000012,18330021,39,-119
2026-07-24T05:20:29Z,410012,18330028,36,-477
2026-07-24T05:20:29Z,410011,18330032,43,-221
2026-07-24T05:20:29Z,110011,18330036,37,79
2026-07-24T05:20:29Z,420022,18330040,49,-621
2026-07-24T05:20:29Z,440011,18330043,30,1877
2026-07-24T05:20:29Z,440012,18330044,36,-107
2026-07-24T05:20:29Z,4050011,18330048,70,-322
2026-07-24T05:20:29Z,4050012,18330049,21,1028
2026-07-24T05:20:29Z,130011,18330064,6,-284
2026-07-24T05:20:29Z,5010012,18330066,21,-260
2026-07-24T05:20:29Z,5010011,18330067,21,-386
2026-07-24T05:20:29Z,420022,18330069,49,-323
2026-07-24T05:20:29Z,410012,18330071,36,214
2026-07-24T05:20:29Z,630031,18330075,25,139
2026-07-24T05:20:29Z,750011,18330077,8,1457
2026-07-24T05:20:29Z,230031,18330079,47,-160
2026-07-24T05:20:29Z,230031,18330080,47,-494
2026-07-24T05:20:29Z,780011,18330085,12,1692
2026-07-24T05:20:29Z,150011,18330087,25,2
2026-07-24T05:20:29Z,110011,18330091,37,-168
2026-07-24T05:20:29Z,170021,18330093,20,-149
2026-07-24T05:20:29Z,290022,18330095,18,77
2026-07-24T05:20:29Z,610012,18330096,22,532
2026-07-24T05:20:29Z,610011,18330097,22,3
2026-07-24T05:20:29Z,540011,18330101,16,291
2026-07-24T05:20:29Z,540012,18330102,16,-274
2026-07-24T05:20:29Z,310031,18330107,32,-507
2026-07-24T05:20:29Z,5020011,18330115,48,-414
2026-07-24T05:20:29Z,5020012,18330116,41,175
2026-07-24T05:20:29Z,420021,18330119,52,-585
2026-07-24T05:20:29Z,420022,18330120,29,-360
2026-07-24T05:20:29Z,410012,18330121,36,-307
2026-07-24T05:20:29Z,410011,18330122,43,-412
2026-07-24T05:20:29Z,440012,18330124,36,-268
2026-07-24T05:20:29Z,440011,18330125,29,220
2026-07-24T05:20:29Z,1010011,18330127,27,492
2026-07-24T05:20:29Z,1010012,18330128,24,811
2026-07-24T05:20:29Z,120012,18330129,34,145
2026-07-24T05:20:29Z,120011,18330130,30,4
2026-07-24T05:20:29Z,120011,18330134,35,-57
2026-07-24T05:20:29Z,120012,18330135,32,351
2026-07-24T05:20:29Z,160011,18330141,6,103
2026-07-24T05:20:29Z,160012,18330142,7,100
2026-07-24T05:20:29Z,420022,18330143,49,-564
2026-07-24T05:20:29Z,460011,18330144,35,379
2026-07-24T05:20:29Z,460012,18330145,35,71
2026-07-24T05:20:29Z,260011,18330150,18,-334
2026-07-24T05:20:29Z,280012,18330153,18,-122
2026-07-24T05:20:29Z,280011,18330154,21,-168
2026-07-24T05:20:29Z,260012,18330155,21,-172
2026-07-24T05:20:29Z,600012,18330158,14,65
2026-07-24T05:20:29Z,600011,18330159,15,502
2026-07-24T05:20:29Z,600012,18330160,14,861
2026-07-24T05:20:29Z,110012,18330164,38,122
2026-07-24T05:20:29Z,110011,18330165,18,77
2026-07-24T05:20:29Z,420021,18330171,52,-1101
2026-07-24T05:20:29Z,330012,18330173,24,672
2026-07-24T05:20:29Z,330011,18330174,25,69
2026-07-24T05:20:29Z,5040011,18330176,12,-427
2026-07-24T05:20:29Z,5040012,18330177,16,-25
2026-07-24T05:20:29Z,5040011,18330178,12,-432
2026-07-24T05:20:29Z,5040012,18330179,2,95
2026-07-24T05:20:29Z,440012,18330181,36,-350
2026-07-24T05:20:29Z,440011,18330182,1,133
2026-07-24T05:20:29Z,130012,18330183,15,-506
2026-07-24T05:20:29Z,130011,18330184,15,-595
2026-07-24T05:20:29Z,120012,18330185,34,167
2026-07-24T05:20:29Z,320012,18330187,15,303
2026-07-24T05:20:29Z,320011,18330188,16,-63
2026-07-24T05:20:29Z,360012,18330189,15,-54
2026-07-24T05:20:29Z,360011,18330190,17,-216
2026-07-24T05:20:29Z,5020011,18330191,48,-700
2026-07-24T05:20:29Z,460011,18330195,35,107
2026-07-24T05:20:29Z,460012,18330196,19,-53
2026-07-24T05:20:29Z,860012,18330197,4,878
2026-07-24T05:20:29Z,860011,18330198,3,703
2026-07-24T05:20:29Z,260012,18330199,21,-317
2026-07-24T05:20:29Z,380022,18330201,21,1115
2026-07-24T05:20:29Z,5050011,18330205,16,-113
2026-07-24T05:20:29Z,5050012,18330206,2,-79
2026-07-24T05:20:29Z,470011,18330207,19,9
2026-07-24T05:20:29Z,470012,18330208,14,314
2026-07-24T05:20:29Z,150012,18330211,21,-116
2026-07-24T05:20:29Z,150011,18330212,22,-46
2026-07-24T05:20:29Z,170022,18330213,22,-59
2026-07-24T05:20:29Z,170021,18330214,17,-141
2026-07-24T05:20:29Z,110012,18330215,38,-120
2026-07-24T05:20:29Z,290021,18330217,16,159
2026-07-24T05:20:29Z,290022,18330218,9,305
2026-07-24T05:20:29Z,420021,18330223,52,-1069
2026-07-24T05:20:29Z,5010012,18330225,21,-331
2026-07-24T05:20:29Z,650012,18330226,17,-203
2026-07-24T05:20:29Z,1680012,18330228,18,399
2026-07-24T05:20:29Z,1010011,18330230,26,400
2026-07-24T05:20:29Z,730011,18330236,12,-126
2026-07-24T05:20:29Z,730012,18330237,12,-74
2026-07-24T05:20:29Z,130012,18330243,15,-474
2026-07-24T05:20:29Z,160011,18330245,6,103
2026-07-24T05:20:29Z,160012,18330246,7,100
2026-07-24T05:20:29Z,460011,18330247,34,-141
2026-07-24T05:20:29Z,670012,18330249,12,-99
2026-07-24T05:20:29Z,670011,18330250,11,-88
2026-07-24T05:20:29Z,680021,18330251,16,267
2026-07-24T05:20:29Z,280012,18330257,15,-63
2026-07-24T05:20:29Z,5030011,18330261,23,-603
2026-07-24T05:20:29Z,710012,18330265,9,-75
2026-07-24T05:20:29Z,410011,18330269,23,-18
2026-07-24T05:20:29Z,110012,18330271,18,18
2026-07-24T05:20:29Z,5010012,18330274,10,-39
2026-07-24T05:20:29Z,420021,18330275,14,-201
2026-07-24T05:20:29Z,5040011,18330277,2,-61
2026-07-24T05:20:29Z,330012,18330282,4,89
2026-07-24T05:20:29Z,440012,18330283,0,261
2026-07-24T05:20:29Z,120012,18330286,3,148
2026-07-24T05:20:29Z,5010011,18330289,6,-89
2026-07-24T05:20:29Z,320012,18330291,5,91
2026-07-24T05:20:29Z,130012,18330293,3,28
2026-07-24T05:30:53Z,4050011,18329396,70,290
2026-07-24T05:30:53Z,4050012,18329397,9,555
2026-07-24T05:30:53Z,740011,18329407,19,-199
2026-07-24T05:30:53Z,520021,18329421,16,-768
2026-07-24T05:30:53Z,760012,18329469,0,1093
2026-07-24T05:30:53Z,4050041,18329476,17,256
2026-07-24T05:30:53Z,7000012,18329488,66,1917
2026-07-24T05:30:53Z,5020012,18329503,47,602
2026-07-24T05:30:53Z,630032,18329506,20,-126
2026-07-24T05:30:53Z,5030012,18329511,40,219
2026-07-24T05:30:53Z,4000011,18329519,54,777
2026-07-24T05:30:53Z,4000012,18329520,0,-783
2026-07-24T05:30:53Z,250011,18329525,13,-67
2026-07-24T05:30:53Z,690022,18329546,3,-62
2026-07-24T05:30:53Z,690021,18329547,8,-99
2026-07-24T05:30:53Z,5030012,18329555,40,-7
2026-07-24T05:30:53Z,500012,18329573,18,452
2026-07-24T05:30:53Z,500011,18329574,23,843
2026-07-24T05:30:53Z,4050012,18329576,71,1049
2026-07-24T05:30:53Z,4050041,18329577,54,582
2026-07-24T05:30:53Z,310031,18329591,32,-5
2026-07-24T05:30:53Z,310031,18329592,32,-393
2026-07-24T05:30:53Z,410011,18329616,43,-211
2026-07-24T05:30:53Z,410012,18329617,20,506
2026-07-24T05:30:53Z,240012,18329629,17,221
2026-07-24T05:30:53Z,260011,18329633,18,-425
2026-07-24T05:30:53Z,5020012,18329644,47,44
2026-07-24T05:30:53Z,5030011,18329647,40,-59
2026-07-24T05:30:53Z,5030012,18329648,39,-137
2026-07-24T05:30:53Z,4000011,18329657,54,158
2026-07-24T05:30:53Z,4000012,18329658,19,537
2026-07-24T05:30:53Z,5030011,18329686,40,-561
2026-07-24T05:30:53Z,440011,18329701,30,731
2026-07-24T05:30:53Z,5020011,18329705,48,-649
2026-07-24T05:30:53Z,5020012,18329706,31,217
2026-07-24T05:30:53Z,4050012,18329718,71,1217
2026-07-24T05:30:53Z,5010011,18329726,21,-462
2026-07-24T05:30:53Z,9010021,18329733,20,-189
2026-07-24T05:30:53Z,9010021,18329734,20,20
2026-07-24T05:30:53Z,9010021,18329735,15,6
2026-07-24T05:30:53Z,360021,18329750,24,-56
2026-07-24T05:30:53Z,360022,18329751,22,-30
2026-07-24T05:30:53Z,360021,18329752,11,-69
2026-07-24T05:30:53Z,5030011,18329759,40,-481
2026-07-24T05:30:53Z,5030012,18329760,9,257
2026-07-24T05:30:53Z,820012,18329764,5,914
2026-07-24T05:30:53Z,460012,18329770,35,-25
2026-07-24T05:30:53Z,240011,18329778,18,25
2026-07-24T05:30:53Z,230031,18329781,47,-123
2026-07-24T05:30:53Z,260012,18329789,21,-377
2026-07-24T05:30:53Z,5020011,18329799,48,-969
2026-07-24T05:30:53Z,7010011,18329803,20,1368
2026-07-24T05:30:53Z,7010012,18329804,3,1084
2026-07-24T05:30:53Z,560011,18329814,21,1285
2026-07-24T05:30:53Z,560012,18329815,7,1291
2026-07-24T05:30:53Z,5030011,18329819,40,351
2026-07-24T05:30:53Z,5030012,18329820,24,175
2026-07-24T05:30:53Z,5050012,18329828,16,1204
2026-07-24T05:30:53Z,4000012,18329834,56,658
2026-07-24T05:30:53Z,4000021,18329835,35,339
2026-07-24T05:30:53Z,270012,18329841,14,227
2026-07-24T05:30:53Z,410011,18329855,43,-82
2026-07-24T05:30:53Z,410012,18329856,36,343
2026-07-24T05:30:53Z,480011,18329861,15,962
2026-07-24T05:30:53Z,480012,18329862,11,-28
2026-07-24T05:30:53Z,220021,18329872,33,-706
2026-07-24T05:30:53Z,220021,18329873,24,-279
2026-07-24T05:30:53Z,5040012,18329888,16,-161
2026-07-24T05:30:53Z,440011,18329892,30,939
2026-07-24T05:30:53Z,510012,18329897,11,38
2026-07-24T05:30:53Z,510011,18329898,14,127
2026-07-24T05:30:53Z,4050012,18329902,64,1281
2026-07-24T05:30:53Z,850012,18329907,11,699
2026-07-24T05:30:53Z,130011,18329919,15,-580
2026-07-24T05:30:53Z,5020011,18329924,38,-867
2026-07-24T05:30:53Z,5030012,18329927,40,678
2026-07-24T05:30:53Z,380021,18329939,22,1139
2026-07-24T05:30:53Z,5050011,18329942,16,-137
2026-07-24T05:30:53Z,5050012,18329943,11,-788
2026-07-24T05:30:53Z,4000012,18329953,56,470
2026-07-24T05:30:53Z,640031,18329969,30,-109
2026-07-24T05:30:53Z,810022,18329972,8,1233
2026-07-24T05:30:53Z,5020012,18329981,47,92
2026-07-24T05:30:53Z,5030012,18329983,40,523
2026-07-24T05:30:53Z,4050011,18329999,70,917
2026-07-24T05:30:53Z,4050012,18330000,37,1830
2026-07-24T05:30:53Z,120011,18330006,35,-496
2026-07-24T05:30:53Z,650011,18330015,17,117
2026-07-24T05:30:53Z,4000012,18330021,40,362
2026-07-24T05:30:53Z,410012,18330028,36,-329
2026-07-24T05:30:53Z,410011,18330033,13,-182
2026-07-24T05:30:53Z,110011,18330036,37,131
2026-07-24T05:30:53Z,420022,18330040,49,-585
2026-07-24T05:30:53Z,440011,18330043,30,2507
2026-07-24T05:30:53Z,440012,18330044,36,-139
2026-07-24T05:30:53Z,4050011,18330048,70,-306
2026-07-24T05:30:53Z,4050012,18330049,25,913
2026-07-24T05:30:53Z,130011,18330064,15,-400
2026-07-24T05:30:53Z,5010012,18330066,21,-32
2026-07-24T05:30:53Z,5010011,18330067,21,-401
2026-07-24T05:30:53Z,410012,18330071,36,-360
2026-07-24T05:30:53Z,630031,18330075,25,-9
2026-07-24T05:30:53Z,750011,18330077,16,1393
2026-07-24T05:30:53Z,230031,18330080,47,-501
2026-07-24T05:30:53Z,780011,18330085,12,545
2026-07-24T05:30:53Z,110011,18330091,37,-166
2026-07-24T05:30:53Z,170021,18330093,20,92
2026-07-24T05:30:53Z,610011,18330097,22,-13
2026-07-24T05:30:53Z,540011,18330101,16,917
2026-07-24T05:30:53Z,540012,18330102,16,-274
2026-07-24T05:30:53Z,310031,18330107,32,-519
2026-07-24T05:30:53Z,5020011,18330115,48,-187
2026-07-24T05:30:53Z,5020012,18330116,47,-76
2026-07-24T05:30:53Z,420021,18330119,52,-441
2026-07-24T05:30:53Z,420022,18330120,41,-435
2026-07-24T05:30:53Z,410011,18330122,43,-405
2026-07-24T05:30:53Z,410012,18330123,0,-405
2026-07-24T05:30:53Z,440011,18330125,30,656
2026-07-24T05:30:53Z,1010012,18330128,25,726
2026-07-24T05:30:53Z,120011,18330130,35,-52
2026-07-24T05:30:53Z,120011,18330134,35,-90
2026-07-24T05:30:53Z,120012,18330135,34,340
2026-07-24T05:30:53Z,120011,18330136,3,713
2026-07-24T05:30:53Z,160011,18330141,6,15
2026-07-24T05:30:53Z,160012,18330142,7,91
2026-07-24T05:30:53Z,420022,18330143,49,-416
2026-07-24T05:30:53Z,460011,18330144,35,136
2026-07-24T05:30:53Z,460012,18330145,35,-222
2026-07-24T05:30:53Z,190011,18330147,18,-256
2026-07-24T05:30:53Z,190012,18330148,18,114
2026-07-24T05:30:53Z,190011,18330149,5,1
2026-07-24T05:30:53Z,260011,18330150,18,-74
2026-07-24T05:30:53Z,280011,18330154,21,-186
2026-07-24T05:30:53Z,260012,18330155,21,-167
2026-07-24T05:30:53Z,600011,18330159,15,333
2026-07-24T05:30:53Z,600012,18330160,14,692
2026-07-24T05:30:53Z,600011,18330161,13,939
2026-07-24T05:30:53Z,110012,18330164,38,56
2026-07-24T05:30:53Z,110011,18330165,30,28
2026-07-24T05:30:53Z,420021,18330171,52,-973
2026-07-24T05:30:53Z,420022,18330172,9,-242
2026-07-24T05:30:53Z,330012,18330173,24,751
2026-07-24T05:30:53Z,330011,18330174,25,150
2026-07-24T05:30:53Z,5040011,18330176,12,-348
2026-07-24T05:30:53Z,5040012,18330177,16,32
2026-07-24T05:30:53Z,5040011,18330178,12,-423
2026-07-24T05:30:53Z,5040012,18330179,11,112
2026-07-24T05:30:53Z,440012,18330181,36,-309
2026-07-24T05:30:53Z,440011,18330182,8,183
2026-07-24T05:30:53Z,130012,18330183,15,-442
2026-07-24T05:30:53Z,120012,18330185,34,79
2026-07-24T05:30:53Z,320012,18330187,15,442
2026-07-24T05:30:53Z,320011,18330188,16,-70
2026-07-24T05:30:53Z,360012,18330189,15,5
2026-07-24T05:30:53Z,360011,18330190,17,-237
2026-07-24T05:30:53Z,5020011,18330191,48,-440
2026-07-24T05:30:53Z,5020012,18330192,10,166
2026-07-24T05:30:53Z,460011,18330195,35,251
2026-07-24T05:30:53Z,460012,18330196,28,49
2026-07-24T05:30:53Z,860012,18330197,4,562
2026-07-24T05:30:53Z,860011,18330198,4,804
2026-07-24T05:30:53Z,260012,18330199,21,-378
2026-07-24T05:30:53Z,380022,18330201,21,1059
2026-07-24T05:30:53Z,5050011,18330205,16,-97
2026-07-24T05:30:53Z,5050012,18330206,11,-728
2026-07-24T05:30:53Z,470011,18330207,19,-25
2026-07-24T05:30:53Z,470012,18330208,18,422
2026-07-24T05:30:53Z,470011,18330209,0,-358
2026-07-24T05:30:53Z,150012,18330211,21,-112
2026-07-24T05:30:53Z,150011,18330212,25,-68
2026-07-24T05:30:53Z,170022,18330213,22,-50
2026-07-24T05:30:53Z,170021,18330214,20,-144
2026-07-24T05:30:53Z,110012,18330215,38,-125
2026-07-24T05:30:53Z,290021,18330217,16,159
2026-07-24T05:30:53Z,290022,18330218,18,416
2026-07-24T05:30:53Z,420021,18330223,52,-1087
2026-07-24T05:30:53Z,5010012,18330225,21,-350
2026-07-24T05:30:53Z,650012,18330226,17,-203
2026-07-24T05:30:53Z,1680012,18330228,18,399
2026-07-24T05:30:53Z,1010011,18330230,27,473
2026-07-24T05:30:53Z,730011,18330236,12,-126
2026-07-24T05:30:53Z,730012,18330237,12,-76
2026-07-24T05:30:53Z,130012,18330243,15,-475
2026-07-24T05:30:53Z,160011,18330245,6,68
2026-07-24T05:30:53Z,160012,18330246,7,91
2026-07-24T05:30:53Z,460011,18330247,34,-150
2026-07-24T05:30:53Z,670012,18330249,12,-99
2026-07-24T05:30:53Z,670011,18330250,11,-94
2026-07-24T05:30:53Z,680021,18330251,29,265
2026-07-24T05:30:53Z,280012,18330257,18,-227
2026-07-24T05:30:53Z,280011,18330258,0,-527
2026-07-24T05:30:53Z,5030011,18330261,30,-619
2026-07-24T05:30:53Z,520022,18330263,9,-474
2026-07-24T05:30:53Z,710012,18330265,9,-77
2026-07-24T05:30:53Z,410011,18330269,38,-157
2026-07-24T05:30:53Z,110012,18330271,25,36
2026-07-24T05:30:53Z,5010012,18330274,21,-230
2026-07-24T05:30:53Z,420021,18330275,28,-249
2026-07-24T05:30:53Z,5040011,18330277,9,-342
2026-07-24T05:30:53Z,330012,18330282,13,212
2026-07-24T05:30:53Z,440012,18330283,16,-13
2026-07-24T05:30:53Z,120012,18330286,14,257
2026-07-24T05:30:53Z,5010011,18330289,18,-184
2026-07-24T05:30:53Z,320012,18330291,15,62
2026-07-24T05:30:53Z,130012,18330293,11,-124
2026-07-24T05:30:53Z,360012,18330296,10,-75
2026-07-24T05:30:53Z,510012,18330297,6,-61
2026-07-24T05:30:53Z,160011,18330299,5,192
2026-07-24T05:30:53Z,460011,18330303,11,2
2026-07-24T05:30:53Z,870012,18330305,0,-96
2026-07-24T05:30:53Z,380022,18330307,0,-64
2026-07-24T05:41:18Z,4050011,18329396,70,412
2026-07-24T05:41:18Z,4050012,18329397,17,936
2026-07-24T05:41:18Z,740011,18329407,19,-198
2026-07-24T05:41:18Z,520021,18329421,16,-768
2026-07-24T05:41:18Z,760012,18329469,13,404
2026-07-24T05:41:18Z,760011,18329470,3,381
2026-07-24T05:41:18Z,4050041,18329476,24,180
2026-07-24T05:41:18Z,7000012,18329488,70,2028
2026-07-24T05:41:18Z,5020012,18329503,47,650
2026-07-24T05:41:18Z,630032,18329506,20,227
2026-07-24T05:41:18Z,630031,18329507,1,56
2026-07-24T05:41:18Z,5030012,18329511,40,258
2026-07-24T05:41:18Z,4000011,18329519,54,860
2026-07-24T05:41:18Z,4000012,18329520,3,460
2026-07-24T05:41:18Z,250011,18329525,13,-72
2026-07-24T05:41:18Z,250012,18329526,11,-309
2026-07-24T05:41:18Z,690021,18329547,8,-60
2026-07-24T05:41:18Z,5030012,18329555,40,102
2026-07-24T05:41:18Z,500012,18329573,18,397
2026-07-24T05:41:18Z,500011,18329574,23,784
2026-07-24T05:41:18Z,4050041,18329577,54,529
2026-07-24T05:41:18Z,310031,18329592,32,-364
2026-07-24T05:41:18Z,5020011,18329601,12,-499
2026-07-24T05:41:18Z,410011,18329616,43,-187
2026-07-24T05:41:18Z,410012,18329617,31,598
2026-07-24T05:41:18Z,240012,18329629,17,225
2026-07-24T05:41:18Z,240011,18329630,14,-28
2026-07-24T05:41:18Z,260011,18329633,18,-600
2026-07-24T05:41:18Z,5020012,18329644,47,-89
2026-07-24T05:41:18Z,5030012,18329648,40,-174
2026-07-24T05:41:18Z,4000012,18329658,20,615
2026-07-24T05:41:18Z,5030011,18329686,40,-514
2026-07-24T05:41:18Z,5030012,18329687,0,-994
2026-07-24T05:41:18Z,440011,18329701,30,866
2026-07-24T05:41:18Z,5020011,18329705,48,-489
2026-07-24T05:41:18Z,5020012,18329706,42,29
2026-07-24T05:41:18Z,4050012,18329718,71,-31
2026-07-24T05:41:18Z,9010021,18329734,20,18
2026-07-24T05:41:18Z,9010021,18329735,19,72
2026-07-24T05:41:18Z,360021,18329750,24,-65
2026-07-24T05:41:18Z,360022,18329751,22,-44
2026-07-24T05:41:18Z,360021,18329752,24,-238
2026-07-24T05:41:18Z,5030011,18329759,40,-263
2026-07-24T05:41:18Z,5030012,18329760,16,113
2026-07-24T05:41:18Z,820012,18329764,6,1891
2026-07-24T05:41:18Z,460012,18329770,35,264
2026-07-24T05:41:18Z,240011,18329778,18,47
2026-07-24T05:41:18Z,230031,18329781,47,-166
2026-07-24T05:41:18Z,260012,18329789,21,-399
2026-07-24T05:41:18Z,5020011,18329799,48,-925
2026-07-24T05:41:18Z,5020012,18329800,0,-1225
2026-07-24T05:41:18Z,7010011,18329803,20,884
2026-07-24T05:41:18Z,7010012,18329804,11,715
2026-07-24T05:41:18Z,560012,18329815,17,1527
2026-07-24T05:41:18Z,560011,18329816,11,1923
2026-07-24T05:41:18Z,5030011,18329819,40,510
2026-07-24T05:41:18Z,5030012,18329820,31,354
2026-07-24T05:41:18Z,5050012,18329828,16,30
2026-07-24T05:41:18Z,4000012,18329834,56,361
2026-07-24T05:41:18Z,4000021,18329835,39,-456
2026-07-24T05:41:18Z,270012,18329841,14,95
2026-07-24T05:41:18Z,110012,18329847,8,112
2026-07-24T05:41:18Z,410011,18329855,43,4
2026-07-24T05:41:18Z,410012,18329856,36,423
2026-07-24T05:41:18Z,480011,18329861,15,835
2026-07-24T05:41:18Z,480012,18329862,13,39
2026-07-24T05:41:18Z,220021,18329872,33,-627
2026-07-24T05:41:18Z,220021,18329873,33,-258
2026-07-24T05:41:18Z,5040012,18329888,16,-187
2026-07-24T05:41:18Z,510011,18329898,14,161
2026-07-24T05:41:18Z,4050012,18329902,71,1378
2026-07-24T05:41:18Z,850012,18329907,19,977
2026-07-24T05:41:18Z,130011,18329919,15,-583
2026-07-24T05:41:18Z,5020011,18329924,48,-863
2026-07-24T05:41:18Z,380021,18329939,22,838
2026-07-24T05:41:18Z,5050012,18329943,16,1243
2026-07-24T05:41:18Z,5050011,18329944,3,529
2026-07-24T05:41:18Z,4000012,18329953,56,1089
2026-07-24T05:41:18Z,810022,18329972,12,1201
2026-07-24T05:41:18Z,5030012,18329983,40,627
2026-07-24T05:41:18Z,4050012,18330000,50,1677
2026-07-24T05:41:18Z,120011,18330006,35,-430
2026-07-24T05:41:18Z,420021,18330008,2,-9
2026-07-24T05:41:18Z,4000012,18330021,56,148
2026-07-24T05:41:18Z,410012,18330028,36,-198
2026-07-24T05:41:18Z,410011,18330033,24,-86
2026-07-24T05:41:18Z,110011,18330036,37,292
2026-07-24T05:41:18Z,420022,18330040,49,-780
2026-07-24T05:41:18Z,440011,18330043,30,3144
2026-07-24T05:41:18Z,440012,18330044,36,-166
2026-07-24T05:41:18Z,130011,18330064,15,-403
2026-07-24T05:41:18Z,5010012,18330066,21,200
2026-07-24T05:41:18Z,5010011,18330067,21,-427
2026-07-24T05:41:18Z,410012,18330071,36,-309
2026-07-24T05:41:18Z,630031,18330075,25,-106
2026-07-24T05:41:18Z,750011,18330077,16,716
2026-07-24T05:41:18Z,230031,18330080,47,-360
2026-07-24T05:41:18Z,780011,18330085,12,72
2026-07-24T05:41:18Z,110011,18330091,37,-82
2026-07-24T05:41:18Z,610011,18330097,22,393
2026-07-24T05:41:18Z,540011,18330101,16,1549
2026-07-24T05:41:18Z,540012,18330102,16,-274
2026-07-24T05:41:18Z,540011,18330103,9,-47
2026-07-24T05:41:18Z,310031,18330107,32,-267
2026-07-24T05:41:18Z,310031,18330108,15,-124
2026-07-24T05:41:18Z,5020012,18330116,47,-193
2026-07-24T05:41:18Z,420021,18330119,52,-396
2026-07-24T05:41:18Z,420022,18330120,49,-811
2026-07-24T05:41:18Z,410011,18330122,43,-359
2026-07-24T05:41:18Z,410012,18330123,10,498
2026-07-24T05:41:18Z,440011,18330125,30,670
2026-07-24T05:41:18Z,120011,18330130,35,-61
2026-07-24T05:41:18Z,120012,18330135,34,311
2026-07-24T05:41:18Z,120011,18330136,15,485
2026-07-24T05:41:18Z,160012,18330142,7,-63
2026-07-24T05:41:18Z,420022,18330143,49,-234
2026-07-24T05:41:18Z,460012,18330145,35,-152
2026-07-24T05:41:18Z,190011,18330147,18,-160
2026-07-24T05:41:18Z,190012,18330148,18,105
2026-07-24T05:41:18Z,190011,18330149,15,-143
2026-07-24T05:41:18Z,280011,18330154,21,-132
2026-07-24T05:41:18Z,260011,18330156,9,-307
2026-07-24T05:41:18Z,600011,18330159,15,151
2026-07-24T05:41:18Z,600012,18330160,14,522
2026-07-24T05:41:18Z,600011,18330161,15,808
2026-07-24T05:41:18Z,110012,18330164,38,-46
2026-07-24T05:41:18Z,110011,18330165,37,42
2026-07-24T05:41:18Z,420021,18330171,52,-904
2026-07-24T05:41:18Z,420022,18330172,22,-447
2026-07-24T05:41:18Z,330012,18330173,24,758
2026-07-24T05:41:18Z,330011,18330174,25,167
2026-07-24T05:41:18Z,5040011,18330178,12,-485
2026-07-24T05:41:18Z,5040012,18330179,16,-187
2026-07-24T05:41:18Z,440012,18330181,36,-272
2026-07-24T05:41:18Z,440011,18330182,21,291
2026-07-24T05:41:18Z,130012,18330183,15,-108
2026-07-24T05:41:18Z,120012,18330185,34,177
2026-07-24T05:41:18Z,320011,18330188,16,-65
2026-07-24T05:41:18Z,360011,18330190,17,-241
2026-07-24T05:41:18Z,5020011,18330191,48,-302
2026-07-24T05:41:18Z,5020012,18330192,22,128
2026-07-24T05:41:18Z,460011,18330195,35,390
2026-07-24T05:41:18Z,460012,18330196,35,39
2026-07-24T05:41:18Z,860012,18330197,4,26
2026-07-24T05:41:18Z,860011,18330198,4,804
2026-07-24T05:41:18Z,260012,18330199,21,-307
2026-07-24T05:41:18Z,380022,18330201,21,698
2026-07-24T05:41:18Z,380021,18330202,3,176
2026-07-24T05:41:18Z,5050011,18330205,16,-118
2026-07-24T05:41:18Z,5050012,18330206,11,-752
2026-07-24T05:41:18Z,470011,18330207,19,82
2026-07-24T05:41:18Z,470012,18330208,18,355
2026-07-24T05:41:18Z,470011,18330209,8,-35
2026-07-24T05:41:18Z,150012,18330211,21,-97
2026-07-24T05:41:18Z,150011,18330212,25,-66
2026-07-24T05:41:18Z,170022,18330213,22,141
2026-07-24T05:41:18Z,170021,18330214,20,-148
2026-07-24T05:41:18Z,110012,18330215,38,-52
2026-07-24T05:41:18Z,110011,18330216,11,-130
2026-07-24T05:41:18Z,290021,18330217,16,136
2026-07-24T05:41:18Z,290022,18330218,18,413
2026-07-24T05:41:18Z,420021,18330223,52,-954
2026-07-24T05:41:18Z,5010012,18330225,21,-282
2026-07-24T05:41:18Z,650012,18330226,17,-203
2026-07-24T05:41:18Z,1680012,18330228,18,399
2026-07-24T05:41:18Z,1010011,18330230,27,472
2026-07-24T05:41:18Z,1010012,18330231,1,108
2026-07-24T05:41:18Z,730011,18330236,12,-125
2026-07-24T05:41:18Z,730012,18330237,12,-76
2026-07-24T05:41:18Z,130012,18330243,15,-496
2026-07-24T05:41:18Z,160011,18330245,6,76
2026-07-24T05:41:18Z,160012,18330246,7,56
2026-07-24T05:41:18Z,460011,18330247,35,314
2026-07-24T05:41:18Z,460012,18330248,11,-93
2026-07-24T05:41:18Z,670012,18330249,12,-99
2026-07-24T05:41:18Z,670011,18330250,12,-72
2026-07-24T05:41:18Z,680021,18330251,29,265
2026-07-24T05:41:18Z,280012,18330257,18,-232
2026-07-24T05:41:18Z,280011,18330258,12,-48
2026-07-24T05:41:18Z,5030011,18330261,39,-631
2026-07-24T05:41:18Z,520022,18330263,10,-120
2026-07-24T05:41:18Z,710012,18330265,9,-77
2026-07-24T05:41:18Z,710011,18330266,6,7
2026-07-24T05:41:18Z,410011,18330269,43,-292
2026-07-24T05:41:18Z,410012,18330270,0,-412
2026-07-24T05:41:18Z,110012,18330271,37,-45
2026-07-24T05:41:18Z,5010012,18330274,21,-227
2026-07-24T05:41:18Z,420021,18330275,43,-442
2026-07-24T05:41:18Z,5040011,18330277,12,-427
2026-07-24T05:41:18Z,330012,18330282,23,229
2026-07-24T05:41:18Z,440012,18330283,31,-262
2026-07-24T05:41:18Z,120012,18330286,26,254
2026-07-24T05:41:18Z,5010011,18330289,21,-247
2026-07-24T05:41:18Z,320012,18330291,15,60
2026-07-24T05:41:18Z,130012,18330293,15,-256
2026-07-24T05:41:18Z,360012,18330296,15,-80
2026-07-24T05:41:18Z,510012,18330297,11,-107
2026-07-24T05:41:18Z,160011,18330299,6,136
2026-07-24T05:41:18Z,160012,18330300,1,69
2026-07-24T05:41:18Z,460011,18330303,22,27
2026-07-24T05:41:18Z,870012,18330305,3,511
2026-07-24T05:41:18Z,380022,18330307,5,114
2026-07-24T05:41:18Z,230031,18330312,12,1
2026-07-24T05:41:18Z,5030011,18330314,10,-347
2026-07-24T05:41:18Z,170022,18330316,7,-29
2026-07-24T05:41:18Z,150012,18330320,9,9
2026-07-24T05:41:18Z,290021,18330322,5,19
2026-07-24T05:41:18Z,410011,18330326,2,-9
2026-07-24T05:41:18Z,5010012,18330328,0,-703
2026-07-24T05:51:43Z,4050011,18329396,70,289
2026-07-24T05:51:43Z,4050012,18329397,21,1004
2026-07-24T05:51:43Z,740011,18329407,19,-199
2026-07-24T05:51:43Z,520021,18329421,16,-762
2026-07-24T05:51:43Z,770012,18329429,1,38
2026-07-24T05:51:43Z,760012,18329469,13,-12
2026-07-24T05:51:43Z,760011,18329470,13,-46
2026-07-24T05:51:43Z,4050041,18329476,38,265
2026-07-24T05:51:43Z,7000012,18329488,70,1286
2026-07-24T05:51:43Z,5020012,18329503,47,644
2026-07-24T05:51:43Z,630032,18329506,20,268
2026-07-24T05:51:43Z,630031,18329507,4,113
2026-07-24T05:51:43Z,5030012,18329511,40,221
2026-07-24T05:51:43Z,4000011,18329519,54,926
2026-07-24T05:51:43Z,4000012,18329520,14,676
2026-07-24T05:51:43Z,250011,18329525,13,-74
2026-07-24T05:51:43Z,250012,18329526,18,-415
2026-07-24T05:51:43Z,690021,18329547,8,25
2026-07-24T05:51:43Z,5030012,18329555,40,388
2026-07-24T05:51:43Z,500011,18329574,23,448
2026-07-24T05:51:43Z,4050041,18329577,54,537
2026-07-24T05:51:43Z,310031,18329592,32,-358
2026-07-24T05:51:43Z,5020011,18329601,29,-780
2026-07-24T05:51:43Z,410011,18329616,43,-17
2026-07-24T05:51:43Z,410012,18329617,36,720
2026-07-24T05:51:43Z,240012,18329629,17,225
2026-07-24T05:51:43Z,240011,18329630,18,13
2026-07-24T05:51:43Z,260011,18329633,18,-436
2026-07-24T05:51:43Z,5020012,18329644,47,-147
2026-07-24T05:51:43Z,5030012,18329648,40,50
2026-07-24T05:51:43Z,4000012,18329658,42,-210
2026-07-24T05:51:43Z,5030011,18329686,40,-316
2026-07-24T05:51:43Z,5030012,18329687,10,205
2026-07-24T05:51:43Z,440011,18329701,30,1231
2026-07-24T05:51:43Z,5020011,18329705,48,-299
2026-07-24T05:51:43Z,5020012,18329706,47,-316
2026-07-24T05:51:43Z,130012,18329723,4,45
2026-07-24T05:51:43Z,9010021,18329734,20,30
2026-07-24T05:51:43Z,9010021,18329735,20,5
2026-07-24T05:51:43Z,9010021,18329736,8,13
2026-07-24T05:51:43Z,360022,18329751,22,-18
2026-07-24T05:51:43Z,360021,18329752,24,-218
2026-07-24T05:51:43Z,360022,18329753,0,-638
2026-07-24T05:51:43Z,5030011,18329759,40,-98
2026-07-24T05:51:43Z,5030012,18329760,25,238
2026-07-24T05:51:43Z,820012,18329764,8,2346
2026-07-24T05:51:43Z,260012,18329789,21,-365
2026-07-24T05:51:43Z,5020011,18329799,48,-693
2026-07-24T05:51:43Z,5020012,18329800,12,118
2026-07-24T05:51:43Z,7010011,18329803,20,538
2026-07-24T05:51:43Z,7010012,18329804,11,541
2026-07-24T05:51:43Z,560012,18329815,17,1464
2026-07-24T05:51:43Z,560011,18329816,12,1907
2026-07-24T05:51:43Z,5030011,18329819,40,557
2026-07-24T05:51:43Z,5030012,18329820,38,194
2026-07-24T05:51:43Z,5050012,18329828,16,-11
2026-07-24T05:51:43Z,4000021,18329835,40,-566
2026-07-24T05:51:43Z,270012,18329841,14,181
2026-07-24T05:51:43Z,110012,18329847,21,120
2026-07-24T05:51:43Z,410012,18329856,36,-199
2026-07-24T05:51:43Z,480011,18329861,15,793
2026-07-24T05:51:43Z,480012,18329862,18,62
2026-07-24T05:51:43Z,5040012,18329888,16,-21
2026-07-24T05:51:43Z,510011,18329898,14,203
2026-07-24T05:51:43Z,4050012,18329902,71,956
2026-07-24T05:51:43Z,850012,18329907,20,977
2026-07-24T05:51:43Z,850011,18329908,7,90
2026-07-24T05:51:43Z,130011,18329919,15,-358
2026-07-24T05:51:43Z,5020011,18329924,48,-851
2026-07-24T05:51:43Z,380021,18329939,22,1015
2026-07-24T05:51:43Z,5050012,18329943,16,829
2026-07-24T05:51:43Z,5050011,18329944,6,59
2026-07-24T05:51:43Z,4000012,18329953,56,938
2026-07-24T05:51:43Z,810022,18329972,16,1389
2026-07-24T05:51:43Z,4050012,18330000,53,1504
2026-07-24T05:51:43Z,420021,18330008,15,-128
2026-07-24T05:51:43Z,4000012,18330021,56,239
2026-07-24T05:51:43Z,410011,18330033,39,-274
2026-07-24T05:51:43Z,420022,18330040,49,-548
2026-07-24T05:51:43Z,440012,18330044,36,-123
2026-07-24T05:51:43Z,120012,18330061,4,95
2026-07-24T05:51:43Z,130011,18330064,15,-379
2026-07-24T05:51:43Z,5010011,18330067,21,-140
2026-07-24T05:51:43Z,410012,18330071,36,-123
2026-07-24T05:51:43Z,630031,18330075,25,-173
2026-07-24T05:51:43Z,750011,18330077,16,80
2026-07-24T05:51:43Z,230031,18330080,47,-317
2026-07-24T05:51:43Z,110011,18330091,37,27
2026-07-24T05:51:43Z,610011,18330097,22,466
2026-07-24T05:51:43Z,540011,18330101,16,2177
2026-07-24T05:51:43Z,540012,18330102,16,-274
2026-07-24T05:51:43Z,540011,18330103,16,-78
2026-07-24T05:51:43Z,310031,18330107,32,30
2026-07-24T05:51:43Z,310031,18330108,26,-329
2026-07-24T05:51:43Z,5020012,18330116,47,-101
2026-07-24T05:51:43Z,420022,18330120,49,-789
2026-07-24T05:51:43Z,410011,18330122,43,-100
2026-07-24T05:51:43Z,410012,18330123,16,802
2026-07-24T05:51:43Z,440011,18330125,30,976
2026-07-24T05:51:43Z,1010012,18330128,25,854
2026-07-24T05:51:43Z,120011,18330130,35,-364
2026-07-24T05:51:43Z,120012,18330135,34,344
2026-07-24T05:51:43Z,120011,18330136,27,378
2026-07-24T05:51:43Z,5010011,18330138,8,-151
2026-07-24T05:51:43Z,420022,18330143,49,-43
2026-07-24T05:51:43Z,460012,18330145,35,-198
2026-07-24T05:51:43Z,190012,18330148,18,81
2026-07-24T05:51:43Z,190011,18330149,18,-219
2026-07-24T05:51:43Z,280011,18330154,21,68
2026-07-24T05:51:43Z,260011,18330156,17,-452
2026-07-24T05:51:43Z,600012,18330160,14,501
2026-07-24T05:51:43Z,600011,18330161,15,785
2026-07-24T05:51:43Z,600012,18330162,3,301
2026-07-24T05:51:43Z,110011,18330165,37,54
2026-07-24T05:51:43Z,420021,18330171,52,-895
2026-07-24T05:51:43Z,420022,18330172,31,-409
2026-07-24T05:51:43Z,330011,18330174,25,-203
2026-07-24T05:51:43Z,5040011,18330178,12,-410
2026-07-24T05:51:43Z,5040012,18330179,16,-178
2026-07-24T05:51:43Z,5040011,18330180,3,-319
2026-07-24T05:51:43Z,440012,18330181,36,-133
2026-07-24T05:51:43Z,440011,18330182,29,155
2026-07-24T05:51:43Z,120012,18330185,34,142
2026-07-24T05:51:43Z,120011,18330186,0,-3098
2026-07-24T05:51:43Z,320011,18330188,16,-119
2026-07-24T05:51:43Z,360011,18330190,17,-235
2026-07-24T05:51:43Z,5020011,18330191,48,-113
2026-07-24T05:51:43Z,5020012,18330192,37,-14
2026-07-24T05:51:43Z,460011,18330195,35,699
2026-07-24T05:51:43Z,460012,18330196,35,307
2026-07-24T05:51:43Z,860011,18330198,4,804
2026-07-24T05:51:43Z,260012,18330199,21,-174
2026-07-24T05:51:43Z,380022,18330201,21,487
2026-07-24T05:51:43Z,380021,18330202,13,297
2026-07-24T05:51:43Z,5050011,18330205,16,-173
2026-07-24T05:51:43Z,5050012,18330206,11,-772
2026-07-24T05:51:43Z,470011,18330207,19,119
2026-07-24T05:51:43Z,470012,18330208,18,347
2026-07-24T05:51:43Z,470011,18330209,18,71
2026-07-24T05:51:43Z,150012,18330211,21,31
2026-07-24T05:51:43Z,150011,18330212,25,-76
2026-07-24T05:51:43Z,170022,18330213,22,231
2026-07-24T05:51:43Z,170021,18330214,20,-159
2026-07-24T05:51:43Z,110012,18330215,38,-46
2026-07-24T05:51:43Z,110011,18330216,20,35
2026-07-24T05:51:43Z,290021,18330217,16,111
2026-07-24T05:51:43Z,290022,18330218,18,440
2026-07-24T05:51:43Z,420021,18330223,52,-517
2026-07-24T05:51:43Z,420022,18330224,1,-5
2026-07-24T05:51:43Z,5010012,18330225,21,-7
2026-07-24T05:51:43Z,650012,18330226,17,-77
2026-07-24T05:51:43Z,1680012,18330228,18,380
2026-07-24T05:51:43Z,1010011,18330230,27,639
2026-07-24T05:51:43Z,1010012,18330231,9,395
2026-07-24T05:51:43Z,730011,18330236,12,-151
2026-07-24T05:51:43Z,730012,18330237,12,-79
2026-07-24T05:51:43Z,130012,18330243,15,-142
2026-07-24T05:51:43Z,160011,18330245,6,150
2026-07-24T05:51:43Z,160012,18330246,7,35
2026-07-24T05:51:43Z,460011,18330247,35,701
2026-07-24T05:51:43Z,460012,18330248,13,297
2026-07-24T05:51:43Z,670012,18330249,12,-103
2026-07-24T05:51:43Z,670011,18330250,12,-72
2026-07-24T05:51:43Z,680021,18330251,29,266
2026-07-24T05:51:43Z,680022,18330252,6,107
2026-07-24T05:51:43Z,280012,18330257,18,-249
2026-07-24T05:51:43Z,280011,18330258,21,-159
2026-07-24T05:51:43Z,430011,18330259,23,1259
2026-07-24T05:51:43Z,5030011,18330261,40,-527
2026-07-24T05:51:43Z,520022,18330263,10,-154
2026-07-24T05:51:43Z,520021,18330264,2,0
2026-07-24T05:51:43Z,710012,18330265,9,-75
2026-07-24T05:51:43Z,710011,18330266,9,-147
2026-07-24T05:51:43Z,410011,18330269,43,-265
2026-07-24T05:51:43Z,410012,18330270,0,-385
2026-07-24T05:51:43Z,110012,18330271,38,-146
2026-07-24T05:51:43Z,5010012,18330274,21,-240
2026-07-24T05:51:43Z,420021,18330275,52,-676
2026-07-24T05:51:43Z,5040011,18330277,12,-386
2026-07-24T05:51:43Z,5040012,18330278,5,115
2026-07-24T05:51:43Z,330012,18330282,23,239
2026-07-24T05:51:43Z,440012,18330283,36,-183
2026-07-24T05:51:43Z,120012,18330286,34,315
2026-07-24T05:51:43Z,5010011,18330289,21,-241
2026-07-24T05:51:43Z,320012,18330291,15,60
2026-07-24T05:51:43Z,320011,18330292,5,93
2026-07-24T05:51:43Z,130012,18330293,15,-279
2026-07-24T05:51:43Z,360012,18330296,15,-85
2026-07-24T05:51:43Z,510012,18330297,11,-107
2026-07-24T05:51:43Z,510011,18330298,11,76
2026-07-24T05:51:43Z,160011,18330299,6,134
2026-07-24T05:51:43Z,160012,18330300,7,155
2026-07-24T05:51:43Z,460011,18330303,34,-59
2026-07-24T05:51:43Z,870012,18330305,4,749
2026-07-24T05:51:43Z,380022,18330307,11,437
2026-07-24T05:51:43Z,390012,18330310,0,1199
2026-07-24T05:51:43Z,230031,18330312,25,-162
2026-07-24T05:51:43Z,5030011,18330314,24,-537
2026-07-24T05:51:43Z,170022,18330316,19,24
2026-07-24T05:51:43Z,150012,18330320,21,-57
2026-07-24T05:51:43Z,290021,18330322,15,88
2026-07-24T05:51:43Z,410011,18330326,14,-81
2026-07-24T05:51:43Z,5010012,18330328,12,-62
2026-07-24T05:51:43Z,330011,18330333,9,-286
2026-07-24T05:51:43Z,1010011,18330335,4,69
2026-07-24T05:51:43Z,130011,18330337,7,-241
2026-07-24T05:51:43Z,700012,18330340,2,28
2026-07-24T05:51:43Z,460011,18330342,1,-8
2026-07-24T06:02:08Z,4050011,18329396,70,791
2026-07-24T06:02:08Z,4050012,18329397,26,1056
2026-07-24T06:02:08Z,740011,18329407,19,-140
2026-07-24T06:02:08Z,740012,18329408,2,28
2026-07-24T06:02:08Z,520021,18329421,16,-574
2026-07-24T06:02:08Z,770012,18329429,9,60
2026-07-24T06:02:08Z,760012,18329469,13,-12
2026-07-24T06:02:08Z,760011,18329470,13,-54
2026-07-24T06:02:08Z,4050041,18329476,49,319
2026-07-24T06:02:08Z,7000012,18329488,70,953
2026-07-24T06:02:08Z,310031,18329499,2,19
2026-07-24T06:02:08Z,5020012,18329503,47,606
2026-07-24T06:02:08Z,630032,18329506,20,367
2026-07-24T06:02:08Z,630031,18329507,9,379
2026-07-24T06:02:08Z,5030012,18329511,40,510
2026-07-24T06:02:08Z,4000011,18329519,54,904
2026-07-24T06:02:08Z,4000012,18329520,19,717
2026-07-24T06:02:08Z,250011,18329525,13,27
2026-07-24T06:02:08Z,250012,18329526,18,-408
2026-07-24T06:02:08Z,690021,18329547,8,884
2026-07-24T06:02:08Z,5030012,18329555,40,451
2026-07-24T06:02:08Z,4050041,18329577,54,596
2026-07-24T06:02:08Z,310031,18329592,32,-255
2026-07-24T06:02:08Z,5020011,18329601,39,-741
2026-07-24T06:02:08Z,410011,18329616,43,154
2026-07-24T06:02:08Z,410012,18329617,36,598
2026-07-24T06:02:08Z,240012,18329629,17,314
2026-07-24T06:02:08Z,240011,18329630,18,5
2026-07-24T06:02:08Z,280012,18329635,0,-2899
2026-07-24T06:02:08Z,5020012,18329644,47,-205
2026-07-24T06:02:08Z,5030012,18329648,40,354
2026-07-24T06:02:08Z,4000012,18329658,47,280
2026-07-24T06:02:08Z,5030011,18329686,40,-152
2026-07-24T06:02:08Z,5030012,18329687,17,122
2026-07-24T06:02:08Z,440011,18329701,30,787
2026-07-24T06:02:08Z,5020012,18329706,47,-407
2026-07-24T06:02:08Z,130012,18329723,12,-245
2026-07-24T06:02:08Z,9010021,18329734,20,181
2026-07-24T06:02:08Z,9010021,18329735,20,1
2026-07-24T06:02:08Z,9010021,18329736,15,-9
2026-07-24T06:02:08Z,360022,18329751,22,96
2026-07-24T06:02:08Z,360021,18329752,24,-214
2026-07-24T06:02:08Z,360022,18329753,13,-30
2026-07-24T06:02:08Z,5030011,18329759,40,-7
2026-07-24T06:02:08Z,5030012,18329760,33,199
2026-07-24T06:02:08Z,820012,18329764,8,1530
2026-07-24T06:02:08Z,260012,18329789,21,-299
2026-07-24T06:02:08Z,5020011,18329799,48,-580
2026-07-24T06:02:08Z,5020012,18329800,25,81
2026-07-24T06:02:08Z,7010011,18329803,20,995
2026-07-24T06:02:08Z,7010012,18329804,14,913
2026-07-24T06:02:08Z,560012,18329815,17,930
2026-07-24T06:02:08Z,560011,18329816,17,2208
2026-07-24T06:02:08Z,5030011,18329819,40,641
2026-07-24T06:02:08Z,5030012,18329820,40,202
2026-07-24T06:02:08Z,4000021,18329835,40,-535
2026-07-24T06:02:08Z,270011,18329842,0,-648
2026-07-24T06:02:08Z,110012,18329847,30,104
2026-07-24T06:02:08Z,410012,18329856,36,-104
2026-07-24T06:02:08Z,480011,18329861,15,1396
2026-07-24T06:02:08Z,480012,18329862,23,43
2026-07-24T06:02:08Z,480011,18329863,1,14
2026-07-24T06:02:08Z,220021,18329873,33,-268
2026-07-24T06:02:08Z,5040012,18329888,16,114
2026-07-24T06:02:08Z,4050012,18329902,71,481
2026-07-24T06:02:08Z,850012,18329907,20,622
2026-07-24T06:02:08Z,850011,18329908,12,239
2026-07-24T06:02:08Z,130011,18329919,15,-343
2026-07-24T06:02:08Z,5020011,18329924,48,-780
2026-07-24T06:02:08Z,5020012,18329925,0,-1200
2026-07-24T06:02:08Z,380021,18329939,22,222
2026-07-24T06:02:08Z,5050012,18329943,16,373
2026-07-24T06:02:08Z,5050011,18329944,15,-99
2026-07-24T06:02:08Z,4000012,18329953,56,860
2026-07-24T06:02:08Z,810022,18329972,16,382
2026-07-24T06:02:08Z,5030011,18329984,2,-93
2026-07-24T06:02:08Z,4050012,18330000,58,1481
2026-07-24T06:02:08Z,420021,18330008,29,-204
2026-07-24T06:02:08Z,4000012,18330021,56,206
2026-07-24T06:02:08Z,410011,18330033,43,-322
2026-07-24T06:02:08Z,410012,18330034,0,-382
2026-07-24T06:02:08Z,420022,18330040,49,-430
2026-07-24T06:02:08Z,440012,18330044,36,-173
2026-07-24T06:02:08Z,4050012,18330049,52,542
2026-07-24T06:02:08Z,120012,18330061,18,139
2026-07-24T06:02:08Z,130011,18330064,15,-153
2026-07-24T06:02:08Z,5010011,18330067,21,119
2026-07-24T06:02:08Z,410012,18330071,36,23
2026-07-24T06:02:08Z,750011,18330077,16,129
2026-07-24T06:02:08Z,230031,18330080,47,-279
2026-07-24T06:02:08Z,110011,18330091,37,85
2026-07-24T06:02:08Z,610011,18330097,22,588
2026-07-24T06:02:08Z,610012,18330098,1,47
2026-07-24T06:02:08Z,540012,18330102,16,-160
2026-07-24T06:02:08Z,540011,18330103,16,505
2026-07-24T06:02:08Z,310031,18330107,32,221
2026-07-24T06:02:08Z,310031,18330108,32,-351
2026-07-24T06:02:08Z,5020012,18330116,47,19
2026-07-24T06:02:08Z,420022,18330120,49,-743
2026-07-24T06:02:08Z,410011,18330122,43,23
2026-07-24T06:02:08Z,410012,18330123,32,525
2026-07-24T06:02:08Z,440011,18330125,30,777
2026-07-24T06:02:08Z,1010012,18330128,25,576
2026-07-24T06:02:08Z,120011,18330130,35,197
2026-07-24T06:02:08Z,120012,18330135,34,363
2026-07-24T06:02:08Z,120011,18330136,35,400
2026-07-24T06:02:08Z,5010011,18330138,18,-141
2026-07-24T06:02:08Z,460012,18330145,35,-162
2026-07-24T06:02:08Z,190012,18330148,18,180
2026-07-24T06:02:08Z,190011,18330149,18,-224
2026-07-24T06:02:08Z,260011,18330156,18,-441
2026-07-24T06:02:08Z,600012,18330160,14,272
2026-07-24T06:02:08Z,600011,18330161,15,556
2026-07-24T06:02:08Z,600012,18330162,14,398
2026-07-24T06:02:08Z,110011,18330165,37,139
2026-07-24T06:02:08Z,420022,18330172,46,-636
2026-07-24T06:02:08Z,330011,18330174,25,-199
2026-07-24T06:02:08Z,5040011,18330178,12,-391
2026-07-24T06:02:08Z,5040012,18330179,16,-173
2026-07-24T06:02:08Z,5040011,18330180,11,-326
2026-07-24T06:02:08Z,440012,18330181,36,406
2026-07-24T06:02:08Z,440011,18330182,30,703
2026-07-24T06:02:08Z,120011,18330186,9,264
2026-07-24T06:02:08Z,320011,18330188,16,69
2026-07-24T06:02:08Z,360011,18330190,17,-50
2026-07-24T06:02:08Z,5020011,18330191,48,138
2026-07-24T06:02:08Z,5020012,18330192,46,-385
2026-07-24T06:02:08Z,460012,18330196,35,-302
2026-07-24T06:02:08Z,860011,18330198,4,660
2026-07-24T06:02:08Z,260012,18330199,21,-102
2026-07-24T06:02:08Z,380021,18330202,20,427
2026-07-24T06:02:08Z,5050011,18330205,16,-96
2026-07-24T06:02:08Z,5050012,18330206,15,837
2026-07-24T06:02:08Z,470012,18330208,18,347
2026-07-24T06:02:08Z,470011,18330209,19,55
2026-07-24T06:02:08Z,470012,18330210,1,15
2026-07-24T06:02:08Z,150011,18330212,25,-49
2026-07-24T06:02:08Z,170021,18330214,20,-168
2026-07-24T06:02:08Z,110012,18330215,38,181
2026-07-24T06:02:08Z,110011,18330216,32,88
2026-07-24T06:02:08Z,290022,18330218,18,426
2026-07-24T06:02:08Z,420021,18330223,52,-287
2026-07-24T06:02:08Z,420022,18330224,11,-313
2026-07-24T06:02:08Z,5010012,18330225,21,94
2026-07-24T06:02:08Z,650012,18330226,17,-49
2026-07-24T06:02:08Z,1680012,18330228,18,-110
2026-07-24T06:02:08Z,1010011,18330230,27,625
2026-07-24T06:02:08Z,1010012,18330231,16,587
2026-07-24T06:02:08Z,730012,18330237,12,-79
2026-07-24T06:02:08Z,130012,18330243,15,35
2026-07-24T06:02:08Z,160011,18330245,6,501
2026-07-24T06:02:08Z,160012,18330246,7,296
2026-07-24T06:02:08Z,460011,18330247,35,688
2026-07-24T06:02:08Z,460012,18330248,26,341
2026-07-24T06:02:08Z,670012,18330249,12,-26
2026-07-24T06:02:08Z,670011,18330250,12,-72
2026-07-24T06:02:08Z,680021,18330251,29,-2
2026-07-24T06:02:08Z,680022,18330252,9,340
2026-07-24T06:02:08Z,280012,18330257,18,-195
2026-07-24T06:02:08Z,280011,18330258,21,-168
2026-07-24T06:02:08Z,430011,18330259,23,1079
2026-07-24T06:02:08Z,5030011,18330261,40,-419
2026-07-24T06:02:08Z,5030012,18330262,0,-899
2026-07-24T06:02:08Z,520022,18330263,10,-132
2026-07-24T06:02:08Z,520021,18330264,12,-561
2026-07-24T06:02:08Z,710012,18330265,9,29
2026-07-24T06:02:08Z,710011,18330266,9,-152
2026-07-24T06:02:08Z,410011,18330269,43,-183
2026-07-24T06:02:08Z,410012,18330270,11,470
2026-07-24T06:02:08Z,110012,18330271,38,-119
2026-07-24T06:02:08Z,5010012,18330274,21,-263
2026-07-24T06:02:08Z,420021,18330275,52,-680
2026-07-24T06:02:08Z,5040011,18330277,12,-417
2026-07-24T06:02:08Z,5040012,18330278,13,6
2026-07-24T06:02:08Z,330012,18330282,24,851
2026-07-24T06:02:08Z,440012,18330283,36,-332
2026-07-24T06:02:08Z,120012,18330286,34,259
2026-07-24T06:02:08Z,5010011,18330289,21,-184
2026-07-24T06:02:08Z,320012,18330291,15,60
2026-07-24T06:02:08Z,320011,18330292,14,151
2026-07-24T06:02:08Z,130012,18330293,15,-296
2026-07-24T06:02:08Z,360012,18330296,15,-86
2026-07-24T06:02:08Z,510012,18330297,11,-107
2026-07-24T06:02:08Z,510011,18330298,13,-30
2026-07-24T06:02:08Z,160011,18330299,6,179
2026-07-24T06:02:08Z,160012,18330300,7,155
2026-07-24T06:02:08Z,460011,18330303,34,0
2026-07-24T06:02:08Z,870012,18330305,4,645
2026-07-24T06:02:08Z,380022,18330307,19,477
2026-07-24T06:02:08Z,390012,18330310,2,1313
2026-07-24T06:02:08Z,230031,18330312,36,-392
2026-07-24T06:02:08Z,5030011,18330314,30,-595
2026-07-24T06:02:08Z,170022,18330316,22,11
2026-07-24T06:02:08Z,170021,18330317,2,12
2026-07-24T06:02:08Z,150012,18330320,21,-25
2026-07-24T06:02:08Z,290021,18330322,16,71
2026-07-24T06:02:08Z,410011,18330326,25,-42
2026-07-24T06:02:08Z,5010012,18330328,21,-323
2026-07-24T06:02:08Z,440012,18330331,14,248
2026-07-24T06:02:08Z,330011,18330333,20,-514
2026-07-24T06:02:08Z,1010011,18330335,12,-37
2026-07-24T06:02:08Z,130011,18330337,14,-95
2026-07-24T06:02:08Z,700012,18330340,3,132
2026-07-24T06:02:08Z,460011,18330342,12,76
2026-07-24T06:02:08Z,190012,18330344,6,-216
2026-07-24T06:02:08Z,260012,18330346,0,-588
2026-07-24T06:02:08Z,240012,18330347,0,-872
2026-07-24T06:02:08Z,110011,18330352,2,-41
2026-07-24T06:02:08Z,410011,18330354,3,-38
2026-07-24T06:02:08Z,110012,18330356,0,-80
2026-07-24T10:00:50Z,7000011,18329489,71,879
2026-07-24T10:00:50Z,410012,18329532,36,69
2026-07-24T10:00:50Z,5030012,18329557,40,90
2026-07-24T10:00:50Z,5030011,18329558,28,-473
2026-07-24T10:00:50Z,4050042,18329578,55,2546
2026-07-24T10:00:50Z,310031,18329595,32,104
2026-07-24T10:00:50Z,5020011,18329603,48,-250
2026-07-24T10:00:50Z,5020012,18329604,39,-331
2026-07-24T10:00:50Z,5030011,18329688,40,-15
2026-07-24T10:00:50Z,5030012,18329689,13,75
2026-07-24T10:00:50Z,410011,18329692,43,297
2026-07-24T10:00:50Z,410012,18329693,36,337
2026-07-24T10:00:50Z,440012,18329702,36,2
2026-07-24T10:00:50Z,5020011,18329709,38,-688
2026-07-24T10:00:50Z,700011,18329716,5,3
2026-07-24T10:00:50Z,5010012,18329727,21,-298
2026-07-24T10:00:50Z,5030011,18329761,40,-113
2026-07-24T10:00:50Z,5030012,18329762,27,25
2026-07-24T10:00:50Z,7010011,18329805,20,856
2026-07-24T10:00:50Z,7010012,18329806,14,623
2026-07-24T10:00:50Z,5030011,18329821,40,511
2026-07-24T10:00:50Z,5030012,18329822,40,-100
2026-07-24T10:00:50Z,5050011,18329831,16,-379
2026-07-24T10:00:50Z,5050022,18329832,11,397
2026-07-24T10:00:50Z,4000021,18329837,40,-191
2026-07-24T10:00:50Z,480011,18329865,15,1708
2026-07-24T10:00:50Z,480012,18329866,23,219
2026-07-24T10:00:50Z,4050041,18329903,48,551
2026-07-24T10:00:50Z,850012,18329911,20,191
2026-07-24T10:00:50Z,130012,18329913,15,-698
2026-07-24T10:00:50Z,5030012,18329929,40,398
2026-07-24T10:00:50Z,5050011,18329946,16,149
2026-07-24T10:00:50Z,5050012,18329947,16,197
2026-07-24T10:00:50Z,5050011,18329948,0,-523
2026-07-24T10:00:50Z,290021,18329966,16,-43
2026-07-24T10:00:50Z,810022,18329974,16,427
2026-07-24T10:00:50Z,810021,18329975,8,340
2026-07-24T10:00:50Z,5010011,18330003,18,-229
2026-07-24T10:00:50Z,460011,18330012,35,352
2026-07-24T10:00:50Z,460012,18330013,35,-290
2026-07-24T10:00:50Z,320011,18330057,16,296
2026-07-24T10:00:50Z,310031,18330111,32,-327
2026-07-24T10:00:50Z,310031,18330112,26,-393
2026-07-24T10:00:50Z,260012,18330152,21,-583
2026-07-24T10:00:50Z,260011,18330157,18,-379
2026-07-24T10:00:50Z,110011,18330167,37,-8
2026-07-24T10:00:50Z,330012,18330175,24,661
2026-07-24T10:00:50Z,260012,18330200,21,-594
2026-07-24T10:00:50Z,290022,18330222,18,-86
2026-07-24T10:00:50Z,1680012,18330229,18,234
2026-07-24T10:00:50Z,1010011,18330234,27,377
2026-07-24T10:00:50Z,1010012,18330235,16,405
2026-07-24T10:00:50Z,680022,18330254,24,1457
2026-07-24T10:00:50Z,110011,18330273,37,-335
2026-07-24T10:00:50Z,5040011,18330281,12,-336
2026-07-24T10:00:50Z,130011,18330295,15,-387
2026-07-24T10:00:50Z,380022,18330309,21,111
2026-07-24T10:00:50Z,440011,18330332,30,994
2026-07-24T10:00:50Z,110012,18330353,38,-4
2026-07-24T10:00:50Z,220021,18330363,33,-669
2026-07-24T10:00:50Z,330011,18330370,2,712
2026-07-24T10:00:50Z,440011,18330406,30,820
2026-07-24T10:00:50Z,5010012,18330433,21,-418
2026-07-24T10:00:50Z,620012,18330438,16,258
2026-07-24T10:00:50Z,620011,18330439,7,396
2026-07-24T10:00:50Z,130012,18330441,13,-599
2026-07-24T10:00:50Z,5020012,18330455,47,-142
2026-07-24T10:00:50Z,420022,18330466,49,-1302
2026-07-24T10:00:50Z,1010012,18330470,25,181
2026-07-24T10:00:50Z,120011,18330478,35,-179
2026-07-24T10:00:50Z,460012,18330484,35,111
2026-07-24T10:00:50Z,430012,18330492,23,248
2026-07-24T10:00:50Z,240012,18330496,17,114
2026-07-24T10:00:50Z,240011,18330497,18,-120
2026-07-24T10:00:50Z,5020011,18330498,48,796
2026-07-24T10:00:50Z,5020012,18330499,47,-791
2026-07-24T10:00:50Z,510011,18330501,14,285
2026-07-24T10:00:50Z,470011,18330504,19,-120
2026-07-24T10:00:50Z,470012,18330505,18,-18
2026-07-24T10:00:50Z,410012,18330508,36,32
2026-07-24T10:00:50Z,420021,18330520,52,342
2026-07-24T10:00:50Z,420022,18330521,49,-1122
2026-07-24T10:00:50Z,4050041,18330527,54,127
2026-07-24T10:00:50Z,120011,18330529,35,493
2026-07-24T10:00:50Z,130012,18330531,15,-513
2026-07-24T10:00:50Z,120011,18330533,35,-157
2026-07-24T10:00:50Z,160011,18330536,6,164
2026-07-24T10:00:50Z,420022,18330537,49,-195
2026-07-24T10:00:50Z,260012,18330538,21,103
2026-07-24T10:00:50Z,380021,18330539,22,326
2026-07-24T10:00:50Z,390011,18330541,15,850
2026-07-24T10:00:50Z,230031,18330543,47,-232
2026-07-24T10:00:50Z,230031,18330544,33,-175
2026-07-24T10:00:50Z,260011,18330545,18,-156
2026-07-24T10:00:50Z,560012,18330547,17,770
2026-07-24T10:00:50Z,560011,18330548,20,1796
2026-07-24T10:00:50Z,870011,18330554,6,239
2026-07-24T10:00:50Z,170021,18330558,20,-17
2026-07-24T10:00:50Z,470012,18330560,18,-14
2026-07-24T10:00:50Z,150011,18330562,25,-12
2026-07-24T10:00:50Z,520022,18330563,10,-370
2026-07-24T10:00:50Z,520021,18330564,16,-597
2026-07-24T10:00:50Z,740011,18330566,19,-147
2026-07-24T10:00:50Z,220021,18330567,33,-455
2026-07-24T10:00:50Z,220021,18330568,25,-688
2026-07-24T10:00:50Z,640032,18330569,24,1021
2026-07-24T10:00:50Z,640031,18330570,5,1100
2026-07-24T10:00:50Z,600011,18330572,15,210
2026-07-24T10:00:50Z,650012,18330575,17,114
2026-07-24T10:00:50Z,650011,18330576,17,94
2026-07-24T10:00:50Z,420021,18330589,52,-703
2026-07-24T10:00:50Z,420022,18330590,12,-542
2026-07-24T10:00:50Z,5010012,18330591,21,23
2026-07-24T10:00:50Z,5040012,18330593,16,-10
2026-07-24T10:00:50Z,5040011,18330594,12,-242
2026-07-24T10:00:50Z,5040012,18330595,12,-22
2026-07-24T10:00:50Z,330011,18330596,25,-321
2026-07-24T10:00:50Z,690021,18330598,8,244
2026-07-24T10:00:50Z,4050041,18330607,54,-82
2026-07-24T10:00:50Z,130011,18330611,15,-330
2026-07-24T10:00:50Z,9010021,18330612,20,184
2026-07-24T10:00:50Z,9010021,18330613,20,-65
2026-07-24T10:00:50Z,9010021,18330614,16,-67
2026-07-24T10:00:50Z,120012,18330626,34,113
2026-07-24T10:00:50Z,120011,18330627,9,257
2026-07-24T10:00:50Z,5010011,18330628,21,-31
2026-07-24T10:00:50Z,360022,18330629,22,-63
2026-07-24T10:00:50Z,360021,18330630,24,-345
2026-07-24T10:00:50Z,460011,18330631,35,152
2026-07-24T10:00:50Z,460012,18330632,34,-97
2026-07-24T10:00:50Z,780012,18330633,12,1183
2026-07-24T10:00:50Z,780011,18330634,2,755
2026-07-24T10:00:50Z,750012,18330637,16,950
2026-07-24T10:00:50Z,750011,18330638,2,1009
2026-07-24T10:00:50Z,190012,18330641,18,-92
2026-07-24T10:00:50Z,190011,18330642,18,-357
2026-07-24T10:00:50Z,260011,18330643,18,-618
2026-07-24T10:00:50Z,280012,18330645,18,-341
2026-07-24T10:00:50Z,280011,18330646,21,-154
2026-07-24T10:00:50Z,5020011,18330647,48,-548
2026-07-24T10:00:50Z,110012,18330651,38,-630
2026-07-24T10:00:50Z,110011,18330652,0,-1650
2026-07-24T10:00:50Z,410011,18330653,43,-707
2026-07-24T10:00:50Z,250011,18330661,13,-67
2026-07-24T10:00:50Z,250012,18330662,18,-221
2026-07-24T10:00:50Z,420021,18330672,52,-911
2026-07-24T10:00:50Z,440012,18330676,36,-450
2026-07-24T10:00:50Z,5040012,18330679,16,-164
2026-07-24T10:00:50Z,5040011,18330680,9,-189
2026-07-24T10:00:50Z,610012,18330683,15,919
2026-07-24T10:00:50Z,670012,18330685,12,-137
2026-07-24T10:00:50Z,670011,18330686,12,-123
2026-07-24T10:00:50Z,4050042,18330687,37,-582
2026-07-24T10:00:50Z,120012,18330690,34,-185
2026-07-24T10:00:50Z,5010011,18330692,21,-353
2026-07-24T10:00:50Z,320012,18330695,15,15
2026-07-24T10:00:50Z,320011,18330696,14,214
2026-07-24T10:00:50Z,310031,18330697,32,-327
2026-07-24T10:00:50Z,310031,18330698,0,-807
2026-07-24T10:00:50Z,460011,18330706,35,276
2026-07-24T10:00:50Z,410012,18330708,34,281
2026-07-24T10:00:50Z,410011,18330709,43,-362
2026-07-24T10:00:50Z,410012,18330710,0,-422
2026-07-24T10:00:50Z,380022,18330711,20,235
2026-07-24T10:00:50Z,5050011,18330713,16,-211
2026-07-24T10:00:50Z,840011,18330721,10,106
2026-07-24T10:00:50Z,4000021,18330731,35,409
2026-07-24T10:00:50Z,4000022,18330732,23,-271
2026-07-24T10:00:50Z,170021,18330735,20,-26
2026-07-24T10:00:50Z,170022,18330736,22,-585
2026-07-24T10:00:50Z,170021,18330737,0,-585
2026-07-24T10:00:50Z,150012,18330738,21,-188
2026-07-24T10:00:50Z,150011,18330739,0,-728
2026-07-24T10:00:50Z,110012,18330740,36,-290
2026-07-24T10:00:50Z,470011,18330742,19,-254
2026-07-24T10:00:50Z,470012,18330743,0,-554
2026-07-24T10:00:50Z,110011,18330744,36,-411
2026-07-24T10:00:50Z,530012,18330745,17,-130
2026-07-24T10:00:50Z,520022,18330749,9,-194
2026-07-24T10:00:50Z,710012,18330757,9,-101
2026-07-24T10:00:50Z,1680011,18330765,23,-179
2026-07-24T10:00:50Z,540012,18330767,15,-236
2026-07-24T10:00:50Z,420021,18330769,28,-174
2026-07-24T10:00:50Z,440012,18330775,23,-441
2026-07-24T10:00:50Z,1010011,18330776,12,-99
2026-07-24T10:00:50Z,4050041,18330778,17,352
2026-07-24T10:00:50Z,4050042,18330779,5,-67
2026-07-24T10:00:50Z,850011,18330780,11,280
2026-07-24T10:00:50Z,120012,18330791,20,-25
2026-07-24T10:00:50Z,360022,18330792,13,-33
2026-07-24T10:00:50Z,740012,18330793,13,-77
2026-07-24T10:00:50Z,730012,18330807,11,-220
2026-07-24T10:00:50Z,160011,18330821,5,129
2026-07-24T10:00:50Z,460011,18330831,12,7
2026-07-24T10:00:50Z,190012,18330833,5,-123
2026-07-24T10:00:50Z,240012,18330838,0,-2458
2026-07-24T10:00:50Z,280012,18330842,0,-2901
2026-07-24T10:00:50Z,260011,18330843,0,-1245
2026-07-24T10:00:50Z,1680011,18330844,0,-1323
2026-07-24T10:00:50Z,110012,18330857,0,-1077
2026-07-24T10:11:20Z,5030011,18329986,40,-55
2026-07-24T10:11:20Z,5030012,18329987,10,168
2026-07-24T10:11:20Z,5010011,18330003,21,-242
2026-07-24T10:11:20Z,5010012,18330004,0,-422
2026-07-24T10:11:20Z,460012,18330013,35,-203
2026-07-24T10:11:20Z,440011,18330045,24,413
2026-07-24T10:11:20Z,310031,18330111,32,-296
2026-07-24T10:11:20Z,310031,18330112,32,-433
2026-07-24T10:11:20Z,260012,18330152,21,-205
2026-07-24T10:11:20Z,260011,18330157,18,-379
2026-07-24T10:11:20Z,110011,18330167,37,126
2026-07-24T10:11:20Z,330012,18330175,24,707
2026-07-24T10:11:20Z,260012,18330200,21,-579
2026-07-24T10:11:20Z,290022,18330222,18,-62
2026-07-24T10:11:20Z,1680012,18330229,18,234
2026-07-24T10:11:20Z,1010011,18330234,27,322
2026-07-24T10:11:20Z,1010012,18330235,24,306
2026-07-24T10:11:20Z,680022,18330255,7,96
2026-07-24T10:11:20Z,130011,18330295,15,-382
2026-07-24T10:11:20Z,440011,18330332,30,1634
2026-07-24T10:11:20Z,110012,18330353,38,-50
2026-07-24T10:11:20Z,220021,18330363,33,-699
2026-07-24T10:11:20Z,220021,18330364,5,0
2026-07-24T10:11:20Z,330011,18330370,21,217
2026-07-24T10:11:20Z,440011,18330406,30,623
2026-07-24T10:11:20Z,5010012,18330433,21,-344
2026-07-24T10:11:20Z,620012,18330438,16,309
2026-07-24T10:11:20Z,620011,18330439,16,270
2026-07-24T10:11:20Z,130012,18330441,15,-747
2026-07-24T10:11:20Z,5020012,18330455,47,77
2026-07-24T10:11:20Z,420022,18330466,49,-1085
2026-07-24T10:11:20Z,1010012,18330470,25,306
2026-07-24T10:11:20Z,120011,18330478,35,8
2026-07-24T10:11:20Z,430012,18330492,25,476
2026-07-24T10:11:20Z,430011,18330493,7,246
2026-07-24T10:11:20Z,240012,18330496,17,34
2026-07-24T10:11:20Z,240011,18330497,18,-121
2026-07-24T10:11:20Z,5020012,18330499,47,-455
2026-07-24T10:11:20Z,510011,18330501,14,864
2026-07-24T10:11:20Z,470011,18330504,19,147
2026-07-24T10:11:20Z,470012,18330505,18,-12
2026-07-24T10:11:20Z,410012,18330508,36,230
2026-07-24T10:11:20Z,270011,18330512,5,289
2026-07-24T10:11:20Z,420021,18330520,52,474
2026-07-24T10:11:20Z,420022,18330521,49,-1130
2026-07-24T10:11:20Z,4050041,18330527,54,247
2026-07-24T10:11:20Z,120011,18330533,35,-139
2026-07-24T10:11:20Z,380021,18330539,22,973
2026-07-24T10:11:20Z,390011,18330541,15,1005
2026-07-24T10:11:20Z,230031,18330543,47,-128
2026-07-24T10:11:20Z,230031,18330544,47,-328
2026-07-24T10:11:20Z,560011,18330548,21,1734
2026-07-24T10:11:20Z,560012,18330549,3,1846
2026-07-24T10:11:20Z,170021,18330558,20,232
2026-07-24T10:11:20Z,470012,18330560,18,-41
2026-07-24T10:11:20Z,150011,18330562,25,120
2026-07-24T10:11:20Z,520022,18330563,10,122
2026-07-24T10:11:20Z,520021,18330564,16,-597
2026-07-24T10:11:20Z,740011,18330566,19,-93
2026-07-24T10:11:20Z,220021,18330567,33,-299
2026-07-24T10:11:20Z,220021,18330568,33,-803
2026-07-24T10:11:20Z,640032,18330569,24,968
2026-07-24T10:11:20Z,640031,18330570,5,1047
2026-07-24T10:11:20Z,600011,18330572,15,90
2026-07-24T10:11:20Z,600012,18330573,0,-3030
2026-07-24T10:11:20Z,650012,18330575,17,17
2026-07-24T10:11:20Z,650011,18330576,17,86
2026-07-24T10:11:20Z,410011,18330587,43,-225
2026-07-24T10:11:20Z,410012,18330588,21,567
2026-07-24T10:11:20Z,420021,18330589,52,-407
2026-07-24T10:11:20Z,420022,18330590,28,-929
2026-07-24T10:11:20Z,5040011,18330594,12,-272
2026-07-24T10:11:20Z,5040012,18330595,16,-114
2026-07-24T10:11:20Z,330011,18330596,25,-284
2026-07-24T10:11:20Z,690021,18330598,8,284
2026-07-24T10:11:20Z,690022,18330599,3,-97
2026-07-24T10:11:20Z,4050041,18330607,54,-47
2026-07-24T10:11:20Z,9010021,18330613,20,-68
2026-07-24T10:11:20Z,9010021,18330614,19,-19
2026-07-24T10:11:20Z,120012,18330626,34,408
2026-07-24T10:11:20Z,120011,18330627,21,141
2026-07-24T10:11:20Z,5010011,18330628,21,162
2026-07-24T10:11:20Z,360022,18330629,22,36
2026-07-24T10:11:20Z,360021,18330630,24,-346
2026-07-24T10:11:20Z,460011,18330631,35,471
2026-07-24T10:11:20Z,460012,18330632,35,224
2026-07-24T10:11:20Z,780012,18330633,12,896
2026-07-24T10:11:20Z,780011,18330634,2,468
2026-07-24T10:11:20Z,750012,18330637,16,914
2026-07-24T10:11:20Z,750011,18330638,2,973
2026-07-24T10:11:20Z,260011,18330643,18,-523
2026-07-24T10:11:20Z,260012,18330644,7,53
2026-07-24T10:11:20Z,280012,18330645,18,-192
2026-07-24T10:11:20Z,280011,18330646,21,-154
2026-07-24T10:11:20Z,5020011,18330647,48,-425
2026-07-24T10:11:20Z,5020012,18330648,12,89
2026-07-24T10:11:20Z,110012,18330651,38,-371
2026-07-24T10:11:20Z,110011,18330652,12,-76
2026-07-24T10:11:20Z,410011,18330653,43,-494
2026-07-24T10:11:20Z,250011,18330661,13,6
2026-07-24T10:11:20Z,250012,18330662,18,-221
2026-07-24T10:11:20Z,160012,18330669,7,-124
2026-07-24T10:11:20Z,160011,18330670,6,26
2026-07-24T10:11:20Z,160012,18330671,7,-285
2026-07-24T10:11:20Z,420021,18330672,52,-812
2026-07-24T10:11:20Z,440012,18330676,36,-452
2026-07-24T10:11:20Z,5040012,18330679,16,-175
2026-07-24T10:11:20Z,5040011,18330680,12,-152
2026-07-24T10:11:20Z,610012,18330683,18,1174
2026-07-24T10:11:20Z,670012,18330685,12,-137
2026-07-24T10:11:20Z,670011,18330686,12,-123
2026-07-24T10:11:20Z,4050042,18330687,43,-641
2026-07-24T10:11:20Z,120012,18330690,34,-186
2026-07-24T10:11:20Z,5010011,18330692,21,-362
2026-07-24T10:11:20Z,320012,18330695,15,-9
2026-07-24T10:11:20Z,320011,18330696,16,242
2026-07-24T10:11:20Z,310031,18330697,32,-372
2026-07-24T10:11:20Z,310031,18330698,15,-156
2026-07-24T10:11:20Z,460011,18330706,35,480
2026-07-24T10:11:20Z,460012,18330707,12,-110
2026-07-24T10:11:20Z,410012,18330708,36,197
2026-07-24T10:11:20Z,410011,18330709,43,-371
2026-07-24T10:11:20Z,410012,18330710,0,-431
2026-07-24T10:11:20Z,380022,18330711,21,277
2026-07-24T10:11:20Z,5050011,18330713,16,-241
2026-07-24T10:11:20Z,840011,18330721,10,106
2026-07-24T10:11:20Z,4000021,18330731,40,-190
2026-07-24T10:11:20Z,4000022,18330732,37,-143
2026-07-24T10:11:20Z,170021,18330735,20,-28
2026-07-24T10:11:20Z,170022,18330736,22,-554
2026-07-24T10:11:20Z,170021,18330737,15,140
2026-07-24T10:11:20Z,150012,18330738,21,-157
2026-07-24T10:11:20Z,150011,18330739,15,-25
2026-07-24T10:11:20Z,110012,18330740,38,-378
2026-07-24T10:11:20Z,470011,18330742,19,-221
2026-07-24T10:11:20Z,470012,18330743,7,52
2026-07-24T10:11:20Z,110011,18330744,37,-397
2026-07-24T10:11:20Z,530012,18330745,17,-130
2026-07-24T10:11:20Z,530011,18330746,3,469
2026-07-24T10:11:20Z,520022,18330749,10,68
2026-07-24T10:11:20Z,710012,18330757,9,-101
2026-07-24T10:11:20Z,710011,18330758,6,-5
2026-07-24T10:11:20Z,1680011,18330765,23,-179
2026-07-24T10:11:20Z,540012,18330767,16,340
2026-07-24T10:11:20Z,540011,18330768,8,274
2026-07-24T10:11:20Z,420021,18330769,43,-389
2026-07-24T10:11:20Z,440012,18330775,34,-482
2026-07-24T10:11:20Z,1010011,18330776,24,30
2026-07-24T10:11:20Z,4050042,18330779,18,-194
2026-07-24T10:11:20Z,850011,18330780,16,109
2026-07-24T10:11:20Z,130011,18330790,15,-502
2026-07-24T10:11:20Z,120012,18330791,31,-46
2026-07-24T10:11:20Z,360022,18330792,22,-203
2026-07-24T10:11:20Z,740012,18330793,19,-85
2026-07-24T10:11:20Z,730012,18330807,12,-221
2026-07-24T10:11:20Z,160011,18330821,6,26
2026-07-24T10:11:20Z,160012,18330822,2,-136
2026-07-24T10:11:20Z,190012,18330833,14,-94
2026-07-24T10:11:20Z,240012,18330838,10,181
2026-07-24T10:11:20Z,230031,18330839,11,92
2026-07-24T10:11:20Z,280012,18330842,8,-188
2026-07-24T10:11:20Z,260011,18330843,7,-162
2026-07-24T10:11:20Z,1680011,18330844,12,-29
2026-07-24T10:11:20Z,170022,18330854,7,-281
2026-07-24T10:11:20Z,410011,18330855,14,-143
2026-07-24T10:11:20Z,470011,18330858,5,169
2026-07-24T10:11:20Z,520022,18330860,4,-2
2026-07-24T10:11:20Z,670012,18330862,0,-994
2026-07-24T10:11:20Z,500012,18330864,0,0
2026-07-24T10:11:20Z,420021,18330868,2,-23
2026-07-24T10:11:20Z,5030012,18329557,40,274
2026-07-24T10:11:20Z,5030011,18329558,36,-424
2026-07-24T10:11:20Z,5020011,18329603,48,-11
2026-07-24T10:11:20Z,5020012,18329604,47,-805
2026-07-24T10:11:20Z,4000022,18329660,41,-45
2026-07-24T10:11:20Z,5030011,18329688,40,85
2026-07-24T10:11:20Z,5030012,18329689,21,114
2026-07-24T10:11:20Z,410012,18329693,36,-245
2026-07-24T10:11:20Z,440012,18329702,36,238
2026-07-24T10:11:20Z,5020011,18329709,48,-692
2026-07-24T10:11:20Z,700011,18329716,5,-101
2026-07-24T10:11:20Z,5010012,18329727,21,-287
2026-07-24T10:11:20Z,5030011,18329761,40,22
2026-07-24T10:11:20Z,5030012,18329762,35,-249
2026-07-24T10:11:20Z,7010012,18329806,15,540
2026-07-24T10:11:20Z,7010011,18329807,4,326
2026-07-24T10:11:20Z,5030012,18329822,40,118
2026-07-24T10:11:20Z,5030011,18329823,10,-258
2026-07-24T10:11:20Z,5050011,18329831,16,-326
2026-07-24T10:11:20Z,5050022,18329832,13,248
2026-07-24T10:11:20Z,4000021,18329837,40,19
2026-07-24T10:11:20Z,480011,18329865,15,2295
2026-07-24T10:11:20Z,480012,18329866,23,262
2026-07-24T10:11:20Z,4050041,18329903,53,285
2026-07-24T10:11:20Z,130012,18329913,15,-687
2026-07-24T10:11:20Z,5030012,18329929,40,1047
2026-07-24T10:11:20Z,5050012,18329947,16,187
2026-07-24T10:11:20Z,5050011,18329948,6,8
2026-07-24T10:11:20Z,4000021,18329954,15,254
2026-07-24T10:11:20Z,290021,18329966,16,-48
2026-07-24T10:11:20Z,290022,18329967,5,15
2026-07-24T10:11:20Z,810022,18329974,16,312
2026-07-24T10:11:20Z,810021,18329975,12,210
2026-07-24T10:21:50Z,5030011,18329986,40,122
2026-07-24T10:21:50Z,5030012,18329987,17,117
2026-07-24T10:21:50Z,5010011,18330003,21,-240
2026-07-24T10:21:50Z,5010012,18330004,12,-14
2026-07-24T10:21:50Z,460012,18330013,35,0
2026-07-24T10:21:50Z,440011,18330045,29,353
2026-07-24T10:21:50Z,310031,18330111,32,-42
2026-07-24T10:21:50Z,310031,18330112,32,-418
2026-07-24T10:21:50Z,310031,18330113,1,19
2026-07-24T10:21:50Z,260012,18330152,21,10
2026-07-24T10:21:50Z,260011,18330157,18,-368
2026-07-24T10:21:50Z,330012,18330175,24,954
2026-07-24T10:21:50Z,260012,18330200,21,-560
2026-07-24T10:21:50Z,290022,18330222,18,-40
2026-07-24T10:21:50Z,1680012,18330229,18,192
2026-07-24T10:21:50Z,1010011,18330234,27,200
2026-07-24T10:21:50Z,1010012,18330235,25,280
2026-07-24T10:21:50Z,680022,18330255,9,260
2026-07-24T10:21:50Z,130011,18330295,15,-209
2026-07-24T10:21:50Z,440011,18330332,30,2276
2026-07-24T10:21:50Z,220021,18330363,33,-556
2026-07-24T10:21:50Z,220021,18330364,16,-223
2026-07-24T10:21:50Z,5040012,18330368,6,58
2026-07-24T10:21:50Z,330011,18330370,24,472
2026-07-24T10:21:50Z,440011,18330406,30,890
2026-07-24T10:21:50Z,5010012,18330433,21,-103
2026-07-24T10:21:50Z,620012,18330438,16,435
2026-07-24T10:21:50Z,620011,18330439,20,293
2026-07-24T10:21:50Z,130012,18330441,15,-774
2026-07-24T10:21:50Z,5020012,18330455,47,167
2026-07-24T10:21:50Z,420022,18330466,49,-997
2026-07-24T10:21:50Z,120011,18330478,35,18
2026-07-24T10:21:50Z,430012,18330492,25,314
2026-07-24T10:21:50Z,430011,18330493,17,439
2026-07-24T10:21:50Z,240011,18330497,18,-121
2026-07-24T10:21:50Z,5020012,18330499,47,-241
2026-07-24T10:21:50Z,470011,18330504,19,221
2026-07-24T10:21:50Z,470012,18330505,18,-35
2026-07-24T10:21:50Z,410012,18330508,36,410
2026-07-24T10:21:50Z,270011,18330512,8,337
2026-07-24T10:21:50Z,420022,18330521,49,-1095
2026-07-24T10:21:50Z,120011,18330533,35,-521
2026-07-24T10:21:50Z,390011,18330541,15,415
2026-07-24T10:21:50Z,230031,18330544,47,-329
2026-07-24T10:21:50Z,560011,18330548,21,1664
2026-07-24T10:21:50Z,560012,18330549,7,1896
2026-07-24T10:21:50Z,170021,18330558,20,362
2026-07-24T10:21:50Z,470012,18330560,18,-126
2026-07-24T10:21:50Z,150011,18330562,25,135
2026-07-24T10:21:50Z,520022,18330563,10,661
2026-07-24T10:21:50Z,520021,18330564,16,-558
2026-07-24T10:21:50Z,740011,18330566,19,52
2026-07-24T10:21:50Z,220021,18330568,33,-791
2026-07-24T10:21:50Z,600012,18330573,3,270
2026-07-24T10:21:50Z,650011,18330576,17,121
2026-07-24T10:21:50Z,410011,18330587,43,-43
2026-07-24T10:21:50Z,410012,18330588,32,615
2026-07-24T10:21:50Z,420021,18330589,52,-351
2026-07-24T10:21:50Z,420022,18330590,41,-1134
2026-07-24T10:21:50Z,5040011,18330594,12,-288
2026-07-24T10:21:50Z,5040012,18330595,16,-120
2026-07-24T10:21:50Z,690022,18330599,3,-97
2026-07-24T10:21:50Z,690021,18330600,5,-67
2026-07-24T10:21:50Z,4050041,18330607,54,-126
2026-07-24T10:21:50Z,9010021,18330613,20,56
2026-07-24T10:21:50Z,9010021,18330614,20,-82
2026-07-24T10:21:50Z,9010021,18330615,9,-3
2026-07-24T10:21:50Z,120012,18330626,34,577
2026-07-24T10:21:50Z,120011,18330627,35,18
2026-07-24T10:21:50Z,360021,18330630,24,-268
2026-07-24T10:21:50Z,460011,18330631,35,773
2026-07-24T10:21:50Z,460012,18330632,35,495
2026-07-24T10:21:50Z,780012,18330633,12,200
2026-07-24T10:21:50Z,780011,18330634,10,1246
2026-07-24T10:21:50Z,750012,18330637,16,535
2026-07-24T10:21:50Z,750011,18330638,6,1488
2026-07-24T10:21:50Z,190011,18330642,18,-640
2026-07-24T10:21:50Z,260011,18330643,18,-338
2026-07-24T10:21:50Z,260012,18330644,16,-67
2026-07-24T10:21:50Z,280011,18330646,21,-146
2026-07-24T10:21:50Z,5020011,18330647,48,-198
2026-07-24T10:21:50Z,5020012,18330648,24,-17
2026-07-24T10:21:50Z,110012,18330651,38,-110
2026-07-24T10:21:50Z,110011,18330652,24,-171
2026-07-24T10:21:50Z,410011,18330653,43,-337
2026-07-24T10:21:50Z,410012,18330654,0,-2437
2026-07-24T10:21:50Z,250012,18330662,18,-214
2026-07-24T10:21:50Z,160011,18330670,6,61
2026-07-24T10:21:50Z,160012,18330671,7,-292
2026-07-24T10:21:50Z,420021,18330672,52,-613
2026-07-24T10:21:50Z,420022,18330673,1,-23
2026-07-24T10:21:50Z,440012,18330676,36,-371
2026-07-24T10:21:50Z,5040012,18330679,16,-19
2026-07-24T10:21:50Z,5040011,18330680,12,-123
2026-07-24T10:21:50Z,610012,18330683,20,1465
2026-07-24T10:21:50Z,670012,18330685,12,71
2026-07-24T10:21:50Z,670011,18330686,12,-123
2026-07-24T10:21:50Z,4050042,18330687,48,-647
2026-07-24T10:21:50Z,120012,18330690,34,-62
2026-07-24T10:21:50Z,120011,18330691,0,-1802
2026-07-24T10:21:50Z,5010011,18330692,21,-248
2026-07-24T10:21:50Z,320012,18330695,15,78
2026-07-24T10:21:50Z,320011,18330696,16,255
2026-07-24T10:21:50Z,310031,18330697,32,-392
2026-07-24T10:21:50Z,310031,18330698,29,-457
2026-07-24T10:21:50Z,460011,18330706,35,640
2026-07-24T10:21:50Z,460012,18330707,21,8
2026-07-24T10:21:50Z,410012,18330708,36,403
2026-07-24T10:21:50Z,410011,18330709,43,-279
2026-07-24T10:21:50Z,410012,18330710,7,628
2026-07-24T10:21:50Z,380022,18330711,21,231
2026-07-24T10:21:50Z,5050011,18330713,16,-225
2026-07-24T10:21:50Z,5050012,18330714,6,-361
2026-07-24T10:21:50Z,840011,18330721,10,106
2026-07-24T10:21:50Z,4000021,18330731,40,-229
2026-07-24T10:21:50Z,4000022,18330732,41,-53
2026-07-24T10:21:50Z,170021,18330735,20,-50
2026-07-24T10:21:50Z,170022,18330736,22,-540
2026-07-24T10:21:50Z,170021,18330737,20,-50
2026-07-24T10:21:50Z,150012,18330738,21,-140
2026-07-24T10:21:50Z,150011,18330739,25,33
2026-07-24T10:21:50Z,110012,18330740,38,-384
2026-07-24T10:21:50Z,470011,18330742,19,-203
2026-07-24T10:21:50Z,470012,18330743,17,-30
2026-07-24T10:21:50Z,110011,18330744,37,-400
2026-07-24T10:21:50Z,530012,18330745,17,-130
2026-07-24T10:21:50Z,530011,18330746,15,715
2026-07-24T10:21:50Z,520022,18330749,10,192
2026-07-24T10:21:50Z,520021,18330750,2,-7
2026-07-24T10:21:50Z,710012,18330757,9,-101
2026-07-24T10:21:50Z,710011,18330758,9,-105
2026-07-24T10:21:50Z,1680011,18330765,23,-177
2026-07-24T10:21:50Z,540012,18330767,16,340
2026-07-24T10:21:50Z,540011,18330768,15,199
2026-07-24T10:21:50Z,420021,18330769,52,-556
2026-07-24T10:21:50Z,440012,18330775,36,-469
2026-07-24T10:21:50Z,1010011,18330776,27,167
2026-07-24T10:21:50Z,4050042,18330779,29,-210
2026-07-24T10:21:50Z,850011,18330780,17,107
2026-07-24T10:21:50Z,130011,18330790,15,-492
2026-07-24T10:21:50Z,120012,18330791,34,-75
2026-07-24T10:21:50Z,360022,18330792,22,-208
2026-07-24T10:21:50Z,740012,18330793,19,-85
2026-07-24T10:21:50Z,740011,18330794,7,-93
2026-07-24T10:21:50Z,730012,18330807,12,-221
2026-07-24T10:21:50Z,160011,18330821,6,26
2026-07-24T10:21:50Z,160012,18330822,7,-232
2026-07-24T10:21:50Z,190012,18330833,18,-33
2026-07-24T10:21:50Z,240012,18330838,17,154
2026-07-24T10:21:50Z,230031,18330839,23,-127
2026-07-24T10:21:50Z,280012,18330842,18,-321
2026-07-24T10:21:50Z,260011,18330843,16,-181
2026-07-24T10:21:50Z,1680011,18330844,23,-177
2026-07-24T10:21:50Z,170022,18330854,22,-540
2026-07-24T10:21:50Z,410011,18330855,24,-132
2026-07-24T10:21:50Z,110012,18330857,24,-224
2026-07-24T10:21:50Z,470011,18330858,12,375
2026-07-24T10:21:50Z,520022,18330860,8,-293
2026-07-24T10:21:50Z,670012,18330862,12,-133
2026-07-24T10:21:50Z,670011,18330863,2,-4
2026-07-24T10:21:50Z,500012,18330864,8,-62
2026-07-24T10:21:50Z,420021,18330868,14,-146
2026-07-24T10:21:50Z,5040011,18330870,2,20
2026-07-24T10:21:50Z,440011,18330876,0,-1466
2026-07-24T10:21:50Z,330012,18330877,5,170
2026-07-24T10:21:50Z,630032,18330879,1,159
2026-07-24T10:21:50Z,4050042,18330881,3,-23
2026-07-24T10:21:50Z,120012,18330886,6,55
2026-07-24T10:21:50Z,5010011,18330888,8,-203
2026-07-24T10:21:50Z,130012,18330891,4,-11
2026-07-24T10:21:50Z,320012,18330893,6,81
2026-07-24T10:21:50Z,360021,18330897,0,-1089
2026-07-24T10:21:50Z,410011,18330903,3,-118
2026-07-24T10:21:50Z,460011,18330905,2,-53
2026-07-24T10:21:50Z,5030012,18329557,40,315
2026-07-24T10:21:50Z,5030011,18329558,40,-295
2026-07-24T10:21:50Z,5020011,18329603,48,296
2026-07-24T10:21:50Z,5020012,18329604,47,-785
2026-07-24T10:21:50Z,5030011,18329688,40,258
2026-07-24T10:21:50Z,5030012,18329689,32,-71
2026-07-24T10:21:50Z,410012,18329693,36,-68
2026-07-24T10:21:50Z,440012,18329702,36,316
2026-07-24T10:21:50Z,5020011,18329709,48,-683
2026-07-24T10:21:50Z,5010012,18329727,21,-295
2026-07-24T10:21:50Z,5030011,18329761,40,273
2026-07-24T10:21:50Z,5030012,18329762,40,-251
2026-07-24T10:21:50Z,820012,18329766,0,-3525
2026-07-24T10:21:50Z,7010012,18329806,15,154
2026-07-24T10:21:50Z,7010011,18329807,8,99
2026-07-24T10:21:50Z,5030012,18329822,40,319
2026-07-24T10:21:50Z,5030011,18329823,22,-444
2026-07-24T10:21:50Z,5050011,18329831,16,-366
2026-07-24T10:21:50Z,5050022,18329832,22,-62
2026-07-24T10:21:50Z,4000021,18329837,40,12
2026-07-24T10:21:50Z,480012,18329866,23,169
2026-07-24T10:21:50Z,4050041,18329903,54,305
2026-07-24T10:21:50Z,130012,18329913,15,-531
2026-07-24T10:21:50Z,5030012,18329929,40,1676
2026-07-24T10:21:50Z,5050012,18329947,16,211
2026-07-24T10:21:50Z,5050011,18329948,10,-409
2026-07-24T10:21:50Z,4000021,18329954,29,313
2026-07-24T10:21:50Z,290021,18329966,16,-32
2026-07-24T10:21:50Z,290022,18329967,13,-40
2026-07-24T10:21:50Z,810021,18329975,17,288
2026-07-24T10:32:19Z,5030011,18329986,40,243
2026-07-24T10:32:19Z,5030012,18329987,31,-105
2026-07-24T10:32:19Z,5010011,18330003,21,-228
2026-07-24T10:32:19Z,5010012,18330004,21,-228
2026-07-24T10:32:19Z,460012,18330013,35,119
2026-07-24T10:32:19Z,440011,18330045,30,1076
2026-07-24T10:32:19Z,260012,18330082,0,-435
2026-07-24T10:32:19Z,310031,18330111,32,115
2026-07-24T10:32:19Z,310031,18330112,32,-434
2026-07-24T10:32:19Z,310031,18330113,16,-225
2026-07-24T10:32:19Z,260012,18330152,21,142
2026-07-24T10:32:19Z,260011,18330157,18,-322
2026-07-24T10:32:19Z,330012,18330175,24,1066
2026-07-24T10:32:19Z,260012,18330200,21,-582
2026-07-24T10:32:19Z,1680012,18330229,18,21
2026-07-24T10:32:19Z,1010012,18330235,25,282
2026-07-24T10:32:19Z,680022,18330255,20,496
2026-07-24T10:32:19Z,110011,18330273,37,692
2026-07-24T10:32:19Z,440011,18330332,30,2812
2026-07-24T10:32:19Z,220021,18330363,33,-495
2026-07-24T10:32:19Z,220021,18330364,25,-420
2026-07-24T10:32:19Z,5040012,18330368,15,-162
2026-07-24T10:32:19Z,330011,18330370,25,585
2026-07-24T10:32:19Z,440011,18330406,30,978
2026-07-24T10:32:19Z,5010012,18330433,21,114
2026-07-24T10:32:19Z,620012,18330438,16,472
2026-07-24T10:32:19Z,620011,18330439,22,297
2026-07-24T10:32:19Z,130012,18330441,15,-774
2026-07-24T10:32:19Z,420022,18330466,49,-718
2026-07-24T10:32:19Z,760012,18330472,0,587
2026-07-24T10:32:19Z,430012,18330492,25,407
2026-07-24T10:32:19Z,430011,18330493,22,400
2026-07-24T10:32:19Z,240011,18330497,18,-136
2026-07-24T10:32:19Z,5020012,18330499,47,-89
2026-07-24T10:32:19Z,470012,18330505,18,-22
2026-07-24T10:32:19Z,410012,18330508,36,670
2026-07-24T10:32:19Z,270011,18330512,8,338
2026-07-24T10:32:19Z,270012,18330513,0,-622
2026-07-24T10:32:19Z,420022,18330521,49,-991
2026-07-24T10:32:19Z,120011,18330533,35,-429
2026-07-24T10:32:19Z,390011,18330541,15,947
2026-07-24T10:32:19Z,230031,18330544,47,-525
2026-07-24T10:32:19Z,560011,18330548,21,1486
2026-07-24T10:32:19Z,560012,18330549,12,2076
2026-07-24T10:32:19Z,520021,18330564,16,-476
2026-07-24T10:32:19Z,740011,18330566,19,211
2026-07-24T10:32:19Z,220021,18330568,33,-806
2026-07-24T10:32:19Z,640032,18330569,24,23
2026-07-24T10:32:19Z,640031,18330570,12,1612
2026-07-24T10:32:19Z,600012,18330573,14,354
2026-07-24T10:32:19Z,600011,18330574,1,356
2026-07-24T10:32:19Z,650011,18330576,17,-35
2026-07-24T10:32:19Z,770012,18330578,1,1153
2026-07-24T10:32:19Z,410012,18330588,36,395
2026-07-24T10:32:19Z,420022,18330590,49,-2693
2026-07-24T10:32:19Z,5040011,18330594,12,-119
2026-07-24T10:32:19Z,5040012,18330595,16,-144
2026-07-24T10:32:19Z,690022,18330599,3,-97
2026-07-24T10:32:19Z,690021,18330600,8,227
2026-07-24T10:32:19Z,4050041,18330607,54,-80
2026-07-24T10:32:19Z,9010021,18330613,20,360
2026-07-24T10:32:19Z,9010021,18330614,20,-64
2026-07-24T10:32:19Z,9010021,18330615,17,-49
2026-07-24T10:32:19Z,120011,18330627,35,-992
2026-07-24T10:32:19Z,360021,18330630,24,-122
2026-07-24T10:32:19Z,460012,18330632,35,-125
2026-07-24T10:32:19Z,780011,18330634,12,1427
2026-07-24T10:32:19Z,750012,18330637,16,167
2026-07-24T10:32:19Z,750011,18330638,16,1007
2026-07-24T10:32:19Z,190011,18330642,18,-382
2026-07-24T10:32:19Z,260012,18330644,21,-304
2026-07-24T10:32:19Z,280011,18330646,21,-192
2026-07-24T10:32:19Z,5020011,18330647,48,-26
2026-07-24T10:32:19Z,5020012,18330648,41,-336
2026-07-24T10:32:19Z,110012,18330651,38,206
2026-07-24T10:32:19Z,110011,18330652,37,-335
2026-07-24T10:32:19Z,410011,18330653,43,-205
2026-07-24T10:32:19Z,410012,18330654,0,-2305
2026-07-24T10:32:19Z,250012,18330662,18,-114
2026-07-24T10:32:19Z,160011,18330670,6,39
2026-07-24T10:32:19Z,160012,18330671,7,-293
2026-07-24T10:32:19Z,420021,18330672,52,-387
2026-07-24T10:32:19Z,420022,18330673,14,-658
2026-07-24T10:32:19Z,440012,18330676,36,-265
2026-07-24T10:32:19Z,5040012,18330679,16,7
2026-07-24T10:32:19Z,5040011,18330680,12,-117
2026-07-24T10:32:19Z,610012,18330683,22,1129
2026-07-24T10:32:19Z,670011,18330686,12,-91
2026-07-24T10:32:19Z,4050042,18330687,55,-188
2026-07-24T10:32:19Z,120012,18330690,34,178
2026-07-24T10:32:19Z,120011,18330691,9,243
2026-07-24T10:32:19Z,5010011,18330692,21,-57
2026-07-24T10:32:19Z,320012,18330695,15,303
2026-07-24T10:32:19Z,320011,18330696,16,239
2026-07-24T10:32:19Z,310031,18330697,32,-278
2026-07-24T10:32:19Z,310031,18330698,32,-434
2026-07-24T10:32:19Z,460011,18330706,35,698
2026-07-24T10:32:19Z,460012,18330707,31,74
2026-07-24T10:32:19Z,410012,18330708,36,-368
2026-07-24T10:32:19Z,410011,18330709,43,-69
2026-07-24T10:32:19Z,410012,18330710,21,514
2026-07-24T10:32:19Z,380022,18330711,21,310
2026-07-24T10:32:19Z,380021,18330712,22,1011
2026-07-24T10:32:19Z,5050011,18330713,16,-118
2026-07-24T10:32:19Z,5050012,18330714,11,-965
2026-07-24T10:32:19Z,840011,18330721,10,155
2026-07-24T10:32:19Z,4000021,18330731,40,-229
2026-07-24T10:32:19Z,4000022,18330732,41,-18
2026-07-24T10:32:19Z,4000021,18330733,3,29
2026-07-24T10:32:19Z,170021,18330735,20,-31
2026-07-24T10:32:19Z,170022,18330736,22,-479
2026-07-24T10:32:19Z,170021,18330737,20,-52
2026-07-24T10:32:19Z,150012,18330738,21,51
2026-07-24T10:32:19Z,150011,18330739,25,26
2026-07-24T10:32:19Z,110012,18330740,38,-294
2026-07-24T10:32:19Z,110011,18330741,3,-13
2026-07-24T10:32:19Z,470011,18330742,19,-168
2026-07-24T10:32:19Z,470012,18330743,18,-46
2026-07-24T10:32:19Z,110011,18330744,37,-325
2026-07-24T10:32:19Z,530012,18330745,17,-130
2026-07-24T10:32:19Z,530011,18330746,19,646
2026-07-24T10:32:19Z,520022,18330749,10,192
2026-07-24T10:32:19Z,520021,18330750,5,-216
2026-07-24T10:32:19Z,710012,18330757,9,-101
2026-07-24T10:32:19Z,710011,18330758,9,-106
2026-07-24T10:32:19Z,1680011,18330765,23,-177
2026-07-24T10:32:19Z,540012,18330767,16,340
2026-07-24T10:32:19Z,540011,18330768,16,663
2026-07-24T10:32:19Z,420021,18330769,52,-549
2026-07-24T10:32:19Z,440012,18330775,36,-498
2026-07-24T10:32:19Z,1010011,18330776,27,172
2026-07-24T10:32:19Z,4050042,18330779,37,-413
2026-07-24T10:32:19Z,850011,18330780,17,107
2026-07-24T10:32:19Z,130011,18330790,15,-488
2026-07-24T10:32:19Z,120012,18330791,34,-68
2026-07-24T10:32:19Z,360022,18330792,22,-209
2026-07-24T10:32:19Z,740012,18330793,19,-85
2026-07-24T10:32:19Z,740011,18330794,19,-196
2026-07-24T10:32:19Z,730012,18330807,12,-221
2026-07-24T10:32:19Z,730011,18330808,3,78
2026-07-24T10:32:19Z,160011,18330821,6,24
2026-07-24T10:32:19Z,160012,18330822,7,-233
2026-07-24T10:32:19Z,190012,18330833,18,-41
2026-07-24T10:32:19Z,240012,18330838,17,143
2026-07-24T10:32:19Z,230031,18330839,35,-402
2026-07-24T10:32:19Z,280012,18330842,18,-327
2026-07-24T10:32:19Z,260011,18330843,18,-183
2026-07-24T10:32:19Z,1680011,18330844,23,-177
2026-07-24T10:32:19Z,170022,18330854,22,-538
2026-07-24T10:32:19Z,410011,18330855,39,-329
2026-07-24T10:32:19Z,110012,18330857,37,-400
2026-07-24T10:32:19Z,470011,18330858,19,4
2026-07-24T10:32:19Z,470012,18330859,0,-536
2026-07-24T10:32:19Z,520022,18330860,9,-436
2026-07-24T10:32:19Z,670012,18330862,12,-135
2026-07-24T10:32:19Z,670011,18330863,11,-130
2026-07-24T10:32:19Z,500012,18330864,18,226
2026-07-24T10:32:19Z,420021,18330868,28,-181
2026-07-24T10:32:19Z,5040011,18330870,11,-230
2026-07-24T10:32:19Z,440011,18330876,8,381
2026-07-24T10:32:19Z,330012,18330877,15,169
2026-07-24T10:32:19Z,630032,18330879,8,6
2026-07-24T10:32:19Z,4050042,18330881,5,-74
2026-07-24T10:32:19Z,120012,18330886,21,-64
2026-07-24T10:32:19Z,5010011,18330888,19,-281
2026-07-24T10:32:19Z,130012,18330891,14,-409
2026-07-24T10:32:19Z,320012,18330893,15,-3
2026-07-24T10:32:19Z,360021,18330897,14,-174
2026-07-24T10:32:19Z,410011,18330903,14,-191
2026-07-24T10:32:19Z,190011,18330911,4,121
2026-07-24T10:32:19Z,230031,18330917,0,-978
2026-07-24T10:32:19Z,260011,18330921,0,-3493
2026-07-24T10:32:19Z,240011,18330926,3,-26
2026-07-24T10:32:19Z,280011,18330935,2,-2
2026-07-24T10:32:19Z,380022,18330936,0,56
2026-07-24T10:32:19Z,5020011,18330937,3,-68
2026-07-24T10:32:19Z,5050011,18330941,2,-13
2026-07-24T10:32:19Z,5030011,18330943,2,-90
2026-07-24T10:32:19Z,4000022,18330951,1,-17
2026-07-24T10:32:19Z,170022,18330952,1,-17
2026-07-24T10:32:19Z,470011,18330954,1,-17
2026-07-24T10:32:19Z,150012,18330956,1,-17
2026-07-24T10:32:19Z,110012,18330958,0,-2589
2026-07-24T10:32:19Z,7000012,18329490,0,-3491
2026-07-24T10:32:19Z,5030011,18329558,40,-255
2026-07-24T10:32:19Z,5030012,18329559,0,-795
2026-07-24T10:32:19Z,5020012,18329604,47,-689
2026-07-24T10:32:19Z,5030011,18329688,40,253
2026-07-24T10:32:19Z,5030012,18329689,39,-409
2026-07-24T10:32:19Z,410012,18329693,36,135
2026-07-24T10:32:19Z,5020011,18329709,48,-674
2026-07-24T10:32:19Z,5020012,18329710,0,-1274
2026-07-24T10:32:19Z,5010012,18329727,21,224
2026-07-24T10:32:19Z,5030011,18329761,40,477
2026-07-24T10:32:19Z,5030012,18329762,40,21
2026-07-24T10:32:19Z,820012,18329766,1,298
2026-07-24T10:32:19Z,7010012,18329806,15,-109
2026-07-24T10:32:19Z,7010011,18329807,11,316
2026-07-24T10:32:19Z,5030012,18329822,40,646
2026-07-24T10:32:19Z,5030011,18329823,28,-255
2026-07-24T10:32:19Z,5050011,18329831,16,-167
2026-07-24T10:32:19Z,5050022,18329832,25,-164
2026-07-24T10:32:19Z,4000021,18329837,40,149
2026-07-24T10:32:19Z,4050041,18329903,54,254
2026-07-24T10:32:19Z,130012,18329913,15,-407
2026-07-24T10:32:19Z,5050012,18329947,16,31
2026-07-24T10:32:19Z,5050011,18329948,16,-164
2026-07-24T10:32:19Z,4000021,18329954,36,229
2026-07-24T10:32:19Z,290021,18329966,16,95
2026-07-24T10:32:19Z,290022,18329967,18,-26
2026-07-24T10:32:19Z,810021,18329975,18,247
2026-07-24T10:42:49Z,5030011,18329986,40,179
2026-07-24T10:42:49Z,5030012,18329987,39,-388
2026-07-24T10:42:49Z,5010011,18330003,21,-206
2026-07-24T10:42:49Z,5010012,18330004,21,-227
2026-07-24T10:42:49Z,440011,18330045,30,1098
2026-07-24T10:42:49Z,5010012,18330068,1,77
2026-07-24T10:42:49Z,260012,18330082,7,58
2026-07-24T10:42:49Z,310031,18330112,32,-452
2026-07-24T10:42:49Z,310031,18330113,30,-452
2026-07-24T10:42:49Z,260011,18330157,18,-261
2026-07-24T10:42:49Z,330012,18330175,24,1210
2026-07-24T10:42:49Z,260012,18330200,21,-432
2026-07-24T10:42:49Z,1010012,18330235,25,256
2026-07-24T10:42:49Z,680022,18330255,23,593
2026-07-24T10:42:49Z,110011,18330273,37,835
2026-07-24T10:42:49Z,220021,18330363,33,-442
2026-07-24T10:42:49Z,220021,18330364,33,-513
2026-07-24T10:42:49Z,5040012,18330368,16,-191
2026-07-24T10:42:49Z,330011,18330370,25,708
2026-07-24T10:42:49Z,440011,18330406,30,1096
2026-07-24T10:42:49Z,620012,18330438,16,505
2026-07-24T10:42:49Z,620011,18330439,22,330
2026-07-24T10:42:49Z,130012,18330441,15,-761
2026-07-24T10:42:49Z,760012,18330472,12,266
2026-07-24T10:42:49Z,430012,18330492,25,480
2026-07-24T10:42:49Z,430011,18330493,22,404
2026-07-24T10:42:49Z,240011,18330497,18,-71
2026-07-24T10:42:49Z,5020012,18330499,47,88
2026-07-24T10:42:49Z,470012,18330505,18,60
2026-07-24T10:42:49Z,270011,18330512,8,340
2026-07-24T10:42:49Z,270012,18330513,5,-35
2026-07-24T10:42:49Z,420022,18330521,49,-834
2026-07-24T10:42:49Z,120011,18330533,35,-370
2026-07-24T10:42:49Z,230031,18330544,47,-334
2026-07-24T10:42:49Z,560011,18330548,21,1349
2026-07-24T10:42:49Z,560012,18330549,17,2069
2026-07-24T10:42:49Z,560011,18330550,8,2344
2026-07-24T10:42:49Z,520021,18330564,16,-394
2026-07-24T10:42:49Z,220021,18330568,33,-689
2026-07-24T10:42:49Z,640031,18330570,15,1889
2026-07-24T10:42:49Z,600012,18330573,14,354
2026-07-24T10:42:49Z,600011,18330574,11,396
2026-07-24T10:42:49Z,650011,18330576,17,-82
2026-07-24T10:42:49Z,770012,18330578,11,785
2026-07-24T10:42:49Z,410012,18330588,36,-108
2026-07-24T10:42:49Z,5040012,18330595,16,-131
2026-07-24T10:42:49Z,690022,18330599,3,-97
2026-07-24T10:42:49Z,690021,18330600,8,227
2026-07-24T10:42:49Z,4050041,18330607,54,-159
2026-07-24T10:42:49Z,9010021,18330614,20,-62
2026-07-24T10:42:49Z,9010021,18330615,20,-62
2026-07-24T10:42:49Z,120011,18330627,35,-355
2026-07-24T10:42:49Z,360021,18330630,24,-147
2026-07-24T10:42:49Z,460012,18330632,35,114
2026-07-24T10:42:49Z,780011,18330634,12,1087
2026-07-24T10:42:49Z,750011,18330638,16,739
2026-07-24T10:42:49Z,190011,18330642,18,-294
2026-07-24T10:42:49Z,260012,18330644,21,-337
2026-07-24T10:42:49Z,280011,18330646,21,-65
2026-07-24T10:42:49Z,5020011,18330647,48,147
2026-07-24T10:42:49Z,5020012,18330648,47,-774
2026-07-24T10:42:49Z,110012,18330651,38,318
2026-07-24T10:42:49Z,110011,18330652,37,-350
2026-07-24T10:42:49Z,410011,18330653,43,-46
2026-07-24T10:42:49Z,410012,18330654,10,639
2026-07-24T10:42:49Z,250012,18330662,18,-290
2026-07-24T10:42:49Z,160012,18330671,7,-167
2026-07-24T10:42:49Z,420021,18330672,52,-399
2026-07-24T10:42:49Z,420022,18330673,29,-1061
2026-07-24T10:42:49Z,440012,18330676,36,-247
2026-07-24T10:42:49Z,5040011,18330680,12,-139
2026-07-24T10:42:49Z,610012,18330683,22,501
2026-07-24T10:42:49Z,610011,18330684,3,29
2026-07-24T10:42:49Z,4050042,18330687,55,-2
2026-07-24T10:42:49Z,120012,18330690,34,332
2026-07-24T10:42:49Z,120011,18330691,23,121
2026-07-24T10:42:49Z,5010011,18330692,21,220
2026-07-24T10:42:49Z,320011,18330696,16,226
2026-07-24T10:42:49Z,310031,18330697,32,-118
2026-07-24T10:42:49Z,310031,18330698,32,-435
2026-07-24T10:42:49Z,310031,18330699,2,47
2026-07-24T10:42:49Z,460011,18330706,35,840
2026-07-24T10:42:49Z,460012,18330707,35,129
2026-07-24T10:42:49Z,410012,18330708,36,-287
2026-07-24T10:42:49Z,410011,18330709,43,74
2026-07-24T10:42:49Z,410012,18330710,34,371
2026-07-24T10:42:49Z,380022,18330711,21,401
2026-07-24T10:42:49Z,380021,18330712,22,1078
2026-07-24T10:42:49Z,5050011,18330713,16,-21
2026-07-24T10:42:49Z,5050012,18330714,11,-925
2026-07-24T10:42:49Z,840011,18330721,10,2
2026-07-24T10:42:49Z,4000021,18330731,40,-95
2026-07-24T10:42:49Z,4000022,18330732,41,-25
2026-07-24T10:42:49Z,4000021,18330733,17,235
2026-07-24T10:42:49Z,170021,18330735,20,46
2026-07-24T10:42:49Z,170022,18330736,22,-428
2026-07-24T10:42:49Z,170021,18330737,20,-80
2026-07-24T10:42:49Z,150012,18330738,21,465
2026-07-24T10:42:49Z,150011,18330739,25,13
2026-07-24T10:42:49Z,110012,18330740,38,-82
2026-07-24T10:42:49Z,110011,18330741,13,-103
2026-07-24T10:42:49Z,470011,18330742,19,-105
2026-07-24T10:42:49Z,470012,18330743,18,-76
2026-07-24T10:42:49Z,110011,18330744,37,-143
2026-07-24T10:42:49Z,530012,18330745,17,-103
2026-07-24T10:42:49Z,530011,18330746,20,761
2026-07-24T10:42:49Z,530012,18330747,4,352
2026-07-24T10:42:49Z,520022,18330749,10,341
2026-07-24T10:42:49Z,520021,18330750,16,-480
2026-07-24T10:42:49Z,510012,18330751,11,28
2026-07-24T10:42:49Z,510011,18330752,14,56
2026-07-24T10:42:49Z,1680011,18330765,23,-72
2026-07-24T10:42:49Z,540012,18330767,16,382
2026-07-24T10:42:49Z,540011,18330768,16,705
2026-07-24T10:42:49Z,420021,18330769,52,-580
2026-07-24T10:42:49Z,410011,18330773,43,-228
2026-07-24T10:42:49Z,410012,18330774,0,-1488
2026-07-24T10:42:49Z,440012,18330775,36,-523
2026-07-24T10:42:49Z,1010011,18330776,27,173
2026-07-24T10:42:49Z,1010012,18330777,1,75
2026-07-24T10:42:49Z,4050041,18330778,54,-30
2026-07-24T10:42:49Z,4050042,18330779,45,-400
2026-07-24T10:42:49Z,850011,18330780,17,-29
2026-07-24T10:42:49Z,850012,18330781,2,-20
2026-07-24T10:42:49Z,130011,18330790,15,-762
2026-07-24T10:42:49Z,120012,18330791,34,-51
2026-07-24T10:42:49Z,360022,18330792,22,-205
2026-07-24T10:42:49Z,730012,18330807,12,-218
2026-07-24T10:42:49Z,730011,18330808,12,-69
2026-07-24T10:42:49Z,160011,18330821,6,21
2026-07-24T10:42:49Z,160012,18330822,7,-233
2026-07-24T10:42:49Z,460011,18330831,35,46
2026-07-24T10:42:49Z,460012,18330832,14,-286
2026-07-24T10:42:49Z,190012,18330833,18,-27
2026-07-24T10:42:49Z,240012,18330838,17,140
2026-07-24T10:42:49Z,230031,18330839,47,-472
2026-07-24T10:42:49Z,280012,18330842,18,-310
2026-07-24T10:42:49Z,260011,18330843,18,-240
2026-07-24T10:42:49Z,1680011,18330844,23,-178
2026-07-24T10:42:49Z,410011,18330855,43,-386
2026-07-24T10:42:49Z,110012,18330857,38,-421
2026-07-24T10:42:49Z,470011,18330858,19,-10
2026-07-24T10:42:49Z,470012,18330859,9,35
2026-07-24T10:42:49Z,520022,18330860,10,-107
2026-07-24T10:42:49Z,670012,18330862,12,-135
2026-07-24T10:42:49Z,670011,18330863,11,-132
2026-07-24T10:42:49Z,500012,18330864,18,212
2026-07-24T10:42:49Z,500011,18330865,10,205
2026-07-24T10:42:49Z,420021,18330868,44,-494
2026-07-24T10:42:49Z,440011,18330876,25,421
2026-07-24T10:42:49Z,330012,18330877,23,127
2026-07-24T10:42:49Z,630032,18330879,11,-228
2026-07-24T10:42:49Z,4050042,18330881,20,-319
2026-07-24T10:42:49Z,120012,18330886,31,-86
2026-07-24T10:42:49Z,5010011,18330888,21,-326
2026-07-24T10:42:49Z,130012,18330891,15,-461
2026-07-24T10:42:49Z,320012,18330893,15,10
2026-07-24T10:42:49Z,360021,18330897,24,-301
2026-07-24T10:42:49Z,410011,18330903,26,-257
2026-07-24T10:42:49Z,540012,18330907,15,-116
2026-07-24T10:42:49Z,190011,18330911,17,-216
2026-07-24T10:42:49Z,230031,18330917,13,29
2026-07-24T10:42:49Z,260011,18330921,9,-278
2026-07-24T10:42:49Z,240011,18330926,18,-157
2026-07-24T10:42:49Z,280011,18330935,15,-178
2026-07-24T10:42:49Z,380022,18330936,7,63
2026-07-24T10:42:49Z,5020011,18330937,16,-511
2026-07-24T10:42:49Z,5050011,18330941,6,3
2026-07-24T10:42:49Z,5030011,18330943,13,-379
2026-07-24T10:42:49Z,4000022,18330951,5,-238
2026-07-24T10:42:49Z,170022,18330952,9,-98
2026-07-24T10:42:49Z,470011,18330954,10,-29
2026-07-24T10:42:49Z,150012,18330956,11,93
2026-07-24T10:42:49Z,110012,18330958,15,-212
2026-07-24T10:42:49Z,680012,18330971,4,20
2026-07-24T10:42:49Z,650012,18330973,3,-20
2026-07-24T10:42:49Z,7000012,18329490,10,280
2026-07-24T10:42:49Z,5030011,18329558,40,-144
2026-07-24T10:42:49Z,5030012,18329559,11,95
2026-07-24T10:42:49Z,5020012,18329604,47,-615
2026-07-24T10:42:49Z,5030012,18329689,40,45
2026-07-24T10:42:49Z,410012,18329693,36,235
2026-07-24T10:42:49Z,5020011,18329709,48,-470
2026-07-24T10:42:49Z,5020012,18329710,13,27
2026-07-24T10:42:49Z,5010012,18329727,21,368
2026-07-24T10:42:49Z,5030012,18329762,40,440
2026-07-24T10:42:49Z,820012,18329766,1,298
2026-07-24T10:42:49Z,7010012,18329806,15,-324
2026-07-24T10:42:49Z,7010011,18329807,16,372
2026-07-24T10:42:49Z,5030012,18329822,40,868
2026-07-24T10:42:49Z,5030011,18329823,31,-124
2026-07-24T10:42:49Z,5050022,18329832,25,-134
2026-07-24T10:42:49Z,4000021,18329837,40,74
2026-07-24T10:42:49Z,480012,18329866,23,-90
2026-07-24T10:42:49Z,4050041,18329903,54,197
2026-07-24T10:42:49Z,5050012,18329947,16,-275
2026-07-24T10:42:49Z,5050011,18329948,16,-145
2026-07-24T10:42:49Z,4000021,18329954,40,-251
2026-07-24T10:42:49Z,290021,18329966,16,157
2026-07-24T10:42:49Z,290022,18329967,18,-46
2026-07-24T10:42:49Z,810021,18329975,18,193
2026-07-24T10:53:19Z,5030011,18329986,40,457
2026-07-24T10:53:19Z,5030012,18329987,40,64
2026-07-24T10:53:19Z,5010011,18330003,21,-7
2026-07-24T10:53:19Z,5010012,18330004,21,-259
2026-07-24T10:53:19Z,440011,18330045,30,871
2026-07-24T10:53:19Z,5010012,18330068,13,-127
2026-07-24T10:53:19Z,260012,18330082,19,-263
2026-07-24T10:53:19Z,310031,18330112,32,-322
2026-07-24T10:53:19Z,310031,18330113,32,-447
2026-07-24T10:53:19Z,260011,18330157,18,-184
2026-07-24T10:53:19Z,5020011,18330193,48,-648
2026-07-24T10:53:19Z,260012,18330200,21,-289
2026-07-24T10:53:19Z,1010012,18330235,25,85
2026-07-24T10:53:19Z,680022,18330255,23,580
2026-07-24T10:53:19Z,110011,18330273,37,930
2026-07-24T10:53:19Z,220021,18330364,33,-514
2026-07-24T10:53:19Z,5040012,18330368,16,-219
2026-07-24T10:53:19Z,330011,18330370,25,148
2026-07-24T10:53:19Z,440011,18330406,30,528
2026-07-24T10:53:19Z,620011,18330439,22,307
2026-07-24T10:53:19Z,130012,18330441,15,-614
2026-07-24T10:53:19Z,760012,18330472,13,-53
2026-07-24T10:53:19Z,760011,18330473,4,23
2026-07-24T10:53:19Z,430012,18330492,25,252
2026-07-24T10:53:19Z,430011,18330493,23,1047
2026-07-24T10:53:19Z,5020012,18330499,47,230
2026-07-24T10:53:19Z,270011,18330512,8,335
2026-07-24T10:53:19Z,270012,18330513,13,54
2026-07-24T10:53:19Z,420022,18330521,49,-663
2026-07-24T10:53:19Z,5040012,18330523,7,38
2026-07-24T10:53:19Z,390012,18330542,1,820
2026-07-24T10:53:19Z,230031,18330544,47,-214
2026-07-24T10:53:19Z,560012,18330549,17,1945
2026-07-24T10:53:19Z,560011,18330550,12,2333
2026-07-24T10:53:19Z,220021,18330568,33,-581
2026-07-24T10:53:19Z,640031,18330570,28,1185
2026-07-24T10:53:19Z,600012,18330573,14,354
2026-07-24T10:53:19Z,600011,18330574,15,528
2026-07-24T10:53:19Z,770012,18330578,11,-2
2026-07-24T10:53:19Z,770011,18330579,5,57
2026-07-24T10:53:19Z,410012,18330588,36,-210
2026-07-24T10:53:19Z,420022,18330590,49,-1578
2026-07-24T10:53:19Z,5040012,18330595,16,-160
2026-07-24T10:53:19Z,690022,18330599,3,-97
2026-07-24T10:53:19Z,690021,18330600,8,227
2026-07-24T10:53:19Z,690022,18330601,0,-1213
2026-07-24T10:53:19Z,9010021,18330614,20,84
2026-07-24T10:53:19Z,9010021,18330615,20,-65
2026-07-24T10:53:19Z,9010021,18330616,10,-62
2026-07-24T10:53:19Z,120011,18330627,35,-295
2026-07-24T10:53:19Z,460012,18330632,35,173
2026-07-24T10:53:19Z,780011,18330634,12,269
2026-07-24T10:53:19Z,750011,18330638,16,136
2026-07-24T10:53:19Z,260012,18330644,21,-339
2026-07-24T10:53:19Z,280011,18330646,21,133
2026-07-24T10:53:19Z,5020011,18330647,48,225
2026-07-24T10:53:19Z,5020012,18330648,47,-780
2026-07-24T10:53:19Z,110011,18330652,37,-363
2026-07-24T10:53:19Z,410012,18330654,23,565
2026-07-24T10:53:19Z,420021,18330672,52,-176
2026-07-24T10:53:19Z,420022,18330673,44,-1342
2026-07-24T10:53:19Z,5040011,18330680,12,-182
2026-07-24T10:53:19Z,610012,18330683,22,342
2026-07-24T10:53:19Z,610011,18330684,8,256
2026-07-24T10:53:19Z,4050042,18330687,55,178
2026-07-24T10:53:19Z,4050041,18330688,12,273
2026-07-24T10:53:19Z,120012,18330690,34,335
2026-07-24T10:53:19Z,120011,18330691,35,-18
2026-07-24T10:53:19Z,320011,18330696,16,324
2026-07-24T10:53:19Z,310031,18330697,32,91
2026-07-24T10:53:19Z,310031,18330698,32,-447
2026-07-24T10:53:19Z,310031,18330699,18,-273
2026-07-24T10:53:19Z,460011,18330706,35,787
2026-07-24T10:53:19Z,460012,18330707,35,33
2026-07-24T10:53:19Z,410012,18330708,36,-60
2026-07-24T10:53:19Z,410011,18330709,43,252
2026-07-24T10:53:19Z,410012,18330710,36,268
2026-07-24T10:53:19Z,380022,18330711,21,460
2026-07-24T10:53:19Z,380021,18330712,22,1067
2026-07-24T10:53:19Z,5050011,18330713,16,-12
2026-07-24T10:53:19Z,5050012,18330714,16,113
2026-07-24T10:53:19Z,840012,18330722,0,-3436
2026-07-24T10:53:19Z,4000021,18330731,40,-104
2026-07-24T10:53:19Z,4000022,18330732,41,107
2026-07-24T10:53:19Z,4000021,18330733,32,307
2026-07-24T10:53:19Z,170022,18330736,22,-234
2026-07-24T10:53:19Z,170021,18330737,20,-90
2026-07-24T10:53:19Z,150012,18330738,21,663
2026-07-24T10:53:19Z,150011,18330739,25,133
2026-07-24T10:53:19Z,110012,18330740,38,116
2026-07-24T10:53:19Z,110011,18330741,25,-170
2026-07-24T10:53:19Z,470011,18330742,19,-38
2026-07-24T10:53:19Z,470012,18330743,18,-113
2026-07-24T10:53:19Z,110011,18330744,37,-25
2026-07-24T10:53:19Z,530012,18330745,17,-26
2026-07-24T10:53:19Z,530011,18330746,20,765
2026-07-24T10:53:19Z,530012,18330747,17,368
2026-07-24T10:53:19Z,520022,18330749,10,445
2026-07-24T10:53:19Z,520021,18330750,16,-481
2026-07-24T10:53:19Z,510012,18330751,11,97
2026-07-24T10:53:19Z,510011,18330752,14,121
2026-07-24T10:53:19Z,710011,18330758,9,-107
2026-07-24T10:53:19Z,1680011,18330765,23,-58
2026-07-24T10:53:19Z,540012,18330767,16,459
2026-07-24T10:53:19Z,540011,18330768,16,782
2026-07-24T10:53:19Z,420021,18330769,52,-426
2026-07-24T10:53:19Z,420022,18330770,3,-73
2026-07-24T10:53:19Z,410011,18330773,43,-162
2026-07-24T10:53:19Z,410012,18330774,0,-1422
2026-07-24T10:53:19Z,440012,18330775,36,-333
2026-07-24T10:53:19Z,1010011,18330776,27,245
2026-07-24T10:53:19Z,1010012,18330777,13,373
2026-07-24T10:53:19Z,4050041,18330778,54,-69
2026-07-24T10:53:19Z,4050042,18330779,48,-266
2026-07-24T10:53:19Z,850011,18330780,17,59
2026-07-24T10:53:19Z,850012,18330781,7,-13
2026-07-24T10:53:19Z,130011,18330790,15,-298
2026-07-24T10:53:19Z,120012,18330791,34,130
2026-07-24T10:53:19Z,360022,18330792,22,-228
2026-07-24T10:53:19Z,740012,18330793,19,9
2026-07-24T10:53:19Z,740011,18330794,19,-196
2026-07-24T10:53:19Z,740012,18330795,19,-64
2026-07-24T10:53:19Z,730012,18330807,12,-95
2026-07-24T10:53:19Z,730011,18330808,12,-69
2026-07-24T10:53:19Z,730012,18330809,5,-83
2026-07-24T10:53:19Z,160011,18330821,6,-78
2026-07-24T10:53:19Z,160012,18330822,7,-244
2026-07-24T10:53:19Z,160011,18330823,6,16
2026-07-24T10:53:19Z,460011,18330831,35,619
2026-07-24T10:53:19Z,460012,18330832,24,-162
2026-07-24T10:53:19Z,190012,18330833,18,-43
2026-07-24T10:53:19Z,240012,18330838,17,140
2026-07-24T10:53:19Z,230031,18330839,47,-478
2026-07-24T10:53:19Z,280012,18330842,18,-340
2026-07-24T10:53:19Z,260011,18330843,18,-249
2026-07-24T10:53:19Z,1680011,18330844,23,-859
2026-07-24T10:53:19Z,170022,18330854,22,-536
2026-07-24T10:53:19Z,410011,18330855,43,-434
2026-07-24T10:53:19Z,110012,18330857,38,-419
2026-07-24T10:53:19Z,470011,18330858,19,3
2026-07-24T10:53:19Z,470012,18330859,18,-113
2026-07-24T10:53:19Z,520022,18330860,10,-99
2026-07-24T10:53:19Z,520021,18330861,2,-7
2026-07-24T10:53:19Z,670012,18330862,12,-135
2026-07-24T10:53:19Z,670011,18330863,12,-131
2026-07-24T10:53:19Z,500012,18330864,18,187
2026-07-24T10:53:19Z,500011,18330865,21,220
2026-07-24T10:53:19Z,420021,18330868,52,-751
2026-07-24T10:53:19Z,440011,18330876,29,328
2026-07-24T10:53:19Z,330012,18330877,24,708
2026-07-24T10:53:19Z,630032,18330879,17,-26
2026-07-24T10:53:19Z,4050042,18330881,31,-360
2026-07-24T10:53:19Z,120012,18330886,34,-104
2026-07-24T10:53:19Z,120011,18330887,0,-104
2026-07-24T10:53:19Z,5010011,18330888,21,-315
2026-07-24T10:53:19Z,130012,18330891,15,-484
2026-07-24T10:53:19Z,130011,18330892,15,-124
2026-07-24T10:53:19Z,320012,18330893,15,1
2026-07-24T10:53:19Z,320011,18330894,8,108
2026-07-24T10:53:19Z,360021,18330897,24,-300
2026-07-24T10:53:19Z,410011,18330903,43,-675
2026-07-24T10:53:19Z,540012,18330907,16,455
2026-07-24T10:53:19Z,190011,18330911,18,-272
2026-07-24T10:53:19Z,230031,18330917,26,-257
2026-07-24T10:53:19Z,260011,18330921,18,-429
2026-07-24T10:53:19Z,240011,18330926,18,-162
2026-07-24T10:53:19Z,280011,18330935,21,-155
2026-07-24T10:53:19Z,380022,18330936,19,105
2026-07-24T10:53:19Z,5020011,18330937,30,-693
2026-07-24T10:53:19Z,5050011,18330941,10,-484
2026-07-24T10:53:19Z,5030011,18330943,24,-479
2026-07-24T10:53:19Z,4000022,18330951,14,-194
2026-07-24T10:53:19Z,170022,18330952,22,-236
2026-07-24T10:53:19Z,470011,18330954,19,-117
2026-07-24T10:53:19Z,150012,18330956,21,-45
2026-07-24T10:53:19Z,110012,18330958,24,-321
2026-07-24T10:53:19Z,680012,18330971,8,119
2026-07-24T10:53:19Z,650012,18330973,12,-75
2026-07-24T10:53:19Z,420021,18330975,17,-249
2026-07-24T10:53:19Z,5040011,18330983,3,-196
2026-07-24T10:53:19Z,440012,18330987,2,296
2026-07-24T10:53:19Z,1010011,18330989,6,-70
2026-07-24T10:53:19Z,4050042,18330991,3,18
2026-07-24T10:53:19Z,130012,18330992,5,-195
2026-07-24T10:53:19Z,5010011,18330993,9,-185
2026-07-24T10:53:19Z,120012,18330994,9,40
2026-07-24T10:53:19Z,130011,18330998,6,-187
2026-07-24T10:53:19Z,360011,18330999,3,38
2026-07-24T10:53:19Z,360022,18331000,1,36
2026-07-24T10:53:19Z,460011,18331001,3,-28
2026-07-24T10:53:19Z,7000012,18329490,14,365
2026-07-24T10:53:19Z,5030011,18329558,40,28
2026-07-24T10:53:19Z,5030012,18329559,19,-103
2026-07-24T10:53:19Z,5020012,18329604,47,-487
2026-07-24T10:53:19Z,5030012,18329689,40,223
2026-07-24T10:53:19Z,5020011,18329709,48,-327
2026-07-24T10:53:19Z,5020012,18329710,26,-223
2026-07-24T10:53:19Z,5010012,18329727,21,455
2026-07-24T10:53:19Z,5030012,18329762,40,607
2026-07-24T10:53:19Z,820012,18329766,1,298
2026-07-24T10:53:19Z,7010011,18329807,18,479
2026-07-24T10:53:19Z,5030012,18329822,40,978
2026-07-24T10:53:19Z,5030011,18329823,38,-16
2026-07-24T10:53:19Z,5050022,18329832,25,-100
2026-07-24T10:53:19Z,4050041,18329903,54,215
2026-07-24T10:53:19Z,5050011,18329948,16,-90
2026-07-24T10:53:19Z,5050022,18329949,7,278
2026-07-24T10:53:19Z,4000021,18329954,40,-298
2026-07-24T10:53:19Z,290021,18329966,16,200
2026-07-24T10:53:19Z,290022,18329967,18,-57
2026-07-24T10:53:19Z,810021,18329975,18,316
2026-07-24T10:53:19Z,810022,18329976,0,-1484
2026-07-24T11:03:47Z,5030012,18329987,40,212
2026-07-24T11:03:47Z,5010011,18330003,21,143
2026-07-24T11:03:47Z,5010012,18330004,21,-189
2026-07-24T11:03:47Z,440011,18330045,30,834
2026-07-24T11:03:47Z,5010012,18330068,21,-368
2026-07-24T11:03:47Z,260012,18330082,21,-356
2026-07-24T11:03:47Z,310031,18330112,32,-204
2026-07-24T11:03:47Z,310031,18330113,32,-450
2026-07-24T11:03:47Z,310031,18330114,3,65
2026-07-24T11:03:47Z,5020011,18330193,48,-591
2026-07-24T11:03:47Z,5020012,18330194,2,70
2026-07-24T11:03:47Z,1010012,18330235,25,88
2026-07-24T11:03:47Z,680022,18330255,24,1580
2026-07-24T11:03:47Z,240012,18330349,0,-2771
2026-07-24T11:03:47Z,220021,18330364,33,-643
2026-07-24T11:03:47Z,5040012,18330368,16,-240
2026-07-24T11:03:47Z,330011,18330370,25,321
2026-07-24T11:03:47Z,620011,18330439,22,248
2026-07-24T11:03:47Z,130012,18330441,15,-433
2026-07-24T11:03:47Z,760012,18330472,13,-53
2026-07-24T11:03:47Z,760011,18330473,12,-173
2026-07-24T11:03:47Z,430011,18330493,23,1292
2026-07-24T11:03:47Z,270011,18330512,8,159
2026-07-24T11:03:47Z,270012,18330513,14,93
2026-07-24T11:03:47Z,420022,18330521,49,-529
2026-07-24T11:03:47Z,5040012,18330523,16,-240
2026-07-24T11:03:47Z,390012,18330542,9,1163
2026-07-24T11:03:47Z,230031,18330544,47,-131
2026-07-24T11:03:47Z,560012,18330549,17,1749
2026-07-24T11:03:47Z,560011,18330550,18,2494
2026-07-24T11:03:47Z,220021,18330568,33,-434
2026-07-24T11:03:47Z,640031,18330570,30,128
2026-07-24T11:03:47Z,600012,18330573,14,354
2026-07-24T11:03:47Z,600011,18330574,15,528
2026-07-24T11:03:47Z,770012,18330578,11,2
2026-07-24T11:03:47Z,770011,18330579,12,-92
2026-07-24T11:03:47Z,410012,18330588,36,5
2026-07-24T11:03:47Z,420022,18330590,49,-1434
2026-07-24T11:03:47Z,5040012,18330595,16,8
2026-07-24T11:03:47Z,690022,18330599,3,-91
2026-07-24T11:03:47Z,690021,18330600,8,227
2026-07-24T11:03:47Z,690022,18330601,3,-124
2026-07-24T11:03:47Z,9010021,18330614,20,31
2026-07-24T11:03:47Z,9010021,18330615,20,-67
2026-07-24T11:03:47Z,9010021,18330616,19,-17
2026-07-24T11:03:47Z,120011,18330627,35,-61
2026-07-24T11:03:47Z,460012,18330632,35,367
2026-07-24T11:03:47Z,780011,18330634,12,-61
2026-07-24T11:03:47Z,750011,18330638,16,-104
2026-07-24T11:03:47Z,260012,18330644,21,-261
2026-07-24T11:03:47Z,5020012,18330648,47,-655
2026-07-24T11:03:47Z,110011,18330652,37,-219
2026-07-24T11:03:47Z,410012,18330654,35,415
2026-07-24T11:03:47Z,420022,18330673,49,-1736
2026-07-24T11:03:47Z,5040011,18330680,12,0
2026-07-24T11:03:47Z,610012,18330683,22,310
2026-07-24T11:03:47Z,610011,18330684,8,256
2026-07-24T11:03:47Z,4050042,18330687,55,342
2026-07-24T11:03:47Z,4050041,18330688,18,450
2026-07-24T11:03:47Z,120011,18330691,35,-25
2026-07-24T11:03:47Z,320011,18330696,16,474
2026-07-24T11:03:47Z,310031,18330698,32,-264
2026-07-24T11:03:47Z,310031,18330699,30,-488
2026-07-24T11:03:47Z,460012,18330707,35,-240
2026-07-24T11:03:47Z,410011,18330709,43,477
2026-07-24T11:03:47Z,410012,18330710,36,516
2026-07-24T11:03:47Z,380022,18330711,21,299
2026-07-24T11:03:47Z,380021,18330712,22,1087
2026-07-24T11:03:47Z,5050011,18330713,16,176
2026-07-24T11:03:47Z,5050012,18330714,16,121
2026-07-24T11:03:47Z,840012,18330722,6,300
2026-07-24T11:03:47Z,4000021,18330731,40,63
2026-07-24T11:03:47Z,4000022,18330732,41,196
2026-07-24T11:03:47Z,4000021,18330733,38,-94
2026-07-24T11:03:47Z,170021,18330737,20,-69
2026-07-24T11:03:47Z,150012,18330738,21,763
2026-07-24T11:03:47Z,150011,18330739,25,232
2026-07-24T11:03:47Z,110012,18330740,38,244
2026-07-24T11:03:47Z,110011,18330741,37,-295
2026-07-24T11:03:47Z,470012,18330743,18,-63
2026-07-24T11:03:47Z,110011,18330744,37,124
2026-07-24T11:03:47Z,530011,18330746,20,324
2026-07-24T11:03:47Z,530012,18330747,17,-91
2026-07-24T11:03:47Z,530011,18330748,5,452
2026-07-24T11:03:47Z,520022,18330749,10,223
2026-07-24T11:03:47Z,520021,18330750,16,-482
2026-07-24T11:03:47Z,510011,18330752,14,125
2026-07-24T11:03:47Z,710011,18330758,9,-108
2026-07-24T11:03:47Z,1680011,18330765,23,-3
2026-07-24T11:03:47Z,1680011,18330766,7,5
2026-07-24T11:03:47Z,540011,18330768,16,356
2026-07-24T11:03:47Z,420021,18330769,52,-255
2026-07-24T11:03:47Z,420022,18330770,18,-645
2026-07-24T11:03:47Z,410011,18330773,43,-144
2026-07-24T11:03:47Z,410012,18330774,13,452
2026-07-24T11:03:47Z,440012,18330775,36,-170
2026-07-24T11:03:47Z,1010011,18330776,27,220
2026-07-24T11:03:47Z,1010012,18330777,19,377
2026-07-24T11:03:47Z,4050041,18330778,54,-19
2026-07-24T11:03:47Z,4050042,18330779,55,412
2026-07-24T11:03:47Z,850011,18330780,17,-41
2026-07-24T11:03:47Z,850012,18330781,15,175
2026-07-24T11:03:47Z,130011,18330790,15,-369
2026-07-24T11:03:47Z,120012,18330791,34,317
2026-07-24T11:03:47Z,360022,18330792,22,-193
2026-07-24T11:03:47Z,740012,18330793,19,63
2026-07-24T11:03:47Z,740011,18330794,19,-197
2026-07-24T11:03:47Z,740012,18330795,19,-60
2026-07-24T11:03:47Z,730012,18330807,12,-87
2026-07-24T11:03:47Z,730011,18330808,12,-69
2026-07-24T11:03:47Z,730012,18330809,12,-146
2026-07-24T11:03:47Z,160012,18330822,7,-246
2026-07-24T11:03:47Z,160011,18330823,6,5
2026-07-24T11:03:47Z,460011,18330831,35,724
2026-07-24T11:03:47Z,460012,18330832,34,-229
2026-07-24T11:03:47Z,190012,18330833,18,109
2026-07-24T11:03:47Z,390011,18330835,15,929
2026-07-24T11:03:47Z,240012,18330838,17,55
2026-07-24T11:03:47Z,230031,18330839,47,-658
2026-07-24T11:03:47Z,230031,18330840,0,-1378
2026-07-24T11:03:47Z,280012,18330842,18,-238
2026-07-24T11:03:47Z,260011,18330843,18,-206
2026-07-24T11:03:47Z,1680011,18330844,23,-86
2026-07-24T11:03:47Z,480011,18330846,15,852
2026-07-24T11:03:47Z,170022,18330854,22,-662
2026-07-24T11:03:47Z,410011,18330855,43,-358
2026-07-24T11:03:47Z,110012,18330857,38,-369
2026-07-24T11:03:47Z,470011,18330858,19,113
2026-07-24T11:03:47Z,470012,18330859,18,-54
2026-07-24T11:03:47Z,520022,18330860,10,-187
2026-07-24T11:03:47Z,520021,18330861,8,-288
2026-07-24T11:03:47Z,670012,18330862,12,-135
2026-07-24T11:03:47Z,670011,18330863,12,-131
2026-07-24T11:03:47Z,500012,18330864,18,-208
2026-07-24T11:03:47Z,500011,18330865,23,320
2026-07-24T11:03:47Z,420021,18330868,52,-747
2026-07-24T11:03:47Z,440011,18330876,30,1007
2026-07-24T11:03:47Z,330012,18330877,24,755
2026-07-24T11:03:47Z,630032,18330879,20,34
2026-07-24T11:03:47Z,630031,18330880,1,56
2026-07-24T11:03:47Z,4050042,18330881,37,-614
2026-07-24T11:03:47Z,120012,18330886,34,-100
2026-07-24T11:03:47Z,120011,18330887,12,226
2026-07-24T11:03:47Z,130012,18330891,15,-412
2026-07-24T11:03:47Z,130011,18330892,15,-113
2026-07-24T11:03:47Z,320012,18330893,15,5
2026-07-24T11:03:47Z,320011,18330894,15,140
2026-07-24T11:03:47Z,360021,18330897,24,-328
2026-07-24T11:03:47Z,410011,18330903,43,-655
2026-07-24T11:03:47Z,540012,18330907,16,373
2026-07-24T11:03:47Z,540011,18330908,15,398
2026-07-24T11:03:47Z,190011,18330911,18,-270
2026-07-24T11:03:47Z,230031,18330917,38,-523
2026-07-24T11:03:47Z,260011,18330921,18,-404
2026-07-24T11:03:47Z,430012,18330922,25,-97
2026-07-24T11:03:47Z,240011,18330926,18,-157
2026-07-24T11:03:47Z,280011,18330935,21,-167
2026-07-24T11:03:47Z,380022,18330936,21,81
2026-07-24T11:03:47Z,5020011,18330937,42,-716
2026-07-24T11:03:47Z,5050011,18330941,16,-231
2026-07-24T11:03:47Z,5030011,18330943,30,-572
2026-07-24T11:03:47Z,4000022,18330951,25,-116
2026-07-24T11:03:47Z,170022,18330952,22,-257
2026-07-24T11:03:47Z,170021,18330953,6,-53
2026-07-24T11:03:47Z,470011,18330954,19,-142
2026-07-24T11:03:47Z,470012,18330955,2,-32
2026-07-24T11:03:47Z,150012,18330956,21,-60
2026-07-24T11:03:47Z,150011,18330957,4,-11
2026-07-24T11:03:47Z,110012,18330958,38,-582
2026-07-24T11:03:47Z,680012,18330971,15,349
2026-07-24T11:03:47Z,650012,18330973,13,-147
2026-07-24T11:03:47Z,420021,18330975,29,-193
2026-07-24T11:03:47Z,5040011,18330983,11,-258
2026-07-24T11:03:47Z,330011,18330986,5,731
2026-07-24T11:03:47Z,440012,18330987,21,-173
2026-07-24T11:03:47Z,1010011,18330989,14,-113
2026-07-24T11:03:47Z,4050042,18330991,5,-15
2026-07-24T11:03:47Z,130012,18330992,15,-892
2026-07-24T11:03:47Z,5010011,18330993,20,-276
2026-07-24T11:03:47Z,120012,18330994,22,-6
2026-07-24T11:03:47Z,130011,18330998,9,288
2026-07-24T11:03:47Z,360011,18330999,16,-170
2026-07-24T11:03:47Z,360022,18331000,17,-101
2026-07-24T11:03:47Z,460011,18331001,14,-155
2026-07-24T11:03:47Z,190012,18331008,7,-185
2026-07-24T11:03:47Z,260012,18331011,0,-587
2026-07-24T11:03:47Z,260011,18331013,2,-92
2026-07-24T11:03:47Z,5020011,18331015,4,-95
2026-07-24T11:03:47Z,5030011,18331017,5,-94
2026-07-24T11:03:47Z,4000022,18331023,1,-14
2026-07-24T11:03:47Z,110011,18331033,4,-118
2026-07-24T11:03:47Z,410011,18331038,5,-139
2026-07-24T11:03:47Z,250011,18331039,0,-3406
2026-07-24T11:03:47Z,410012,18331041,0,-2443
2026-07-24T11:03:47Z,7000012,18329490,14,366
2026-07-24T11:03:47Z,5030011,18329558,40,84
2026-07-24T11:03:47Z,5030012,18329559,31,-349
2026-07-24T11:03:47Z,5020012,18329604,47,-309
2026-07-24T11:03:47Z,5030012,18329689,40,255
2026-07-24T11:03:47Z,5020011,18329709,48,-183
2026-07-24T11:03:47Z,5020012,18329710,41,-645
2026-07-24T11:03:47Z,5010012,18329727,21,715
2026-07-24T11:03:47Z,5030012,18329762,40,609
2026-07-24T11:03:47Z,820012,18329766,2,1070
2026-07-24T11:03:47Z,7010011,18329807,19,677
2026-07-24T11:03:47Z,5030012,18329822,40,610
2026-07-24T11:03:47Z,5030011,18329823,40,-408
2026-07-24T11:03:47Z,5030012,18329824,2,35
2026-07-24T11:03:47Z,5050022,18329832,25,-507
2026-07-24T11:03:47Z,4050041,18329903,54,407
2026-07-24T11:03:47Z,5050011,18329948,16,-68
2026-07-24T11:03:47Z,5050022,18329949,11,386
2026-07-24T11:03:47Z,4000021,18329954,40,-121
2026-07-24T11:03:47Z,290022,18329967,18,-84
2026-07-24T11:03:47Z,810021,18329975,18,271
2026-07-24T11:03:47Z,810022,18329976,3,167
2026-07-24T11:14:18Z,5030012,18329987,40,484
2026-07-24T11:14:18Z,5010011,18330003,21,301
2026-07-24T11:14:18Z,5010012,18330004,21,7
2026-07-24T11:14:18Z,440011,18330045,30,480
2026-07-24T11:14:18Z,5010012,18330068,21,-293
2026-07-24T11:14:18Z,260012,18330082,21,-332
2026-07-24T11:14:18Z,310031,18330113,32,-437
2026-07-24T11:14:18Z,310031,18330114,19,-318
2026-07-24T11:14:18Z,5020011,18330193,48,-461
2026-07-24T11:14:18Z,5020012,18330194,14,-27
2026-07-24T11:14:18Z,680022,18330255,24,1627
2026-07-24T11:14:18Z,240012,18330349,15,138
2026-07-24T11:14:18Z,220021,18330364,33,-576
2026-07-24T11:14:18Z,5040012,18330368,16,-214
2026-07-24T11:14:18Z,330011,18330370,25,314
2026-07-24T11:14:18Z,620011,18330439,22,283
2026-07-24T11:14:18Z,760012,18330472,13,-53
2026-07-24T11:14:18Z,760011,18330473,13,-210
2026-07-24T11:14:18Z,430011,18330493,23,919
2026-07-24T11:14:18Z,270011,18330512,8,202
2026-07-24T11:14:18Z,270012,18330513,14,97
2026-07-24T11:14:18Z,5040012,18330523,16,-214
2026-07-24T11:14:18Z,390012,18330542,15,839
2026-07-24T11:14:18Z,230031,18330544,47,49
2026-07-24T11:14:18Z,560012,18330549,17,1438
2026-07-24T11:14:18Z,560011,18330550,21,2473
2026-07-24T11:14:18Z,870012,18330555,2,160
2026-07-24T11:14:18Z,220021,18330568,33,-354
2026-07-24T11:14:18Z,640031,18330570,30,-229
2026-07-24T11:14:18Z,770012,18330578,11,41
2026-07-24T11:14:18Z,770011,18330579,12,-92
2026-07-24T11:14:18Z,770012,18330580,2,-79
2026-07-24T11:14:18Z,410012,18330588,36,122
2026-07-24T11:14:18Z,420022,18330590,49,-1196
2026-07-24T11:14:18Z,5010012,18330592,2,20
2026-07-24T11:14:18Z,690021,18330600,8,227
2026-07-24T11:14:18Z,690022,18330601,3,-124
2026-07-24T11:14:18Z,9010021,18330615,20,-65
2026-07-24T11:14:18Z,9010021,18330616,20,-65
2026-07-24T11:14:18Z,120011,18330627,35,177
2026-07-24T11:14:18Z,460012,18330632,35,874
2026-07-24T11:14:18Z,260012,18330644,21,-79
2026-07-24T11:14:18Z,5020012,18330648,47,-414
2026-07-24T11:14:18Z,110011,18330652,37,-14
2026-07-24T11:14:18Z,410012,18330654,36,111
2026-07-24T11:14:18Z,420022,18330673,49,-1745
2026-07-24T11:14:18Z,610011,18330684,20,-16
2026-07-24T11:14:18Z,4050042,18330687,55,345
2026-07-24T11:14:18Z,4050041,18330688,27,437
2026-07-24T11:14:18Z,120011,18330691,35,-190
2026-07-24T11:14:18Z,310031,18330698,32,-136
2026-07-24T11:14:18Z,310031,18330699,32,-434
2026-07-24T11:14:18Z,460012,18330707,35,30
2026-07-24T11:14:18Z,410012,18330710,36,303
2026-07-24T11:14:18Z,5050012,18330714,16,146
2026-07-24T11:14:18Z,840012,18330722,9,59
2026-07-24T11:14:18Z,4000022,18330732,41,279
2026-07-24T11:14:18Z,4000021,18330733,40,-59
2026-07-24T11:14:18Z,170021,18330737,20,23
2026-07-24T11:14:18Z,150011,18330739,25,454
2026-07-24T11:14:18Z,110012,18330740,38,334
2026-07-24T11:14:18Z,110011,18330741,37,-277
2026-07-24T11:14:18Z,470012,18330743,18,-21
2026-07-24T11:14:18Z,110011,18330744,37,333
2026-07-24T11:14:18Z,530011,18330746,20,253
2026-07-24T11:14:18Z,530012,18330747,17,-115
2026-07-24T11:14:18Z,530011,18330748,17,581
2026-07-24T11:14:18Z,520022,18330749,10,582
2026-07-24T11:14:18Z,520021,18330750,16,-482
2026-07-24T11:14:18Z,510011,18330752,14,100
2026-07-24T11:14:18Z,710011,18330758,9,-29
2026-07-24T11:14:18Z,1680011,18330766,13,19
2026-07-24T11:14:18Z,540011,18330768,16,204
2026-07-24T11:14:18Z,420021,18330769,52,-38
2026-07-24T11:14:18Z,420022,18330770,30,-782
2026-07-24T11:14:18Z,410011,18330773,43,-1
2026-07-24T11:14:18Z,410012,18330774,30,208
2026-07-24T11:14:18Z,440012,18330775,36,36
2026-07-24T11:14:18Z,1010011,18330776,27,136
2026-07-24T11:14:18Z,1010012,18330777,25,246
2026-07-24T11:14:18Z,4050041,18330778,54,78
2026-07-24T11:14:18Z,4050042,18330779,55,565
2026-07-24T11:14:18Z,850012,18330781,20,-1104
2026-07-24T11:14:18Z,120012,18330791,34,397
2026-07-24T11:14:18Z,740011,18330794,19,-197
2026-07-24T11:14:18Z,740012,18330795,19,-63
2026-07-24T11:14:18Z,740011,18330796,2,28
2026-07-24T11:14:18Z,160012,18330822,7,-184
2026-07-24T11:14:18Z,160011,18330823,6,4
2026-07-24T11:14:18Z,160012,18330824,7,-245
2026-07-24T11:14:18Z,460011,18330831,35,630
2026-07-24T11:14:18Z,460012,18330832,35,-234
2026-07-24T11:14:18Z,390011,18330835,15,183
2026-07-24T11:14:18Z,240012,18330838,17,-19
2026-07-24T11:14:18Z,230031,18330839,47,-627
2026-07-24T11:14:18Z,230031,18330840,14,-47
2026-07-24T11:14:18Z,280012,18330842,18,-187
2026-07-24T11:14:18Z,260011,18330843,18,-88
2026-07-24T11:14:18Z,1680011,18330844,23,-191
2026-07-24T11:14:18Z,170022,18330854,22,-508
2026-07-24T11:14:18Z,110012,18330857,38,-153
2026-07-24T11:14:18Z,470011,18330858,19,238
2026-07-24T11:14:18Z,470012,18330859,18,20
2026-07-24T11:14:18Z,520022,18330860,10,138
2026-07-24T11:14:18Z,520021,18330861,16,-482
2026-07-24T11:14:18Z,670012,18330862,12,-102
2026-07-24T11:14:18Z,670011,18330863,12,-131
2026-07-24T11:14:18Z,500012,18330864,18,296
2026-07-24T11:14:18Z,500011,18330865,23,293
2026-07-24T11:14:18Z,500012,18330866,6,-115
2026-07-24T11:14:18Z,420021,18330868,52,-630
2026-07-24T11:14:18Z,5040011,18330870,12,-174
2026-07-24T11:14:18Z,440011,18330876,30,595
2026-07-24T11:14:18Z,330012,18330877,24,541
2026-07-24T11:14:18Z,630032,18330879,20,-180
2026-07-24T11:14:18Z,630031,18330880,6,285
2026-07-24T11:14:18Z,4050042,18330881,45,-528
2026-07-24T11:14:18Z,120012,18330886,34,-97
2026-07-24T11:14:18Z,120011,18330887,24,61
2026-07-24T11:14:18Z,5010011,18330888,21,-329
2026-07-24T11:14:18Z,130012,18330891,15,-429
2026-07-24T11:14:18Z,130011,18330892,15,-108
2026-07-24T11:14:18Z,320012,18330893,15,7
2026-07-24T11:14:18Z,320011,18330894,16,180
2026-07-24T11:14:18Z,410011,18330903,43,-644
2026-07-24T11:14:18Z,460011,18330905,35,-366
2026-07-24T11:14:18Z,460012,18330906,16,-377
2026-07-24T11:14:18Z,540012,18330907,16,373
2026-07-24T11:14:18Z,540011,18330908,16,859
2026-07-24T11:14:18Z,190011,18330911,18,-266
2026-07-24T11:14:18Z,230031,18330917,47,-621
2026-07-24T11:14:18Z,260011,18330921,18,-401
2026-07-24T11:14:18Z,430012,18330922,25,-183
2026-07-24T11:14:18Z,240011,18330926,18,-163
2026-07-24T11:14:18Z,280011,18330935,21,-180
2026-07-24T11:14:18Z,380022,18330936,21,71
2026-07-24T11:14:18Z,5020011,18330937,48,-672
2026-07-24T11:14:18Z,5050011,18330941,16,-249
2026-07-24T11:14:18Z,5030011,18330943,39,-790
2026-07-24T11:14:18Z,4000022,18330951,39,27
2026-07-24T11:14:18Z,170022,18330952,22,-256
2026-07-24T11:14:18Z,170021,18330953,16,-108
2026-07-24T11:14:18Z,470011,18330954,19,-152
2026-07-24T11:14:18Z,470012,18330955,11,-97
2026-07-24T11:14:18Z,150012,18330956,21,-70
2026-07-24T11:14:18Z,150011,18330957,19,-208
2026-07-24T11:14:18Z,110012,18330958,38,-609
2026-07-24T11:14:18Z,700012,18330966,5,198
2026-07-24T11:14:18Z,680012,18330971,22,433
2026-07-24T11:14:18Z,650012,18330973,17,-137
2026-07-24T11:14:18Z,420021,18330975,45,-544
2026-07-24T11:14:18Z,330011,18330986,23,-9
2026-07-24T11:14:18Z,440012,18330987,34,-463
2026-07-24T11:14:18Z,1010011,18330989,26,-22
2026-07-24T11:14:18Z,4050042,18330991,16,33
2026-07-24T11:14:18Z,130012,18330992,15,-827
2026-07-24T11:14:18Z,5010011,18330993,21,-332
2026-07-24T11:14:18Z,120012,18330994,34,-97
2026-07-24T11:14:18Z,130011,18330998,15,-105
2026-07-24T11:14:18Z,360011,18330999,17,-217
2026-07-24T11:14:18Z,360022,18331000,22,-213
2026-07-24T11:14:18Z,460011,18331001,25,-179
2026-07-24T11:14:18Z,720012,18331004,4,-5
2026-07-24T11:14:18Z,190012,18331008,16,-187
2026-07-24T11:14:18Z,280012,18331009,10,-205
2026-07-24T11:14:18Z,260012,18331011,8,-132
2026-07-24T11:14:18Z,260011,18331013,10,-288
2026-07-24T11:14:18Z,5020011,18331015,18,-641
2026-07-24T11:14:18Z,5030011,18331017,14,-506
2026-07-24T11:14:18Z,4000022,18331023,5,-210
2026-07-24T11:14:18Z,4000021,18331028,19,202
2026-07-24T11:14:18Z,110011,18331033,15,-203
2026-07-24T11:14:18Z,110012,18331034,15,-242
2026-07-24T11:14:18Z,470011,18331036,10,-139
2026-07-24T11:14:18Z,410011,18331038,16,-171
2026-07-24T11:14:18Z,250011,18331039,12,-46
2026-07-24T11:14:18Z,410012,18331041,3,378
2026-07-24T11:14:18Z,540012,18331044,2,368
2026-07-24T11:14:18Z,560012,18331048,1,-5
2026-07-24T11:14:18Z,530012,18331052,3,-81
2026-07-24T11:14:18Z,520022,18331055,1,44
2026-07-24T11:14:18Z,420021,18331059,6,-209
2026-07-24T11:14:18Z,7000012,18329490,26,804
2026-07-24T11:14:18Z,5030011,18329558,40,260
2026-07-24T11:14:18Z,5030012,18329559,39,-780
2026-07-24T11:14:18Z,5020012,18329604,47,-194
2026-07-24T11:14:18Z,5030012,18329689,40,240
2026-07-24T11:14:18Z,5020011,18329709,48,-261
2026-07-24T11:14:18Z,5020012,18329710,47,-1176
2026-07-24T11:14:18Z,5010012,18329727,21,1064
2026-07-24T11:14:18Z,5030012,18329762,40,685
2026-07-24T11:14:18Z,820012,18329766,4,1194
2026-07-24T11:14:18Z,7010011,18329807,20,876
2026-07-24T11:14:18Z,7010012,18329808,1,289
2026-07-24T11:14:18Z,5030011,18329823,40,11
2026-07-24T11:14:18Z,5030012,18329824,11,111
2026-07-24T11:14:18Z,5050022,18329832,25,-509
2026-07-24T11:14:18Z,4050041,18329903,54,320
2026-07-24T11:14:18Z,5050011,18329948,16,-95
2026-07-24T11:14:18Z,5050022,18329949,17,92
2026-07-24T11:14:18Z,4000021,18329954,40,437
2026-07-24T11:14:18Z,290022,18329967,18,-77
2026-07-24T11:14:18Z,810021,18329975,18,-80
2026-07-24T11:14:18Z,810022,18329976,6,317
2026-07-24T11:15:12Z,5030012,18329987,40,514
2026-07-24T11:15:12Z,5010012,18330004,21,166
2026-07-24T11:15:12Z,440011,18330045,30,332
2026-07-24T11:15:12Z,5010012,18330068,21,-295
2026-07-24T11:15:12Z,260012,18330082,21,-332
2026-07-24T11:15:12Z,310031,18330113,32,-435
2026-07-24T11:15:12Z,310031,18330114,20,-322
2026-07-24T11:15:12Z,5020011,18330193,48,-445
2026-07-24T11:15:12Z,5020012,18330194,15,-42
2026-07-24T11:15:12Z,680022,18330255,24,1603
2026-07-24T11:15:12Z,240012,18330349,17,82
2026-07-24T11:15:12Z,220021,18330364,33,-574
2026-07-24T11:15:12Z,5040012,18330368,16,-208
2026-07-24T11:15:12Z,330011,18330370,25,322
2026-07-24T11:15:12Z,620011,18330439,22,290
2026-07-24T11:15:12Z,760012,18330472,13,-53
2026-07-24T11:15:12Z,760011,18330473,13,-218
2026-07-24T11:15:12Z,430011,18330493,23,923
2026-07-24T11:15:12Z,270011,18330512,8,178
2026-07-24T11:15:12Z,270012,18330513,14,97
2026-07-24T11:15:12Z,5040012,18330523,16,-208
2026-07-24T11:15:12Z,390012,18330542,15,843
2026-07-24T11:15:12Z,230031,18330544,47,49
2026-07-24T11:15:12Z,560012,18330549,17,1414
2026-07-24T11:15:12Z,560011,18330550,21,2449
2026-07-24T11:15:12Z,870012,18330555,2,160
2026-07-24T11:15:12Z,220021,18330568,33,-331
2026-07-24T11:15:12Z,640031,18330570,30,-224
2026-07-24T11:15:12Z,770012,18330578,11,58
2026-07-24T11:15:12Z,770011,18330579,12,-92
2026-07-24T11:15:12Z,770012,18330580,4,-84
2026-07-24T11:15:12Z,410012,18330588,36,142
2026-07-24T11:15:12Z,420022,18330590,49,-1169
2026-07-24T11:15:12Z,5010012,18330592,2,20
2026-07-24T11:15:12Z,690021,18330600,8,227
2026-07-24T11:15:12Z,690022,18330601,3,-124
2026-07-24T11:15:12Z,9010021,18330615,20,-65
2026-07-24T11:15:12Z,9010021,18330616,20,-65
2026-07-24T11:15:12Z,120011,18330627,35,195
2026-07-24T11:15:12Z,460012,18330632,35,933
2026-07-24T11:15:12Z,260012,18330644,21,-26
2026-07-24T11:15:12Z,5020012,18330648,47,-371
2026-07-24T11:15:12Z,110011,18330652,37,-96
2026-07-24T11:15:12Z,410012,18330654,36,110
2026-07-24T11:15:12Z,420022,18330673,49,-1745
2026-07-24T11:15:12Z,610011,18330684,20,-16
2026-07-24T11:15:12Z,4050042,18330687,55,381
2026-07-24T11:15:12Z,4050041,18330688,28,456
2026-07-24T11:15:12Z,120011,18330691,35,-126
2026-07-24T11:15:12Z,310031,18330698,32,-119
2026-07-24T11:15:12Z,310031,18330699,32,-435
2026-07-24T11:15:12Z,460012,18330707,35,14
2026-07-24T11:15:12Z,410012,18330710,36,252
2026-07-24T11:15:12Z,5050012,18330714,16,152
2026-07-24T11:15:12Z,840012,18330722,9,59
2026-07-24T11:15:12Z,4000022,18330732,41,296
2026-07-24T11:15:12Z,4000021,18330733,40,-61
2026-07-24T11:15:12Z,170021,18330737,20,34
2026-07-24T11:15:12Z,150011,18330739,25,464
2026-07-24T11:15:12Z,110012,18330740,38,334
2026-07-24T11:15:12Z,110011,18330741,37,-275
2026-07-24T11:15:12Z,470012,18330743,18,-31
2026-07-24T11:15:12Z,110011,18330744,37,333
2026-07-24T11:15:12Z,530011,18330746,20,230
2026-07-24T11:15:12Z,530012,18330747,17,-115
2026-07-24T11:15:12Z,530011,18330748,17,576
2026-07-24T11:15:12Z,520022,18330749,10,641
2026-07-24T11:15:12Z,520021,18330750,16,-482
2026-07-24T11:15:12Z,510011,18330752,14,93
2026-07-24T11:15:12Z,710011,18330758,9,-23
2026-07-24T11:15:12Z,1680011,18330766,15,-20
2026-07-24T11:15:12Z,540011,18330768,16,-68
2026-07-24T11:15:12Z,420021,18330769,52,-13
2026-07-24T11:15:12Z,420022,18330770,31,-787
2026-07-24T11:15:12Z,410011,18330773,43,32
2026-07-24T11:15:12Z,410012,18330774,31,149
2026-07-24T11:15:12Z,440012,18330775,36,77
2026-07-24T11:15:12Z,1010011,18330776,27,111
2026-07-24T11:15:12Z,1010012,18330777,25,246
2026-07-24T11:15:12Z,4050041,18330778,54,69
2026-07-24T11:15:12Z,4050042,18330779,55,578
2026-07-24T11:15:12Z,120012,18330791,34,419
2026-07-24T11:15:12Z,740011,18330794,19,-197
2026-07-24T11:15:12Z,740012,18330795,19,-63
2026-07-24T11:15:12Z,740011,18330796,4,-64
2026-07-24T11:15:12Z,160012,18330822,7,-184
2026-07-24T11:15:12Z,160011,18330823,6,4
2026-07-24T11:15:12Z,160012,18330824,7,-243
2026-07-24T11:15:12Z,460011,18330831,35,669
2026-07-24T11:15:12Z,460012,18330832,35,-197
2026-07-24T11:15:12Z,390011,18330835,15,70
2026-07-24T11:15:12Z,230031,18330839,47,-616
2026-07-24T11:15:12Z,230031,18330840,15,-89
2026-07-24T11:15:12Z,280012,18330842,18,-169
2026-07-24T11:15:12Z,260011,18330843,18,-63
2026-07-24T11:15:12Z,1680011,18330844,23,-170
2026-07-24T11:15:12Z,170022,18330854,22,-483
2026-07-24T11:15:12Z,110012,18330857,38,-126
2026-07-24T11:15:12Z,470011,18330858,19,261
2026-07-24T11:15:12Z,470012,18330859,18,20
2026-07-24T11:15:12Z,520022,18330860,10,154
2026-07-24T11:15:12Z,520021,18330861,16,-482
2026-07-24T11:15:12Z,670012,18330862,12,-86
2026-07-24T11:15:12Z,670011,18330863,12,-131
2026-07-24T11:15:12Z,500012,18330864,18,331
2026-07-24T11:15:12Z,500011,18330865,23,316
2026-07-24T11:15:12Z,500012,18330866,6,-115
2026-07-24T11:15:12Z,420021,18330868,52,-583
2026-07-24T11:15:12Z,5040011,18330870,12,-176
2026-07-24T11:15:12Z,440011,18330876,30,684
2026-07-24T11:15:12Z,330012,18330877,24,541
2026-07-24T11:15:12Z,630032,18330879,20,-121
2026-07-24T11:15:12Z,630031,18330880,6,285
2026-07-24T11:15:12Z,4050042,18330881,47,-498
2026-07-24T11:15:12Z,120012,18330886,34,-99
2026-07-24T11:15:12Z,120011,18330887,26,6
2026-07-24T11:15:12Z,5010011,18330888,21,-332
2026-07-24T11:15:12Z,130012,18330891,15,-347
2026-07-24T11:15:12Z,130011,18330892,15,-108
2026-07-24T11:15:12Z,320012,18330893,15,7
2026-07-24T11:15:12Z,320011,18330894,16,179
2026-07-24T11:15:12Z,410011,18330903,43,-640
2026-07-24T11:15:12Z,460011,18330905,35,-366
2026-07-24T11:15:12Z,460012,18330906,16,-377
2026-07-24T11:15:12Z,540012,18330907,16,373
2026-07-24T11:15:12Z,540011,18330908,16,859
2026-07-24T11:15:12Z,190011,18330911,18,-266
2026-07-24T11:15:12Z,230031,18330917,47,-620
2026-07-24T11:15:12Z,260011,18330921,18,-400
2026-07-24T11:15:12Z,430012,18330922,25,-183
2026-07-24T11:15:12Z,240011,18330926,18,-164
2026-07-24T11:15:12Z,280011,18330935,21,-187
2026-07-24T11:15:12Z,380022,18330936,21,71
2026-07-24T11:15:12Z,5020011,18330937,48,-674
2026-07-24T11:15:12Z,5050011,18330941,16,-256
2026-07-24T11:15:12Z,5030011,18330943,39,-776
2026-07-24T11:15:12Z,4000022,18330951,41,36
2026-07-24T11:15:12Z,170022,18330952,22,-259
2026-07-24T11:15:12Z,170021,18330953,17,-439
2026-07-24T11:15:12Z,470011,18330954,19,-155
2026-07-24T11:15:12Z,470012,18330955,12,-119
2026-07-24T11:15:12Z,150012,18330956,21,-70
2026-07-24T11:15:12Z,150011,18330957,21,-196
2026-07-24T11:15:12Z,110012,18330958,38,-609
2026-07-24T11:15:12Z,700012,18330966,5,198
2026-07-24T11:15:12Z,680012,18330971,22,433
2026-07-24T11:15:12Z,650012,18330973,17,-138
2026-07-24T11:15:12Z,420021,18330975,47,-584
2026-07-24T11:15:12Z,330011,18330986,23,79
2026-07-24T11:15:12Z,440012,18330987,35,-452
2026-07-24T11:15:12Z,1010011,18330989,26,-36
2026-07-24T11:15:12Z,4050042,18330991,17,90
2026-07-24T11:15:12Z,130012,18330992,15,-826
2026-07-24T11:15:12Z,5010011,18330993,21,-332
2026-07-24T11:15:12Z,120012,18330994,34,-98
2026-07-24T11:15:12Z,130011,18330998,15,-156
2026-07-24T11:15:12Z,360022,18331000,22,-213
2026-07-24T11:15:12Z,460011,18331001,28,-199
2026-07-24T11:15:12Z,720012,18331004,4,-5
2026-07-24T11:15:12Z,190012,18331008,16,-187
2026-07-24T11:15:12Z,280012,18331009,11,-143
2026-07-24T11:15:12Z,260012,18331011,9,-110
2026-07-24T11:15:12Z,260011,18331013,11,-334
2026-07-24T11:15:12Z,5020011,18331015,20,-676
2026-07-24T11:15:12Z,5030011,18331017,16,-563
2026-07-24T11:15:12Z,4000022,18331023,5,-210
2026-07-24T11:15:12Z,4000021,18331028,21,276
2026-07-24T11:15:12Z,110011,18331033,17,-255
2026-07-24T11:15:12Z,110012,18331034,17,-230
2026-07-24T11:15:12Z,470011,18331036,11,-129
2026-07-24T11:15:12Z,410011,18331038,17,-182
2026-07-24T11:15:12Z,250011,18331039,13,-68
2026-07-24T11:15:12Z,410012,18331041,4,390
2026-07-24T11:15:12Z,540012,18331044,6,395
2026-07-24T11:15:12Z,560012,18331048,2,75
2026-07-24T11:15:12Z,530012,18331052,4,-137
2026-07-24T11:15:12Z,520022,18331055,2,35
2026-07-24T11:15:12Z,420021,18331059,7,-197
2026-07-24T11:15:12Z,7000012,18329490,27,771
2026-07-24T11:15:12Z,5030011,18329558,40,249
2026-07-24T11:15:12Z,5030012,18329559,39,-771
2026-07-24T11:15:12Z,5020012,18329604,47,-193
2026-07-24T11:15:12Z,5030012,18329689,40,253
2026-07-24T11:15:12Z,5020011,18329709,48,-260
2026-07-24T11:15:12Z,5020012,18329710,47,-1175
2026-07-24T11:15:12Z,5010012,18329727,21,1055
2026-07-24T11:15:12Z,5030012,18329762,40,687
2026-07-24T11:15:12Z,820012,18329766,4,1194
2026-07-24T11:15:12Z,7010011,18329807,20,866
2026-07-24T11:15:12Z,7010012,18329808,1,279
2026-07-24T11:15:12Z,5030011,18329823,40,38
2026-07-24T11:15:12Z,5030012,18329824,12,-23
2026-07-24T11:15:12Z,5050022,18329832,25,-499
2026-07-24T11:15:12Z,4050041,18329903,54,320
2026-07-24T11:15:12Z,5050011,18329948,16,-126
2026-07-24T11:15:12Z,5050022,18329949,17,98
2026-07-24T11:15:12Z,4000021,18329954,40,474
2026-07-24T11:15:12Z,290022,18329967,18,-67
2026-07-24T11:15:12Z,810021,18329975,18,-62
2026-07-24T11:15:12Z,810022,18329976,6,317
2026-07-24T11:25:42Z,7000012,18329490,44,402
2026-07-24T11:25:42Z,5030011,18329558,40,390
2026-07-24T11:25:42Z,5030012,18329559,40,-334
2026-07-24T11:25:42Z,5030012,18329689,40,440
2026-07-24T11:25:42Z,5020012,18329710,47,-1166
2026-07-24T11:25:42Z,5030012,18329762,40,758
2026-07-24T11:25:42Z,820012,18329766,5,1190
2026-07-24T11:25:42Z,7010011,18329807,20,550
2026-07-24T11:25:42Z,7010012,18329808,4,161
2026-07-24T11:25:42Z,5030011,18329823,40,75
2026-07-24T11:25:42Z,5030012,18329824,22,-167
2026-07-24T11:25:42Z,5050011,18329948,16,-101
2026-07-24T11:25:42Z,5050022,18329949,25,-212
2026-07-24T11:25:42Z,4000021,18329954,40,504
2026-07-24T11:25:42Z,290022,18329967,18,72
2026-07-24T11:25:42Z,810022,18329976,6,317
2026-07-24T11:25:42Z,5030012,18329987,40,797
2026-07-24T11:25:42Z,440011,18330045,30,901
2026-07-24T11:25:42Z,5010012,18330068,21,-276
2026-07-24T11:25:42Z,260012,18330082,21,-329
2026-07-24T11:25:42Z,310031,18330113,32,-482
2026-07-24T11:25:42Z,310031,18330114,31,-483
2026-07-24T11:25:42Z,5020011,18330193,48,-260
2026-07-24T11:25:42Z,5020012,18330194,30,-423
2026-07-24T11:25:42Z,680022,18330255,24,1274
2026-07-24T11:25:42Z,240012,18330349,17,82
2026-07-24T11:25:42Z,220021,18330364,33,-407
2026-07-24T11:25:42Z,5040012,18330368,16,-142
2026-07-24T11:25:42Z,620011,18330439,22,268
2026-07-24T11:25:42Z,760012,18330472,13,-9
2026-07-24T11:25:42Z,760011,18330473,13,-218
2026-07-24T11:25:42Z,430011,18330493,23,1122
2026-07-24T11:25:42Z,270012,18330513,14,81
2026-07-24T11:25:42Z,5040012,18330523,16,-221
2026-07-24T11:25:42Z,4050042,18330528,4,-117
2026-07-24T11:25:42Z,390012,18330542,15,1036
2026-07-24T11:25:42Z,560011,18330550,21,2396
2026-07-24T11:25:42Z,870012,18330555,4,325
2026-07-24T11:25:42Z,640031,18330570,30,-181
2026-07-24T11:25:42Z,770012,18330578,11,114
2026-07-24T11:25:42Z,770011,18330579,12,-92
2026-07-24T11:25:42Z,770012,18330580,10,-132
2026-07-24T11:25:42Z,420022,18330590,49,-1085
2026-07-24T11:25:42Z,5010012,18330592,15,-262
2026-07-24T11:25:42Z,690021,18330600,8,-51
2026-07-24T11:25:42Z,690022,18330601,3,-118
2026-07-24T11:25:42Z,690021,18330602,8,216
2026-07-24T11:25:42Z,9010021,18330615,20,149
2026-07-24T11:25:42Z,9010021,18330616,20,-75
2026-07-24T11:25:42Z,9010021,18330617,11,-91
2026-07-24T11:25:42Z,120011,18330627,35,401
2026-07-24T11:25:42Z,260012,18330644,21,185
2026-07-24T11:25:42Z,5020012,18330648,47,-124
2026-07-24T11:25:42Z,110011,18330652,37,109
2026-07-24T11:25:42Z,410012,18330654,36,-119
2026-07-24T11:25:42Z,420022,18330673,49,-1651
2026-07-24T11:25:42Z,610011,18330684,22,36
2026-07-24T11:25:42Z,4050042,18330687,55,95
2026-07-24T11:25:42Z,4050041,18330688,41,547
2026-07-24T11:25:42Z,120011,18330691,35,-309
2026-07-24T11:25:42Z,310031,18330698,32,80
2026-07-24T11:25:42Z,310031,18330699,32,-441
2026-07-24T11:25:42Z,310031,18330700,5,39
2026-07-24T11:25:42Z,460012,18330707,35,237
2026-07-24T11:25:42Z,410012,18330710,36,241
2026-07-24T11:25:42Z,5050012,18330714,16,336
2026-07-24T11:25:42Z,840012,18330722,9,59
2026-07-24T11:25:42Z,4000021,18330733,40,-54
2026-07-24T11:25:42Z,150011,18330739,25,512
2026-07-24T11:25:42Z,110011,18330741,37,-283
2026-07-24T11:25:42Z,530012,18330747,17,-114
2026-07-24T11:25:42Z,530011,18330748,20,651
2026-07-24T11:25:42Z,520021,18330750,16,-412
2026-07-24T11:25:42Z,1680011,18330766,23,-194
2026-07-24T11:25:42Z,420021,18330769,52,225
2026-07-24T11:25:42Z,420022,18330770,47,-1121
2026-07-24T11:25:42Z,410012,18330774,36,-191
2026-07-24T11:25:42Z,440012,18330775,36,274
2026-07-24T11:25:42Z,1010012,18330777,25,252
2026-07-24T11:25:42Z,4050041,18330778,54,126
2026-07-24T11:25:42Z,4050042,18330779,55,625
2026-07-24T11:25:42Z,740011,18330794,19,-135
2026-07-24T11:25:42Z,740012,18330795,19,-63
2026-07-24T11:25:42Z,740011,18330796,19,-207
2026-07-24T11:25:42Z,160011,18330823,6,-15
2026-07-24T11:25:42Z,160012,18330824,7,-243
2026-07-24T11:25:42Z,160011,18330825,6,-48
2026-07-24T11:25:42Z,460011,18330831,35,603
2026-07-24T11:25:42Z,460012,18330832,35,-236
2026-07-24T11:25:42Z,390011,18330835,15,611
2026-07-24T11:25:42Z,230031,18330839,47,-619
2026-07-24T11:25:42Z,230031,18330840,28,-311
2026-07-24T11:25:42Z,260011,18330843,18,154
2026-07-24T11:25:42Z,480011,18330846,15,339
2026-07-24T11:25:42Z,480012,18330847,10,-320
2026-07-24T11:25:42Z,170022,18330854,22,-290
2026-07-24T11:25:42Z,410011,18330855,43,-301
2026-07-24T11:25:42Z,110012,18330857,38,177
2026-07-24T11:25:42Z,470011,18330858,19,359
2026-07-24T11:25:42Z,470012,18330859,18,22
2026-07-24T11:25:42Z,520022,18330860,10,324
2026-07-24T11:25:42Z,520021,18330861,16,-499
2026-07-24T11:25:42Z,670011,18330863,12,-67
2026-07-24T11:25:42Z,500012,18330864,18,370
2026-07-24T11:25:42Z,500011,18330865,23,304
2026-07-24T11:25:42Z,500012,18330866,17,-26
2026-07-24T11:25:42Z,420021,18330868,52,-439
2026-07-24T11:25:42Z,420022,18330869,6,-138
2026-07-24T11:25:42Z,5040011,18330870,12,-224
2026-07-24T11:25:42Z,440011,18330876,30,466
2026-07-24T11:25:42Z,330012,18330877,24,593
2026-07-24T11:25:42Z,630032,18330879,20,-155
2026-07-24T11:25:42Z,630031,18330880,11,436
2026-07-24T11:25:42Z,4050042,18330881,51,-51
2026-07-24T11:25:42Z,120012,18330886,34,161
2026-07-24T11:25:42Z,120011,18330887,35,91
2026-07-24T11:25:42Z,5010011,18330888,21,-238
2026-07-24T11:25:42Z,130012,18330891,15,-71
2026-07-24T11:25:42Z,130011,18330892,15,-268
2026-07-24T11:25:42Z,320012,18330893,15,182
2026-07-24T11:25:42Z,320011,18330894,16,181
2026-07-24T11:25:42Z,320012,18330895,10,3
2026-07-24T11:25:42Z,360021,18330897,24,-327
2026-07-24T11:25:42Z,410011,18330903,43,-592
2026-07-24T11:25:42Z,460011,18330905,35,234
2026-07-24T11:25:42Z,460012,18330906,30,-510
2026-07-24T11:25:42Z,540012,18330907,16,373
2026-07-24T11:25:42Z,540011,18330908,16,859
2026-07-24T11:25:42Z,190011,18330911,18,-265
2026-07-24T11:25:42Z,230031,18330917,47,-635
2026-07-24T11:25:42Z,260011,18330921,18,-416
2026-07-24T11:25:42Z,430012,18330922,25,-178
2026-07-24T11:25:42Z,240011,18330926,18,-161
2026-07-24T11:25:42Z,280011,18330935,21,-181
2026-07-24T11:25:42Z,380022,18330936,21,71
2026-07-24T11:25:42Z,5020011,18330937,48,-678
2026-07-24T11:25:42Z,5050011,18330941,16,-293
2026-07-24T11:25:42Z,5050012,18330942,9,-882
2026-07-24T11:25:42Z,5030011,18330943,40,-1091
2026-07-24T11:25:42Z,4000022,18330951,41,3
2026-07-24T11:25:42Z,170022,18330952,22,-271
2026-07-24T11:25:42Z,170021,18330953,20,-435
2026-07-24T11:25:42Z,470011,18330954,19,-158
2026-07-24T11:25:42Z,470012,18330955,18,-158
2026-07-24T11:25:42Z,150012,18330956,21,-80
2026-07-24T11:25:42Z,150011,18330957,25,-242
2026-07-24T11:25:42Z,110012,18330958,38,-598
2026-07-24T11:25:42Z,700012,18330966,5,198
2026-07-24T11:25:42Z,680012,18330971,23,440
2026-07-24T11:25:42Z,650012,18330973,17,-141
2026-07-24T11:25:42Z,650011,18330974,3,161
2026-07-24T11:25:42Z,410011,18330979,43,-382
2026-07-24T11:25:42Z,410012,18330980,0,-382
2026-07-24T11:25:42Z,5040011,18330983,12,-214
2026-07-24T11:25:42Z,5040012,18330984,10,-6
2026-07-24T11:25:42Z,330011,18330986,25,-92
2026-07-24T11:25:42Z,440012,18330987,36,-414
2026-07-24T11:25:42Z,1010011,18330989,27,-2
2026-07-24T11:25:42Z,4050042,18330991,29,167
2026-07-24T11:25:42Z,130012,18330992,15,-803
2026-07-24T11:25:42Z,5010011,18330993,21,-350
2026-07-24T11:25:42Z,120012,18330994,34,-134
2026-07-24T11:25:42Z,120011,18330995,3,428
2026-07-24T11:25:42Z,130011,18330998,15,-161
2026-07-24T11:25:42Z,360011,18330999,17,-249
2026-07-24T11:25:42Z,360022,18331000,22,-213
2026-07-24T11:25:42Z,460011,18331001,34,-357
2026-07-24T11:25:42Z,720012,18331004,4,-5
2026-07-24T11:25:42Z,720011,18331005,4,37
2026-07-24T11:25:42Z,190012,18331008,18,-253
2026-07-24T11:25:42Z,280012,18331009,18,-379
2026-07-24T11:25:42Z,260012,18331011,21,-688
2026-07-24T11:25:42Z,260011,18331013,18,-416
2026-07-24T11:25:42Z,5020011,18331015,33,-798
2026-07-24T11:25:42Z,5030011,18331017,27,-680
2026-07-24T11:25:42Z,4000022,18331023,15,-441
2026-07-24T11:25:42Z,4000021,18331028,35,239
2026-07-24T11:25:42Z,110011,18331033,30,-371
2026-07-24T11:25:42Z,110012,18331034,26,-382
2026-07-24T11:25:42Z,470011,18331036,19,-279
2026-07-24T11:25:42Z,410011,18331038,27,-193
2026-07-24T11:25:42Z,250011,18331039,13,-74
2026-07-24T11:25:42Z,410012,18331041,21,50
2026-07-24T11:25:42Z,540012,18331044,15,173
2026-07-24T11:25:42Z,560012,18331048,7,176
2026-07-24T11:25:42Z,530012,18331052,17,-114
2026-07-24T11:25:42Z,220021,18331054,18,-40
2026-07-24T11:25:42Z,520022,18331055,7,-169
2026-07-24T11:25:42Z,420021,18331059,20,-538
2026-07-24T11:25:42Z,330012,18331063,8,156
2026-07-24T11:25:42Z,440011,18331064,4,220
2026-07-24T11:25:42Z,5040011,18331065,5,-292
2026-07-24T11:25:42Z,120012,18331067,12,18
2026-07-24T11:25:42Z,5010011,18331069,12,-198
2026-07-24T11:25:42Z,130012,18331072,7,-148
2026-07-24T11:25:42Z,360012,18331075,5,-3
2026-07-24T11:25:42Z,360021,18331076,6,-43
2026-07-24T11:25:42Z,5020011,18331077,4,-95
2026-07-24T11:25:42Z,5030011,18331083,6,-145
2026-07-24T11:25:42Z,460011,18331089,6,-75
2026-07-24T11:25:42Z,410011,18331090,7,-132
2026-07-24T12:06:33Z,7000012,18329490,61,677
2026-07-24T12:06:33Z,5030012,18329559,40,737
2026-07-24T12:06:33Z,5030012,18329689,40,1815
2026-07-24T12:06:33Z,5020012,18329710,47,-150
2026-07-24T12:06:33Z,820012,18329766,8,1080
2026-07-24T12:06:33Z,7010012,18329808,15,402
2026-07-24T12:06:33Z,5030011,18329823,40,780
2026-07-24T12:06:33Z,5030012,18329824,40,58
2026-07-24T12:06:33Z,5050022,18329949,25,604
2026-07-24T12:06:33Z,5050011,18329950,16,85
2026-07-24T12:06:33Z,810022,18329976,16,746
2026-07-24T12:06:33Z,810021,18329977,0,-334
2026-07-24T12:06:33Z,5030012,18329987,40,999
2026-07-24T12:06:33Z,5010012,18330068,21,592
2026-07-24T12:06:33Z,260012,18330082,21,644
2026-07-24T12:06:33Z,310031,18330114,32,-387
2026-07-24T12:06:33Z,5020012,18330194,47,-1027
2026-07-24T12:06:33Z,680022,18330256,8,153
2026-07-24T12:06:33Z,240012,18330349,17,-33
2026-07-24T12:06:33Z,760011,18330473,13,-134
2026-07-24T12:06:33Z,760012,18330474,13,-67
2026-07-24T12:06:33Z,760011,18330475,5,-19
2026-07-24T12:06:33Z,270011,18330514,1,206
2026-07-24T12:06:33Z,5040012,18330523,16,718
2026-07-24T12:06:33Z,4050042,18330528,38,-691
2026-07-24T12:06:33Z,870012,18330555,6,773
2026-07-24T12:06:33Z,870011,18330556,1,64
2026-07-24T12:06:33Z,770012,18330580,11,-386
2026-07-24T12:06:33Z,770011,18330581,12,-166
2026-07-24T12:06:33Z,5010012,18330592,21,-43
2026-07-24T12:06:33Z,690021,18330602,8,219
2026-07-24T12:06:33Z,690022,18330603,3,-118
2026-07-24T12:06:33Z,9010021,18330616,20,72
2026-07-24T12:06:33Z,9010021,18330617,20,-74
2026-07-24T12:06:33Z,9010021,18330618,19,-23
2026-07-24T12:06:33Z,410012,18330654,36,515
2026-07-24T12:06:33Z,420022,18330673,49,-426
2026-07-24T12:06:33Z,420021,18330674,34,-574
2026-07-24T12:06:33Z,610011,18330684,22,209
2026-07-24T12:06:33Z,4050041,18330688,54,23
2026-07-24T12:06:33Z,310031,18330699,32,163
2026-07-24T12:06:33Z,310031,18330700,32,-434
2026-07-24T12:06:33Z,310031,18330701,6,9
2026-07-24T12:06:33Z,5050021,18330715,7,102
2026-07-24T12:06:33Z,840012,18330722,9,-38
2026-07-24T12:06:33Z,840011,18330723,10,59
2026-07-24T12:06:33Z,840012,18330724,0,-901
2026-07-24T12:06:33Z,4000021,18330733,40,578
2026-07-24T12:06:33Z,4000022,18330734,29,-449
2026-07-24T12:06:33Z,110011,18330741,37,260
2026-07-24T12:06:33Z,530011,18330748,20,179
2026-07-24T12:06:33Z,510012,18330753,11,-54
2026-07-24T12:06:33Z,510011,18330754,14,19
2026-07-24T12:06:33Z,710012,18330759,9,-81
2026-07-24T12:06:33Z,1680011,18330766,23,-172
2026-07-24T12:06:33Z,420022,18330770,49,-1046
2026-07-24T12:06:33Z,410012,18330774,36,-226
2026-07-24T12:06:33Z,1010012,18330777,25,165
2026-07-24T12:06:33Z,4050042,18330779,55,1025
2026-07-24T12:06:33Z,850011,18330782,17,25
2026-07-24T12:06:33Z,740011,18330796,19,-211
2026-07-24T12:06:33Z,740012,18330797,18,-16
2026-07-24T12:06:33Z,730011,18330810,12,-17
2026-07-24T12:06:33Z,730012,18330811,12,-87
2026-07-24T12:06:33Z,730011,18330812,0,-2067
2026-07-24T12:06:33Z,160012,18330826,7,-264
2026-07-24T12:06:33Z,160011,18330827,6,-124
2026-07-24T12:06:33Z,160012,18330828,7,-246
2026-07-24T12:06:33Z,460012,18330832,35,529
2026-07-24T12:06:33Z,230031,18330840,47,-778
2026-07-24T12:06:33Z,230031,18330841,3,160
2026-07-24T12:06:33Z,480011,18330846,15,1780
2026-07-24T12:06:33Z,480012,18330847,23,-311
2026-07-24T12:06:33Z,480011,18330848,2,65
2026-07-24T12:06:33Z,410012,18330856,22,165
2026-07-24T12:06:33Z,520021,18330861,16,-205
2026-07-24T12:06:33Z,500012,18330866,18,185
2026-07-24T12:06:33Z,500011,18330867,23,391
2026-07-24T12:06:33Z,420022,18330869,49,-1295
2026-07-24T12:06:33Z,630031,18330880,25,135
2026-07-24T12:06:33Z,4050042,18330881,55,-71
2026-07-24T12:06:33Z,4050041,18330882,19,415
2026-07-24T12:06:33Z,120011,18330887,35,288
2026-07-24T12:06:33Z,320011,18330894,16,443
2026-07-24T12:06:33Z,320012,18330895,15,-45
2026-07-24T12:06:33Z,320011,18330896,16,140
2026-07-24T12:06:33Z,410012,18330904,0,-3232
2026-07-24T12:06:33Z,460012,18330906,35,-179
2026-07-24T12:06:33Z,230031,18330917,47,-272
2026-07-24T12:06:33Z,230031,18330918,44,-713
2026-07-24T12:06:33Z,260011,18330921,18,398
2026-07-24T12:06:33Z,430012,18330922,25,302
2026-07-24T12:06:33Z,430011,18330923,1,266
2026-07-24T12:06:33Z,380021,18330927,22,788
2026-07-24T12:06:33Z,380022,18330928,21,180
2026-07-24T12:06:33Z,5020011,18330937,48,8
2026-07-24T12:06:33Z,5020012,18330938,41,-481
2026-07-24T12:06:33Z,5050011,18330941,16,130
2026-07-24T12:06:33Z,5050012,18330942,16,-175
2026-07-24T12:06:33Z,5030011,18330943,40,-182
2026-07-24T12:06:33Z,5030012,18330944,28,88
2026-07-24T12:06:33Z,4000022,18330951,41,241
2026-07-24T12:06:33Z,170021,18330953,20,-461
2026-07-24T12:06:33Z,470012,18330955,18,70
2026-07-24T12:06:33Z,150011,18330957,25,-170
2026-07-24T12:06:33Z,110012,18330958,38,8
2026-07-24T12:06:33Z,110011,18330959,37,-480
2026-07-24T12:06:33Z,290022,18330961,18,-341
2026-07-24T12:06:33Z,290021,18330962,16,27
2026-07-24T12:06:33Z,290022,18330963,0,-813
2026-07-24T12:06:33Z,680012,18330971,24,1359
2026-07-24T12:06:33Z,650012,18330973,17,116
2026-07-24T12:06:33Z,650011,18330974,17,-92
2026-07-24T12:06:33Z,420021,18330975,52,-142
2026-07-24T12:06:33Z,420022,18330976,22,-852
2026-07-24T12:06:33Z,410011,18330979,43,46
2026-07-24T12:06:33Z,410012,18330980,36,-68
2026-07-24T12:06:33Z,5040011,18330983,12,179
2026-07-24T12:06:33Z,5040012,18330984,16,-81
2026-07-24T12:06:33Z,330011,18330986,25,81
2026-07-24T12:06:33Z,440012,18330987,36,116
2026-07-24T12:06:33Z,1010011,18330989,27,32
2026-07-24T12:06:33Z,1010012,18330990,20,216
2026-07-24T12:06:33Z,4050042,18330991,55,655
2026-07-24T12:06:33Z,130012,18330992,15,-308
2026-07-24T12:06:33Z,5010011,18330993,21,298
2026-07-24T12:06:33Z,120012,18330994,34,290
2026-07-24T12:06:33Z,120011,18330995,35,23
2026-07-24T12:06:33Z,130011,18330998,15,539
2026-07-24T12:06:33Z,360011,18330999,17,-171
2026-07-24T12:06:33Z,360022,18331000,22,-52
2026-07-24T12:06:33Z,460011,18331001,35,145
2026-07-24T12:06:33Z,460012,18331002,35,-163
2026-07-24T12:06:33Z,720012,18331004,4,384
2026-07-24T12:06:33Z,720011,18331005,4,237
2026-07-24T12:06:33Z,190012,18331008,18,-69
2026-07-24T12:06:33Z,280012,18331009,18,-369
2026-07-24T12:06:33Z,280011,18331010,21,-33
2026-07-24T12:06:33Z,260012,18331011,21,-326
2026-07-24T12:06:33Z,260011,18331012,2,6
2026-07-24T12:06:33Z,260011,18331013,18,72
2026-07-24T12:06:33Z,5020011,18331015,48,-657
2026-07-24T12:06:33Z,5020012,18331016,4,92
2026-07-24T12:06:33Z,5030011,18331017,40,-492
2026-07-24T12:06:33Z,5030012,18331018,4,157
2026-07-24T12:06:33Z,4000022,18331023,41,-331
2026-07-24T12:06:33Z,4000021,18331024,9,114
2026-07-24T12:06:33Z,4000021,18331028,40,-60
2026-07-24T12:06:33Z,4000022,18331029,2,112
2026-07-24T12:06:33Z,110011,18331033,37,-368
2026-07-24T12:06:33Z,110012,18331034,38,-610
2026-07-24T12:06:33Z,110011,18331035,9,-237
2026-07-24T12:06:33Z,470011,18331036,19,126
2026-07-24T12:06:33Z,470012,18331037,18,-58
2026-07-24T12:06:33Z,410011,18331038,43,-382
2026-07-24T12:06:33Z,250011,18331039,13,112
2026-07-24T12:06:33Z,250012,18331040,18,-221
2026-07-24T12:06:33Z,410012,18331041,36,-556
2026-07-24T12:06:33Z,540012,18331044,16,356
2026-07-24T12:06:33Z,540011,18331045,16,476
2026-07-24T12:06:33Z,540012,18331046,0,-724
2026-07-24T12:06:33Z,560012,18331048,17,652
2026-07-24T12:06:33Z,560011,18331049,12,1030
2026-07-24T12:06:33Z,530012,18331052,17,-48
2026-07-24T12:06:33Z,530011,18331053,20,510
2026-07-24T12:06:33Z,220021,18331054,33,-190
2026-07-24T12:06:33Z,520022,18331055,10,-58
2026-07-24T12:06:33Z,520021,18331056,11,-501
2026-07-24T12:06:33Z,420021,18331059,52,-1380
2026-07-24T12:06:33Z,330012,18331063,24,388
2026-07-24T12:06:33Z,440011,18331064,30,401
2026-07-24T12:06:33Z,5040011,18331065,12,-729
2026-07-24T12:06:33Z,4050041,18331066,50,524
2026-07-24T12:06:33Z,120012,18331067,34,-118
2026-07-24T12:06:33Z,120011,18331068,15,48
2026-07-24T12:06:33Z,5010011,18331069,21,-232
2026-07-24T12:06:33Z,130011,18331071,15,-243
2026-07-24T12:06:33Z,130012,18331072,15,-541
2026-07-24T12:06:33Z,130011,18331073,15,-423
2026-07-24T12:06:33Z,360012,18331075,15,-146
2026-07-24T12:06:33Z,360021,18331076,24,-293
2026-07-24T12:06:33Z,5020011,18331077,48,-717
2026-07-24T12:06:33Z,5030011,18331083,39,-553
2026-07-24T12:06:33Z,460011,18331089,35,-385
2026-07-24T12:06:33Z,410011,18331090,43,-491
2026-07-24T12:06:33Z,190011,18331094,18,-453
2026-07-24T12:06:33Z,190012,18331095,10,-358
2026-07-24T12:06:33Z,240011,18331096,18,-161
2026-07-24T12:06:33Z,260011,18331099,18,-294
2026-07-24T12:06:33Z,380021,18331100,21,133
2026-07-24T12:06:33Z,260012,18331104,21,-489
2026-07-24T12:06:33Z,610012,18331105,14,326
2026-07-24T12:06:33Z,110012,18331107,38,-570
2026-07-24T12:06:33Z,150012,18331109,21,-251
2026-07-24T12:06:33Z,150011,18331110,8,-38
2026-07-24T12:06:33Z,170022,18331113,22,-424
2026-07-24T12:06:33Z,170021,18331114,8,0
2026-07-24T12:06:33Z,470011,18331117,19,-269
2026-07-24T12:06:33Z,470012,18331118,3,102
2026-07-24T12:06:33Z,630032,18331119,13,-192
2026-07-24T12:06:33Z,310031,18331121,32,-434
2026-07-24T12:06:33Z,660012,18331128,13,-126
2026-07-24T12:06:33Z,660011,18331129,0,-126
2026-07-24T12:06:33Z,5020011,18331130,34,-743
2026-07-24T12:06:33Z,510012,18331134,11,64
2026-07-24T12:06:33Z,510011,18331135,6,-33
2026-07-24T12:06:33Z,5030011,18331136,27,-632
2026-07-24T12:06:33Z,5010012,18331140,21,-100
2026-07-24T12:06:33Z,410011,18331142,30,-114
2026-07-24T12:06:33Z,440012,18331144,29,-656
2026-07-24T12:06:33Z,330011,18331147,18,9
2026-07-24T12:06:33Z,5040012,18331148,14,177
2026-07-24T12:06:33Z,440011,18331153,15,380
2026-07-24T12:06:33Z,5040011,18331158,12,-122
2026-07-24T12:06:33Z,1010021,18331160,11,79
2026-07-24T12:06:33Z,130012,18331164,15,-661
2026-07-24T12:06:33Z,5010011,18331165,21,-232
2026-07-24T12:06:33Z,120012,18331167,25,61
2026-07-24T12:06:33Z,360011,18331171,17,-230
2026-07-24T12:06:33Z,360022,18331174,20,-220
2026-07-24T12:06:33Z,460011,18331175,17,-45
2026-07-24T12:06:33Z,260012,18331177,2,85
2026-07-24T12:06:33Z,280012,18331179,5,-2
2026-07-24T12:06:33Z,240012,18331181,2,192
2026-07-24T12:06:33Z,5020011,18331183,4,-97
2026-07-24T12:06:33Z,5030011,18331189,7,-267
2026-07-24T12:06:33Z,460012,18331195,9,-212
2026-07-24T12:06:33Z,110012,18331198,4,115
2026-07-24T12:06:33Z,470011,18331202,2,172
2026-07-24T12:06:33Z,530012,18331204,0,-509
2026-07-24T12:06:33Z,590012,18331206,1,50
2026-07-24T12:06:33Z,220021,18331208,0,-2709
2026-07-24T13:07:34Z,7000012,18329490,70,1103
2026-07-24T13:07:34Z,5030012,18329824,40,1595
2026-07-24T13:07:34Z,5050011,18329950,16,174
2026-07-24T13:07:34Z,5050012,18329951,16,-92
2026-07-24T13:07:34Z,810021,18329977,18,199
2026-07-24T13:07:34Z,5020012,18330194,47,389
2026-07-24T13:07:34Z,680022,18330256,24,1075
2026-07-24T13:07:34Z,860012,18330458,4,311
2026-07-24T13:07:34Z,860011,18330459,2,152
2026-07-24T13:07:34Z,760011,18330475,13,3
2026-07-24T13:07:34Z,130012,18330480,15,-414
2026-07-24T13:07:34Z,130011,18330481,15,-340
2026-07-24T13:07:34Z,270011,18330514,8,-117
2026-07-24T13:07:34Z,270012,18330515,14,134
2026-07-24T13:07:34Z,4050042,18330528,55,-378
2026-07-24T13:07:34Z,870011,18330556,6,-81
2026-07-24T13:07:34Z,690022,18330605,3,-109
2026-07-24T13:07:34Z,690021,18330606,8,212
2026-07-24T13:07:34Z,4050042,18330608,9,-100
2026-07-24T13:07:34Z,9010021,18330619,20,-36
2026-07-24T13:07:34Z,9010021,18330620,19,11
2026-07-24T13:07:34Z,780012,18330635,12,668
2026-07-24T13:07:34Z,780011,18330636,2,813
2026-07-24T13:07:34Z,750012,18330639,15,443
2026-07-24T13:07:34Z,410011,18330655,43,648
2026-07-24T13:07:34Z,410012,18330656,0,-552
2026-07-24T13:07:34Z,250011,18330663,4,89
2026-07-24T13:07:34Z,420021,18330674,52,-888
2026-07-24T13:07:34Z,4050041,18330688,54,1430
2026-07-24T13:07:34Z,4050042,18330689,38,-558
2026-07-24T13:07:34Z,310031,18330701,32,-393
2026-07-24T13:07:34Z,310031,18330702,32,-603
2026-07-24T13:07:34Z,5050021,18330715,25,662
2026-07-24T13:07:34Z,5050012,18330716,10,-199
2026-07-24T13:07:34Z,840012,18330724,9,-253
2026-07-24T13:07:34Z,840011,18330725,10,60
2026-07-24T13:07:34Z,840012,18330726,2,263
2026-07-24T13:07:34Z,4000022,18330734,41,-161
2026-07-24T13:07:34Z,710012,18330761,9,86
2026-07-24T13:07:34Z,850012,18330783,20,-69
2026-07-24T13:07:34Z,850011,18330784,15,108
2026-07-24T13:07:34Z,740012,18330797,19,206
2026-07-24T13:07:34Z,740011,18330798,19,-161
2026-07-24T13:07:34Z,740012,18330799,19,-193
2026-07-24T13:07:34Z,730011,18330812,12,-100
2026-07-24T13:07:34Z,730012,18330813,12,-155
2026-07-24T13:07:34Z,730011,18330814,1,-2
2026-07-24T13:07:34Z,160012,18330830,7,-321
2026-07-24T13:07:34Z,190011,18330834,18,-276
2026-07-24T13:07:34Z,230031,18330841,47,-836
2026-07-24T13:07:34Z,1680012,18330845,2,9
2026-07-24T13:07:34Z,480011,18330848,15,504
2026-07-24T13:07:34Z,410012,18330856,36,-276
2026-07-24T13:07:34Z,420022,18330869,49,-502
2026-07-24T13:07:34Z,330011,18330878,21,-288
2026-07-24T13:07:34Z,4050041,18330882,54,-36
2026-07-24T13:07:34Z,320011,18330896,16,301
2026-07-24T13:07:34Z,410012,18330904,36,-602
2026-07-24T13:07:34Z,190012,18330912,11,-424
2026-07-24T13:07:34Z,230031,18330918,47,-324
2026-07-24T13:07:34Z,230031,18330919,46,-563
2026-07-24T13:07:34Z,430011,18330923,23,237
2026-07-24T13:07:34Z,380021,18330929,22,403
2026-07-24T13:07:34Z,5020012,18330938,47,-226
2026-07-24T13:07:34Z,5030012,18330944,40,346
2026-07-24T13:07:34Z,5030011,18330945,30,-251
2026-07-24T13:07:34Z,290022,18330963,18,-512
2026-07-24T13:07:34Z,290021,18330964,16,-84
2026-07-24T13:07:34Z,290022,18330965,1,-51
2026-07-24T13:07:34Z,700012,18330967,5,541
2026-07-24T13:07:34Z,700011,18330968,5,345
2026-07-24T13:07:34Z,680011,18330972,29,-118
2026-07-24T13:07:34Z,420022,18330976,49,-1144
2026-07-24T13:07:34Z,410012,18330980,36,785
2026-07-24T13:07:34Z,440011,18330988,30,332
2026-07-24T13:07:34Z,1010012,18330990,25,-78
2026-07-24T13:07:34Z,4050042,18330991,55,1151
2026-07-24T13:07:34Z,120012,18330996,34,-249
2026-07-24T13:07:34Z,460012,18331002,35,986
2026-07-24T13:07:34Z,260011,18331012,18,-374
2026-07-24T13:07:34Z,5020012,18331016,47,-705
2026-07-24T13:07:34Z,5030012,18331018,40,183
2026-07-24T13:07:34Z,5030011,18331019,8,-330
2026-07-24T13:07:34Z,4000021,18331024,40,-70
2026-07-24T13:07:34Z,4000022,18331029,41,-103
2026-07-24T13:07:34Z,4000021,18331030,10,81
2026-07-24T13:07:34Z,110011,18331035,37,-436
2026-07-24T13:07:34Z,470012,18331037,18,1298
2026-07-24T13:07:34Z,410011,18331042,30,-52
2026-07-24T13:07:34Z,540012,18331046,16,233
2026-07-24T13:07:34Z,540011,18331047,16,349
2026-07-24T13:07:34Z,560011,18331049,21,965
2026-07-24T13:07:34Z,560012,18331050,17,1179
2026-07-24T13:07:34Z,560011,18331051,7,1116
2026-07-24T13:07:34Z,520021,18331056,16,-565
2026-07-24T13:07:34Z,420021,18331059,52,-313
2026-07-24T13:07:34Z,420022,18331060,49,-1223
2026-07-24T13:07:34Z,4050041,18331066,54,583
2026-07-24T13:07:34Z,120011,18331068,35,286
2026-07-24T13:07:34Z,130012,18331074,14,-562
2026-07-24T13:07:34Z,5020011,18331077,48,-187
2026-07-24T13:07:34Z,5020012,18331078,47,-647
2026-07-24T13:07:34Z,5030011,18331083,40,517
2026-07-24T13:07:34Z,5030012,18331084,32,537
2026-07-24T13:07:34Z,460011,18331089,35,1164
2026-07-24T13:07:34Z,410012,18331091,36,-222
2026-07-24T13:07:34Z,190012,18331095,18,-302
2026-07-24T13:07:34Z,260011,18331099,18,388
2026-07-24T13:07:34Z,380021,18331100,22,573
2026-07-24T13:07:34Z,380022,18331101,21,133
2026-07-24T13:07:34Z,610012,18331105,22,353
2026-07-24T13:07:34Z,610011,18331106,20,-49
2026-07-24T13:07:34Z,110012,18331107,38,412
2026-07-24T13:07:34Z,110011,18331108,37,-397
2026-07-24T13:07:34Z,150011,18331110,25,-162
2026-07-24T13:07:34Z,170021,18331114,20,-247
2026-07-24T13:07:34Z,170022,18331115,22,-261
2026-07-24T13:07:34Z,170021,18331116,10,-34
2026-07-24T13:07:34Z,470012,18331118,18,232
2026-07-24T13:07:34Z,630032,18331119,20,37
2026-07-24T13:07:34Z,630031,18331120,22,122
2026-07-24T13:07:34Z,310031,18331121,32,30
2026-07-24T13:07:34Z,310031,18331122,32,-543
2026-07-24T13:07:34Z,310031,18331123,7,-40
2026-07-24T13:07:34Z,660011,18331129,13,130
2026-07-24T13:07:34Z,5020011,18331130,48,-215
2026-07-24T13:07:34Z,5020012,18331131,26,96
2026-07-24T13:07:34Z,510011,18331135,14,102
2026-07-24T13:07:34Z,5030011,18331136,40,-140
2026-07-24T13:07:34Z,5030012,18331137,16,360
2026-07-24T13:07:34Z,5010012,18331140,21,377
2026-07-24T13:07:34Z,5010011,18331141,21,-300
2026-07-24T13:07:34Z,410011,18331142,43,224
2026-07-24T13:07:34Z,410012,18331143,22,160
2026-07-24T13:07:34Z,440012,18331144,36,20
2026-07-24T13:07:34Z,330011,18331147,25,766
2026-07-24T13:07:34Z,5040012,18331148,16,397
2026-07-24T13:07:34Z,5040011,18331149,12,-216
2026-07-24T13:07:34Z,440011,18331153,30,827
2026-07-24T13:07:34Z,440012,18331154,36,512
2026-07-24T13:07:34Z,5040011,18331158,12,126
2026-07-24T13:07:34Z,1010021,18331160,29,-53
2026-07-24T13:07:34Z,1010012,18331161,23,117
2026-07-24T13:07:34Z,130012,18331164,15,-99
2026-07-24T13:07:34Z,5010011,18331165,21,-5
2026-07-24T13:07:34Z,120012,18331167,34,24
2026-07-24T13:07:34Z,120011,18331168,35,-215
2026-07-24T13:07:34Z,360011,18331171,17,66
2026-07-24T13:07:34Z,360012,18331172,15,-258
2026-07-24T13:07:34Z,360011,18331173,17,-244
2026-07-24T13:07:34Z,360022,18331174,22,-43
2026-07-24T13:07:34Z,460011,18331175,35,377
2026-07-24T13:07:34Z,460012,18331176,34,-140
2026-07-24T13:07:34Z,260012,18331177,21,-140
2026-07-24T13:07:34Z,260011,18331178,18,-252
2026-07-24T13:07:34Z,280012,18331179,18,-203
2026-07-24T13:07:34Z,280011,18331180,21,-31
2026-07-24T13:07:34Z,240012,18331181,17,54
2026-07-24T13:07:34Z,240011,18331182,18,-164
2026-07-24T13:07:34Z,5020011,18331183,48,-788
2026-07-24T13:07:34Z,5020012,18331184,6,19
2026-07-24T13:07:34Z,5030011,18331189,40,-423
2026-07-24T13:07:34Z,5030012,18331190,6,136
2026-07-24T13:07:34Z,460012,18331195,35,59
2026-07-24T13:07:34Z,110012,18331198,38,-321
2026-07-24T13:07:34Z,110011,18331199,11,-251
2026-07-24T13:07:34Z,470011,18331202,19,614
2026-07-24T13:07:34Z,470012,18331203,18,596
2026-07-24T13:07:34Z,530012,18331204,17,2
2026-07-24T13:07:34Z,530011,18331205,20,465
2026-07-24T13:07:34Z,590012,18331206,5,914
2026-07-24T13:07:34Z,590011,18331207,7,717
2026-07-24T13:07:34Z,220021,18331208,33,-116
2026-07-24T13:07:34Z,220021,18331209,0,-1376
2026-07-24T13:07:34Z,520022,18331214,10,47
2026-07-24T13:07:34Z,520021,18331215,15,-340
2026-07-24T13:07:34Z,420021,18331216,52,-653
2026-07-24T13:07:34Z,5010012,18331217,21,-15
2026-07-24T13:07:34Z,5040012,18331218,16,245
2026-07-24T13:07:34Z,5040011,18331219,12,-276
2026-07-24T13:07:34Z,330012,18331221,24,361
2026-07-24T13:07:34Z,510012,18331223,11,-97
2026-07-24T13:07:34Z,510011,18331224,14,-19
2026-07-24T13:07:34Z,320012,18331229,15,-59
2026-07-24T13:07:34Z,320011,18331230,16,-34
2026-07-24T13:07:34Z,130011,18331231,15,-340
2026-07-24T13:07:34Z,360021,18331233,24,-309
2026-07-24T13:07:34Z,360022,18331234,21,-152
2026-07-24T13:07:34Z,670012,18331240,12,-6
2026-07-24T13:07:34Z,670011,18331241,12,-28
2026-07-24T13:07:34Z,5020011,18331244,48,-813
2026-07-24T13:07:34Z,410011,18331248,43,-470
2026-07-24T13:07:34Z,460011,18331252,35,219
2026-07-24T13:07:34Z,460012,18331253,9,-167
2026-07-24T13:07:34Z,160011,18331255,6,-297
2026-07-24T13:07:34Z,160012,18331256,7,-240
2026-07-24T13:07:34Z,260012,18331257,21,-268
2026-07-24T13:07:34Z,5050021,18331262,15,342
2026-07-24T13:07:34Z,4000022,18331268,28,-310
2026-07-24T13:07:34Z,470011,18331271,19,-111
2026-07-24T13:07:34Z,470012,18331272,3,59
2026-07-24T13:07:34Z,110012,18331273,38,-341
2026-07-24T13:07:34Z,150012,18331275,21,-432
2026-07-24T13:07:34Z,150011,18331276,11,-92
2026-07-24T13:07:34Z,620012,18331277,11,37
2026-07-24T13:07:34Z,5020011,18331279,34,-835
2026-07-24T13:07:34Z,5010012,18331283,21,105
2026-07-24T13:07:34Z,420021,18331284,37,-675
2026-07-24T13:07:34Z,5040012,18331286,11,513
2026-07-24T13:07:34Z,440011,18331287,20,173
2026-07-24T13:07:34Z,440012,18331290,30,-524
2026-07-24T13:07:34Z,1010021,18331294,12,-43
2026-07-24T13:07:34Z,4050041,18331296,19,248
2026-07-24T13:07:34Z,120012,18331302,27,-127
2026-07-24T13:07:34Z,5010011,18331304,21,-296
2026-07-24T13:07:34Z,120011,18331306,16,157
2026-07-24T13:07:34Z,420022,18331309,23,-875
2026-07-24T13:07:34Z,460011,18331310,18,-30
2026-07-24T13:07:34Z,160011,18331314,6,-297
2026-07-24T13:07:34Z,160012,18331315,0,-297
2026-07-24T13:07:34Z,260011,18331322,2,4
2026-07-24T13:07:34Z,260012,18331323,3,143
2026-07-24T13:07:34Z,280012,18331328,6,-104
2026-07-24T13:07:34Z,240012,18331330,4,208
2026-07-24T13:07:34Z,230031,18331332,5,138
2026-07-24T13:07:34Z,5020011,18331335,6,-321
2026-07-24T13:07:34Z,5050021,18331339,8,93
2026-07-24T13:07:34Z,110012,18331341,5,29
2026-07-24T13:07:34Z,470011,18331344,2,277
