fetched_utc,publication_time,record_id,geom_hash,street_from,street_to,jam_level
2026-07-17T10:51:59Z,2026-07-17T13:56:04.605049+03:00,_0,69fc3b9dbbdd,Strovolos,Archiepiskopou Makariou III Ave,0
2026-07-17T10:51:59Z,2026-07-17T13:56:04.605049+03:00,_1,e9824d0075f7,Lemesou Ave,,3
2026-07-17T10:51:59Z,2026-07-17T13:56:04.605049+03:00,_2,91353c408128,,Lemesou Ave,0
2026-07-17T10:51:59Z,2026-07-17T13:56:04.605049+03:00,_0,391ae18682fa,Episkopi,> A1 Lefkosia / (A5) Larnaka / (A5)(A3) Larnaka Airport,0
2026-07-17T10:51:59Z,2026-07-17T13:56:04.605049+03:00,_1,cafc026927d2,Germasogeia,Germasogeia,4
2026-07-17T10:51:59Z,2026-07-17T13:56:04.605049+03:00,_0,807a263ccec7,E147 - Archiepiskopou Makariou III Ave,Agias Filaxeos,0
2026-07-17T10:51:59Z,2026-07-17T13:56:04.605049+03:00,_1,a4260c51b19c,Steliou Kyriakidi,,4
2026-07-17T10:51:59Z,2026-07-17T13:56:04.605049+03:00,_2,f5f94ff22484,Agias Filaxeos,E110,0
2026-07-17T10:51:59Z,2026-07-17T13:56:04.605049+03:00,_0,21071115abc5,,> A1 Lefkosia / (A5) Larnaka / (A5)(A3) Larnaka Airport,0
2026-07-17T10:51:59Z,2026-07-17T13:56:04.605049+03:00,_1,3d69df352bf6,Germasogeia,Agios Tychonas,4
2026-07-17T10:51:59Z,2026-07-17T13:56:04.605049+03:00,_2,daac4c5293d9,Parekklisia,Archiepiskopou Makariou III Ave,0
2026-07-17T10:51:59Z,2026-07-17T13:56:04.605049+03:00,_3,e9824d0075f7,Lemesou Ave,,3
2026-07-17T10:51:59Z,2026-07-17T13:56:04.605049+03:00,_4,e2cde6fd93fa,,Evagorou Ave,0
2026-07-17T10:51:59Z,2026-07-17T13:56:04.605049+03:00,_0,a621b9829dc1,Exit 24 >E127 Germasogeia / E113 Lemesos-Centre,A6,0
2026-07-17T10:51:59Z,2026-07-17T13:56:04.605049+03:00,_1,fcc252ee8f23,A1,Kato Polemidia,2
2026-07-17T10:51:59Z,2026-07-17T13:56:04.605049+03:00,_2,5052820d4346,A1,"to A6 > Pafos, Pafos Airport",0
2026-07-17T11:07:37Z,2026-07-17T14:12:11.595189+03:00,_0,acb430b8e822,Strovolos,Archiepiskopou Makariou III Ave,0
2026-07-17T11:07:37Z,2026-07-17T14:12:11.595189+03:00,_1,394713f228bd,Lemesou Ave,Lemesou Ave,3
2026-07-17T11:07:37Z,2026-07-17T14:12:11.595189+03:00,_0,a359d7f879e7,E110,E147 - Archiepiskopou Makariou III Ave,0
2026-07-17T11:07:37Z,2026-07-17T14:12:11.595189+03:00,_1,46e4c4dd26b1,Agias Filaxeos,E147 - Archiepiskopou Makariou III Ave,2
2026-07-17T11:07:37Z,2026-07-17T14:12:11.595189+03:00,_0,391ae18682fa,Episkopi,> A1 Lefkosia / (A5) Larnaka / (A5)(A3) Larnaka Airport,0
2026-07-17T11:07:37Z,2026-07-17T14:12:11.595189+03:00,_1,cafc026927d2,Germasogeia,Germasogeia,4
2026-07-17T11:07:37Z,2026-07-17T14:12:11.595189+03:00,_0,21071115abc5,,> A1 Lefkosia / (A5) Larnaka / (A5)(A3) Larnaka Airport,0
2026-07-17T11:07:37Z,2026-07-17T14:12:11.595189+03:00,_1,3d69df352bf6,Germasogeia,Agios Tychonas,4
2026-07-17T11:07:37Z,2026-07-17T14:12:11.595189+03:00,_2,03d2cef6c66a,Parekklisia,Archiepiskopou Makariou III Ave,0
2026-07-17T11:07:37Z,2026-07-17T14:12:11.595189+03:00,_3,6efde239cabf,Lemesou Ave,Archiepiskopou Makariou III Ave,3
2026-07-17T11:07:37Z,2026-07-17T14:12:11.595189+03:00,_4,f7f1e6fbecb6,Lemesou Ave,Evagorou Ave,0
2026-07-17T12:20:38Z,2026-07-17T15:24:42.184300+03:00,_0,199710dc4a27,Strovolos,E164 - Armenias,0
2026-07-17T12:20:38Z,2026-07-17T15:24:42.184300+03:00,_1,fedb3d094e5d,A1,Lemesou Ave,1
2026-07-17T12:20:38Z,2026-07-17T15:24:42.184300+03:00,_2,d6df578c88ea,Lemesou Ave,Lemesou Ave,0
2026-07-17T12:20:38Z,2026-07-17T15:24:42.184300+03:00,_3,8b530b355b26,Lemesou Ave,Archiepiskopou Makariou III Ave,3
2026-07-17T12:20:38Z,2026-07-17T15:24:42.184300+03:00,_0,6eb3033e950e,E110,E147 - Archiepiskopou Makariou III Ave,0
2026-07-17T12:20:38Z,2026-07-17T15:24:42.184300+03:00,_1,88697bca4b53,Agias Filaxeos,E147 - Archiepiskopou Makariou III Ave,2
2026-07-17T12:20:38Z,2026-07-17T15:24:42.184300+03:00,_0,06afc6492b14,Exit 24 >E127 Germasogeia / E113 Lemesos-Centre,Exit 26 > E114 Mesa Geitonia / Lemesos-Centre / F131 Mathikoloni,1
2026-07-17T12:20:38Z,2026-07-17T15:24:42.184300+03:00,_1,9800ef0abc36,Agios Athanasios,Exit 26 > E114 Mesa Geitonia / Lemesos-Centre / F131 Mathikoloni,0
2026-07-17T12:20:38Z,2026-07-17T15:24:42.184300+03:00,_2,1f9e4309220a,Agios Athanasios,Agios Athanasios,1
2026-07-17T12:20:38Z,2026-07-17T15:24:42.184300+03:00,_3,5f071a5847f6,Mesa Geitonia,Lemesos,0
2026-07-17T12:20:38Z,2026-07-17T15:24:42.184300+03:00,_4,e1dac3423766,Lemesos,Lemesos,2
2026-07-17T12:20:38Z,2026-07-17T15:24:42.184300+03:00,_5,ef93f4872b51,Lemesos,"to A6 > Pafos, Pafos Airport",0
2026-07-17T12:20:38Z,2026-07-17T15:24:42.184300+03:00,_0,807a263ccec7,E147 - Archiepiskopou Makariou III Ave,Agias Filaxeos,0
2026-07-17T12:20:38Z,2026-07-17T15:24:42.184300+03:00,_1,a4260c51b19c,Steliou Kyriakidi,,3
2026-07-17T12:20:38Z,2026-07-17T15:24:42.184300+03:00,_2,f5f94ff22484,Agias Filaxeos,E110,0
2026-07-17T12:20:38Z,2026-07-17T15:24:42.184300+03:00,_0,21071115abc5,,> A1 Lefkosia / (A5) Larnaka / (A5)(A3) Larnaka Airport,0
2026-07-17T12:20:38Z,2026-07-17T15:24:42.184300+03:00,_1,b26392a0c648,Germasogeia,Mouttagiaka,2
2026-07-17T12:20:38Z,2026-07-17T15:24:42.184300+03:00,_2,c7a72f53d14b,Mouttagiaka,E164 - Armenias,0
2026-07-17T12:20:38Z,2026-07-17T15:24:42.184300+03:00,_3,fedb3d094e5d,A1,Lemesou Ave,1
2026-07-17T12:20:38Z,2026-07-17T15:24:42.184300+03:00,_4,d6df578c88ea,Lemesou Ave,Lemesou Ave,0
2026-07-17T12:20:38Z,2026-07-17T15:24:42.184300+03:00,_5,3dec49aff703,Lemesou Ave,Archiepiskopou Makariou III Ave,3
2026-07-17T12:20:38Z,2026-07-17T15:24:42.184300+03:00,_6,8ff236a3874f,Lemesou Ave,B18 - Digeni Akrita Ave,0
2026-07-17T12:20:38Z,2026-07-17T15:24:42.184300+03:00,_7,055237d5336a,Archiepiskopou Makariou III Ave,B18 - Georgiou Griva Digeni Ave,3
2026-07-17T12:20:38Z,2026-07-17T15:24:42.184300+03:00,_8,e1beab30434a,Archiepiskopou Makariou III Ave,Evagorou Ave,0
2026-07-17T12:20:38Z,2026-07-17T15:24:42.184300+03:00,_0,391ae18682fa,Episkopi,> A1 Lefkosia / (A5) Larnaka / (A5)(A3) Larnaka Airport,0
2026-07-17T12:20:38Z,2026-07-17T15:24:42.184300+03:00,_1,cafc026927d2,Germasogeia,Germasogeia,2
2026-07-17T14:12:20Z,2026-07-17T17:16:00.676688+03:00,_0,db379abb1dc7,Georgiou Neofytou,Spyrou Kyprianou Ave,0
2026-07-17T14:12:20Z,2026-07-17T17:16:00.676688+03:00,_1,d485409681ec,Spyrou Kyprianou Ave,Spyrou Kyprianou Ave,3
2026-07-17T14:12:20Z,2026-07-17T17:16:00.676688+03:00,_2,b16f06e86626,Spyrou Kyprianou Ave,Angelou Vlachou,0
2026-07-17T14:12:20Z,2026-07-17T17:16:00.676688+03:00,_0,807a263ccec7,E147 - Archiepiskopou Makariou III Ave,Agias Filaxeos,0
2026-07-17T14:12:20Z,2026-07-17T17:16:00.676688+03:00,_1,a4260c51b19c,Steliou Kyriakidi,,4
2026-07-17T14:12:20Z,2026-07-17T17:16:00.676688+03:00,_2,f5f94ff22484,Agias Filaxeos,E110,0
2026-07-17T14:12:20Z,2026-07-17T17:16:00.676688+03:00,_0,2855457a23fe,E110,E147 - Archiepiskopou Makariou III Ave,0
2026-07-17T14:12:20Z,2026-07-17T17:16:00.676688+03:00,_1,b1607c8a378f,Agias Filaxeos,E147 - Archiepiskopou Makariou III Ave,3
2026-07-17T14:12:20Z,2026-07-17T17:16:00.676688+03:00,_0,f2e7dbbab450,Exit 24 >E127 Germasogeia / E113 Lemesos-Centre,Mesa Geitonia,2
2026-07-17T14:12:20Z,2026-07-17T17:16:00.676688+03:00,_1,8f69c2edf627,Lemesos,Kato Polemidia,0
2026-07-17T14:12:20Z,2026-07-17T17:16:00.676688+03:00,_2,ce239bce6647,Kato Polemidia,Kato Polemidia,2
2026-07-17T14:12:20Z,2026-07-17T17:16:00.676688+03:00,_3,8e8cea011a58,Ypsonas,"to A6 > Pafos, Pafos Airport",0
2026-07-17T15:47:19Z,2026-07-17T18:51:53.454493+03:00,_0,807a263ccec7,E147 - Archiepiskopou Makariou III Ave,Agias Filaxeos,0
2026-07-17T15:47:19Z,2026-07-17T18:51:53.454493+03:00,_1,a4260c51b19c,Steliou Kyriakidi,,3
2026-07-17T15:47:19Z,2026-07-17T18:51:53.454493+03:00,_2,f5f94ff22484,Agias Filaxeos,E110,0
2026-07-17T15:47:19Z,2026-07-17T18:51:53.454493+03:00,_0,1903b2559960,,Archiepiskopou Makariou III Ave,0
2026-07-17T15:47:19Z,2026-07-17T18:51:53.454493+03:00,_1,660d388bb733,Lemesou Ave,Archiepiskopou Makariou III Ave,2
2026-07-17T15:47:19Z,2026-07-17T18:51:53.454493+03:00,_2,f7f1e6fbecb6,Lemesou Ave,Evagorou Ave,0
2026-07-17T16:54:04Z,2026-07-17T19:58:38.382790+03:00,_0,72b03ff9b5bc,E110,E110 - Agias Fylaxeos,0
2026-07-17T16:54:04Z,2026-07-17T19:58:38.382790+03:00,_1,e50ca2ecb1e0,E110 - 1 Apriliou,,3
2026-07-17T16:54:04Z,2026-07-17T19:58:38.382790+03:00,_2,ce0d49cab8a3,E110 - Agias Fylaxeos,E147 - Archiepiskopou Makariou III Ave,0
2026-07-17T16:54:04Z,2026-07-17T19:58:38.382790+03:00,_3,535964c57235,Agias Filaxeos,E147 - Archiepiskopou Makariou III Ave,4
2026-07-17T16:54:04Z,2026-07-17T19:58:38.382790+03:00,_0,0299ed13c1f9,Exit 24 >E127 Germasogeia / E113 Lemesos-Centre,Kato Polemidia,0
2026-07-17T16:54:04Z,2026-07-17T19:58:38.382790+03:00,_1,ce239bce6647,Kato Polemidia,Kato Polemidia,2
2026-07-17T16:54:04Z,2026-07-17T19:58:38.382790+03:00,_2,8e8cea011a58,Ypsonas,"to A6 > Pafos, Pafos Airport",0
2026-07-17T18:06:19Z,2026-07-17T21:10:53.175816+03:00,_0,6eb3033e950e,E110,E147 - Archiepiskopou Makariou III Ave,0
2026-07-17T18:06:19Z,2026-07-17T21:10:53.175816+03:00,_1,d80004862f7f,Agias Filaxeos,E147 - Archiepiskopou Makariou III Ave,4
2026-07-17T18:06:19Z,2026-07-17T21:10:53.175816+03:00,_0,62a45ec3d32e,E147 - Archiepiskopou Makariou III Ave,E110 - Eleftherias,0
2026-07-17T18:06:19Z,2026-07-17T21:10:53.175816+03:00,_1,db98c9d0a2e0,E110 - 1 Apriliou,E110 - 1 Apriliou,3
2026-07-17T18:06:19Z,2026-07-17T21:10:53.175816+03:00,_2,c97b954fcb12,E110 - 1 Apriliou,E110,0
2026-07-18T04:04:21Z,2026-07-18T07:08:55.202044+03:00,_0,1903b2559960,,Archiepiskopou Makariou III Ave,0
2026-07-18T04:04:21Z,2026-07-18T07:08:55.202044+03:00,_1,660d388bb733,Lemesou Ave,Archiepiskopou Makariou III Ave,2
2026-07-18T04:04:21Z,2026-07-18T07:08:55.202044+03:00,_2,f7f1e6fbecb6,Lemesou Ave,Evagorou Ave,0
2026-07-18T08:12:30Z,2026-07-18T11:17:04.027683+03:00,_0,72b03ff9b5bc,E110,E110 - Agias Fylaxeos,0
2026-07-18T08:12:30Z,2026-07-18T11:17:04.027683+03:00,_1,e50ca2ecb1e0,E110 - 1 Apriliou,,2
2026-07-18T08:12:30Z,2026-07-18T11:17:04.027683+03:00,_2,7ddfe1676243,E110 - Agias Fylaxeos,E147 - Archiepiskopou Makariou III Ave,0
2026-07-18T09:49:18Z,2026-07-18T12:53:52.405338+03:00,_0,9d2078cb692f,E147 - Archiepiskopou Makariou III Ave,E110 - Agias Fylaxeos,0
2026-07-18T09:49:18Z,2026-07-18T12:53:52.405338+03:00,_1,6841a02a1258,,E110 - 1 Apriliou,2
2026-07-18T09:49:18Z,2026-07-18T12:53:52.405338+03:00,_2,f99b72a378a5,E110 - Agias Fylaxeos,E110,0
2026-07-18T16:34:05Z,2026-07-18T19:38:39.491535+03:00,_0,cdd9246a055f,E110,E147 - Archiepiskopou Makariou III Ave,0
2026-07-18T16:34:05Z,2026-07-18T19:38:39.491535+03:00,_1,f8a1b1df72c7,Agias Filaxeos,E147 - Archiepiskopou Makariou III Ave,4
2026-07-18T16:34:05Z,2026-07-18T19:38:39.491535+03:00,_0,1903b2559960,,Archiepiskopou Makariou III Ave,0
2026-07-18T16:34:05Z,2026-07-18T19:38:39.491535+03:00,_1,660d388bb733,Lemesou Ave,Archiepiskopou Makariou III Ave,2
2026-07-18T16:34:05Z,2026-07-18T19:38:39.491535+03:00,_2,f7f1e6fbecb6,Lemesou Ave,Evagorou Ave,0
2026-07-18T17:38:21Z,2026-07-18T20:42:55.291706+03:00,_0,fe72ea2b224f,Strovolos,Lemesou Ave,0
2026-07-18T17:38:21Z,2026-07-18T20:42:55.291706+03:00,_1,16a08779ce14,Strovolos,Lemesou Ave,3
2026-07-18T17:38:21Z,2026-07-18T20:42:55.291706+03:00,_2,002a54c51467,A1,Archiepiskopou Makariou III Ave,0
2026-07-18T17:38:21Z,2026-07-18T20:42:55.291706+03:00,_0,d0dc64f54734,,Lemesou Ave,0
2026-07-18T17:38:21Z,2026-07-18T20:42:55.291706+03:00,_1,16a08779ce14,Strovolos,Lemesou Ave,3
2026-07-18T17:38:21Z,2026-07-18T20:42:55.291706+03:00,_2,726abfd22a60,A1,Evagorou Ave,0
2026-07-18T18:36:43Z,2026-07-18T21:41:18.369235+03:00,_0,5605f34ad0da,E110,E147 - Archiepiskopou Makariou III Ave,0
2026-07-18T18:36:43Z,2026-07-18T21:41:18.369235+03:00,_1,676c339d8b55,Agias Filaxeos,E147 - Archiepiskopou Makariou III Ave,3
2026-07-18T18:36:43Z,2026-07-18T21:41:18.369235+03:00,_0,1903b2559960,,Archiepiskopou Makariou III Ave,0
2026-07-18T18:36:43Z,2026-07-18T21:41:18.369235+03:00,_1,660d388bb733,Lemesou Ave,Archiepiskopou Makariou III Ave,2
2026-07-18T18:36:43Z,2026-07-18T21:41:18.369235+03:00,_2,f7f1e6fbecb6,Lemesou Ave,Evagorou Ave,0
2026-07-19T04:34:37Z,2026-07-19T07:39:12.605879+03:00,_0,1903b2559960,,Archiepiskopou Makariou III Ave,0
2026-07-19T04:34:37Z,2026-07-19T07:39:12.605879+03:00,_1,660d388bb733,Lemesou Ave,Archiepiskopou Makariou III Ave,2
2026-07-19T04:34:37Z,2026-07-19T07:39:12.605879+03:00,_2,f7f1e6fbecb6,Lemesou Ave,Evagorou Ave,0
2026-07-19T14:43:07Z,2026-07-19T17:47:42.556803+03:00,_0,fe72ea2b224f,Strovolos,Lemesou Ave,0
2026-07-19T14:43:07Z,2026-07-19T17:47:42.556803+03:00,_1,1c3025f6d361,Strovolos,Lemesou Ave,4
2026-07-19T14:43:07Z,2026-07-19T17:47:42.556803+03:00,_2,7792802c8552,Aglantzia,Archiepiskopou Makariou III Ave,0
2026-07-19T14:43:07Z,2026-07-19T17:47:42.556803+03:00,_0,d0dc64f54734,,Lemesou Ave,0
2026-07-19T14:43:07Z,2026-07-19T17:47:42.556803+03:00,_1,1c3025f6d361,Strovolos,Lemesou Ave,4
2026-07-19T14:43:07Z,2026-07-19T17:47:42.556803+03:00,_2,aea2144af660,Aglantzia,Evagorou Ave,0
2026-07-19T16:38:47Z,2026-07-19T19:43:22.419220+03:00,_0,fe72ea2b224f,Strovolos,Lemesou Ave,0
2026-07-19T16:38:47Z,2026-07-19T19:43:22.419220+03:00,_1,1c3025f6d361,Strovolos,Lemesou Ave,3
2026-07-19T16:38:47Z,2026-07-19T19:43:22.419220+03:00,_2,7792802c8552,Aglantzia,Archiepiskopou Makariou III Ave,0
2026-07-19T16:38:47Z,2026-07-19T19:43:22.419220+03:00,_0,ec019cdf3c7f,E110,E147 - Archiepiskopou Makariou III Ave,0
2026-07-19T16:38:47Z,2026-07-19T19:43:22.419220+03:00,_1,e713c7488bdd,Agias Filaxeos,E147 - Archiepiskopou Makariou III Ave,4
2026-07-19T16:38:47Z,2026-07-19T19:43:22.419220+03:00,_0,d0dc64f54734,,Lemesou Ave,0
2026-07-19T16:38:47Z,2026-07-19T19:43:22.419220+03:00,_1,1c3025f6d361,Strovolos,Lemesou Ave,3
2026-07-19T16:38:47Z,2026-07-19T19:43:22.419220+03:00,_2,aea2144af660,Aglantzia,Evagorou Ave,0
2026-07-19T17:41:39Z,2026-07-19T20:46:14.325532+03:00,_0,fe72ea2b224f,Strovolos,Lemesou Ave,0
2026-07-19T17:41:39Z,2026-07-19T20:46:14.325532+03:00,_1,1c3025f6d361,Strovolos,Lemesou Ave,3
2026-07-19T17:41:39Z,2026-07-19T20:46:14.325532+03:00,_2,7792802c8552,Aglantzia,Archiepiskopou Makariou III Ave,0
2026-07-19T17:41:39Z,2026-07-19T20:46:14.325532+03:00,_0,dd4be8784553,E147 - Archiepiskopou Makariou III Ave,Agias Filaxeos,0
2026-07-19T17:41:39Z,2026-07-19T20:46:14.325532+03:00,_1,d94f3552936f,Agiou Artemiou,Agias Filaxeos,3
2026-07-19T17:41:39Z,2026-07-19T20:46:14.325532+03:00,_2,dde5cf58706d,Agias Filaxeos,E110,0
2026-07-19T17:41:39Z,2026-07-19T20:46:14.325532+03:00,_0,d0dc64f54734,,Lemesou Ave,0
2026-07-19T17:41:39Z,2026-07-19T20:46:14.325532+03:00,_1,1c3025f6d361,Strovolos,Lemesou Ave,3
2026-07-19T17:41:39Z,2026-07-19T20:46:14.325532+03:00,_2,aea2144af660,Aglantzia,Evagorou Ave,0
2026-07-19T18:41:52Z,2026-07-19T21:46:27.173638+03:00,_0,a89f632a8881,Strovolos,Lemesou Ave,0
2026-07-19T18:41:52Z,2026-07-19T21:46:27.173638+03:00,_1,ff2249fa74b9,Strovolos,Lemesou Ave,4
2026-07-19T18:41:52Z,2026-07-19T21:46:27.173638+03:00,_2,002a54c51467,A1,Archiepiskopou Makariou III Ave,0
2026-07-19T18:41:52Z,2026-07-19T21:46:27.173638+03:00,_0,23e9d057024d,,Lemesou Ave,0
2026-07-19T18:41:52Z,2026-07-19T21:46:27.173638+03:00,_1,ff2249fa74b9,Strovolos,Lemesou Ave,4
2026-07-19T18:41:52Z,2026-07-19T21:46:27.173638+03:00,_2,726abfd22a60,A1,Evagorou Ave,0
2026-07-20T04:09:09Z,2026-07-20T07:13:45.017709+03:00,_0,fe72ea2b224f,Strovolos,Lemesou Ave,0
2026-07-20T04:09:09Z,2026-07-20T07:13:45.017709+03:00,_1,1c3025f6d361,Strovolos,Lemesou Ave,3
2026-07-20T04:09:09Z,2026-07-20T07:13:45.017709+03:00,_2,7792802c8552,Aglantzia,Archiepiskopou Makariou III Ave,0
2026-07-20T04:09:09Z,2026-07-20T07:13:45.017709+03:00,_0,cdd9246a055f,E110,E147 - Archiepiskopou Makariou III Ave,0
2026-07-20T04:09:09Z,2026-07-20T07:13:45.017709+03:00,_1,f8a1b1df72c7,Agias Filaxeos,E147 - Archiepiskopou Makariou III Ave,3
2026-07-20T04:09:09Z,2026-07-20T07:13:45.017709+03:00,_0,d0dc64f54734,,Lemesou Ave,0
2026-07-20T04:09:09Z,2026-07-20T07:13:45.017709+03:00,_1,1c3025f6d361,Strovolos,Lemesou Ave,3
2026-07-20T04:09:09Z,2026-07-20T07:13:45.017709+03:00,_2,aea2144af660,Aglantzia,Evagorou Ave,0
2026-07-20T07:29:01Z,2026-07-20T10:33:36.737519+03:00,_0,fe72ea2b224f,Strovolos,Lemesou Ave,0
2026-07-20T07:29:01Z,2026-07-20T10:33:36.737519+03:00,_1,16a08779ce14,Strovolos,Lemesou Ave,4
2026-07-20T07:29:01Z,2026-07-20T10:33:36.737519+03:00,_2,a9b7fbe4ad39,A1,E164 - Armenias,0
2026-07-20T07:29:01Z,2026-07-20T10:33:36.737519+03:00,_3,8b530b355b26,Lemesou Ave,Archiepiskopou Makariou III Ave,3
2026-07-20T07:29:01Z,2026-07-20T10:33:36.737519+03:00,_0,5605f34ad0da,E110,E147 - Archiepiskopou Makariou III Ave,0
2026-07-20T07:29:01Z,2026-07-20T10:33:36.737519+03:00,_1,676c339d8b55,Agias Filaxeos,E147 - Archiepiskopou Makariou III Ave,3
2026-07-20T07:29:01Z,2026-07-20T10:33:36.737519+03:00,_0,137f66eaa4ab,E147 - Archiepiskopou Makariou III Ave,Agias Filaxeos,3
2026-07-20T07:29:01Z,2026-07-20T10:33:36.737519+03:00,_1,545a189c2e96,Agias Filaxeos,Agias Filaxeos,0
2026-07-20T07:29:01Z,2026-07-20T10:33:36.737519+03:00,_2,2b357aa19546,Agias Filaxeos,Agias Filaxeos,1
2026-07-20T07:29:01Z,2026-07-20T10:33:36.737519+03:00,_3,1af07505b864,E147 - Archiepiskopou Makariou III Ave,E110,0
2026-07-20T07:29:01Z,2026-07-20T10:33:36.737519+03:00,_0,d0dc64f54734,,Lemesou Ave,0
2026-07-20T07:29:01Z,2026-07-20T10:33:36.737519+03:00,_1,16a08779ce14,Strovolos,Lemesou Ave,4
2026-07-20T07:29:01Z,2026-07-20T10:33:36.737519+03:00,_2,a9b7fbe4ad39,A1,E164 - Armenias,0
2026-07-20T07:29:01Z,2026-07-20T10:33:36.737519+03:00,_3,3dec49aff703,Lemesou Ave,Archiepiskopou Makariou III Ave,3
2026-07-20T07:29:01Z,2026-07-20T10:33:36.737519+03:00,_4,4d0504689f6c,Lemesou Ave,E1302 - Nikis Ave,0
2026-07-20T07:29:01Z,2026-07-20T10:33:36.737519+03:00,_5,910016111853,B18 - Georgiou Griva Digeni Ave,B18 - Georgiou Griva Digeni Ave,4
2026-07-20T07:29:01Z,2026-07-20T10:33:36.737519+03:00,_6,bbf67e32aa17,B18 - Georgiou Griva Digeni Ave,Evagorou Ave,0
2026-07-20T10:26:35Z,2026-07-20T13:31:10.787013+03:00,_0,0e8ed23bd19c,E110,E147 - Archiepiskopou Makariou III Ave,0
2026-07-20T10:26:35Z,2026-07-20T13:31:10.787013+03:00,_1,0047479cf4c6,Agias Filaxeos,E147 - Archiepiskopou Makariou III Ave,3
2026-07-20T10:26:35Z,2026-07-20T13:31:10.787013+03:00,_0,044a01c053a4,E147 - Archiepiskopou Makariou III Ave,Agias Filaxeos,3
2026-07-20T10:26:35Z,2026-07-20T13:31:10.787013+03:00,_1,9e99a410e0b1,E147 - Archiepiskopou Makariou III Ave,Agias Filaxeos,0
2026-07-20T10:26:35Z,2026-07-20T13:31:10.787013+03:00,_2,a4260c51b19c,Steliou Kyriakidi,,4
2026-07-20T10:26:35Z,2026-07-20T13:31:10.787013+03:00,_3,f5f94ff22484,Agias Filaxeos,E110,0
2026-07-20T12:33:01Z,2026-07-20T15:37:38.052057+03:00,_0,06afc6492b14,Exit 24 >E127 Germasogeia / E113 Lemesos-Centre,Germasogeia,2
2026-07-20T12:33:01Z,2026-07-20T15:37:38.052057+03:00,_1,9800ef0abc36,Agios Athanasios,Agios Athanasios,0
2026-07-20T12:33:01Z,2026-07-20T15:37:38.052057+03:00,_2,1f9e4309220a,Agios Athanasios,Agios Athanasios,1
2026-07-20T12:33:01Z,2026-07-20T15:37:38.052057+03:00,_3,e532d87a661f,Mesa Geitonia,"to A6 > Pafos, Pafos Airport",0
2026-07-20T14:53:59Z,2026-07-20T17:58:35.854391+03:00,_0,fe72ea2b224f,Strovolos,Lemesou Ave,0
2026-07-20T14:53:59Z,2026-07-20T17:58:35.854391+03:00,_1,1c3025f6d361,Strovolos,Lemesou Ave,4
2026-07-20T14:53:59Z,2026-07-20T17:58:35.854391+03:00,_2,7c50b274239b,Aglantzia,E164 - Armenias,0
2026-07-20T14:53:59Z,2026-07-20T17:58:35.854391+03:00,_3,c57daf65c80e,Lemesou Ave,Archiepiskopou Makariou III Ave,3
2026-07-20T14:53:59Z,2026-07-20T17:58:35.854391+03:00,_0,807a263ccec7,E147 - Archiepiskopou Makariou III Ave,Agias Filaxeos,0
2026-07-20T14:53:59Z,2026-07-20T17:58:35.854391+03:00,_1,a4260c51b19c,Steliou Kyriakidi,,3
2026-07-20T14:53:59Z,2026-07-20T17:58:35.854391+03:00,_2,f780373a5188,Agias Filaxeos,E110 - Agias Fylaxeos,0
2026-07-20T14:53:59Z,2026-07-20T17:58:35.854391+03:00,_3,6841a02a1258,,E110 - 1 Apriliou,2
2026-07-20T14:53:59Z,2026-07-20T17:58:35.854391+03:00,_4,f99b72a378a5,E110 - Agias Fylaxeos,E110,0
2026-07-20T14:53:59Z,2026-07-20T17:58:35.854391+03:00,_0,d0dc64f54734,,Lemesou Ave,0
2026-07-20T14:53:59Z,2026-07-20T17:58:35.854391+03:00,_1,1c3025f6d361,Strovolos,Lemesou Ave,4
2026-07-20T14:53:59Z,2026-07-20T17:58:35.854391+03:00,_2,7c50b274239b,Aglantzia,E164 - Armenias,0
2026-07-20T14:53:59Z,2026-07-20T17:58:35.854391+03:00,_3,43f05193c4b0,Lemesou Ave,Archiepiskopou Makariou III Ave,3
2026-07-20T14:53:59Z,2026-07-20T17:58:35.854391+03:00,_4,f7f1e6fbecb6,Lemesou Ave,Evagorou Ave,0
2026-07-20T16:24:35Z,2026-07-20T19:29:10.005063+03:00,_0,807a263ccec7,E147 - Archiepiskopou Makariou III Ave,Agias Filaxeos,0
2026-07-20T16:24:35Z,2026-07-20T19:29:10.005063+03:00,_1,a4260c51b19c,Steliou Kyriakidi,,3
2026-07-20T16:24:35Z,2026-07-20T19:29:10.005063+03:00,_2,f5f94ff22484,Agias Filaxeos,E110,0
2026-07-21T04:29:20Z,2026-07-21T07:33:55.648031+03:00,_0,9637c1cd3244,Strovolos,Strovolos,0
2026-07-21T04:29:20Z,2026-07-21T07:33:55.648031+03:00,_1,d1bd4cd56cd8,Strovolos,Lemesou Ave,4
2026-07-21T04:29:20Z,2026-07-21T07:33:55.648031+03:00,_2,2daef5aeccc3,Aglantzia,Lemesou Ave,0
2026-07-21T04:29:20Z,2026-07-21T07:33:55.648031+03:00,_3,ce775bebe806,Lemesou Ave,Archiepiskopou Makariou III Ave,2
2026-07-21T04:29:20Z,2026-07-21T07:33:55.648031+03:00,_0,5f39d2391c75,Leoforos Strovolou,Strovolou Ave,0
2026-07-21T04:29:20Z,2026-07-21T07:33:55.648031+03:00,_1,1c02e40f3134,Strovolou Ave,Strovolou Ave,3
2026-07-21T04:29:20Z,2026-07-21T07:33:55.648031+03:00,_2,b7d9dc03982a,Strovolou Ave,E902 - Proedrikou Megarou Ave,0
2026-07-21T04:29:20Z,2026-07-21T07:33:55.648031+03:00,_0,72b03ff9b5bc,E110,E110 - Agias Fylaxeos,0
2026-07-21T04:29:20Z,2026-07-21T07:33:55.648031+03:00,_1,e50ca2ecb1e0,E110 - 1 Apriliou,,2
2026-07-21T04:29:20Z,2026-07-21T07:33:55.648031+03:00,_2,f24238b73a7c,E110 - Agias Fylaxeos,E147 - Archiepiskopou Makariou III Ave,0
2026-07-21T04:29:20Z,2026-07-21T07:33:55.648031+03:00,_0,1561bafaf811,,Lemesou Ave,0
2026-07-21T04:29:20Z,2026-07-21T07:33:55.648031+03:00,_1,d1bd4cd56cd8,Strovolos,Lemesou Ave,4
2026-07-21T04:29:20Z,2026-07-21T07:33:55.648031+03:00,_2,2daef5aeccc3,Aglantzia,Lemesou Ave,0
2026-07-21T04:29:20Z,2026-07-21T07:33:55.648031+03:00,_3,1c8a2af02150,Lemesou Ave,Archiepiskopou Makariou III Ave,2
2026-07-21T04:29:20Z,2026-07-21T07:33:55.648031+03:00,_4,f7f1e6fbecb6,Lemesou Ave,Evagorou Ave,0
2026-07-21T07:14:26Z,2026-07-21T10:19:01.732438+03:00,_0,fe72ea2b224f,Strovolos,Lemesou Ave,0
2026-07-21T07:14:26Z,2026-07-21T10:19:01.732438+03:00,_1,1c3025f6d361,Strovolos,Lemesou Ave,3
2026-07-21T07:14:26Z,2026-07-21T10:19:01.732438+03:00,_2,7c50b274239b,Aglantzia,E164 - Armenias,0
2026-07-21T07:14:26Z,2026-07-21T10:19:01.732438+03:00,_3,c57daf65c80e,Lemesou Ave,Archiepiskopou Makariou III Ave,3
2026-07-21T07:14:26Z,2026-07-21T10:19:01.732438+03:00,_0,06afc6492b14,Exit 24 >E127 Germasogeia / E113 Lemesos-Centre,Germasogeia,2
2026-07-21T07:14:26Z,2026-07-21T10:19:01.732438+03:00,_1,c94868b6e9aa,Agios Athanasios,Ypsonas,0
2026-07-21T07:14:26Z,2026-07-21T10:19:01.732438+03:00,_2,e99e9a65d515,Ypsonas,Ypsonas,2
2026-07-21T07:14:26Z,2026-07-21T10:19:01.732438+03:00,_3,210d1e57ec93,Ypsonas,"to A6 > Pafos, Pafos Airport",0
2026-07-21T07:14:26Z,2026-07-21T10:19:01.732438+03:00,_0,d0dc64f54734,,Lemesou Ave,0
2026-07-21T07:14:26Z,2026-07-21T10:19:01.732438+03:00,_1,1c3025f6d361,Strovolos,Lemesou Ave,3
2026-07-21T07:14:26Z,2026-07-21T10:19:01.732438+03:00,_2,7c50b274239b,Aglantzia,E164 - Armenias,0
2026-07-21T07:14:26Z,2026-07-21T10:19:01.732438+03:00,_3,43f05193c4b0,Lemesou Ave,Archiepiskopou Makariou III Ave,3
2026-07-21T07:14:26Z,2026-07-21T10:19:01.732438+03:00,_4,af8c66bc9d74,Lemesou Ave,Archiepiskopou Makariou III Ave,0
2026-07-21T07:14:26Z,2026-07-21T10:19:01.732438+03:00,_5,b66f0bbf2823,Archiepiskopou Makariou III Ave,B18 - Georgiou Griva Digeni Ave,3
2026-07-21T07:14:26Z,2026-07-21T10:19:01.732438+03:00,_6,7c1a88e2db2c,Archiepiskopou Makariou III Ave,E1302 - Nikis Ave,0
2026-07-21T07:14:26Z,2026-07-21T10:19:01.732438+03:00,_7,910016111853,B18 - Georgiou Griva Digeni Ave,B18 - Georgiou Griva Digeni Ave,4
2026-07-21T07:14:26Z,2026-07-21T10:19:01.732438+03:00,_8,bbf67e32aa17,B18 - Georgiou Griva Digeni Ave,Evagorou Ave,0
2026-07-21T09:43:44Z,2026-07-21T12:48:19.961551+03:00,_0,72b03ff9b5bc,E110,E110 - Agias Fylaxeos,0
2026-07-21T09:43:44Z,2026-07-21T12:48:19.961551+03:00,_1,e50ca2ecb1e0,E110 - 1 Apriliou,,2
2026-07-21T09:43:44Z,2026-07-21T12:48:19.961551+03:00,_2,7ddfe1676243,E110 - Agias Fylaxeos,E147 - Archiepiskopou Makariou III Ave,0
2026-07-21T09:43:44Z,2026-07-21T12:48:19.961551+03:00,_0,807a263ccec7,E147 - Archiepiskopou Makariou III Ave,Agias Filaxeos,0
2026-07-21T09:43:44Z,2026-07-21T12:48:19.961551+03:00,_1,a4260c51b19c,Steliou Kyriakidi,,3
2026-07-21T09:43:44Z,2026-07-21T12:48:19.961551+03:00,_2,f5f94ff22484,Agias Filaxeos,E110,0
2026-07-21T13:03:36Z,2026-07-21T16:08:11.926117+03:00,_0,69fc3b9dbbdd,Strovolos,Archiepiskopou Makariou III Ave,0
2026-07-21T13:03:36Z,2026-07-21T16:08:11.926117+03:00,_1,c57daf65c80e,Lemesou Ave,Archiepiskopou Makariou III Ave,3
2026-07-21T13:03:36Z,2026-07-21T16:08:11.926117+03:00,_0,6eb3033e950e,E110,E147 - Archiepiskopou Makariou III Ave,0
2026-07-21T13:03:36Z,2026-07-21T16:08:11.926117+03:00,_1,980e7c5b23f7,Agias Filaxeos,Agias Filaxeos,1
2026-07-21T13:03:36Z,2026-07-21T16:08:11.926117+03:00,_2,420d963f05a5,Agias Filaxeos,Agias Filaxeos,0
2026-07-21T13:03:36Z,2026-07-21T16:08:11.926117+03:00,_3,f8a1b1df72c7,Agias Filaxeos,E147 - Archiepiskopou Makariou III Ave,3
2026-07-21T13:03:36Z,2026-07-21T16:08:11.926117+03:00,_0,9d2078cb692f,E147 - Archiepiskopou Makariou III Ave,E110 - Agias Fylaxeos,0
2026-07-21T13:03:36Z,2026-07-21T16:08:11.926117+03:00,_1,6841a02a1258,,E110 - 1 Apriliou,2
2026-07-21T13:03:36Z,2026-07-21T16:08:11.926117+03:00,_2,f99b72a378a5,E110 - Agias Fylaxeos,E110,0
2026-07-21T13:03:36Z,2026-07-21T16:08:11.926117+03:00,_0,daca33dbcb0d,,Archiepiskopou Makariou III Ave,0
2026-07-21T13:03:36Z,2026-07-21T16:08:11.926117+03:00,_1,43f05193c4b0,Lemesou Ave,Archiepiskopou Makariou III Ave,3
2026-07-21T13:03:36Z,2026-07-21T16:08:11.926117+03:00,_2,f7f1e6fbecb6,Lemesou Ave,Evagorou Ave,0
2026-07-21T13:03:36Z,2026-07-21T16:08:11.926117+03:00,_0,06afc6492b14,Exit 24 >E127 Germasogeia / E113 Lemesos-Centre,Germasogeia,0
2026-07-21T13:03:36Z,2026-07-21T16:08:11.926117+03:00,_1,c0f129731113,Agios Athanasios,Mesa Geitonia,1
2026-07-21T13:03:36Z,2026-07-21T16:08:11.926117+03:00,_2,0df26c3b855b,Lemesos,"to A6 > Pafos, Pafos Airport",0
2026-07-21T15:15:47Z,2026-07-21T18:20:23.250703+03:00,_0,69fc3b9dbbdd,Strovolos,Archiepiskopou Makariou III Ave,0
2026-07-21T15:15:47Z,2026-07-21T18:20:23.250703+03:00,_1,c57daf65c80e,Lemesou Ave,Archiepiskopou Makariou III Ave,2
2026-07-21T15:15:47Z,2026-07-21T18:20:23.250703+03:00,_0,807a263ccec7,E147 - Archiepiskopou Makariou III Ave,Agias Filaxeos,0
2026-07-21T15:15:47Z,2026-07-21T18:20:23.250703+03:00,_1,a4260c51b19c,Steliou Kyriakidi,,4
2026-07-21T15:15:47Z,2026-07-21T18:20:23.250703+03:00,_2,f5f94ff22484,Agias Filaxeos,E110,0
2026-07-21T15:15:47Z,2026-07-21T18:20:23.250703+03:00,_0,31c9b775d03b,E110,E110 - Agias Fylaxeos,0
2026-07-21T15:15:47Z,2026-07-21T18:20:23.250703+03:00,_1,9f80d2b8e678,E110 - 1 Apriliou,,2
2026-07-21T15:15:47Z,2026-07-21T18:20:23.250703+03:00,_2,e2b4d39e1fd4,E110 - Agias Fylaxeos,E147 - Archiepiskopou Makariou III Ave,0
2026-07-21T15:15:47Z,2026-07-21T18:20:23.250703+03:00,_3,afcda84a293b,Agias Filaxeos,E147 - Archiepiskopou Makariou III Ave,3
2026-07-21T15:15:47Z,2026-07-21T18:20:23.250703+03:00,_0,21071115abc5,,> A1 Lefkosia / (A5) Larnaka / (A5)(A3) Larnaka Airport,0
2026-07-21T15:15:47Z,2026-07-21T18:20:23.250703+03:00,_1,b26392a0c648,Germasogeia,Mouttagiaka,2
2026-07-21T15:15:47Z,2026-07-21T18:20:23.250703+03:00,_2,25acc766db72,Mouttagiaka,Archiepiskopou Makariou III Ave,0
2026-07-21T15:15:47Z,2026-07-21T18:20:23.250703+03:00,_3,43f05193c4b0,Lemesou Ave,Archiepiskopou Makariou III Ave,2
2026-07-21T15:15:47Z,2026-07-21T18:20:23.250703+03:00,_4,f7f1e6fbecb6,Lemesou Ave,Evagorou Ave,0
2026-07-21T15:15:47Z,2026-07-21T18:20:23.250703+03:00,_0,391ae18682fa,Episkopi,> A1 Lefkosia / (A5) Larnaka / (A5)(A3) Larnaka Airport,0
2026-07-21T15:15:47Z,2026-07-21T18:20:23.250703+03:00,_1,cafc026927d2,Germasogeia,Germasogeia,2
2026-07-21T16:48:55Z,2026-07-21T19:53:31.220487+03:00,_0,807a263ccec7,E147 - Archiepiskopou Makariou III Ave,Agias Filaxeos,0
2026-07-21T16:48:55Z,2026-07-21T19:53:31.220487+03:00,_1,a4260c51b19c,Steliou Kyriakidi,,4
2026-07-21T16:48:55Z,2026-07-21T19:53:31.220487+03:00,_2,f5f94ff22484,Agias Filaxeos,E110,0
2026-07-21T18:04:16Z,2026-07-21T21:08:51.865125+03:00,_0,30c85ba515ee,,B18 - Digeni Akrita Ave,0
2026-07-21T18:04:16Z,2026-07-21T21:08:51.865125+03:00,_1,aabab5b0e87d,Archiepiskopou Makariou III Ave,B18 - Georgiou Griva Digeni Ave,3
2026-07-21T18:04:16Z,2026-07-21T21:08:51.865125+03:00,_2,e1beab30434a,Archiepiskopou Makariou III Ave,Evagorou Ave,0
2026-07-22T03:42:18Z,2026-07-22T06:46:53.743885+03:00,_0,fe72ea2b224f,Strovolos,Lemesou Ave,0
2026-07-22T03:42:18Z,2026-07-22T06:46:53.743885+03:00,_1,1c3025f6d361,Strovolos,Lemesou Ave,3
2026-07-22T03:42:18Z,2026-07-22T06:46:53.743885+03:00,_2,7792802c8552,Aglantzia,Archiepiskopou Makariou III Ave,0
2026-07-22T03:42:18Z,2026-07-22T06:46:53.743885+03:00,_0,5f39d2391c75,Kosta Misiaouli,Strovolou Ave,0
2026-07-22T03:42:18Z,2026-07-22T06:46:53.743885+03:00,_1,1c02e40f3134,Strovolou Ave,Strovolou Ave,2
2026-07-22T03:42:18Z,2026-07-22T06:46:53.743885+03:00,_2,b7d9dc03982a,Strovolou Ave,E902 - Proedrikou Megarou Ave,0
2026-07-22T03:42:18Z,2026-07-22T06:46:53.743885+03:00,_0,31c9b775d03b,E110,E110 - Agias Fylaxeos,0
2026-07-22T03:42:18Z,2026-07-22T06:46:53.743885+03:00,_1,9f80d2b8e678,E110 - 1 Apriliou,,2
2026-07-22T03:42:18Z,2026-07-22T06:46:53.743885+03:00,_2,7ddfe1676243,E110 - Agias Fylaxeos,E147 - Archiepiskopou Makariou III Ave,0
2026-07-22T03:42:18Z,2026-07-22T06:46:53.743885+03:00,_0,d0dc64f54734,,Lemesou Ave,0
2026-07-22T03:42:18Z,2026-07-22T06:46:53.743885+03:00,_1,1c3025f6d361,Strovolos,Lemesou Ave,3
2026-07-22T03:42:18Z,2026-07-22T06:46:53.743885+03:00,_2,aea2144af660,Aglantzia,Evagorou Ave,0
2026-07-22T06:17:05Z,2026-07-22T09:21:41.239227+03:00,_0,43286710d8e6,E110,E110 - 1 Apriliou,0
2026-07-22T06:17:05Z,2026-07-22T09:21:41.239227+03:00,_1,635805bac913,E110 - 1 Apriliou,E110 - Agias Fylaxeos,4
2026-07-22T06:17:05Z,2026-07-22T09:21:41.239227+03:00,_2,e50ca2ecb1e0,E110 - 1 Apriliou,,3
2026-07-22T06:17:05Z,2026-07-22T09:21:41.239227+03:00,_3,e33776a3a190,E110 - Agias Fylaxeos,Agias Filaxeos,0
2026-07-22T06:17:05Z,2026-07-22T09:21:41.239227+03:00,_4,0a5c4761a6b4,Agias Filaxeos,Agias Filaxeos,4
2026-07-22T06:17:05Z,2026-07-22T09:21:41.239227+03:00,_5,56aeae0c8086,Agias Filaxeos,E147 - Archiepiskopou Makariou III Ave,0
2026-07-22T06:17:05Z,2026-07-22T09:21:41.239227+03:00,_6,676c339d8b55,Agias Filaxeos,E147 - Archiepiskopou Makariou III Ave,3
2026-07-22T06:17:05Z,2026-07-22T09:21:41.239227+03:00,_0,9637c1cd3244,Strovolos,Strovolos,0
2026-07-22T06:17:05Z,2026-07-22T09:21:41.239227+03:00,_1,d1bd4cd56cd8,Strovolos,Lemesou Ave,4
2026-07-22T06:17:05Z,2026-07-22T09:21:41.239227+03:00,_2,c6e235d3222a,Aglantzia,Archiepiskopou Makariou III Ave,0
2026-07-22T06:17:05Z,2026-07-22T09:21:41.239227+03:00,_3,394713f228bd,Lemesou Ave,Lemesou Ave,3
2026-07-22T06:17:05Z,2026-07-22T09:21:41.239227+03:00,_0,5f39d2391c75,Leoforos Strovolou,E122 - Athinon,0
2026-07-22T06:17:05Z,2026-07-22T09:21:41.239227+03:00,_1,a5bc6fbada86,Strovolou Ave,E902 - Proedrikou Megarou Ave,3
2026-07-22T06:17:05Z,2026-07-22T09:21:41.239227+03:00,_2,c6ac6530f2b9,Strovolou Ave,E902 - Proedrikou Megarou Ave,0
2026-07-22T06:17:05Z,2026-07-22T09:21:41.239227+03:00,_0,06afc6492b14,Exit 24 >E127 Germasogeia / E113 Lemesos-Centre,Germasogeia,2
2026-07-22T06:17:05Z,2026-07-22T09:21:41.239227+03:00,_1,3e1d75b9e16e,Agios Athanasios,"to A6 > Pafos, Pafos Airport",0
2026-07-22T06:17:05Z,2026-07-22T09:21:41.239227+03:00,_0,807a263ccec7,E147 - Archiepiskopou Makariou III Ave,Agias Filaxeos,0
2026-07-22T06:17:05Z,2026-07-22T09:21:41.239227+03:00,_1,a4260c51b19c,Steliou Kyriakidi,,4
2026-07-22T06:17:05Z,2026-07-22T09:21:41.239227+03:00,_2,f5f94ff22484,Agias Filaxeos,E110,0
2026-07-22T06:17:05Z,2026-07-22T09:21:41.239227+03:00,_0,cb3af67cb06c,,Kato Polemidia,0
2026-07-22T06:17:05Z,2026-07-22T09:21:41.239227+03:00,_1,33bef9b5a9ab,Lemesos,Exit 26 >E114 Mesa Geitonia / Lemesos-Centre / F131 Mathikoloni,1
2026-07-22T06:17:05Z,2026-07-22T09:21:41.239227+03:00,_2,b39a06b9f0e6,Exit 26 >E114 Mesa Geitonia / Lemesos-Centre / F131 Mathikoloni,Lemesou Ave,0
2026-07-22T06:17:05Z,2026-07-22T09:21:41.239227+03:00,_3,d1bd4cd56cd8,Strovolos,Lemesou Ave,4
2026-07-22T06:17:05Z,2026-07-22T09:21:41.239227+03:00,_4,c6e235d3222a,Aglantzia,Archiepiskopou Makariou III Ave,0
2026-07-22T06:17:05Z,2026-07-22T09:21:41.239227+03:00,_5,6efde239cabf,Lemesou Ave,Archiepiskopou Makariou III Ave,3
2026-07-22T06:17:05Z,2026-07-22T09:21:41.239227+03:00,_6,cecff754bcf4,Lemesou Ave,Archiepiskopou Makariou III Ave,0
2026-07-22T06:17:05Z,2026-07-22T09:21:41.239227+03:00,_7,798c594a6669,Archiepiskopou Makariou III Ave,B18 - Georgiou Griva Digeni Ave,3
2026-07-22T06:17:05Z,2026-07-22T09:21:41.239227+03:00,_8,7c1a88e2db2c,Archiepiskopou Makariou III Ave,E1302 - Nikis Ave,0
2026-07-22T06:17:05Z,2026-07-22T09:21:41.239227+03:00,_9,910016111853,B18 - Georgiou Griva Digeni Ave,B18 - Georgiou Griva Digeni Ave,4
2026-07-22T06:17:05Z,2026-07-22T09:21:41.239227+03:00,_10,bbf67e32aa17,B18 - Georgiou Griva Digeni Ave,Evagorou Ave,0
2026-07-22T06:17:05Z,2026-07-22T09:21:41.239227+03:00,_0,9b57a1fd19bb,Episkopi,Kato Polemidia,0
2026-07-22T06:17:05Z,2026-07-22T09:21:41.239227+03:00,_1,33bef9b5a9ab,Lemesos,Exit 26 >E114 Mesa Geitonia / Lemesos-Centre / F131 Mathikoloni,1
2026-07-22T06:17:05Z,2026-07-22T09:21:41.239227+03:00,_2,d73a04fc5195,Exit 26 >E114 Mesa Geitonia / Lemesos-Centre / F131 Mathikoloni,Germasogeia,0
2026-07-22T09:03:34Z,2026-07-22T12:08:09.996155+03:00,_0,72b03ff9b5bc,E110,E110 - Agias Fylaxeos,0
2026-07-22T09:03:34Z,2026-07-22T12:08:09.996155+03:00,_1,e50ca2ecb1e0,E110 - 1 Apriliou,,2
2026-07-22T09:03:34Z,2026-07-22T12:08:09.996155+03:00,_2,20e4174f50d7,E110 - Agias Fylaxeos,Agias Filaxeos,0
2026-07-22T09:03:34Z,2026-07-22T12:08:09.996155+03:00,_3,991be992343a,Vasileos Georgiou II,E147 - Archiepiskopou Makariou III Ave,2
2026-07-22T09:03:34Z,2026-07-22T12:08:09.996155+03:00,_0,26ee8f360113,E147 - Archiepiskopou Makariou III Ave,Agias Filaxeos,0
2026-07-22T09:03:34Z,2026-07-22T12:08:09.996155+03:00,_1,d309bae8d50e,E147 - Archiepiskopou Makariou III Ave,Vasileos Georgiou II,2
2026-07-22T09:03:34Z,2026-07-22T12:08:09.996155+03:00,_2,62f9e9861a53,Agias Filaxeos,E110,0
2026-07-22T09:03:34Z,2026-07-22T12:08:09.996155+03:00,_0,ee7dd077aa5c,,Archiepiskopou Makariou III Ave,0
2026-07-22T09:03:34Z,2026-07-22T12:08:09.996155+03:00,_1,798c594a6669,Archiepiskopou Makariou III Ave,B18 - Georgiou Griva Digeni Ave,2
2026-07-22T09:03:34Z,2026-07-22T12:08:09.996155+03:00,_2,e1beab30434a,Archiepiskopou Makariou III Ave,Evagorou Ave,0
2026-07-22T11:17:26Z,2026-07-22T14:22:02.338766+03:00,_0,acb430b8e822,Strovolos,Archiepiskopou Makariou III Ave,0
2026-07-22T11:17:26Z,2026-07-22T14:22:02.338766+03:00,_1,394713f228bd,Lemesou Ave,Lemesou Ave,3
2026-07-22T11:17:26Z,2026-07-22T14:22:02.338766+03:00,_0,6311136a7b90,,Archiepiskopou Makariou III Ave,0
2026-07-22T11:17:26Z,2026-07-22T14:22:02.338766+03:00,_1,6efde239cabf,Lemesou Ave,Archiepiskopou Makariou III Ave,3
2026-07-22T11:17:26Z,2026-07-22T14:22:02.338766+03:00,_2,f7f1e6fbecb6,Lemesou Ave,Evagorou Ave,0
2026-07-22T12:50:40Z,2026-07-22T15:55:16.928238+03:00,_0,69fc3b9dbbdd,Strovolos,Archiepiskopou Makariou III Ave,0
2026-07-22T12:50:40Z,2026-07-22T15:55:16.928238+03:00,_1,c57daf65c80e,Lemesou Ave,Archiepiskopou Makariou III Ave,2
2026-07-22T12:50:40Z,2026-07-22T15:55:16.928238+03:00,_0,72b03ff9b5bc,E110,E110 - Agias Fylaxeos,0
2026-07-22T12:50:40Z,2026-07-22T15:55:16.928238+03:00,_1,e50ca2ecb1e0,E110 - 1 Apriliou,,2
2026-07-22T12:50:40Z,2026-07-22T15:55:16.928238+03:00,_2,bacad6c047c7,E110 - Agias Fylaxeos,Agias Filaxeos,0
2026-07-22T12:50:40Z,2026-07-22T15:55:16.928238+03:00,_3,631d45c6d9a7,Agias Filaxeos,Agias Filaxeos,1
2026-07-22T12:50:40Z,2026-07-22T15:55:16.928238+03:00,_4,c57150197d37,Agias Filaxeos,Agias Filaxeos,0
2026-07-22T12:50:40Z,2026-07-22T15:55:16.928238+03:00,_5,e713c7488bdd,Agias Filaxeos,E147 - Archiepiskopou Makariou III Ave,4
2026-07-22T12:50:40Z,2026-07-22T15:55:16.928238+03:00,_0,06afc6492b14,Exit 24 >E127 Germasogeia / E113 Lemesos-Centre,Germasogeia,0
2026-07-22T12:50:40Z,2026-07-22T15:55:16.928238+03:00,_1,c0f129731113,Agios Athanasios,Mesa Geitonia,1
2026-07-22T12:50:40Z,2026-07-22T15:55:16.928238+03:00,_2,0df26c3b855b,> A1 Port /  (A6) Pafos,"to A6 > Pafos, Pafos Airport",0
2026-07-22T12:50:40Z,2026-07-22T15:55:16.928238+03:00,_0,daca33dbcb0d,,Archiepiskopou Makariou III Ave,0
2026-07-22T12:50:40Z,2026-07-22T15:55:16.928238+03:00,_1,43f05193c4b0,Lemesou Ave,Archiepiskopou Makariou III Ave,2
2026-07-22T12:50:40Z,2026-07-22T15:55:16.928238+03:00,_2,f7f1e6fbecb6,Lemesou Ave,Evagorou Ave,0
2026-07-22T15:04:47Z,2026-07-22T18:09:24.853032+03:00,_0,807a263ccec7,E147 - Archiepiskopou Makariou III Ave,Agias Filaxeos,0
2026-07-22T15:04:47Z,2026-07-22T18:09:24.853032+03:00,_1,a4260c51b19c,Steliou Kyriakidi,,4
2026-07-22T15:04:47Z,2026-07-22T18:09:24.853032+03:00,_2,f5f94ff22484,Agias Filaxeos,E110,0
2026-07-22T15:04:47Z,2026-07-22T18:09:24.853032+03:00,_0,21071115abc5,,> A1 Lefkosia / (A5) Larnaka / (A5)(A3) Larnaka Airport,0
2026-07-22T15:04:47Z,2026-07-22T18:09:24.853032+03:00,_1,449dd31251f4,Germasogeia,Germasogeia,2
2026-07-22T15:04:47Z,2026-07-22T18:09:24.853032+03:00,_2,8f0cb9252b8c,> A1 Lefkosia / (A5) Larnaka / (A5)(A3) Larnaka Airport,Evagorou Ave,0
2026-07-22T15:04:47Z,2026-07-22T18:09:24.853032+03:00,_0,391ae18682fa,Episkopi,> A1 Lefkosia / (A5) Larnaka / (A5)(A3) Larnaka Airport,0
2026-07-22T15:04:47Z,2026-07-22T18:09:24.853032+03:00,_1,cafc026927d2,Germasogeia,Germasogeia,2
2026-07-22T16:41:57Z,2026-07-22T19:46:33.762776+03:00,_0,fa57010483c2,,Latsia,0
2026-07-22T16:41:57Z,2026-07-22T19:46:33.762776+03:00,_1,b719fae297da,Latsia,Latsia,3
2026-07-22T16:41:57Z,2026-07-22T19:46:33.762776+03:00,_2,965ba8379ef7,Latsia,Evagorou Ave,0
2026-07-23T04:41:37Z,2026-07-23T07:46:13.261301+03:00,_0,d7fa998be72c,Strovolos,Strovolos,0
2026-07-23T04:41:37Z,2026-07-23T07:46:13.261301+03:00,_1,662a8296a2f3,Strovolos,Lemesou Ave,4
2026-07-23T04:41:37Z,2026-07-23T07:46:13.261301+03:00,_2,002a54c51467,A1,Archiepiskopou Makariou III Ave,0
2026-07-23T04:41:37Z,2026-07-23T07:46:13.261301+03:00,_0,5f39d2391c75,Leoforos Strovolou,Strovolou Ave,0
2026-07-23T04:41:37Z,2026-07-23T07:46:13.261301+03:00,_1,1c02e40f3134,Strovolou Ave,Strovolou Ave,2
2026-07-23T04:41:37Z,2026-07-23T07:46:13.261301+03:00,_2,b5400a961924,Strovolou Ave,Strovolou Ave,0
2026-07-23T04:41:37Z,2026-07-23T07:46:13.261301+03:00,_3,def202a60274,Strovolou Ave,Strovolou Ave,3
2026-07-23T04:41:37Z,2026-07-23T07:46:13.261301+03:00,_4,8c8b5efc93bd,Strovolou Ave,E902 - Proedrikou Megarou Ave,0
2026-07-23T04:41:37Z,2026-07-23T07:46:13.261301+03:00,_0,31c9b775d03b,E110,E110 - Agias Fylaxeos,0
2026-07-23T04:41:37Z,2026-07-23T07:46:13.261301+03:00,_1,9f80d2b8e678,E110 - 1 Apriliou,,3
2026-07-23T04:41:37Z,2026-07-23T07:46:13.261301+03:00,_2,7ddfe1676243,E110 - Agias Fylaxeos,E147 - Archiepiskopou Makariou III Ave,0
2026-07-23T04:41:37Z,2026-07-23T07:46:13.261301+03:00,_0,9b57a1fd19bb,Episkopi,Kato Polemidia,0
2026-07-23T04:41:37Z,2026-07-23T07:46:13.261301+03:00,_1,33bef9b5a9ab,Lemesos,Lemesos,1
2026-07-23T04:41:37Z,2026-07-23T07:46:13.261301+03:00,_2,d73a04fc5195,Mesa Geitonia,Germasogeia,0
2026-07-23T04:41:37Z,2026-07-23T07:46:13.261301+03:00,_0,cb3af67cb06c,,Kato Polemidia,0
2026-07-23T04:41:37Z,2026-07-23T07:46:13.261301+03:00,_1,33bef9b5a9ab,Lemesos,Lemesos,1
2026-07-23T04:41:37Z,2026-07-23T07:46:13.261301+03:00,_2,fa250bca0f31,Mesa Geitonia,Strovolos,0
2026-07-23T04:41:37Z,2026-07-23T07:46:13.261301+03:00,_3,662a8296a2f3,Strovolos,Lemesou Ave,4
2026-07-23T04:41:37Z,2026-07-23T07:46:13.261301+03:00,_4,726abfd22a60,A1,Evagorou Ave,0
2026-07-23T07:23:31Z,2026-07-23T10:28:07.757931+03:00,_0,acb430b8e822,Strovolos,Archiepiskopou Makariou III Ave,0
2026-07-23T07:23:31Z,2026-07-23T10:28:07.757931+03:00,_1,394713f228bd,Lemesou Ave,Lemesou Ave,3
2026-07-23T07:23:31Z,2026-07-23T10:28:07.757931+03:00,_0,df567d5dbf59,E110,E110 - Agias Fylaxeos,0
2026-07-23T07:23:31Z,2026-07-23T10:28:07.757931+03:00,_1,883ce04f7136,E110 - 1 Apriliou,,2
2026-07-23T07:23:31Z,2026-07-23T10:28:07.757931+03:00,_2,a9a39a128bc3,E110 - Agias Fylaxeos,Agias Filaxeos,0
2026-07-23T07:23:31Z,2026-07-23T10:28:07.757931+03:00,_3,277c301a7f5b,,Agias Filaxeos,4
2026-07-23T07:23:31Z,2026-07-23T10:28:07.757931+03:00,_4,c7393b49e010,Agias Filaxeos,E147 - Archiepiskopou Makariou III Ave,0
2026-07-23T07:23:31Z,2026-07-23T10:28:07.757931+03:00,_5,e713c7488bdd,Agias Filaxeos,E147 - Archiepiskopou Makariou III Ave,3
2026-07-23T07:23:31Z,2026-07-23T10:28:07.757931+03:00,_0,6311136a7b90,,Archiepiskopou Makariou III Ave,0
2026-07-23T07:23:31Z,2026-07-23T10:28:07.757931+03:00,_1,6efde239cabf,Lemesou Ave,Archiepiskopou Makariou III Ave,3
2026-07-23T07:23:31Z,2026-07-23T10:28:07.757931+03:00,_2,f7f1e6fbecb6,Lemesou Ave,Evagorou Ave,0
2026-07-23T07:23:31Z,2026-07-23T10:28:07.757931+03:00,_0,2459eb632a9a,Exit 24 >E127 Germasogeia / E113 Lemesos-Centre,Lemesos,0
2026-07-23T07:23:31Z,2026-07-23T10:28:07.757931+03:00,_1,e1dac3423766,Lemesos,Lemesos,1
2026-07-23T07:23:31Z,2026-07-23T10:28:07.757931+03:00,_2,ef93f4872b51,Lemesos,"to A6 > Pafos, Pafos Airport",0
2026-07-23T08:50:43Z,2026-07-23T11:55:19.821994+03:00,_0,69fc3b9dbbdd,Strovolos,Archiepiskopou Makariou III Ave,0
2026-07-23T08:50:43Z,2026-07-23T11:55:19.821994+03:00,_1,c57daf65c80e,Lemesou Ave,Archiepiskopou Makariou III Ave,3
2026-07-23T08:50:43Z,2026-07-23T11:55:19.821994+03:00,_0,15ae2e1d5817,E147 - Archiepiskopou Makariou III Ave,Agias Filaxeos,0
2026-07-23T08:50:43Z,2026-07-23T11:55:19.821994+03:00,_1,c774fd37f419,Agias Filaxeos,Agias Filaxeos,3
2026-07-23T08:50:43Z,2026-07-23T11:55:19.821994+03:00,_2,bbd3d4041441,Agias Filaxeos,Agias Filaxeos,0
2026-07-23T08:50:43Z,2026-07-23T11:55:19.821994+03:00,_3,a4260c51b19c,Steliou Kyriakidi,,3
2026-07-23T08:50:43Z,2026-07-23T11:55:19.821994+03:00,_4,f5f94ff22484,Agias Filaxeos,E110,0
2026-07-23T08:50:43Z,2026-07-23T11:55:19.821994+03:00,_0,cdd9246a055f,E110,E147 - Archiepiskopou Makariou III Ave,0
2026-07-23T08:50:43Z,2026-07-23T11:55:19.821994+03:00,_1,f8a1b1df72c7,Agias Filaxeos,E147 - Archiepiskopou Makariou III Ave,2
2026-07-23T08:50:43Z,2026-07-23T11:55:19.821994+03:00,_0,daca33dbcb0d,,Archiepiskopou Makariou III Ave,0
2026-07-23T08:50:43Z,2026-07-23T11:55:19.821994+03:00,_1,43f05193c4b0,Lemesou Ave,Archiepiskopou Makariou III Ave,3
2026-07-23T08:50:43Z,2026-07-23T11:55:19.821994+03:00,_2,f7f1e6fbecb6,Lemesou Ave,Evagorou Ave,0
2026-07-23T09:00:48Z,2026-07-23T12:05:25.147607+03:00,_0,69fc3b9dbbdd,Strovolos,Archiepiskopou Makariou III Ave,0
2026-07-23T09:00:48Z,2026-07-23T12:05:25.147607+03:00,_1,c57daf65c80e,Lemesou Ave,Archiepiskopou Makariou III Ave,3
2026-07-23T09:00:48Z,2026-07-23T12:05:25.147607+03:00,_0,72b03ff9b5bc,E110,E110 - Agias Fylaxeos,0
2026-07-23T09:00:48Z,2026-07-23T12:05:25.147607+03:00,_1,e50ca2ecb1e0,E110 - 1 Apriliou,,2
2026-07-23T09:00:48Z,2026-07-23T12:05:25.147607+03:00,_2,20d2c1f3b58e,E110 - Agias Fylaxeos,E147 - Archiepiskopou Makariou III Ave,0
2026-07-23T09:00:48Z,2026-07-23T12:05:25.147607+03:00,_3,e713c7488bdd,Agias Filaxeos,E147 - Archiepiskopou Makariou III Ave,3
2026-07-23T09:00:48Z,2026-07-23T12:05:25.147607+03:00,_0,807a263ccec7,E147 - Archiepiskopou Makariou III Ave,Agias Filaxeos,0
2026-07-23T09:00:48Z,2026-07-23T12:05:25.147607+03:00,_1,a4260c51b19c,Steliou Kyriakidi,,3
2026-07-23T09:00:48Z,2026-07-23T12:05:25.147607+03:00,_2,f5f94ff22484,Agias Filaxeos,E110,0
2026-07-23T09:00:48Z,2026-07-23T12:05:25.147607+03:00,_0,daca33dbcb0d,,Archiepiskopou Makariou III Ave,0
2026-07-23T09:00:48Z,2026-07-23T12:05:25.147607+03:00,_1,43f05193c4b0,Lemesou Ave,Archiepiskopou Makariou III Ave,3
2026-07-23T09:00:48Z,2026-07-23T12:05:25.147607+03:00,_2,4d0504689f6c,Lemesou Ave,E1302 - Nikis Ave,0
2026-07-23T09:00:48Z,2026-07-23T12:05:25.147607+03:00,_3,910016111853,B18 - Georgiou Griva Digeni Ave,B18 - Georgiou Griva Digeni Ave,4
2026-07-23T09:00:48Z,2026-07-23T12:05:25.147607+03:00,_4,bbf67e32aa17,B18 - Georgiou Griva Digeni Ave,Evagorou Ave,0
2026-07-23T09:10:53Z,2026-07-23T12:15:29.631992+03:00,_0,ec019cdf3c7f,E110,E147 - Archiepiskopou Makariou III Ave,0
2026-07-23T09:10:53Z,2026-07-23T12:15:29.631992+03:00,_1,e713c7488bdd,Agias Filaxeos,E147 - Archiepiskopou Makariou III Ave,3
2026-07-23T09:10:53Z,2026-07-23T12:15:29.631992+03:00,_0,26ee8f360113,E147 - Archiepiskopou Makariou III Ave,Agias Filaxeos,0
2026-07-23T09:10:53Z,2026-07-23T12:15:29.631992+03:00,_1,d309bae8d50e,E147 - Archiepiskopou Makariou III Ave,Vasileos Georgiou II,2
2026-07-23T09:10:53Z,2026-07-23T12:15:29.631992+03:00,_2,bbd3d4041441,Agias Filaxeos,Agias Filaxeos,0
2026-07-23T09:10:53Z,2026-07-23T12:15:29.631992+03:00,_3,a4260c51b19c,Steliou Kyriakidi,,3
2026-07-23T09:10:53Z,2026-07-23T12:15:29.631992+03:00,_4,f5f94ff22484,Agias Filaxeos,E110,0
2026-07-23T09:10:53Z,2026-07-23T12:15:29.631992+03:00,_0,b8775914f68d,,Archiepiskopou Makariou III Ave,0
2026-07-23T09:10:53Z,2026-07-23T12:15:29.631992+03:00,_1,8056ae80b71f,Archiepiskopou Makariou III Ave,B18 - Georgiou Griva Digeni Ave,2
2026-07-23T09:10:53Z,2026-07-23T12:15:29.631992+03:00,_2,e1beab30434a,Archiepiskopou Makariou III Ave,Evagorou Ave,0
2026-07-23T09:20:59Z,2026-07-23T12:25:36.395080+03:00,_0,6eb3033e950e,E110,E147 - Archiepiskopou Makariou III Ave,0
2026-07-23T09:20:59Z,2026-07-23T12:25:36.395080+03:00,_1,88697bca4b53,Agias Filaxeos,E147 - Archiepiskopou Makariou III Ave,3
2026-07-23T09:20:59Z,2026-07-23T12:25:36.395080+03:00,_0,044a01c053a4,E147 - Archiepiskopou Makariou III Ave,Agias Filaxeos,0
2026-07-23T09:20:59Z,2026-07-23T12:25:36.395080+03:00,_1,66d81fff875f,Agias Filaxeos,Vasileos Georgiou II,2
2026-07-23T09:20:59Z,2026-07-23T12:25:36.395080+03:00,_2,3c822276d5cc,Agias Filaxeos,Agias Filaxeos,0
2026-07-23T09:20:59Z,2026-07-23T12:25:36.395080+03:00,_3,a4260c51b19c,Steliou Kyriakidi,,3
2026-07-23T09:20:59Z,2026-07-23T12:25:36.395080+03:00,_4,f5f94ff22484,Agias Filaxeos,E110,0
2026-07-23T09:20:59Z,2026-07-23T12:25:36.395080+03:00,_0,06dc93c4c2fa,,B19 - Omirou Ave,0
2026-07-23T09:20:59Z,2026-07-23T12:25:36.395080+03:00,_1,ecb8295957ab,Omirou Ave,Dionysiou Solomou Square,2
2026-07-23T09:20:59Z,2026-07-23T12:25:36.395080+03:00,_2,b94aa02d2a10,Dionysiou Solomou Square,Anastasiou Leventi,0
2026-07-23T09:31:04Z,2026-07-23T12:35:40.857929+03:00,_0,15ae2e1d5817,E147 - Archiepiskopou Makariou III Ave,Agias Filaxeos,0
2026-07-23T09:31:04Z,2026-07-23T12:35:40.857929+03:00,_1,6704fd377f4d,Agias Filaxeos,Agias Filaxeos,3
2026-07-23T09:31:04Z,2026-07-23T12:35:40.857929+03:00,_2,ada2853a7b9f,Agias Filaxeos,Steliou Kyriakidi,0
2026-07-23T09:31:04Z,2026-07-23T12:35:40.857929+03:00,_3,fbdd0e351f56,Ivykou,,4
2026-07-23T09:31:04Z,2026-07-23T12:35:40.857929+03:00,_4,f5f94ff22484,Agias Filaxeos,E110,0
2026-07-23T09:31:04Z,2026-07-23T12:35:40.857929+03:00,_0,72b03ff9b5bc,E110,E110 - Agias Fylaxeos,0
2026-07-23T09:31:04Z,2026-07-23T12:35:40.857929+03:00,_1,e50ca2ecb1e0,E110 - 1 Apriliou,,2
2026-07-23T09:31:04Z,2026-07-23T12:35:40.857929+03:00,_2,ce0d49cab8a3,E110 - Agias Fylaxeos,E147 - Archiepiskopou Makariou III Ave,0
2026-07-23T09:31:04Z,2026-07-23T12:35:40.857929+03:00,_3,535964c57235,Agias Filaxeos,E147 - Archiepiskopou Makariou III Ave,3
2026-07-23T09:31:04Z,2026-07-23T12:35:40.857929+03:00,_0,06dc93c4c2fa,,B19 - Omirou Ave,0
2026-07-23T09:31:04Z,2026-07-23T12:35:40.857929+03:00,_1,bf1edcb81968,Omirou Ave,B19 - Omirou Ave,2
2026-07-23T09:31:04Z,2026-07-23T12:35:40.857929+03:00,_2,322961766a35,B19 - Omirou Ave,Anastasiou Leventi,0
2026-07-23T09:41:09Z,2026-07-23T12:45:46.168057+03:00,_0,dd4be8784553,E147 - Archiepiskopou Makariou III Ave,Agias Filaxeos,0
2026-07-23T09:41:09Z,2026-07-23T12:45:46.168057+03:00,_1,673e68439f67,E147 - Archiepiskopou Makariou III Ave,Vasileos Georgiou II,3
2026-07-23T09:41:09Z,2026-07-23T12:45:46.168057+03:00,_2,bbd3d4041441,Agias Filaxeos,Agias Filaxeos,0
2026-07-23T09:41:09Z,2026-07-23T12:45:46.168057+03:00,_3,a4260c51b19c,Steliou Kyriakidi,,4
2026-07-23T09:41:09Z,2026-07-23T12:45:46.168057+03:00,_4,f780373a5188,Agias Filaxeos,E110 - Agias Fylaxeos,0
2026-07-23T09:41:09Z,2026-07-23T12:45:46.168057+03:00,_5,6841a02a1258,,E110 - 1 Apriliou,2
2026-07-23T09:41:09Z,2026-07-23T12:45:46.168057+03:00,_6,18da4895abec,E110 - Agias Fylaxeos,E110 - Eleftherias,0
2026-07-23T09:41:09Z,2026-07-23T12:45:46.168057+03:00,_7,db98c9d0a2e0,E110 - 1 Apriliou,E110 - 1 Apriliou,3
2026-07-23T09:41:09Z,2026-07-23T12:45:46.168057+03:00,_8,c97b954fcb12,E110 - 1 Apriliou,E110,0
2026-07-23T09:41:09Z,2026-07-23T12:45:46.168057+03:00,_0,a89f632a8881,Strovolos,Lemesou Ave,0
2026-07-23T09:41:09Z,2026-07-23T12:45:46.168057+03:00,_1,ff2249fa74b9,Strovolos,Lemesou Ave,2
2026-07-23T09:41:09Z,2026-07-23T12:45:46.168057+03:00,_2,002a54c51467,A1,Archiepiskopou Makariou III Ave,0
2026-07-23T09:41:09Z,2026-07-23T12:45:46.168057+03:00,_0,72b03ff9b5bc,E110,E110 - Agias Fylaxeos,0
2026-07-23T09:41:09Z,2026-07-23T12:45:46.168057+03:00,_1,e50ca2ecb1e0,E110 - 1 Apriliou,,2
2026-07-23T09:41:09Z,2026-07-23T12:45:46.168057+03:00,_2,1967c9daaccd,E110 - Agias Fylaxeos,E147 - Archiepiskopou Makariou III Ave,0
2026-07-23T09:41:09Z,2026-07-23T12:45:46.168057+03:00,_3,88697bca4b53,Agias Filaxeos,E147 - Archiepiskopou Makariou III Ave,3
2026-07-23T09:41:09Z,2026-07-23T12:45:46.168057+03:00,_0,23e9d057024d,,Lemesou Ave,0
2026-07-23T09:41:09Z,2026-07-23T12:45:46.168057+03:00,_1,ff2249fa74b9,Strovolos,Lemesou Ave,2
2026-07-23T09:41:09Z,2026-07-23T12:45:46.168057+03:00,_2,3c7f5c1b4be9,A1,B19 - Omirou Ave,0
2026-07-23T09:41:09Z,2026-07-23T12:45:46.168057+03:00,_3,bf1edcb81968,Omirou Ave,B19 - Omirou Ave,2
2026-07-23T09:41:09Z,2026-07-23T12:45:46.168057+03:00,_4,322961766a35,B19 - Omirou Ave,Anastasiou Leventi,0
2026-07-23T09:51:16Z,2026-07-23T12:55:52.882512+03:00,_0,dd4be8784553,E147 - Archiepiskopou Makariou III Ave,Agias Filaxeos,0
2026-07-23T09:51:16Z,2026-07-23T12:55:52.882512+03:00,_1,1d598628b2d2,E147 - Archiepiskopou Makariou III Ave,Vasileos Georgiou II,3
2026-07-23T09:51:16Z,2026-07-23T12:55:52.882512+03:00,_2,3c822276d5cc,Agias Filaxeos,Agias Filaxeos,0
2026-07-23T09:51:16Z,2026-07-23T12:55:52.882512+03:00,_3,a4260c51b19c,Steliou Kyriakidi,,4
2026-07-23T09:51:16Z,2026-07-23T12:55:52.882512+03:00,_4,f780373a5188,Agias Filaxeos,E110 - Agias Fylaxeos,0
2026-07-23T09:51:16Z,2026-07-23T12:55:52.882512+03:00,_5,6841a02a1258,,E110 - 1 Apriliou,3
2026-07-23T09:51:16Z,2026-07-23T12:55:52.882512+03:00,_6,18da4895abec,E110 - Agias Fylaxeos,E110 - Eleftherias,0
2026-07-23T09:51:16Z,2026-07-23T12:55:52.882512+03:00,_7,db98c9d0a2e0,E110 - 1 Apriliou,E110 - 1 Apriliou,3
2026-07-23T09:51:16Z,2026-07-23T12:55:52.882512+03:00,_8,c97b954fcb12,E110 - 1 Apriliou,E110,0
2026-07-23T09:51:16Z,2026-07-23T12:55:52.882512+03:00,_0,a89f632a8881,Strovolos,Lemesou Ave,0
2026-07-23T09:51:16Z,2026-07-23T12:55:52.882512+03:00,_1,64039a076bda,Strovolos,Lemesou Ave,1
2026-07-23T09:51:16Z,2026-07-23T12:55:52.882512+03:00,_2,7792802c8552,Aglantzia,Archiepiskopou Makariou III Ave,0
2026-07-23T09:51:16Z,2026-07-23T12:55:52.882512+03:00,_0,72b03ff9b5bc,E110,E110 - Agias Fylaxeos,0
2026-07-23T09:51:16Z,2026-07-23T12:55:52.882512+03:00,_1,e50ca2ecb1e0,E110 - 1 Apriliou,,2
2026-07-23T09:51:16Z,2026-07-23T12:55:52.882512+03:00,_2,a71a335f5ac6,E110 - Agias Fylaxeos,Spyrou Kyprianou Ave,0
2026-07-23T09:51:16Z,2026-07-23T12:55:52.882512+03:00,_3,b22eb8a8a516,Vasileos Georgiou II,Agias Filaxeos,3
2026-07-23T09:51:16Z,2026-07-23T12:55:52.882512+03:00,_4,3e658df8ca2c,Agias Filaxeos,E147 - Archiepiskopou Makariou III Ave,0
2026-07-23T09:51:16Z,2026-07-23T12:55:52.882512+03:00,_0,23e9d057024d,,Lemesou Ave,0
2026-07-23T09:51:16Z,2026-07-23T12:55:52.882512+03:00,_1,64039a076bda,Strovolos,Lemesou Ave,1
2026-07-23T09:51:16Z,2026-07-23T12:55:52.882512+03:00,_2,a5531b325069,Aglantzia,B19 - Omirou Ave,0
2026-07-23T09:51:16Z,2026-07-23T12:55:52.882512+03:00,_3,ecb8295957ab,Omirou Ave,Dionysiou Solomou Square,2
2026-07-23T09:51:16Z,2026-07-23T12:55:52.882512+03:00,_4,b94aa02d2a10,Dionysiou Solomou Square,Anastasiou Leventi,0
2026-07-23T10:01:21Z,2026-07-23T13:05:58.190487+03:00,_0,056c5788bcea,E147 - Archiepiskopou Makariou III Ave,Vasileos Georgiou II,3
2026-07-23T10:01:21Z,2026-07-23T13:05:58.190487+03:00,_1,3c822276d5cc,Agias Filaxeos,Agias Filaxeos,0
2026-07-23T10:01:21Z,2026-07-23T13:05:58.190487+03:00,_2,a4260c51b19c,Steliou Kyriakidi,,4
2026-07-23T10:01:21Z,2026-07-23T13:05:58.190487+03:00,_3,f780373a5188,Agias Filaxeos,E110 - Agias Fylaxeos,0
2026-07-23T10:01:21Z,2026-07-23T13:05:58.190487+03:00,_4,6841a02a1258,,E110 - 1 Apriliou,2
2026-07-23T10:01:21Z,2026-07-23T13:05:58.190487+03:00,_5,f99b72a378a5,E110 - Agias Fylaxeos,E110,0
2026-07-23T10:01:21Z,2026-07-23T13:05:58.190487+03:00,_0,a89f632a8881,Strovolos,Lemesou Ave,0
2026-07-23T10:01:21Z,2026-07-23T13:05:58.190487+03:00,_1,ff2249fa74b9,Strovolos,Lemesou Ave,3
2026-07-23T10:01:21Z,2026-07-23T13:05:58.190487+03:00,_2,a8737a3f445c,A1,E164 - Armenias,0
2026-07-23T10:01:21Z,2026-07-23T13:05:58.190487+03:00,_3,c57daf65c80e,Lemesou Ave,Archiepiskopou Makariou III Ave,2
2026-07-23T10:01:21Z,2026-07-23T13:05:58.190487+03:00,_0,23e9d057024d,,Lemesou Ave,0
2026-07-23T10:01:21Z,2026-07-23T13:05:58.190487+03:00,_1,ff2249fa74b9,Strovolos,Lemesou Ave,3
2026-07-23T10:01:21Z,2026-07-23T13:05:58.190487+03:00,_2,a8737a3f445c,A1,E164 - Armenias,0
2026-07-23T10:01:21Z,2026-07-23T13:05:58.190487+03:00,_3,43f05193c4b0,Lemesou Ave,Archiepiskopou Makariou III Ave,2
2026-07-23T10:01:21Z,2026-07-23T13:05:58.190487+03:00,_4,f7f1e6fbecb6,Lemesou Ave,Evagorou Ave,0
2026-07-23T10:11:26Z,2026-07-23T13:16:03.635785+03:00,_0,90311137b0fc,E147 - Archiepiskopou Makariou III Ave,Agias Filaxeos,2
2026-07-23T10:11:26Z,2026-07-23T13:16:03.635785+03:00,_1,33f727374971,Agias Filaxeos,Agias Filaxeos,0
2026-07-23T10:11:26Z,2026-07-23T13:16:03.635785+03:00,_2,c774fd37f419,Agias Filaxeos,Agias Filaxeos,2
2026-07-23T10:11:26Z,2026-07-23T13:16:03.635785+03:00,_3,bbd3d4041441,Agias Filaxeos,Agias Filaxeos,0
2026-07-23T10:11:26Z,2026-07-23T13:16:03.635785+03:00,_4,a4260c51b19c,Steliou Kyriakidi,,4
2026-07-23T10:11:26Z,2026-07-23T13:16:03.635785+03:00,_5,f5f94ff22484,Agias Filaxeos,E110,0
2026-07-23T10:11:26Z,2026-07-23T13:16:03.635785+03:00,_0,fff94a557d24,E110,Spyrou Kyprianou Ave,0
2026-07-23T10:11:26Z,2026-07-23T13:16:03.635785+03:00,_1,b22eb8a8a516,Vasileos Georgiou II,Agias Filaxeos,3
2026-07-23T10:11:26Z,2026-07-23T13:16:03.635785+03:00,_2,ee5c31e43087,Agias Filaxeos,Agias Filaxeos,0
2026-07-23T10:11:26Z,2026-07-23T13:16:03.635785+03:00,_3,88697bca4b53,Agias Filaxeos,E147 - Archiepiskopou Makariou III Ave,3
2026-07-23T10:21:33Z,2026-07-23T13:26:09.875786+03:00,_0,199710dc4a27,Strovolos,E164 - Armenias,0
2026-07-23T10:21:33Z,2026-07-23T13:26:09.875786+03:00,_1,fedb3d094e5d,A1,Lemesou Ave,3
2026-07-23T10:21:33Z,2026-07-23T13:26:09.875786+03:00,_2,d2028a2a4d9d,Lemesou Ave,E164 - Armenias,0
2026-07-23T10:21:33Z,2026-07-23T13:26:09.875786+03:00,_3,c57daf65c80e,Lemesou Ave,Archiepiskopou Makariou III Ave,2
2026-07-23T10:21:33Z,2026-07-23T13:26:09.875786+03:00,_0,137f66eaa4ab,E147 - Archiepiskopou Makariou III Ave,Agias Filaxeos,3
2026-07-23T10:21:33Z,2026-07-23T13:26:09.875786+03:00,_1,545a189c2e96,Agias Filaxeos,Agias Filaxeos,0
2026-07-23T10:21:33Z,2026-07-23T13:26:09.875786+03:00,_2,673e68439f67,E147 - Archiepiskopou Makariou III Ave,Vasileos Georgiou II,2
2026-07-23T10:21:33Z,2026-07-23T13:26:09.875786+03:00,_3,bbd3d4041441,Agias Filaxeos,Agias Filaxeos,0
2026-07-23T10:21:33Z,2026-07-23T13:26:09.875786+03:00,_4,a4260c51b19c,Steliou Kyriakidi,,4
2026-07-23T10:21:33Z,2026-07-23T13:26:09.875786+03:00,_5,f780373a5188,Agias Filaxeos,E110 - Agias Fylaxeos,0
2026-07-23T10:21:33Z,2026-07-23T13:26:09.875786+03:00,_6,6ae63264e88b,,E110 - 1 Apriliou,2
2026-07-23T10:21:33Z,2026-07-23T13:26:09.875786+03:00,_7,3f7ac877007c,E110 - Agias Fylaxeos,E110,0
2026-07-23T10:21:33Z,2026-07-23T13:26:09.875786+03:00,_0,8795792b1b04,,E164 - Armenias,0
2026-07-23T10:21:33Z,2026-07-23T13:26:09.875786+03:00,_1,fedb3d094e5d,A1,Lemesou Ave,3
2026-07-23T10:21:33Z,2026-07-23T13:26:09.875786+03:00,_2,d2028a2a4d9d,Lemesou Ave,E164 - Armenias,0
2026-07-23T10:21:33Z,2026-07-23T13:26:09.875786+03:00,_3,43f05193c4b0,Lemesou Ave,Archiepiskopou Makariou III Ave,2
2026-07-23T10:21:33Z,2026-07-23T13:26:09.875786+03:00,_4,f7f1e6fbecb6,Lemesou Ave,Evagorou Ave,0
2026-07-23T10:31:38Z,2026-07-23T13:36:14.948015+03:00,_0,0f5fc0c258da,Strovolos,Lemesou Ave,0
2026-07-23T10:31:38Z,2026-07-23T13:36:14.948015+03:00,_1,de5c4da2e830,A1,Lemesou Ave,3
2026-07-23T10:31:38Z,2026-07-23T13:36:14.948015+03:00,_2,85b99fc6d959,A1,Archiepiskopou Makariou III Ave,0
2026-07-23T10:31:38Z,2026-07-23T13:36:14.948015+03:00,_0,5605f34ad0da,E110,E147 - Archiepiskopou Makariou III Ave,0
2026-07-23T10:31:38Z,2026-07-23T13:36:14.948015+03:00,_1,676c339d8b55,Agias Filaxeos,E147 - Archiepiskopou Makariou III Ave,3
2026-07-23T10:31:38Z,2026-07-23T13:36:14.948015+03:00,_0,9e81f5db7a01,E147 - Archiepiskopou Makariou III Ave,Agias Filaxeos,3
2026-07-23T10:31:38Z,2026-07-23T13:36:14.948015+03:00,_1,466776237f30,E147 - Archiepiskopou Makariou III Ave,Agias Filaxeos,0
2026-07-23T10:31:38Z,2026-07-23T13:36:14.948015+03:00,_2,a4260c51b19c,Steliou Kyriakidi,,4
2026-07-23T10:31:38Z,2026-07-23T13:36:14.948015+03:00,_3,e863e9cd4881,Agias Filaxeos,E110 - Agias Fylaxeos,0
2026-07-23T10:31:38Z,2026-07-23T13:36:14.948015+03:00,_4,b12402f32100,E110 - Agias Fylaxeos,E110 - 1 Apriliou,1
2026-07-23T10:31:38Z,2026-07-23T13:36:14.948015+03:00,_5,f99b72a378a5,E110 - Agias Fylaxeos,E110,0
2026-07-23T10:31:38Z,2026-07-23T13:36:14.948015+03:00,_0,7b1562e7b357,,Lemesou Ave,0
2026-07-23T10:31:38Z,2026-07-23T13:36:14.948015+03:00,_1,de5c4da2e830,A1,Lemesou Ave,3
2026-07-23T10:31:38Z,2026-07-23T13:36:14.948015+03:00,_2,6bc9fd646e05,A1,Evagorou Ave,0
2026-07-23T10:41:43Z,2026-07-23T13:46:20.105286+03:00,_0,a89f632a8881,Strovolos,Lemesou Ave,0
2026-07-23T10:41:43Z,2026-07-23T13:46:20.105286+03:00,_1,ff2249fa74b9,Strovolos,Lemesou Ave,4
2026-07-23T10:41:43Z,2026-07-23T13:46:20.105286+03:00,_2,de5c4da2e830,A1,Lemesou Ave,3
2026-07-23T10:41:43Z,2026-07-23T13:46:20.105286+03:00,_3,85b99fc6d959,A1,Archiepiskopou Makariou III Ave,0
2026-07-23T10:41:43Z,2026-07-23T13:46:20.105286+03:00,_0,807a263ccec7,E147 - Archiepiskopou Makariou III Ave,Agias Filaxeos,0
2026-07-23T10:41:43Z,2026-07-23T13:46:20.105286+03:00,_1,a4260c51b19c,Steliou Kyriakidi,,4
2026-07-23T10:41:43Z,2026-07-23T13:46:20.105286+03:00,_2,0597b76e4028,Agias Filaxeos,E110 - Agias Fylaxeos,0
2026-07-23T10:41:43Z,2026-07-23T13:46:20.105286+03:00,_3,8d1435727a35,E110 - Agias Fylaxeos,E110 - 1 Apriliou,1
2026-07-23T10:41:43Z,2026-07-23T13:46:20.105286+03:00,_4,f99b72a378a5,E110 - Agias Fylaxeos,E110,0
2026-07-23T10:41:43Z,2026-07-23T13:46:20.105286+03:00,_0,23e9d057024d,,Lemesou Ave,0
2026-07-23T10:41:43Z,2026-07-23T13:46:20.105286+03:00,_1,ff2249fa74b9,Strovolos,Lemesou Ave,4
2026-07-23T10:41:43Z,2026-07-23T13:46:20.105286+03:00,_2,de5c4da2e830,A1,Lemesou Ave,3
2026-07-23T10:41:43Z,2026-07-23T13:46:20.105286+03:00,_3,6bc9fd646e05,A1,Evagorou Ave,0
2026-07-23T10:51:50Z,2026-07-23T13:56:26.508742+03:00,_0,0f5fc0c258da,Strovolos,Lemesou Ave,0
2026-07-23T10:51:50Z,2026-07-23T13:56:26.508742+03:00,_1,de5c4da2e830,A1,Lemesou Ave,2
2026-07-23T10:51:50Z,2026-07-23T13:56:26.508742+03:00,_2,db8515d9425b,A1,Archiepiskopou Makariou III Ave,0
2026-07-23T10:51:50Z,2026-07-23T13:56:26.508742+03:00,_3,394713f228bd,Lemesou Ave,Lemesou Ave,3
2026-07-23T10:51:50Z,2026-07-23T13:56:26.508742+03:00,_0,807a263ccec7,E147 - Archiepiskopou Makariou III Ave,Agias Filaxeos,0
2026-07-23T10:51:50Z,2026-07-23T13:56:26.508742+03:00,_1,a4260c51b19c,Steliou Kyriakidi,,3
2026-07-23T10:51:50Z,2026-07-23T13:56:26.508742+03:00,_2,f5f94ff22484,Agias Filaxeos,E110,0
2026-07-23T10:51:50Z,2026-07-23T13:56:26.508742+03:00,_0,7b1562e7b357,,Lemesou Ave,0
2026-07-23T10:51:50Z,2026-07-23T13:56:26.508742+03:00,_1,de5c4da2e830,A1,Lemesou Ave,2
2026-07-23T10:51:50Z,2026-07-23T13:56:26.508742+03:00,_2,db8515d9425b,A1,Archiepiskopou Makariou III Ave,0
2026-07-23T10:51:50Z,2026-07-23T13:56:26.508742+03:00,_3,6efde239cabf,Lemesou Ave,Archiepiskopou Makariou III Ave,3
2026-07-23T10:51:50Z,2026-07-23T13:56:26.508742+03:00,_4,f7f1e6fbecb6,Lemesou Ave,Evagorou Ave,0
2026-07-23T11:01:55Z,2026-07-23T14:06:31.589095+03:00,_0,1903b2559960,,Archiepiskopou Makariou III Ave,0
2026-07-23T11:01:55Z,2026-07-23T14:06:31.589095+03:00,_1,660d388bb733,Lemesou Ave,Archiepiskopou Makariou III Ave,2
2026-07-23T11:01:55Z,2026-07-23T14:06:31.589095+03:00,_2,f7f1e6fbecb6,Lemesou Ave,Evagorou Ave,0
2026-07-23T11:12:00Z,2026-07-23T14:16:37.171006+03:00,_0,acb430b8e822,Strovolos,Archiepiskopou Makariou III Ave,0
2026-07-23T11:12:00Z,2026-07-23T14:16:37.171006+03:00,_1,394713f228bd,Lemesou Ave,Lemesou Ave,3
2026-07-23T11:12:00Z,2026-07-23T14:16:37.171006+03:00,_0,6311136a7b90,,Archiepiskopou Makariou III Ave,0
2026-07-23T11:12:00Z,2026-07-23T14:16:37.171006+03:00,_1,6efde239cabf,Lemesou Ave,Archiepiskopou Makariou III Ave,3
2026-07-23T11:12:00Z,2026-07-23T14:16:37.171006+03:00,_2,f7f1e6fbecb6,Lemesou Ave,Evagorou Ave,0
2026-07-23T11:22:07Z,2026-07-23T14:26:43.541749+03:00,_0,1903b2559960,,Archiepiskopou Makariou III Ave,0
2026-07-23T11:22:07Z,2026-07-23T14:26:43.541749+03:00,_1,660d388bb733,Lemesou Ave,Archiepiskopou Makariou III Ave,2
2026-07-23T11:22:07Z,2026-07-23T14:26:43.541749+03:00,_2,f7f1e6fbecb6,Lemesou Ave,Evagorou Ave,0
2026-07-23T12:52:38Z,2026-07-23T15:57:15.131572+03:00,_0,5b27c50fa078,Strovolos,Archiepiskopou Makariou III Ave,0
2026-07-23T12:52:38Z,2026-07-23T15:57:15.131572+03:00,_1,8b530b355b26,Lemesou Ave,Archiepiskopou Makariou III Ave,2
2026-07-23T12:52:38Z,2026-07-23T15:57:15.131572+03:00,_0,807a263ccec7,E147 - Archiepiskopou Makariou III Ave,Agias Filaxeos,0
2026-07-23T12:52:38Z,2026-07-23T15:57:15.131572+03:00,_1,a4260c51b19c,Steliou Kyriakidi,,3
2026-07-23T12:52:38Z,2026-07-23T15:57:15.131572+03:00,_2,f5f94ff22484,Agias Filaxeos,E110,0
2026-07-23T12:52:38Z,2026-07-23T15:57:15.131572+03:00,_0,39864853c88c,,Archiepiskopou Makariou III Ave,0
2026-07-23T12:52:38Z,2026-07-23T15:57:15.131572+03:00,_1,3dec49aff703,Lemesou Ave,Archiepiskopou Makariou III Ave,2
2026-07-23T12:52:38Z,2026-07-23T15:57:15.131572+03:00,_2,f7f1e6fbecb6,Lemesou Ave,Evagorou Ave,0
2026-07-23T12:52:38Z,2026-07-23T15:57:15.131572+03:00,_0,22ab44e87e33,Exit 24 >E127 Germasogeia / E113 Lemesos-Centre,Agios Athanasios,0
2026-07-23T12:52:38Z,2026-07-23T15:57:15.131572+03:00,_1,1f9e4309220a,Agios Athanasios,Agios Athanasios,1
2026-07-23T12:52:38Z,2026-07-23T15:57:15.131572+03:00,_2,e532d87a661f,Mesa Geitonia,"to A6 > Pafos, Pafos Airport",0
2026-07-23T13:02:43Z,2026-07-23T16:07:20.385180+03:00,_0,807a263ccec7,E147 - Archiepiskopou Makariou III Ave,Agias Filaxeos,0
2026-07-23T13:02:43Z,2026-07-23T16:07:20.385180+03:00,_1,bcb96b7d4022,Steliou Kyriakidi,E110 - Agias Fylaxeos,3
2026-07-23T13:02:43Z,2026-07-23T16:07:20.385180+03:00,_2,4a311dfc98b9,E110 - Agias Fylaxeos,E110,0
2026-07-23T13:02:43Z,2026-07-23T16:07:20.385180+03:00,_0,78de8d33d4a4,E110,,0
2026-07-23T13:02:43Z,2026-07-23T16:07:20.385180+03:00,_1,a9a39a128bc3,E110 - Agias Fylaxeos,Agias Filaxeos,3
2026-07-23T13:02:43Z,2026-07-23T16:07:20.385180+03:00,_2,3cbf9dcdfdfd,,E147 - Archiepiskopou Makariou III Ave,0
2026-07-23T13:02:43Z,2026-07-23T16:07:20.385180+03:00,_3,7d91212c9f28,Agiou Artemiou,E147 - Archiepiskopou Makariou III Ave,3
2026-07-23T13:02:43Z,2026-07-23T16:07:20.385180+03:00,_0,5c308ae9824f,,Germasogeia,0
2026-07-23T13:02:43Z,2026-07-23T16:07:20.385180+03:00,_1,613da88c9e19,> A1 Lefkosia / (A5) Larnaka / (A5)(A3) Larnaka Airport,Germasogeia,1
2026-07-23T13:02:43Z,2026-07-23T16:07:20.385180+03:00,_2,8f0cb9252b8c,> A1 Lefkosia / (A5) Larnaka / (A5)(A3) Larnaka Airport,Evagorou Ave,0
2026-07-23T13:02:43Z,2026-07-23T16:07:20.385180+03:00,_0,06afc6492b14,Exit 24 >E127 Germasogeia / E113 Lemesos-Centre,Germasogeia,0
2026-07-23T13:02:43Z,2026-07-23T16:07:20.385180+03:00,_1,3f63ee02f860,Agios Athanasios,Agios Athanasios,1
2026-07-23T13:02:43Z,2026-07-23T16:07:20.385180+03:00,_2,5f071a5847f6,Mesa Geitonia,Lemesos,0
2026-07-23T13:02:43Z,2026-07-23T16:07:20.385180+03:00,_3,e1dac3423766,Lemesos,Lemesos,1
2026-07-23T13:02:43Z,2026-07-23T16:07:20.385180+03:00,_4,ef93f4872b51,Lemesos,"to A6 > Pafos, Pafos Airport",0
2026-07-23T13:12:50Z,2026-07-23T16:17:26.705376+03:00,_0,807a263ccec7,E147 - Archiepiskopou Makariou III Ave,Agias Filaxeos,0
2026-07-23T13:12:50Z,2026-07-23T16:17:26.705376+03:00,_1,a4260c51b19c,Steliou Kyriakidi,,4
2026-07-23T13:12:50Z,2026-07-23T16:17:26.705376+03:00,_2,f780373a5188,Agias Filaxeos,E110 - Agias Fylaxeos,1
2026-07-23T13:12:50Z,2026-07-23T16:17:26.705376+03:00,_3,6ae63264e88b,,E110 - 1 Apriliou,2
2026-07-23T13:12:50Z,2026-07-23T16:17:26.705376+03:00,_4,3f7ac877007c,E110 - Agias Fylaxeos,E110,0
2026-07-23T13:12:50Z,2026-07-23T16:17:26.705376+03:00,_0,24826857eb1f,E110,E147 - Archiepiskopou Makariou III Ave,0
2026-07-23T13:12:50Z,2026-07-23T16:17:26.705376+03:00,_1,afcda84a293b,Agias Filaxeos,E147 - Archiepiskopou Makariou III Ave,2
2026-07-23T13:12:50Z,2026-07-23T16:17:26.705376+03:00,_0,978bfa547244,,> A1 Lefkosia / (A5) Larnaka / (A5)(A3) Larnaka Airport,0
2026-07-23T13:12:50Z,2026-07-23T16:17:26.705376+03:00,_1,afaa1d708fba,> A1 Lefkosia / (A5) Larnaka / (A5)(A3) Larnaka Airport,Mouttagiaka,1
2026-07-23T13:12:50Z,2026-07-23T16:17:26.705376+03:00,_2,ba9b025726d8,Mouttagiaka,Nisou,0
2026-07-23T13:12:50Z,2026-07-23T16:17:26.705376+03:00,_3,3c46754bddbe,Nisou,Nisou,3
2026-07-23T13:12:50Z,2026-07-23T16:17:26.705376+03:00,_4,a53678aec47a,Nisou,Evagorou Ave,0
2026-07-23T13:12:50Z,2026-07-23T16:17:26.705376+03:00,_0,cf9421bed762,Episkopi,> A1 Lefkosia / (A5) Larnaka / (A5)(A3) Larnaka Airport,0
2026-07-23T13:12:50Z,2026-07-23T16:17:26.705376+03:00,_1,a0e0a7c1b318,> A1 Lefkosia / (A5) Larnaka / (A5)(A3) Larnaka Airport,Germasogeia,1
2026-07-23T13:22:55Z,2026-07-23T16:27:31.576488+03:00,_0,21112a4dd623,E147 - Archiepiskopou Makariou III Ave,Agias Filaxeos,3
2026-07-23T13:22:55Z,2026-07-23T16:27:31.576488+03:00,_1,473be25140bb,Agiou Artemiou,Agias Filaxeos,0
2026-07-23T13:22:55Z,2026-07-23T16:27:31.576488+03:00,_2,91dfa2b121c3,Agiou Artemiou,Agias Filaxeos,1
2026-07-23T13:22:55Z,2026-07-23T16:27:31.576488+03:00,_3,333667a2ce39,Agias Filaxeos,Steliou Kyriakidi,0
2026-07-23T13:22:55Z,2026-07-23T16:27:31.576488+03:00,_4,a80760be4702,Ivykou,Agias Filaxeos,3
2026-07-23T13:22:55Z,2026-07-23T16:27:31.576488+03:00,_5,a4260c51b19c,Steliou Kyriakidi,,4
2026-07-23T13:22:55Z,2026-07-23T16:27:31.576488+03:00,_6,da3e19c838d1,Agias Filaxeos,,0
2026-07-23T13:22:55Z,2026-07-23T16:27:31.576488+03:00,_7,3085fde8fe93,Agias Filaxeos,E110 - Agias Fylaxeos,1
2026-07-23T13:22:55Z,2026-07-23T16:27:31.576488+03:00,_8,3e0cf08e2535,,E110,0
2026-07-23T13:22:55Z,2026-07-23T16:27:31.576488+03:00,_0,cdd9246a055f,E110,E147 - Archiepiskopou Makariou III Ave,0
2026-07-23T13:22:55Z,2026-07-23T16:27:31.576488+03:00,_1,f8a1b1df72c7,Agias Filaxeos,E147 - Archiepiskopou Makariou III Ave,3
2026-07-23T13:22:55Z,2026-07-23T16:27:31.576488+03:00,_0,86a1cbc862f7,,Skarinou,0
2026-07-23T13:22:55Z,2026-07-23T16:27:31.576488+03:00,_1,459c9b753608,Skarinou,Kofinou,2
2026-07-23T13:22:55Z,2026-07-23T16:27:31.576488+03:00,_2,8eadd4d3e86c,Kofinou,Nisou,0
2026-07-23T13:22:55Z,2026-07-23T16:27:31.576488+03:00,_3,3c46754bddbe,Nisou,Nisou,4
2026-07-23T13:22:55Z,2026-07-23T16:27:31.576488+03:00,_4,a53678aec47a,Nisou,Evagorou Ave,0
2026-07-23T13:33:00Z,2026-07-23T16:37:37.970732+03:00,_0,dd4be8784553,E147 - Archiepiskopou Makariou III Ave,Agias Filaxeos,0
2026-07-23T13:33:00Z,2026-07-23T16:37:37.970732+03:00,_1,673e68439f67,E147 - Archiepiskopou Makariou III Ave,Vasileos Georgiou II,2
2026-07-23T13:33:00Z,2026-07-23T16:37:37.970732+03:00,_2,bbd3d4041441,Agias Filaxeos,Agias Filaxeos,0
2026-07-23T13:33:00Z,2026-07-23T16:37:37.970732+03:00,_3,a4260c51b19c,Steliou Kyriakidi,,4
2026-07-23T13:33:00Z,2026-07-23T16:37:37.970732+03:00,_4,f5f94ff22484,Agias Filaxeos,E110,0
2026-07-23T13:33:00Z,2026-07-23T16:37:37.970732+03:00,_0,86a1cbc862f7,,Skarinou,0
2026-07-23T13:33:00Z,2026-07-23T16:37:37.970732+03:00,_1,e9dc6830247f,Skarinou,Skarinou,2
2026-07-23T13:33:00Z,2026-07-23T16:37:37.970732+03:00,_2,2ebc698f994d,Kofinou,Pera Chorio,0
2026-07-23T13:33:00Z,2026-07-23T16:37:37.970732+03:00,_3,f06f8b3cbc64,Nisou,Nisou,4
2026-07-23T13:33:00Z,2026-07-23T16:37:37.970732+03:00,_4,a53678aec47a,Nisou,Evagorou Ave,0
2026-07-23T13:43:08Z,2026-07-23T16:47:44.528448+03:00,_0,807a263ccec7,E147 - Archiepiskopou Makariou III Ave,Agias Filaxeos,0
2026-07-23T13:43:08Z,2026-07-23T16:47:44.528448+03:00,_1,a4260c51b19c,Steliou Kyriakidi,,3
2026-07-23T13:43:08Z,2026-07-23T16:47:44.528448+03:00,_2,58db42ee5329,Agias Filaxeos,E110 - 1 Apriliou,0
2026-07-23T13:43:08Z,2026-07-23T16:47:44.528448+03:00,_3,9f4f77006632,E110 - 1 Apriliou,E110 - Eleftherias,3
2026-07-23T13:43:08Z,2026-07-23T16:47:44.528448+03:00,_4,c97b954fcb12,E110 - 1 Apriliou,E110,0
2026-07-23T13:43:08Z,2026-07-23T16:47:44.528448+03:00,_0,88a9b7c2c271,,Pera Chorio,0
2026-07-23T13:43:08Z,2026-07-23T16:47:44.528448+03:00,_1,a3c474f6082b,Pera Chorio,Nisou,4
2026-07-23T13:43:08Z,2026-07-23T16:47:44.528448+03:00,_2,c88cc663a6af,Nisou,Archiepiskopou Makariou III Ave,0
2026-07-23T13:43:08Z,2026-07-23T16:47:44.528448+03:00,_3,660d388bb733,Lemesou Ave,Archiepiskopou Makariou III Ave,2
2026-07-23T13:43:08Z,2026-07-23T16:47:44.528448+03:00,_4,f7f1e6fbecb6,Lemesou Ave,Evagorou Ave,0
2026-07-23T13:43:08Z,2026-07-23T16:47:44.528448+03:00,_0,2459eb632a9a,Exit 24 >E127 Germasogeia / E113 Lemesos-Centre,Lemesos,0
2026-07-23T13:43:08Z,2026-07-23T16:47:44.528448+03:00,_1,e1dac3423766,Lemesos,Lemesos,1
2026-07-23T13:43:08Z,2026-07-23T16:47:44.528448+03:00,_2,ef93f4872b51,Lemesos,"to A6 > Pafos, Pafos Airport",0
2026-07-23T13:53:12Z,2026-07-23T16:57:49.439676+03:00,_0,807a263ccec7,E147 - Archiepiskopou Makariou III Ave,Agias Filaxeos,0
2026-07-23T13:53:12Z,2026-07-23T16:57:49.439676+03:00,_1,a4260c51b19c,Steliou Kyriakidi,,3
2026-07-23T13:53:12Z,2026-07-23T16:57:49.439676+03:00,_2,f780373a5188,Agias Filaxeos,E110 - Agias Fylaxeos,0
2026-07-23T13:53:12Z,2026-07-23T16:57:49.439676+03:00,_3,6841a02a1258,,E110 - 1 Apriliou,2
2026-07-23T13:53:12Z,2026-07-23T16:57:49.439676+03:00,_4,18da4895abec,E110 - Agias Fylaxeos,E110 - Eleftherias,0
2026-07-23T13:53:12Z,2026-07-23T16:57:49.439676+03:00,_5,db98c9d0a2e0,E110 - 1 Apriliou,E110 - 1 Apriliou,3
2026-07-23T13:53:12Z,2026-07-23T16:57:49.439676+03:00,_6,c97b954fcb12,E110 - 1 Apriliou,E110,0
2026-07-23T13:53:12Z,2026-07-23T16:57:49.439676+03:00,_0,5c308ae9824f,,Germasogeia,0
2026-07-23T13:53:12Z,2026-07-23T16:57:49.439676+03:00,_1,79d35067812b,> A1 Lefkosia / (A5) Larnaka / (A5)(A3) Larnaka Airport,Mouttagiaka,2
2026-07-23T13:53:12Z,2026-07-23T16:57:49.439676+03:00,_2,41d5da3f1142,Mouttagiaka,Pera Chorio,0
2026-07-23T13:53:12Z,2026-07-23T16:57:49.439676+03:00,_3,a3c474f6082b,Pera Chorio,Nisou,4
2026-07-23T13:53:12Z,2026-07-23T16:57:49.439676+03:00,_4,c88cc663a6af,Nisou,Archiepiskopou Makariou III Ave,0
2026-07-23T13:53:12Z,2026-07-23T16:57:49.439676+03:00,_5,660d388bb733,Lemesou Ave,Archiepiskopou Makariou III Ave,3
2026-07-23T13:53:12Z,2026-07-23T16:57:49.439676+03:00,_6,f7f1e6fbecb6,Lemesou Ave,Evagorou Ave,0
2026-07-23T14:03:18Z,2026-07-23T17:07:54.499259+03:00,_0,fe72ea2b224f,Strovolos,Lemesou Ave,0
2026-07-23T14:03:18Z,2026-07-23T17:07:54.499259+03:00,_1,16a08779ce14,Strovolos,Lemesou Ave,4
2026-07-23T14:03:18Z,2026-07-23T17:07:54.499259+03:00,_2,f0561fa3d582,A1,Archiepiskopou Makariou III Ave,0
2026-07-23T14:03:18Z,2026-07-23T17:07:54.499259+03:00,_3,394713f228bd,Lemesou Ave,Lemesou Ave,3
2026-07-23T14:03:18Z,2026-07-23T17:07:54.499259+03:00,_0,807a263ccec7,E147 - Archiepiskopou Makariou III Ave,Agias Filaxeos,0
2026-07-23T14:03:18Z,2026-07-23T17:07:54.499259+03:00,_1,a4260c51b19c,Steliou Kyriakidi,,3
2026-07-23T14:03:18Z,2026-07-23T17:07:54.499259+03:00,_2,f780373a5188,Agias Filaxeos,E110 - Agias Fylaxeos,0
2026-07-23T14:03:18Z,2026-07-23T17:07:54.499259+03:00,_3,6841a02a1258,,E110 - 1 Apriliou,2
2026-07-23T14:03:18Z,2026-07-23T17:07:54.499259+03:00,_4,f99b72a378a5,E110 - Agias Fylaxeos,E110,0
2026-07-23T14:03:18Z,2026-07-23T17:07:54.499259+03:00,_0,5c308ae9824f,,Germasogeia,0
2026-07-23T14:03:18Z,2026-07-23T17:07:54.499259+03:00,_1,79d35067812b,> A1 Lefkosia / (A5) Larnaka / (A5)(A3) Larnaka Airport,Mouttagiaka,1
2026-07-23T14:03:18Z,2026-07-23T17:07:54.499259+03:00,_2,5c806b0f196e,Mouttagiaka,Pera Chorio,0
2026-07-23T14:03:18Z,2026-07-23T17:07:54.499259+03:00,_3,f06f8b3cbc64,Nisou,Nisou,4
2026-07-23T14:03:18Z,2026-07-23T17:07:54.499259+03:00,_4,be9d4880883e,Nisou,Lemesou Ave,0
2026-07-23T14:03:18Z,2026-07-23T17:07:54.499259+03:00,_5,16a08779ce14,Strovolos,Lemesou Ave,4
2026-07-23T14:03:18Z,2026-07-23T17:07:54.499259+03:00,_6,f0561fa3d582,A1,Archiepiskopou Makariou III Ave,0
2026-07-23T14:03:18Z,2026-07-23T17:07:54.499259+03:00,_7,6efde239cabf,Lemesou Ave,Archiepiskopou Makariou III Ave,3
2026-07-23T14:03:18Z,2026-07-23T17:07:54.499259+03:00,_8,f7f1e6fbecb6,Lemesou Ave,Evagorou Ave,0
2026-07-23T14:13:24Z,2026-07-23T17:18:00.631188+03:00,_0,fe72ea2b224f,Strovolos,Lemesou Ave,0
2026-07-23T14:13:24Z,2026-07-23T17:18:00.631188+03:00,_1,1c3025f6d361,Strovolos,Lemesou Ave,3
2026-07-23T14:13:24Z,2026-07-23T17:18:00.631188+03:00,_2,c6e235d3222a,Aglantzia,Archiepiskopou Makariou III Ave,0
2026-07-23T14:13:24Z,2026-07-23T17:18:00.631188+03:00,_3,394713f228bd,Lemesou Ave,Lemesou Ave,3
2026-07-23T14:13:24Z,2026-07-23T17:18:00.631188+03:00,_0,a1d8d306605f,E147 - Archiepiskopou Makariou III Ave,Steliou Kyriakidi,0
2026-07-23T14:13:24Z,2026-07-23T17:18:00.631188+03:00,_1,fbdd0e351f56,Ivykou,,4
2026-07-23T14:13:24Z,2026-07-23T17:18:00.631188+03:00,_2,f5f94ff22484,Agias Filaxeos,E110,0
2026-07-23T14:13:24Z,2026-07-23T17:18:00.631188+03:00,_0,a6e1a380c9ca,,Pera Chorio,0
2026-07-23T14:13:24Z,2026-07-23T17:18:00.631188+03:00,_1,f06f8b3cbc64,Nisou,Nisou,4
2026-07-23T14:13:24Z,2026-07-23T17:18:00.631188+03:00,_2,be9d4880883e,Nisou,Lemesou Ave,0
2026-07-23T14:13:24Z,2026-07-23T17:18:00.631188+03:00,_3,1c3025f6d361,Strovolos,Lemesou Ave,3
2026-07-23T14:13:24Z,2026-07-23T17:18:00.631188+03:00,_4,c6e235d3222a,Aglantzia,Archiepiskopou Makariou III Ave,0
2026-07-23T14:13:24Z,2026-07-23T17:18:00.631188+03:00,_5,6efde239cabf,Lemesou Ave,Archiepiskopou Makariou III Ave,3
2026-07-23T14:13:24Z,2026-07-23T17:18:00.631188+03:00,_6,f7f1e6fbecb6,Lemesou Ave,Evagorou Ave,0
2026-07-23T14:23:29Z,2026-07-23T17:28:05.531001+03:00,_0,fe72ea2b224f,Strovolos,Lemesou Ave,0
2026-07-23T14:23:29Z,2026-07-23T17:28:05.531001+03:00,_1,16a08779ce14,Strovolos,Lemesou Ave,3
2026-07-23T14:23:29Z,2026-07-23T17:28:05.531001+03:00,_2,002a54c51467,A1,Archiepiskopou Makariou III Ave,0
2026-07-23T14:23:29Z,2026-07-23T17:28:05.531001+03:00,_0,db379abb1dc7,Georgiou Neofytou,Spyrou Kyprianou Ave,0
2026-07-23T14:23:29Z,2026-07-23T17:28:05.531001+03:00,_1,d485409681ec,Spyrou Kyprianou Ave,Spyrou Kyprianou Ave,3
2026-07-23T14:23:29Z,2026-07-23T17:28:05.531001+03:00,_2,b16f06e86626,Spyrou Kyprianou Ave,Angelou Vlachou,0
2026-07-23T14:23:29Z,2026-07-23T17:28:05.531001+03:00,_0,9e81f5db7a01,E147 - Archiepiskopou Makariou III Ave,Agias Filaxeos,3
2026-07-23T14:23:29Z,2026-07-23T17:28:05.531001+03:00,_1,466776237f30,E147 - Archiepiskopou Makariou III Ave,Agias Filaxeos,0
2026-07-23T14:23:29Z,2026-07-23T17:28:05.531001+03:00,_2,a4260c51b19c,Steliou Kyriakidi,,4
2026-07-23T14:23:29Z,2026-07-23T17:28:05.531001+03:00,_3,f5f94ff22484,Agias Filaxeos,E110,0
2026-07-23T14:23:29Z,2026-07-23T17:28:05.531001+03:00,_0,5605f34ad0da,E110,E147 - Archiepiskopou Makariou III Ave,0
2026-07-23T14:23:29Z,2026-07-23T17:28:05.531001+03:00,_1,676c339d8b55,Agias Filaxeos,E147 - Archiepiskopou Makariou III Ave,3
2026-07-23T14:23:29Z,2026-07-23T17:28:05.531001+03:00,_0,5c3d1eb2232b,,Nisou,0
2026-07-23T14:23:29Z,2026-07-23T17:28:05.531001+03:00,_1,3c46754bddbe,Nisou,Nisou,4
2026-07-23T14:23:29Z,2026-07-23T17:28:05.531001+03:00,_2,be9d4880883e,Nisou,Lemesou Ave,0
2026-07-23T14:23:29Z,2026-07-23T17:28:05.531001+03:00,_3,16a08779ce14,Strovolos,Lemesou Ave,3
2026-07-23T14:23:29Z,2026-07-23T17:28:05.531001+03:00,_4,726abfd22a60,A1,Evagorou Ave,0
2026-07-23T14:33:34Z,2026-07-23T17:38:10.537115+03:00,_0,a89f632a8881,Strovolos,Lemesou Ave,0
2026-07-23T14:33:34Z,2026-07-23T17:38:10.537115+03:00,_1,ff2249fa74b9,Strovolos,Lemesou Ave,3
2026-07-23T14:33:34Z,2026-07-23T17:38:10.537115+03:00,_2,002a54c51467,A1,Archiepiskopou Makariou III Ave,0
2026-07-23T14:33:34Z,2026-07-23T17:38:10.537115+03:00,_0,dd4be8784553,E147 - Archiepiskopou Makariou III Ave,Agias Filaxeos,0
2026-07-23T14:33:34Z,2026-07-23T17:38:10.537115+03:00,_1,1d598628b2d2,E147 - Archiepiskopou Makariou III Ave,Vasileos Georgiou II,2
2026-07-23T14:33:34Z,2026-07-23T17:38:10.537115+03:00,_2,3c822276d5cc,Agias Filaxeos,Agias Filaxeos,0
2026-07-23T14:33:34Z,2026-07-23T17:38:10.537115+03:00,_3,a4260c51b19c,Steliou Kyriakidi,,3
2026-07-23T14:33:34Z,2026-07-23T17:38:10.537115+03:00,_4,f780373a5188,Agias Filaxeos,E110 - Agias Fylaxeos,0
2026-07-23T14:33:34Z,2026-07-23T17:38:10.537115+03:00,_5,6841a02a1258,,E110 - 1 Apriliou,2
2026-07-23T14:33:34Z,2026-07-23T17:38:10.537115+03:00,_6,f99b72a378a5,E110 - Agias Fylaxeos,E110,0
2026-07-23T14:33:34Z,2026-07-23T17:38:10.537115+03:00,_0,5605f34ad0da,E110,E147 - Archiepiskopou Makariou III Ave,0
2026-07-23T14:33:34Z,2026-07-23T17:38:10.537115+03:00,_1,676c339d8b55,Agias Filaxeos,E147 - Archiepiskopou Makariou III Ave,3
2026-07-23T14:33:34Z,2026-07-23T17:38:10.537115+03:00,_0,5c3d1eb2232b,,Nisou,0
2026-07-23T14:33:34Z,2026-07-23T17:38:10.537115+03:00,_1,3c46754bddbe,Nisou,Nisou,4
2026-07-23T14:33:34Z,2026-07-23T17:38:10.537115+03:00,_2,d338a7a6bee5,Nisou,Lemesou Ave,0
2026-07-23T14:33:34Z,2026-07-23T17:38:10.537115+03:00,_3,ff2249fa74b9,Strovolos,Lemesou Ave,3
2026-07-23T14:33:34Z,2026-07-23T17:38:10.537115+03:00,_4,726abfd22a60,A1,Evagorou Ave,0
2026-07-23T14:33:34Z,2026-07-23T17:38:10.537115+03:00,_0,f318db9e6dda,Leoforos Strovolou,E902 - Proedrikou Megarou Ave,0
2026-07-23T14:33:34Z,2026-07-23T17:38:10.537115+03:00,_1,886b339bc694,Strovolou Ave,E902 - Proedrikou Megarou Ave,3
2026-07-23T14:33:34Z,2026-07-23T17:38:10.537115+03:00,_2,c6ac6530f2b9,Strovolou Ave,E902 - Proedrikou Megarou Ave,0
2026-07-23T14:39:54Z,2026-07-23T17:44:31.294868+03:00,_0,a89f632a8881,Strovolos,Lemesou Ave,0
2026-07-23T14:39:54Z,2026-07-23T17:44:31.294868+03:00,_1,ff2249fa74b9,Strovolos,Lemesou Ave,3
2026-07-23T14:39:54Z,2026-07-23T17:44:31.294868+03:00,_2,002a54c51467,A1,Archiepiskopou Makariou III Ave,0
2026-07-23T14:39:54Z,2026-07-23T17:44:31.294868+03:00,_0,dd4be8784553,E147 - Archiepiskopou Makariou III Ave,Agias Filaxeos,0
2026-07-23T14:39:54Z,2026-07-23T17:44:31.294868+03:00,_1,1d598628b2d2,E147 - Archiepiskopou Makariou III Ave,Vasileos Georgiou II,2
2026-07-23T14:39:54Z,2026-07-23T17:44:31.294868+03:00,_2,3c822276d5cc,Agias Filaxeos,Agias Filaxeos,0
2026-07-23T14:39:54Z,2026-07-23T17:44:31.294868+03:00,_3,a4260c51b19c,Steliou Kyriakidi,,3
2026-07-23T14:39:54Z,2026-07-23T17:44:31.294868+03:00,_4,f780373a5188,Agias Filaxeos,E110 - Agias Fylaxeos,0
2026-07-23T14:39:54Z,2026-07-23T17:44:31.294868+03:00,_5,6841a02a1258,,E110 - 1 Apriliou,2
2026-07-23T14:39:54Z,2026-07-23T17:44:31.294868+03:00,_6,f99b72a378a5,E110 - Agias Fylaxeos,E110,0
2026-07-23T14:39:54Z,2026-07-23T17:44:31.294868+03:00,_0,9d9c5ba3be2a,E110,E147 - Archiepiskopou Makariou III Ave,0
2026-07-23T14:39:54Z,2026-07-23T17:44:31.294868+03:00,_1,535964c57235,Agias Filaxeos,E147 - Archiepiskopou Makariou III Ave,4
2026-07-23T14:39:54Z,2026-07-23T17:44:31.294868+03:00,_0,5c3d1eb2232b,,Nisou,0
2026-07-23T14:39:54Z,2026-07-23T17:44:31.294868+03:00,_1,3c46754bddbe,Nisou,Nisou,4
2026-07-23T14:39:54Z,2026-07-23T17:44:31.294868+03:00,_2,d338a7a6bee5,Nisou,Lemesou Ave,0
2026-07-23T14:39:54Z,2026-07-23T17:44:31.294868+03:00,_3,ff2249fa74b9,Strovolos,Lemesou Ave,3
2026-07-23T14:39:54Z,2026-07-23T17:44:31.294868+03:00,_4,726abfd22a60,A1,Evagorou Ave,0
2026-07-23T14:57:47Z,2026-07-23T18:02:23.275995+03:00,_0,807a263ccec7,E147 - Archiepiskopou Makariou III Ave,Agias Filaxeos,0
2026-07-23T14:57:47Z,2026-07-23T18:02:23.275995+03:00,_1,a4260c51b19c,Steliou Kyriakidi,,4
2026-07-23T14:57:47Z,2026-07-23T18:02:23.275995+03:00,_2,f780373a5188,Agias Filaxeos,E110 - Agias Fylaxeos,0
2026-07-23T14:57:47Z,2026-07-23T18:02:23.275995+03:00,_3,6ae63264e88b,,E110 - 1 Apriliou,2
2026-07-23T14:57:47Z,2026-07-23T18:02:23.275995+03:00,_4,3f7ac877007c,E110 - Agias Fylaxeos,E110,0
2026-07-23T14:57:47Z,2026-07-23T18:02:23.275995+03:00,_0,6eb3033e950e,E110,E147 - Archiepiskopou Makariou III Ave,0
2026-07-23T14:57:47Z,2026-07-23T18:02:23.275995+03:00,_1,88697bca4b53,Agias Filaxeos,E147 - Archiepiskopou Makariou III Ave,4
2026-07-23T14:57:47Z,2026-07-23T18:02:23.275995+03:00,_0,2e51d966c5a2,,Agios Athanasios,0
2026-07-23T14:57:47Z,2026-07-23T18:02:23.275995+03:00,_1,69e2abb27a41,Agios Athanasios,Agios Athanasios,1
2026-07-23T14:57:47Z,2026-07-23T18:02:23.275995+03:00,_2,1a3cedc2a5f8,Germasogeia,Nisou,0
2026-07-23T14:57:47Z,2026-07-23T18:02:23.275995+03:00,_3,3c46754bddbe,Nisou,Nisou,4
2026-07-23T14:57:47Z,2026-07-23T18:02:23.275995+03:00,_4,5fc94a2a95f0,Nisou,E1302 - Nikis Ave,0
2026-07-23T14:57:47Z,2026-07-23T18:02:23.275995+03:00,_5,910016111853,B18 - Georgiou Griva Digeni Ave,B18 - Georgiou Griva Digeni Ave,3
2026-07-23T14:57:47Z,2026-07-23T18:02:23.275995+03:00,_6,bbf67e32aa17,B18 - Georgiou Griva Digeni Ave,Evagorou Ave,0
2026-07-23T14:57:47Z,2026-07-23T18:02:23.275995+03:00,_0,12364e237b9f,Episkopi,Agios Athanasios,0
2026-07-23T14:57:47Z,2026-07-23T18:02:23.275995+03:00,_1,69e2abb27a41,Agios Athanasios,Agios Athanasios,1
2026-07-23T14:57:47Z,2026-07-23T18:02:23.275995+03:00,_2,cafc026927d2,Germasogeia,Germasogeia,0
2026-07-23T15:15:39Z,2026-07-23T18:20:15.508589+03:00,_0,9e81f5db7a01,E147 - Archiepiskopou Makariou III Ave,Agias Filaxeos,3
2026-07-23T15:15:39Z,2026-07-23T18:20:15.508589+03:00,_1,e5045a381c31,E147 - Archiepiskopou Makariou III Ave,Agias Filaxeos,0
2026-07-23T15:15:39Z,2026-07-23T18:20:15.508589+03:00,_2,12a40599afd2,Agias Filaxeos,Agias Filaxeos,3
2026-07-23T15:15:39Z,2026-07-23T18:20:15.508589+03:00,_3,bbd3d4041441,Agias Filaxeos,Agias Filaxeos,0
2026-07-23T15:15:39Z,2026-07-23T18:20:15.508589+03:00,_4,a4260c51b19c,Steliou Kyriakidi,,4
2026-07-23T15:15:39Z,2026-07-23T18:20:15.508589+03:00,_5,c0517c09c155,Agias Filaxeos,E110 - 1 Apriliou,0
2026-07-23T15:15:39Z,2026-07-23T18:20:15.508589+03:00,_6,4bd1567dac8f,E110 - Agias Fylaxeos,E110 - 1 Apriliou,3
2026-07-23T15:15:39Z,2026-07-23T18:20:15.508589+03:00,_7,581c590ec00c,E110 - Agias Fylaxeos,E110,0
2026-07-23T15:15:39Z,2026-07-23T18:20:15.508589+03:00,_0,5c3d1eb2232b,,Nisou,0
2026-07-23T15:15:39Z,2026-07-23T18:20:15.508589+03:00,_1,3c46754bddbe,Nisou,Nisou,4
2026-07-23T15:15:39Z,2026-07-23T18:20:15.508589+03:00,_2,a53678aec47a,Nisou,Evagorou Ave,0
2026-07-23T15:44:27Z,2026-07-23T18:49:04.258251+03:00,_0,a1d8d306605f,E147 - Archiepiskopou Makariou III Ave,Steliou Kyriakidi,0
2026-07-23T15:44:27Z,2026-07-23T18:49:04.258251+03:00,_1,a80760be4702,Ivykou,Agias Filaxeos,3
2026-07-23T15:44:27Z,2026-07-23T18:49:04.258251+03:00,_2,a4260c51b19c,Steliou Kyriakidi,,4
2026-07-23T15:44:27Z,2026-07-23T18:49:04.258251+03:00,_3,f780373a5188,Agias Filaxeos,E110 - Agias Fylaxeos,0
2026-07-23T15:44:27Z,2026-07-23T18:49:04.258251+03:00,_4,6841a02a1258,,E110 - 1 Apriliou,3
2026-07-23T15:44:27Z,2026-07-23T18:49:04.258251+03:00,_5,ea9f82118c36,E110 - Agias Fylaxeos,E110 - 1 Apriliou,4
2026-07-23T15:44:27Z,2026-07-23T18:49:04.258251+03:00,_6,83ed367abdbb,E110 - Agias Fylaxeos,E110,0
2026-07-23T15:44:27Z,2026-07-23T18:49:04.258251+03:00,_0,a89f632a8881,Strovolos,Lemesou Ave,0
2026-07-23T15:44:27Z,2026-07-23T18:49:04.258251+03:00,_1,ff2249fa74b9,Strovolos,Lemesou Ave,4
2026-07-23T15:44:27Z,2026-07-23T18:49:04.258251+03:00,_2,002a54c51467,A1,Archiepiskopou Makariou III Ave,0
2026-07-23T15:44:27Z,2026-07-23T18:49:04.258251+03:00,_0,43286710d8e6,E110,E110 - 1 Apriliou,0
2026-07-23T15:44:27Z,2026-07-23T18:49:04.258251+03:00,_1,e81616084b2f,E110 - 1 Apriliou,E110 - Agias Fylaxeos,2
2026-07-23T15:44:27Z,2026-07-23T18:49:04.258251+03:00,_2,af3e33fd449b,E110 - 1 Apriliou,E147 - Archiepiskopou Makariou III Ave,0
2026-07-23T15:44:27Z,2026-07-23T18:49:04.258251+03:00,_3,afcda84a293b,Agias Filaxeos,E147 - Archiepiskopou Makariou III Ave,3
2026-07-23T15:44:27Z,2026-07-23T18:49:04.258251+03:00,_0,5c3d1eb2232b,,Nisou,0
2026-07-23T15:44:27Z,2026-07-23T18:49:04.258251+03:00,_1,3c46754bddbe,Nisou,Nisou,4
2026-07-23T15:44:27Z,2026-07-23T18:49:04.258251+03:00,_2,d338a7a6bee5,Nisou,Lemesou Ave,0
2026-07-23T15:44:27Z,2026-07-23T18:49:04.258251+03:00,_3,ff2249fa74b9,Strovolos,Lemesou Ave,4
2026-07-23T15:44:27Z,2026-07-23T18:49:04.258251+03:00,_4,726abfd22a60,A1,Evagorou Ave,0
2026-07-23T15:54:53Z,2026-07-23T18:59:29.385978+03:00,_0,9e81f5db7a01,E147 - Archiepiskopou Makariou III Ave,Agias Filaxeos,3
2026-07-23T15:54:53Z,2026-07-23T18:59:29.385978+03:00,_1,64924a11eafd,Agias Filaxeos,Agias Filaxeos,0
2026-07-23T15:54:53Z,2026-07-23T18:59:29.385978+03:00,_2,673e68439f67,E147 - Archiepiskopou Makariou III Ave,Vasileos Georgiou II,2
2026-07-23T15:54:53Z,2026-07-23T18:59:29.385978+03:00,_3,ec5eee792e7a,Agias Filaxeos,Steliou Kyriakidi,0
2026-07-23T15:54:53Z,2026-07-23T18:59:29.385978+03:00,_4,fbdd0e351f56,Ivykou,,4
2026-07-23T15:54:53Z,2026-07-23T18:59:29.385978+03:00,_5,f780373a5188,Agias Filaxeos,E110 - Agias Fylaxeos,0
2026-07-23T15:54:53Z,2026-07-23T18:59:29.385978+03:00,_6,6841a02a1258,,E110 - 1 Apriliou,3
2026-07-23T15:54:53Z,2026-07-23T18:59:29.385978+03:00,_7,9fa3ba27c775,E110 - Agias Fylaxeos,E110 - 1 Apriliou,2
2026-07-23T15:54:53Z,2026-07-23T18:59:29.385978+03:00,_8,4acaef97cfb7,E110 - 1 Apriliou,E110,0
2026-07-23T15:54:53Z,2026-07-23T18:59:29.385978+03:00,_0,acb430b8e822,Strovolos,Archiepiskopou Makariou III Ave,0
2026-07-23T15:54:53Z,2026-07-23T18:59:29.385978+03:00,_1,394713f228bd,Lemesou Ave,Lemesou Ave,2
2026-07-23T15:54:53Z,2026-07-23T18:59:29.385978+03:00,_0,5c3d1eb2232b,,Nisou,0
2026-07-23T15:54:53Z,2026-07-23T18:59:29.385978+03:00,_1,3c46754bddbe,Nisou,Nisou,4
2026-07-23T15:54:53Z,2026-07-23T18:59:29.385978+03:00,_2,687b3bc647ee,Nisou,Archiepiskopou Makariou III Ave,0
2026-07-23T15:54:53Z,2026-07-23T18:59:29.385978+03:00,_3,6efde239cabf,Lemesou Ave,Archiepiskopou Makariou III Ave,2
2026-07-23T15:54:53Z,2026-07-23T18:59:29.385978+03:00,_4,f7f1e6fbecb6,Lemesou Ave,Evagorou Ave,0
2026-07-23T16:05:18Z,2026-07-23T19:09:54.463810+03:00,_0,21112a4dd623,E147 - Archiepiskopou Makariou III Ave,Agias Filaxeos,3
2026-07-23T16:05:18Z,2026-07-23T19:09:54.463810+03:00,_1,7aace9d453f4,E147 - Archiepiskopou Makariou III Ave,Agias Filaxeos,0
2026-07-23T16:05:18Z,2026-07-23T19:09:54.463810+03:00,_2,a4260c51b19c,Steliou Kyriakidi,,4
2026-07-23T16:05:18Z,2026-07-23T19:09:54.463810+03:00,_3,e863e9cd4881,Agias Filaxeos,E110 - Agias Fylaxeos,0
2026-07-23T16:05:18Z,2026-07-23T19:09:54.463810+03:00,_4,b12402f32100,E110 - Agias Fylaxeos,E110 - 1 Apriliou,1
2026-07-23T16:05:18Z,2026-07-23T19:09:54.463810+03:00,_5,9fa3ba27c775,E110 - Agias Fylaxeos,E110 - 1 Apriliou,2
2026-07-23T16:05:18Z,2026-07-23T19:09:54.463810+03:00,_6,4acaef97cfb7,E110 - 1 Apriliou,E110,0
2026-07-23T16:05:18Z,2026-07-23T19:09:54.463810+03:00,_0,acb430b8e822,Strovolos,Archiepiskopou Makariou III Ave,0
2026-07-23T16:05:18Z,2026-07-23T19:09:54.463810+03:00,_1,394713f228bd,Lemesou Ave,Lemesou Ave,3
2026-07-23T16:05:18Z,2026-07-23T19:09:54.463810+03:00,_0,5c3d1eb2232b,,Nisou,0
2026-07-23T16:05:18Z,2026-07-23T19:09:54.463810+03:00,_1,3c46754bddbe,Nisou,Nisou,4
2026-07-23T16:05:18Z,2026-07-23T19:09:54.463810+03:00,_2,687b3bc647ee,Nisou,Archiepiskopou Makariou III Ave,0
2026-07-23T16:05:18Z,2026-07-23T19:09:54.463810+03:00,_3,6efde239cabf,Lemesou Ave,Archiepiskopou Makariou III Ave,3
2026-07-23T16:05:18Z,2026-07-23T19:09:54.463810+03:00,_4,f7f1e6fbecb6,Lemesou Ave,Evagorou Ave,0
2026-07-23T16:15:44Z,2026-07-23T19:20:21.004604+03:00,_0,807a263ccec7,E147 - Archiepiskopou Makariou III Ave,Agias Filaxeos,0
2026-07-23T16:15:44Z,2026-07-23T19:20:21.004604+03:00,_1,a4260c51b19c,Steliou Kyriakidi,,4
2026-07-23T16:15:44Z,2026-07-23T19:20:21.004604+03:00,_2,f5f94ff22484,Agias Filaxeos,E110,0
2026-07-23T16:15:44Z,2026-07-23T19:20:21.004604+03:00,_0,5c3d1eb2232b,,Nisou,0
2026-07-23T16:15:44Z,2026-07-23T19:20:21.004604+03:00,_1,3c46754bddbe,Nisou,Nisou,4
2026-07-23T16:15:44Z,2026-07-23T19:20:21.004604+03:00,_2,a53678aec47a,Nisou,Evagorou Ave,0
2026-07-23T16:25:48Z,2026-07-23T19:30:25.112505+03:00,_0,807a263ccec7,E147 - Archiepiskopou Makariou III Ave,Agias Filaxeos,0
2026-07-23T16:25:48Z,2026-07-23T19:30:25.112505+03:00,_1,a4260c51b19c,Steliou Kyriakidi,,3
2026-07-23T16:25:48Z,2026-07-23T19:30:25.112505+03:00,_2,f5f94ff22484,Agias Filaxeos,E110,0
2026-07-23T16:25:48Z,2026-07-23T19:30:25.112505+03:00,_0,5c3d1eb2232b,,Nisou,0
2026-07-23T16:25:48Z,2026-07-23T19:30:25.112505+03:00,_1,3c46754bddbe,Nisou,Nisou,4
2026-07-23T16:25:48Z,2026-07-23T19:30:25.112505+03:00,_2,a53678aec47a,Nisou,Evagorou Ave,0
2026-07-23T16:35:52Z,2026-07-23T19:40:29.248265+03:00,_0,a89f632a8881,Strovolos,Lemesou Ave,0
2026-07-23T16:35:52Z,2026-07-23T19:40:29.248265+03:00,_1,64039a076bda,Strovolos,Lemesou Ave,3
2026-07-23T16:35:52Z,2026-07-23T19:40:29.248265+03:00,_2,7792802c8552,Aglantzia,Archiepiskopou Makariou III Ave,0
2026-07-23T16:35:52Z,2026-07-23T19:40:29.248265+03:00,_0,5c3d1eb2232b,,Nisou,0
2026-07-23T16:35:52Z,2026-07-23T19:40:29.248265+03:00,_1,3c46754bddbe,Nisou,Nisou,4
2026-07-23T16:35:52Z,2026-07-23T19:40:29.248265+03:00,_2,d338a7a6bee5,Nisou,Lemesou Ave,0
2026-07-23T16:35:52Z,2026-07-23T19:40:29.248265+03:00,_3,64039a076bda,Strovolos,Lemesou Ave,3
2026-07-23T16:35:52Z,2026-07-23T19:40:29.248265+03:00,_4,aea2144af660,Aglantzia,Evagorou Ave,0
2026-07-23T16:45:59Z,2026-07-23T19:50:35.615959+03:00,_0,fe72ea2b224f,Strovolos,Lemesou Ave,0
2026-07-23T16:45:59Z,2026-07-23T19:50:35.615959+03:00,_1,1c3025f6d361,Strovolos,Lemesou Ave,3
2026-07-23T16:45:59Z,2026-07-23T19:50:35.615959+03:00,_2,7792802c8552,Aglantzia,Archiepiskopou Makariou III Ave,0
2026-07-23T16:45:59Z,2026-07-23T19:50:35.615959+03:00,_0,5c3d1eb2232b,,Nisou,0
2026-07-23T16:45:59Z,2026-07-23T19:50:35.615959+03:00,_1,3c46754bddbe,Nisou,Nisou,4
2026-07-23T16:45:59Z,2026-07-23T19:50:35.615959+03:00,_2,be9d4880883e,Nisou,Lemesou Ave,0
2026-07-23T16:45:59Z,2026-07-23T19:50:35.615959+03:00,_3,1c3025f6d361,Strovolos,Lemesou Ave,3
2026-07-23T16:45:59Z,2026-07-23T19:50:35.615959+03:00,_4,aea2144af660,Aglantzia,Evagorou Ave,0
2026-07-23T16:56:03Z,2026-07-23T20:00:39.936585+03:00,_0,fe72ea2b224f,Strovolos,Lemesou Ave,0
2026-07-23T16:56:03Z,2026-07-23T20:00:39.936585+03:00,_1,1c3025f6d361,Strovolos,Lemesou Ave,3
2026-07-23T16:56:03Z,2026-07-23T20:00:39.936585+03:00,_2,7792802c8552,Aglantzia,Archiepiskopou Makariou III Ave,0
2026-07-23T16:56:03Z,2026-07-23T20:00:39.936585+03:00,_0,5c3d1eb2232b,,Nisou,0
2026-07-23T16:56:03Z,2026-07-23T20:00:39.936585+03:00,_1,3c46754bddbe,Nisou,Nisou,3
2026-07-23T16:56:03Z,2026-07-23T20:00:39.936585+03:00,_2,be9d4880883e,Nisou,Lemesou Ave,0
2026-07-23T16:56:03Z,2026-07-23T20:00:39.936585+03:00,_3,1c3025f6d361,Strovolos,Lemesou Ave,3
2026-07-23T16:56:03Z,2026-07-23T20:00:39.936585+03:00,_4,aea2144af660,Aglantzia,Evagorou Ave,0
2026-07-23T17:06:07Z,2026-07-23T20:10:44.142696+03:00,_0,5c3d1eb2232b,,Nisou,0
2026-07-23T17:06:07Z,2026-07-23T20:10:44.142696+03:00,_1,3c46754bddbe,Nisou,Nisou,4
2026-07-23T17:06:07Z,2026-07-23T20:10:44.142696+03:00,_2,5fc94a2a95f0,Nisou,E1302 - Nikis Ave,0
2026-07-23T17:06:07Z,2026-07-23T20:10:44.142696+03:00,_3,910016111853,B18 - Georgiou Griva Digeni Ave,B18 - Georgiou Griva Digeni Ave,4
2026-07-23T17:06:07Z,2026-07-23T20:10:44.142696+03:00,_4,bbf67e32aa17,B18 - Georgiou Griva Digeni Ave,Evagorou Ave,0
2026-07-23T17:16:34Z,2026-07-23T20:21:10.551036+03:00,_0,5c3d1eb2232b,,Nisou,0
2026-07-23T17:16:34Z,2026-07-23T20:21:10.551036+03:00,_1,3c46754bddbe,Nisou,Nisou,3
2026-07-23T17:16:34Z,2026-07-23T20:21:10.551036+03:00,_2,a53678aec47a,Nisou,Evagorou Ave,0
2026-07-23T17:26:38Z,2026-07-23T20:31:16.474234+03:00,_0,fe72ea2b224f,Strovolos,Lemesou Ave,0
2026-07-23T17:26:38Z,2026-07-23T20:31:16.474234+03:00,_1,1c3025f6d361,Strovolos,Lemesou Ave,3
2026-07-23T17:26:38Z,2026-07-23T20:31:16.474234+03:00,_2,c6e235d3222a,Aglantzia,Archiepiskopou Makariou III Ave,0
2026-07-23T17:26:38Z,2026-07-23T20:31:16.474234+03:00,_3,394713f228bd,Lemesou Ave,Lemesou Ave,3
2026-07-23T17:26:38Z,2026-07-23T20:31:16.474234+03:00,_0,3fdac061a485,E147 - Archiepiskopou Makariou III Ave,Vasileos Georgiou II,0
2026-07-23T17:26:38Z,2026-07-23T20:31:16.474234+03:00,_1,ded58892ae74,Agias Filaxeos,Vasileos Georgiou II,2
2026-07-23T17:26:38Z,2026-07-23T20:31:16.474234+03:00,_2,f0692a22ef39,Agias Filaxeos,Agias Filaxeos,0
2026-07-23T17:26:38Z,2026-07-23T20:31:16.474234+03:00,_3,a4260c51b19c,Steliou Kyriakidi,,2
2026-07-23T17:26:38Z,2026-07-23T20:31:16.474234+03:00,_4,f5f94ff22484,Agias Filaxeos,E110,0
2026-07-23T17:26:38Z,2026-07-23T20:31:16.474234+03:00,_0,5c3d1eb2232b,,Nisou,0
2026-07-23T17:26:38Z,2026-07-23T20:31:16.474234+03:00,_1,3c46754bddbe,Nisou,Nisou,1
2026-07-23T17:26:38Z,2026-07-23T20:31:16.474234+03:00,_2,be9d4880883e,Nisou,Lemesou Ave,0
2026-07-23T17:26:38Z,2026-07-23T20:31:16.474234+03:00,_3,1c3025f6d361,Strovolos,Lemesou Ave,3
2026-07-23T17:26:38Z,2026-07-23T20:31:16.474234+03:00,_4,c6e235d3222a,Aglantzia,Archiepiskopou Makariou III Ave,0
2026-07-23T17:26:38Z,2026-07-23T20:31:16.474234+03:00,_5,6efde239cabf,Lemesou Ave,Archiepiskopou Makariou III Ave,3
2026-07-23T17:26:38Z,2026-07-23T20:31:16.474234+03:00,_6,f7f1e6fbecb6,Lemesou Ave,Evagorou Ave,0
2026-07-23T17:36:44Z,2026-07-23T20:41:20.674732+03:00,_0,fe72ea2b224f,Strovolos,Lemesou Ave,0
2026-07-23T17:36:44Z,2026-07-23T20:41:20.674732+03:00,_1,1c3025f6d361,Strovolos,Lemesou Ave,3
2026-07-23T17:36:44Z,2026-07-23T20:41:20.674732+03:00,_2,c6e235d3222a,Aglantzia,Archiepiskopou Makariou III Ave,0
2026-07-23T17:36:44Z,2026-07-23T20:41:20.674732+03:00,_3,394713f228bd,Lemesou Ave,Lemesou Ave,2
2026-07-23T17:36:44Z,2026-07-23T20:41:20.674732+03:00,_0,d0dc64f54734,,Lemesou Ave,0
2026-07-23T17:36:44Z,2026-07-23T20:41:20.674732+03:00,_1,1c3025f6d361,Strovolos,Lemesou Ave,3
2026-07-23T17:36:44Z,2026-07-23T20:41:20.674732+03:00,_2,c6e235d3222a,Aglantzia,Archiepiskopou Makariou III Ave,0
2026-07-23T17:36:44Z,2026-07-23T20:41:20.674732+03:00,_3,6efde239cabf,Lemesou Ave,Archiepiskopou Makariou III Ave,2
2026-07-23T17:36:44Z,2026-07-23T20:41:20.674732+03:00,_4,f7f1e6fbecb6,Lemesou Ave,Evagorou Ave,0
2026-07-23T17:46:49Z,2026-07-23T20:51:25.834518+03:00,_0,fe72ea2b224f,Strovolos,Lemesou Ave,0
2026-07-23T17:46:49Z,2026-07-23T20:51:25.834518+03:00,_1,1c3025f6d361,Strovolos,Lemesou Ave,4
2026-07-23T17:46:49Z,2026-07-23T20:51:25.834518+03:00,_2,c6e235d3222a,Aglantzia,Archiepiskopou Makariou III Ave,0
2026-07-23T17:46:49Z,2026-07-23T20:51:25.834518+03:00,_3,394713f228bd,Lemesou Ave,Lemesou Ave,2
2026-07-23T17:46:49Z,2026-07-23T20:51:25.834518+03:00,_0,d0dc64f54734,,Lemesou Ave,0
2026-07-23T17:46:49Z,2026-07-23T20:51:25.834518+03:00,_1,1c3025f6d361,Strovolos,Lemesou Ave,4
2026-07-23T17:46:49Z,2026-07-23T20:51:25.834518+03:00,_2,c6e235d3222a,Aglantzia,Archiepiskopou Makariou III Ave,0
2026-07-23T17:46:49Z,2026-07-23T20:51:25.834518+03:00,_3,6efde239cabf,Lemesou Ave,Archiepiskopou Makariou III Ave,2
2026-07-23T17:46:49Z,2026-07-23T20:51:25.834518+03:00,_4,f7f1e6fbecb6,Lemesou Ave,Evagorou Ave,0
2026-07-23T17:46:49Z,2026-07-23T20:51:25.834518+03:00,_0,3258fc9114bb,Exit 24 >E127 Germasogeia / E113 Lemesos-Centre,Ypsonas,0
2026-07-23T17:46:49Z,2026-07-23T20:51:25.834518+03:00,_1,e99e9a65d515,Ypsonas,Ypsonas,1
2026-07-23T17:46:49Z,2026-07-23T20:51:25.834518+03:00,_2,210d1e57ec93,Ypsonas,"to A6 > Pafos, Pafos Airport",0
2026-07-23T17:56:53Z,2026-07-23T21:01:29.886591+03:00,_0,acb430b8e822,Strovolos,Archiepiskopou Makariou III Ave,0
2026-07-23T17:56:53Z,2026-07-23T21:01:29.886591+03:00,_1,394713f228bd,Lemesou Ave,Lemesou Ave,2
2026-07-23T17:56:53Z,2026-07-23T21:01:29.886591+03:00,_0,6311136a7b90,,Archiepiskopou Makariou III Ave,0
2026-07-23T17:56:53Z,2026-07-23T21:01:29.886591+03:00,_1,6efde239cabf,Lemesou Ave,Archiepiskopou Makariou III Ave,2
2026-07-23T17:56:53Z,2026-07-23T21:01:29.886591+03:00,_2,f7f1e6fbecb6,Lemesou Ave,Evagorou Ave,0
2026-07-23T21:09:36Z,2026-07-24T00:14:13.097699+03:00,_0,dceccf313a06,Georgiou Neofytou,Spyrou Kyprianou Ave,0
2026-07-23T21:09:36Z,2026-07-24T00:14:13.097699+03:00,_1,f2ead97fc762,Spyrou Kyprianou Ave,Spyrou Kyprianou Ave,2
2026-07-23T21:09:36Z,2026-07-24T00:14:13.097699+03:00,_2,0efa495a7a2f,Spyrou Kyprianou Ave,Angelou Vlachou,0
2026-07-23T23:51:04Z,2026-07-24T02:55:41.212663+03:00,_0,899c88dfdd04,Leoforos Strovolou,Arch. Makariou III,0
2026-07-23T23:51:04Z,2026-07-24T02:55:41.212663+03:00,_1,9811f6053db8,E902 - Archiepiskopou Makariou III,Strovolou Ave,2
2026-07-23T23:51:04Z,2026-07-24T02:55:41.212663+03:00,_2,9b2481db5b40,Arch. Makariou III,E902 - Proedrikou Megarou Ave,0
2026-07-24T00:51:31Z,2026-07-24T03:56:07.970433+03:00,_0,6cfc0b6c5e0c,E110,E110 - 1 Apriliou,0
2026-07-24T00:51:31Z,2026-07-24T03:56:07.970433+03:00,_1,ae768c5fffcf,E110 - 1 Apriliou,E110 - Agias Fylaxeos,2
2026-07-24T00:51:31Z,2026-07-24T03:56:07.970433+03:00,_2,3f55a646f4ea,E110 - 1 Apriliou,E147 - Archiepiskopou Makariou III Ave,0
2026-07-24T03:35:55Z,2026-07-24T06:40:32.124790+03:00,_0,fe72ea2b224f,Strovolos,Lemesou Ave,0
2026-07-24T03:35:55Z,2026-07-24T06:40:32.124790+03:00,_1,1c3025f6d361,Strovolos,Lemesou Ave,4
2026-07-24T03:35:55Z,2026-07-24T06:40:32.124790+03:00,_2,3909c4aec98f,Aglantzia,Lemesou Ave,0
2026-07-24T03:35:55Z,2026-07-24T06:40:32.124790+03:00,_3,fedb3d094e5d,A1,Lemesou Ave,3
2026-07-24T03:35:55Z,2026-07-24T06:40:32.124790+03:00,_4,85b99fc6d959,A1,Archiepiskopou Makariou III Ave,0
2026-07-24T03:35:55Z,2026-07-24T06:40:32.124790+03:00,_0,d0dc64f54734,Pafos,Lemesou Ave,0
2026-07-24T03:35:55Z,2026-07-24T06:40:32.124790+03:00,_1,1c3025f6d361,Strovolos,Lemesou Ave,4
2026-07-24T03:35:55Z,2026-07-24T06:40:32.124790+03:00,_2,3909c4aec98f,Aglantzia,Lemesou Ave,0
2026-07-24T03:35:55Z,2026-07-24T06:40:32.124790+03:00,_3,fedb3d094e5d,A1,Lemesou Ave,3
2026-07-24T03:35:55Z,2026-07-24T06:40:32.124790+03:00,_4,42e8917c1e04,A1,B19 - Omirou Ave,0
2026-07-24T03:46:20Z,2026-07-24T06:50:56.517023+03:00,_0,fe72ea2b224f,Strovolos,Lemesou Ave,0
2026-07-24T03:46:20Z,2026-07-24T06:50:56.517023+03:00,_1,1c3025f6d361,Strovolos,Lemesou Ave,3
2026-07-24T03:46:20Z,2026-07-24T06:50:56.517023+03:00,_2,3909c4aec98f,Aglantzia,Lemesou Ave,0
2026-07-24T03:46:20Z,2026-07-24T06:50:56.517023+03:00,_3,fedb3d094e5d,A1,Lemesou Ave,3
2026-07-24T03:46:20Z,2026-07-24T06:50:56.517023+03:00,_4,85b99fc6d959,A1,Archiepiskopou Makariou III Ave,0
2026-07-24T03:46:20Z,2026-07-24T06:50:56.517023+03:00,_0,6541343ebbde,Agias Filaxeos,E110 - 1 Apriliou,0
2026-07-24T03:46:20Z,2026-07-24T06:50:56.517023+03:00,_1,b2330f0ac423,E110 - Agias Fylaxeos,E110 - 1 Apriliou,2
2026-07-24T03:46:20Z,2026-07-24T06:50:56.517023+03:00,_2,4acaef97cfb7,E110 - 1 Apriliou,E110 - Eleftherias,0
2026-07-24T03:46:20Z,2026-07-24T06:50:56.517023+03:00,_0,d0dc64f54734,,Lemesou Ave,0
2026-07-24T03:46:20Z,2026-07-24T06:50:56.517023+03:00,_1,1c3025f6d361,Strovolos,Lemesou Ave,3
2026-07-24T03:46:20Z,2026-07-24T06:50:56.517023+03:00,_2,3909c4aec98f,Aglantzia,Lemesou Ave,0
2026-07-24T03:46:20Z,2026-07-24T06:50:56.517023+03:00,_3,fedb3d094e5d,A1,Lemesou Ave,3
2026-07-24T03:46:20Z,2026-07-24T06:50:56.517023+03:00,_4,85b99fc6d959,A1,Archiepiskopou Makariou III Ave,0
2026-07-24T03:46:20Z,2026-07-24T06:50:56.517023+03:00,_5,660d388bb733,Lemesou Ave,Archiepiskopou Makariou III Ave,2
2026-07-24T03:46:20Z,2026-07-24T06:50:56.517023+03:00,_6,8fab7dfc83f0,Lemesou Ave,Evagorou Ave,0
2026-07-24T03:56:44Z,2026-07-24T07:01:21.085001+03:00,_0,fe72ea2b224f,Strovolos,Lemesou Ave,0
2026-07-24T03:56:44Z,2026-07-24T07:01:21.085001+03:00,_1,1c3025f6d361,Strovolos,Lemesou Ave,3
2026-07-24T03:56:44Z,2026-07-24T07:01:21.085001+03:00,_2,7792802c8552,Aglantzia,Archiepiskopou Makariou III Ave,0
2026-07-24T03:56:44Z,2026-07-24T07:01:21.085001+03:00,_0,f301696b4941,Kosta Misiaouli,Strovolou Ave,0
2026-07-24T03:56:44Z,2026-07-24T07:01:21.085001+03:00,_1,3b7eac825bbe,Strovolou Ave,Strovolou Ave,3
2026-07-24T03:56:44Z,2026-07-24T07:01:21.085001+03:00,_2,b7d9dc03982a,Strovolou Ave,E902 - Proedrikou Megarou Ave,0
2026-07-24T03:56:44Z,2026-07-24T07:01:21.085001+03:00,_0,72b03ff9b5bc,E110 - Eleftherias,E110 - Agias Fylaxeos,0
2026-07-24T03:56:44Z,2026-07-24T07:01:21.085001+03:00,_1,e50ca2ecb1e0,E110 - 1 Apriliou,,3
2026-07-24T03:56:44Z,2026-07-24T07:01:21.085001+03:00,_2,7ddfe1676243,E110 - Agias Fylaxeos,Agias Filaxeos,0
2026-07-24T03:56:44Z,2026-07-24T07:01:21.085001+03:00,_0,e7f960841113,Episkopi,A1,0
2026-07-24T03:56:44Z,2026-07-24T07:01:21.085001+03:00,_1,ae3a9bb54763,A6,Lemesos,1
2026-07-24T03:56:44Z,2026-07-24T07:01:21.085001+03:00,_2,d73a04fc5195,Mesa Geitonia,Germasogeia,0
2026-07-24T03:56:44Z,2026-07-24T07:01:21.085001+03:00,_0,cf0d166c0008,,A1,0
2026-07-24T03:56:44Z,2026-07-24T07:01:21.085001+03:00,_1,ae3a9bb54763,A6,Lemesos,1
2026-07-24T03:56:44Z,2026-07-24T07:01:21.085001+03:00,_2,d9c0c436a7f5,Mesa Geitonia,Lemesou Ave,0
2026-07-24T03:56:44Z,2026-07-24T07:01:21.085001+03:00,_3,1c3025f6d361,Strovolos,Lemesou Ave,3
2026-07-24T03:56:44Z,2026-07-24T07:01:21.085001+03:00,_4,7792802c8552,Aglantzia,Archiepiskopou Makariou III Ave,0
2026-07-24T03:56:44Z,2026-07-24T07:01:21.085001+03:00,_5,660d388bb733,Lemesou Ave,Archiepiskopou Makariou III Ave,2
2026-07-24T03:56:44Z,2026-07-24T07:01:21.085001+03:00,_6,8fab7dfc83f0,Lemesou Ave,Evagorou Ave,0
2026-07-24T04:07:10Z,2026-07-24T07:11:46.748681+03:00,_0,fe72ea2b224f,Strovolos,Lemesou Ave,0
2026-07-24T04:07:10Z,2026-07-24T07:11:46.748681+03:00,_1,1c3025f6d361,Strovolos,Lemesou Ave,3
2026-07-24T04:07:10Z,2026-07-24T07:11:46.748681+03:00,_2,7792802c8552,Aglantzia,Archiepiskopou Makariou III Ave,0
2026-07-24T04:07:10Z,2026-07-24T07:11:46.748681+03:00,_0,106f0a75c576,Leoforos Strovolou,Strovolou Ave,0
2026-07-24T04:07:10Z,2026-07-24T07:11:46.748681+03:00,_1,0660334d11dc,Strovolou Ave,Strovolou Ave,2
2026-07-24T04:07:10Z,2026-07-24T07:11:46.748681+03:00,_2,b7d9dc03982a,Strovolou Ave,E902 - Proedrikou Megarou Ave,0
2026-07-24T04:07:10Z,2026-07-24T07:11:46.748681+03:00,_0,72b03ff9b5bc,E110,E110 - Agias Fylaxeos,0
2026-07-24T04:07:10Z,2026-07-24T07:11:46.748681+03:00,_1,e50ca2ecb1e0,E110 - 1 Apriliou,,3
2026-07-24T04:07:10Z,2026-07-24T07:11:46.748681+03:00,_2,ba303cdd0098,E110 - Agias Fylaxeos,E147 - Archiepiskopou Makariou III Ave,0
2026-07-24T04:07:10Z,2026-07-24T07:11:46.748681+03:00,_3,f8a1b1df72c7,Agias Filaxeos,E147 - Archiepiskopou Makariou III Ave,3
2026-07-24T04:07:10Z,2026-07-24T07:11:46.748681+03:00,_0,e7f960841113,Episkopi,A1,0
2026-07-24T04:07:10Z,2026-07-24T07:11:46.748681+03:00,_1,51a87f29a8d7,A6,Lemesos,1
2026-07-24T04:07:10Z,2026-07-24T07:11:46.748681+03:00,_2,4cc85bcdea4b,Lemesos,Germasogeia,0
2026-07-24T04:07:10Z,2026-07-24T07:11:46.748681+03:00,_0,cf0d166c0008,,A1,0
2026-07-24T04:07:10Z,2026-07-24T07:11:46.748681+03:00,_1,51a87f29a8d7,A6,Lemesos,1
2026-07-24T04:07:10Z,2026-07-24T07:11:46.748681+03:00,_2,ef8c874a82c0,Lemesos,Lemesou Ave,0
2026-07-24T04:07:10Z,2026-07-24T07:11:46.748681+03:00,_3,1c3025f6d361,Strovolos,Lemesou Ave,3
2026-07-24T04:07:10Z,2026-07-24T07:11:46.748681+03:00,_4,cc8badd45da4,Aglantzia,Evagorou Ave,0
2026-07-24T04:17:34Z,2026-07-24T07:22:11.518616+03:00,_0,72b03ff9b5bc,E110,E110 - Agias Fylaxeos,0
2026-07-24T04:17:34Z,2026-07-24T07:22:11.518616+03:00,_1,e50ca2ecb1e0,E110 - 1 Apriliou,,2
2026-07-24T04:17:34Z,2026-07-24T07:22:11.518616+03:00,_2,c8519dd0a57c,E110 - Agias Fylaxeos,E147 - Archiepiskopou Makariou III Ave,0
2026-07-24T04:17:34Z,2026-07-24T07:22:11.518616+03:00,_3,0047479cf4c6,Agias Filaxeos,E147 - Archiepiskopou Makariou III Ave,4
2026-07-24T04:27:59Z,2026-07-24T07:32:35.510239+03:00,_0,9637c1cd3244,Strovolos,Strovolos,0
2026-07-24T04:27:59Z,2026-07-24T07:32:35.510239+03:00,_1,d1bd4cd56cd8,Strovolos,Lemesou Ave,3
2026-07-24T04:27:59Z,2026-07-24T07:32:35.510239+03:00,_2,7792802c8552,Aglantzia,Archiepiskopou Makariou III Ave,0
2026-07-24T04:27:59Z,2026-07-24T07:32:35.510239+03:00,_0,72b03ff9b5bc,E110,E110 - Agias Fylaxeos,0
2026-07-24T04:27:59Z,2026-07-24T07:32:35.510239+03:00,_1,e50ca2ecb1e0,E110 - 1 Apriliou,,2
2026-07-24T04:27:59Z,2026-07-24T07:32:35.510239+03:00,_2,20e4174f50d7,E110 - Agias Fylaxeos,Agias Filaxeos,0
2026-07-24T04:27:59Z,2026-07-24T07:32:35.510239+03:00,_3,991be992343a,Agias Filaxeos,E147 - Archiepiskopou Makariou III Ave,3
2026-07-24T04:27:59Z,2026-07-24T07:32:35.510239+03:00,_0,5f39d2391c75,Leoforos Strovolou,Strovolou Ave,0
2026-07-24T04:27:59Z,2026-07-24T07:32:35.510239+03:00,_1,58d093eca1cd,Strovolou Ave,Strovolou Ave,2
2026-07-24T04:27:59Z,2026-07-24T07:32:35.510239+03:00,_2,b4e66db7c6bf,Strovolou Ave,E902 - Proedrikou Megarou Ave,0
2026-07-24T04:27:59Z,2026-07-24T07:32:35.510239+03:00,_0,1561bafaf811,,Lemesou Ave,0
2026-07-24T04:27:59Z,2026-07-24T07:32:35.510239+03:00,_1,d1bd4cd56cd8,Strovolos,Lemesou Ave,3
2026-07-24T04:27:59Z,2026-07-24T07:32:35.510239+03:00,_2,cc8badd45da4,Aglantzia,Evagorou Ave,0
2026-07-24T04:38:25Z,2026-07-24T07:43:01.544569+03:00,_0,9637c1cd3244,Strovolos,Strovolos,0
2026-07-24T04:38:25Z,2026-07-24T07:43:01.544569+03:00,_1,8a167e0dcc42,Strovolos,Lemesou Ave,3
2026-07-24T04:38:25Z,2026-07-24T07:43:01.544569+03:00,_2,a9b7fbe4ad39,A1,E164 - Armenias,0
2026-07-24T04:38:25Z,2026-07-24T07:43:01.544569+03:00,_3,8b530b355b26,Lemesou Ave,Archiepiskopou Makariou III Ave,3
2026-07-24T04:38:25Z,2026-07-24T07:43:01.544569+03:00,_0,72b03ff9b5bc,E110,E110 - Agias Fylaxeos,0
2026-07-24T04:38:25Z,2026-07-24T07:43:01.544569+03:00,_1,e50ca2ecb1e0,E110 - 1 Apriliou,,3
2026-07-24T04:38:25Z,2026-07-24T07:43:01.544569+03:00,_2,2a1ca0037583,E110 - Agias Fylaxeos,Agias Filaxeos,0
2026-07-24T04:38:25Z,2026-07-24T07:43:01.544569+03:00,_3,ec4d01277648,Agias Filaxeos,E147 - Archiepiskopou Makariou III Ave,4
2026-07-24T04:38:25Z,2026-07-24T07:43:01.544569+03:00,_0,5f39d2391c75,Leoforos Strovolou,Strovolou Ave,0
2026-07-24T04:38:25Z,2026-07-24T07:43:01.544569+03:00,_1,58d093eca1cd,Strovolou Ave,Strovolou Ave,3
2026-07-24T04:38:25Z,2026-07-24T07:43:01.544569+03:00,_2,b4e66db7c6bf,Strovolou Ave,E902 - Proedrikou Megarou Ave,0
2026-07-24T04:38:25Z,2026-07-24T07:43:01.544569+03:00,_0,62a45ec3d32e,E147 - Archiepiskopou Makariou III Ave,E110 - Eleftherias,0
2026-07-24T04:38:25Z,2026-07-24T07:43:01.544569+03:00,_1,956160ac8e26,E110 - 1 Apriliou,E110 - Eleftherias,2
2026-07-24T04:38:25Z,2026-07-24T07:43:01.544569+03:00,_2,5f1fec2aa9f9,E110 - 1 Apriliou,E110,0
2026-07-24T04:38:25Z,2026-07-24T07:43:01.544569+03:00,_0,1561bafaf811,,Lemesou Ave,0
2026-07-24T04:38:25Z,2026-07-24T07:43:01.544569+03:00,_1,8a167e0dcc42,Strovolos,Lemesou Ave,3
2026-07-24T04:38:25Z,2026-07-24T07:43:01.544569+03:00,_2,a9b7fbe4ad39,A1,E164 - Armenias,0
2026-07-24T04:38:25Z,2026-07-24T07:43:01.544569+03:00,_3,3dec49aff703,Lemesou Ave,Archiepiskopou Makariou III Ave,3
2026-07-24T04:38:25Z,2026-07-24T07:43:01.544569+03:00,_4,8fab7dfc83f0,Lemesou Ave,Evagorou Ave,0
2026-07-24T04:48:49Z,2026-07-24T07:53:26.070917+03:00,_0,9637c1cd3244,Strovolos,Strovolos,0
2026-07-24T04:48:49Z,2026-07-24T07:53:26.070917+03:00,_1,8a167e0dcc42,Strovolos,Lemesou Ave,3
2026-07-24T04:48:49Z,2026-07-24T07:53:26.070917+03:00,_2,f0561fa3d582,A1,Archiepiskopou Makariou III Ave,0
2026-07-24T04:48:49Z,2026-07-24T07:53:26.070917+03:00,_3,394713f228bd,Lemesou Ave,Lemesou Ave,3
2026-07-24T04:48:49Z,2026-07-24T07:53:26.070917+03:00,_0,72b03ff9b5bc,E110,E110 - Agias Fylaxeos,0
2026-07-24T04:48:49Z,2026-07-24T07:53:26.070917+03:00,_1,e50ca2ecb1e0,E110 - 1 Apriliou,,3
2026-07-24T04:48:49Z,2026-07-24T07:53:26.070917+03:00,_2,f83182230a0c,E110 - Agias Fylaxeos,Agias Filaxeos,0
2026-07-24T04:48:49Z,2026-07-24T07:53:26.070917+03:00,_3,ebd1dcd2b2a6,Agias Filaxeos,E147 - Archiepiskopou Makariou III Ave,4
2026-07-24T04:48:49Z,2026-07-24T07:53:26.070917+03:00,_0,106f0a75c576,Leoforos Strovolou,Strovolou Ave,0
2026-07-24T04:48:49Z,2026-07-24T07:53:26.070917+03:00,_1,0660334d11dc,Strovolou Ave,Strovolou Ave,2
2026-07-24T04:48:49Z,2026-07-24T07:53:26.070917+03:00,_2,b5400a961924,Strovolou Ave,Strovolou Ave,0
2026-07-24T04:48:49Z,2026-07-24T07:53:26.070917+03:00,_3,5da069711715,Strovolou Ave,E902 - Proedrikou Megarou Ave,3
2026-07-24T04:48:49Z,2026-07-24T07:53:26.070917+03:00,_4,c6ac6530f2b9,Strovolou Ave,E902 - Proedrikou Megarou Ave,0
2026-07-24T04:48:49Z,2026-07-24T07:53:26.070917+03:00,_0,1561bafaf811,,Lemesou Ave,0
2026-07-24T04:48:49Z,2026-07-24T07:53:26.070917+03:00,_1,8a167e0dcc42,Strovolos,Lemesou Ave,3
2026-07-24T04:48:49Z,2026-07-24T07:53:26.070917+03:00,_2,f0561fa3d582,A1,Archiepiskopou Makariou III Ave,0
2026-07-24T04:48:49Z,2026-07-24T07:53:26.070917+03:00,_3,6efde239cabf,Lemesou Ave,Archiepiskopou Makariou III Ave,3
2026-07-24T04:48:49Z,2026-07-24T07:53:26.070917+03:00,_4,7e9e53411917,Lemesou Ave,E1302 - Nikis Ave,0
2026-07-24T04:48:49Z,2026-07-24T07:53:26.070917+03:00,_5,910016111853,B18 - Georgiou Griva Digeni Ave,B18 - Georgiou Griva Digeni Ave,4
2026-07-24T04:48:49Z,2026-07-24T07:53:26.070917+03:00,_6,bbf67e32aa17,B18 - Georgiou Griva Digeni Ave,Evagorou Ave,0
2026-07-24T04:59:14Z,2026-07-24T08:03:50.796353+03:00,_0,9637c1cd3244,Strovolos,Strovolos,0
2026-07-24T04:59:14Z,2026-07-24T08:03:50.796353+03:00,_1,d1bd4cd56cd8,Strovolos,Lemesou Ave,3
2026-07-24T04:59:14Z,2026-07-24T08:03:50.796353+03:00,_2,7c50b274239b,Aglantzia,E164 - Armenias,0
2026-07-24T04:59:14Z,2026-07-24T08:03:50.796353+03:00,_3,c57daf65c80e,Lemesou Ave,Archiepiskopou Makariou III Ave,3
2026-07-24T04:59:14Z,2026-07-24T08:03:50.796353+03:00,_0,72b03ff9b5bc,E110,E110 - Agias Fylaxeos,0
2026-07-24T04:59:14Z,2026-07-24T08:03:50.796353+03:00,_1,e50ca2ecb1e0,E110 - 1 Apriliou,,3
2026-07-24T04:59:14Z,2026-07-24T08:03:50.796353+03:00,_2,76193c1b117f,E110 - Agias Fylaxeos,Agias Filaxeos,0
2026-07-24T04:59:14Z,2026-07-24T08:03:50.796353+03:00,_3,93bab9072d0f,Agias Filaxeos,Agias Filaxeos,3
2026-07-24T04:59:14Z,2026-07-24T08:03:50.796353+03:00,_4,a799e71752fc,Agias Filaxeos,Agiou Artemiou,0
2026-07-24T04:59:14Z,2026-07-24T08:03:50.796353+03:00,_5,95682b7f2663,Agias Filaxeos,E147 - Archiepiskopou Makariou III Ave,4
2026-07-24T04:59:14Z,2026-07-24T08:03:50.796353+03:00,_0,106f0a75c576,Leoforos Strovolou,Strovolou Ave,0
2026-07-24T04:59:14Z,2026-07-24T08:03:50.796353+03:00,_1,17b3fede191c,Strovolou Ave,E902 - Proedrikou Megarou Ave,3
2026-07-24T04:59:14Z,2026-07-24T08:03:50.796353+03:00,_2,c6ac6530f2b9,Strovolou Ave,E902 - Proedrikou Megarou Ave,0
2026-07-24T04:59:14Z,2026-07-24T08:03:50.796353+03:00,_0,402ea56cd952,Episkopi,Ypsonas,0
2026-07-24T04:59:14Z,2026-07-24T08:03:50.796353+03:00,_1,96cdc27daf1e,Kato Polemidia,A1,1
2026-07-24T04:59:14Z,2026-07-24T08:03:50.796353+03:00,_2,94f005d1ed34,A6,Germasogeia,0
2026-07-24T04:59:14Z,2026-07-24T08:03:50.796353+03:00,_0,69a5af85def0,,Ypsonas,0
2026-07-24T04:59:14Z,2026-07-24T08:03:50.796353+03:00,_1,96cdc27daf1e,Kato Polemidia,A1,1
2026-07-24T04:59:14Z,2026-07-24T08:03:50.796353+03:00,_2,ddc90a81c901,A6,Lemesou Ave,0
2026-07-24T04:59:14Z,2026-07-24T08:03:50.796353+03:00,_3,d1bd4cd56cd8,Strovolos,Lemesou Ave,3
2026-07-24T04:59:14Z,2026-07-24T08:03:50.796353+03:00,_4,7c50b274239b,Aglantzia,E164 - Armenias,0
2026-07-24T04:59:14Z,2026-07-24T08:03:50.796353+03:00,_5,43f05193c4b0,Lemesou Ave,Archiepiskopou Makariou III Ave,3
2026-07-24T04:59:14Z,2026-07-24T08:03:50.796353+03:00,_6,7e9e53411917,Lemesou Ave,E1302 - Nikis Ave,0
2026-07-24T04:59:14Z,2026-07-24T08:03:50.796353+03:00,_7,910016111853,B18 - Georgiou Griva Digeni Ave,B18 - Georgiou Griva Digeni Ave,4
2026-07-24T04:59:14Z,2026-07-24T08:03:50.796353+03:00,_8,bbf67e32aa17,B18 - Georgiou Griva Digeni Ave,Evagorou Ave,0
2026-07-24T05:09:40Z,2026-07-24T08:14:17.369595+03:00,_0,fe72ea2b224f,Strovolos,Lemesou Ave,0
2026-07-24T05:09:40Z,2026-07-24T08:14:17.369595+03:00,_1,16a08779ce14,Strovolos,Lemesou Ave,4
2026-07-24T05:09:40Z,2026-07-24T08:14:17.369595+03:00,_2,a9b7fbe4ad39,A1,E164 - Armenias,0
2026-07-24T05:09:40Z,2026-07-24T08:14:17.369595+03:00,_3,8b530b355b26,Lemesou Ave,Archiepiskopou Makariou III Ave,3
2026-07-24T05:09:40Z,2026-07-24T08:14:17.369595+03:00,_0,72b03ff9b5bc,E110,E110 - Agias Fylaxeos,0
2026-07-24T05:09:40Z,2026-07-24T08:14:17.369595+03:00,_1,e50ca2ecb1e0,E110 - 1 Apriliou,,3
2026-07-24T05:09:40Z,2026-07-24T08:14:17.369595+03:00,_2,e33776a3a190,E110 - Agias Fylaxeos,Agias Filaxeos,0
2026-07-24T05:09:40Z,2026-07-24T08:14:17.369595+03:00,_3,0a5c4761a6b4,Agias Filaxeos,Agias Filaxeos,3
2026-07-24T05:09:40Z,2026-07-24T08:14:17.369595+03:00,_4,fdb1ba3e89b0,Agias Filaxeos,Agiou Artemiou,0
2026-07-24T05:09:40Z,2026-07-24T08:14:17.369595+03:00,_5,88697bca4b53,Agias Filaxeos,E147 - Archiepiskopou Makariou III Ave,4
2026-07-24T05:09:40Z,2026-07-24T08:14:17.369595+03:00,_0,5f39d2391c75,Leoforos Strovolou,Omirou,0
2026-07-24T05:09:40Z,2026-07-24T08:14:17.369595+03:00,_1,956232f49bc0,Strovolou Ave,Omirou,3
2026-07-24T05:09:40Z,2026-07-24T08:14:17.369595+03:00,_2,fe47d188702b,Strovolou Ave,Omirou,0
2026-07-24T05:09:40Z,2026-07-24T08:14:17.369595+03:00,_3,5da069711715,Omirou,E902 - Proedrikou Megarou Ave,3
2026-07-24T05:09:40Z,2026-07-24T08:14:17.369595+03:00,_4,c6ac6530f2b9,Strovolou Ave,E902 - Proedrikou Megarou Ave,0
2026-07-24T05:09:40Z,2026-07-24T08:14:17.369595+03:00,_0,cf0d166c0008,,A1,0
2026-07-24T05:09:40Z,2026-07-24T08:14:17.369595+03:00,_1,ae3a9bb54763,A6,Lemesos,1
2026-07-24T05:09:40Z,2026-07-24T08:14:17.369595+03:00,_2,d9c0c436a7f5,Mesa Geitonia,Lemesou Ave,0
2026-07-24T05:09:40Z,2026-07-24T08:14:17.369595+03:00,_3,16a08779ce14,Strovolos,Lemesou Ave,4
2026-07-24T05:09:40Z,2026-07-24T08:14:17.369595+03:00,_4,a9b7fbe4ad39,A1,E164 - Armenias,0
2026-07-24T05:09:40Z,2026-07-24T08:14:17.369595+03:00,_5,3dec49aff703,Lemesou Ave,Archiepiskopou Makariou III Ave,3
2026-07-24T05:09:40Z,2026-07-24T08:14:17.369595+03:00,_6,8fab7dfc83f0,Lemesou Ave,Evagorou Ave,0
2026-07-24T05:09:40Z,2026-07-24T08:14:17.369595+03:00,_0,e7f960841113,Episkopi,A1,0
2026-07-24T05:09:40Z,2026-07-24T08:14:17.369595+03:00,_1,ae3a9bb54763,A6,Lemesos,1
2026-07-24T05:09:40Z,2026-07-24T08:14:17.369595+03:00,_2,d73a04fc5195,Mesa Geitonia,Germasogeia,0
2026-07-24T05:09:40Z,2026-07-24T08:14:17.369595+03:00,_0,493e5fa05418,Germasogeia,Kato Polemidia,0
2026-07-24T05:09:40Z,2026-07-24T08:14:17.369595+03:00,_1,2e4e38273012,Kato Polemidia,Kato Polemidia,2
2026-07-24T05:09:40Z,2026-07-24T08:14:17.369595+03:00,_2,5052820d4346,A1,Episkopi,0
2026-07-24T05:20:05Z,2026-07-24T08:24:42.399096+03:00,_0,fe72ea2b224f,Strovolos,Lemesou Ave,0
2026-07-24T05:20:05Z,2026-07-24T08:24:42.399096+03:00,_1,16a08779ce14,Strovolos,Lemesou Ave,3
2026-07-24T05:20:05Z,2026-07-24T08:24:42.399096+03:00,_2,f0561fa3d582,A1,Archiepiskopou Makariou III Ave,0
2026-07-24T05:20:05Z,2026-07-24T08:24:42.399096+03:00,_3,394713f228bd,Lemesou Ave,Lemesou Ave,3
2026-07-24T05:20:05Z,2026-07-24T08:24:42.399096+03:00,_0,72b03ff9b5bc,E110,E110 - Agias Fylaxeos,0
2026-07-24T05:20:05Z,2026-07-24T08:24:42.399096+03:00,_1,e50ca2ecb1e0,E110 - 1 Apriliou,,3
2026-07-24T05:20:05Z,2026-07-24T08:24:42.399096+03:00,_2,e33776a3a190,E110 - Agias Fylaxeos,Agias Filaxeos,0
2026-07-24T05:20:05Z,2026-07-24T08:24:42.399096+03:00,_3,0a5c4761a6b4,Agias Filaxeos,Agias Filaxeos,3
2026-07-24T05:20:05Z,2026-07-24T08:24:42.399096+03:00,_4,56aeae0c8086,Agias Filaxeos,E147 - Archiepiskopou Makariou III Ave,0
2026-07-24T05:20:05Z,2026-07-24T08:24:42.399096+03:00,_5,676c339d8b55,Agias Filaxeos,E147 - Archiepiskopou Makariou III Ave,4
2026-07-24T05:20:05Z,2026-07-24T08:24:42.399096+03:00,_0,5f39d2391c75,Leoforos Strovolou,Strovolou Ave,0
2026-07-24T05:20:05Z,2026-07-24T08:24:42.399096+03:00,_1,1c02e40f3134,Strovolou Ave,Strovolou Ave,3
2026-07-24T05:20:05Z,2026-07-24T08:24:42.399096+03:00,_2,b7d9dc03982a,Strovolou Ave,E902 - Proedrikou Megarou Ave,0
2026-07-24T05:20:05Z,2026-07-24T08:24:42.399096+03:00,_0,807a263ccec7,E147 - Archiepiskopou Makariou III Ave,Agias Filaxeos,0
2026-07-24T05:20:05Z,2026-07-24T08:24:42.399096+03:00,_1,a4260c51b19c,Steliou Kyriakidi,,4
2026-07-24T05:20:05Z,2026-07-24T08:24:42.399096+03:00,_2,f5f94ff22484,Agias Filaxeos,E110,0
2026-07-24T05:20:05Z,2026-07-24T08:24:42.399096+03:00,_0,d0dc64f54734,,Lemesou Ave,0
2026-07-24T05:20:05Z,2026-07-24T08:24:42.399096+03:00,_1,16a08779ce14,Strovolos,Lemesou Ave,3
2026-07-24T05:20:05Z,2026-07-24T08:24:42.399096+03:00,_2,f0561fa3d582,A1,Archiepiskopou Makariou III Ave,0
2026-07-24T05:20:05Z,2026-07-24T08:24:42.399096+03:00,_3,6efde239cabf,Lemesou Ave,Archiepiskopou Makariou III Ave,3
2026-07-24T05:20:05Z,2026-07-24T08:24:42.399096+03:00,_4,7e9e53411917,Lemesou Ave,E1302 - Nikis Ave,0
2026-07-24T05:20:05Z,2026-07-24T08:24:42.399096+03:00,_5,910016111853,B18 - Georgiou Griva Digeni Ave,B18 - Georgiou Griva Digeni Ave,3
2026-07-24T05:20:05Z,2026-07-24T08:24:42.399096+03:00,_6,bbf67e32aa17,B18 - Georgiou Griva Digeni Ave,Evagorou Ave,0
2026-07-24T05:30:30Z,2026-07-24T08:35:06.494314+03:00,_0,9637c1cd3244,Strovolos,Strovolos,0
2026-07-24T05:30:30Z,2026-07-24T08:35:06.494314+03:00,_1,d1bd4cd56cd8,Strovolos,Lemesou Ave,3
2026-07-24T05:30:30Z,2026-07-24T08:35:06.494314+03:00,_2,c6e235d3222a,Aglantzia,Archiepiskopou Makariou III Ave,0
2026-07-24T05:30:30Z,2026-07-24T08:35:06.494314+03:00,_3,394713f228bd,Lemesou Ave,Lemesou Ave,3
2026-07-24T05:30:30Z,2026-07-24T08:35:06.494314+03:00,_0,31c9b775d03b,E110,E110 - Agias Fylaxeos,0
2026-07-24T05:30:30Z,2026-07-24T08:35:06.494314+03:00,_1,9f80d2b8e678,E110 - 1 Apriliou,,3
2026-07-24T05:30:30Z,2026-07-24T08:35:06.494314+03:00,_2,ba303cdd0098,E110 - Agias Fylaxeos,E147 - Archiepiskopou Makariou III Ave,0
2026-07-24T05:30:30Z,2026-07-24T08:35:06.494314+03:00,_3,f8a1b1df72c7,Agias Filaxeos,E147 - Archiepiskopou Makariou III Ave,4
2026-07-24T05:30:30Z,2026-07-24T08:35:06.494314+03:00,_0,15ae2e1d5817,E147 - Archiepiskopou Makariou III Ave,Agias Filaxeos,0
2026-07-24T05:30:30Z,2026-07-24T08:35:06.494314+03:00,_1,c774fd37f419,Agias Filaxeos,Agias Filaxeos,3
2026-07-24T05:30:30Z,2026-07-24T08:35:06.494314+03:00,_2,bbd3d4041441,Agias Filaxeos,Agias Filaxeos,0
2026-07-24T05:30:30Z,2026-07-24T08:35:06.494314+03:00,_3,a4260c51b19c,Steliou Kyriakidi,,4
2026-07-24T05:30:30Z,2026-07-24T08:35:06.494314+03:00,_4,f5f94ff22484,Agias Filaxeos,E110,0
2026-07-24T05:30:30Z,2026-07-24T08:35:06.494314+03:00,_0,5f39d2391c75,Leoforos Strovolou,Omirou,0
2026-07-24T05:30:30Z,2026-07-24T08:35:06.494314+03:00,_1,956232f49bc0,Strovolou Ave,Omirou,2
2026-07-24T05:30:30Z,2026-07-24T08:35:06.494314+03:00,_2,fe47d188702b,Strovolou Ave,Omirou,0
2026-07-24T05:30:30Z,2026-07-24T08:35:06.494314+03:00,_3,d839b076b4bf,Omirou,Strovolou Ave,3
2026-07-24T05:30:30Z,2026-07-24T08:35:06.494314+03:00,_4,92d65c298345,Strovolou Ave,E902 - Proedrikou Megarou Ave,0
2026-07-24T05:30:30Z,2026-07-24T08:35:06.494314+03:00,_0,1561bafaf811,,Lemesou Ave,0
2026-07-24T05:30:30Z,2026-07-24T08:35:06.494314+03:00,_1,d1bd4cd56cd8,Strovolos,Lemesou Ave,3
2026-07-24T05:30:30Z,2026-07-24T08:35:06.494314+03:00,_2,c6e235d3222a,Aglantzia,Archiepiskopou Makariou III Ave,0
2026-07-24T05:30:30Z,2026-07-24T08:35:06.494314+03:00,_3,6efde239cabf,Lemesou Ave,Archiepiskopou Makariou III Ave,3
2026-07-24T05:30:30Z,2026-07-24T08:35:06.494314+03:00,_4,7e9e53411917,Lemesou Ave,E1302 - Nikis Ave,0
2026-07-24T05:30:30Z,2026-07-24T08:35:06.494314+03:00,_5,910016111853,B18 - Georgiou Griva Digeni Ave,B18 - Georgiou Griva Digeni Ave,3
2026-07-24T05:30:30Z,2026-07-24T08:35:06.494314+03:00,_6,bbf67e32aa17,B18 - Georgiou Griva Digeni Ave,Evagorou Ave,0
2026-07-24T05:40:55Z,2026-07-24T08:45:31.731362+03:00,_0,9637c1cd3244,Strovolos,Strovolos,0
2026-07-24T05:40:55Z,2026-07-24T08:45:31.731362+03:00,_1,d1bd4cd56cd8,Strovolos,Lemesou Ave,3
2026-07-24T05:40:55Z,2026-07-24T08:45:31.731362+03:00,_2,7c50b274239b,Aglantzia,E164 - Armenias,0
2026-07-24T05:40:55Z,2026-07-24T08:45:31.731362+03:00,_3,c57daf65c80e,Lemesou Ave,Archiepiskopou Makariou III Ave,3
2026-07-24T05:40:55Z,2026-07-24T08:45:31.731362+03:00,_0,72b03ff9b5bc,E110,E110 - Agias Fylaxeos,0
2026-07-24T05:40:55Z,2026-07-24T08:45:31.731362+03:00,_1,e50ca2ecb1e0,E110 - 1 Apriliou,,4
2026-07-24T05:40:55Z,2026-07-24T08:45:31.731362+03:00,_2,ce0d49cab8a3,E110 - Agias Fylaxeos,E147 - Archiepiskopou Makariou III Ave,0
2026-07-24T05:40:55Z,2026-07-24T08:45:31.731362+03:00,_3,535964c57235,Agias Filaxeos,E147 - Archiepiskopou Makariou III Ave,3
2026-07-24T05:40:55Z,2026-07-24T08:45:31.731362+03:00,_0,15ae2e1d5817,E147 - Archiepiskopou Makariou III Ave,Agias Filaxeos,0
2026-07-24T05:40:55Z,2026-07-24T08:45:31.731362+03:00,_1,6704fd377f4d,Agias Filaxeos,Agias Filaxeos,4
2026-07-24T05:40:55Z,2026-07-24T08:45:31.731362+03:00,_2,3c822276d5cc,Agias Filaxeos,Agias Filaxeos,0
2026-07-24T05:40:55Z,2026-07-24T08:45:31.731362+03:00,_3,a4260c51b19c,Steliou Kyriakidi,,3
2026-07-24T05:40:55Z,2026-07-24T08:45:31.731362+03:00,_4,f5f94ff22484,Agias Filaxeos,E110,0
2026-07-24T05:40:55Z,2026-07-24T08:45:31.731362+03:00,_0,5f39d2391c75,Leoforos Strovolou,Omirou,0
2026-07-24T05:40:55Z,2026-07-24T08:45:31.731362+03:00,_1,1c02e40f3134,Strovolou Ave,Omirou,2
2026-07-24T05:40:55Z,2026-07-24T08:45:31.731362+03:00,_2,b5400a961924,Strovolou Ave,Omirou,0
2026-07-24T05:40:55Z,2026-07-24T08:45:31.731362+03:00,_3,d839b076b4bf,Omirou,Strovolou Ave,3
2026-07-24T05:40:55Z,2026-07-24T08:45:31.731362+03:00,_4,92d65c298345,Strovolou Ave,E902 - Proedrikou Megarou Ave,0
2026-07-24T05:40:55Z,2026-07-24T08:45:31.731362+03:00,_0,1561bafaf811,,Lemesou Ave,0
2026-07-24T05:40:55Z,2026-07-24T08:45:31.731362+03:00,_1,d1bd4cd56cd8,Strovolos,Lemesou Ave,3
2026-07-24T05:40:55Z,2026-07-24T08:45:31.731362+03:00,_2,7c50b274239b,Aglantzia,E164 - Armenias,0
2026-07-24T05:40:55Z,2026-07-24T08:45:31.731362+03:00,_3,43f05193c4b0,Lemesou Ave,Archiepiskopou Makariou III Ave,3
2026-07-24T05:40:55Z,2026-07-24T08:45:31.731362+03:00,_4,8fab7dfc83f0,Lemesou Ave,Evagorou Ave,0
2026-07-24T05:51:19Z,2026-07-24T08:55:55.906230+03:00,_0,fe72ea2b224f,Strovolos,Lemesou Ave,0
2026-07-24T05:51:19Z,2026-07-24T08:55:55.906230+03:00,_1,16a08779ce14,Strovolos,Lemesou Ave,3
2026-07-24T05:51:19Z,2026-07-24T08:55:55.906230+03:00,_2,f0561fa3d582,A1,Archiepiskopou Makariou III Ave,0
2026-07-24T05:51:19Z,2026-07-24T08:55:55.906230+03:00,_3,394713f228bd,Lemesou Ave,Lemesou Ave,3
2026-07-24T05:51:19Z,2026-07-24T08:55:55.906230+03:00,_0,72b03ff9b5bc,E110,E110 - Agias Fylaxeos,0
2026-07-24T05:51:19Z,2026-07-24T08:55:55.906230+03:00,_1,e50ca2ecb1e0,E110 - 1 Apriliou,,4
2026-07-24T05:51:19Z,2026-07-24T08:55:55.906230+03:00,_2,bbe9f6312861,E110 - Agias Fylaxeos,Agias Filaxeos,0
2026-07-24T05:51:19Z,2026-07-24T08:55:55.906230+03:00,_3,c7626fee6f30,Agias Filaxeos,Vasileos Georgiou II,3
2026-07-24T05:51:19Z,2026-07-24T08:55:55.906230+03:00,_4,56aeae0c8086,Agias Filaxeos,E147 - Archiepiskopou Makariou III Ave,0
2026-07-24T05:51:19Z,2026-07-24T08:55:55.906230+03:00,_5,676c339d8b55,Agias Filaxeos,E147 - Archiepiskopou Makariou III Ave,3
2026-07-24T05:51:19Z,2026-07-24T08:55:55.906230+03:00,_0,bba1d54d8ade,E147 - Archiepiskopou Makariou III Ave,Agias Filaxeos,0
2026-07-24T05:51:19Z,2026-07-24T08:55:55.906230+03:00,_1,f6e9b6bc1760,Agias Filaxeos,Vasileos Georgiou II,4
2026-07-24T05:51:19Z,2026-07-24T08:55:55.906230+03:00,_2,62f9e9861a53,Agias Filaxeos,E110,0
2026-07-24T05:51:19Z,2026-07-24T08:55:55.906230+03:00,_0,106f0a75c576,Leoforos Strovolou,Strovolou Ave,0
2026-07-24T05:51:19Z,2026-07-24T08:55:55.906230+03:00,_1,6f8d33c27811,Strovolou Ave,Strovolou Ave,2
2026-07-24T05:51:19Z,2026-07-24T08:55:55.906230+03:00,_2,b22a870f07e2,Strovolou Ave,Strovolou Ave,0
2026-07-24T05:51:19Z,2026-07-24T08:55:55.906230+03:00,_3,25beebc1d5d8,Strovolou Ave,E902 - Proedrikou Megarou Ave,3
2026-07-24T05:51:19Z,2026-07-24T08:55:55.906230+03:00,_4,c6ac6530f2b9,Strovolou Ave,E902 - Proedrikou Megarou Ave,0
2026-07-24T05:51:19Z,2026-07-24T08:55:55.906230+03:00,_0,d0dc64f54734,,Lemesou Ave,0
2026-07-24T05:51:19Z,2026-07-24T08:55:55.906230+03:00,_1,16a08779ce14,Strovolos,Lemesou Ave,3
2026-07-24T05:51:19Z,2026-07-24T08:55:55.906230+03:00,_2,f0561fa3d582,A1,Archiepiskopou Makariou III Ave,0
2026-07-24T05:51:19Z,2026-07-24T08:55:55.906230+03:00,_3,6efde239cabf,Lemesou Ave,Archiepiskopou Makariou III Ave,3
2026-07-24T05:51:19Z,2026-07-24T08:55:55.906230+03:00,_4,d7c6c735ba17,Lemesou Ave,B18 - Georgiou Griva Digeni Ave,0
2026-07-24T05:51:19Z,2026-07-24T08:55:55.906230+03:00,_5,fb4722b70af0,Archiepiskopou Makariou III Ave,B18 - Georgiou Griva Digeni Ave,3
2026-07-24T05:51:19Z,2026-07-24T08:55:55.906230+03:00,_6,2cf7a381da73,Archiepiskopou Makariou III Ave,Evagorou Ave,0
2026-07-24T06:01:44Z,2026-07-24T09:06:21.122209+03:00,_0,e32be8ebc438,E147 - Archiepiskopou Makariou III Ave,Agiou Artemiou,0
2026-07-24T06:01:44Z,2026-07-24T09:06:21.122209+03:00,_1,01dc4c8513cc,E147 - Archiepiskopou Makariou III Ave,Vasileos Georgiou II,4
2026-07-24T06:01:44Z,2026-07-24T09:06:21.122209+03:00,_2,bbd3d4041441,Agias Filaxeos,Agias Filaxeos,0
2026-07-24T06:01:44Z,2026-07-24T09:06:21.122209+03:00,_3,a4260c51b19c,Steliou Kyriakidi,,4
2026-07-24T06:01:44Z,2026-07-24T09:06:21.122209+03:00,_4,f5f94ff22484,Agias Filaxeos,E110,0
2026-07-24T06:01:44Z,2026-07-24T09:06:21.122209+03:00,_0,fe72ea2b224f,Strovolos,Lemesou Ave,0
2026-07-24T06:01:44Z,2026-07-24T09:06:21.122209+03:00,_1,1c3025f6d361,Strovolos,Lemesou Ave,3
2026-07-24T06:01:44Z,2026-07-24T09:06:21.122209+03:00,_2,c6e235d3222a,Aglantzia,Archiepiskopou Makariou III Ave,0
2026-07-24T06:01:44Z,2026-07-24T09:06:21.122209+03:00,_3,394713f228bd,Lemesou Ave,Lemesou Ave,3
2026-07-24T06:01:44Z,2026-07-24T09:06:21.122209+03:00,_0,72b03ff9b5bc,E110,E110 - Agias Fylaxeos,0
2026-07-24T06:01:44Z,2026-07-24T09:06:21.122209+03:00,_1,e50ca2ecb1e0,E110 - 1 Apriliou,,4
2026-07-24T06:01:44Z,2026-07-24T09:06:21.122209+03:00,_2,bbe9f6312861,E110 - Agias Fylaxeos,Agiou Ilarionos,0
2026-07-24T06:01:44Z,2026-07-24T09:06:21.122209+03:00,_3,c7626fee6f30,Agias Filaxeos,Vasileos Georgiou II,3
2026-07-24T06:01:44Z,2026-07-24T09:06:21.122209+03:00,_4,11a2026dc49c,Agias Filaxeos,Agias Filaxeos,0
2026-07-24T06:01:44Z,2026-07-24T09:06:21.122209+03:00,_5,b586d35eaebe,Vasileos Georgiou II,E147 - Archiepiskopou Makariou III Ave,4
2026-07-24T06:01:44Z,2026-07-24T09:06:21.122209+03:00,_6,0e24a111cecd,Agias Filaxeos,Agias Filaxeos,0
2026-07-24T06:01:44Z,2026-07-24T09:06:21.122209+03:00,_7,e713c7488bdd,Apostolon Petrou kai Pavlou,E147 - Archiepiskopou Makariou III Ave,4
2026-07-24T06:01:44Z,2026-07-24T09:06:21.122209+03:00,_0,5f39d2391c75,Leoforos Strovolou,Omirou,0
2026-07-24T06:01:44Z,2026-07-24T09:06:21.122209+03:00,_1,4e5ce962e6d4,Strovolou Ave,Strovolou Ave,3
2026-07-24T06:01:44Z,2026-07-24T09:06:21.122209+03:00,_2,7c69226e95ca,Strovolou Ave,E902 - Proedrikou Megarou Ave,0
2026-07-24T06:01:44Z,2026-07-24T09:06:21.122209+03:00,_0,d0dc64f54734,,Lemesou Ave,0
2026-07-24T06:01:44Z,2026-07-24T09:06:21.122209+03:00,_1,1c3025f6d361,Strovolos,Lemesou Ave,3
2026-07-24T06:01:44Z,2026-07-24T09:06:21.122209+03:00,_2,c6e235d3222a,Aglantzia,Archiepiskopou Makariou III Ave,0
2026-07-24T06:01:44Z,2026-07-24T09:06:21.122209+03:00,_3,6efde239cabf,Lemesou Ave,Archiepiskopou Makariou III Ave,3
2026-07-24T06:01:44Z,2026-07-24T09:06:21.122209+03:00,_4,bd22ecc10d1b,Lemesou Ave,Archiepiskopou Makariou III Ave,0
2026-07-24T06:01:44Z,2026-07-24T09:06:21.122209+03:00,_5,de6f4739eb0b,Lemesou Ave,E1302 - Nikis Ave,3
2026-07-24T06:01:44Z,2026-07-24T09:06:21.122209+03:00,_6,53725b50c7e6,B18 - Georgiou Griva Digeni Ave,Evagorou Ave,0
2026-07-24T06:12:10Z,2026-07-24T09:16:47.458179+03:00,_0,fe72ea2b224f,Strovolos,Lemesou Ave,0
2026-07-24T06:12:10Z,2026-07-24T09:16:47.458179+03:00,_1,16a08779ce14,Strovolos,Lemesou Ave,3
2026-07-24T06:12:10Z,2026-07-24T09:16:47.458179+03:00,_2,002a54c51467,A1,Archiepiskopou Makariou III Ave,0
2026-07-24T06:12:10Z,2026-07-24T09:16:47.458179+03:00,_0,72b03ff9b5bc,E110,E110 - Agias Fylaxeos,0
2026-07-24T06:12:10Z,2026-07-24T09:16:47.458179+03:00,_1,e50ca2ecb1e0,E110 - 1 Apriliou,,3
2026-07-24T06:12:10Z,2026-07-24T09:16:47.458179+03:00,_2,e33776a3a190,E110 - Agias Fylaxeos,Agias Filaxeos,0
2026-07-24T06:12:10Z,2026-07-24T09:16:47.458179+03:00,_3,0a5c4761a6b4,Agias Filaxeos,Vasileos Georgiou II,3
2026-07-24T06:12:10Z,2026-07-24T09:16:47.458179+03:00,_4,4e06deec9c04,Agias Filaxeos,Agias Filaxeos,0
2026-07-24T06:12:10Z,2026-07-24T09:16:47.458179+03:00,_5,16290722033d,Agias Filaxeos,E147 - Archiepiskopou Makariou III Ave,4
2026-07-24T06:12:10Z,2026-07-24T09:16:47.458179+03:00,_6,0e24a111cecd,Agias Filaxeos,Agias Filaxeos,0
2026-07-24T06:12:10Z,2026-07-24T09:16:47.458179+03:00,_7,e713c7488bdd,Apostolon Petrou kai Pavlou,E147 - Archiepiskopou Makariou III Ave,4
2026-07-24T06:12:10Z,2026-07-24T09:16:47.458179+03:00,_0,2455e8639f1b,E147 - Archiepiskopou Makariou III Ave,Agias Filaxeos,0
2026-07-24T06:12:10Z,2026-07-24T09:16:47.458179+03:00,_1,d57b69716c83,E147 - Archiepiskopou Makariou III Ave,Vasileos Georgiou II,4
2026-07-24T06:12:10Z,2026-07-24T09:16:47.458179+03:00,_2,bbd3d4041441,Agias Filaxeos,Agias Filaxeos,0
2026-07-24T06:12:10Z,2026-07-24T09:16:47.458179+03:00,_3,a4260c51b19c,Steliou Kyriakidi,,4
2026-07-24T06:12:10Z,2026-07-24T09:16:47.458179+03:00,_4,f5f94ff22484,Agias Filaxeos,E110,0
2026-07-24T06:12:10Z,2026-07-24T09:16:47.458179+03:00,_0,5f39d2391c75,Leoforos Strovolou,Omirou,0
2026-07-24T06:12:10Z,2026-07-24T09:16:47.458179+03:00,_1,956232f49bc0,Strovolou Ave,Omirou,2
2026-07-24T06:12:10Z,2026-07-24T09:16:47.458179+03:00,_2,122e7b93a517,Strovolou Ave,E902 - Proedrikou Megarou Ave,0
2026-07-24T06:12:10Z,2026-07-24T09:16:47.458179+03:00,_0,c6068e9297ce,Episkopi,Lemesos,0
2026-07-24T06:12:10Z,2026-07-24T09:16:47.458179+03:00,_1,ddf9d84d4d7e,Lemesos,Mesa Geitonia,3
2026-07-24T06:12:10Z,2026-07-24T09:16:47.458179+03:00,_2,68e80ae678c2,Agios Athanasios,Germasogeia,0
2026-07-24T06:12:10Z,2026-07-24T09:16:47.458179+03:00,_0,06afc6492b14,Exit 24 >E127 Germasogeia / E113 Lemesos-Centre,Germasogeia,2
2026-07-24T06:12:10Z,2026-07-24T09:16:47.458179+03:00,_1,3e1d75b9e16e,Agios Athanasios,"to A6 > Pafos, Pafos Airport",0
2026-07-24T06:12:10Z,2026-07-24T09:16:47.458179+03:00,_0,f2fed8ebe045,,Lemesos,0
2026-07-24T06:12:10Z,2026-07-24T09:16:47.458179+03:00,_1,ddf9d84d4d7e,Lemesos,Mesa Geitonia,3
2026-07-24T06:12:10Z,2026-07-24T09:16:47.458179+03:00,_2,ee4e2171a7e1,Agios Athanasios,Lemesou Ave,0
2026-07-24T06:12:10Z,2026-07-24T09:16:47.458179+03:00,_3,16a08779ce14,Strovolos,Lemesou Ave,3
2026-07-24T06:12:10Z,2026-07-24T09:16:47.458179+03:00,_4,14b12720ba53,A1,Evagorou Ave,0
2026-07-24T08:39:08Z,2026-07-24T11:43:44.785622+03:00,_0,5605f34ad0da,E110,E147 - Archiepiskopou Makariou III Ave,0
2026-07-24T08:39:08Z,2026-07-24T11:43:44.785622+03:00,_1,676c339d8b55,Agias Filaxeos,E147 - Archiepiskopou Makariou III Ave,3
2026-07-24T08:39:08Z,2026-07-24T11:43:44.785622+03:00,_0,807a263ccec7,E147 - Archiepiskopou Makariou III Ave,Agias Filaxeos,0
2026-07-24T08:39:08Z,2026-07-24T11:43:44.785622+03:00,_1,a4260c51b19c,Steliou Kyriakidi,,3
2026-07-24T08:39:08Z,2026-07-24T11:43:44.785622+03:00,_2,f5f94ff22484,Agias Filaxeos,E110,0
2026-07-24T08:39:08Z,2026-07-24T11:43:44.785622+03:00,_0,1903b2559960,,Archiepiskopou Makariou III Ave,0
2026-07-24T08:39:08Z,2026-07-24T11:43:44.785622+03:00,_1,660d388bb733,Lemesou Ave,Archiepiskopou Makariou III Ave,2
2026-07-24T08:39:08Z,2026-07-24T11:43:44.785622+03:00,_2,5b037bbaa992,Lemesou Ave,Archiepiskopou Makariou III Ave,0
2026-07-24T08:39:08Z,2026-07-24T11:43:44.785622+03:00,_3,91f4f4624f42,Archiepiskopou Makariou III Ave,B18 - Georgiou Griva Digeni Ave,3
2026-07-24T08:39:08Z,2026-07-24T11:43:44.785622+03:00,_4,e1beab30434a,Archiepiskopou Makariou III Ave,Evagorou Ave,0
2026-07-24T08:39:08Z,2026-07-24T11:43:44.785622+03:00,_0,493e5fa05418,Exit 24 >E127 Germasogeia / E113 Lemesos-Centre,Kato Polemidia,0
2026-07-24T08:39:08Z,2026-07-24T11:43:44.785622+03:00,_1,2e4e38273012,Kato Polemidia,Kato Polemidia,2
2026-07-24T08:39:08Z,2026-07-24T11:43:44.785622+03:00,_2,5052820d4346,A1,"to A6 > Pafos, Pafos Airport",0
2026-07-24T08:49:12Z,2026-07-24T11:53:49.363468+03:00,_0,69fc3b9dbbdd,Strovolos,Archiepiskopou Makariou III Ave,0
2026-07-24T08:49:12Z,2026-07-24T11:53:49.363468+03:00,_1,c57daf65c80e,Lemesou Ave,Archiepiskopou Makariou III Ave,3
2026-07-24T08:49:12Z,2026-07-24T11:53:49.363468+03:00,_0,807a263ccec7,E147 - Archiepiskopou Makariou III Ave,Agias Filaxeos,0
2026-07-24T08:49:12Z,2026-07-24T11:53:49.363468+03:00,_1,a4260c51b19c,Steliou Kyriakidi,,3
2026-07-24T08:49:12Z,2026-07-24T11:53:49.363468+03:00,_2,f5f94ff22484,Agias Filaxeos,E110,0
2026-07-24T08:49:12Z,2026-07-24T11:53:49.363468+03:00,_0,6eb3033e950e,E110,E147 - Archiepiskopou Makariou III Ave,0
2026-07-24T08:49:12Z,2026-07-24T11:53:49.363468+03:00,_1,88697bca4b53,Agias Filaxeos,E147 - Archiepiskopou Makariou III Ave,3
2026-07-24T08:49:12Z,2026-07-24T11:53:49.363468+03:00,_0,daca33dbcb0d,,Archiepiskopou Makariou III Ave,0
2026-07-24T08:49:12Z,2026-07-24T11:53:49.363468+03:00,_1,43f05193c4b0,Lemesou Ave,Archiepiskopou Makariou III Ave,3
2026-07-24T08:49:12Z,2026-07-24T11:53:49.363468+03:00,_2,8fab7dfc83f0,Lemesou Ave,Evagorou Ave,0
2026-07-24T08:49:12Z,2026-07-24T11:53:49.363468+03:00,_0,493e5fa05418,Exit 24 >E127 Germasogeia / E113 Lemesos-Centre,Kato Polemidia,0
2026-07-24T08:49:12Z,2026-07-24T11:53:49.363468+03:00,_1,2e4e38273012,Kato Polemidia,Kato Polemidia,1
2026-07-24T08:49:12Z,2026-07-24T11:53:49.363468+03:00,_2,5052820d4346,A1,"to A6 > Pafos, Pafos Airport",0
2026-07-24T08:59:17Z,2026-07-24T12:04:04.819415+03:00,_0,21112a4dd623,E147 - Archiepiskopou Makariou III Ave,Agias Filaxeos,0
2026-07-24T08:59:17Z,2026-07-24T12:04:04.819415+03:00,_1,7f5b622265c8,E147 - Archiepiskopou Makariou III Ave,Vasileos Georgiou II,2
2026-07-24T08:59:17Z,2026-07-24T12:04:04.819415+03:00,_2,62f9e9861a53,Agias Filaxeos,E110,0
2026-07-24T08:59:17Z,2026-07-24T12:04:04.819415+03:00,_0,04b7f09395d8,E110,Agias Filaxeos,0
2026-07-24T08:59:17Z,2026-07-24T12:04:04.819415+03:00,_1,ae6a60405d34,Vasileos Georgiou II,E147 - Archiepiskopou Makariou III Ave,3
2026-07-24T08:59:17Z,2026-07-24T12:04:04.819415+03:00,_0,493e5fa05418,Exit 24 >E127 Germasogeia / E113 Lemesos-Centre,Kato Polemidia,0
2026-07-24T08:59:17Z,2026-07-24T12:04:04.819415+03:00,_1,2e4e38273012,Kato Polemidia,Kato Polemidia,1
2026-07-24T08:59:17Z,2026-07-24T12:04:04.819415+03:00,_2,5052820d4346,A1,"to A6 > Pafos, Pafos Airport",0
2026-07-24T09:09:34Z,2026-07-24T12:14:10.671444+03:00,_0,15ae2e1d5817,E147 - Archiepiskopou Makariou III Ave,Agias Filaxeos,0
2026-07-24T09:09:34Z,2026-07-24T12:14:10.671444+03:00,_1,c774fd37f419,Agias Filaxeos,Agias Filaxeos,3
2026-07-24T09:09:34Z,2026-07-24T12:14:10.671444+03:00,_2,63ccf32fc28c,Agias Filaxeos,E110 - 1 Apriliou,0
2026-07-24T09:09:34Z,2026-07-24T12:14:10.671444+03:00,_3,b12402f32100,E110 - Agias Fylaxeos,E110 - 1 Apriliou,2
2026-07-24T09:09:34Z,2026-07-24T12:14:10.671444+03:00,_4,ea9f82118c36,E110 - Agias Fylaxeos,E110 - 1 Apriliou,3
2026-07-24T09:09:34Z,2026-07-24T12:14:10.671444+03:00,_5,83ed367abdbb,E110 - Agias Fylaxeos,E110,0
2026-07-24T09:09:34Z,2026-07-24T12:14:10.671444+03:00,_0,72b03ff9b5bc,E110,E110 - Agias Fylaxeos,0
2026-07-24T09:09:34Z,2026-07-24T12:14:10.671444+03:00,_1,e50ca2ecb1e0,E110 - 1 Apriliou,,2
2026-07-24T09:09:34Z,2026-07-24T12:14:10.671444+03:00,_2,641f0c228594,E110 - Agias Fylaxeos,Agias Filaxeos,0
2026-07-24T09:09:34Z,2026-07-24T12:14:10.671444+03:00,_3,ae6a60405d34,Vasileos Georgiou II,E147 - Archiepiskopou Makariou III Ave,2
2026-07-24T09:09:34Z,2026-07-24T12:14:10.671444+03:00,_0,06afc6492b14,Exit 24 >E127 Germasogeia / E113 Lemesos-Centre,Germasogeia,2
2026-07-24T09:09:34Z,2026-07-24T12:14:10.671444+03:00,_1,3e1d75b9e16e,Agios Athanasios,"to A6 > Pafos, Pafos Airport",0
2026-07-24T09:20:02Z,2026-07-24T12:24:39.220364+03:00,_0,d42abe0fedf4,E147 - Archiepiskopou Makariou III Ave,Agias Filaxeos,0
2026-07-24T09:20:02Z,2026-07-24T12:24:39.220364+03:00,_1,700992b34102,Agias Filaxeos,Agias Filaxeos,3
2026-07-24T09:20:02Z,2026-07-24T12:24:39.220364+03:00,_2,bbd3d4041441,Agias Filaxeos,Agias Filaxeos,0
2026-07-24T09:20:02Z,2026-07-24T12:24:39.220364+03:00,_3,a4260c51b19c,Steliou Kyriakidi,,3
2026-07-24T09:20:02Z,2026-07-24T12:24:39.220364+03:00,_4,c0517c09c155,Agias Filaxeos,E110 - 1 Apriliou,0
2026-07-24T09:20:02Z,2026-07-24T12:24:39.220364+03:00,_5,f71d0191915f,E110 - Agias Fylaxeos,E110 - 1 Apriliou,1
2026-07-24T09:20:02Z,2026-07-24T12:24:39.220364+03:00,_6,ef61e364a6cf,E110 - Agias Fylaxeos,E110,0
2026-07-24T09:20:02Z,2026-07-24T12:24:39.220364+03:00,_0,5605f34ad0da,E110,E147 - Archiepiskopou Makariou III Ave,0
2026-07-24T09:20:02Z,2026-07-24T12:24:39.220364+03:00,_1,676c339d8b55,Agias Filaxeos,E147 - Archiepiskopou Makariou III Ave,3
2026-07-24T09:30:06Z,2026-07-24T12:34:43.247105+03:00,_0,26ee8f360113,E147 - Archiepiskopou Makariou III Ave,Apostolon Petrou kai Pavlou,0
2026-07-24T09:30:06Z,2026-07-24T12:34:43.247105+03:00,_1,d309bae8d50e,E147 - Archiepiskopou Makariou III Ave,Vasileos Georgiou II,2
2026-07-24T09:30:06Z,2026-07-24T12:34:43.247105+03:00,_2,bbd3d4041441,Agias Filaxeos,Agias Filaxeos,0
2026-07-24T09:30:06Z,2026-07-24T12:34:43.247105+03:00,_3,a4260c51b19c,Steliou Kyriakidi,,3
2026-07-24T09:30:06Z,2026-07-24T12:34:43.247105+03:00,_4,c0517c09c155,Agias Filaxeos,E110 - 1 Apriliou,0
2026-07-24T09:30:06Z,2026-07-24T12:34:43.247105+03:00,_5,4ad14adb1468,E110 - Agias Fylaxeos,E110 - 1 Apriliou,1
2026-07-24T09:30:06Z,2026-07-24T12:34:43.247105+03:00,_6,ce85e68ac594,E110 - Agias Fylaxeos,E110,0
2026-07-24T09:30:06Z,2026-07-24T12:34:43.247105+03:00,_0,9d9c5ba3be2a,E110,E147 - Archiepiskopou Makariou III Ave,0
2026-07-24T09:30:06Z,2026-07-24T12:34:43.247105+03:00,_1,535964c57235,Apostolon Petrou kai Pavlou,E147 - Archiepiskopou Makariou III Ave,2
2026-07-24T09:40:11Z,2026-07-24T12:44:52.244807+03:00,_0,807a263ccec7,E147 - Archiepiskopou Makariou III Ave,Agias Filaxeos,0
2026-07-24T09:40:11Z,2026-07-24T12:44:52.244807+03:00,_1,a4260c51b19c,Steliou Kyriakidi,,3
2026-07-24T09:40:11Z,2026-07-24T12:44:52.244807+03:00,_2,f5f94ff22484,Agias Filaxeos,E110,0
2026-07-24T09:40:11Z,2026-07-24T12:44:52.244807+03:00,_0,6eb3033e950e,E110,E147 - Archiepiskopou Makariou III Ave,0
2026-07-24T09:40:11Z,2026-07-24T12:44:52.244807+03:00,_1,88697bca4b53,Agias Filaxeos,E147 - Archiepiskopou Makariou III Ave,3
2026-07-24T09:50:18Z,2026-07-24T12:54:55.506655+03:00,_0,e32be8ebc438,E147 - Archiepiskopou Makariou III Ave,Agiou Artemiou,0
2026-07-24T09:50:18Z,2026-07-24T12:54:55.506655+03:00,_1,01dc4c8513cc,E147 - Archiepiskopou Makariou III Ave,Vasileos Georgiou II,2
2026-07-24T09:50:18Z,2026-07-24T12:54:55.506655+03:00,_2,bbd3d4041441,Agias Filaxeos,Agias Filaxeos,0
2026-07-24T09:50:18Z,2026-07-24T12:54:55.506655+03:00,_3,a4260c51b19c,Steliou Kyriakidi,,3
2026-07-24T09:50:18Z,2026-07-24T12:54:55.506655+03:00,_4,f5f94ff22484,Agias Filaxeos,E110,0
2026-07-24T09:50:18Z,2026-07-24T12:54:55.506655+03:00,_0,acb430b8e822,Strovolos,Archiepiskopou Makariou III Ave,0
2026-07-24T09:50:18Z,2026-07-24T12:54:55.506655+03:00,_1,394713f228bd,Lemesou Ave,Lemesou Ave,2
2026-07-24T09:50:18Z,2026-07-24T12:54:55.506655+03:00,_0,72b03ff9b5bc,E110,E110 - Agias Fylaxeos,0
2026-07-24T09:50:18Z,2026-07-24T12:54:55.506655+03:00,_1,e50ca2ecb1e0,E110 - 1 Apriliou,,2
2026-07-24T09:50:18Z,2026-07-24T12:54:55.506655+03:00,_2,1967c9daaccd,E110 - Agias Fylaxeos,E147 - Archiepiskopou Makariou III Ave,0
2026-07-24T09:50:18Z,2026-07-24T12:54:55.506655+03:00,_3,88697bca4b53,Agias Filaxeos,E147 - Archiepiskopou Makariou III Ave,3
2026-07-24T09:50:18Z,2026-07-24T12:54:55.506655+03:00,_0,6311136a7b90,,Archiepiskopou Makariou III Ave,0
2026-07-24T09:50:18Z,2026-07-24T12:54:55.506655+03:00,_1,6efde239cabf,Lemesou Ave,Archiepiskopou Makariou III Ave,2
2026-07-24T09:50:18Z,2026-07-24T12:54:55.506655+03:00,_2,8fab7dfc83f0,Lemesou Ave,Evagorou Ave,0
2026-07-24T10:00:22Z,2026-07-24T13:04:59.281148+03:00,_0,044a01c053a4,E147 - Archiepiskopou Makariou III Ave,Agias Filaxeos,3
2026-07-24T10:00:22Z,2026-07-24T13:04:59.281148+03:00,_1,c600f51b74cd,Agias Filaxeos,Agias Filaxeos,0
2026-07-24T10:00:22Z,2026-07-24T13:04:59.281148+03:00,_2,c774fd37f419,Agias Filaxeos,Agias Filaxeos,2
2026-07-24T10:00:22Z,2026-07-24T13:04:59.281148+03:00,_3,bbd3d4041441,Agias Filaxeos,Agias Filaxeos,0
2026-07-24T10:00:22Z,2026-07-24T13:04:59.281148+03:00,_4,a4260c51b19c,Steliou Kyriakidi,,3
2026-07-24T10:00:22Z,2026-07-24T13:04:59.281148+03:00,_5,f5f94ff22484,Agias Filaxeos,E110,0
2026-07-24T10:00:22Z,2026-07-24T13:04:59.281148+03:00,_0,72b03ff9b5bc,E110,E110 - Agias Fylaxeos,0
2026-07-24T10:00:22Z,2026-07-24T13:04:59.281148+03:00,_1,e50ca2ecb1e0,E110 - 1 Apriliou,,2
2026-07-24T10:00:22Z,2026-07-24T13:04:59.281148+03:00,_2,1967c9daaccd,E110 - Agias Fylaxeos,E147 - Archiepiskopou Makariou III Ave,0
2026-07-24T10:00:22Z,2026-07-24T13:04:59.281148+03:00,_3,88697bca4b53,Agias Filaxeos,E147 - Archiepiskopou Makariou III Ave,3
2026-07-24T10:10:52Z,2026-07-24T13:15:29.274625+03:00,_0,044a01c053a4,E147 - Archiepiskopou Makariou III Ave,Agias Filaxeos,3
2026-07-24T10:10:52Z,2026-07-24T13:15:29.274625+03:00,_1,685e40d39505,Agias Filaxeos,Agias Filaxeos,0
2026-07-24T10:10:52Z,2026-07-24T13:15:29.274625+03:00,_2,12a40599afd2,Agias Filaxeos,Agias Filaxeos,2
2026-07-24T10:10:52Z,2026-07-24T13:15:29.274625+03:00,_3,62f9e9861a53,Agias Filaxeos,E110,0
2026-07-24T10:10:52Z,2026-07-24T13:15:29.274625+03:00,_0,6d57b843b1f9,Leoforos Strovolou,Ithakis,0
2026-07-24T10:10:52Z,2026-07-24T13:15:29.274625+03:00,_1,75b150514509,Eleftherias,Dimotikou Stadiou,2
2026-07-24T10:10:52Z,2026-07-24T13:15:29.274625+03:00,_2,df43d5a6895a,Ithakis,E902 - Proedrikou Megarou Ave,0
2026-07-24T10:21:21Z,2026-07-24T13:25:58.001742+03:00,_0,fff94a557d24,E110,Agias Filaxeos,0
2026-07-24T10:21:21Z,2026-07-24T13:25:58.001742+03:00,_1,5d2e643148d1,Vasileos Georgiou II,Agias Filaxeos,3
2026-07-24T10:21:21Z,2026-07-24T13:25:58.001742+03:00,_2,2525c21b7c01,Agias Filaxeos,Apostolon Petrou kai Pavlou,0
2026-07-24T10:21:21Z,2026-07-24T13:25:58.001742+03:00,_3,88697bca4b53,Agias Filaxeos,E147 - Archiepiskopou Makariou III Ave,2
2026-07-24T10:21:21Z,2026-07-24T13:25:58.001742+03:00,_0,ae30b662f2e1,E147 - Archiepiskopou Makariou III Ave,Agias Filaxeos,0
2026-07-24T10:21:21Z,2026-07-24T13:25:58.001742+03:00,_1,612525cf6303,Apostolon Petrou kai Pavlou,Vasileos Georgiou II,2
2026-07-24T10:21:21Z,2026-07-24T13:25:58.001742+03:00,_2,5b96a7cfee96,Agias Filaxeos,E110 - Agias Fylaxeos,0
2026-07-24T10:21:21Z,2026-07-24T13:25:58.001742+03:00,_3,6841a02a1258,,E110 - 1 Apriliou,2
2026-07-24T10:21:21Z,2026-07-24T13:25:58.001742+03:00,_4,f99b72a378a5,E110 - Agias Fylaxeos,E110,0
2026-07-24T10:21:21Z,2026-07-24T13:25:58.001742+03:00,_0,c7636f6313c5,,E1302 - Nikis Ave,0
2026-07-24T10:21:21Z,2026-07-24T13:25:58.001742+03:00,_1,910016111853,B18 - Georgiou Griva Digeni Ave,B18 - Georgiou Griva Digeni Ave,3
2026-07-24T10:21:21Z,2026-07-24T13:25:58.001742+03:00,_2,bbf67e32aa17,B18 - Georgiou Griva Digeni Ave,Evagorou Ave,0
2026-07-24T10:31:51Z,2026-07-24T13:36:27.868146+03:00,_0,6eb3033e950e,E110,E147 - Archiepiskopou Makariou III Ave,0
2026-07-24T10:31:51Z,2026-07-24T13:36:27.868146+03:00,_1,88697bca4b53,Agias Filaxeos,E147 - Archiepiskopou Makariou III Ave,2
2026-07-24T10:31:51Z,2026-07-24T13:36:27.868146+03:00,_0,90311137b0fc,E147 - Archiepiskopou Makariou III Ave,Agias Filaxeos,0
2026-07-24T10:31:51Z,2026-07-24T13:36:27.868146+03:00,_1,12a40599afd2,Agias Filaxeos,Agias Filaxeos,2
2026-07-24T10:31:51Z,2026-07-24T13:36:27.868146+03:00,_2,bbd3d4041441,Agias Filaxeos,Agias Filaxeos,0
2026-07-24T10:31:51Z,2026-07-24T13:36:27.868146+03:00,_3,a4260c51b19c,Steliou Kyriakidi,,4
2026-07-24T10:31:51Z,2026-07-24T13:36:27.868146+03:00,_4,f5f94ff22484,Agias Filaxeos,E110,0
2026-07-24T10:42:21Z,2026-07-24T13:46:58.517852+03:00,_0,6eb3033e950e,E110,E147 - Archiepiskopou Makariou III Ave,0
2026-07-24T10:42:21Z,2026-07-24T13:46:58.517852+03:00,_1,88697bca4b53,Agias Filaxeos,E147 - Archiepiskopou Makariou III Ave,3
2026-07-24T10:42:21Z,2026-07-24T13:46:58.517852+03:00,_0,ae30b662f2e1,E147 - Archiepiskopou Makariou III Ave,Agias Filaxeos,0
2026-07-24T10:42:21Z,2026-07-24T13:46:58.517852+03:00,_1,b93753726bd8,Apostolon Petrou kai Pavlou,Agias Filaxeos,1
2026-07-24T10:42:21Z,2026-07-24T13:46:58.517852+03:00,_2,4c079ad3c9b0,Agias Filaxeos,Agias Filaxeos,0
2026-07-24T10:42:21Z,2026-07-24T13:46:58.517852+03:00,_3,a4260c51b19c,Steliou Kyriakidi,,3
2026-07-24T10:42:21Z,2026-07-24T13:46:58.517852+03:00,_4,f5f94ff22484,Agias Filaxeos,E110,0
2026-07-24T10:52:50Z,2026-07-24T13:57:27.610795+03:00,_0,31c9b775d03b,E110,E110 - Agias Fylaxeos,0
2026-07-24T10:52:50Z,2026-07-24T13:57:27.610795+03:00,_1,9f80d2b8e678,E110 - 1 Apriliou,,2
2026-07-24T10:52:50Z,2026-07-24T13:57:27.610795+03:00,_2,7ddfe1676243,E110 - Agias Fylaxeos,E147 - Archiepiskopou Makariou III Ave,0
2026-07-24T10:52:50Z,2026-07-24T13:57:27.610795+03:00,_0,807a263ccec7,E147 - Archiepiskopou Makariou III Ave,Agias Filaxeos,0
2026-07-24T10:52:50Z,2026-07-24T13:57:27.610795+03:00,_1,a4260c51b19c,Steliou Kyriakidi,,3
2026-07-24T10:52:50Z,2026-07-24T13:57:27.610795+03:00,_2,f5f94ff22484,Agias Filaxeos,E110,0
2026-07-24T11:03:20Z,2026-07-24T14:07:56.714943+03:00,_0,72b03ff9b5bc,E110,E110 - Agias Fylaxeos,0
2026-07-24T11:03:20Z,2026-07-24T14:07:56.714943+03:00,_1,e50ca2ecb1e0,E110 - 1 Apriliou,,2
2026-07-24T11:03:20Z,2026-07-24T14:07:56.714943+03:00,_2,7ddfe1676243,E110 - Agias Fylaxeos,E147 - Archiepiskopou Makariou III Ave,0
2026-07-24T11:03:20Z,2026-07-24T14:07:56.714943+03:00,_0,807a263ccec7,E147 - Archiepiskopou Makariou III Ave,Agias Filaxeos,0
2026-07-24T11:03:20Z,2026-07-24T14:07:56.714943+03:00,_1,a4260c51b19c,Steliou Kyriakidi,,4
2026-07-24T11:03:20Z,2026-07-24T14:07:56.714943+03:00,_2,f5f94ff22484,Agias Filaxeos,E110,0
2026-07-24T11:03:20Z,2026-07-24T14:07:56.714943+03:00,_0,1903b2559960,,Archiepiskopou Makariou III Ave,0
2026-07-24T11:03:20Z,2026-07-24T14:07:56.714943+03:00,_1,660d388bb733,Lemesou Ave,Archiepiskopou Makariou III Ave,2
2026-07-24T11:03:20Z,2026-07-24T14:07:56.714943+03:00,_2,8fab7dfc83f0,Lemesou Ave,Evagorou Ave,0
2026-07-24T11:13:50Z,2026-07-24T14:18:27.006129+03:00,_0,431f99d1e0ab,E110,E110 - Agias Fylaxeos,0
2026-07-24T11:13:50Z,2026-07-24T14:18:27.006129+03:00,_1,b8e1983f3a68,E110 - Agias Fylaxeos,,2
2026-07-24T11:13:50Z,2026-07-24T14:18:27.006129+03:00,_2,7ddfe1676243,E110 - Agias Fylaxeos,E147 - Archiepiskopou Makariou III Ave,0
2026-07-24T11:13:50Z,2026-07-24T14:18:27.006129+03:00,_0,807a263ccec7,E147 - Archiepiskopou Makariou III Ave,Agias Filaxeos,0
2026-07-24T11:13:50Z,2026-07-24T14:18:27.006129+03:00,_1,a4260c51b19c,Steliou Kyriakidi,,4
2026-07-24T11:13:50Z,2026-07-24T14:18:27.006129+03:00,_2,f5f94ff22484,Agias Filaxeos,E110,0
2026-07-24T11:13:50Z,2026-07-24T14:18:27.006129+03:00,_0,1903b2559960,,Archiepiskopou Makariou III Ave,0
2026-07-24T11:13:50Z,2026-07-24T14:18:27.006129+03:00,_1,660d388bb733,Lemesou Ave,Archiepiskopou Makariou III Ave,3
2026-07-24T11:13:50Z,2026-07-24T14:18:27.006129+03:00,_2,8fab7dfc83f0,Lemesou Ave,Evagorou Ave,0
2026-07-24T11:14:46Z,2026-07-24T14:18:27.006129+03:00,_0,431f99d1e0ab,E110,E110 - Agias Fylaxeos,0
2026-07-24T11:14:46Z,2026-07-24T14:18:27.006129+03:00,_1,b8e1983f3a68,E110 - Agias Fylaxeos,,2
2026-07-24T11:14:46Z,2026-07-24T14:18:27.006129+03:00,_2,7ddfe1676243,E110 - Agias Fylaxeos,E147 - Archiepiskopou Makariou III Ave,0
2026-07-24T11:14:46Z,2026-07-24T14:18:27.006129+03:00,_0,807a263ccec7,E147 - Archiepiskopou Makariou III Ave,Agias Filaxeos,0
2026-07-24T11:14:46Z,2026-07-24T14:18:27.006129+03:00,_1,a4260c51b19c,Steliou Kyriakidi,,4
2026-07-24T11:14:46Z,2026-07-24T14:18:27.006129+03:00,_2,f5f94ff22484,Agias Filaxeos,E110,0
2026-07-24T11:14:46Z,2026-07-24T14:18:27.006129+03:00,_0,1903b2559960,,Archiepiskopou Makariou III Ave,0
2026-07-24T11:14:46Z,2026-07-24T14:18:27.006129+03:00,_1,660d388bb733,Lemesou Ave,Archiepiskopou Makariou III Ave,3
2026-07-24T11:14:46Z,2026-07-24T14:18:27.006129+03:00,_2,8fab7dfc83f0,Lemesou Ave,Evagorou Ave,0
2026-07-24T11:25:14Z,2026-07-24T14:29:51.096162+03:00,_0,715f7741c600,E110,E110 - Agias Fylaxeos,0
2026-07-24T11:25:14Z,2026-07-24T14:29:51.096162+03:00,_1,60b8e56d084a,E110 - Agias Fylaxeos,,2
2026-07-24T11:25:14Z,2026-07-24T14:29:51.096162+03:00,_2,2cf75439c171,E110 - Agias Fylaxeos,E147 - Archiepiskopou Makariou III Ave,0
2026-07-24T11:25:14Z,2026-07-24T14:29:51.096162+03:00,_0,807a263ccec7,E147 - Archiepiskopou Makariou III Ave,Agias Filaxeos,0
2026-07-24T11:25:14Z,2026-07-24T14:29:51.096162+03:00,_1,a4260c51b19c,Steliou Kyriakidi,,3
2026-07-24T11:25:14Z,2026-07-24T14:29:51.096162+03:00,_2,f5f94ff22484,Agias Filaxeos,E110,0
2026-07-24T11:25:14Z,2026-07-24T14:29:51.096162+03:00,_0,1903b2559960,,Archiepiskopou Makariou III Ave,0
2026-07-24T11:25:14Z,2026-07-24T14:29:51.096162+03:00,_1,660d388bb733,Lemesou Ave,Archiepiskopou Makariou III Ave,2
2026-07-24T11:25:14Z,2026-07-24T14:29:51.096162+03:00,_2,8fab7dfc83f0,Lemesou Ave,Evagorou Ave,0
2026-07-24T11:35:43Z,2026-07-24T14:40:20.389947+03:00,_0,acb430b8e822,Strovolos,Archiepiskopou Makariou III Ave,0
2026-07-24T11:35:43Z,2026-07-24T14:40:20.389947+03:00,_1,394713f228bd,Lemesou Ave,Lemesou Ave,2
2026-07-24T11:35:43Z,2026-07-24T14:40:20.389947+03:00,_0,6311136a7b90,,Archiepiskopou Makariou III Ave,0
2026-07-24T11:35:43Z,2026-07-24T14:40:20.389947+03:00,_1,6efde239cabf,Lemesou Ave,Archiepiskopou Makariou III Ave,2
2026-07-24T11:35:43Z,2026-07-24T14:40:20.389947+03:00,_2,8fab7dfc83f0,Lemesou Ave,Evagorou Ave,0
2026-07-24T11:45:51Z,2026-07-24T14:50:28.553102+03:00,_0,fe72ea2b224f,Strovolos,Lemesou Ave,0
2026-07-24T11:45:51Z,2026-07-24T14:50:28.553102+03:00,_1,16a08779ce14,Strovolos,Lemesou Ave,3
2026-07-24T11:45:51Z,2026-07-24T14:50:28.553102+03:00,_2,a8737a3f445c,A1,E164 - Armenias,0
2026-07-24T11:45:51Z,2026-07-24T14:50:28.553102+03:00,_3,c57daf65c80e,Lemesou Ave,Archiepiskopou Makariou III Ave,2
2026-07-24T11:45:51Z,2026-07-24T14:50:28.553102+03:00,_0,807a263ccec7,E147 - Archiepiskopou Makariou III Ave,Agias Filaxeos,0
2026-07-24T11:45:51Z,2026-07-24T14:50:28.553102+03:00,_1,a4260c51b19c,Steliou Kyriakidi,,3
2026-07-24T11:45:51Z,2026-07-24T14:50:28.553102+03:00,_2,f5f94ff22484,Agias Filaxeos,E110,0
2026-07-24T11:45:51Z,2026-07-24T14:50:28.553102+03:00,_0,d0dc64f54734,,Lemesou Ave,0
2026-07-24T11:45:51Z,2026-07-24T14:50:28.553102+03:00,_1,16a08779ce14,Strovolos,Lemesou Ave,3
2026-07-24T11:45:51Z,2026-07-24T14:50:28.553102+03:00,_2,a8737a3f445c,A1,E164 - Armenias,0
2026-07-24T11:45:51Z,2026-07-24T14:50:28.553102+03:00,_3,43f05193c4b0,Lemesou Ave,Archiepiskopou Makariou III Ave,2
2026-07-24T11:45:51Z,2026-07-24T14:50:28.553102+03:00,_4,d7c6c735ba17,Lemesou Ave,B18 - Georgiou Griva Digeni Ave,0
2026-07-24T11:45:51Z,2026-07-24T14:50:28.553102+03:00,_5,7c1a88e2db2c,Archiepiskopou Makariou III Ave,E1302 - Nikis Ave,4
2026-07-24T11:45:51Z,2026-07-24T14:50:28.553102+03:00,_6,53725b50c7e6,B18 - Georgiou Griva Digeni Ave,Evagorou Ave,0
2026-07-24T11:45:51Z,2026-07-24T14:50:28.553102+03:00,_0,b03513dd6d58,Leoforos Strovolou,E902 - Proedrikou Megarou Ave,0
2026-07-24T11:45:51Z,2026-07-24T14:50:28.553102+03:00,_1,c04a316c4fdd,Strovolou Ave,E902 - Proedrikou Megarou Ave,3
2026-07-24T11:45:51Z,2026-07-24T14:50:28.553102+03:00,_2,c6ac6530f2b9,Strovolou Ave,E902 - Proedrikou Megarou Ave,0
2026-07-24T11:55:56Z,2026-07-24T15:00:34.351233+03:00,_0,fe72ea2b224f,Strovolos,Lemesou Ave,0
2026-07-24T11:55:56Z,2026-07-24T15:00:34.351233+03:00,_1,1c3025f6d361,Strovolos,Lemesou Ave,4
2026-07-24T11:55:56Z,2026-07-24T15:00:34.351233+03:00,_2,7c50b274239b,Aglantzia,E164 - Armenias,0
2026-07-24T11:55:56Z,2026-07-24T15:00:34.351233+03:00,_3,c57daf65c80e,Lemesou Ave,Archiepiskopou Makariou III Ave,3
2026-07-24T11:55:56Z,2026-07-24T15:00:34.351233+03:00,_0,68ba8c9365ac,Exit 24 >E127 Germasogeia / E113 Lemesos-Centre,Germasogeia,0
2026-07-24T11:55:56Z,2026-07-24T15:00:34.351233+03:00,_1,ce32023c9f0b,Germasogeia,Germasogeia,1
2026-07-24T11:55:56Z,2026-07-24T15:00:34.351233+03:00,_2,3e1d75b9e16e,Agios Athanasios,"to A6 > Pafos, Pafos Airport",0
2026-07-24T11:55:56Z,2026-07-24T15:00:34.351233+03:00,_0,807a263ccec7,E147 - Archiepiskopou Makariou III Ave,Agias Filaxeos,0
2026-07-24T11:55:56Z,2026-07-24T15:00:34.351233+03:00,_1,a4260c51b19c,Steliou Kyriakidi,,3
2026-07-24T11:55:56Z,2026-07-24T15:00:34.351233+03:00,_2,8a9fef0765eb,Agias Filaxeos,E110 - Eleftherias,0
2026-07-24T11:55:56Z,2026-07-24T15:00:34.351233+03:00,_3,db98c9d0a2e0,E110 - 1 Apriliou,E110 - 1 Apriliou,3
2026-07-24T11:55:56Z,2026-07-24T15:00:34.351233+03:00,_4,c97b954fcb12,E110 - 1 Apriliou,E110,0
2026-07-24T11:55:56Z,2026-07-24T15:00:34.351233+03:00,_0,d0dc64f54734,,Lemesou Ave,0
2026-07-24T11:55:56Z,2026-07-24T15:00:34.351233+03:00,_1,1c3025f6d361,Strovolos,Lemesou Ave,4
2026-07-24T11:55:56Z,2026-07-24T15:00:34.351233+03:00,_2,7c50b274239b,Aglantzia,E164 - Armenias,0
2026-07-24T11:55:56Z,2026-07-24T15:00:34.351233+03:00,_3,43f05193c4b0,Lemesou Ave,Archiepiskopou Makariou III Ave,3
2026-07-24T11:55:56Z,2026-07-24T15:00:34.351233+03:00,_4,585aa61a46fa,Lemesou Ave,B18 - Digeni Akrita Ave,0
2026-07-24T11:55:56Z,2026-07-24T15:00:34.351233+03:00,_5,055237d5336a,Archiepiskopou Makariou III Ave,B18 - Georgiou Griva Digeni Ave,3
2026-07-24T11:55:56Z,2026-07-24T15:00:34.351233+03:00,_6,7c1a88e2db2c,Archiepiskopou Makariou III Ave,E1302 - Nikis Ave,4
2026-07-24T11:55:56Z,2026-07-24T15:00:34.351233+03:00,_7,53725b50c7e6,B18 - Georgiou Griva Digeni Ave,Evagorou Ave,0
2026-07-24T11:55:56Z,2026-07-24T15:00:34.351233+03:00,_0,96a33da4f8ff,Leoforos Strovolou,E902 - Proedrikou Megarou Ave,0
2026-07-24T11:55:56Z,2026-07-24T15:00:34.351233+03:00,_1,1e7665234fdc,Strovolou Ave,E902 - Proedrikou Megarou Ave,3
2026-07-24T11:55:56Z,2026-07-24T15:00:34.351233+03:00,_2,c6ac6530f2b9,Strovolou Ave,E902 - Proedrikou Megarou Ave,0
2026-07-24T12:06:03Z,2026-07-24T15:10:41.658699+03:00,_0,fe72ea2b224f,Strovolos,Lemesou Ave,0
2026-07-24T12:06:03Z,2026-07-24T15:10:41.658699+03:00,_1,1c3025f6d361,Strovolos,Lemesou Ave,3
2026-07-24T12:06:03Z,2026-07-24T15:10:41.658699+03:00,_2,7c50b274239b,Aglantzia,E164 - Armenias,0
2026-07-24T12:06:03Z,2026-07-24T15:10:41.658699+03:00,_3,c57daf65c80e,Lemesou Ave,Archiepiskopou Makariou III Ave,3
2026-07-24T12:06:03Z,2026-07-24T15:10:41.658699+03:00,_0,377a3d877abc,Exit 24 >E127 Germasogeia / E113 Lemesos-Centre,Agios Athanasios,2
2026-07-24T12:06:03Z,2026-07-24T15:10:41.658699+03:00,_1,e532d87a661f,Mesa Geitonia,"to A6 > Pafos, Pafos Airport",0
2026-07-24T12:06:03Z,2026-07-24T15:10:41.658699+03:00,_0,807a263ccec7,E147 - Archiepiskopou Makariou III Ave,Agias Filaxeos,0
2026-07-24T12:06:03Z,2026-07-24T15:10:41.658699+03:00,_1,a4260c51b19c,Steliou Kyriakidi,,3
2026-07-24T12:06:03Z,2026-07-24T15:10:41.658699+03:00,_2,f5f94ff22484,Agias Filaxeos,E110,0
2026-07-24T12:06:03Z,2026-07-24T15:10:41.658699+03:00,_0,d0dc64f54734,,Lemesou Ave,0
2026-07-24T12:06:03Z,2026-07-24T15:10:41.658699+03:00,_1,1c3025f6d361,Strovolos,Lemesou Ave,3
2026-07-24T12:06:03Z,2026-07-24T15:10:41.658699+03:00,_2,7c50b274239b,Aglantzia,E164 - Armenias,0
2026-07-24T12:06:03Z,2026-07-24T15:10:41.658699+03:00,_3,43f05193c4b0,Lemesou Ave,Archiepiskopou Makariou III Ave,3
2026-07-24T12:06:03Z,2026-07-24T15:10:41.658699+03:00,_4,216090995857,Lemesou Ave,B18 - Digeni Akrita Ave,0
2026-07-24T12:06:03Z,2026-07-24T15:10:41.658699+03:00,_5,95344851cee7,Archiepiskopou Makariou III Ave,B18 - Georgiou Griva Digeni Ave,3
2026-07-24T12:06:03Z,2026-07-24T15:10:41.658699+03:00,_6,7c1a88e2db2c,Archiepiskopou Makariou III Ave,E1302 - Nikis Ave,4
2026-07-24T12:06:03Z,2026-07-24T15:10:41.658699+03:00,_7,53725b50c7e6,B18 - Georgiou Griva Digeni Ave,Evagorou Ave,0
2026-07-24T12:06:03Z,2026-07-24T15:10:41.658699+03:00,_0,f318db9e6dda,Leoforos Strovolou,E902 - Proedrikou Megarou Ave,0
2026-07-24T12:06:03Z,2026-07-24T15:10:41.658699+03:00,_1,27e6462ca64f,Strovolou Ave,Strovolou Ave,1
2026-07-24T12:06:03Z,2026-07-24T15:10:41.658699+03:00,_2,3630a0758b3b,Strovolou Ave,E902 - Proedrikou Megarou Ave,2
2026-07-24T12:06:03Z,2026-07-24T15:10:41.658699+03:00,_3,96c3ee6a9698,Strovolou Ave,E902 - Proedrikou Megarou Ave,0
2026-07-24T12:16:36Z,2026-07-24T15:21:13.003018+03:00,_0,69fc3b9dbbdd,Strovolos,Archiepiskopou Makariou III Ave,0
2026-07-24T12:16:36Z,2026-07-24T15:21:13.003018+03:00,_1,c57daf65c80e,Lemesou Ave,Archiepiskopou Makariou III Ave,3
2026-07-24T12:16:36Z,2026-07-24T15:21:13.003018+03:00,_0,377a3d877abc,Exit 24 >E127 Germasogeia / E113 Lemesos-Centre,Agios Athanasios,2
2026-07-24T12:16:36Z,2026-07-24T15:21:13.003018+03:00,_1,5766eeecc240,Mesa Geitonia,A6,0
2026-07-24T12:16:36Z,2026-07-24T15:21:13.003018+03:00,_2,d7af27493189,A1,Kato Polemidia,1
2026-07-24T12:16:36Z,2026-07-24T15:21:13.003018+03:00,_3,35c11bfdc6c5,A1,"to A6 > Pafos, Pafos Airport",0
2026-07-24T12:16:36Z,2026-07-24T15:21:13.003018+03:00,_0,807a263ccec7,E147 - Archiepiskopou Makariou III Ave,Agias Filaxeos,0
2026-07-24T12:16:36Z,2026-07-24T15:21:13.003018+03:00,_1,a4260c51b19c,Steliou Kyriakidi,,4
2026-07-24T12:16:36Z,2026-07-24T15:21:13.003018+03:00,_2,f5f94ff22484,Agias Filaxeos,E110,0
2026-07-24T12:16:36Z,2026-07-24T15:21:13.003018+03:00,_0,daca33dbcb0d,,Archiepiskopou Makariou III Ave,0
2026-07-24T12:16:36Z,2026-07-24T15:21:13.003018+03:00,_1,43f05193c4b0,Lemesou Ave,Archiepiskopou Makariou III Ave,3
2026-07-24T12:16:36Z,2026-07-24T15:21:13.003018+03:00,_2,a0e4b80d6127,Lemesou Ave,B18 - Digeni Akrita Ave,0
2026-07-24T12:16:36Z,2026-07-24T15:21:13.003018+03:00,_3,91e0ca017d2b,Archiepiskopou Makariou III Ave,B18 - Georgiou Griva Digeni Ave,4
2026-07-24T12:16:36Z,2026-07-24T15:21:13.003018+03:00,_4,bbf67e32aa17,B18 - Georgiou Griva Digeni Ave,Evagorou Ave,0
2026-07-24T12:16:36Z,2026-07-24T15:21:13.003018+03:00,_0,b03513dd6d58,Leoforos Strovolou,E902 - Proedrikou Megarou Ave,0
2026-07-24T12:16:36Z,2026-07-24T15:21:13.003018+03:00,_1,c04a316c4fdd,Strovolou Ave,E902 - Proedrikou Megarou Ave,3
2026-07-24T12:16:36Z,2026-07-24T15:21:13.003018+03:00,_2,c6ac6530f2b9,Strovolou Ave,E902 - Proedrikou Megarou Ave,0
2026-07-24T12:26:41Z,2026-07-24T15:31:18.331329+03:00,_0,69fc3b9dbbdd,Strovolos,Archiepiskopou Makariou III Ave,0
2026-07-24T12:26:41Z,2026-07-24T15:31:18.331329+03:00,_1,c57daf65c80e,Lemesou Ave,Archiepiskopou Makariou III Ave,2
2026-07-24T12:26:41Z,2026-07-24T15:31:18.331329+03:00,_0,377a3d877abc,Exit 24 >E127 Germasogeia / E113 Lemesos-Centre,Agios Athanasios,2
2026-07-24T12:26:41Z,2026-07-24T15:31:18.331329+03:00,_1,e532d87a661f,Mesa Geitonia,"to A6 > Pafos, Pafos Airport",0
2026-07-24T12:26:41Z,2026-07-24T15:31:18.331329+03:00,_0,807a263ccec7,E147 - Archiepiskopou Makariou III Ave,Agias Filaxeos,0
2026-07-24T12:26:41Z,2026-07-24T15:31:18.331329+03:00,_1,a4260c51b19c,Steliou Kyriakidi,,3
2026-07-24T12:26:41Z,2026-07-24T15:31:18.331329+03:00,_2,8a9fef0765eb,Agias Filaxeos,E110 - Eleftherias,0
2026-07-24T12:26:41Z,2026-07-24T15:31:18.331329+03:00,_3,db98c9d0a2e0,E110 - 1 Apriliou,E110 - 1 Apriliou,2
2026-07-24T12:26:41Z,2026-07-24T15:31:18.331329+03:00,_4,c97b954fcb12,E110 - 1 Apriliou,E110,0
2026-07-24T12:26:41Z,2026-07-24T15:31:18.331329+03:00,_0,daca33dbcb0d,,Archiepiskopou Makariou III Ave,0
2026-07-24T12:26:41Z,2026-07-24T15:31:18.331329+03:00,_1,43f05193c4b0,Lemesou Ave,Archiepiskopou Makariou III Ave,2
2026-07-24T12:26:41Z,2026-07-24T15:31:18.331329+03:00,_2,5b037bbaa992,Lemesou Ave,Archiepiskopou Makariou III Ave,0
2026-07-24T12:26:41Z,2026-07-24T15:31:18.331329+03:00,_3,98db6547b41f,Archiepiskopou Makariou III Ave,E1302 - Nikis Ave,3
2026-07-24T12:26:41Z,2026-07-24T15:31:18.331329+03:00,_4,7e57e706db25,Archiepiskopou Makariou III Ave,Evagorou Ave,0
2026-07-24T12:26:41Z,2026-07-24T15:31:18.331329+03:00,_0,b03513dd6d58,Leoforos Strovolou,E902 - Proedrikou Megarou Ave,0
2026-07-24T12:26:41Z,2026-07-24T15:31:18.331329+03:00,_1,c04a316c4fdd,Strovolou Ave,E902 - Proedrikou Megarou Ave,3
2026-07-24T12:26:41Z,2026-07-24T15:31:18.331329+03:00,_2,c6ac6530f2b9,Strovolou Ave,E902 - Proedrikou Megarou Ave,0
2026-07-24T12:36:46Z,2026-07-24T15:41:23.914773+03:00,_0,5b27c50fa078,Strovolos,Archiepiskopou Makariou III Ave,0
2026-07-24T12:36:46Z,2026-07-24T15:41:23.914773+03:00,_1,8b530b355b26,Lemesou Ave,Archiepiskopou Makariou III Ave,3
2026-07-24T12:36:46Z,2026-07-24T15:41:23.914773+03:00,_0,22ab44e87e33,Exit 24 >E127 Germasogeia / E113 Lemesos-Centre,Agios Athanasios,3
2026-07-24T12:36:46Z,2026-07-24T15:41:23.914773+03:00,_1,d543869c3a59,Agios Athanasios,"to A6 > Pafos, Pafos Airport",0
2026-07-24T12:36:46Z,2026-07-24T15:41:23.914773+03:00,_0,807a263ccec7,E147 - Archiepiskopou Makariou III Ave,Agias Filaxeos,0
2026-07-24T12:36:46Z,2026-07-24T15:41:23.914773+03:00,_1,a4260c51b19c,Steliou Kyriakidi,,3
2026-07-24T12:36:46Z,2026-07-24T15:41:23.914773+03:00,_2,f5f94ff22484,Agias Filaxeos,E110,0
2026-07-24T12:36:46Z,2026-07-24T15:41:23.914773+03:00,_0,cdd9246a055f,E110,E147 - Archiepiskopou Makariou III Ave,0
2026-07-24T12:36:46Z,2026-07-24T15:41:23.914773+03:00,_1,f8a1b1df72c7,Apostolon Petrou kai Pavlou,E147 - Archiepiskopou Makariou III Ave,3
2026-07-24T12:36:46Z,2026-07-24T15:41:23.914773+03:00,_0,39864853c88c,,Archiepiskopou Makariou III Ave,0
2026-07-24T12:36:46Z,2026-07-24T15:41:23.914773+03:00,_1,3dec49aff703,Lemesou Ave,Archiepiskopou Makariou III Ave,3
2026-07-24T12:36:46Z,2026-07-24T15:41:23.914773+03:00,_2,67c79358f4f3,Lemesou Ave,B18 - Digeni Akrita Ave,0
2026-07-24T12:36:46Z,2026-07-24T15:41:23.914773+03:00,_3,38e09e47f840,Archiepiskopou Makariou III Ave,B18 - Georgiou Griva Digeni Ave,3
2026-07-24T12:36:46Z,2026-07-24T15:41:23.914773+03:00,_4,e1beab30434a,Archiepiskopou Makariou III Ave,Evagorou Ave,0
2026-07-24T12:36:46Z,2026-07-24T15:41:23.914773+03:00,_0,b03513dd6d58,Leoforos Strovolou,E902 - Proedrikou Megarou Ave,0
2026-07-24T12:36:46Z,2026-07-24T15:41:23.914773+03:00,_1,c04a316c4fdd,Strovolou Ave,E902 - Proedrikou Megarou Ave,3
2026-07-24T12:36:46Z,2026-07-24T15:41:23.914773+03:00,_2,c6ac6530f2b9,Strovolou Ave,E902 - Proedrikou Megarou Ave,0
2026-07-24T12:46:53Z,2026-07-24T15:51:30.796259+03:00,_0,69fc3b9dbbdd,Strovolos,Archiepiskopou Makariou III Ave,0
2026-07-24T12:46:53Z,2026-07-24T15:51:30.796259+03:00,_1,c57daf65c80e,Lemesou Ave,Archiepiskopou Makariou III Ave,3
2026-07-24T12:46:53Z,2026-07-24T15:51:30.796259+03:00,_0,db379abb1dc7,Spyrou Kyprianou Ave,Spyrou Kyprianou Ave,0
2026-07-24T12:46:53Z,2026-07-24T15:51:30.796259+03:00,_1,d485409681ec,Spyrou Kyprianou Ave,Spyrou Kyprianou Ave,3
2026-07-24T12:46:53Z,2026-07-24T15:51:30.796259+03:00,_2,b16f06e86626,Spyrou Kyprianou Ave,Spyrou Kyprianou Ave,0
2026-07-24T12:46:53Z,2026-07-24T15:51:30.796259+03:00,_0,f2e7dbbab450,Exit 24 >E127 Germasogeia / E113 Lemesos-Centre,Mesa Geitonia,3
2026-07-24T12:46:53Z,2026-07-24T15:51:30.796259+03:00,_1,0df26c3b855b,Lemesos,"to A6 > Pafos, Pafos Airport",0
2026-07-24T12:46:53Z,2026-07-24T15:51:30.796259+03:00,_0,e32be8ebc438,E147 - Archiepiskopou Makariou III Ave,Agiou Artemiou,0
2026-07-24T12:46:53Z,2026-07-24T15:51:30.796259+03:00,_1,01dc4c8513cc,E147 - Archiepiskopou Makariou III Ave,Vasileos Georgiou II,2
2026-07-24T12:46:53Z,2026-07-24T15:51:30.796259+03:00,_2,bbd3d4041441,Agias Filaxeos,Agias Filaxeos,0
2026-07-24T12:46:53Z,2026-07-24T15:51:30.796259+03:00,_3,a4260c51b19c,Steliou Kyriakidi,,3
2026-07-24T12:46:53Z,2026-07-24T15:51:30.796259+03:00,_4,f5f94ff22484,Agias Filaxeos,E110,0
2026-07-24T12:46:53Z,2026-07-24T15:51:30.796259+03:00,_0,0160eeb5c4a6,E110,E110 - Agias Fylaxeos,0
2026-07-24T12:46:53Z,2026-07-24T15:51:30.796259+03:00,_1,a70c5abc879e,E110 - Agias Fylaxeos,,3
2026-07-24T12:46:53Z,2026-07-24T15:51:30.796259+03:00,_2,ba303cdd0098,E110 - Agias Fylaxeos,E147 - Archiepiskopou Makariou III Ave,0
2026-07-24T12:46:53Z,2026-07-24T15:51:30.796259+03:00,_3,f8a1b1df72c7,Apostolon Petrou kai Pavlou,E147 - Archiepiskopou Makariou III Ave,3
2026-07-24T12:46:53Z,2026-07-24T15:51:30.796259+03:00,_0,daca33dbcb0d,,Archiepiskopou Makariou III Ave,0
2026-07-24T12:46:53Z,2026-07-24T15:51:30.796259+03:00,_1,43f05193c4b0,Lemesou Ave,Archiepiskopou Makariou III Ave,3
2026-07-24T12:46:53Z,2026-07-24T15:51:30.796259+03:00,_2,8fab7dfc83f0,Lemesou Ave,Evagorou Ave,0
2026-07-24T12:46:53Z,2026-07-24T15:51:30.796259+03:00,_0,f318db9e6dda,Leoforos Strovolou,E902 - Proedrikou Megarou Ave,0
2026-07-24T12:46:53Z,2026-07-24T15:51:30.796259+03:00,_1,b7cf26a3ebd1,Strovolou Ave,Strovolou Ave,3
2026-07-24T12:46:53Z,2026-07-24T15:51:30.796259+03:00,_2,92d65c298345,Strovolou Ave,E902 - Proedrikou Megarou Ave,0
2026-07-24T12:56:59Z,2026-07-24T16:01:37.276281+03:00,_0,69fc3b9dbbdd,Strovolos,Archiepiskopou Makariou III Ave,0
2026-07-24T12:56:59Z,2026-07-24T16:01:37.276281+03:00,_1,c57daf65c80e,Lemesou Ave,Archiepiskopou Makariou III Ave,3
2026-07-24T12:56:59Z,2026-07-24T16:01:37.276281+03:00,_0,06afc6492b14,Exit 24 >E127 Germasogeia / E113 Lemesos-Centre,Germasogeia,4
2026-07-24T12:56:59Z,2026-07-24T16:01:37.276281+03:00,_1,3e1d75b9e16e,Agios Athanasios,"to A6 > Pafos, Pafos Airport",0
2026-07-24T12:56:59Z,2026-07-24T16:01:37.276281+03:00,_0,a955553ad43f,E147 - Archiepiskopou Makariou III Ave,Agias Filaxeos,0
2026-07-24T12:56:59Z,2026-07-24T16:01:37.276281+03:00,_1,b6d25de47f10,E147 - Archiepiskopou Makariou III Ave,Vasileos Georgiou II,2
2026-07-24T12:56:59Z,2026-07-24T16:01:37.276281+03:00,_2,bbd3d4041441,Agias Filaxeos,Agias Filaxeos,0
2026-07-24T12:56:59Z,2026-07-24T16:01:37.276281+03:00,_3,a4260c51b19c,Steliou Kyriakidi,,3
2026-07-24T12:56:59Z,2026-07-24T16:01:37.276281+03:00,_4,f5f94ff22484,Agias Filaxeos,E110,0
2026-07-24T12:56:59Z,2026-07-24T16:01:37.276281+03:00,_0,31c9b775d03b,E110,E110 - Agias Fylaxeos,0
2026-07-24T12:56:59Z,2026-07-24T16:01:37.276281+03:00,_1,9f80d2b8e678,E110 - 1 Apriliou,,3
2026-07-24T12:56:59Z,2026-07-24T16:01:37.276281+03:00,_2,20e4174f50d7,E110 - Agias Fylaxeos,Agias Filaxeos,0
2026-07-24T12:56:59Z,2026-07-24T16:01:37.276281+03:00,_3,991be992343a,Vasileos Georgiou II,E147 - Archiepiskopou Makariou III Ave,2
2026-07-24T12:56:59Z,2026-07-24T16:01:37.276281+03:00,_0,daca33dbcb0d,,Archiepiskopou Makariou III Ave,0
2026-07-24T12:56:59Z,2026-07-24T16:01:37.276281+03:00,_1,43f05193c4b0,Lemesou Ave,Archiepiskopou Makariou III Ave,3
2026-07-24T12:56:59Z,2026-07-24T16:01:37.276281+03:00,_2,8fab7dfc83f0,Lemesou Ave,Evagorou Ave,0
2026-07-24T12:56:59Z,2026-07-24T16:01:37.276281+03:00,_0,f318db9e6dda,Leoforos Strovolou,E902 - Proedrikou Megarou Ave,0
2026-07-24T12:56:59Z,2026-07-24T16:01:37.276281+03:00,_1,b7cf26a3ebd1,Strovolou Ave,Strovolou Ave,2
2026-07-24T12:56:59Z,2026-07-24T16:01:37.276281+03:00,_2,92d65c298345,Strovolou Ave,E902 - Proedrikou Megarou Ave,0
2026-07-24T13:07:05Z,2026-07-24T16:11:42.738071+03:00,_0,69fc3b9dbbdd,Strovolos,Archiepiskopou Makariou III Ave,0
2026-07-24T13:07:05Z,2026-07-24T16:11:42.738071+03:00,_1,c57daf65c80e,Lemesou Ave,Archiepiskopou Makariou III Ave,2
2026-07-24T13:07:05Z,2026-07-24T16:11:42.738071+03:00,_0,06afc6492b14,Exit 24 >E127 Germasogeia / E113 Lemesos-Centre,Germasogeia,4
2026-07-24T13:07:05Z,2026-07-24T16:11:42.738071+03:00,_1,3e1d75b9e16e,Agios Athanasios,"to A6 > Pafos, Pafos Airport",0
2026-07-24T13:07:05Z,2026-07-24T16:11:42.738071+03:00,_0,807a263ccec7,E147 - Archiepiskopou Makariou III Ave,Agias Filaxeos,0
2026-07-24T13:07:05Z,2026-07-24T16:11:42.738071+03:00,_1,a4260c51b19c,Steliou Kyriakidi,,3
2026-07-24T13:07:05Z,2026-07-24T16:11:42.738071+03:00,_2,f780373a5188,Agias Filaxeos,E110 - Agias Fylaxeos,0
2026-07-24T13:07:05Z,2026-07-24T16:11:42.738071+03:00,_3,6841a02a1258,,E110 - 1 Apriliou,2
2026-07-24T13:07:05Z,2026-07-24T16:11:42.738071+03:00,_4,31034e257ac9,E110 - Agias Fylaxeos,E110 - 1 Apriliou,0
2026-07-24T13:07:05Z,2026-07-24T16:11:42.738071+03:00,_5,9f4f77006632,E110 - 1 Apriliou,E110 - Eleftherias,4
2026-07-24T13:07:05Z,2026-07-24T16:11:42.738071+03:00,_6,c97b954fcb12,E110 - 1 Apriliou,E110,0
2026-07-24T13:07:05Z,2026-07-24T16:11:42.738071+03:00,_0,72b03ff9b5bc,E110,E110 - Agias Fylaxeos,0
2026-07-24T13:07:05Z,2026-07-24T16:11:42.738071+03:00,_1,e50ca2ecb1e0,E110 - 1 Apriliou,,2
2026-07-24T13:07:05Z,2026-07-24T16:11:42.738071+03:00,_2,7ddfe1676243,E110 - Agias Fylaxeos,E147 - Archiepiskopou Makariou III Ave,0
2026-07-24T13:07:05Z,2026-07-24T16:11:42.738071+03:00,_0,2e51d966c5a2,,Agios Athanasios,0
2026-07-24T13:07:05Z,2026-07-24T16:11:42.738071+03:00,_1,69e2abb27a41,Agios Athanasios,Agios Athanasios,1
2026-07-24T13:07:05Z,2026-07-24T16:11:42.738071+03:00,_2,2a23bff6b653,Germasogeia,Archiepiskopou Makariou III Ave,0
2026-07-24T13:07:05Z,2026-07-24T16:11:42.738071+03:00,_3,43f05193c4b0,Lemesou Ave,Archiepiskopou Makariou III Ave,2
2026-07-24T13:07:05Z,2026-07-24T16:11:42.738071+03:00,_4,8fab7dfc83f0,Lemesou Ave,Evagorou Ave,0
2026-07-24T13:07:05Z,2026-07-24T16:11:42.738071+03:00,_0,12364e237b9f,Episkopi,Agios Athanasios,0
2026-07-24T13:07:05Z,2026-07-24T16:11:42.738071+03:00,_1,69e2abb27a41,Agios Athanasios,Agios Athanasios,1
2026-07-24T13:07:05Z,2026-07-24T16:11:42.738071+03:00,_2,cafc026927d2,Germasogeia,Germasogeia,0
2026-07-24T13:17:37Z,2026-07-24T16:22:14.743246+03:00,_0,fe72ea2b224f,Strovolos,Lemesou Ave,0
2026-07-24T13:17:37Z,2026-07-24T16:22:14.743246+03:00,_1,1c3025f6d361,Strovolos,Lemesou Ave,4
2026-07-24T13:17:37Z,2026-07-24T16:22:14.743246+03:00,_2,7c50b274239b,Aglantzia,E164 - Armenias,0
2026-07-24T13:17:37Z,2026-07-24T16:22:14.743246+03:00,_3,c57daf65c80e,Lemesou Ave,Archiepiskopou Makariou III Ave,2
2026-07-24T13:17:37Z,2026-07-24T16:22:14.743246+03:00,_0,db379abb1dc7,Georgiou Neofytou,Spyrou Kyprianou Ave,0
2026-07-24T13:17:37Z,2026-07-24T16:22:14.743246+03:00,_1,bb8e26f01eed,Spyrou Kyprianou Ave,Spyrou Kyprianou Ave,3
2026-07-24T13:17:37Z,2026-07-24T16:22:14.743246+03:00,_2,170ca50cf9c5,Spyrou Kyprianou Ave,Angelou Vlachou,0
2026-07-24T13:17:37Z,2026-07-24T16:22:14.743246+03:00,_0,06afc6492b14,Exit 24 >E127 Germasogeia / E113 Lemesos-Centre,Germasogeia,4
2026-07-24T13:17:37Z,2026-07-24T16:22:14.743246+03:00,_1,3e1d75b9e16e,Agios Athanasios,"to A6 > Pafos, Pafos Airport",0
2026-07-24T13:17:37Z,2026-07-24T16:22:14.743246+03:00,_0,807a263ccec7,E147 - Archiepiskopou Makariou III Ave,Agias Filaxeos,0
2026-07-24T13:17:37Z,2026-07-24T16:22:14.743246+03:00,_1,a4260c51b19c,Steliou Kyriakidi,,3
2026-07-24T13:17:37Z,2026-07-24T16:22:14.743246+03:00,_2,f780373a5188,Agias Filaxeos,E110 - Agias Fylaxeos,0
2026-07-24T13:17:37Z,2026-07-24T16:22:14.743246+03:00,_3,6841a02a1258,,E110 - 1 Apriliou,3
2026-07-24T13:17:37Z,2026-07-24T16:22:14.743246+03:00,_4,31034e257ac9,E110 - Agias Fylaxeos,E110 - 1 Apriliou,0
2026-07-24T13:17:37Z,2026-07-24T16:22:14.743246+03:00,_5,9f4f77006632,E110 - 1 Apriliou,E110 - Eleftherias,4
2026-07-24T13:17:37Z,2026-07-24T16:22:14.743246+03:00,_6,c97b954fcb12,E110 - 1 Apriliou,E110,0
2026-07-24T13:17:37Z,2026-07-24T16:22:14.743246+03:00,_0,72b03ff9b5bc,E110,E110 - Agias Fylaxeos,0
2026-07-24T13:17:37Z,2026-07-24T16:22:14.743246+03:00,_1,e50ca2ecb1e0,E110 - 1 Apriliou,,3
2026-07-24T13:17:37Z,2026-07-24T16:22:14.743246+03:00,_2,7ddfe1676243,E110 - Agias Fylaxeos,E147 - Archiepiskopou Makariou III Ave,0
2026-07-24T13:17:37Z,2026-07-24T16:22:14.743246+03:00,_0,d0dc64f54734,,Lemesou Ave,0
2026-07-24T13:17:37Z,2026-07-24T16:22:14.743246+03:00,_1,1c3025f6d361,Strovolos,Lemesou Ave,4
2026-07-24T13:17:37Z,2026-07-24T16:22:14.743246+03:00,_2,7c50b274239b,Aglantzia,E164 - Armenias,0
2026-07-24T13:17:37Z,2026-07-24T16:22:14.743246+03:00,_3,43f05193c4b0,Lemesou Ave,Archiepiskopou Makariou III Ave,2
2026-07-24T13:17:37Z,2026-07-24T16:22:14.743246+03:00,_4,8fab7dfc83f0,Lemesou Ave,Evagorou Ave,0
2026-07-24T13:27:44Z,2026-07-24T16:32:22.258468+03:00,_0,fe72ea2b224f,Strovolos,Lemesou Ave,0
2026-07-24T13:27:44Z,2026-07-24T16:32:22.258468+03:00,_1,16a08779ce14,Strovolos,Lemesou Ave,4
2026-07-24T13:27:44Z,2026-07-24T16:32:22.258468+03:00,_2,002a54c51467,A1,Archiepiskopou Makariou III Ave,0
2026-07-24T13:27:44Z,2026-07-24T16:32:22.258468+03:00,_0,06afc6492b14,Exit 24 >E127 Germasogeia / E113 Lemesos-Centre,Germasogeia,4
2026-07-24T13:27:44Z,2026-07-24T16:32:22.258468+03:00,_1,3e1d75b9e16e,Agios Athanasios,"to A6 > Pafos, Pafos Airport",0
2026-07-24T13:27:44Z,2026-07-24T16:32:22.258468+03:00,_0,26ee8f360113,E147 - Archiepiskopou Makariou III Ave,Apostolon Petrou kai Pavlou,0
2026-07-24T13:27:44Z,2026-07-24T16:32:22.258468+03:00,_1,d309bae8d50e,E147 - Archiepiskopou Makariou III Ave,Vasileos Georgiou II,2
2026-07-24T13:27:44Z,2026-07-24T16:32:22.258468+03:00,_2,bbd3d4041441,Agias Filaxeos,Agias Filaxeos,0
2026-07-24T13:27:44Z,2026-07-24T16:32:22.258468+03:00,_3,a4260c51b19c,Steliou Kyriakidi,,3
2026-07-24T13:27:44Z,2026-07-24T16:32:22.258468+03:00,_4,f780373a5188,Agias Filaxeos,E110 - Agias Fylaxeos,0
2026-07-24T13:27:44Z,2026-07-24T16:32:22.258468+03:00,_5,6841a02a1258,,E110 - 1 Apriliou,3
2026-07-24T13:27:44Z,2026-07-24T16:32:22.258468+03:00,_6,f99b72a378a5,E110 - Agias Fylaxeos,E110,0
2026-07-24T13:27:44Z,2026-07-24T16:32:22.258468+03:00,_0,72b03ff9b5bc,E110,E110 - Agias Fylaxeos,0
2026-07-24T13:27:44Z,2026-07-24T16:32:22.258468+03:00,_1,e50ca2ecb1e0,E110 - 1 Apriliou,,3
2026-07-24T13:27:44Z,2026-07-24T16:32:22.258468+03:00,_2,2cf75439c171,E110 - Agias Fylaxeos,E147 - Archiepiskopou Makariou III Ave,0
2026-07-24T13:27:44Z,2026-07-24T16:32:22.258468+03:00,_0,d0dc64f54734,,Lemesou Ave,0
2026-07-24T13:27:44Z,2026-07-24T16:32:22.258468+03:00,_1,16a08779ce14,Strovolos,Lemesou Ave,4
2026-07-24T13:27:44Z,2026-07-24T16:32:22.258468+03:00,_2,14b12720ba53,A1,Evagorou Ave,0
2026-07-24T13:37:53Z,2026-07-24T16:42:31.359142+03:00,_0,fe72ea2b224f,Strovolos,Lemesou Ave,0
2026-07-24T13:37:53Z,2026-07-24T16:42:31.359142+03:00,_1,1c3025f6d361,Strovolos,Lemesou Ave,4
2026-07-24T13:37:53Z,2026-07-24T16:42:31.359142+03:00,_2,7792802c8552,Aglantzia,Archiepiskopou Makariou III Ave,0
2026-07-24T13:37:53Z,2026-07-24T16:42:31.359142+03:00,_0,377a3d877abc,Exit 24 >E127 Germasogeia / E113 Lemesos-Centre,Agios Athanasios,3
2026-07-24T13:37:53Z,2026-07-24T16:42:31.359142+03:00,_1,e532d87a661f,Mesa Geitonia,"to A6 > Pafos, Pafos Airport",0
2026-07-24T13:37:53Z,2026-07-24T16:42:31.359142+03:00,_0,bba1d54d8ade,E147 - Archiepiskopou Makariou III Ave,Agias Filaxeos,0
2026-07-24T13:37:53Z,2026-07-24T16:42:31.359142+03:00,_1,f6e9b6bc1760,Apostolon Petrou kai Pavlou,Vasileos Georgiou II,2
2026-07-24T13:37:53Z,2026-07-24T16:42:31.359142+03:00,_2,62f9e9861a53,Agias Filaxeos,E110,0
2026-07-24T13:37:53Z,2026-07-24T16:42:31.359142+03:00,_0,d0dc64f54734,,Lemesou Ave,0
2026-07-24T13:37:53Z,2026-07-24T16:42:31.359142+03:00,_1,1c3025f6d361,Strovolos,Lemesou Ave,4
2026-07-24T13:37:53Z,2026-07-24T16:42:31.359142+03:00,_2,cc8badd45da4,Aglantzia,Evagorou Ave,0
2026-07-24T13:48:05Z,2026-07-24T16:52:42.630444+03:00,_0,fe72ea2b224f,Strovolos,Lemesou Ave,0
2026-07-24T13:48:05Z,2026-07-24T16:52:42.630444+03:00,_1,1c3025f6d361,Strovolos,Lemesou Ave,4
2026-07-24T13:48:05Z,2026-07-24T16:52:42.630444+03:00,_2,7792802c8552,Aglantzia,Archiepiskopou Makariou III Ave,0
2026-07-24T13:48:05Z,2026-07-24T16:52:42.630444+03:00,_0,f2e7dbbab450,Exit 24 >E127 Germasogeia / E113 Lemesos-Centre,Mesa Geitonia,3
2026-07-24T13:48:05Z,2026-07-24T16:52:42.630444+03:00,_1,0df26c3b855b,Lemesos,"to A6 > Pafos, Pafos Airport",0
2026-07-24T13:48:05Z,2026-07-24T16:52:42.630444+03:00,_0,dd4be8784553,E147 - Archiepiskopou Makariou III Ave,Apostolon Petrou kai Pavlou,0
2026-07-24T13:48:05Z,2026-07-24T16:52:42.630444+03:00,_1,673e68439f67,E147 - Archiepiskopou Makariou III Ave,Vasileos Georgiou II,2
2026-07-24T13:48:05Z,2026-07-24T16:52:42.630444+03:00,_2,bbd3d4041441,Agias Filaxeos,Agias Filaxeos,0
2026-07-24T13:48:05Z,2026-07-24T16:52:42.630444+03:00,_3,a4260c51b19c,Steliou Kyriakidi,,3
2026-07-24T13:48:05Z,2026-07-24T16:52:42.630444+03:00,_4,f5f94ff22484,Agias Filaxeos,E110,0
2026-07-24T13:48:05Z,2026-07-24T16:52:42.630444+03:00,_0,d0dc64f54734,,Lemesou Ave,0
2026-07-24T13:48:05Z,2026-07-24T16:52:42.630444+03:00,_1,1c3025f6d361,Strovolos,Lemesou Ave,4
2026-07-24T13:48:05Z,2026-07-24T16:52:42.630444+03:00,_2,7792802c8552,Aglantzia,Archiepiskopou Makariou III Ave,0
2026-07-24T13:48:05Z,2026-07-24T16:52:42.630444+03:00,_3,660d388bb733,Lemesou Ave,Archiepiskopou Makariou III Ave,2
2026-07-24T13:48:05Z,2026-07-24T16:52:42.630444+03:00,_4,8fab7dfc83f0,Lemesou Ave,Evagorou Ave,0
2026-07-24T14:05:32Z,2026-07-24T17:10:09.294545+03:00,_0,a89f632a8881,Strovolos,Lemesou Ave,0
2026-07-24T14:05:32Z,2026-07-24T17:10:09.294545+03:00,_1,64039a076bda,Strovolos,Lemesou Ave,4
2026-07-24T14:05:32Z,2026-07-24T17:10:09.294545+03:00,_2,c6e235d3222a,Aglantzia,Archiepiskopou Makariou III Ave,0
2026-07-24T14:05:32Z,2026-07-24T17:10:09.294545+03:00,_3,394713f228bd,Lemesou Ave,Lemesou Ave,3
2026-07-24T14:05:32Z,2026-07-24T17:10:09.294545+03:00,_0,51516327098d,Georgiou Neofytou,Spyrou Kyprianou Ave,0
2026-07-24T14:05:32Z,2026-07-24T17:10:09.294545+03:00,_1,f53c43abff4f,Spyrou Kyprianou Ave,Spyrou Kyprianou Ave,3
2026-07-24T14:05:32Z,2026-07-24T17:10:09.294545+03:00,_2,170ca50cf9c5,Spyrou Kyprianou Ave,Angelou Vlachou,0
2026-07-24T14:05:32Z,2026-07-24T17:10:09.294545+03:00,_0,377a3d877abc,Exit 24 >E127 Germasogeia / E113 Lemesos-Centre,Agios Athanasios,2
2026-07-24T14:05:32Z,2026-07-24T17:10:09.294545+03:00,_1,e532d87a661f,Mesa Geitonia,"to A6 > Pafos, Pafos Airport",0
2026-07-24T14:05:32Z,2026-07-24T17:10:09.294545+03:00,_0,9e81f5db7a01,E147 - Archiepiskopou Makariou III Ave,Aristovoulou,3
2026-07-24T14:05:32Z,2026-07-24T17:10:09.294545+03:00,_1,43ecbfb5a0b1,E147 - Archiepiskopou Makariou III Ave,E110,0
2026-07-24T14:05:32Z,2026-07-24T17:10:09.294545+03:00,_0,23e9d057024d,,Lemesou Ave,0
2026-07-24T14:05:32Z,2026-07-24T17:10:09.294545+03:00,_1,64039a076bda,Strovolos,Lemesou Ave,4
2026-07-24T14:05:32Z,2026-07-24T17:10:09.294545+03:00,_2,c6e235d3222a,Aglantzia,Archiepiskopou Makariou III Ave,0
2026-07-24T14:05:32Z,2026-07-24T17:10:09.294545+03:00,_3,6efde239cabf,Lemesou Ave,Archiepiskopou Makariou III Ave,3
2026-07-24T14:05:32Z,2026-07-24T17:10:09.294545+03:00,_4,8fab7dfc83f0,Lemesou Ave,Evagorou Ave,0
2026-07-24T14:16:02Z,2026-07-24T17:20:39.687206+03:00,_0,377a3d877abc,Exit 24 >E127 Germasogeia / E113 Lemesos-Centre,Agios Athanasios,2
2026-07-24T14:16:02Z,2026-07-24T17:20:39.687206+03:00,_1,8c01275f62ec,Mesa Geitonia,Kato Polemidia,0
2026-07-24T14:16:02Z,2026-07-24T17:20:39.687206+03:00,_2,3b920b3120b4,A1,Kato Polemidia,1
2026-07-24T14:16:02Z,2026-07-24T17:20:39.687206+03:00,_3,8e8cea011a58,Ypsonas,"to A6 > Pafos, Pafos Airport",0
2026-07-24T14:16:02Z,2026-07-24T17:20:39.687206+03:00,_0,0160eeb5c4a6,E110,E110 - Agias Fylaxeos,0
2026-07-24T14:16:02Z,2026-07-24T17:20:39.687206+03:00,_1,a70c5abc879e,E110 - Agias Fylaxeos,,3
2026-07-24T14:16:02Z,2026-07-24T17:20:39.687206+03:00,_2,7ddfe1676243,E110 - Agias Fylaxeos,E147 - Archiepiskopou Makariou III Ave,0
2026-07-24T14:26:32Z,2026-07-24T17:31:08.782458+03:00,_0,db379abb1dc7,Georgiou Neofytou,Spyrou Kyprianou Ave,0
2026-07-24T14:26:32Z,2026-07-24T17:31:08.782458+03:00,_1,d485409681ec,Spyrou Kyprianou Ave,Spyrou Kyprianou Ave,3
2026-07-24T14:26:32Z,2026-07-24T17:31:08.782458+03:00,_2,b16f06e86626,Spyrou Kyprianou Ave,Angelou Vlachou,0
2026-07-24T14:26:32Z,2026-07-24T17:31:08.782458+03:00,_0,377a3d877abc,Exit 24 >E127 Germasogeia / E113 Lemesos-Centre,Agios Athanasios,2
2026-07-24T14:26:32Z,2026-07-24T17:31:08.782458+03:00,_1,5766eeecc240,Mesa Geitonia,A6,0
2026-07-24T14:26:32Z,2026-07-24T17:31:08.782458+03:00,_2,df060225d58f,A1,Kato Polemidia,2
2026-07-24T14:26:32Z,2026-07-24T17:31:08.782458+03:00,_3,8e8cea011a58,Ypsonas,"to A6 > Pafos, Pafos Airport",0
2026-07-24T14:26:32Z,2026-07-24T17:31:08.782458+03:00,_0,9e81f5db7a01,E147 - Archiepiskopou Makariou III Ave,Aristovoulou,3
2026-07-24T14:26:32Z,2026-07-24T17:31:08.782458+03:00,_1,43ecbfb5a0b1,E147 - Archiepiskopou Makariou III Ave,E110,0
2026-07-24T14:37:02Z,2026-07-24T17:41:39.607667+03:00,_0,377a3d877abc,Exit 24 >E127 Germasogeia / E113 Lemesos-Centre,Agios Athanasios,2
2026-07-24T14:37:02Z,2026-07-24T17:41:39.607667+03:00,_1,2ac7676ec4d4,Mesa Geitonia,Kato Polemidia,0
2026-07-24T14:37:02Z,2026-07-24T17:41:39.607667+03:00,_2,98c85a04be3a,Kato Polemidia,Ypsonas,1
2026-07-24T14:37:02Z,2026-07-24T17:41:39.607667+03:00,_3,a79c40fcd60a,Ypsonas,"to A6 > Pafos, Pafos Airport",0
2026-07-24T14:47:31Z,2026-07-24T17:52:08.409164+03:00,_0,807a263ccec7,E147 - Archiepiskopou Makariou III Ave,Agias Filaxeos,0
2026-07-24T14:47:31Z,2026-07-24T17:52:08.409164+03:00,_1,a4260c51b19c,Steliou Kyriakidi,,3
2026-07-24T14:47:31Z,2026-07-24T17:52:08.409164+03:00,_2,f5f94ff22484,Agias Filaxeos,E110,0
2026-07-24T14:47:31Z,2026-07-24T17:52:08.409164+03:00,_0,06afc6492b14,Exit 24 >E127 Germasogeia / E113 Lemesos-Centre,Germasogeia,0
2026-07-24T14:47:31Z,2026-07-24T17:52:08.409164+03:00,_1,3f63ee02f860,Agios Athanasios,Agios Athanasios,2
2026-07-24T14:47:31Z,2026-07-24T17:52:08.409164+03:00,_2,5766eeecc240,Mesa Geitonia,A6,0
2026-07-24T14:47:31Z,2026-07-24T17:52:08.409164+03:00,_3,d7af27493189,A1,Kato Polemidia,2
2026-07-24T14:47:31Z,2026-07-24T17:52:08.409164+03:00,_4,35c11bfdc6c5,A1,"to A6 > Pafos, Pafos Airport",0
2026-07-24T14:58:00Z,2026-07-24T18:02:38.040110+03:00,_0,a1d8d306605f,E147 - Archiepiskopou Makariou III Ave,Steliou Kyriakidi,0
2026-07-24T14:58:00Z,2026-07-24T18:02:38.040110+03:00,_1,fbdd0e351f56,Ivykou,,3
2026-07-24T14:58:00Z,2026-07-24T18:02:38.040110+03:00,_2,f5f94ff22484,Agias Filaxeos,E110,0
2026-07-24T14:58:00Z,2026-07-24T18:02:38.040110+03:00,_0,06afc6492b14,Exit 24 >E127 Germasogeia / E113 Lemesos-Centre,Germasogeia,0
2026-07-24T14:58:00Z,2026-07-24T18:02:38.040110+03:00,_1,3f63ee02f860,Agios Athanasios,Agios Athanasios,1
2026-07-24T14:58:00Z,2026-07-24T18:02:38.040110+03:00,_2,e532d87a661f,Mesa Geitonia,"to A6 > Pafos, Pafos Airport",0
2026-07-24T15:08:31Z,2026-07-24T18:13:08.689504+03:00,_0,a955553ad43f,E147 - Archiepiskopou Makariou III Ave,Agias Filaxeos,3
2026-07-24T15:08:31Z,2026-07-24T18:13:08.689504+03:00,_1,d944aeee37e1,Apostolon Petrou kai Pavlou,Agias Filaxeos,0
2026-07-24T15:08:31Z,2026-07-24T18:13:08.689504+03:00,_2,ca24e7e62b57,Agias Filaxeos,Agias Filaxeos,1
2026-07-24T15:08:31Z,2026-07-24T18:13:08.689504+03:00,_3,dfc77a434436,Apostolon Petrou kai Pavlou,Agias Filaxeos,0
2026-07-24T15:08:31Z,2026-07-24T18:13:08.689504+03:00,_4,a4260c51b19c,Steliou Kyriakidi,,3
2026-07-24T15:08:31Z,2026-07-24T18:13:08.689504+03:00,_5,f780373a5188,Agias Filaxeos,E110 - Agias Fylaxeos,0
2026-07-24T15:08:31Z,2026-07-24T18:13:08.689504+03:00,_6,6841a02a1258,,E110 - 1 Apriliou,2
2026-07-24T15:08:31Z,2026-07-24T18:13:08.689504+03:00,_7,f99b72a378a5,E110 - Agias Fylaxeos,E110,0
2026-07-24T15:08:31Z,2026-07-24T18:13:08.689504+03:00,_0,2122746d5a59,Georgiou Neofytou,Spyrou Kyprianou Ave,0
2026-07-24T15:08:31Z,2026-07-24T18:13:08.689504+03:00,_1,f0fc85e67dfe,Spyrou Kyprianou Ave,Spyrou Kyprianou Ave,3
2026-07-24T15:08:31Z,2026-07-24T18:13:08.689504+03:00,_2,0efa495a7a2f,Spyrou Kyprianou Ave,Angelou Vlachou,0
2026-07-24T15:19:04Z,2026-07-24T18:23:41.337938+03:00,_0,ae30b662f2e1,E147 - Archiepiskopou Makariou III Ave,Agias Filaxeos,0
2026-07-24T15:19:04Z,2026-07-24T18:23:41.337938+03:00,_1,612525cf6303,Apostolon Petrou kai Pavlou,Vasileos Georgiou II,2
2026-07-24T15:19:04Z,2026-07-24T18:23:41.337938+03:00,_2,bbd3d4041441,Agias Filaxeos,Agias Filaxeos,0
2026-07-24T15:19:04Z,2026-07-24T18:23:41.337938+03:00,_3,a4260c51b19c,Steliou Kyriakidi,,3
2026-07-24T15:19:04Z,2026-07-24T18:23:41.337938+03:00,_4,f780373a5188,Agias Filaxeos,E110 - Agias Fylaxeos,0
2026-07-24T15:19:04Z,2026-07-24T18:23:41.337938+03:00,_5,6841a02a1258,,E110 - 1 Apriliou,2
2026-07-24T15:19:04Z,2026-07-24T18:23:41.337938+03:00,_6,f99b72a378a5,E110 - Agias Fylaxeos,E110,0
2026-07-24T15:19:04Z,2026-07-24T18:23:41.337938+03:00,_0,2122746d5a59,Agiou Athanasiou Ave,Spyrou Kyprianou Ave,0
2026-07-24T15:19:04Z,2026-07-24T18:23:41.337938+03:00,_1,f0fc85e67dfe,Spyrou Kyprianou Ave,Spyrou Kyprianou Ave,3
2026-07-24T15:19:04Z,2026-07-24T18:23:41.337938+03:00,_2,0efa495a7a2f,Spyrou Kyprianou Ave,Angelou Vlachou,0
2026-07-24T15:29:33Z,2026-07-24T18:34:10.280125+03:00,_0,ae30b662f2e1,E147 - Archiepiskopou Makariou III Ave,Agias Filaxeos,0
2026-07-24T15:29:33Z,2026-07-24T18:34:10.280125+03:00,_1,612525cf6303,Apostolon Petrou kai Pavlou,Vasileos Georgiou II,2
2026-07-24T15:29:33Z,2026-07-24T18:34:10.280125+03:00,_2,bbd3d4041441,Agias Filaxeos,Agias Filaxeos,0
2026-07-24T15:29:33Z,2026-07-24T18:34:10.280125+03:00,_3,a4260c51b19c,Steliou Kyriakidi,,4
2026-07-24T15:29:33Z,2026-07-24T18:34:10.280125+03:00,_4,f5f94ff22484,Agias Filaxeos,E110,0
2026-07-24T15:29:33Z,2026-07-24T18:34:10.280125+03:00,_0,2122746d5a59,Agiou Athanasiou Ave,Spyrou Kyprianou Ave,0
2026-07-24T15:29:33Z,2026-07-24T18:34:10.280125+03:00,_1,f0fc85e67dfe,Spyrou Kyprianou Ave,Spyrou Kyprianou Ave,3
2026-07-24T15:29:33Z,2026-07-24T18:34:10.280125+03:00,_2,0efa495a7a2f,Spyrou Kyprianou Ave,Angelou Vlachou,0
2026-07-24T15:40:04Z,2026-07-24T18:44:41.271206+03:00,_0,ec019cdf3c7f,E110,E147 - Archiepiskopou Makariou III Ave,0
2026-07-24T15:40:04Z,2026-07-24T18:44:41.271206+03:00,_1,e713c7488bdd,Apostolon Petrou kai Pavlou,E147 - Archiepiskopou Makariou III Ave,3
2026-07-24T15:40:04Z,2026-07-24T18:44:41.271206+03:00,_0,807a263ccec7,E147 - Archiepiskopou Makariou III Ave,Agias Filaxeos,0
2026-07-24T15:40:04Z,2026-07-24T18:44:41.271206+03:00,_1,a4260c51b19c,Steliou Kyriakidi,,3
2026-07-24T15:40:04Z,2026-07-24T18:44:41.271206+03:00,_2,f5f94ff22484,Agias Filaxeos,E110,0
2026-07-24T15:50:33Z,2026-07-24T18:54:38.567458+03:00,_0,ec019cdf3c7f,E110,E147 - Archiepiskopou Makariou III Ave,0
2026-07-24T15:50:33Z,2026-07-24T18:54:38.567458+03:00,_1,e713c7488bdd,Apostolon Petrou kai Pavlou,E147 - Archiepiskopou Makariou III Ave,3
2026-07-24T16:01:00Z,2026-07-24T19:05:37.187454+03:00,_0,9d2078cb692f,E147 - Archiepiskopou Makariou III Ave,E110 - Agias Fylaxeos,0
2026-07-24T16:01:00Z,2026-07-24T19:05:37.187454+03:00,_1,6841a02a1258,,E110 - 1 Apriliou,2
2026-07-24T16:01:00Z,2026-07-24T19:05:37.187454+03:00,_2,f99b72a378a5,E110 - Agias Fylaxeos,E110,0
2026-07-24T16:01:00Z,2026-07-24T19:05:37.187454+03:00,_0,1903b2559960,,Archiepiskopou Makariou III Ave,0
2026-07-24T16:01:00Z,2026-07-24T19:05:37.187454+03:00,_1,660d388bb733,Lemesou Ave,Archiepiskopou Makariou III Ave,3
2026-07-24T16:01:00Z,2026-07-24T19:05:37.187454+03:00,_2,8fab7dfc83f0,Lemesou Ave,Evagorou Ave,0
2026-07-24T16:11:42Z,2026-07-24T19:16:19.152150+03:00,_0,9d2078cb692f,E147 - Archiepiskopou Makariou III Ave,E110 - Agias Fylaxeos,0
2026-07-24T16:11:42Z,2026-07-24T19:16:19.152150+03:00,_1,6841a02a1258,,E110 - 1 Apriliou,2
2026-07-24T16:11:42Z,2026-07-24T19:16:19.152150+03:00,_2,f99b72a378a5,E110 - Agias Fylaxeos,E110,0
2026-07-24T16:22:11Z,2026-07-24T19:26:47.952182+03:00,_0,807a263ccec7,E147 - Archiepiskopou Makariou III Ave,Agias Filaxeos,0
2026-07-24T16:22:11Z,2026-07-24T19:26:47.952182+03:00,_1,a4260c51b19c,Steliou Kyriakidi,,4
2026-07-24T16:22:11Z,2026-07-24T19:26:47.952182+03:00,_2,f5f94ff22484,Agias Filaxeos,E110,0
2026-07-24T16:22:11Z,2026-07-24T19:26:47.952182+03:00,_0,72b03ff9b5bc,E110,E110 - Agias Fylaxeos,0
2026-07-24T16:22:11Z,2026-07-24T19:26:47.952182+03:00,_1,e50ca2ecb1e0,E110 - 1 Apriliou,,2
2026-07-24T16:22:11Z,2026-07-24T19:26:47.952182+03:00,_2,7ddfe1676243,E110 - Agias Fylaxeos,E147 - Archiepiskopou Makariou III Ave,0
2026-07-24T16:32:15Z,2026-07-24T19:36:51.802625+03:00,_0,a1d8d306605f,E147 - Archiepiskopou Makariou III Ave,Steliou Kyriakidi,0
2026-07-24T16:32:15Z,2026-07-24T19:36:51.802625+03:00,_1,fbdd0e351f56,Ivykou,,4
2026-07-24T16:32:15Z,2026-07-24T19:36:51.802625+03:00,_2,f5f94ff22484,Agias Filaxeos,E110,0
2026-07-24T16:32:15Z,2026-07-24T19:36:51.802625+03:00,_0,72b03ff9b5bc,E110,E110 - Agias Fylaxeos,0
2026-07-24T16:32:15Z,2026-07-24T19:36:51.802625+03:00,_1,e50ca2ecb1e0,E110 - 1 Apriliou,,2
2026-07-24T16:32:15Z,2026-07-24T19:36:51.802625+03:00,_2,7ddfe1676243,E110 - Agias Fylaxeos,E147 - Archiepiskopou Makariou III Ave,0
2026-07-24T16:42:20Z,2026-07-24T19:46:57.052359+03:00,_0,fa775b291f07,E147 - Archiepiskopou Makariou III Ave,Agias Filaxeos,0
2026-07-24T16:42:20Z,2026-07-24T19:46:57.052359+03:00,_1,88165ac03e10,Ivykou,Agias Filaxeos,3
2026-07-24T16:42:20Z,2026-07-24T19:46:57.052359+03:00,_2,a4260c51b19c,Steliou Kyriakidi,,4
2026-07-24T16:42:20Z,2026-07-24T19:46:57.052359+03:00,_3,f5f94ff22484,Agias Filaxeos,E110,0
2026-07-24T16:51:58Z,2026-07-24T19:56:35.287493+03:00,_0,fa775b291f07,E147 - Archiepiskopou Makariou III Ave,Agias Filaxeos,0
2026-07-24T16:51:58Z,2026-07-24T19:56:35.287493+03:00,_1,88165ac03e10,Ivykou,Agias Filaxeos,1
2026-07-24T16:51:58Z,2026-07-24T19:56:35.287493+03:00,_2,a4260c51b19c,Steliou Kyriakidi,,3
2026-07-24T16:51:58Z,2026-07-24T19:56:35.287493+03:00,_3,f5f94ff22484,Agias Filaxeos,E110,0
2026-07-24T17:02:02Z,2026-07-24T20:06:40.668653+03:00,_0,807a263ccec7,E147 - Archiepiskopou Makariou III Ave,Agias Filaxeos,0
2026-07-24T17:02:02Z,2026-07-24T20:06:40.668653+03:00,_1,a4260c51b19c,Steliou Kyriakidi,,3
2026-07-24T17:02:02Z,2026-07-24T20:06:40.668653+03:00,_2,f5f94ff22484,Agias Filaxeos,E110,0
2026-07-24T17:02:02Z,2026-07-24T20:06:40.668653+03:00,_0,543dd67c0e60,,B18 - Digeni Akrita Ave,0
2026-07-24T17:02:02Z,2026-07-24T20:06:40.668653+03:00,_1,aabab5b0e87d,Archiepiskopou Makariou III Ave,B18 - Georgiou Griva Digeni Ave,3
2026-07-24T17:02:02Z,2026-07-24T20:06:40.668653+03:00,_2,e1beab30434a,Archiepiskopou Makariou III Ave,Evagorou Ave,0
2026-07-24T17:12:30Z,2026-07-24T20:17:07.136693+03:00,_0,807a263ccec7,E147 - Archiepiskopou Makariou III Ave,Agias Filaxeos,0
2026-07-24T17:12:30Z,2026-07-24T20:17:07.136693+03:00,_1,a4260c51b19c,Steliou Kyriakidi,,3
2026-07-24T17:12:30Z,2026-07-24T20:17:07.136693+03:00,_2,f5f94ff22484,Agias Filaxeos,E110,0
2026-07-24T17:22:36Z,2026-07-24T20:27:13.305814+03:00,_0,cdd9246a055f,E110,E147 - Archiepiskopou Makariou III Ave,0
2026-07-24T17:22:36Z,2026-07-24T20:27:13.305814+03:00,_1,f8a1b1df72c7,Apostolon Petrou kai Pavlou,E147 - Archiepiskopou Makariou III Ave,3
2026-07-24T17:32:40Z,2026-07-24T20:37:17.907007+03:00,_0,fe72ea2b224f,Strovolos,Lemesou Ave,0
2026-07-24T17:32:40Z,2026-07-24T20:37:17.907007+03:00,_1,1c3025f6d361,Strovolos,Lemesou Ave,4
2026-07-24T17:32:40Z,2026-07-24T20:37:17.907007+03:00,_2,7792802c8552,Aglantzia,Archiepiskopou Makariou III Ave,0
2026-07-24T17:32:40Z,2026-07-24T20:37:17.907007+03:00,_0,9d9c5ba3be2a,E110,E147 - Archiepiskopou Makariou III Ave,0
2026-07-24T17:32:40Z,2026-07-24T20:37:17.907007+03:00,_1,535964c57235,Apostolon Petrou kai Pavlou,E147 - Archiepiskopou Makariou III Ave,4
2026-07-24T17:32:40Z,2026-07-24T20:37:17.907007+03:00,_0,81774b74bf05,,Agios Tychonas,0
2026-07-24T17:32:40Z,2026-07-24T20:37:17.907007+03:00,_1,9a21ab26dd7f,Agios Tychonas,Agios Tychonas,1
2026-07-24T17:32:40Z,2026-07-24T20:37:17.907007+03:00,_2,50bd3aca06d8,Parekklisia,Lemesou Ave,0
2026-07-24T17:32:40Z,2026-07-24T20:37:17.907007+03:00,_3,1c3025f6d361,Strovolos,Lemesou Ave,4
2026-07-24T17:32:40Z,2026-07-24T20:37:17.907007+03:00,_4,cc8badd45da4,Aglantzia,Evagorou Ave,0
2026-07-24T17:42:46Z,2026-07-24T20:47:23.259016+03:00,_0,5605f34ad0da,E110,E147 - Archiepiskopou Makariou III Ave,0
2026-07-24T17:42:46Z,2026-07-24T20:47:23.259016+03:00,_1,676c339d8b55,Agias Filaxeos,E147 - Archiepiskopou Makariou III Ave,3
2026-07-24T17:52:52Z,2026-07-24T20:57:29.050691+03:00,_0,9d9c5ba3be2a,E110,E147 - Archiepiskopou Makariou III Ave,0
2026-07-24T17:52:52Z,2026-07-24T20:57:29.050691+03:00,_1,535964c57235,Apostolon Petrou kai Pavlou,E147 - Archiepiskopou Makariou III Ave,3
2026-07-24T18:02:56Z,2026-07-24T21:07:33.525173+03:00,_0,fff94a557d24,E110,Spyrou Kyprianou Ave,0
2026-07-24T18:02:56Z,2026-07-24T21:07:33.525173+03:00,_1,5f8ce1e4e5fd,Vasileos Georgiou II,Agias Filaxeos,2
2026-07-24T18:02:56Z,2026-07-24T21:07:33.525173+03:00,_2,dfe736f8aef3,Agias Filaxeos,Agiou Artemiou,0
2026-07-24T18:02:56Z,2026-07-24T21:07:33.525173+03:00,_3,e713c7488bdd,Apostolon Petrou kai Pavlou,E147 - Archiepiskopou Makariou III Ave,3
2026-07-24T18:13:21Z,2026-07-24T21:17:58.387396+03:00,_0,fff94a557d24,E110,Spyrou Kyprianou Ave,0
2026-07-24T18:13:21Z,2026-07-24T21:17:58.387396+03:00,_1,b22eb8a8a516,Vasileos Georgiou II,Agias Filaxeos,2
2026-07-24T18:13:21Z,2026-07-24T21:17:58.387396+03:00,_2,8b2d2a7bc9d0,Agias Filaxeos,E147 - Archiepiskopou Makariou III Ave,0
2026-07-24T18:13:21Z,2026-07-24T21:17:58.387396+03:00,_3,b1607c8a378f,Aristovoulou,E147 - Archiepiskopou Makariou III Ave,3
2026-07-24T18:23:27Z,2026-07-24T21:28:04.394054+03:00,_0,6eb3033e950e,E110,E147 - Archiepiskopou Makariou III Ave,0
2026-07-24T18:23:27Z,2026-07-24T21:28:04.394054+03:00,_1,88697bca4b53,Agias Filaxeos,E147 - Archiepiskopou Makariou III Ave,3
2026-07-24T18:53:41Z,2026-07-24T21:58:18.650098+03:00,_0,1903b2559960,,Archiepiskopou Makariou III Ave,0
2026-07-24T18:53:41Z,2026-07-24T21:58:18.650098+03:00,_1,660d388bb733,Lemesou Ave,Archiepiskopou Makariou III Ave,2
2026-07-24T18:53:41Z,2026-07-24T21:58:18.650098+03:00,_2,8fab7dfc83f0,Lemesou Ave,Evagorou Ave,0
2026-07-25T04:14:11Z,2026-07-25T07:18:47.857654+03:00,_0,1903b2559960,,Archiepiskopou Makariou III Ave,0
2026-07-25T04:14:11Z,2026-07-25T07:18:47.857654+03:00,_1,660d388bb733,Lemesou Ave,Archiepiskopou Makariou III Ave,2
2026-07-25T04:14:11Z,2026-07-25T07:18:47.857654+03:00,_2,8fab7dfc83f0,Lemesou Ave,Evagorou Ave,0
2026-07-25T05:16:36Z,2026-07-25T08:21:12.927523+03:00,_0,9a5aec5a135f,E147 - Archiepiskopou Makariou III Ave,E110 - Eleftherias,0
2026-07-25T05:16:36Z,2026-07-25T08:21:12.927523+03:00,_1,956160ac8e26,E110 - 1 Apriliou,E110 - Eleftherias,2
2026-07-25T05:16:36Z,2026-07-25T08:21:12.927523+03:00,_2,5f1fec2aa9f9,E110 - 1 Apriliou,E110,0
2026-07-25T08:21:06Z,2026-07-25T11:25:43.887500+03:00,_0,320e7f883c81,E110,E147 - Archiepiskopou Makariou III Ave,0
2026-07-25T08:21:06Z,2026-07-25T11:25:43.887500+03:00,_1,88697bca4b53,Agias Filaxeos,E147 - Archiepiskopou Makariou III Ave,3
2026-07-25T08:21:06Z,2026-07-25T11:25:43.887500+03:00,_0,920305ee9a1e,E147 - Archiepiskopou Makariou III Ave,Agias Filaxeos,0
2026-07-25T08:21:06Z,2026-07-25T11:25:43.887500+03:00,_1,a4260c51b19c,Steliou Kyriakidi,,3
2026-07-25T08:21:06Z,2026-07-25T11:25:43.887500+03:00,_2,f5f94ff22484,Agias Filaxeos,E110,0
2026-07-25T08:21:06Z,2026-07-25T11:25:43.887500+03:00,_0,68ba8c9365ac,Exit 24 >E127 Germasogeia / E113 Lemesos-Centre,Germasogeia,0
2026-07-25T08:21:06Z,2026-07-25T11:25:43.887500+03:00,_1,ce32023c9f0b,Germasogeia,Germasogeia,1
2026-07-25T08:21:06Z,2026-07-25T11:25:43.887500+03:00,_2,3e1d75b9e16e,Agios Athanasios,"to A6 > Pafos, Pafos Airport",0
2026-07-25T08:31:10Z,2026-07-25T11:35:47.882742+03:00,_0,acb430b8e822,Strovolos,Archiepiskopou Makariou III Ave,0
2026-07-25T08:31:10Z,2026-07-25T11:35:47.882742+03:00,_1,394713f228bd,Lemesou Ave,Lemesou Ave,2
2026-07-25T08:31:10Z,2026-07-25T11:35:47.882742+03:00,_0,3e96156e8477,E110,Agias Filaxeos,0
2026-07-25T08:31:10Z,2026-07-25T11:35:47.882742+03:00,_1,e7376f59afc7,Agias Filaxeos,Agias Filaxeos,4
2026-07-25T08:31:10Z,2026-07-25T11:35:47.882742+03:00,_2,cbc216a4c0b2,Agias Filaxeos,Agias Filaxeos,0
2026-07-25T08:31:10Z,2026-07-25T11:35:47.882742+03:00,_3,88697bca4b53,Agias Filaxeos,E147 - Archiepiskopou Makariou III Ave,3
2026-07-25T08:31:10Z,2026-07-25T11:35:47.882742+03:00,_0,920305ee9a1e,E147 - Archiepiskopou Makariou III Ave,Agias Filaxeos,0
2026-07-25T08:31:10Z,2026-07-25T11:35:47.882742+03:00,_1,a4260c51b19c,Steliou Kyriakidi,,3
2026-07-25T08:31:10Z,2026-07-25T11:35:47.882742+03:00,_2,f5f94ff22484,Agias Filaxeos,E110,0
2026-07-25T08:31:10Z,2026-07-25T11:35:47.882742+03:00,_0,6311136a7b90,,Archiepiskopou Makariou III Ave,0
2026-07-25T08:31:10Z,2026-07-25T11:35:47.882742+03:00,_1,6efde239cabf,Lemesou Ave,Archiepiskopou Makariou III Ave,2
2026-07-25T08:31:10Z,2026-07-25T11:35:47.882742+03:00,_2,8fab7dfc83f0,Lemesou Ave,Evagorou Ave,0
2026-07-25T08:31:10Z,2026-07-25T11:35:47.882742+03:00,_0,4e70b35697ed,Kosta Misiaouli,Strovolou Ave,0
2026-07-25T08:31:10Z,2026-07-25T11:35:47.882742+03:00,_1,14c2fab14614,Strovolou Ave,Strovolou Ave,4
2026-07-25T08:31:10Z,2026-07-25T11:35:47.882742+03:00,_2,4acb93600db4,Strovolou Ave,E902 - Proedrikou Megarou Ave,0
2026-07-25T08:41:15Z,2026-07-25T11:45:52.063107+03:00,_0,1903b2559960,,Archiepiskopou Makariou III Ave,0
2026-07-25T08:41:15Z,2026-07-25T11:45:52.063107+03:00,_1,660d388bb733,Lemesou Ave,Archiepiskopou Makariou III Ave,2
2026-07-25T08:41:15Z,2026-07-25T11:45:52.063107+03:00,_2,8fab7dfc83f0,Lemesou Ave,Evagorou Ave,0
2026-07-25T09:01:25Z,2026-07-25T12:06:02.278837+03:00,_0,26ee8f360113,E147 - Archiepiskopou Makariou III Ave,Agias Filaxeos,0
2026-07-25T09:01:25Z,2026-07-25T12:06:02.278837+03:00,_1,01b30be05a8e,E147 - Archiepiskopou Makariou III Ave,Vasileos Georgiou II,2
2026-07-25T09:01:25Z,2026-07-25T12:06:02.278837+03:00,_2,62f9e9861a53,Agias Filaxeos,E110,0
2026-07-25T09:11:50Z,2026-07-25T12:16:27.343548+03:00,_0,15ae2e1d5817,E147 - Archiepiskopou Makariou III Ave,Agias Filaxeos,0
2026-07-25T09:11:50Z,2026-07-25T12:16:27.343548+03:00,_1,e0103df7d76d,Agias Filaxeos,Agias Filaxeos,3
2026-07-25T09:11:50Z,2026-07-25T12:16:27.343548+03:00,_2,62f9e9861a53,Agias Filaxeos,E110,0
2026-07-25T09:11:50Z,2026-07-25T12:16:27.343548+03:00,_0,35653bf66474,E110,Vasileos Georgiou II,0
2026-07-25T09:11:50Z,2026-07-25T12:16:27.343548+03:00,_1,0a5c4761a6b4,Agias Filaxeos,Vasileos Georgiou II,3
2026-07-25T09:11:50Z,2026-07-25T12:16:27.343548+03:00,_2,34136326ebcf,Agias Filaxeos,E147 - Archiepiskopou Makariou III Ave,0
2026-07-25T09:11:50Z,2026-07-25T12:16:27.343548+03:00,_3,b1607c8a378f,Agias Filaxeos,E147 - Archiepiskopou Makariou III Ave,3
2026-07-25T09:21:55Z,2026-07-25T12:26:32.420373+03:00,_0,15ae2e1d5817,E147 - Archiepiskopou Makariou III Ave,Agias Filaxeos,0
2026-07-25T09:21:55Z,2026-07-25T12:26:32.420373+03:00,_1,e0103df7d76d,Agias Filaxeos,Agias Filaxeos,3
2026-07-25T09:21:55Z,2026-07-25T12:26:32.420373+03:00,_2,62f9e9861a53,Agias Filaxeos,E110,0
2026-07-25T09:31:58Z,2026-07-25T12:36:35.896901+03:00,_0,90311137b0fc,E147 - Archiepiskopou Makariou III Ave,Agias Filaxeos,0
2026-07-25T09:31:58Z,2026-07-25T12:36:35.896901+03:00,_1,57ae009fa94e,Agias Filaxeos,Agias Filaxeos,3
2026-07-25T09:31:58Z,2026-07-25T12:36:35.896901+03:00,_2,62f9e9861a53,Agias Filaxeos,E110,0
2026-07-25T09:42:02Z,2026-07-25T12:46:39.504782+03:00,_0,920305ee9a1e,E147 - Archiepiskopou Makariou III Ave,Agias Filaxeos,0
2026-07-25T09:42:02Z,2026-07-25T12:46:39.504782+03:00,_1,a4260c51b19c,Steliou Kyriakidi,,3
2026-07-25T09:42:02Z,2026-07-25T12:46:39.504782+03:00,_2,f5f94ff22484,Agias Filaxeos,E110,0
2026-07-25T09:42:02Z,2026-07-25T12:46:39.504782+03:00,_0,af4b6e415491,Georgiou Neofytou,Spyrou Kyprianou Ave,0
2026-07-25T09:42:02Z,2026-07-25T12:46:39.504782+03:00,_1,1225cec9e73f,Spyrou Kyprianou Ave,Spyrou Kyprianou Ave,3
2026-07-25T09:42:02Z,2026-07-25T12:46:39.504782+03:00,_2,0efa495a7a2f,Spyrou Kyprianou Ave,Angelou Vlachou,0
2026-07-25T09:52:07Z,2026-07-25T12:56:44.407543+03:00,_0,920305ee9a1e,E147 - Archiepiskopou Makariou III Ave,Agias Filaxeos,0
2026-07-25T09:52:07Z,2026-07-25T12:56:44.407543+03:00,_1,a4260c51b19c,Steliou Kyriakidi,,3
2026-07-25T09:52:07Z,2026-07-25T12:56:44.407543+03:00,_2,f5f94ff22484,Agias Filaxeos,E110,0
2026-07-25T10:02:10Z,2026-07-25T13:06:47.901354+03:00,_0,920305ee9a1e,E147 - Archiepiskopou Makariou III Ave,Agias Filaxeos,0
2026-07-25T10:02:10Z,2026-07-25T13:06:47.901354+03:00,_1,a4260c51b19c,Steliou Kyriakidi,,3
2026-07-25T10:02:10Z,2026-07-25T13:06:47.901354+03:00,_2,f780373a5188,Agias Filaxeos,E110 - Agias Fylaxeos,0
2026-07-25T10:02:10Z,2026-07-25T13:06:47.901354+03:00,_3,6841a02a1258,,E110 - 1 Apriliou,3
2026-07-25T10:02:10Z,2026-07-25T13:06:47.901354+03:00,_4,f99b72a378a5,E110 - Agias Fylaxeos,E110,0
2026-07-25T10:12:36Z,2026-07-25T13:17:13.249688+03:00,_0,64724f830ea6,E147 - Archiepiskopou Makariou III Ave,E110 - Agias Fylaxeos,0
2026-07-25T10:12:36Z,2026-07-25T13:17:13.249688+03:00,_1,6841a02a1258,,E110 - 1 Apriliou,3
2026-07-25T10:12:36Z,2026-07-25T13:17:13.249688+03:00,_2,f99b72a378a5,E110 - Agias Fylaxeos,E110,0
2026-07-25T12:07:10Z,2026-07-25T15:11:47.739081+03:00,_0,543dd67c0e60,,B18 - Georgiou Griva Digeni Ave,0
2026-07-25T12:07:10Z,2026-07-25T15:11:47.739081+03:00,_1,aabab5b0e87d,Archiepiskopou Makariou III Ave,B18 - Georgiou Griva Digeni Ave,3
2026-07-25T12:07:10Z,2026-07-25T15:11:47.739081+03:00,_2,e1beab30434a,Archiepiskopou Makariou III Ave,Evagorou Ave,0
2026-07-25T14:06:49Z,2026-07-25T17:11:26.593961+03:00,_0,1903b2559960,,Archiepiskopou Makariou III Ave,0
2026-07-25T14:06:49Z,2026-07-25T17:11:26.593961+03:00,_1,660d388bb733,Lemesou Ave,Archiepiskopou Makariou III Ave,2
2026-07-25T14:06:49Z,2026-07-25T17:11:26.593961+03:00,_2,8fab7dfc83f0,Lemesou Ave,Evagorou Ave,0
2026-07-25T14:48:45Z,2026-07-25T17:53:22.830352+03:00,_0,1903b2559960,,Archiepiskopou Makariou III Ave,0
2026-07-25T14:48:45Z,2026-07-25T17:53:22.830352+03:00,_1,660d388bb733,Lemesou Ave,Archiepiskopou Makariou III Ave,2
2026-07-25T14:48:45Z,2026-07-25T17:53:22.830352+03:00,_2,8fab7dfc83f0,Lemesou Ave,Evagorou Ave,0
2026-07-25T15:41:10Z,2026-07-25T18:45:47.183141+03:00,_0,9047fb30c8db,E110,E147 - Archiepiskopou Makariou III Ave,0
2026-07-25T15:41:10Z,2026-07-25T18:45:47.183141+03:00,_1,535964c57235,Agias Filaxeos,E147 - Archiepiskopou Makariou III Ave,3
2026-07-25T15:41:10Z,2026-07-25T18:45:47.183141+03:00,_0,1903b2559960,,Archiepiskopou Makariou III Ave,0
2026-07-25T15:41:10Z,2026-07-25T18:45:47.183141+03:00,_1,660d388bb733,Lemesou Ave,Archiepiskopou Makariou III Ave,2
2026-07-25T15:41:10Z,2026-07-25T18:45:47.183141+03:00,_2,8fab7dfc83f0,Lemesou Ave,Evagorou Ave,0
2026-07-25T15:51:38Z,2026-07-25T18:56:16.079602+03:00,_0,cb3af67cb06c,,Kato Polemidia,0
2026-07-25T15:51:38Z,2026-07-25T18:56:16.079602+03:00,_1,c1b4363fadaa,Lemesos,Lemesos,2
2026-07-25T15:51:38Z,2026-07-25T18:56:16.079602+03:00,_2,6986bff3ee26,Lemesos,Evagorou Ave,0
2026-07-25T15:51:38Z,2026-07-25T18:56:16.079602+03:00,_0,9b57a1fd19bb,Episkopi,Kato Polemidia,0
2026-07-25T15:51:38Z,2026-07-25T18:56:16.079602+03:00,_1,c1b4363fadaa,Lemesos,Lemesos,2
2026-07-25T15:51:38Z,2026-07-25T18:56:16.079602+03:00,_2,e7aa3fa7d4d2,Lemesos,Germasogeia,0
2026-07-25T16:33:47Z,2026-07-25T19:37:52.550505+03:00,_0,e7f960841113,Episkopi,A1,0
2026-07-25T16:33:47Z,2026-07-25T19:37:52.550505+03:00,_1,c6626472cfe7,A6,Lemesos,3
2026-07-25T16:33:47Z,2026-07-25T19:37:52.550505+03:00,_2,e7aa3fa7d4d2,Lemesos,Germasogeia,0
2026-07-25T16:33:47Z,2026-07-25T19:37:52.550505+03:00,_0,cf0d166c0008,,A1,0
2026-07-25T16:33:47Z,2026-07-25T19:37:52.550505+03:00,_1,c6626472cfe7,A6,Lemesos,3
2026-07-25T16:33:47Z,2026-07-25T19:37:52.550505+03:00,_2,6986bff3ee26,Lemesos,Evagorou Ave,0
2026-07-25T16:43:51Z,2026-07-25T19:48:28.609071+03:00,_0,d570ef2c8392,E110,E110 - 1 Apriliou,0
2026-07-25T16:43:51Z,2026-07-25T19:48:28.609071+03:00,_1,28091862191f,E110 - 1 Apriliou,E110 - 1 Apriliou,1
2026-07-25T16:43:51Z,2026-07-25T19:48:28.609071+03:00,_2,292a86cc96c7,E110 - 1 Apriliou,E147 - Archiepiskopou Makariou III Ave,0
2026-07-25T16:43:51Z,2026-07-25T19:48:28.609071+03:00,_0,cf0d166c0008,,A1,0
2026-07-25T16:43:51Z,2026-07-25T19:48:28.609071+03:00,_1,c6626472cfe7,A6,Lemesos,1
2026-07-25T16:43:51Z,2026-07-25T19:48:28.609071+03:00,_2,6986bff3ee26,Lemesos,Evagorou Ave,0
2026-07-25T16:43:51Z,2026-07-25T19:48:28.609071+03:00,_0,e7f960841113,Episkopi,A1,0
2026-07-25T16:43:51Z,2026-07-25T19:48:28.609071+03:00,_1,c6626472cfe7,A6,Lemesos,1
2026-07-25T16:43:51Z,2026-07-25T19:48:28.609071+03:00,_2,e7aa3fa7d4d2,Lemesos,Germasogeia,0
2026-07-25T16:53:56Z,2026-07-25T19:58:34.139903+03:00,_0,2e51d966c5a2,,Agios Athanasios,0
2026-07-25T16:53:56Z,2026-07-25T19:58:34.139903+03:00,_1,69e2abb27a41,Agios Athanasios,Agios Athanasios,1
2026-07-25T16:53:56Z,2026-07-25T19:58:34.139903+03:00,_2,83677176177d,Germasogeia,Evagorou Ave,0
2026-07-25T16:53:56Z,2026-07-25T19:58:34.139903+03:00,_0,12364e237b9f,Episkopi,Agios Athanasios,0
2026-07-25T16:53:56Z,2026-07-25T19:58:34.139903+03:00,_1,69e2abb27a41,Agios Athanasios,Agios Athanasios,1
2026-07-25T16:53:56Z,2026-07-25T19:58:34.139903+03:00,_2,cafc026927d2,Germasogeia,Germasogeia,0
2026-07-25T16:12:38Z,2026-07-25T19:17:17.089806+03:00,_0,1cc902273d46,E110,E147 - Archiepiskopou Makariou III Ave,0
2026-07-25T16:12:38Z,2026-07-25T19:17:17.089806+03:00,_1,b1607c8a378f,Agias Filaxeos,E147 - Archiepiskopou Makariou III Ave,4
2026-07-25T16:12:38Z,2026-07-25T19:17:17.089806+03:00,_0,9b57a1fd19bb,Episkopi,Kato Polemidia,0
2026-07-25T16:12:38Z,2026-07-25T19:17:17.089806+03:00,_1,c1b4363fadaa,Lemesos,Lemesos,3
2026-07-25T16:12:38Z,2026-07-25T19:17:17.089806+03:00,_2,e7aa3fa7d4d2,Lemesos,Germasogeia,0
2026-07-25T16:12:38Z,2026-07-25T19:17:17.089806+03:00,_0,cb3af67cb06c,,Kato Polemidia,0
2026-07-25T16:12:38Z,2026-07-25T19:17:17.089806+03:00,_1,c1b4363fadaa,Lemesos,Lemesos,3
2026-07-25T16:12:38Z,2026-07-25T19:17:17.089806+03:00,_2,6986bff3ee26,Lemesos,Evagorou Ave,0
2026-07-25T16:23:09Z,2026-07-25T19:27:46.745671+03:00,_0,e7f960841113,Episkopi,A1,0
2026-07-25T16:23:09Z,2026-07-25T19:27:46.745671+03:00,_1,c6626472cfe7,A6,Lemesos,4
2026-07-25T16:23:09Z,2026-07-25T19:27:46.745671+03:00,_2,e7aa3fa7d4d2,Lemesos,Germasogeia,0
2026-07-25T16:23:09Z,2026-07-25T19:27:46.745671+03:00,_0,cf0d166c0008,,A1,0
2026-07-25T16:23:09Z,2026-07-25T19:27:46.745671+03:00,_1,c6626472cfe7,A6,Lemesos,4
2026-07-25T16:23:09Z,2026-07-25T19:27:46.745671+03:00,_2,6986bff3ee26,Lemesos,Evagorou Ave,0
2026-07-25T16:33:15Z,2026-07-25T19:37:52.550505+03:00,_0,e7f960841113,Episkopi,A1,0
2026-07-25T16:33:15Z,2026-07-25T19:37:52.550505+03:00,_1,c6626472cfe7,A6,Lemesos,3
2026-07-25T16:33:15Z,2026-07-25T19:37:52.550505+03:00,_2,e7aa3fa7d4d2,Lemesos,Germasogeia,0
2026-07-25T16:33:15Z,2026-07-25T19:37:52.550505+03:00,_0,cf0d166c0008,,A1,0
2026-07-25T16:33:15Z,2026-07-25T19:37:52.550505+03:00,_1,c6626472cfe7,A6,Lemesos,3
2026-07-25T16:33:15Z,2026-07-25T19:37:52.550505+03:00,_2,6986bff3ee26,Lemesos,Evagorou Ave,0
2026-07-25T17:04:04Z,2026-07-25T20:08:42.263129+03:00,_0,acb430b8e822,Strovolos,Archiepiskopou Makariou III Ave,0
2026-07-25T17:04:04Z,2026-07-25T20:08:42.263129+03:00,_1,394713f228bd,Lemesou Ave,Lemesou Ave,3
2026-07-25T17:04:04Z,2026-07-25T20:08:42.263129+03:00,_0,07b7eb11e965,E147 - Archiepiskopou Makariou III Ave,E110 - 1 Apriliou,0
2026-07-25T17:04:04Z,2026-07-25T20:08:42.263129+03:00,_1,9f4f77006632,E110 - 1 Apriliou,E110 - Eleftherias,3
2026-07-25T17:04:04Z,2026-07-25T20:08:42.263129+03:00,_2,c97b954fcb12,E110 - 1 Apriliou,E110,0
2026-07-25T17:04:04Z,2026-07-25T20:08:42.263129+03:00,_0,98b92b354812,,Agios Athanasios,0
2026-07-25T17:04:04Z,2026-07-25T20:08:42.263129+03:00,_1,1de4ba546278,Agios Athanasios,Agios Athanasios,1
2026-07-25T17:04:04Z,2026-07-25T20:08:42.263129+03:00,_2,795e6c91b199,Germasogeia,Archiepiskopou Makariou III Ave,0
2026-07-25T17:04:04Z,2026-07-25T20:08:42.263129+03:00,_3,6efde239cabf,Lemesou Ave,Archiepiskopou Makariou III Ave,3
2026-07-25T17:04:04Z,2026-07-25T20:08:42.263129+03:00,_4,8fab7dfc83f0,Lemesou Ave,Evagorou Ave,0
2026-07-25T17:04:04Z,2026-07-25T20:08:42.263129+03:00,_0,c2d7205db84d,Episkopi,Agios Athanasios,0
2026-07-25T17:04:04Z,2026-07-25T20:08:42.263129+03:00,_1,1de4ba546278,Agios Athanasios,Agios Athanasios,1
2026-07-25T17:04:04Z,2026-07-25T20:08:42.263129+03:00,_2,cafc026927d2,Germasogeia,Germasogeia,0
2026-07-25T17:14:30Z,2026-07-25T20:19:08.281657+03:00,_0,07b7eb11e965,E147 - Archiepiskopou Makariou III Ave,E110 - 1 Apriliou,0
2026-07-25T17:14:30Z,2026-07-25T20:19:08.281657+03:00,_1,9f4f77006632,E110 - 1 Apriliou,E110 - Eleftherias,4
2026-07-25T17:14:30Z,2026-07-25T20:19:08.281657+03:00,_2,c97b954fcb12,E110 - 1 Apriliou,E110,0
2026-07-25T17:24:35Z,2026-07-25T20:29:12.960475+03:00,_0,a89f632a8881,Strovolos,Lemesou Ave,0
2026-07-25T17:24:35Z,2026-07-25T20:29:12.960475+03:00,_1,64039a076bda,Strovolos,Lemesou Ave,3
2026-07-25T17:24:35Z,2026-07-25T20:29:12.960475+03:00,_2,7792802c8552,Aglantzia,Archiepiskopou Makariou III Ave,0
2026-07-25T17:24:35Z,2026-07-25T20:29:12.960475+03:00,_0,07b7eb11e965,E147 - Archiepiskopou Makariou III Ave,E110 - 1 Apriliou,0
2026-07-25T17:24:35Z,2026-07-25T20:29:12.960475+03:00,_1,9f4f77006632,E110 - 1 Apriliou,E110 - Eleftherias,4
2026-07-25T17:24:35Z,2026-07-25T20:29:12.960475+03:00,_2,c97b954fcb12,E110 - 1 Apriliou,E110,0
2026-07-25T17:24:35Z,2026-07-25T20:29:12.960475+03:00,_0,978bfa547244,,> A1 Lefkosia / (A5) Larnaka / (A5)(A3) Larnaka Airport,0
2026-07-25T17:24:35Z,2026-07-25T20:29:12.960475+03:00,_1,afaa1d708fba,> A1 Lefkosia / (A5) Larnaka / (A5)(A3) Larnaka Airport,Mouttagiaka,2
2026-07-25T17:24:35Z,2026-07-25T20:29:12.960475+03:00,_2,927d8c822fb3,Mouttagiaka,Lemesou Ave,0
2026-07-25T17:24:35Z,2026-07-25T20:29:12.960475+03:00,_3,64039a076bda,Strovolos,Lemesou Ave,3
2026-07-25T17:24:35Z,2026-07-25T20:29:12.960475+03:00,_4,cc8badd45da4,Aglantzia,Evagorou Ave,0
2026-07-25T17:24:35Z,2026-07-25T20:29:12.960475+03:00,_0,cf9421bed762,Episkopi,> A1 Lefkosia / (A5) Larnaka / (A5)(A3) Larnaka Airport,0
2026-07-25T17:24:35Z,2026-07-25T20:29:12.960475+03:00,_1,a0e0a7c1b318,> A1 Lefkosia / (A5) Larnaka / (A5)(A3) Larnaka Airport,Germasogeia,2
2026-07-25T17:34:42Z,2026-07-25T20:39:20.271258+03:00,_0,07b7eb11e965,E147 - Archiepiskopou Makariou III Ave,E110 - 1 Apriliou,0
2026-07-25T17:34:42Z,2026-07-25T20:39:20.271258+03:00,_1,9f4f77006632,E110 - 1 Apriliou,E110 - Eleftherias,4
2026-07-25T17:34:42Z,2026-07-25T20:39:20.271258+03:00,_2,c97b954fcb12,E110 - 1 Apriliou,E110,0
2026-07-25T17:34:42Z,2026-07-25T20:39:20.271258+03:00,_0,a89f632a8881,Strovolos,Lemesou Ave,0
2026-07-25T17:34:42Z,2026-07-25T20:39:20.271258+03:00,_1,ff2249fa74b9,Strovolos,Lemesou Ave,3
2026-07-25T17:34:42Z,2026-07-25T20:39:20.271258+03:00,_2,002a54c51467,A1,Archiepiskopou Makariou III Ave,0
2026-07-25T17:34:42Z,2026-07-25T20:39:20.271258+03:00,_0,ecaddb19046c,E110,E147 - Archiepiskopou Makariou III Ave,0
2026-07-25T17:34:42Z,2026-07-25T20:39:20.271258+03:00,_1,f8a1b1df72c7,Agias Filaxeos,E147 - Archiepiskopou Makariou III Ave,3
2026-07-25T17:34:42Z,2026-07-25T20:39:20.271258+03:00,_0,2e51d966c5a2,,Agios Athanasios,0
2026-07-25T17:34:42Z,2026-07-25T20:39:20.271258+03:00,_1,d47ef119de54,Agios Athanasios,Mouttagiaka,1
2026-07-25T17:34:42Z,2026-07-25T20:39:20.271258+03:00,_2,927d8c822fb3,Mouttagiaka,Lemesou Ave,0
2026-07-25T17:34:42Z,2026-07-25T20:39:20.271258+03:00,_3,ff2249fa74b9,Strovolos,Lemesou Ave,3
2026-07-25T17:34:42Z,2026-07-25T20:39:20.271258+03:00,_4,14b12720ba53,A1,Evagorou Ave,0
2026-07-25T17:34:42Z,2026-07-25T20:39:20.271258+03:00,_0,12364e237b9f,Episkopi,Agios Athanasios,0
2026-07-25T17:34:42Z,2026-07-25T20:39:20.271258+03:00,_1,5fdfcdfdd36d,Agios Athanasios,Germasogeia,1
2026-07-25T17:44:48Z,2026-07-25T20:49:25.862047+03:00,_0,a89f632a8881,Strovolos,Lemesou Ave,0
2026-07-25T17:44:48Z,2026-07-25T20:49:25.862047+03:00,_1,ff2249fa74b9,Strovolos,Lemesou Ave,3
2026-07-25T17:44:48Z,2026-07-25T20:49:25.862047+03:00,_2,002a54c51467,A1,Archiepiskopou Makariou III Ave,0
2026-07-25T17:44:48Z,2026-07-25T20:49:25.862047+03:00,_0,ecaddb19046c,E110,E147 - Archiepiskopou Makariou III Ave,0
2026-07-25T17:44:48Z,2026-07-25T20:49:25.862047+03:00,_1,f8a1b1df72c7,Agias Filaxeos,E147 - Archiepiskopou Makariou III Ave,4
2026-07-25T17:44:48Z,2026-07-25T20:49:25.862047+03:00,_0,07b7eb11e965,E147 - Archiepiskopou Makariou III Ave,E110 - 1 Apriliou,0
2026-07-25T17:44:48Z,2026-07-25T20:49:25.862047+03:00,_1,9f4f77006632,E110 - 1 Apriliou,E110 - Eleftherias,4
2026-07-25T17:44:48Z,2026-07-25T20:49:25.862047+03:00,_2,c97b954fcb12,E110 - 1 Apriliou,E110,0
2026-07-25T17:44:48Z,2026-07-25T20:49:25.862047+03:00,_0,978bfa547244,,> A1 Lefkosia / (A5) Larnaka / (A5)(A3) Larnaka Airport,0
2026-07-25T17:44:48Z,2026-07-25T20:49:25.862047+03:00,_1,afaa1d708fba,> A1 Lefkosia / (A5) Larnaka / (A5)(A3) Larnaka Airport,Mouttagiaka,2
2026-07-25T17:44:48Z,2026-07-25T20:49:25.862047+03:00,_2,927d8c822fb3,Mouttagiaka,Lemesou Ave,0
2026-07-25T17:44:48Z,2026-07-25T20:49:25.862047+03:00,_3,ff2249fa74b9,Strovolos,Lemesou Ave,3
2026-07-25T17:44:48Z,2026-07-25T20:49:25.862047+03:00,_4,14b12720ba53,A1,Evagorou Ave,0
2026-07-25T17:44:48Z,2026-07-25T20:49:25.862047+03:00,_0,cf9421bed762,Episkopi,> A1 Lefkosia / (A5) Larnaka / (A5)(A3) Larnaka Airport,0
2026-07-25T17:44:48Z,2026-07-25T20:49:25.862047+03:00,_1,a0e0a7c1b318,> A1 Lefkosia / (A5) Larnaka / (A5)(A3) Larnaka Airport,Germasogeia,2
2026-07-25T17:54:53Z,2026-07-25T20:59:31.679543+03:00,_0,a89f632a8881,Strovolos,Lemesou Ave,0
2026-07-25T17:54:53Z,2026-07-25T20:59:31.679543+03:00,_1,64039a076bda,Strovolos,Lemesou Ave,3
2026-07-25T17:54:53Z,2026-07-25T20:59:31.679543+03:00,_2,7792802c8552,Aglantzia,Archiepiskopou Makariou III Ave,0
2026-07-25T17:54:53Z,2026-07-25T20:59:31.679543+03:00,_0,ecaddb19046c,E110,E147 - Archiepiskopou Makariou III Ave,0
2026-07-25T17:54:53Z,2026-07-25T20:59:31.679543+03:00,_1,f8a1b1df72c7,Agias Filaxeos,E147 - Archiepiskopou Makariou III Ave,4
2026-07-25T17:54:53Z,2026-07-25T20:59:31.679543+03:00,_0,23e9d057024d,,Lemesou Ave,0
2026-07-25T17:54:53Z,2026-07-25T20:59:31.679543+03:00,_1,64039a076bda,Strovolos,Lemesou Ave,3
2026-07-25T17:54:53Z,2026-07-25T20:59:31.679543+03:00,_2,7792802c8552,Aglantzia,Archiepiskopou Makariou III Ave,0
2026-07-25T17:54:53Z,2026-07-25T20:59:31.679543+03:00,_3,660d388bb733,Lemesou Ave,Archiepiskopou Makariou III Ave,2
2026-07-25T17:54:53Z,2026-07-25T20:59:31.679543+03:00,_4,8fab7dfc83f0,Lemesou Ave,Evagorou Ave,0
2026-07-25T18:05:01Z,2026-07-25T21:09:39.057643+03:00,_0,a89f632a8881,Strovolos,Lemesou Ave,0
2026-07-25T18:05:01Z,2026-07-25T21:09:39.057643+03:00,_1,ff2249fa74b9,Strovolos,Lemesou Ave,3
2026-07-25T18:05:01Z,2026-07-25T21:09:39.057643+03:00,_2,f0561fa3d582,A1,Archiepiskopou Makariou III Ave,0
2026-07-25T18:05:01Z,2026-07-25T21:09:39.057643+03:00,_3,394713f228bd,Lemesou Ave,Lemesou Ave,2
2026-07-25T18:05:01Z,2026-07-25T21:09:39.057643+03:00,_0,23e9d057024d,,Lemesou Ave,0
2026-07-25T18:05:01Z,2026-07-25T21:09:39.057643+03:00,_1,ff2249fa74b9,Strovolos,Lemesou Ave,3
2026-07-25T18:05:01Z,2026-07-25T21:09:39.057643+03:00,_2,f0561fa3d582,A1,Archiepiskopou Makariou III Ave,0
2026-07-25T18:05:01Z,2026-07-25T21:09:39.057643+03:00,_3,6efde239cabf,Lemesou Ave,Archiepiskopou Makariou III Ave,2
2026-07-25T18:05:01Z,2026-07-25T21:09:39.057643+03:00,_4,8fab7dfc83f0,Lemesou Ave,Evagorou Ave,0
2026-07-25T18:15:27Z,2026-07-25T21:20:05.217322+03:00,_0,a89f632a8881,Strovolos,Lemesou Ave,0
2026-07-25T18:15:27Z,2026-07-25T21:20:05.217322+03:00,_1,64039a076bda,Strovolos,Lemesou Ave,1
2026-07-25T18:15:27Z,2026-07-25T21:20:05.217322+03:00,_2,7792802c8552,Aglantzia,Archiepiskopou Makariou III Ave,0
2026-07-25T18:15:27Z,2026-07-25T21:20:05.217322+03:00,_0,23e9d057024d,,Lemesou Ave,0
2026-07-25T18:15:27Z,2026-07-25T21:20:05.217322+03:00,_1,64039a076bda,Strovolos,Lemesou Ave,1
2026-07-25T18:15:27Z,2026-07-25T21:20:05.217322+03:00,_2,cc8badd45da4,Aglantzia,Evagorou Ave,0
2026-07-25T18:25:33Z,2026-07-25T21:30:10.441008+03:00,_0,a89f632a8881,Strovolos,Lemesou Ave,0
2026-07-25T18:25:33Z,2026-07-25T21:30:10.441008+03:00,_1,64039a076bda,Strovolos,Lemesou Ave,1
2026-07-25T18:25:33Z,2026-07-25T21:30:10.441008+03:00,_2,7792802c8552,Aglantzia,Archiepiskopou Makariou III Ave,0
2026-07-25T18:25:33Z,2026-07-25T21:30:10.441008+03:00,_0,23e9d057024d,,Lemesou Ave,0
2026-07-25T18:25:33Z,2026-07-25T21:30:10.441008+03:00,_1,64039a076bda,Strovolos,Lemesou Ave,1
2026-07-25T18:25:33Z,2026-07-25T21:30:10.441008+03:00,_2,cc8badd45da4,Aglantzia,Evagorou Ave,0
2026-07-25T20:12:58Z,2026-07-25T23:17:35.251151+03:00,_0,9a5aec5a135f,E147 - Archiepiskopou Makariou III Ave,E110 - Eleftherias,0
2026-07-25T20:12:58Z,2026-07-25T23:17:35.251151+03:00,_1,db98c9d0a2e0,E110 - 1 Apriliou,E110 - 1 Apriliou,3
2026-07-25T20:12:58Z,2026-07-25T23:17:35.251151+03:00,_2,c97b954fcb12,E110 - 1 Apriliou,E110,0
2026-07-25T20:43:09Z,2026-07-25T23:47:46.855711+03:00,_0,f2dad27e0b2c,E110,E110 - 1 Apriliou,0
2026-07-25T20:43:09Z,2026-07-25T23:47:46.855711+03:00,_1,0bc8a04884b8,E110 - 1 Apriliou,E110 - 1 Apriliou,2
2026-07-25T20:43:09Z,2026-07-25T23:47:46.855711+03:00,_2,c9decce66ab6,E110 - Eleftherias,E147 - Archiepiskopou Makariou III Ave,0
2026-07-26T05:12:17Z,2026-07-26T08:16:54.915058+03:00,_0,9a5aec5a135f,Agias Filaxeos,E110 - Eleftherias,0
2026-07-26T05:12:17Z,2026-07-26T08:16:54.915058+03:00,_1,db98c9d0a2e0,E110 - 1 Apriliou,E110 - 1 Apriliou,3
2026-07-26T05:12:17Z,2026-07-26T08:16:54.915058+03:00,_2,c97b954fcb12,E110 - 1 Apriliou,E110 - Eleftherias,0
2026-07-26T06:25:07Z,2026-07-26T09:29:44.960465+03:00,_0,51516327098d,Spyrou Kyprianou Ave,Spyrou Kyprianou Ave,0
2026-07-26T06:25:07Z,2026-07-26T09:29:44.960465+03:00,_1,e47265de14fc,Spyrou Kyprianou Ave,Spyrou Kyprianou Ave,3
2026-07-26T06:25:07Z,2026-07-26T09:29:44.960465+03:00,_2,b16f06e86626,Spyrou Kyprianou Ave,Spyrou Kyprianou Ave,0
2026-07-26T09:07:49Z,2026-07-26T12:12:26.743122+03:00,_0,1903b2559960,Pafos,Archiepiskopou Makariou III Ave,0
2026-07-26T09:07:49Z,2026-07-26T12:12:26.743122+03:00,_1,660d388bb733,Lemesou Ave,Archiepiskopou Makariou III Ave,2
2026-07-26T09:07:49Z,2026-07-26T12:12:26.743122+03:00,_2,8fab7dfc83f0,Lemesou Ave,B19 - Omirou Ave,0
2026-07-26T09:48:33Z,2026-07-26T12:53:10.946036+03:00,_0,72b03ff9b5bc,E110,E110 - Agias Fylaxeos,0
2026-07-26T09:48:33Z,2026-07-26T12:53:10.946036+03:00,_1,957646b8eca6,E110 - 1 Apriliou,E110 - Agias Fylaxeos,3
2026-07-26T09:48:33Z,2026-07-26T12:53:10.946036+03:00,_2,349acb71856e,E110 - 1 Apriliou,E147 - Archiepiskopou Makariou III Ave,0
2026-07-26T09:48:33Z,2026-07-26T12:53:10.946036+03:00,_0,280f434c77f8,E147 - Archiepiskopou Makariou III Ave,Dimitriou Psatha,0
2026-07-26T09:48:33Z,2026-07-26T12:53:10.946036+03:00,_1,bba60fd78a23,Isavron,Georgiou Papandreou,3
2026-07-26T09:48:33Z,2026-07-26T12:53:10.946036+03:00,_2,cfdaca7cb53b,Dimitriou Psatha,E110,0
2026-07-26T09:58:37Z,2026-07-26T13:03:15.334475+03:00,_0,72b03ff9b5bc,E110,E110 - Agias Fylaxeos,0
2026-07-26T09:58:37Z,2026-07-26T13:03:15.334475+03:00,_1,6b1c856e842f,E110 - 1 Apriliou,E110 - Agias Fylaxeos,3
2026-07-26T09:58:37Z,2026-07-26T13:03:15.334475+03:00,_2,8152aad49074,E110 - 1 Apriliou,E147 - Archiepiskopou Makariou III Ave,0
2026-07-26T10:41:27Z,2026-07-26T13:46:05.401364+03:00,_0,1903b2559960,,Archiepiskopou Makariou III Ave,0
2026-07-26T10:41:27Z,2026-07-26T13:46:05.401364+03:00,_1,660d388bb733,Lemesou Ave,Archiepiskopou Makariou III Ave,2
2026-07-26T10:41:27Z,2026-07-26T13:46:05.401364+03:00,_2,8fab7dfc83f0,Lemesou Ave,Evagorou Ave,0
2026-07-26T12:15:43Z,2026-07-26T15:20:21.183835+03:00,_0,1903b2559960,,Archiepiskopou Makariou III Ave,0
2026-07-26T12:15:43Z,2026-07-26T15:20:21.183835+03:00,_1,660d388bb733,Lemesou Ave,Archiepiskopou Makariou III Ave,3
2026-07-26T12:15:43Z,2026-07-26T15:20:21.183835+03:00,_2,8fab7dfc83f0,Lemesou Ave,Evagorou Ave,0
2026-07-26T13:06:08Z,2026-07-26T16:10:46.447895+03:00,_0,1903b2559960,,Archiepiskopou Makariou III Ave,0
2026-07-26T13:06:08Z,2026-07-26T16:10:46.447895+03:00,_1,660d388bb733,Lemesou Ave,Archiepiskopou Makariou III Ave,2
2026-07-26T13:06:08Z,2026-07-26T16:10:46.447895+03:00,_2,8fab7dfc83f0,Lemesou Ave,Evagorou Ave,0
2026-07-26T15:12:39Z,2026-07-26T18:17:16.870689+03:00,_0,1903b2559960,,Archiepiskopou Makariou III Ave,0
2026-07-26T15:12:39Z,2026-07-26T18:17:16.870689+03:00,_1,660d388bb733,Lemesou Ave,Archiepiskopou Makariou III Ave,2
2026-07-26T15:12:39Z,2026-07-26T18:17:16.870689+03:00,_2,8fab7dfc83f0,Lemesou Ave,Evagorou Ave,0
2026-07-26T16:26:10Z,2026-07-26T19:30:18.408958+03:00,_0,fe72ea2b224f,Strovolos,Lemesou Ave,0
2026-07-26T16:26:10Z,2026-07-26T19:30:18.408958+03:00,_1,1c3025f6d361,Strovolos,Lemesou Ave,3
2026-07-26T16:26:10Z,2026-07-26T19:30:18.408958+03:00,_2,7792802c8552,Aglantzia,Archiepiskopou Makariou III Ave,0
2026-07-26T16:26:10Z,2026-07-26T19:30:18.408958+03:00,_0,d0dc64f54734,,Lemesou Ave,0
2026-07-26T16:26:10Z,2026-07-26T19:30:18.408958+03:00,_1,1c3025f6d361,Strovolos,Lemesou Ave,3
2026-07-26T16:26:10Z,2026-07-26T19:30:18.408958+03:00,_2,cc8badd45da4,Aglantzia,Evagorou Ave,0
2026-07-26T16:36:13Z,2026-07-26T19:40:50.645971+03:00,_0,fe72ea2b224f,Strovolos,Lemesou Ave,0
2026-07-26T16:36:13Z,2026-07-26T19:40:50.645971+03:00,_1,16a08779ce14,Strovolos,Lemesou Ave,4
2026-07-26T16:36:13Z,2026-07-26T19:40:50.645971+03:00,_2,002a54c51467,A1,Archiepiskopou Makariou III Ave,0
2026-07-26T16:36:13Z,2026-07-26T19:40:50.645971+03:00,_0,d0dc64f54734,,Lemesou Ave,0
2026-07-26T16:36:13Z,2026-07-26T19:40:50.645971+03:00,_1,16a08779ce14,Strovolos,Lemesou Ave,4
2026-07-26T16:36:13Z,2026-07-26T19:40:50.645971+03:00,_2,14b12720ba53,A1,Evagorou Ave,0
2026-07-26T16:46:17Z,2026-07-26T19:50:54.712003+03:00,_0,fe72ea2b224f,Strovolos,Lemesou Ave,0
2026-07-26T16:46:17Z,2026-07-26T19:50:54.712003+03:00,_1,16a08779ce14,Strovolos,Lemesou Ave,3
2026-07-26T16:46:17Z,2026-07-26T19:50:54.712003+03:00,_2,002a54c51467,A1,Archiepiskopou Makariou III Ave,0
2026-07-26T16:46:17Z,2026-07-26T19:50:54.712003+03:00,_0,1cc902273d46,E110,E147 - Archiepiskopou Makariou III Ave,0
2026-07-26T16:46:17Z,2026-07-26T19:50:54.712003+03:00,_1,b1607c8a378f,Agias Filaxeos,E147 - Archiepiskopou Makariou III Ave,4
2026-07-26T16:46:17Z,2026-07-26T19:50:54.712003+03:00,_0,d0dc64f54734,,Lemesou Ave,0
2026-07-26T16:46:17Z,2026-07-26T19:50:54.712003+03:00,_1,16a08779ce14,Strovolos,Lemesou Ave,3
2026-07-26T16:46:17Z,2026-07-26T19:50:54.712003+03:00,_2,14b12720ba53,A1,Evagorou Ave,0
2026-07-26T16:05:03Z,2026-07-26T19:09:42.669967+03:00,_0,9a5aec5a135f,E147 - Archiepiskopou Makariou III Ave,E110 - Eleftherias,0
2026-07-26T16:05:03Z,2026-07-26T19:09:42.669967+03:00,_1,db98c9d0a2e0,E110 - 1 Apriliou,E110 - 1 Apriliou,3
2026-07-26T16:05:03Z,2026-07-26T19:09:42.669967+03:00,_2,c97b954fcb12,E110 - 1 Apriliou,E110,0
2026-07-26T16:05:03Z,2026-07-26T19:09:42.669967+03:00,_0,1903b2559960,,Archiepiskopou Makariou III Ave,0
2026-07-26T16:05:03Z,2026-07-26T19:09:42.669967+03:00,_1,660d388bb733,Lemesou Ave,Archiepiskopou Makariou III Ave,2
2026-07-26T16:05:03Z,2026-07-26T19:09:42.669967+03:00,_2,8fab7dfc83f0,Lemesou Ave,Evagorou Ave,0
2026-07-26T16:15:32Z,2026-07-26T19:20:10.092473+03:00,_0,fe72ea2b224f,Strovolos,Lemesou Ave,0
2026-07-26T16:15:32Z,2026-07-26T19:20:10.092473+03:00,_1,1c3025f6d361,Strovolos,Lemesou Ave,3
2026-07-26T16:15:32Z,2026-07-26T19:20:10.092473+03:00,_2,7792802c8552,Aglantzia,Archiepiskopou Makariou III Ave,0
2026-07-26T16:15:32Z,2026-07-26T19:20:10.092473+03:00,_0,9a5aec5a135f,E147 - Archiepiskopou Makariou III Ave,E110 - Eleftherias,0
2026-07-26T16:15:32Z,2026-07-26T19:20:10.092473+03:00,_1,db98c9d0a2e0,E110 - 1 Apriliou,E110 - 1 Apriliou,3
2026-07-26T16:15:32Z,2026-07-26T19:20:10.092473+03:00,_2,c97b954fcb12,E110 - 1 Apriliou,E110,0
2026-07-26T16:15:32Z,2026-07-26T19:20:10.092473+03:00,_0,d0dc64f54734,,Lemesou Ave,0
2026-07-26T16:15:32Z,2026-07-26T19:20:10.092473+03:00,_1,1c3025f6d361,Strovolos,Lemesou Ave,3
2026-07-26T16:15:32Z,2026-07-26T19:20:10.092473+03:00,_2,cc8badd45da4,Aglantzia,Evagorou Ave,0
2026-07-26T16:25:38Z,2026-07-26T19:30:18.408958+03:00,_0,fe72ea2b224f,Strovolos,Lemesou Ave,0
2026-07-26T16:25:38Z,2026-07-26T19:30:18.408958+03:00,_1,1c3025f6d361,Strovolos,Lemesou Ave,3
2026-07-26T16:25:38Z,2026-07-26T19:30:18.408958+03:00,_2,7792802c8552,Aglantzia,Archiepiskopou Makariou III Ave,0
2026-07-26T16:25:38Z,2026-07-26T19:30:18.408958+03:00,_0,d0dc64f54734,,Lemesou Ave,0
2026-07-26T16:25:38Z,2026-07-26T19:30:18.408958+03:00,_1,1c3025f6d361,Strovolos,Lemesou Ave,3
2026-07-26T16:25:38Z,2026-07-26T19:30:18.408958+03:00,_2,cc8badd45da4,Aglantzia,Evagorou Ave,0
2026-07-26T16:56:22Z,2026-07-26T20:01:00.403164+03:00,_0,fe72ea2b224f,Strovolos,Lemesou Ave,0
2026-07-26T16:56:22Z,2026-07-26T20:01:00.403164+03:00,_1,1c3025f6d361,Strovolos,Lemesou Ave,3
2026-07-26T16:56:22Z,2026-07-26T20:01:00.403164+03:00,_2,7792802c8552,Aglantzia,Archiepiskopou Makariou III Ave,0
2026-07-26T16:56:22Z,2026-07-26T20:01:00.403164+03:00,_0,9a5aec5a135f,E147 - Archiepiskopou Makariou III Ave,E110 - Eleftherias,0
2026-07-26T16:56:22Z,2026-07-26T20:01:00.403164+03:00,_1,db98c9d0a2e0,E110 - 1 Apriliou,E110 - 1 Apriliou,3
2026-07-26T16:56:22Z,2026-07-26T20:01:00.403164+03:00,_2,c97b954fcb12,E110 - 1 Apriliou,E110,0
2026-07-26T16:56:22Z,2026-07-26T20:01:00.403164+03:00,_0,d0dc64f54734,,Lemesou Ave,0
2026-07-26T16:56:22Z,2026-07-26T20:01:00.403164+03:00,_1,1c3025f6d361,Strovolos,Lemesou Ave,3
2026-07-26T16:56:22Z,2026-07-26T20:01:00.403164+03:00,_2,cc8badd45da4,Aglantzia,Evagorou Ave,0
2026-07-26T17:06:26Z,2026-07-26T20:11:04.591751+03:00,_0,fe72ea2b224f,Strovolos,Lemesou Ave,0
2026-07-26T17:06:26Z,2026-07-26T20:11:04.591751+03:00,_1,1c3025f6d361,Strovolos,Lemesou Ave,4
2026-07-26T17:06:26Z,2026-07-26T20:11:04.591751+03:00,_2,7792802c8552,Aglantzia,Archiepiskopou Makariou III Ave,0
2026-07-26T17:06:26Z,2026-07-26T20:11:04.591751+03:00,_0,d0dc64f54734,,Lemesou Ave,0
2026-07-26T17:06:26Z,2026-07-26T20:11:04.591751+03:00,_1,1c3025f6d361,Strovolos,Lemesou Ave,4
2026-07-26T17:06:26Z,2026-07-26T20:11:04.591751+03:00,_2,cc8badd45da4,Aglantzia,Evagorou Ave,0
2026-07-26T17:16:51Z,2026-07-26T20:21:29.309123+03:00,_0,fe72ea2b224f,Strovolos,Lemesou Ave,0
2026-07-26T17:16:51Z,2026-07-26T20:21:29.309123+03:00,_1,16a08779ce14,Strovolos,Lemesou Ave,3
2026-07-26T17:16:51Z,2026-07-26T20:21:29.309123+03:00,_2,002a54c51467,A1,Archiepiskopou Makariou III Ave,0
2026-07-26T17:16:51Z,2026-07-26T20:21:29.309123+03:00,_0,9a5aec5a135f,E147 - Archiepiskopou Makariou III Ave,E110 - Eleftherias,0
2026-07-26T17:16:51Z,2026-07-26T20:21:29.309123+03:00,_1,db98c9d0a2e0,E110 - 1 Apriliou,E110 - 1 Apriliou,3
2026-07-26T17:16:51Z,2026-07-26T20:21:29.309123+03:00,_2,c97b954fcb12,E110 - 1 Apriliou,E110,0
2026-07-26T17:16:51Z,2026-07-26T20:21:29.309123+03:00,_0,d0dc64f54734,,Lemesou Ave,0
2026-07-26T17:16:51Z,2026-07-26T20:21:29.309123+03:00,_1,16a08779ce14,Strovolos,Lemesou Ave,3
2026-07-26T17:16:51Z,2026-07-26T20:21:29.309123+03:00,_2,14b12720ba53,A1,Evagorou Ave,0
2026-07-26T17:26:57Z,2026-07-26T20:31:34.973060+03:00,_0,fe72ea2b224f,Strovolos,Lemesou Ave,0
2026-07-26T17:26:57Z,2026-07-26T20:31:34.973060+03:00,_1,1c3025f6d361,Strovolos,Lemesou Ave,4
2026-07-26T17:26:57Z,2026-07-26T20:31:34.973060+03:00,_2,7792802c8552,Aglantzia,Archiepiskopou Makariou III Ave,0
2026-07-26T17:26:57Z,2026-07-26T20:31:34.973060+03:00,_0,1cc902273d46,E110,E147 - Archiepiskopou Makariou III Ave,0
2026-07-26T17:26:57Z,2026-07-26T20:31:34.973060+03:00,_1,b1607c8a378f,Agias Filaxeos,E147 - Archiepiskopou Makariou III Ave,3
2026-07-26T17:26:57Z,2026-07-26T20:31:34.973060+03:00,_0,d0dc64f54734,,Lemesou Ave,0
2026-07-26T17:26:57Z,2026-07-26T20:31:34.973060+03:00,_1,1c3025f6d361,Strovolos,Lemesou Ave,4
2026-07-26T17:26:57Z,2026-07-26T20:31:34.973060+03:00,_2,cc8badd45da4,Aglantzia,Evagorou Ave,0
2026-07-26T17:37:01Z,2026-07-26T20:41:39.089450+03:00,_0,fe72ea2b224f,Strovolos,Lemesou Ave,0
2026-07-26T17:37:01Z,2026-07-26T20:41:39.089450+03:00,_1,16a08779ce14,Strovolos,Lemesou Ave,3
2026-07-26T17:37:01Z,2026-07-26T20:41:39.089450+03:00,_2,002a54c51467,A1,Archiepiskopou Makariou III Ave,0
2026-07-26T17:37:01Z,2026-07-26T20:41:39.089450+03:00,_0,248866f2f861,E110,E147 - Archiepiskopou Makariou III Ave,0
2026-07-26T17:37:01Z,2026-07-26T20:41:39.089450+03:00,_1,e713c7488bdd,Agias Filaxeos,E147 - Archiepiskopou Makariou III Ave,3
2026-07-26T17:37:01Z,2026-07-26T20:41:39.089450+03:00,_0,d0dc64f54734,,Lemesou Ave,0
2026-07-26T17:37:01Z,2026-07-26T20:41:39.089450+03:00,_1,16a08779ce14,Strovolos,Lemesou Ave,3
2026-07-26T17:37:01Z,2026-07-26T20:41:39.089450+03:00,_2,002a54c51467,A1,Archiepiskopou Makariou III Ave,0
2026-07-26T17:37:01Z,2026-07-26T20:41:39.089450+03:00,_3,660d388bb733,Lemesou Ave,Archiepiskopou Makariou III Ave,2
2026-07-26T17:37:01Z,2026-07-26T20:41:39.089450+03:00,_4,8fab7dfc83f0,Lemesou Ave,Evagorou Ave,0
2026-07-26T17:47:05Z,2026-07-26T20:51:43.230451+03:00,_0,fe72ea2b224f,Strovolos,Lemesou Ave,0
2026-07-26T17:47:05Z,2026-07-26T20:51:43.230451+03:00,_1,16a08779ce14,Strovolos,Lemesou Ave,3
2026-07-26T17:47:05Z,2026-07-26T20:51:43.230451+03:00,_2,002a54c51467,A1,Archiepiskopou Makariou III Ave,0
2026-07-26T17:47:05Z,2026-07-26T20:51:43.230451+03:00,_0,ecaddb19046c,E110,E147 - Archiepiskopou Makariou III Ave,0
2026-07-26T17:47:05Z,2026-07-26T20:51:43.230451+03:00,_1,f8a1b1df72c7,Agias Filaxeos,E147 - Archiepiskopou Makariou III Ave,4
2026-07-26T17:47:05Z,2026-07-26T20:51:43.230451+03:00,_0,d0dc64f54734,,Lemesou Ave,0
2026-07-26T17:47:05Z,2026-07-26T20:51:43.230451+03:00,_1,16a08779ce14,Strovolos,Lemesou Ave,3
2026-07-26T17:47:05Z,2026-07-26T20:51:43.230451+03:00,_2,14b12720ba53,A1,Evagorou Ave,0
2026-07-26T17:57:10Z,2026-07-26T21:01:48.605605+03:00,_0,248866f2f861,E110,E147 - Archiepiskopou Makariou III Ave,0
2026-07-26T17:57:10Z,2026-07-26T21:01:48.605605+03:00,_1,e713c7488bdd,Agias Filaxeos,E147 - Archiepiskopou Makariou III Ave,4
2026-07-26T18:17:38Z,2026-07-26T21:22:15.799588+03:00,_0,1903b2559960,,Archiepiskopou Makariou III Ave,0
2026-07-26T18:17:38Z,2026-07-26T21:22:15.799588+03:00,_1,660d388bb733,Lemesou Ave,Archiepiskopou Makariou III Ave,2
2026-07-26T18:17:38Z,2026-07-26T21:22:15.799588+03:00,_2,8fab7dfc83f0,Lemesou Ave,Evagorou Ave,0
2026-07-26T18:37:46Z,2026-07-26T21:42:24.093212+03:00,_0,9a5aec5a135f,E147 - Archiepiskopou Makariou III Ave,E110 - Eleftherias,0
2026-07-26T18:37:46Z,2026-07-26T21:42:24.093212+03:00,_1,db98c9d0a2e0,E110 - 1 Apriliou,E110 - 1 Apriliou,3
2026-07-26T18:37:46Z,2026-07-26T21:42:24.093212+03:00,_2,c97b954fcb12,E110 - 1 Apriliou,E110,0
2026-07-26T19:34:45Z,2026-07-26T22:39:23.156521+03:00,_0,9a5aec5a135f,E147 - Archiepiskopou Makariou III Ave,E110 - Eleftherias,0
2026-07-26T19:34:45Z,2026-07-26T22:39:23.156521+03:00,_1,db98c9d0a2e0,E110 - 1 Apriliou,E110 - 1 Apriliou,3
2026-07-26T19:34:45Z,2026-07-26T22:39:23.156521+03:00,_2,c97b954fcb12,E110 - 1 Apriliou,E110,0
2026-07-26T19:44:48Z,2026-07-26T22:49:26.859393+03:00,_0,9a5aec5a135f,E147 - Archiepiskopou Makariou III Ave,E110 - Eleftherias,0
2026-07-26T19:44:48Z,2026-07-26T22:49:26.859393+03:00,_1,db98c9d0a2e0,E110 - 1 Apriliou,E110 - 1 Apriliou,3
2026-07-26T19:44:48Z,2026-07-26T22:49:26.859393+03:00,_2,c97b954fcb12,E110 - 1 Apriliou,E110,0
2026-07-26T23:29:06Z,2026-07-27T02:33:44.563009+03:00,_0,2122746d5a59,Georgiou Neofytou,Spyrou Kyprianou Ave,2
2026-07-26T23:29:06Z,2026-07-27T02:33:44.563009+03:00,_1,f07ddde0a59d,Spyrou Kyprianou Ave,Angelou Vlachou,0
2026-07-27T03:57:09Z,2026-07-27T07:01:47.381701+03:00,_0,9637c1cd3244,Strovolos,Strovolos,0
2026-07-27T03:57:09Z,2026-07-27T07:01:47.381701+03:00,_1,d1bd4cd56cd8,Strovolos,Lemesou Ave,3
2026-07-27T03:57:09Z,2026-07-27T07:01:47.381701+03:00,_2,add4a150dbdb,Aglantzia,Lemesou Ave,0
2026-07-27T03:57:09Z,2026-07-27T07:01:47.381701+03:00,_3,de5c4da2e830,A1,Lemesou Ave,3
2026-07-27T03:57:09Z,2026-07-27T07:01:47.381701+03:00,_4,85b99fc6d959,A1,Archiepiskopou Makariou III Ave,0
2026-07-27T03:57:09Z,2026-07-27T07:01:47.381701+03:00,_0,106f0a75c576,Leoforos Strovolou,Strovolou Ave,0
2026-07-27T03:57:09Z,2026-07-27T07:01:47.381701+03:00,_1,0660334d11dc,Strovolou Ave,Strovolou Ave,2
2026-07-27T03:57:09Z,2026-07-27T07:01:47.381701+03:00,_2,b7d9dc03982a,Strovolou Ave,E902 - Proedrikou Megarou Ave,0
2026-07-27T03:57:09Z,2026-07-27T07:01:47.381701+03:00,_0,72b03ff9b5bc,E110,E110 - Agias Fylaxeos,0
2026-07-27T03:57:09Z,2026-07-27T07:01:47.381701+03:00,_1,e50ca2ecb1e0,E110 - 1 Apriliou,,2
2026-07-27T03:57:09Z,2026-07-27T07:01:47.381701+03:00,_2,c8792afe581d,E110 - Agias Fylaxeos,E147 - Archiepiskopou Makariou III Ave,0
2026-07-27T03:57:09Z,2026-07-27T07:01:47.381701+03:00,_0,1561bafaf811,,Lemesou Ave,0
2026-07-27T03:57:09Z,2026-07-27T07:01:47.381701+03:00,_1,d1bd4cd56cd8,Strovolos,Lemesou Ave,3
2026-07-27T03:57:09Z,2026-07-27T07:01:47.381701+03:00,_2,add4a150dbdb,Aglantzia,Lemesou Ave,0
2026-07-27T03:57:09Z,2026-07-27T07:01:47.381701+03:00,_3,de5c4da2e830,A1,Lemesou Ave,3
2026-07-27T03:57:09Z,2026-07-27T07:01:47.381701+03:00,_4,42e8917c1e04,A1,Evagorou Ave,0
2026-07-27T04:07:39Z,2026-07-27T07:12:17.059901+03:00,_0,9637c1cd3244,Strovolos,Strovolos,0
2026-07-27T04:07:39Z,2026-07-27T07:12:17.059901+03:00,_1,d1bd4cd56cd8,Strovolos,Lemesou Ave,3
2026-07-27T04:07:39Z,2026-07-27T07:12:17.059901+03:00,_2,3909c4aec98f,Aglantzia,Lemesou Ave,0
2026-07-27T04:07:39Z,2026-07-27T07:12:17.059901+03:00,_3,fedb3d094e5d,A1,Lemesou Ave,2
2026-07-27T04:07:39Z,2026-07-27T07:12:17.059901+03:00,_4,d2028a2a4d9d,Lemesou Ave,Lemesou Ave,0
2026-07-27T04:07:39Z,2026-07-27T07:12:17.059901+03:00,_5,c57daf65c80e,Lemesou Ave,Archiepiskopou Makariou III Ave,2
2026-07-27T04:07:39Z,2026-07-27T07:12:17.059901+03:00,_0,f301696b4941,Leoforos Strovolou,Strovolou Ave,0
2026-07-27T04:07:39Z,2026-07-27T07:12:17.059901+03:00,_1,c983bef145a4,Strovolou Ave,E902 - Proedrikou Megarou Ave,3
2026-07-27T04:07:39Z,2026-07-27T07:12:17.059901+03:00,_2,92d65c298345,Strovolou Ave,E902 - Proedrikou Megarou Ave,0
2026-07-27T04:07:39Z,2026-07-27T07:12:17.059901+03:00,_0,df567d5dbf59,E110,E110 - Agias Fylaxeos,0
2026-07-27T04:07:39Z,2026-07-27T07:12:17.059901+03:00,_1,883ce04f7136,E110 - 1 Apriliou,,2
2026-07-27T04:07:39Z,2026-07-27T07:12:17.059901+03:00,_2,c8792afe581d,E110 - Agias Fylaxeos,E147 - Archiepiskopou Makariou III Ave,0
2026-07-27T04:07:39Z,2026-07-27T07:12:17.059901+03:00,_0,1561bafaf811,,Lemesou Ave,0
2026-07-27T04:07:39Z,2026-07-27T07:12:17.059901+03:00,_1,d1bd4cd56cd8,Strovolos,Lemesou Ave,3
2026-07-27T04:07:39Z,2026-07-27T07:12:17.059901+03:00,_2,3909c4aec98f,Aglantzia,Lemesou Ave,0
2026-07-27T04:07:39Z,2026-07-27T07:12:17.059901+03:00,_3,fedb3d094e5d,A1,Lemesou Ave,2
2026-07-27T04:07:39Z,2026-07-27T07:12:17.059901+03:00,_4,d2028a2a4d9d,Lemesou Ave,Lemesou Ave,0
2026-07-27T04:07:39Z,2026-07-27T07:12:17.059901+03:00,_5,43f05193c4b0,Lemesou Ave,Archiepiskopou Makariou III Ave,2
2026-07-27T04:07:39Z,2026-07-27T07:12:17.059901+03:00,_6,8fab7dfc83f0,Lemesou Ave,Evagorou Ave,0
2026-07-27T04:18:08Z,2026-07-27T07:22:46.649200+03:00,_0,9637c1cd3244,Strovolos,Strovolos,0
2026-07-27T04:18:08Z,2026-07-27T07:22:46.649200+03:00,_1,8a167e0dcc42,Strovolos,Lemesou Ave,4
2026-07-27T04:18:08Z,2026-07-27T07:22:46.649200+03:00,_2,67a9a3bd2fb0,A1,Lemesou Ave,0
2026-07-27T04:18:08Z,2026-07-27T07:22:46.649200+03:00,_3,fedb3d094e5d,A1,Lemesou Ave,2
2026-07-27T04:18:08Z,2026-07-27T07:22:46.649200+03:00,_4,85b99fc6d959,A1,Archiepiskopou Makariou III Ave,0
2026-07-27T04:18:08Z,2026-07-27T07:22:46.649200+03:00,_0,f301696b4941,Leoforos Strovolou,Strovolou Ave,0
2026-07-27T04:18:08Z,2026-07-27T07:22:46.649200+03:00,_1,3b7eac825bbe,Strovolou Ave,Strovolou Ave,3
2026-07-27T04:18:08Z,2026-07-27T07:22:46.649200+03:00,_2,b7d9dc03982a,Strovolou Ave,E902 - Proedrikou Megarou Ave,0
2026-07-27T04:18:08Z,2026-07-27T07:22:46.649200+03:00,_0,1561bafaf811,,Lemesou Ave,0
2026-07-27T04:18:08Z,2026-07-27T07:22:46.649200+03:00,_1,8a167e0dcc42,Strovolos,Lemesou Ave,4
2026-07-27T04:18:08Z,2026-07-27T07:22:46.649200+03:00,_2,67a9a3bd2fb0,A1,Lemesou Ave,0
2026-07-27T04:18:08Z,2026-07-27T07:22:46.649200+03:00,_3,fedb3d094e5d,A1,Lemesou Ave,2
2026-07-27T04:18:08Z,2026-07-27T07:22:46.649200+03:00,_4,42e8917c1e04,A1,Evagorou Ave,0
2026-07-27T04:28:40Z,2026-07-27T07:33:18.407032+03:00,_0,d7fa998be72c,Strovolos,Strovolos,0
2026-07-27T04:28:40Z,2026-07-27T07:33:18.407032+03:00,_1,662a8296a2f3,Strovolos,Lemesou Ave,4
2026-07-27T04:28:40Z,2026-07-27T07:33:18.407032+03:00,_2,002a54c51467,A1,Archiepiskopou Makariou III Ave,0
2026-07-27T04:28:40Z,2026-07-27T07:33:18.407032+03:00,_0,5f39d2391c75,Leoforos Strovolou,Strovolou Ave,0
2026-07-27T04:28:40Z,2026-07-27T07:33:18.407032+03:00,_1,1c02e40f3134,Strovolou Ave,Strovolou Ave,2
2026-07-27T04:28:40Z,2026-07-27T07:33:18.407032+03:00,_2,b7d9dc03982a,Strovolou Ave,E902 - Proedrikou Megarou Ave,0
2026-07-27T04:28:40Z,2026-07-27T07:33:18.407032+03:00,_0,37e913d03e44,,Strovolos,0
2026-07-27T04:28:40Z,2026-07-27T07:33:18.407032+03:00,_1,662a8296a2f3,Strovolos,Lemesou Ave,4
2026-07-27T04:28:40Z,2026-07-27T07:33:18.407032+03:00,_2,14b12720ba53,A1,Evagorou Ave,0
2026-07-27T04:39:09Z,2026-07-27T07:43:47.731239+03:00,_0,d7fa998be72c,Strovolos,Strovolos,0
2026-07-27T04:39:09Z,2026-07-27T07:43:47.731239+03:00,_1,56258ee4f147,Strovolos,Lemesou Ave,4
2026-07-27T04:39:09Z,2026-07-27T07:43:47.731239+03:00,_2,7c50b274239b,Aglantzia,E164 - Armenias,0
2026-07-27T04:39:09Z,2026-07-27T07:43:47.731239+03:00,_3,c57daf65c80e,Lemesou Ave,Archiepiskopou Makariou III Ave,2
2026-07-27T04:39:09Z,2026-07-27T07:43:47.731239+03:00,_0,106f0a75c576,Leoforos Strovolou,Strovolou Ave,0
2026-07-27T04:39:09Z,2026-07-27T07:43:47.731239+03:00,_1,0660334d11dc,Strovolou Ave,Strovolou Ave,3
2026-07-27T04:39:09Z,2026-07-27T07:43:47.731239+03:00,_2,b7d9dc03982a,Strovolou Ave,E902 - Proedrikou Megarou Ave,0
2026-07-27T04:39:09Z,2026-07-27T07:43:47.731239+03:00,_0,72b03ff9b5bc,E110,E110 - Agias Fylaxeos,0
2026-07-27T04:39:09Z,2026-07-27T07:43:47.731239+03:00,_1,e50ca2ecb1e0,E110 - 1 Apriliou,,3
2026-07-27T04:39:09Z,2026-07-27T07:43:47.731239+03:00,_2,bf3bfa70d4c6,E110 - Agias Fylaxeos,E147 - Archiepiskopou Makariou III Ave,0
2026-07-27T04:39:09Z,2026-07-27T07:43:47.731239+03:00,_0,9a5aec5a135f,E147 - Archiepiskopou Makariou III Ave,E110 - Eleftherias,0
2026-07-27T04:39:09Z,2026-07-27T07:43:47.731239+03:00,_1,db98c9d0a2e0,E110 - 1 Apriliou,E110 - 1 Apriliou,3
2026-07-27T04:39:09Z,2026-07-27T07:43:47.731239+03:00,_2,c97b954fcb12,E110 - 1 Apriliou,E110,0
2026-07-27T04:39:09Z,2026-07-27T07:43:47.731239+03:00,_0,37e913d03e44,,Strovolos,0
2026-07-27T04:39:09Z,2026-07-27T07:43:47.731239+03:00,_1,56258ee4f147,Strovolos,Lemesou Ave,4
2026-07-27T04:39:09Z,2026-07-27T07:43:47.731239+03:00,_2,7c50b274239b,Aglantzia,E164 - Armenias,0
2026-07-27T04:39:09Z,2026-07-27T07:43:47.731239+03:00,_3,43f05193c4b0,Lemesou Ave,Archiepiskopou Makariou III Ave,2
2026-07-27T04:39:09Z,2026-07-27T07:43:47.731239+03:00,_4,8fab7dfc83f0,Lemesou Ave,Evagorou Ave,0
2026-07-27T04:49:39Z,2026-07-27T07:54:17.409333+03:00,_0,a73ceba901e1,Strovolos,Strovolos,0
2026-07-27T04:49:39Z,2026-07-27T07:54:17.409333+03:00,_1,0b0229e2fb21,Strovolos,Lemesou Ave,4
2026-07-27T04:49:39Z,2026-07-27T07:54:17.409333+03:00,_2,7792802c8552,Aglantzia,Archiepiskopou Makariou III Ave,0
2026-07-27T04:49:39Z,2026-07-27T07:54:17.409333+03:00,_0,899c88dfdd04,Leoforos Strovolou,Arch. Makariou III,0
2026-07-27T04:49:39Z,2026-07-27T07:54:17.409333+03:00,_1,7cd237968878,E902 - Archiepiskopou Makariou III,Strovolou Ave,2
2026-07-27T04:49:39Z,2026-07-27T07:54:17.409333+03:00,_2,c334b5ab11a0,Arch. Makariou III,Strovolou Ave,0
2026-07-27T04:49:39Z,2026-07-27T07:54:17.409333+03:00,_3,1c1544913564,Arch. Makariou III,Strovolou Ave,3
2026-07-27T04:49:39Z,2026-07-27T07:54:17.409333+03:00,_4,08cf130fef9c,Strovolou Ave,Strovolou Ave,0
2026-07-27T04:49:39Z,2026-07-27T07:54:17.409333+03:00,_5,83ec6d1f609f,Strovolou Ave,Strovolou Ave,3
2026-07-27T04:49:39Z,2026-07-27T07:54:17.409333+03:00,_6,8092274653ac,Strovolou Ave,Strovolou Ave,0
2026-07-27T04:49:39Z,2026-07-27T07:54:17.409333+03:00,_7,d839b076b4bf,Strovolou Ave,Strovolou Ave,3
2026-07-27T04:49:39Z,2026-07-27T07:54:17.409333+03:00,_8,92d65c298345,Strovolou Ave,E902 - Proedrikou Megarou Ave,0
2026-07-27T04:49:39Z,2026-07-27T07:54:17.409333+03:00,_0,72b03ff9b5bc,E110,E110 - Agias Fylaxeos,0
2026-07-27T04:49:39Z,2026-07-27T07:54:17.409333+03:00,_1,e50ca2ecb1e0,E110 - 1 Apriliou,,3
2026-07-27T04:49:39Z,2026-07-27T07:54:17.409333+03:00,_2,f8441603e171,E110 - Agias Fylaxeos,Agias Filaxeos,0
2026-07-27T04:49:39Z,2026-07-27T07:54:17.409333+03:00,_3,ebd1dcd2b2a6,Agias Filaxeos,E147 - Archiepiskopou Makariou III Ave,3
2026-07-27T04:49:39Z,2026-07-27T07:54:17.409333+03:00,_0,67becf3879a0,Episkopi,Ypsonas,0
2026-07-27T04:49:39Z,2026-07-27T07:54:17.409333+03:00,_1,93b93ca1ebdd,Ypsonas,Lemesos,1
2026-07-27T04:49:39Z,2026-07-27T07:54:17.409333+03:00,_2,d73a04fc5195,Mesa Geitonia,Germasogeia,0
2026-07-27T04:49:39Z,2026-07-27T07:54:17.409333+03:00,_0,4696d5c3edda,,Ypsonas,0
2026-07-27T04:49:39Z,2026-07-27T07:54:17.409333+03:00,_1,93b93ca1ebdd,Ypsonas,Lemesos,1
2026-07-27T04:49:39Z,2026-07-27T07:54:17.409333+03:00,_2,dbc31dbdee37,Mesa Geitonia,Latsia,0
2026-07-27T04:49:39Z,2026-07-27T07:54:17.409333+03:00,_3,0b0229e2fb21,Strovolos,Lemesou Ave,4
2026-07-27T04:49:39Z,2026-07-27T07:54:17.409333+03:00,_4,cc8badd45da4,Aglantzia,Evagorou Ave,0
2026-07-27T05:00:11Z,2026-07-27T08:04:48.865750+03:00,_0,a73ceba901e1,Strovolos,Strovolos,0
2026-07-27T05:00:11Z,2026-07-27T08:04:48.865750+03:00,_1,0b0229e2fb21,Strovolos,Lemesou Ave,4
2026-07-27T05:00:11Z,2026-07-27T08:04:48.865750+03:00,_2,7c50b274239b,Aglantzia,E164 - Armenias,0
2026-07-27T05:00:11Z,2026-07-27T08:04:48.865750+03:00,_3,c57daf65c80e,Lemesou Ave,Archiepiskopou Makariou III Ave,3
2026-07-27T05:00:11Z,2026-07-27T08:04:48.865750+03:00,_0,5947765e3770,Leoforos Strovolou,Strovolou Ave,0
2026-07-27T05:00:11Z,2026-07-27T08:04:48.865750+03:00,_1,9fc8278a9766,Arch. Makariou III,Strovolou Ave,4
2026-07-27T05:00:11Z,2026-07-27T08:04:48.865750+03:00,_2,1e81be2f8ea9,Strovolou Ave,Strovolou Ave,0
2026-07-27T05:00:11Z,2026-07-27T08:04:48.865750+03:00,_3,58d093eca1cd,Strovolou Ave,Strovolou Ave,2
2026-07-27T05:00:11Z,2026-07-27T08:04:48.865750+03:00,_4,b4e66db7c6bf,Strovolou Ave,E902 - Proedrikou Megarou Ave,0
2026-07-27T05:00:11Z,2026-07-27T08:04:48.865750+03:00,_0,c7cc2624ec90,E110,E110 - Agias Fylaxeos,0
2026-07-27T05:00:11Z,2026-07-27T08:04:48.865750+03:00,_1,977b92fdc886,E110 - 1 Apriliou,,3
2026-07-27T05:00:11Z,2026-07-27T08:04:48.865750+03:00,_2,812c5e636d33,E110 - Agias Fylaxeos,Agias Filaxeos,0
2026-07-27T05:00:11Z,2026-07-27T08:04:48.865750+03:00,_3,344a1dbcadf5,Agias Filaxeos,E147 - Archiepiskopou Makariou III Ave,3
2026-07-27T05:00:11Z,2026-07-27T08:04:48.865750+03:00,_0,0ad2cc0d654b,Episkopi,A1,0
2026-07-27T05:00:11Z,2026-07-27T08:04:48.865750+03:00,_1,6ad9b0176d85,Kato Polemidia,A1,1
2026-07-27T05:00:11Z,2026-07-27T08:04:48.865750+03:00,_2,51a87f29a8d7,A6,Lemesos,2
2026-07-27T05:00:11Z,2026-07-27T08:04:48.865750+03:00,_3,4cc85bcdea4b,Lemesos,Germasogeia,0
2026-07-27T05:00:11Z,2026-07-27T08:04:48.865750+03:00,_0,e51d07f99c0a,,A1,0
2026-07-27T05:00:11Z,2026-07-27T08:04:48.865750+03:00,_1,6ad9b0176d85,Kato Polemidia,A1,1
2026-07-27T05:00:11Z,2026-07-27T08:04:48.865750+03:00,_2,51a87f29a8d7,A6,Lemesos,2
2026-07-27T05:00:11Z,2026-07-27T08:04:48.865750+03:00,_3,6a6cc8d05a98,Lemesos,Latsia,0
2026-07-27T05:00:11Z,2026-07-27T08:04:48.865750+03:00,_4,0b0229e2fb21,Strovolos,Lemesou Ave,4
2026-07-27T05:00:11Z,2026-07-27T08:04:48.865750+03:00,_5,7c50b274239b,Aglantzia,E164 - Armenias,0
2026-07-27T05:00:11Z,2026-07-27T08:04:48.865750+03:00,_6,43f05193c4b0,Lemesou Ave,Archiepiskopou Makariou III Ave,3
2026-07-27T05:00:11Z,2026-07-27T08:04:48.865750+03:00,_7,8fab7dfc83f0,Lemesou Ave,Evagorou Ave,0
2026-07-27T05:00:11Z,2026-07-27T08:04:48.865750+03:00,_0,06afc6492b14,Exit 24 >E127 Germasogeia / E113 Lemesos-Centre,Germasogeia,1
2026-07-27T05:00:11Z,2026-07-27T08:04:48.865750+03:00,_1,3e1d75b9e16e,Agios Athanasios,"to A6 > Pafos, Pafos Airport",0
2026-07-27T05:10:40Z,2026-07-27T08:15:18.244170+03:00,_0,4e76d1a3fa55,Strovolos,Strovolos,0
2026-07-27T05:10:40Z,2026-07-27T08:15:18.244170+03:00,_1,347fb184acdc,Strovolos,Lemesou Ave,4
2026-07-27T05:10:40Z,2026-07-27T08:15:18.244170+03:00,_2,2eeb7481ceda,Aglantzia,E164 - Armenias,0
2026-07-27T05:10:40Z,2026-07-27T08:15:18.244170+03:00,_3,8b530b355b26,Lemesou Ave,Archiepiskopou Makariou III Ave,3
2026-07-27T05:10:40Z,2026-07-27T08:15:18.244170+03:00,_0,5947765e3770,Leoforos Strovolou,Strovolou Ave,0
2026-07-27T05:10:40Z,2026-07-27T08:15:18.244170+03:00,_1,9fc8278a9766,Arch. Makariou III,Strovolou Ave,4
2026-07-27T05:10:40Z,2026-07-27T08:15:18.244170+03:00,_2,1e81be2f8ea9,Strovolou Ave,Strovolou Ave,0
2026-07-27T05:10:40Z,2026-07-27T08:15:18.244170+03:00,_3,956232f49bc0,Strovolou Ave,Strovolou Ave,2
2026-07-27T05:10:40Z,2026-07-27T08:15:18.244170+03:00,_4,fe47d188702b,Strovolou Ave,Strovolou Ave,0
2026-07-27T05:10:40Z,2026-07-27T08:15:18.244170+03:00,_5,5da069711715,Strovolou Ave,E902 - Proedrikou Megarou Ave,3
2026-07-27T05:10:40Z,2026-07-27T08:15:18.244170+03:00,_6,c6ac6530f2b9,Strovolou Ave,E902 - Proedrikou Megarou Ave,0
2026-07-27T05:10:40Z,2026-07-27T08:15:18.244170+03:00,_0,9e4085f29919,E110,E110 - Agias Fylaxeos,0
2026-07-27T05:10:40Z,2026-07-27T08:15:18.244170+03:00,_1,f3e473682151,E110 - 1 Apriliou,E110 - Agias Fylaxeos,3
2026-07-27T05:10:40Z,2026-07-27T08:15:18.244170+03:00,_2,e50ca2ecb1e0,E110 - 1 Apriliou,,4
2026-07-27T05:10:40Z,2026-07-27T08:15:18.244170+03:00,_3,73c10e640ed1,E110 - Agias Fylaxeos,E147 - Archiepiskopou Makariou III Ave,0
2026-07-27T05:10:40Z,2026-07-27T08:15:18.244170+03:00,_4,676c339d8b55,Agias Filaxeos,E147 - Archiepiskopou Makariou III Ave,3
2026-07-27T05:10:40Z,2026-07-27T08:15:18.244170+03:00,_0,0ad2cc0d654b,Episkopi,A1,0
2026-07-27T05:10:40Z,2026-07-27T08:15:18.244170+03:00,_1,bde4b67ca7f6,Kato Polemidia,Lemesos,2
2026-07-27T05:10:40Z,2026-07-27T08:15:18.244170+03:00,_2,d73a04fc5195,Mesa Geitonia,Germasogeia,0
2026-07-27T05:10:40Z,2026-07-27T08:15:18.244170+03:00,_0,e51d07f99c0a,,A1,0
2026-07-27T05:10:40Z,2026-07-27T08:15:18.244170+03:00,_1,bde4b67ca7f6,Kato Polemidia,Lemesos,2
2026-07-27T05:10:40Z,2026-07-27T08:15:18.244170+03:00,_2,ad721f38f45e,Mesa Geitonia,Strovolos,0
2026-07-27T05:10:40Z,2026-07-27T08:15:18.244170+03:00,_3,347fb184acdc,Strovolos,Lemesou Ave,4
2026-07-27T05:10:40Z,2026-07-27T08:15:18.244170+03:00,_4,2eeb7481ceda,Aglantzia,E164 - Armenias,0
2026-07-27T05:10:40Z,2026-07-27T08:15:18.244170+03:00,_5,3dec49aff703,Lemesou Ave,Archiepiskopou Makariou III Ave,3
2026-07-27T05:10:40Z,2026-07-27T08:15:18.244170+03:00,_6,5074993633a6,Lemesou Ave,B19 - Omirou Ave,0
2026-07-27T05:10:40Z,2026-07-27T08:15:18.244170+03:00,_7,bf1edcb81968,Omirou Ave,B19 - Omirou Ave,2
2026-07-27T05:10:40Z,2026-07-27T08:15:18.244170+03:00,_8,322961766a35,B19 - Omirou Ave,Anastasiou Leventi,0
2026-07-27T05:10:40Z,2026-07-27T08:15:18.244170+03:00,_0,06afc6492b14,Germasogeia,Germasogeia,2
2026-07-27T05:10:40Z,2026-07-27T08:15:18.244170+03:00,_1,3e1d75b9e16e,Agios Athanasios,Episkopi,0
2026-07-27T05:21:09Z,2026-07-27T08:25:47.941158+03:00,_0,d7fa998be72c,Strovolos,Strovolos,0
2026-07-27T05:21:09Z,2026-07-27T08:25:47.941158+03:00,_1,56258ee4f147,Strovolos,Lemesou Ave,4
2026-07-27T05:21:09Z,2026-07-27T08:25:47.941158+03:00,_2,7c50b274239b,Aglantzia,E164 - Armenias,0
2026-07-27T05:21:09Z,2026-07-27T08:25:47.941158+03:00,_3,c57daf65c80e,Lemesou Ave,Archiepiskopou Makariou III Ave,3
2026-07-27T05:21:09Z,2026-07-27T08:25:47.941158+03:00,_0,5947765e3770,Leoforos Strovolou,Strovolou Ave,0
2026-07-27T05:21:09Z,2026-07-27T08:25:47.941158+03:00,_1,9fc8278a9766,Arch. Makariou III,Strovolou Ave,3
2026-07-27T05:21:09Z,2026-07-27T08:25:47.941158+03:00,_2,1e81be2f8ea9,Strovolou Ave,Strovolou Ave,0
2026-07-27T05:21:09Z,2026-07-27T08:25:47.941158+03:00,_3,b54de865a9d0,Strovolou Ave,E902 - Proedrikou Megarou Ave,3
2026-07-27T05:21:09Z,2026-07-27T08:25:47.941158+03:00,_4,96c3ee6a9698,Strovolou Ave,E902 - Proedrikou Megarou Ave,0
2026-07-27T05:21:09Z,2026-07-27T08:25:47.941158+03:00,_0,d2291041766e,E110,E110 - Agias Fylaxeos,0
2026-07-27T05:21:09Z,2026-07-27T08:25:47.941158+03:00,_1,fcf6db87346d,E110 - 1 Apriliou,,3
2026-07-27T05:21:09Z,2026-07-27T08:25:47.941158+03:00,_2,73c10e640ed1,E110 - Agias Fylaxeos,E147 - Archiepiskopou Makariou III Ave,0
2026-07-27T05:21:09Z,2026-07-27T08:25:47.941158+03:00,_3,676c339d8b55,Agias Filaxeos,E147 - Archiepiskopou Makariou III Ave,4
2026-07-27T05:21:09Z,2026-07-27T08:25:47.941158+03:00,_0,e7f960841113,Episkopi,A1,0
2026-07-27T05:21:09Z,2026-07-27T08:25:47.941158+03:00,_1,ae3a9bb54763,A6,Lemesos,2
2026-07-27T05:21:09Z,2026-07-27T08:25:47.941158+03:00,_2,d73a04fc5195,Mesa Geitonia,Germasogeia,0
2026-07-27T05:21:09Z,2026-07-27T08:25:47.941158+03:00,_0,cf0d166c0008,,A1,0
2026-07-27T05:21:09Z,2026-07-27T08:25:47.941158+03:00,_1,ae3a9bb54763,A6,Lemesos,2
2026-07-27T05:21:09Z,2026-07-27T08:25:47.941158+03:00,_2,fa250bca0f31,Mesa Geitonia,Strovolos,0
2026-07-27T05:21:09Z,2026-07-27T08:25:47.941158+03:00,_3,56258ee4f147,Strovolos,Lemesou Ave,4
2026-07-27T05:21:09Z,2026-07-27T08:25:47.941158+03:00,_4,7c50b274239b,Aglantzia,E164 - Armenias,0
2026-07-27T05:21:09Z,2026-07-27T08:25:47.941158+03:00,_5,43f05193c4b0,Lemesou Ave,Archiepiskopou Makariou III Ave,3
2026-07-27T05:21:09Z,2026-07-27T08:25:47.941158+03:00,_6,5074993633a6,Lemesou Ave,B19 - Omirou Ave,0
2026-07-27T05:21:09Z,2026-07-27T08:25:47.941158+03:00,_7,ecb8295957ab,Omirou Ave,Dionysiou Solomou Square,2
2026-07-27T05:21:09Z,2026-07-27T08:25:47.941158+03:00,_8,b94aa02d2a10,Dionysiou Solomou Square,Anastasiou Leventi,0
2026-07-27T05:21:09Z,2026-07-27T08:25:47.941158+03:00,_0,06afc6492b14,Exit 24 >E127 Germasogeia / E113 Lemesos-Centre,Germasogeia,1
2026-07-27T05:21:09Z,2026-07-27T08:25:47.941158+03:00,_1,3e1d75b9e16e,Agios Athanasios,"to A6 > Pafos, Pafos Airport",0
2026-07-27T05:31:41Z,2026-07-27T08:36:19.336092+03:00,_0,4e76d1a3fa55,Strovolos,Strovolos,0
2026-07-27T05:31:41Z,2026-07-27T08:36:19.336092+03:00,_1,347fb184acdc,Strovolos,Lemesou Ave,4
2026-07-27T05:31:41Z,2026-07-27T08:36:19.336092+03:00,_2,c6e235d3222a,Aglantzia,Archiepiskopou Makariou III Ave,0
2026-07-27T05:31:41Z,2026-07-27T08:36:19.336092+03:00,_3,394713f228bd,Lemesou Ave,Lemesou Ave,3
2026-07-27T05:31:41Z,2026-07-27T08:36:19.336092+03:00,_0,72b03ff9b5bc,E110,E110 - Agias Fylaxeos,0
2026-07-27T05:31:41Z,2026-07-27T08:36:19.336092+03:00,_1,e50ca2ecb1e0,E110 - 1 Apriliou,,3
2026-07-27T05:31:41Z,2026-07-27T08:36:19.336092+03:00,_2,a3ae4f10ebab,E110 - Agias Fylaxeos,E147 - Archiepiskopou Makariou III Ave,0
2026-07-27T05:31:41Z,2026-07-27T08:36:19.336092+03:00,_3,f8a1b1df72c7,Agias Filaxeos,E147 - Archiepiskopou Makariou III Ave,3
2026-07-27T05:31:41Z,2026-07-27T08:36:19.336092+03:00,_0,920305ee9a1e,E147 - Archiepiskopou Makariou III Ave,Agias Filaxeos,0
2026-07-27T05:31:41Z,2026-07-27T08:36:19.336092+03:00,_1,a4260c51b19c,Steliou Kyriakidi,,3
2026-07-27T05:31:41Z,2026-07-27T08:36:19.336092+03:00,_2,8a9fef0765eb,Agias Filaxeos,E110 - Eleftherias,0
2026-07-27T05:31:41Z,2026-07-27T08:36:19.336092+03:00,_3,db98c9d0a2e0,E110 - 1 Apriliou,E110 - 1 Apriliou,3
2026-07-27T05:31:41Z,2026-07-27T08:36:19.336092+03:00,_4,c97b954fcb12,E110 - 1 Apriliou,E110,0
2026-07-27T05:31:41Z,2026-07-27T08:36:19.336092+03:00,_0,5947765e3770,Leoforos Strovolou,Strovolou Ave,0
2026-07-27T05:31:41Z,2026-07-27T08:36:19.336092+03:00,_1,1c1544913564,Arch. Makariou III,Strovolou Ave,3
2026-07-27T05:31:41Z,2026-07-27T08:36:19.336092+03:00,_2,08cf130fef9c,to E902 Strovolou Ave / Lefkosia,Strovolou Ave,0
2026-07-27T05:31:41Z,2026-07-27T08:36:19.336092+03:00,_3,17b3fede191c,Strovolou Ave,E902 - Proedrikou Megarou Ave,3
2026-07-27T05:31:41Z,2026-07-27T08:36:19.336092+03:00,_4,c6ac6530f2b9,Strovolou Ave,E902 - Proedrikou Megarou Ave,0
2026-07-27T05:31:41Z,2026-07-27T08:36:19.336092+03:00,_0,e7f960841113,Episkopi,A1,0
2026-07-27T05:31:41Z,2026-07-27T08:36:19.336092+03:00,_1,ae3a9bb54763,A6,Lemesos,1
2026-07-27T05:31:41Z,2026-07-27T08:36:19.336092+03:00,_2,d73a04fc5195,Mesa Geitonia,Germasogeia,0
2026-07-27T05:31:41Z,2026-07-27T08:36:19.336092+03:00,_0,3e2e2ea9d905,,Pafos,0
2026-07-27T05:31:41Z,2026-07-27T08:36:19.336092+03:00,_1,9fb8e5e70278,Konia,Konia,3
2026-07-27T05:31:41Z,2026-07-27T08:36:19.336092+03:00,_2,5b58c5fa4204,Pafos,A1,0
2026-07-27T05:31:41Z,2026-07-27T08:36:19.336092+03:00,_3,ae3a9bb54763,A6,Lemesos,1
2026-07-27T05:31:41Z,2026-07-27T08:36:19.336092+03:00,_4,ad721f38f45e,Mesa Geitonia,Strovolos,0
2026-07-27T05:31:41Z,2026-07-27T08:36:19.336092+03:00,_5,347fb184acdc,Strovolos,Lemesou Ave,4
2026-07-27T05:31:41Z,2026-07-27T08:36:19.336092+03:00,_6,c6e235d3222a,Aglantzia,Archiepiskopou Makariou III Ave,0
2026-07-27T05:31:41Z,2026-07-27T08:36:19.336092+03:00,_7,6efde239cabf,Lemesou Ave,Archiepiskopou Makariou III Ave,3
2026-07-27T05:31:41Z,2026-07-27T08:36:19.336092+03:00,_8,5074993633a6,Lemesou Ave,B19 - Omirou Ave,0
2026-07-27T05:31:41Z,2026-07-27T08:36:19.336092+03:00,_9,bf1edcb81968,Omirou Ave,B19 - Omirou Ave,1
2026-07-27T05:31:41Z,2026-07-27T08:36:19.336092+03:00,_10,322961766a35,B19 - Omirou Ave,Anastasiou Leventi,0
2026-07-27T05:31:41Z,2026-07-27T08:36:19.336092+03:00,_0,06afc6492b14,Exit 24 >E127 Germasogeia / E113 Lemesos-Centre,Germasogeia,1
2026-07-27T05:31:41Z,2026-07-27T08:36:19.336092+03:00,_1,3e1d75b9e16e,Agios Athanasios,"to A6 > Pafos, Pafos Airport",0
2026-07-27T05:42:11Z,2026-07-27T08:46:49.160183+03:00,_0,a73ceba901e1,Strovolos,Strovolos,0
2026-07-27T05:42:11Z,2026-07-27T08:46:49.160183+03:00,_1,0b0229e2fb21,Strovolos,Lemesou Ave,4
2026-07-27T05:42:11Z,2026-07-27T08:46:49.160183+03:00,_2,c6e235d3222a,Aglantzia,Archiepiskopou Makariou III Ave,0
2026-07-27T05:42:11Z,2026-07-27T08:46:49.160183+03:00,_3,394713f228bd,Lemesou Ave,Lemesou Ave,3
2026-07-27T05:42:11Z,2026-07-27T08:46:49.160183+03:00,_0,72b03ff9b5bc,E110,E110 - Agias Fylaxeos,0
2026-07-27T05:42:11Z,2026-07-27T08:46:49.160183+03:00,_1,e50ca2ecb1e0,E110 - 1 Apriliou,,3
2026-07-27T05:42:11Z,2026-07-27T08:46:49.160183+03:00,_2,94bd22476a9c,E110 - Agias Fylaxeos,E147 - Archiepiskopou Makariou III Ave,0
2026-07-27T05:42:11Z,2026-07-27T08:46:49.160183+03:00,_3,88697bca4b53,Agias Filaxeos,E147 - Archiepiskopou Makariou III Ave,3
2026-07-27T05:42:11Z,2026-07-27T08:46:49.160183+03:00,_0,17538cbb44b5,E147 - Archiepiskopou Makariou III Ave,Agias Filaxeos,2
2026-07-27T05:42:11Z,2026-07-27T08:46:49.160183+03:00,_1,fd457b6efaed,Agias Filaxeos,E110,0
2026-07-27T05:42:11Z,2026-07-27T08:46:49.160183+03:00,_0,106f0a75c576,Leoforos Strovolou,Omirou,0
2026-07-27T05:42:11Z,2026-07-27T08:46:49.160183+03:00,_1,19390e7ccb78,Strovolou Ave,E902 - Proedrikou Megarou Ave,3
2026-07-27T05:42:11Z,2026-07-27T08:46:49.160183+03:00,_2,92d65c298345,Strovolou Ave,E902 - Proedrikou Megarou Ave,0
2026-07-27T05:42:11Z,2026-07-27T08:46:49.160183+03:00,_0,06afc6492b14,Exit 24 >E127 Germasogeia / E113 Lemesos-Centre,Germasogeia,2
2026-07-27T05:42:11Z,2026-07-27T08:46:49.160183+03:00,_1,3e1d75b9e16e,Agios Athanasios,"to A6 > Pafos, Pafos Airport",0
2026-07-27T05:42:11Z,2026-07-27T08:46:49.160183+03:00,_0,9a3c47bd41f3,,Konia,0
2026-07-27T05:42:11Z,2026-07-27T08:46:49.160183+03:00,_1,c2e03c3b8cb5,Konia,Pafos,2
2026-07-27T05:42:11Z,2026-07-27T08:46:49.160183+03:00,_2,f322de94a207,Pafos,A1,0
2026-07-27T05:42:11Z,2026-07-27T08:46:49.160183+03:00,_3,51a87f29a8d7,A6,Lemesos,1
2026-07-27T05:42:11Z,2026-07-27T08:46:49.160183+03:00,_4,6a6cc8d05a98,Lemesos,Latsia,0
2026-07-27T05:42:11Z,2026-07-27T08:46:49.160183+03:00,_5,0b0229e2fb21,Strovolos,Lemesou Ave,4
2026-07-27T05:42:11Z,2026-07-27T08:46:49.160183+03:00,_6,c6e235d3222a,Aglantzia,Archiepiskopou Makariou III Ave,0
2026-07-27T05:42:11Z,2026-07-27T08:46:49.160183+03:00,_7,6efde239cabf,Lemesou Ave,Archiepiskopou Makariou III Ave,3
2026-07-27T05:42:11Z,2026-07-27T08:46:49.160183+03:00,_8,7e9e53411917,Lemesou Ave,E1302 - Nikis Ave,0
2026-07-27T05:42:11Z,2026-07-27T08:46:49.160183+03:00,_9,910016111853,B18 - Georgiou Griva Digeni Ave,E165 - Themistokli Dervi,3
2026-07-27T05:42:11Z,2026-07-27T08:46:49.160183+03:00,_10,bbf67e32aa17,B18 - Georgiou Griva Digeni Ave,Evagorou Ave,0
2026-07-27T05:42:11Z,2026-07-27T08:46:49.160183+03:00,_0,e7f960841113,Episkopi,A1,0
2026-07-27T05:42:11Z,2026-07-27T08:46:49.160183+03:00,_1,51a87f29a8d7,A6,Lemesos,1
2026-07-27T05:42:11Z,2026-07-27T08:46:49.160183+03:00,_2,4cc85bcdea4b,Lemesos,Germasogeia,0
2026-07-27T05:52:41Z,2026-07-27T08:57:19.059436+03:00,_0,d7fa998be72c,Strovolos,Strovolos,0
2026-07-27T05:52:41Z,2026-07-27T08:57:19.059436+03:00,_1,56258ee4f147,Strovolos,Lemesou Ave,4
2026-07-27T05:52:41Z,2026-07-27T08:57:19.059436+03:00,_2,c6e235d3222a,Aglantzia,Archiepiskopou Makariou III Ave,0
2026-07-27T05:52:41Z,2026-07-27T08:57:19.059436+03:00,_3,394713f228bd,Lemesou Ave,Lemesou Ave,3
2026-07-27T05:52:41Z,2026-07-27T08:57:19.059436+03:00,_0,106f0a75c576,Leoforos Strovolou,Omirou,0
2026-07-27T05:52:41Z,2026-07-27T08:57:19.059436+03:00,_1,17b3fede191c,Strovolou Ave,E902 - Proedrikou Megarou Ave,3
2026-07-27T05:52:41Z,2026-07-27T08:57:19.059436+03:00,_2,c6ac6530f2b9,Strovolou Ave,E902 - Proedrikou Megarou Ave,0
2026-07-27T05:52:41Z,2026-07-27T08:57:19.059436+03:00,_0,06afc6492b14,Exit 24 >E127 Germasogeia / E113 Lemesos-Centre,Germasogeia,2
2026-07-27T05:52:41Z,2026-07-27T08:57:19.059436+03:00,_1,3e1d75b9e16e,Agios Athanasios,"to A6 > Pafos, Pafos Airport",0
2026-07-27T05:52:41Z,2026-07-27T08:57:19.059436+03:00,_0,9a3c47bd41f3,,Konia,0
2026-07-27T05:52:41Z,2026-07-27T08:57:19.059436+03:00,_1,c2e03c3b8cb5,Konia,Pafos,1
2026-07-27T05:52:41Z,2026-07-27T08:57:19.059436+03:00,_2,3611ca4e2351,Pafos,Kato Polemidia,0
2026-07-27T05:52:41Z,2026-07-27T08:57:19.059436+03:00,_3,33bef9b5a9ab,Lemesos,Lemesos,1
2026-07-27T05:52:41Z,2026-07-27T08:57:19.059436+03:00,_4,fa250bca0f31,Mesa Geitonia,Strovolos,0
2026-07-27T05:52:41Z,2026-07-27T08:57:19.059436+03:00,_5,56258ee4f147,Strovolos,Lemesou Ave,4
2026-07-27T05:52:41Z,2026-07-27T08:57:19.059436+03:00,_6,c6e235d3222a,Aglantzia,Archiepiskopou Makariou III Ave,0
2026-07-27T05:52:41Z,2026-07-27T08:57:19.059436+03:00,_7,6efde239cabf,Lemesou Ave,Archiepiskopou Makariou III Ave,3
2026-07-27T05:52:41Z,2026-07-27T08:57:19.059436+03:00,_8,7e9e53411917,Lemesou Ave,E1302 - Nikis Ave,0
2026-07-27T05:52:41Z,2026-07-27T08:57:19.059436+03:00,_9,910016111853,B18 - Georgiou Griva Digeni Ave,B18 - Georgiou Griva Digeni Ave,3
2026-07-27T05:52:41Z,2026-07-27T08:57:19.059436+03:00,_10,f3ce7a5c0882,B18 - Georgiou Griva Digeni Ave,B19 - Omirou Ave,0
2026-07-27T05:52:41Z,2026-07-27T08:57:19.059436+03:00,_11,ecb8295957ab,Omirou Ave,Dionysiou Solomou Square,2
2026-07-27T05:52:41Z,2026-07-27T08:57:19.059436+03:00,_12,b94aa02d2a10,Dionysiou Solomou Square,Anastasiou Leventi,0
2026-07-27T05:52:41Z,2026-07-27T08:57:19.059436+03:00,_0,9b57a1fd19bb,Episkopi,Kato Polemidia,0
2026-07-27T05:52:41Z,2026-07-27T08:57:19.059436+03:00,_1,33bef9b5a9ab,Lemesos,Lemesos,1
2026-07-27T05:52:41Z,2026-07-27T08:57:19.059436+03:00,_2,d73a04fc5195,Mesa Geitonia,Germasogeia,0
2026-07-27T06:03:12Z,2026-07-27T09:07:50.733496+03:00,_0,d7fa998be72c,Strovolos,Strovolos,0
2026-07-27T06:03:12Z,2026-07-27T09:07:50.733496+03:00,_1,56258ee4f147,Strovolos,Lemesou Ave,4
2026-07-27T06:03:12Z,2026-07-27T09:07:50.733496+03:00,_2,2eeb7481ceda,Aglantzia,E164 - Armenias,0
2026-07-27T06:03:12Z,2026-07-27T09:07:50.733496+03:00,_3,8b530b355b26,Lemesou Ave,Archiepiskopou Makariou III Ave,3
2026-07-27T06:03:12Z,2026-07-27T09:07:50.733496+03:00,_0,72b03ff9b5bc,E110,E110 - Agias Fylaxeos,0
2026-07-27T06:03:12Z,2026-07-27T09:07:50.733496+03:00,_1,e50ca2ecb1e0,E110 - 1 Apriliou,,3
2026-07-27T06:03:12Z,2026-07-27T09:07:50.733496+03:00,_2,e33776a3a190,E110 - Agias Fylaxeos,Agias Filaxeos,0
2026-07-27T06:03:12Z,2026-07-27T09:07:50.733496+03:00,_3,0a5c4761a6b4,Agias Filaxeos,Agias Filaxeos,3
2026-07-27T06:03:12Z,2026-07-27T09:07:50.733496+03:00,_4,fd1ec1f2cdf4,Agias Filaxeos,E147 - Archiepiskopou Makariou III Ave,0
2026-07-27T06:03:12Z,2026-07-27T09:07:50.733496+03:00,_5,676c339d8b55,Agias Filaxeos,E147 - Archiepiskopou Makariou III Ave,4
2026-07-27T06:03:12Z,2026-07-27T09:07:50.733496+03:00,_0,5f39d2391c75,Leoforos Strovolou,Omirou,0
2026-07-27T06:03:12Z,2026-07-27T09:07:50.733496+03:00,_1,a5bc6fbada86,Strovolou Ave,E902 - Proedrikou Megarou Ave,3
2026-07-27T06:03:12Z,2026-07-27T09:07:50.733496+03:00,_2,c6ac6530f2b9,Strovolou Ave,E902 - Proedrikou Megarou Ave,0
2026-07-27T06:03:12Z,2026-07-27T09:07:50.733496+03:00,_0,06afc6492b14,Exit 24 >E127 Germasogeia / E113 Lemesos-Centre,Germasogeia,2
2026-07-27T06:03:12Z,2026-07-27T09:07:50.733496+03:00,_1,3e1d75b9e16e,Agios Athanasios,"to A6 > Pafos, Pafos Airport",0
2026-07-27T06:03:12Z,2026-07-27T09:07:50.733496+03:00,_0,37e913d03e44,,Strovolos,0
2026-07-27T06:03:12Z,2026-07-27T09:07:50.733496+03:00,_1,56258ee4f147,Strovolos,Lemesou Ave,4
2026-07-27T06:03:12Z,2026-07-27T09:07:50.733496+03:00,_2,2eeb7481ceda,Aglantzia,E164 - Armenias,0
2026-07-27T06:03:12Z,2026-07-27T09:07:50.733496+03:00,_3,3dec49aff703,Lemesou Ave,Archiepiskopou Makariou III Ave,3
2026-07-27T06:03:12Z,2026-07-27T09:07:50.733496+03:00,_4,7e9e53411917,Lemesou Ave,E1302 - Nikis Ave,0
2026-07-27T06:03:12Z,2026-07-27T09:07:50.733496+03:00,_5,910016111853,B18 - Georgiou Griva Digeni Ave,B18 - Georgiou Griva Digeni Ave,4
2026-07-27T06:03:12Z,2026-07-27T09:07:50.733496+03:00,_6,bbf67e32aa17,B18 - Georgiou Griva Digeni Ave,Evagorou Ave,0
2026-07-27T06:13:42Z,2026-07-27T09:18:20.144609+03:00,_0,d7fa998be72c,Strovolos,Strovolos,0
2026-07-27T06:13:42Z,2026-07-27T09:18:20.144609+03:00,_1,662a8296a2f3,Strovolos,Lemesou Ave,4
2026-07-27T06:13:42Z,2026-07-27T09:18:20.144609+03:00,_2,a8737a3f445c,A1,E164 - Armenias,0
2026-07-27T06:13:42Z,2026-07-27T09:18:20.144609+03:00,_3,c57daf65c80e,Lemesou Ave,Archiepiskopou Makariou III Ave,2
2026-07-27T06:13:42Z,2026-07-27T09:18:20.144609+03:00,_0,17538cbb44b5,E147 - Archiepiskopou Makariou III Ave,Agias Filaxeos,0
2026-07-27T06:13:42Z,2026-07-27T09:18:20.144609+03:00,_1,7502efc8a7db,Agias Filaxeos,Agias Filaxeos,4
2026-07-27T06:13:42Z,2026-07-27T09:18:20.144609+03:00,_2,3c822276d5cc,Agias Filaxeos,Agias Filaxeos,0
2026-07-27T06:13:42Z,2026-07-27T09:18:20.144609+03:00,_3,a4260c51b19c,Steliou Kyriakidi,,4
2026-07-27T06:13:42Z,2026-07-27T09:18:20.144609+03:00,_4,f5f94ff22484,Agias Filaxeos,E110,0
2026-07-27T06:13:42Z,2026-07-27T09:18:20.144609+03:00,_0,5f39d2391c75,Leoforos Strovolou,Omirou,0
2026-07-27T06:13:42Z,2026-07-27T09:18:20.144609+03:00,_1,956232f49bc0,Strovolou Ave,Omirou,2
2026-07-27T06:13:42Z,2026-07-27T09:18:20.144609+03:00,_2,fe47d188702b,Strovolou Ave,Omirou,0
2026-07-27T06:13:42Z,2026-07-27T09:18:20.144609+03:00,_3,06b5c0014fcf,Omirou,E902 - Proedrikou Megarou Ave,3
2026-07-27T06:13:42Z,2026-07-27T09:18:20.144609+03:00,_4,96c3ee6a9698,Strovolou Ave,E902 - Proedrikou Megarou Ave,0
2026-07-27T06:13:42Z,2026-07-27T09:18:20.144609+03:00,_0,06afc6492b14,Exit 24 >E127 Germasogeia / E113 Lemesos-Centre,Germasogeia,2
2026-07-27T06:13:42Z,2026-07-27T09:18:20.144609+03:00,_1,3e1d75b9e16e,Agios Athanasios,"to A6 > Pafos, Pafos Airport",0
2026-07-27T06:13:42Z,2026-07-27T09:18:20.144609+03:00,_0,37e913d03e44,,Strovolos,0
2026-07-27T06:13:42Z,2026-07-27T09:18:20.144609+03:00,_1,662a8296a2f3,Strovolos,Lemesou Ave,4
2026-07-27T06:13:42Z,2026-07-27T09:18:20.144609+03:00,_2,a8737a3f445c,A1,E164 - Armenias,0
2026-07-27T06:13:42Z,2026-07-27T09:18:20.144609+03:00,_3,43f05193c4b0,Lemesou Ave,Archiepiskopou Makariou III Ave,2
2026-07-27T06:13:42Z,2026-07-27T09:18:20.144609+03:00,_4,5074993633a6,Lemesou Ave,B19 - Omirou Ave,0
2026-07-27T06:13:42Z,2026-07-27T09:18:20.144609+03:00,_5,bf1edcb81968,Omirou Ave,B19 - Omirou Ave,2
2026-07-27T06:13:42Z,2026-07-27T09:18:20.144609+03:00,_6,322961766a35,B19 - Omirou Ave,Anastasiou Leventi,0
2026-07-27T06:23:46Z,2026-07-27T09:28:24.825937+03:00,_0,9637c1cd3244,Strovolos,Strovolos,0
2026-07-27T06:23:46Z,2026-07-27T09:28:24.825937+03:00,_1,8a167e0dcc42,Strovolos,Lemesou Ave,4
2026-07-27T06:23:46Z,2026-07-27T09:28:24.825937+03:00,_2,a8737a3f445c,A1,E164 - Armenias,0
2026-07-27T06:23:46Z,2026-07-27T09:28:24.825937+03:00,_3,c57daf65c80e,Lemesou Ave,Archiepiskopou Makariou III Ave,3
2026-07-27T06:23:46Z,2026-07-27T09:28:24.825937+03:00,_0,df567d5dbf59,E110,E110 - Agias Fylaxeos,0
2026-07-27T06:23:46Z,2026-07-27T09:28:24.825937+03:00,_1,883ce04f7136,E110 - 1 Apriliou,,3
2026-07-27T06:23:46Z,2026-07-27T09:28:24.825937+03:00,_2,bbe9f6312861,E110 - Agias Fylaxeos,Agias Filaxeos,0
2026-07-27T06:23:46Z,2026-07-27T09:28:24.825937+03:00,_3,c7626fee6f30,Agias Filaxeos,Agias Filaxeos,4
2026-07-27T06:23:46Z,2026-07-27T09:28:24.825937+03:00,_4,452c10cf0816,Agias Filaxeos,E147 - Archiepiskopou Makariou III Ave,0
2026-07-27T06:23:46Z,2026-07-27T09:28:24.825937+03:00,_5,535964c57235,Agias Filaxeos,E147 - Archiepiskopou Makariou III Ave,4
2026-07-27T06:23:46Z,2026-07-27T09:28:24.825937+03:00,_0,920305ee9a1e,E147 - Archiepiskopou Makariou III Ave,Agias Filaxeos,0
2026-07-27T06:23:46Z,2026-07-27T09:28:24.825937+03:00,_1,a4260c51b19c,Steliou Kyriakidi,,4
2026-07-27T06:23:46Z,2026-07-27T09:28:24.825937+03:00,_2,f5f94ff22484,Agias Filaxeos,E110,0
2026-07-27T06:23:46Z,2026-07-27T09:28:24.825937+03:00,_0,5f39d2391c75,Leoforos Strovolou,Omirou,0
2026-07-27T06:23:46Z,2026-07-27T09:28:24.825937+03:00,_1,1c02e40f3134,Strovolou Ave,Omirou,2
2026-07-27T06:23:46Z,2026-07-27T09:28:24.825937+03:00,_2,b5400a961924,Strovolou Ave,Omirou,0
2026-07-27T06:23:46Z,2026-07-27T09:28:24.825937+03:00,_3,5da069711715,Omirou,E902 - Proedrikou Megarou Ave,3
2026-07-27T06:23:46Z,2026-07-27T09:28:24.825937+03:00,_4,c6ac6530f2b9,Strovolou Ave,E902 - Proedrikou Megarou Ave,0
2026-07-27T06:23:46Z,2026-07-27T09:28:24.825937+03:00,_0,06afc6492b14,Exit 24 >E127 Germasogeia / E113 Lemesos-Centre,Germasogeia,2
2026-07-27T06:23:46Z,2026-07-27T09:28:24.825937+03:00,_1,3e1d75b9e16e,Agios Athanasios,"to A6 > Pafos, Pafos Airport",0
2026-07-27T06:23:46Z,2026-07-27T09:28:24.825937+03:00,_0,1561bafaf811,,Lemesou Ave,0
2026-07-27T06:23:46Z,2026-07-27T09:28:24.825937+03:00,_1,8a167e0dcc42,Strovolos,Lemesou Ave,4
2026-07-27T06:23:46Z,2026-07-27T09:28:24.825937+03:00,_2,a8737a3f445c,A1,E164 - Armenias,0
2026-07-27T06:23:46Z,2026-07-27T09:28:24.825937+03:00,_3,43f05193c4b0,Lemesou Ave,Archiepiskopou Makariou III Ave,3
2026-07-27T06:23:46Z,2026-07-27T09:28:24.825937+03:00,_4,bd22ecc10d1b,Lemesou Ave,Archiepiskopou Makariou III Ave,0
2026-07-27T06:23:46Z,2026-07-27T09:28:24.825937+03:00,_5,798c594a6669,Archiepiskopou Makariou III Ave,B18 - Georgiou Griva Digeni Ave,3
2026-07-27T06:23:46Z,2026-07-27T09:28:24.825937+03:00,_6,e1beab30434a,Archiepiskopou Makariou III Ave,Evagorou Ave,0
2026-07-27T06:33:53Z,2026-07-27T09:38:31.158658+03:00,_0,d7fa998be72c,Strovolos,Strovolos,0
2026-07-27T06:33:53Z,2026-07-27T09:38:31.158658+03:00,_1,662a8296a2f3,Strovolos,Lemesou Ave,3
2026-07-27T06:33:53Z,2026-07-27T09:38:31.158658+03:00,_2,a8737a3f445c,A1,E164 - Armenias,0
2026-07-27T06:33:53Z,2026-07-27T09:38:31.158658+03:00,_3,c57daf65c80e,Lemesou Ave,Archiepiskopou Makariou III Ave,2
2026-07-27T06:33:53Z,2026-07-27T09:38:31.158658+03:00,_0,920305ee9a1e,E147 - Archiepiskopou Makariou III Ave,Agias Filaxeos,0
2026-07-27T06:33:53Z,2026-07-27T09:38:31.158658+03:00,_1,a4260c51b19c,Steliou Kyriakidi,,3
2026-07-27T06:33:53Z,2026-07-27T09:38:31.158658+03:00,_2,8a9fef0765eb,Agias Filaxeos,E110 - Eleftherias,0
2026-07-27T06:33:53Z,2026-07-27T09:38:31.158658+03:00,_3,db98c9d0a2e0,E110 - 1 Apriliou,E110 - 1 Apriliou,3
2026-07-27T06:33:53Z,2026-07-27T09:38:31.158658+03:00,_4,c97b954fcb12,E110 - 1 Apriliou,E110,0
2026-07-27T06:33:53Z,2026-07-27T09:38:31.158658+03:00,_0,06afc6492b14,Exit 24 >E127 Germasogeia / E113 Lemesos-Centre,Germasogeia,2
2026-07-27T06:33:53Z,2026-07-27T09:38:31.158658+03:00,_1,3e1d75b9e16e,Agios Athanasios,"to A6 > Pafos, Pafos Airport",0
2026-07-27T06:33:53Z,2026-07-27T09:38:31.158658+03:00,_0,37e913d03e44,,Strovolos,0
2026-07-27T06:33:53Z,2026-07-27T09:38:31.158658+03:00,_1,662a8296a2f3,Strovolos,Lemesou Ave,3
2026-07-27T06:33:53Z,2026-07-27T09:38:31.158658+03:00,_2,a8737a3f445c,A1,E164 - Armenias,0
2026-07-27T06:33:53Z,2026-07-27T09:38:31.158658+03:00,_3,43f05193c4b0,Lemesou Ave,Archiepiskopou Makariou III Ave,2
2026-07-27T06:33:53Z,2026-07-27T09:38:31.158658+03:00,_4,7e9e53411917,Lemesou Ave,E1302 - Nikis Ave,0
2026-07-27T06:33:53Z,2026-07-27T09:38:31.158658+03:00,_5,910016111853,B18 - Georgiou Griva Digeni Ave,B18 - Georgiou Griva Digeni Ave,4
2026-07-27T06:33:53Z,2026-07-27T09:38:31.158658+03:00,_6,bbf67e32aa17,B18 - Georgiou Griva Digeni Ave,Evagorou Ave,0
2026-07-27T10:06:22Z,2026-07-27T13:11:02.587709+03:00,_0,044a01c053a4,E147 - Archiepiskopou Makariou III Ave,Agias Filaxeos,3
2026-07-27T10:06:22Z,2026-07-27T13:11:02.587709+03:00,_1,a16a3f4bac66,E147 - Archiepiskopou Makariou III Ave,E110,0
2026-07-27T10:06:22Z,2026-07-27T13:11:02.587709+03:00,_0,72b03ff9b5bc,E110,E110 - Agias Fylaxeos,0
2026-07-27T10:06:22Z,2026-07-27T13:11:02.587709+03:00,_1,e50ca2ecb1e0,E110 - 1 Apriliou,,2
2026-07-27T10:06:22Z,2026-07-27T13:11:02.587709+03:00,_2,2e9ffee5c9c5,E110 - Agias Fylaxeos,E147 - Archiepiskopou Makariou III Ave,0
2026-07-27T10:06:22Z,2026-07-27T13:11:02.587709+03:00,_3,0047479cf4c6,Agias Filaxeos,E147 - Archiepiskopou Makariou III Ave,3
2026-07-27T10:16:52Z,2026-07-27T13:21:31.385566+03:00,_0,8d2065e6031d,E147 - Archiepiskopou Makariou III Ave,Agias Filaxeos,3
2026-07-27T10:16:52Z,2026-07-27T13:21:31.385566+03:00,_1,698b7730ace0,Agias Filaxeos,Agias Filaxeos,0
2026-07-27T10:16:52Z,2026-07-27T13:21:31.385566+03:00,_2,a4260c51b19c,Steliou Kyriakidi,,3
2026-07-27T10:16:52Z,2026-07-27T13:21:31.385566+03:00,_3,f780373a5188,Agias Filaxeos,E110 - Agias Fylaxeos,0
2026-07-27T10:16:52Z,2026-07-27T13:21:31.385566+03:00,_4,6841a02a1258,,E110 - 1 Apriliou,2
2026-07-27T10:16:52Z,2026-07-27T13:21:31.385566+03:00,_5,f99b72a378a5,E110 - Agias Fylaxeos,E110,0
2026-07-27T10:16:52Z,2026-07-27T13:21:31.385566+03:00,_0,69fc3b9dbbdd,Strovolos,Archiepiskopou Makariou III Ave,0
2026-07-27T10:16:52Z,2026-07-27T13:21:31.385566+03:00,_1,e9824d0075f7,Lemesou Ave,,3
2026-07-27T10:16:52Z,2026-07-27T13:21:31.385566+03:00,_2,91353c408128,,Lemesou Ave,0
2026-07-27T10:16:52Z,2026-07-27T13:21:31.385566+03:00,_0,72b03ff9b5bc,E110,E110 - Agias Fylaxeos,0
2026-07-27T10:16:52Z,2026-07-27T13:21:31.385566+03:00,_1,e50ca2ecb1e0,E110 - 1 Apriliou,,2
2026-07-27T10:16:52Z,2026-07-27T13:21:31.385566+03:00,_2,94bd22476a9c,E110 - Agias Fylaxeos,E147 - Archiepiskopou Makariou III Ave,0
2026-07-27T10:16:52Z,2026-07-27T13:21:31.385566+03:00,_3,88697bca4b53,Agias Filaxeos,E147 - Archiepiskopou Makariou III Ave,3
2026-07-27T10:16:52Z,2026-07-27T13:21:31.385566+03:00,_0,daca33dbcb0d,,Archiepiskopou Makariou III Ave,0
2026-07-27T10:16:52Z,2026-07-27T13:21:31.385566+03:00,_1,e9824d0075f7,Lemesou Ave,,3
2026-07-27T10:16:52Z,2026-07-27T13:21:31.385566+03:00,_2,a84133578e83,,Evagorou Ave,0
2026-07-27T10:27:21Z,2026-07-27T13:31:59.896123+03:00,_0,920305ee9a1e,E147 - Archiepiskopou Makariou III Ave,Agias Filaxeos,0
2026-07-27T10:27:21Z,2026-07-27T13:31:59.896123+03:00,_1,a4260c51b19c,Steliou Kyriakidi,,3
2026-07-27T10:27:21Z,2026-07-27T13:31:59.896123+03:00,_2,f780373a5188,Agias Filaxeos,E110 - Agias Fylaxeos,0
2026-07-27T10:27:21Z,2026-07-27T13:31:59.896123+03:00,_3,6841a02a1258,,E110 - 1 Apriliou,2
2026-07-27T10:27:21Z,2026-07-27T13:31:59.896123+03:00,_4,f99b72a378a5,E110 - Agias Fylaxeos,E110,0
2026-07-27T10:27:21Z,2026-07-27T13:31:59.896123+03:00,_0,320e7f883c81,E110,E147 - Archiepiskopou Makariou III Ave,0
2026-07-27T10:27:21Z,2026-07-27T13:31:59.896123+03:00,_1,88697bca4b53,Agias Filaxeos,E147 - Archiepiskopou Makariou III Ave,3
2026-07-27T10:37:51Z,2026-07-27T13:42:29.551496+03:00,_0,0404ea780de8,E147 - Archiepiskopou Makariou III Ave,Vasileos Georgiou II,0
2026-07-27T10:37:51Z,2026-07-27T13:42:29.551496+03:00,_1,ded58892ae74,Agias Filaxeos,Vasileos Georgiou II,3
2026-07-27T10:37:51Z,2026-07-27T13:42:29.551496+03:00,_2,f0692a22ef39,Agias Filaxeos,Agias Filaxeos,0
2026-07-27T10:37:51Z,2026-07-27T13:42:29.551496+03:00,_3,a4260c51b19c,Steliou Kyriakidi,,3
2026-07-27T10:37:51Z,2026-07-27T13:42:29.551496+03:00,_4,0597b76e4028,Agias Filaxeos,E110 - Agias Fylaxeos,0
2026-07-27T10:37:51Z,2026-07-27T13:42:29.551496+03:00,_5,f883e531840f,E110 - Agias Fylaxeos,E110 - Agias Fylaxeos,1
2026-07-27T10:37:51Z,2026-07-27T13:42:29.551496+03:00,_6,4a311dfc98b9,E110 - Agias Fylaxeos,E110,0
2026-07-27T10:37:51Z,2026-07-27T13:42:29.551496+03:00,_0,320e7f883c81,E110,E147 - Archiepiskopou Makariou III Ave,0
2026-07-27T10:37:51Z,2026-07-27T13:42:29.551496+03:00,_1,88697bca4b53,Agias Filaxeos,E147 - Archiepiskopou Makariou III Ave,3
2026-07-27T10:58:45Z,2026-07-27T14:03:23.763078+03:00,_0,09a9a74f6894,E147 - Archiepiskopou Makariou III Ave,E110 - 1 Apriliou,0
2026-07-27T10:58:45Z,2026-07-27T14:03:23.763078+03:00,_1,31034e257ac9,E110 - Agias Fylaxeos,E110 - 1 Apriliou,1
2026-07-27T10:58:45Z,2026-07-27T14:03:23.763078+03:00,_2,c5e414c164bc,E110 - 1 Apriliou,E110,0
2026-07-27T11:09:14Z,2026-07-27T14:13:52.793817+03:00,_0,1903b2559960,,Archiepiskopou Makariou III Ave,0
2026-07-27T11:09:14Z,2026-07-27T14:13:52.793817+03:00,_1,660d388bb733,Lemesou Ave,Archiepiskopou Makariou III Ave,2
2026-07-27T11:09:14Z,2026-07-27T14:13:52.793817+03:00,_2,8fab7dfc83f0,Lemesou Ave,Evagorou Ave,0
2026-07-27T11:19:42Z,2026-07-27T14:24:20.410774+03:00,_0,1903b2559960,,Archiepiskopou Makariou III Ave,0
2026-07-27T11:19:42Z,2026-07-27T14:24:20.410774+03:00,_1,660d388bb733,Lemesou Ave,Archiepiskopou Makariou III Ave,2
2026-07-27T11:19:42Z,2026-07-27T14:24:20.410774+03:00,_2,8fab7dfc83f0,Lemesou Ave,Evagorou Ave,0
2026-07-27T11:30:10Z,2026-07-27T14:34:48.005863+03:00,_0,a89f632a8881,Strovolos,Lemesou Ave,0
2026-07-27T11:30:10Z,2026-07-27T14:34:48.005863+03:00,_1,ff2249fa74b9,Strovolos,Lemesou Ave,4
2026-07-27T11:30:10Z,2026-07-27T14:34:48.005863+03:00,_2,002a54c51467,A1,Archiepiskopou Makariou III Ave,0
2026-07-27T11:30:10Z,2026-07-27T14:34:48.005863+03:00,_0,23e9d057024d,,Lemesou Ave,0
2026-07-27T11:30:10Z,2026-07-27T14:34:48.005863+03:00,_1,ff2249fa74b9,Strovolos,Lemesou Ave,4
2026-07-27T11:30:10Z,2026-07-27T14:34:48.005863+03:00,_2,14b12720ba53,A1,Evagorou Ave,0
2026-07-27T11:50:18Z,2026-07-27T14:54:56.152840+03:00,_0,fe72ea2b224f,Strovolos,Lemesou Ave,0
2026-07-27T11:50:18Z,2026-07-27T14:54:56.152840+03:00,_1,1c3025f6d361,Strovolos,Lemesou Ave,4
2026-07-27T11:50:18Z,2026-07-27T14:54:56.152840+03:00,_2,7792802c8552,Aglantzia,Archiepiskopou Makariou III Ave,0
2026-07-27T11:50:18Z,2026-07-27T14:54:56.152840+03:00,_0,d0dc64f54734,,Lemesou Ave,0
2026-07-27T11:50:18Z,2026-07-27T14:54:56.152840+03:00,_1,1c3025f6d361,Strovolos,Lemesou Ave,4
2026-07-27T11:50:18Z,2026-07-27T14:54:56.152840+03:00,_2,cc8badd45da4,Aglantzia,Evagorou Ave,0
2026-07-27T12:00:21Z,2026-07-27T15:05:33.336316+03:00,_0,fe72ea2b224f,Strovolos,Lemesou Ave,0
2026-07-27T12:00:21Z,2026-07-27T15:05:33.336316+03:00,_1,1c3025f6d361,Strovolos,Lemesou Ave,4
2026-07-27T12:00:21Z,2026-07-27T15:05:33.336316+03:00,_2,7792802c8552,Aglantzia,Archiepiskopou Makariou III Ave,0
2026-07-27T12:00:21Z,2026-07-27T15:05:33.336316+03:00,_0,d0dc64f54734,,Lemesou Ave,0
2026-07-27T12:00:21Z,2026-07-27T15:05:33.336316+03:00,_1,1c3025f6d361,Strovolos,Lemesou Ave,4
2026-07-27T12:00:21Z,2026-07-27T15:05:33.336316+03:00,_2,cc8badd45da4,Aglantzia,Evagorou Ave,0
2026-07-27T12:11:30Z,2026-07-27T15:16:08.897951+03:00,_0,fe72ea2b224f,Exit 4 >E148 Latsia / GSP Stadium,Lemesou Ave,0
2026-07-27T12:11:30Z,2026-07-27T15:16:08.897951+03:00,_1,1c3025f6d361,Strovolos,Lemesou Ave,3
2026-07-27T12:11:30Z,2026-07-27T15:16:08.897951+03:00,_2,7c50b274239b,Exit 1 > E116 Athalassis Ave.,E164 - Armenias,0
2026-07-27T12:11:30Z,2026-07-27T15:16:08.897951+03:00,_3,c57daf65c80e,Lemesou Ave,Archiepiskopou Makariou III Ave,3
2026-07-27T12:11:30Z,2026-07-27T15:16:08.897951+03:00,_0,26ee8f360113,E147 - Archiepiskopou Makariou III Ave,Agias Filaxeos,4
2026-07-27T12:11:30Z,2026-07-27T15:16:08.897951+03:00,_1,9365709b36c9,E147 - Archiepiskopou Makariou III Ave,E110,0
2026-07-27T12:11:30Z,2026-07-27T15:16:08.897951+03:00,_0,d0dc64f54734,,Lemesou Ave,0
2026-07-27T12:11:30Z,2026-07-27T15:16:08.897951+03:00,_1,1c3025f6d361,Strovolos,Lemesou Ave,3
2026-07-27T12:11:30Z,2026-07-27T15:16:08.897951+03:00,_2,7c50b274239b,Exit 1 > E116 Athalassis Ave.,E164 - Armenias,0
2026-07-27T12:11:30Z,2026-07-27T15:16:08.897951+03:00,_3,43f05193c4b0,Lemesou Ave,Archiepiskopou Makariou III Ave,3
2026-07-27T12:11:30Z,2026-07-27T15:16:08.897951+03:00,_4,8fab7dfc83f0,Lemesou Ave,Evagorou Ave,0
2026-07-27T12:21:35Z,2026-07-27T15:26:13.381648+03:00,_0,199710dc4a27,Exit 4 >E148 Latsia / GSP Stadium,E164 - Armenias,0
2026-07-27T12:21:35Z,2026-07-27T15:26:13.381648+03:00,_1,fedb3d094e5d,A1,Lemesou Ave,3
2026-07-27T12:21:35Z,2026-07-27T15:26:13.381648+03:00,_2,d6df578c88ea,Lemesou Ave,Lemesou Ave,0
2026-07-27T12:21:35Z,2026-07-27T15:26:13.381648+03:00,_3,8b530b355b26,Lemesou Ave,Archiepiskopou Makariou III Ave,3
2026-07-27T12:21:35Z,2026-07-27T15:26:13.381648+03:00,_0,8795792b1b04,,E164 - Armenias,0
2026-07-27T12:21:35Z,2026-07-27T15:26:13.381648+03:00,_1,fedb3d094e5d,A1,Lemesou Ave,3
2026-07-27T12:21:35Z,2026-07-27T15:26:13.381648+03:00,_2,d6df578c88ea,Lemesou Ave,Lemesou Ave,0
2026-07-27T12:21:35Z,2026-07-27T15:26:13.381648+03:00,_3,3dec49aff703,Lemesou Ave,Archiepiskopou Makariou III Ave,3
2026-07-27T12:21:35Z,2026-07-27T15:26:13.381648+03:00,_4,8fab7dfc83f0,Lemesou Ave,Evagorou Ave,0
2026-07-27T12:31:39Z,2026-07-27T15:36:19.875223+03:00,_0,5b27c50fa078,Strovolos,Archiepiskopou Makariou III Ave,0
2026-07-27T12:31:39Z,2026-07-27T15:36:19.875223+03:00,_1,f7a0d4b97be3,Lemesou Ave,Archiepiskopou Makariou III Ave,3
2026-07-27T12:31:39Z,2026-07-27T15:36:19.875223+03:00,_2,91353c408128,,Lemesou Ave,0
2026-07-27T12:31:39Z,2026-07-27T15:36:19.875223+03:00,_0,39864853c88c,,Archiepiskopou Makariou III Ave,0
2026-07-27T12:31:39Z,2026-07-27T15:36:19.875223+03:00,_1,f7a0d4b97be3,Lemesou Ave,Archiepiskopou Makariou III Ave,3
2026-07-27T12:31:39Z,2026-07-27T15:36:19.875223+03:00,_2,a84133578e83,,Evagorou Ave,0
2026-07-27T12:41:47Z,2026-07-27T15:46:25.993145+03:00,_0,a89f632a8881,Exit 4 >E148 Latsia / GSP Stadium,Lemesou Ave,0
2026-07-27T12:41:47Z,2026-07-27T15:46:25.993145+03:00,_1,64039a076bda,Strovolos,Lemesou Ave,3
2026-07-27T12:41:47Z,2026-07-27T15:46:25.993145+03:00,_2,7c50b274239b,Aglantzia,E164 - Armenias,0
2026-07-27T12:41:47Z,2026-07-27T15:46:25.993145+03:00,_3,c57daf65c80e,Chrysanthou Mylona,Archiepiskopou Makariou III Ave,2
2026-07-27T12:41:47Z,2026-07-27T15:46:25.993145+03:00,_0,23e9d057024d,,Lemesou Ave,0
2026-07-27T12:41:47Z,2026-07-27T15:46:25.993145+03:00,_1,64039a076bda,Strovolos,Lemesou Ave,3
2026-07-27T12:41:47Z,2026-07-27T15:46:25.993145+03:00,_2,7c50b274239b,Aglantzia,E164 - Armenias,0
2026-07-27T12:41:47Z,2026-07-27T15:46:25.993145+03:00,_3,43f05193c4b0,Chrysanthou Mylona,Archiepiskopou Makariou III Ave,2
2026-07-27T12:41:47Z,2026-07-27T15:46:25.993145+03:00,_4,8fab7dfc83f0,Lemesou Ave,Evagorou Ave,0
2026-07-27T15:07:49Z,2026-07-27T18:12:27.388123+03:00,_0,db379abb1dc7,Georgiou Neofytou,Spyrou Kyprianou Ave,0
2026-07-27T15:07:49Z,2026-07-27T18:12:27.388123+03:00,_1,d485409681ec,Spyrou Kyprianou Ave,Spyrou Kyprianou Ave,3
2026-07-27T15:07:49Z,2026-07-27T18:12:27.388123+03:00,_2,6c5a5d840bb0,Spyrou Kyprianou Ave,Spyrou Kyprianou Ave,0
2026-07-27T15:07:49Z,2026-07-27T18:12:27.388123+03:00,_3,f5d4a5e20d87,Spyrou Kyprianou Ave,Spyrou Kyprianou Ave,3
2026-07-27T15:07:49Z,2026-07-27T18:12:27.388123+03:00,_4,0efa495a7a2f,Spyrou Kyprianou Ave,Angelou Vlachou,0
2026-07-27T15:07:49Z,2026-07-27T18:12:27.388123+03:00,_0,90311137b0fc,E147 - Archiepiskopou Makariou III Ave,Agias Filaxeos,0
2026-07-27T15:07:49Z,2026-07-27T18:12:27.388123+03:00,_1,57ae009fa94e,Agias Filaxeos,Agias Filaxeos,2
2026-07-27T15:07:49Z,2026-07-27T18:12:27.388123+03:00,_2,cfd611ccb05b,Agias Filaxeos,Agias Filaxeos,0
2026-07-27T15:07:49Z,2026-07-27T18:12:27.388123+03:00,_3,95579dbc01e3,Agias Filaxeos,Vasileos Georgiou II,4
2026-07-27T15:07:49Z,2026-07-27T18:12:27.388123+03:00,_4,f74602cafe9b,Agias Filaxeos,Steliou Kyriakidi,0
2026-07-27T15:07:49Z,2026-07-27T18:12:27.388123+03:00,_5,fbdd0e351f56,Ivykou,,4
2026-07-27T15:07:49Z,2026-07-27T18:12:27.388123+03:00,_6,f780373a5188,Agias Filaxeos,E110 - Agias Fylaxeos,0
2026-07-27T15:07:49Z,2026-07-27T18:12:27.388123+03:00,_7,6841a02a1258,,E110 - 1 Apriliou,2
2026-07-27T15:07:49Z,2026-07-27T18:12:27.388123+03:00,_8,f99b72a378a5,E110 - Agias Fylaxeos,E110,0
2026-07-27T15:07:49Z,2026-07-27T18:12:27.388123+03:00,_0,98b5261b31f5,E110,E147 - Archiepiskopou Makariou III Ave,0
2026-07-27T15:07:49Z,2026-07-27T18:12:27.388123+03:00,_1,d8f7f12caaf2,Agias Filaxeos,Agias Filaxeos,1
2026-07-27T15:07:49Z,2026-07-27T18:12:27.388123+03:00,_2,2f19e744f648,Agias Filaxeos,Agias Filaxeos,0
2026-07-27T15:07:49Z,2026-07-27T18:12:27.388123+03:00,_3,b1607c8a378f,Agias Filaxeos,E147 - Archiepiskopou Makariou III Ave,2
2026-07-27T15:07:49Z,2026-07-27T18:12:27.388123+03:00,_0,c1d030e6ca66,,Evagorou Ave,0
2026-07-27T15:07:49Z,2026-07-27T18:12:27.388123+03:00,_1,d52a9ec0066d,B18 - Georgiou Griva Digeni Ave,E165 - Themistokli Dervi,1
2026-07-27T15:07:49Z,2026-07-27T18:12:27.388123+03:00,_2,a7e8643275b7,E165 - Themistokli Dervi,Evagorou Ave,0
2026-07-27T15:18:17Z,2026-07-27T18:22:55.206897+03:00,_0,db379abb1dc7,Georgiou Neofytou,Spyrou Kyprianou Ave,0
2026-07-27T15:18:17Z,2026-07-27T18:22:55.206897+03:00,_1,d485409681ec,Spyrou Kyprianou Ave,Spyrou Kyprianou Ave,3
2026-07-27T15:18:17Z,2026-07-27T18:22:55.206897+03:00,_2,6c5a5d840bb0,Spyrou Kyprianou Ave,Spyrou Kyprianou Ave,0
2026-07-27T15:18:17Z,2026-07-27T18:22:55.206897+03:00,_3,f5d4a5e20d87,Spyrou Kyprianou Ave,Spyrou Kyprianou Ave,3
2026-07-27T15:18:17Z,2026-07-27T18:22:55.206897+03:00,_4,0efa495a7a2f,Spyrou Kyprianou Ave,Angelou Vlachou,0
2026-07-27T15:18:17Z,2026-07-27T18:22:55.206897+03:00,_0,15ae2e1d5817,E147 - Archiepiskopou Makariou III Ave,Agias Filaxeos,0
2026-07-27T15:18:17Z,2026-07-27T18:22:55.206897+03:00,_1,1683a4b44bb7,Agias Filaxeos,Agias Filaxeos,3
2026-07-27T15:18:17Z,2026-07-27T18:22:55.206897+03:00,_2,ada2853a7b9f,Agias Filaxeos,Steliou Kyriakidi,0
2026-07-27T15:18:17Z,2026-07-27T18:22:55.206897+03:00,_3,fbdd0e351f56,Ivykou,,4
2026-07-27T15:18:17Z,2026-07-27T18:22:55.206897+03:00,_4,f5f94ff22484,Agias Filaxeos,E110,0
2026-07-27T15:18:17Z,2026-07-27T18:22:55.206897+03:00,_0,69fc3b9dbbdd,Exit 4 >E148 Latsia / GSP Stadium,Archiepiskopou Makariou III Ave,0
2026-07-27T15:18:17Z,2026-07-27T18:22:55.206897+03:00,_1,c57daf65c80e,Chrysanthou Mylona,Archiepiskopou Makariou III Ave,2
2026-07-27T15:18:17Z,2026-07-27T18:22:55.206897+03:00,_0,daca33dbcb0d,,Archiepiskopou Makariou III Ave,0
2026-07-27T15:18:17Z,2026-07-27T18:22:55.206897+03:00,_1,43f05193c4b0,Chrysanthou Mylona,Archiepiskopou Makariou III Ave,2
2026-07-27T15:18:17Z,2026-07-27T18:22:55.206897+03:00,_2,8fab7dfc83f0,Lemesou Ave,Evagorou Ave,0
2026-07-27T15:28:45Z,2026-07-27T18:33:23.210674+03:00,_0,db379abb1dc7,Georgiou Neofytou,Spyrou Kyprianou Ave,0
2026-07-27T15:28:45Z,2026-07-27T18:33:23.210674+03:00,_1,bb8e26f01eed,Spyrou Kyprianou Ave,Spyrou Kyprianou Ave,3
2026-07-27T15:28:45Z,2026-07-27T18:33:23.210674+03:00,_2,7f51a8ff6833,Spyrou Kyprianou Ave,Spyrou Kyprianou Ave,0
2026-07-27T15:28:45Z,2026-07-27T18:33:23.210674+03:00,_3,f5d4a5e20d87,Spyrou Kyprianou Ave,Spyrou Kyprianou Ave,4
2026-07-27T15:28:45Z,2026-07-27T18:33:23.210674+03:00,_4,0efa495a7a2f,Spyrou Kyprianou Ave,Angelou Vlachou,0
2026-07-27T15:28:45Z,2026-07-27T18:33:23.210674+03:00,_0,15ae2e1d5817,E147 - Archiepiskopou Makariou III Ave,Agias Filaxeos,0
2026-07-27T15:28:45Z,2026-07-27T18:33:23.210674+03:00,_1,1683a4b44bb7,Agias Filaxeos,Agias Filaxeos,3
2026-07-27T15:28:45Z,2026-07-27T18:33:23.210674+03:00,_2,3c822276d5cc,Agias Filaxeos,Agias Filaxeos,0
2026-07-27T15:28:45Z,2026-07-27T18:33:23.210674+03:00,_3,a4260c51b19c,Steliou Kyriakidi,,4
2026-07-27T15:28:45Z,2026-07-27T18:33:23.210674+03:00,_4,f5f94ff22484,Agias Filaxeos,E110,0
2026-07-27T15:39:14Z,2026-07-27T18:43:52.679808+03:00,_0,acb430b8e822,Exit 4 >E148 Latsia / GSP Stadium,Archiepiskopou Makariou III Ave,0
2026-07-27T15:39:14Z,2026-07-27T18:43:52.679808+03:00,_1,394713f228bd,Lemesou Ave,Lemesou Ave,2
2026-07-27T15:39:14Z,2026-07-27T18:43:52.679808+03:00,_0,db379abb1dc7,Georgiou Neofytou,Spyrou Kyprianou Ave,0
2026-07-27T15:39:14Z,2026-07-27T18:43:52.679808+03:00,_1,d485409681ec,Spyrou Kyprianou Ave,Spyrou Kyprianou Ave,3
2026-07-27T15:39:14Z,2026-07-27T18:43:52.679808+03:00,_2,b16f06e86626,Spyrou Kyprianou Ave,Angelou Vlachou,0
2026-07-27T15:39:14Z,2026-07-27T18:43:52.679808+03:00,_0,15ae2e1d5817,E147 - Archiepiskopou Makariou III Ave,Agias Filaxeos,0
2026-07-27T15:39:14Z,2026-07-27T18:43:52.679808+03:00,_1,e0103df7d76d,Agias Filaxeos,Agias Filaxeos,3
2026-07-27T15:39:14Z,2026-07-27T18:43:52.679808+03:00,_2,bbd3d4041441,Agias Filaxeos,Agias Filaxeos,0
2026-07-27T15:39:14Z,2026-07-27T18:43:52.679808+03:00,_3,a4260c51b19c,Steliou Kyriakidi,,4
2026-07-27T15:39:14Z,2026-07-27T18:43:52.679808+03:00,_4,58db42ee5329,Agias Filaxeos,E110 - 1 Apriliou,0
2026-07-27T15:39:14Z,2026-07-27T18:43:52.679808+03:00,_5,9f4f77006632,E110 - 1 Apriliou,E110 - Eleftherias,3
2026-07-27T15:39:14Z,2026-07-27T18:43:52.679808+03:00,_6,c97b954fcb12,E110 - 1 Apriliou,E110,0
2026-07-27T15:39:14Z,2026-07-27T18:43:52.679808+03:00,_0,6311136a7b90,,Archiepiskopou Makariou III Ave,0
2026-07-27T15:39:14Z,2026-07-27T18:43:52.679808+03:00,_1,6efde239cabf,Lemesou Ave,Archiepiskopou Makariou III Ave,2
2026-07-27T15:39:14Z,2026-07-27T18:43:52.679808+03:00,_2,8fab7dfc83f0,Lemesou Ave,Evagorou Ave,0
2026-07-27T15:49:42Z,2026-07-27T18:54:20.919853+03:00,_0,15ae2e1d5817,E147 - Archiepiskopou Makariou III Ave,Agias Filaxeos,0
2026-07-27T15:49:42Z,2026-07-27T18:54:20.919853+03:00,_1,e0103df7d76d,Agias Filaxeos,Agias Filaxeos,3
2026-07-27T15:49:42Z,2026-07-27T18:54:20.919853+03:00,_2,bbd3d4041441,Agias Filaxeos,Agias Filaxeos,0
2026-07-27T15:49:42Z,2026-07-27T18:54:20.919853+03:00,_3,a4260c51b19c,Steliou Kyriakidi,,4
2026-07-27T15:49:42Z,2026-07-27T18:54:20.919853+03:00,_4,f5f94ff22484,Agias Filaxeos,E110,0
2026-07-27T15:49:42Z,2026-07-27T18:54:20.919853+03:00,_0,4fc2219fde81,E110,E110 - Agias Fylaxeos,0
2026-07-27T15:49:42Z,2026-07-27T18:54:20.919853+03:00,_1,190d90b7bce5,E110 - Agias Fylaxeos,,3
2026-07-27T15:49:42Z,2026-07-27T18:54:20.919853+03:00,_2,a3ae4f10ebab,E110 - Agias Fylaxeos,E147 - Archiepiskopou Makariou III Ave,0
2026-07-27T15:49:42Z,2026-07-27T18:54:20.919853+03:00,_3,f8a1b1df72c7,Agias Filaxeos,E147 - Archiepiskopou Makariou III Ave,3
2026-07-27T15:49:42Z,2026-07-27T18:54:20.919853+03:00,_0,1903b2559960,,Archiepiskopou Makariou III Ave,0
2026-07-27T15:49:42Z,2026-07-27T18:54:20.919853+03:00,_1,660d388bb733,Lemesou Ave,Archiepiskopou Makariou III Ave,2
2026-07-27T15:49:42Z,2026-07-27T18:54:20.919853+03:00,_2,1c6a3fc2a217,Lemesou Ave,B18 - Digeni Akrita Ave,0
2026-07-27T15:49:42Z,2026-07-27T18:54:20.919853+03:00,_3,aabab5b0e87d,Archiepiskopou Makariou III Ave,B18 - Georgiou Griva Digeni Ave,3
2026-07-27T15:49:42Z,2026-07-27T18:54:20.919853+03:00,_4,e1beab30434a,Archiepiskopou Makariou III Ave,Evagorou Ave,0
2026-07-27T16:00:10Z,2026-07-27T19:04:48.753469+03:00,_0,920305ee9a1e,E147 - Archiepiskopou Makariou III Ave,Agias Filaxeos,0
2026-07-27T16:00:10Z,2026-07-27T19:04:48.753469+03:00,_1,a4260c51b19c,Steliou Kyriakidi,,4
2026-07-27T16:00:10Z,2026-07-27T19:04:48.753469+03:00,_2,f780373a5188,Agias Filaxeos,E110 - Agias Fylaxeos,0
2026-07-27T16:00:10Z,2026-07-27T19:04:48.753469+03:00,_3,6841a02a1258,,E110 - 1 Apriliou,3
2026-07-27T16:00:10Z,2026-07-27T19:04:48.753469+03:00,_4,f99b72a378a5,E110 - Agias Fylaxeos,E110,0
2026-07-27T16:00:10Z,2026-07-27T19:04:48.753469+03:00,_0,4fc2219fde81,E110,E110 - Agias Fylaxeos,0
2026-07-27T16:00:10Z,2026-07-27T19:04:48.753469+03:00,_1,190d90b7bce5,E110 - Agias Fylaxeos,,2
2026-07-27T16:00:10Z,2026-07-27T19:04:48.753469+03:00,_2,c8792afe581d,E110 - Agias Fylaxeos,E147 - Archiepiskopou Makariou III Ave,0
2026-07-27T16:00:10Z,2026-07-27T19:04:48.753469+03:00,_0,1903b2559960,,Archiepiskopou Makariou III Ave,0
2026-07-27T16:00:10Z,2026-07-27T19:04:48.753469+03:00,_1,660d388bb733,Lemesou Ave,Archiepiskopou Makariou III Ave,2
2026-07-27T16:00:10Z,2026-07-27T19:04:48.753469+03:00,_2,8fab7dfc83f0,Lemesou Ave,Evagorou Ave,0
2026-07-27T16:10:39Z,2026-07-27T19:15:17.983391+03:00,_0,920305ee9a1e,E147 - Archiepiskopou Makariou III Ave,Agias Filaxeos,0
2026-07-27T16:10:39Z,2026-07-27T19:15:17.983391+03:00,_1,a4260c51b19c,Steliou Kyriakidi,,4
2026-07-27T16:10:39Z,2026-07-27T19:15:17.983391+03:00,_2,f5f94ff22484,Agias Filaxeos,E110,0
2026-07-27T16:10:39Z,2026-07-27T19:15:17.983391+03:00,_0,4fc2219fde81,E110,E110 - Agias Fylaxeos,0
2026-07-27T16:10:39Z,2026-07-27T19:15:17.983391+03:00,_1,190d90b7bce5,E110 - Agias Fylaxeos,,3
2026-07-27T16:10:39Z,2026-07-27T19:15:17.983391+03:00,_2,c8792afe581d,E110 - Agias Fylaxeos,E147 - Archiepiskopou Makariou III Ave,0
2026-07-27T16:21:06Z,2026-07-27T19:25:44.946085+03:00,_0,920305ee9a1e,E147 - Archiepiskopou Makariou III Ave,Agias Filaxeos,0
2026-07-27T16:21:06Z,2026-07-27T19:25:44.946085+03:00,_1,a4260c51b19c,Steliou Kyriakidi,,4
2026-07-27T16:21:06Z,2026-07-27T19:25:44.946085+03:00,_2,f780373a5188,Agias Filaxeos,E110 - Agias Fylaxeos,0
2026-07-27T16:21:06Z,2026-07-27T19:25:44.946085+03:00,_3,6841a02a1258,,E110 - 1 Apriliou,2
2026-07-27T16:21:06Z,2026-07-27T19:25:44.946085+03:00,_4,f99b72a378a5,E110 - Agias Fylaxeos,E110,0
2026-07-27T16:21:06Z,2026-07-27T19:25:44.946085+03:00,_0,69fc3b9dbbdd,Exit 4 >E148 Latsia / GSP Stadium,Archiepiskopou Makariou III Ave,0
2026-07-27T16:21:06Z,2026-07-27T19:25:44.946085+03:00,_1,c57daf65c80e,Chrysanthou Mylona,Archiepiskopou Makariou III Ave,2
2026-07-27T16:21:06Z,2026-07-27T19:25:44.946085+03:00,_0,daca33dbcb0d,,Archiepiskopou Makariou III Ave,0
2026-07-27T16:21:06Z,2026-07-27T19:25:44.946085+03:00,_1,43f05193c4b0,Chrysanthou Mylona,Archiepiskopou Makariou III Ave,2
2026-07-27T16:21:06Z,2026-07-27T19:25:44.946085+03:00,_2,8fab7dfc83f0,Lemesou Ave,Evagorou Ave,0
2026-07-27T16:31:11Z,2026-07-27T19:35:49.477461+03:00,_0,920305ee9a1e,E147 - Archiepiskopou Makariou III Ave,Agias Filaxeos,0
2026-07-27T16:31:11Z,2026-07-27T19:35:49.477461+03:00,_1,a4260c51b19c,Steliou Kyriakidi,,4
2026-07-27T16:31:11Z,2026-07-27T19:35:49.477461+03:00,_2,f780373a5188,Agias Filaxeos,E110 - Agias Fylaxeos,0
2026-07-27T16:31:11Z,2026-07-27T19:35:49.477461+03:00,_3,6841a02a1258,,E110 - 1 Apriliou,2
2026-07-27T16:31:11Z,2026-07-27T19:35:49.477461+03:00,_4,f99b72a378a5,E110 - Agias Fylaxeos,E110,0
2026-07-27T16:41:16Z,2026-07-27T19:45:54.841027+03:00,_0,64724f830ea6,E147 - Archiepiskopou Makariou III Ave,E110 - Agias Fylaxeos,0
2026-07-27T16:41:16Z,2026-07-27T19:45:54.841027+03:00,_1,6841a02a1258,,E110 - 1 Apriliou,2
2026-07-27T16:41:16Z,2026-07-27T19:45:54.841027+03:00,_2,f99b72a378a5,E110 - Agias Fylaxeos,E110,0
2026-07-27T17:21:55Z,2026-07-27T20:26:33.886338+03:00,_0,c7636f6313c5,,E1302 - Nikis Ave,0
2026-07-27T17:21:55Z,2026-07-27T20:26:33.886338+03:00,_1,910016111853,B18 - Georgiou Griva Digeni Ave,B18 - Georgiou Griva Digeni Ave,3
2026-07-27T17:21:55Z,2026-07-27T20:26:33.886338+03:00,_2,bbf67e32aa17,B18 - Georgiou Griva Digeni Ave,Evagorou Ave,0
2026-07-27T17:32:00Z,2026-07-27T20:36:38.091743+03:00,_0,24f6df74a9e2,E110,E110 - Agias Fylaxeos,0
2026-07-27T17:32:00Z,2026-07-27T20:36:38.091743+03:00,_1,720f2041a328,E110 - 1 Apriliou,E110 - 1 Apriliou,2
2026-07-27T17:32:00Z,2026-07-27T20:36:38.091743+03:00,_2,107b20419b0f,E110 - 1 Apriliou,E147 - Archiepiskopou Makariou III Ave,0
2026-07-27T17:42:04Z,2026-07-27T20:46:43.011866+03:00,_0,b5a935136798,E110,E110 - 1 Apriliou,0
2026-07-27T17:42:04Z,2026-07-27T20:46:43.011866+03:00,_1,0637960b0b7c,E110 - 1 Apriliou,E110 - Agias Fylaxeos,1
2026-07-27T17:42:04Z,2026-07-27T20:46:43.011866+03:00,_2,e71c3d1c5678,E110 - 1 Apriliou,E110 - 1 Apriliou,0
2026-07-27T17:42:04Z,2026-07-27T20:46:43.011866+03:00,_3,9797b6c3d425,E110 - 1 Apriliou,E110 - Agias Fylaxeos,1
2026-07-27T17:42:04Z,2026-07-27T20:46:43.011866+03:00,_4,3ef9e194a523,E110 - 1 Apriliou,E147 - Archiepiskopou Makariou III Ave,0
2026-07-27T22:50:28Z,2026-07-28T01:55:06.929456+03:00,_0,9a3c47bd41f3,,Konia,2
2026-07-27T22:50:28Z,2026-07-28T01:55:06.929456+03:00,_1,9672d20ba874,Konia,Evagorou Ave,0
2026-07-28T03:48:32Z,2026-07-28T06:53:10.857487+03:00,_0,fe72ea2b224f,Strovolos,Lemesou Ave,0
2026-07-28T03:48:32Z,2026-07-28T06:53:10.857487+03:00,_1,1c3025f6d361,Strovolos,Lemesou Ave,3
2026-07-28T03:48:32Z,2026-07-28T06:53:10.857487+03:00,_2,7792802c8552,Aglantzia,Archiepiskopou Makariou III Ave,0
2026-07-28T03:48:32Z,2026-07-28T06:53:10.857487+03:00,_0,106f0a75c576,Kosta Misiaouli,Strovolou Ave,0
2026-07-28T03:48:32Z,2026-07-28T06:53:10.857487+03:00,_1,0660334d11dc,Strovolou Ave,Strovolou Ave,2
2026-07-28T03:48:32Z,2026-07-28T06:53:10.857487+03:00,_2,b7d9dc03982a,Strovolou Ave,E902 - Proedrikou Megarou Ave,0
2026-07-28T03:48:32Z,2026-07-28T06:53:10.857487+03:00,_0,72b03ff9b5bc,E110,E110 - Agias Fylaxeos,0
2026-07-28T03:48:32Z,2026-07-28T06:53:10.857487+03:00,_1,6b1c856e842f,E110 - 1 Apriliou,E110 - Agias Fylaxeos,2
2026-07-28T03:48:32Z,2026-07-28T06:53:10.857487+03:00,_2,fd8d2aab3fe9,E110 - 1 Apriliou,E147 - Archiepiskopou Makariou III Ave,0
2026-07-28T03:48:32Z,2026-07-28T06:53:10.857487+03:00,_0,d0dc64f54734,,Lemesou Ave,0
2026-07-28T03:48:32Z,2026-07-28T06:53:10.857487+03:00,_1,1c3025f6d361,Strovolos,Lemesou Ave,3
2026-07-28T03:48:32Z,2026-07-28T06:53:10.857487+03:00,_2,cc8badd45da4,Aglantzia,Evagorou Ave,0
2026-07-28T03:58:58Z,2026-07-28T07:03:37.144730+03:00,_0,9637c1cd3244,Strovolos,Strovolos,0
2026-07-28T03:58:58Z,2026-07-28T07:03:37.144730+03:00,_1,d1bd4cd56cd8,Strovolos,Lemesou Ave,3
2026-07-28T03:58:58Z,2026-07-28T07:03:37.144730+03:00,_2,7792802c8552,Aglantzia,Archiepiskopou Makariou III Ave,0
2026-07-28T03:58:58Z,2026-07-28T07:03:37.144730+03:00,_0,e8e5cfdca133,Kosta Misiaouli,Strovolou Ave,0
2026-07-28T03:58:58Z,2026-07-28T07:03:37.144730+03:00,_1,edf2b2d30f39,Strovolou Ave,Strovolou Ave,2
2026-07-28T03:58:58Z,2026-07-28T07:03:37.144730+03:00,_2,b7d9dc03982a,Strovolou Ave,E902 - Proedrikou Megarou Ave,0
2026-07-28T03:58:58Z,2026-07-28T07:03:37.144730+03:00,_0,72b03ff9b5bc,E110 - Eleftherias,E110 - Agias Fylaxeos,0
2026-07-28T03:58:58Z,2026-07-28T07:03:37.144730+03:00,_1,e50ca2ecb1e0,E110 - 1 Apriliou,,2
2026-07-28T03:58:58Z,2026-07-28T07:03:37.144730+03:00,_2,19d45cd96312,E110 - Agias Fylaxeos,Agiou Artemiou,0
2026-07-28T03:58:58Z,2026-07-28T07:03:37.144730+03:00,_3,535964c57235,Agias Filaxeos,E147 - Archiepiskopou Makariou III Ave,3
2026-07-28T03:58:58Z,2026-07-28T07:03:37.144730+03:00,_0,1561bafaf811,,Lemesou Ave,0
2026-07-28T03:58:58Z,2026-07-28T07:03:37.144730+03:00,_1,d1bd4cd56cd8,Strovolos,Lemesou Ave,3
2026-07-28T03:58:58Z,2026-07-28T07:03:37.144730+03:00,_2,cc8badd45da4,Aglantzia,Evagorou Ave,0
2026-07-28T04:09:23Z,2026-07-28T07:14:01.681094+03:00,_0,fe72ea2b224f,Strovolos,Lemesou Ave,0
2026-07-28T04:09:23Z,2026-07-28T07:14:01.681094+03:00,_1,1c3025f6d361,Strovolos,Lemesou Ave,3
2026-07-28T04:09:23Z,2026-07-28T07:14:01.681094+03:00,_2,7792802c8552,Aglantzia,Archiepiskopou Makariou III Ave,0
2026-07-28T04:09:23Z,2026-07-28T07:14:01.681094+03:00,_0,5f39d2391c75,Leoforos Strovolou,Strovolou Ave,0
2026-07-28T04:09:23Z,2026-07-28T07:14:01.681094+03:00,_1,320218bf06e8,Strovolou Ave,Strovolou Ave,1
2026-07-28T04:09:23Z,2026-07-28T07:14:01.681094+03:00,_2,9444437e669d,Strovolou Ave,Strovolou Ave,0
2026-07-28T04:09:23Z,2026-07-28T07:14:01.681094+03:00,_3,4e91907eae2e,Strovolou Ave,E902 - Proedrikou Megarou Ave,3
2026-07-28T04:09:23Z,2026-07-28T07:14:01.681094+03:00,_4,8c8b5efc93bd,Strovolou Ave,E902 - Proedrikou Megarou Ave,0
2026-07-28T04:09:23Z,2026-07-28T07:14:01.681094+03:00,_0,d0dc64f54734,,Lemesou Ave,0
2026-07-28T04:09:23Z,2026-07-28T07:14:01.681094+03:00,_1,1c3025f6d361,Strovolos,Lemesou Ave,3
2026-07-28T04:09:23Z,2026-07-28T07:14:01.681094+03:00,_2,cc8badd45da4,Aglantzia,Evagorou Ave,0
2026-07-28T04:19:48Z,2026-07-28T07:24:26.359099+03:00,_0,9637c1cd3244,Strovolos,Strovolos,0
2026-07-28T04:19:48Z,2026-07-28T07:24:26.359099+03:00,_1,d1bd4cd56cd8,Strovolos,Lemesou Ave,3
2026-07-28T04:19:48Z,2026-07-28T07:24:26.359099+03:00,_2,7792802c8552,Aglantzia,Archiepiskopou Makariou III Ave,0
2026-07-28T04:19:48Z,2026-07-28T07:24:26.359099+03:00,_0,5f39d2391c75,Leoforos Strovolou,Strovolou Ave,0
2026-07-28T04:19:48Z,2026-07-28T07:24:26.359099+03:00,_1,1c02e40f3134,Strovolou Ave,Strovolou Ave,3
2026-07-28T04:19:48Z,2026-07-28T07:24:26.359099+03:00,_2,b7d9dc03982a,Strovolou Ave,E902 - Proedrikou Megarou Ave,0
2026-07-28T04:19:48Z,2026-07-28T07:24:26.359099+03:00,_0,1561bafaf811,,Lemesou Ave,0
2026-07-28T04:19:48Z,2026-07-28T07:24:26.359099+03:00,_1,d1bd4cd56cd8,Strovolos,Lemesou Ave,3
2026-07-28T04:19:48Z,2026-07-28T07:24:26.359099+03:00,_2,cc8badd45da4,Aglantzia,Evagorou Ave,0
2026-07-28T04:30:14Z,2026-07-28T07:34:52.941029+03:00,_0,d7fa998be72c,Strovolos,Strovolos,0
2026-07-28T04:30:14Z,2026-07-28T07:34:52.941029+03:00,_1,56258ee4f147,Strovolos,Lemesou Ave,3
2026-07-28T04:30:14Z,2026-07-28T07:34:52.941029+03:00,_2,7792802c8552,Aglantzia,Archiepiskopou Makariou III Ave,0
2026-07-28T04:30:14Z,2026-07-28T07:34:52.941029+03:00,_0,72b03ff9b5bc,E110,E110 - Agias Fylaxeos,0
2026-07-28T04:30:14Z,2026-07-28T07:34:52.941029+03:00,_1,e50ca2ecb1e0,E110 - 1 Apriliou,,2
2026-07-28T04:30:14Z,2026-07-28T07:34:52.941029+03:00,_2,a00391c2d0b8,E110 - Agias Fylaxeos,E147 - Archiepiskopou Makariou III Ave,0
2026-07-28T04:30:14Z,2026-07-28T07:34:52.941029+03:00,_0,787c60442e2c,Leoforos Strovolou,Strovolou Ave,0
2026-07-28T04:30:14Z,2026-07-28T07:34:52.941029+03:00,_1,07e396cf2593,Strovolou Ave,Strovolou Ave,2
2026-07-28T04:30:14Z,2026-07-28T07:34:52.941029+03:00,_2,15dbd15441f3,Strovolou Ave,Strovolou Ave,0
2026-07-28T04:30:14Z,2026-07-28T07:34:52.941029+03:00,_3,320218bf06e8,Strovolou Ave,Strovolou Ave,1
2026-07-28T04:30:14Z,2026-07-28T07:34:52.941029+03:00,_4,9444437e669d,Strovolou Ave,Strovolou Ave,0
2026-07-28T04:30:14Z,2026-07-28T07:34:52.941029+03:00,_5,3b7eac825bbe,Strovolou Ave,Strovolou Ave,3
2026-07-28T04:30:14Z,2026-07-28T07:34:52.941029+03:00,_6,b7d9dc03982a,Strovolou Ave,E902 - Proedrikou Megarou Ave,0
2026-07-28T04:30:14Z,2026-07-28T07:34:52.941029+03:00,_0,37e913d03e44,,Strovolos,0
2026-07-28T04:30:14Z,2026-07-28T07:34:52.941029+03:00,_1,56258ee4f147,Strovolos,Lemesou Ave,3
2026-07-28T04:30:14Z,2026-07-28T07:34:52.941029+03:00,_2,cc8badd45da4,Aglantzia,Evagorou Ave,0
2026-07-28T04:40:39Z,2026-07-28T07:45:17.335238+03:00,_0,9637c1cd3244,Strovolos,Strovolos,0
2026-07-28T04:40:39Z,2026-07-28T07:45:17.335238+03:00,_1,d1bd4cd56cd8,Strovolos,Lemesou Ave,4
2026-07-28T04:40:39Z,2026-07-28T07:45:17.335238+03:00,_2,7792802c8552,Aglantzia,Archiepiskopou Makariou III Ave,0
2026-07-28T04:40:39Z,2026-07-28T07:45:17.335238+03:00,_0,787c60442e2c,Leoforos Strovolou,Strovolou Ave,0
2026-07-28T04:40:39Z,2026-07-28T07:45:17.335238+03:00,_1,07e396cf2593,Strovolou Ave,Strovolou Ave,2
2026-07-28T04:40:39Z,2026-07-28T07:45:17.335238+03:00,_2,15dbd15441f3,Strovolou Ave,Strovolou Ave,0
2026-07-28T04:40:39Z,2026-07-28T07:45:17.335238+03:00,_3,1c02e40f3134,Strovolou Ave,Strovolou Ave,3
2026-07-28T04:40:39Z,2026-07-28T07:45:17.335238+03:00,_4,b7d9dc03982a,Strovolou Ave,E902 - Proedrikou Megarou Ave,0
2026-07-28T04:40:39Z,2026-07-28T07:45:17.335238+03:00,_0,72b03ff9b5bc,E110,E110 - Agias Fylaxeos,0
2026-07-28T04:40:39Z,2026-07-28T07:45:17.335238+03:00,_1,e50ca2ecb1e0,E110 - 1 Apriliou,,3
2026-07-28T04:40:39Z,2026-07-28T07:45:17.335238+03:00,_2,c8792afe581d,E110 - Agias Fylaxeos,E147 - Archiepiskopou Makariou III Ave,0
2026-07-28T04:40:39Z,2026-07-28T07:45:17.335238+03:00,_0,1561bafaf811,,Lemesou Ave,0
2026-07-28T04:40:39Z,2026-07-28T07:45:17.335238+03:00,_1,d1bd4cd56cd8,Strovolos,Lemesou Ave,4
2026-07-28T04:40:39Z,2026-07-28T07:45:17.335238+03:00,_2,a4082cd3b8e8,Aglantzia,E1302 - Nikis Ave,0
2026-07-28T04:40:39Z,2026-07-28T07:45:17.335238+03:00,_3,910016111853,B18 - Georgiou Griva Digeni Ave,E165 - Themistokli Dervi,3
2026-07-28T04:40:39Z,2026-07-28T07:45:17.335238+03:00,_4,bbf67e32aa17,B18 - Georgiou Griva Digeni Ave,Evagorou Ave,0
2026-07-28T04:51:03Z,2026-07-28T07:55:41.932392+03:00,_0,d7fa998be72c,Strovolos,Strovolos,0
2026-07-28T04:51:03Z,2026-07-28T07:55:41.932392+03:00,_1,56258ee4f147,Strovolos,Lemesou Ave,4
2026-07-28T04:51:03Z,2026-07-28T07:55:41.932392+03:00,_2,ea3328a1bed0,Aglantzia,Archiepiskopou Makariou III Ave,0
2026-07-28T04:51:03Z,2026-07-28T07:55:41.932392+03:00,_3,91353c408128,,Lemesou Ave,3
2026-07-28T04:51:03Z,2026-07-28T07:55:41.932392+03:00,_0,899c88dfdd04,Leoforos Strovolou,Arch. Makariou III,0
2026-07-28T04:51:03Z,2026-07-28T07:55:41.932392+03:00,_1,7cd237968878,E902 - Archiepiskopou Makariou III,Strovolou Ave,2
2026-07-28T04:51:03Z,2026-07-28T07:55:41.932392+03:00,_2,4e1b0cbf6c86,E902 - Archiepiskopou Makariou III,Strovolou Ave,0
2026-07-28T04:51:03Z,2026-07-28T07:55:41.932392+03:00,_3,fe86b6d92833,Strovolou Ave,E902 - Proedrikou Megarou Ave,3
2026-07-28T04:51:03Z,2026-07-28T07:55:41.932392+03:00,_4,92d65c298345,Strovolou Ave,E902 - Proedrikou Megarou Ave,0
2026-07-28T04:51:03Z,2026-07-28T07:55:41.932392+03:00,_0,72b03ff9b5bc,E110,E110 - Agias Fylaxeos,0
2026-07-28T04:51:03Z,2026-07-28T07:55:41.932392+03:00,_1,e50ca2ecb1e0,E110 - 1 Apriliou,,3
2026-07-28T04:51:03Z,2026-07-28T07:55:41.932392+03:00,_2,94bd22476a9c,E110 - Agias Fylaxeos,E147 - Archiepiskopou Makariou III Ave,0
2026-07-28T04:51:03Z,2026-07-28T07:55:41.932392+03:00,_3,88697bca4b53,Agias Filaxeos,E147 - Archiepiskopou Makariou III Ave,3
2026-07-28T04:51:03Z,2026-07-28T07:55:41.932392+03:00,_0,93ebb3fbad08,Episkopi,Ypsonas,0
2026-07-28T04:51:03Z,2026-07-28T07:55:41.932392+03:00,_1,d8890b378e3a,Ypsonas,Kato Polemidia,2
2026-07-28T04:51:03Z,2026-07-28T07:55:41.932392+03:00,_2,c99a2a503a5c,Kato Polemidia,A1,0
2026-07-28T04:51:03Z,2026-07-28T07:55:41.932392+03:00,_3,c6626472cfe7,A6,Lemesos,1
2026-07-28T04:51:03Z,2026-07-28T07:55:41.932392+03:00,_4,e7aa3fa7d4d2,Lemesos,Germasogeia,0
2026-07-28T04:51:03Z,2026-07-28T07:55:41.932392+03:00,_0,c75f4551c6ff,,Ypsonas,0
2026-07-28T04:51:03Z,2026-07-28T07:55:41.932392+03:00,_1,d8890b378e3a,Ypsonas,Kato Polemidia,2
2026-07-28T04:51:03Z,2026-07-28T07:55:41.932392+03:00,_2,c99a2a503a5c,Kato Polemidia,A1,0
2026-07-28T04:51:03Z,2026-07-28T07:55:41.932392+03:00,_3,c6626472cfe7,A6,Lemesos,1
2026-07-28T04:51:03Z,2026-07-28T07:55:41.932392+03:00,_4,800a09a41d0a,Lemesos,Strovolos,0
2026-07-28T04:51:03Z,2026-07-28T07:55:41.932392+03:00,_5,56258ee4f147,Strovolos,Lemesou Ave,4
2026-07-28T04:51:03Z,2026-07-28T07:55:41.932392+03:00,_6,ea3328a1bed0,Aglantzia,Archiepiskopou Makariou III Ave,0
2026-07-28T04:51:03Z,2026-07-28T07:55:41.932392+03:00,_7,200b71b93054,,Archiepiskopou Makariou III Ave,3
2026-07-28T04:51:03Z,2026-07-28T07:55:41.932392+03:00,_8,585aa61a46fa,Lemesou Ave,B18 - Georgiou Griva Digeni Ave,0
2026-07-28T04:51:03Z,2026-07-28T07:55:41.932392+03:00,_9,055237d5336a,Archiepiskopou Makariou III Ave,B18 - Georgiou Griva Digeni Ave,3
2026-07-28T04:51:03Z,2026-07-28T07:55:41.932392+03:00,_10,e1beab30434a,Archiepiskopou Makariou III Ave,Evagorou Ave,0
2026-07-28T04:51:03Z,2026-07-28T07:55:41.932392+03:00,_0,06afc6492b14,Germasogeia,Germasogeia,1
2026-07-28T04:51:03Z,2026-07-28T07:55:41.932392+03:00,_1,3e1d75b9e16e,Agios Athanasios,Episkopi,0
2026-07-28T05:01:30Z,2026-07-28T08:06:08.966292+03:00,_0,d7fa998be72c,Strovolos,Strovolos,0
2026-07-28T05:01:30Z,2026-07-28T08:06:08.966292+03:00,_1,56258ee4f147,Strovolos,Lemesou Ave,4
2026-07-28T05:01:30Z,2026-07-28T08:06:08.966292+03:00,_2,2eeb7481ceda,Aglantzia,E164 - Armenias,0
2026-07-28T05:01:30Z,2026-07-28T08:06:08.966292+03:00,_3,8b530b355b26,Lemesou Ave,Archiepiskopou Makariou III Ave,3
2026-07-28T05:01:30Z,2026-07-28T08:06:08.966292+03:00,_0,899c88dfdd04,Leoforos Strovolou,Arch. Makariou III,0
2026-07-28T05:01:30Z,2026-07-28T08:06:08.966292+03:00,_1,7cd237968878,E902 - Archiepiskopou Makariou III,Strovolou Ave,2
2026-07-28T05:01:30Z,2026-07-28T08:06:08.966292+03:00,_2,4e1b0cbf6c86,E902 - Archiepiskopou Makariou III,Strovolou Ave,0
2026-07-28T05:01:30Z,2026-07-28T08:06:08.966292+03:00,_3,92bd7e9e5fa1,Strovolou Ave,E902 - Proedrikou Megarou Ave,3
2026-07-28T05:01:30Z,2026-07-28T08:06:08.966292+03:00,_4,96c3ee6a9698,Strovolou Ave,E902 - Proedrikou Megarou Ave,0
2026-07-28T05:01:30Z,2026-07-28T08:06:08.966292+03:00,_0,5571d2934d78,E110,E110 - Agias Fylaxeos,0
2026-07-28T05:01:30Z,2026-07-28T08:06:08.966292+03:00,_1,4d40b5fe9ec1,E110 - 1 Apriliou,,3
2026-07-28T05:01:30Z,2026-07-28T08:06:08.966292+03:00,_2,2e9ffee5c9c5,E110 - Agias Fylaxeos,E147 - Archiepiskopou Makariou III Ave,0
2026-07-28T05:01:30Z,2026-07-28T08:06:08.966292+03:00,_3,0047479cf4c6,Agias Filaxeos,E147 - Archiepiskopou Makariou III Ave,3
2026-07-28T05:01:30Z,2026-07-28T08:06:08.966292+03:00,_0,9a5aec5a135f,E147 - Archiepiskopou Makariou III Ave,E110 - Eleftherias,0
2026-07-28T05:01:30Z,2026-07-28T08:06:08.966292+03:00,_1,db98c9d0a2e0,E110 - 1 Apriliou,E110 - 1 Apriliou,3
2026-07-28T05:01:30Z,2026-07-28T08:06:08.966292+03:00,_2,c97b954fcb12,E110 - 1 Apriliou,E110,0
2026-07-28T05:01:30Z,2026-07-28T08:06:08.966292+03:00,_0,93ebb3fbad08,Episkopi,Ypsonas,0
2026-07-28T05:01:30Z,2026-07-28T08:06:08.966292+03:00,_1,01e7248afe0f,Ypsonas,A1,2
2026-07-28T05:01:30Z,2026-07-28T08:06:08.966292+03:00,_2,959139d664f6,Kato Polemidia,A1,0
2026-07-28T05:01:30Z,2026-07-28T08:06:08.966292+03:00,_3,51a87f29a8d7,A6,Lemesos,1
2026-07-28T05:01:30Z,2026-07-28T08:06:08.966292+03:00,_4,ee531a6a7ac9,Lemesos,Lemesos,0
2026-07-28T05:01:30Z,2026-07-28T08:06:08.966292+03:00,_5,50dc42de3530,Mesa Geitonia,Agios Athanasios,1
2026-07-28T05:01:30Z,2026-07-28T08:06:08.966292+03:00,_6,5fdfcdfdd36d,Agios Athanasios,Germasogeia,0
2026-07-28T05:01:30Z,2026-07-28T08:06:08.966292+03:00,_0,06afc6492b14,Exit 24 >E127 Germasogeia / E113 Lemesos-Centre,Germasogeia,2
2026-07-28T05:01:30Z,2026-07-28T08:06:08.966292+03:00,_1,3e1d75b9e16e,Agios Athanasios,"to A6 > Pafos, Pafos Airport",0
2026-07-28T05:01:30Z,2026-07-28T08:06:08.966292+03:00,_0,c75f4551c6ff,,Ypsonas,0
2026-07-28T05:01:30Z,2026-07-28T08:06:08.966292+03:00,_1,01e7248afe0f,Ypsonas,A1,2
2026-07-28T05:01:30Z,2026-07-28T08:06:08.966292+03:00,_2,959139d664f6,Kato Polemidia,A1,0
2026-07-28T05:01:30Z,2026-07-28T08:06:08.966292+03:00,_3,51a87f29a8d7,A6,Lemesos,1
2026-07-28T05:01:30Z,2026-07-28T08:06:08.966292+03:00,_4,ee531a6a7ac9,Lemesos,Lemesos,0
2026-07-28T05:01:30Z,2026-07-28T08:06:08.966292+03:00,_5,50dc42de3530,Mesa Geitonia,Agios Athanasios,1
2026-07-28T05:01:30Z,2026-07-28T08:06:08.966292+03:00,_6,873ce68d2cb7,Agios Athanasios,Strovolos,0
2026-07-28T05:01:30Z,2026-07-28T08:06:08.966292+03:00,_7,56258ee4f147,Strovolos,Lemesou Ave,4
2026-07-28T05:01:30Z,2026-07-28T08:06:08.966292+03:00,_8,2eeb7481ceda,Aglantzia,E164 - Armenias,0
2026-07-28T05:01:30Z,2026-07-28T08:06:08.966292+03:00,_9,3dec49aff703,Lemesou Ave,Archiepiskopou Makariou III Ave,3
2026-07-28T05:01:30Z,2026-07-28T08:06:08.966292+03:00,_10,7e9e53411917,Lemesou Ave,E1302 - Nikis Ave,0
2026-07-28T05:01:30Z,2026-07-28T08:06:08.966292+03:00,_11,910016111853,B18 - Georgiou Griva Digeni Ave,B18 - Georgiou Griva Digeni Ave,4
2026-07-28T05:01:30Z,2026-07-28T08:06:08.966292+03:00,_12,bbf67e32aa17,B18 - Georgiou Griva Digeni Ave,Evagorou Ave,0
2026-07-28T05:11:55Z,2026-07-28T08:16:34.383245+03:00,_0,d7fa998be72c,Strovolos,Strovolos,0
2026-07-28T05:11:55Z,2026-07-28T08:16:34.383245+03:00,_1,56258ee4f147,Strovolos,Lemesou Ave,4
2026-07-28T05:11:55Z,2026-07-28T08:16:34.383245+03:00,_2,7c50b274239b,Aglantzia,E164 - Armenias,0
2026-07-28T05:11:55Z,2026-07-28T08:16:34.383245+03:00,_3,c57daf65c80e,Lemesou Ave,Archiepiskopou Makariou III Ave,3
2026-07-28T05:11:55Z,2026-07-28T08:16:34.383245+03:00,_0,5947765e3770,Leoforos Strovolou,Strovolou Ave,0
2026-07-28T05:11:55Z,2026-07-28T08:16:34.383245+03:00,_1,1c1544913564,Arch. Makariou III,Strovolou Ave,2
2026-07-28T05:11:55Z,2026-07-28T08:16:34.383245+03:00,_2,2eda30c449b3,Strovolou Ave,Strovolou Ave,0
2026-07-28T05:11:55Z,2026-07-28T08:16:34.383245+03:00,_3,b54de865a9d0,Strovolou Ave,E902 - Proedrikou Megarou Ave,3
2026-07-28T05:11:55Z,2026-07-28T08:16:34.383245+03:00,_4,96c3ee6a9698,Strovolou Ave,E902 - Proedrikou Megarou Ave,0
2026-07-28T05:11:55Z,2026-07-28T08:16:34.383245+03:00,_0,24f6df74a9e2,E110,E110 - Agias Fylaxeos,0
2026-07-28T05:11:55Z,2026-07-28T08:16:34.383245+03:00,_1,248eea38a837,E110 - 1 Apriliou,,3
2026-07-28T05:11:55Z,2026-07-28T08:16:34.383245+03:00,_2,94bd22476a9c,E110 - Agias Fylaxeos,E147 - Archiepiskopou Makariou III Ave,0
2026-07-28T05:11:55Z,2026-07-28T08:16:34.383245+03:00,_3,88697bca4b53,Agias Filaxeos,E147 - Archiepiskopou Makariou III Ave,4
2026-07-28T05:11:55Z,2026-07-28T08:16:34.383245+03:00,_0,920305ee9a1e,E147 - Archiepiskopou Makariou III Ave,Agias Filaxeos,0
2026-07-28T05:11:55Z,2026-07-28T08:16:34.383245+03:00,_1,a4260c51b19c,Steliou Kyriakidi,,3
2026-07-28T05:11:55Z,2026-07-28T08:16:34.383245+03:00,_2,f5f94ff22484,Agias Filaxeos,E110,0
2026-07-28T05:11:55Z,2026-07-28T08:16:34.383245+03:00,_0,93ebb3fbad08,Episkopi,Ypsonas,0
2026-07-28T05:11:55Z,2026-07-28T08:16:34.383245+03:00,_1,d8890b378e3a,Ypsonas,Kato Polemidia,2
2026-07-28T05:11:55Z,2026-07-28T08:16:34.383245+03:00,_2,c99a2a503a5c,Kato Polemidia,A1,0
2026-07-28T05:11:55Z,2026-07-28T08:16:34.383245+03:00,_3,51a87f29a8d7,A6,Lemesos,2
2026-07-28T05:11:55Z,2026-07-28T08:16:34.383245+03:00,_4,4cc85bcdea4b,Lemesos,Germasogeia,0
2026-07-28T05:11:55Z,2026-07-28T08:16:34.383245+03:00,_0,06afc6492b14,Exit 24 >E127 Germasogeia / E113 Lemesos-Centre,Germasogeia,2
2026-07-28T05:11:55Z,2026-07-28T08:16:34.383245+03:00,_1,0ec3fed9db46,Agios Athanasios,Kato Polemidia,0
2026-07-28T05:11:55Z,2026-07-28T08:16:34.383245+03:00,_2,2e4e38273012,Kato Polemidia,Kato Polemidia,1
2026-07-28T05:11:55Z,2026-07-28T08:16:34.383245+03:00,_3,5052820d4346,A1,"to A6 > Pafos, Pafos Airport",0
2026-07-28T05:11:55Z,2026-07-28T08:16:34.383245+03:00,_0,c75f4551c6ff,,Ypsonas,0
2026-07-28T05:11:55Z,2026-07-28T08:16:34.383245+03:00,_1,d8890b378e3a,Ypsonas,Kato Polemidia,2
2026-07-28T05:11:55Z,2026-07-28T08:16:34.383245+03:00,_2,c99a2a503a5c,Kato Polemidia,A1,0
2026-07-28T05:11:55Z,2026-07-28T08:16:34.383245+03:00,_3,51a87f29a8d7,A6,Lemesos,2
2026-07-28T05:11:55Z,2026-07-28T08:16:34.383245+03:00,_4,3a2463aa3801,Lemesos,Strovolos,0
2026-07-28T05:11:55Z,2026-07-28T08:16:34.383245+03:00,_5,56258ee4f147,Strovolos,Lemesou Ave,4
2026-07-28T05:11:55Z,2026-07-28T08:16:34.383245+03:00,_6,7c50b274239b,Aglantzia,E164 - Armenias,0
2026-07-28T05:11:55Z,2026-07-28T08:16:34.383245+03:00,_7,43f05193c4b0,Lemesou Ave,Archiepiskopou Makariou III Ave,3
2026-07-28T05:11:55Z,2026-07-28T08:16:34.383245+03:00,_8,7e9e53411917,Lemesou Ave,E1302 - Nikis Ave,0
2026-07-28T05:11:55Z,2026-07-28T08:16:34.383245+03:00,_9,910016111853,B18 - Georgiou Griva Digeni Ave,B18 - Georgiou Griva Digeni Ave,4
2026-07-28T05:11:55Z,2026-07-28T08:16:34.383245+03:00,_10,bbf67e32aa17,B18 - Georgiou Griva Digeni Ave,Evagorou Ave,0
2026-07-28T05:22:21Z,2026-07-28T08:26:59.384290+03:00,_0,4e76d1a3fa55,Strovolos,Strovolos,0
2026-07-28T05:22:21Z,2026-07-28T08:26:59.384290+03:00,_1,347fb184acdc,Strovolos,Lemesou Ave,4
2026-07-28T05:22:21Z,2026-07-28T08:26:59.384290+03:00,_2,2eeb7481ceda,Aglantzia,E164 - Armenias,0
2026-07-28T05:22:21Z,2026-07-28T08:26:59.384290+03:00,_3,8b530b355b26,Lemesou Ave,Archiepiskopou Makariou III Ave,3
2026-07-28T05:22:21Z,2026-07-28T08:26:59.384290+03:00,_0,72b03ff9b5bc,E110,E110 - Agias Fylaxeos,0
2026-07-28T05:22:21Z,2026-07-28T08:26:59.384290+03:00,_1,e50ca2ecb1e0,E110 - 1 Apriliou,,3
2026-07-28T05:22:21Z,2026-07-28T08:26:59.384290+03:00,_2,73c10e640ed1,E110 - Agias Fylaxeos,E147 - Archiepiskopou Makariou III Ave,0
2026-07-28T05:22:21Z,2026-07-28T08:26:59.384290+03:00,_3,676c339d8b55,Agias Filaxeos,E147 - Archiepiskopou Makariou III Ave,3
2026-07-28T05:22:21Z,2026-07-28T08:26:59.384290+03:00,_0,920305ee9a1e,E147 - Archiepiskopou Makariou III Ave,Agias Filaxeos,0
2026-07-28T05:22:21Z,2026-07-28T08:26:59.384290+03:00,_1,a4260c51b19c,Steliou Kyriakidi,,3
2026-07-28T05:22:21Z,2026-07-28T08:26:59.384290+03:00,_2,f5f94ff22484,Agias Filaxeos,E110,0
2026-07-28T05:22:21Z,2026-07-28T08:26:59.384290+03:00,_0,5947765e3770,Leoforos Strovolou,Strovolou Ave,0
2026-07-28T05:22:21Z,2026-07-28T08:26:59.384290+03:00,_1,1c1544913564,Arch. Makariou III,Strovolou Ave,2
2026-07-28T05:22:21Z,2026-07-28T08:26:59.384290+03:00,_2,2eda30c449b3,Strovolou Ave,Strovolou Ave,0
2026-07-28T05:22:21Z,2026-07-28T08:26:59.384290+03:00,_3,956232f49bc0,Strovolou Ave,Perikleous,2
2026-07-28T05:22:21Z,2026-07-28T08:26:59.384290+03:00,_4,e7f307aab39c,Strovolou Ave,Perikleous,0
2026-07-28T05:22:21Z,2026-07-28T08:26:59.384290+03:00,_5,f6cace7b6a88,Perikleous,Strovolou Ave,3
2026-07-28T05:22:21Z,2026-07-28T08:26:59.384290+03:00,_6,8c8b5efc93bd,Strovolou Ave,E902 - Proedrikou Megarou Ave,0
2026-07-28T05:22:21Z,2026-07-28T08:26:59.384290+03:00,_0,67becf3879a0,Episkopi,Ypsonas,0
2026-07-28T05:22:21Z,2026-07-28T08:26:59.384290+03:00,_1,859f34961c5e,Ypsonas,A1,1
2026-07-28T05:22:21Z,2026-07-28T08:26:59.384290+03:00,_2,6ad9b0176d85,Kato Polemidia,A1,0
2026-07-28T05:22:21Z,2026-07-28T08:26:59.384290+03:00,_3,ae3a9bb54763,A6,Lemesos,1
2026-07-28T05:22:21Z,2026-07-28T08:26:59.384290+03:00,_4,d73a04fc5195,Mesa Geitonia,Germasogeia,0
2026-07-28T05:22:21Z,2026-07-28T08:26:59.384290+03:00,_0,06afc6492b14,Exit 24 >E127 Germasogeia / E113 Lemesos-Centre,Germasogeia,2
2026-07-28T05:22:21Z,2026-07-28T08:26:59.384290+03:00,_1,307257218b8f,Agios Athanasios,Lemesos,0
2026-07-28T05:22:21Z,2026-07-28T08:26:59.384290+03:00,_2,e1dac3423766,Lemesos,Lemesos,3
2026-07-28T05:22:21Z,2026-07-28T08:26:59.384290+03:00,_3,ef93f4872b51,Lemesos,"to A6 > Pafos, Pafos Airport",0
2026-07-28T05:22:21Z,2026-07-28T08:26:59.384290+03:00,_0,4696d5c3edda,,Ypsonas,0
2026-07-28T05:22:21Z,2026-07-28T08:26:59.384290+03:00,_1,859f34961c5e,Ypsonas,A1,1
2026-07-28T05:22:21Z,2026-07-28T08:26:59.384290+03:00,_2,6ad9b0176d85,Kato Polemidia,A1,0
2026-07-28T05:22:21Z,2026-07-28T08:26:59.384290+03:00,_3,ae3a9bb54763,A6,Lemesos,1
2026-07-28T05:22:21Z,2026-07-28T08:26:59.384290+03:00,_4,ad721f38f45e,Mesa Geitonia,Strovolos,0
2026-07-28T05:22:21Z,2026-07-28T08:26:59.384290+03:00,_5,347fb184acdc,Strovolos,Lemesou Ave,4
2026-07-28T05:22:21Z,2026-07-28T08:26:59.384290+03:00,_6,2eeb7481ceda,Aglantzia,E164 - Armenias,0
2026-07-28T05:22:21Z,2026-07-28T08:26:59.384290+03:00,_7,3dec49aff703,Lemesou Ave,Archiepiskopou Makariou III Ave,3
2026-07-28T05:22:21Z,2026-07-28T08:26:59.384290+03:00,_8,5b037bbaa992,Lemesou Ave,Archiepiskopou Makariou III Ave,0
2026-07-28T05:22:21Z,2026-07-28T08:26:59.384290+03:00,_9,91f4f4624f42,Archiepiskopou Makariou III Ave,B18 - Georgiou Griva Digeni Ave,3
2026-07-28T05:22:21Z,2026-07-28T08:26:59.384290+03:00,_10,7c1a88e2db2c,Archiepiskopou Makariou III Ave,E1302 - Nikis Ave,0
2026-07-28T05:22:21Z,2026-07-28T08:26:59.384290+03:00,_11,910016111853,B18 - Georgiou Griva Digeni Ave,B18 - Georgiou Griva Digeni Ave,4
2026-07-28T05:22:21Z,2026-07-28T08:26:59.384290+03:00,_12,bbf67e32aa17,B18 - Georgiou Griva Digeni Ave,Evagorou Ave,0
2026-07-28T05:32:48Z,2026-07-28T08:37:26.570634+03:00,_0,4e76d1a3fa55,Strovolos,Strovolos,0
2026-07-28T05:32:48Z,2026-07-28T08:37:26.570634+03:00,_1,347fb184acdc,Strovolos,Lemesou Ave,4
2026-07-28T05:32:48Z,2026-07-28T08:37:26.570634+03:00,_2,2eeb7481ceda,Aglantzia,E164 - Armenias,0
2026-07-28T05:32:48Z,2026-07-28T08:37:26.570634+03:00,_3,8b530b355b26,Lemesou Ave,Archiepiskopou Makariou III Ave,2
2026-07-28T05:32:48Z,2026-07-28T08:37:26.570634+03:00,_0,72b03ff9b5bc,E110,E110 - Agias Fylaxeos,0
2026-07-28T05:32:48Z,2026-07-28T08:37:26.570634+03:00,_1,e50ca2ecb1e0,E110 - 1 Apriliou,,3
2026-07-28T05:32:48Z,2026-07-28T08:37:26.570634+03:00,_2,e33776a3a190,E110 - Agias Fylaxeos,Agias Filaxeos,0
2026-07-28T05:32:48Z,2026-07-28T08:37:26.570634+03:00,_3,bb6b59580991,Agias Filaxeos,Agias Filaxeos,3
2026-07-28T05:32:48Z,2026-07-28T08:37:26.570634+03:00,_4,db3daaf94336,Agias Filaxeos,Agiou Artemiou,0
2026-07-28T05:32:48Z,2026-07-28T08:37:26.570634+03:00,_5,88697bca4b53,Agias Filaxeos,E147 - Archiepiskopou Makariou III Ave,4
2026-07-28T05:32:48Z,2026-07-28T08:37:26.570634+03:00,_0,899c88dfdd04,Leoforos Strovolou,Arch. Makariou III,0
2026-07-28T05:32:48Z,2026-07-28T08:37:26.570634+03:00,_1,7cd237968878,E902 - Archiepiskopou Makariou III,Strovolou Ave,2
2026-07-28T05:32:48Z,2026-07-28T08:37:26.570634+03:00,_2,5877045e86e1,E902 - Archiepiskopou Makariou III,Strovolou Ave,0
2026-07-28T05:32:48Z,2026-07-28T08:37:26.570634+03:00,_3,9e83f7d4684e,Strovolou Ave,E902 - Proedrikou Megarou Ave,3
2026-07-28T05:32:48Z,2026-07-28T08:37:26.570634+03:00,_4,8c8b5efc93bd,Strovolou Ave,E902 - Proedrikou Megarou Ave,0
2026-07-28T05:32:48Z,2026-07-28T08:37:26.570634+03:00,_0,06afc6492b14,Exit 24 >E127 Germasogeia / E113 Lemesos-Centre,Germasogeia,2
2026-07-28T05:32:48Z,2026-07-28T08:37:26.570634+03:00,_1,307257218b8f,Agios Athanasios,Lemesos,0
2026-07-28T05:32:48Z,2026-07-28T08:37:26.570634+03:00,_2,e1dac3423766,Lemesos,Lemesos,1
2026-07-28T05:32:48Z,2026-07-28T08:37:26.570634+03:00,_3,ef93f4872b51,Lemesos,"to A6 > Pafos, Pafos Airport",0
2026-07-28T05:32:48Z,2026-07-28T08:37:26.570634+03:00,_0,adaf0f561bfb,,Pafos,0
2026-07-28T05:32:48Z,2026-07-28T08:37:26.570634+03:00,_1,065f49271b70,Pafos,Agia Varvara (Pafos),2
2026-07-28T05:32:48Z,2026-07-28T08:37:26.570634+03:00,_2,dd351233f0d7,Agia Varvara (Pafos),Kato Polemidia,0
2026-07-28T05:32:48Z,2026-07-28T08:37:26.570634+03:00,_3,33bef9b5a9ab,Lemesos,Lemesos,1
2026-07-28T05:32:48Z,2026-07-28T08:37:26.570634+03:00,_4,ad721f38f45e,Mesa Geitonia,Strovolos,0
2026-07-28T05:32:48Z,2026-07-28T08:37:26.570634+03:00,_5,347fb184acdc,Strovolos,Lemesou Ave,4
2026-07-28T05:32:48Z,2026-07-28T08:37:26.570634+03:00,_6,2eeb7481ceda,Aglantzia,E164 - Armenias,0
2026-07-28T05:32:48Z,2026-07-28T08:37:26.570634+03:00,_7,3dec49aff703,Lemesou Ave,Archiepiskopou Makariou III Ave,2
2026-07-28T05:32:48Z,2026-07-28T08:37:26.570634+03:00,_8,bd22ecc10d1b,Lemesou Ave,Archiepiskopou Makariou III Ave,0
2026-07-28T05:32:48Z,2026-07-28T08:37:26.570634+03:00,_9,798c594a6669,Archiepiskopou Makariou III Ave,B18 - Georgiou Griva Digeni Ave,3
2026-07-28T05:32:48Z,2026-07-28T08:37:26.570634+03:00,_10,7c1a88e2db2c,Archiepiskopou Makariou III Ave,E1302 - Nikis Ave,0
2026-07-28T05:32:48Z,2026-07-28T08:37:26.570634+03:00,_11,910016111853,B18 - Georgiou Griva Digeni Ave,B18 - Georgiou Griva Digeni Ave,4
2026-07-28T05:32:48Z,2026-07-28T08:37:26.570634+03:00,_12,bbf67e32aa17,B18 - Georgiou Griva Digeni Ave,Evagorou Ave,0
2026-07-28T05:32:48Z,2026-07-28T08:37:26.570634+03:00,_0,9b57a1fd19bb,Episkopi,Kato Polemidia,0
2026-07-28T05:32:48Z,2026-07-28T08:37:26.570634+03:00,_1,33bef9b5a9ab,Lemesos,Lemesos,1
2026-07-28T05:32:48Z,2026-07-28T08:37:26.570634+03:00,_2,d73a04fc5195,Mesa Geitonia,Germasogeia,0
2026-07-28T05:43:13Z,2026-07-28T08:47:52.043557+03:00,_0,4e76d1a3fa55,Strovolos,Strovolos,0
2026-07-28T05:43:13Z,2026-07-28T08:47:52.043557+03:00,_1,347fb184acdc,Strovolos,Lemesou Ave,4
2026-07-28T05:43:13Z,2026-07-28T08:47:52.043557+03:00,_2,2eeb7481ceda,Aglantzia,E164 - Armenias,0
2026-07-28T05:43:13Z,2026-07-28T08:47:52.043557+03:00,_3,8b530b355b26,Lemesou Ave,Archiepiskopou Makariou III Ave,2
2026-07-28T05:43:13Z,2026-07-28T08:47:52.043557+03:00,_0,72b03ff9b5bc,E110,E110 - Agias Fylaxeos,0
2026-07-28T05:43:13Z,2026-07-28T08:47:52.043557+03:00,_1,e50ca2ecb1e0,E110 - 1 Apriliou,,4
2026-07-28T05:43:13Z,2026-07-28T08:47:52.043557+03:00,_2,73c10e640ed1,E110 - Agias Fylaxeos,E147 - Archiepiskopou Makariou III Ave,0
2026-07-28T05:43:13Z,2026-07-28T08:47:52.043557+03:00,_3,676c339d8b55,Agias Filaxeos,E147 - Archiepiskopou Makariou III Ave,4
2026-07-28T05:43:13Z,2026-07-28T08:47:52.043557+03:00,_0,e785a34e8cbd,E147 - Archiepiskopou Makariou III Ave,Agias Filaxeos,0
2026-07-28T05:43:13Z,2026-07-28T08:47:52.043557+03:00,_1,a3a2fe07dd87,Agias Filaxeos,Agias Filaxeos,3
2026-07-28T05:43:13Z,2026-07-28T08:47:52.043557+03:00,_2,51d9285fca15,Agias Filaxeos,E110,0
2026-07-28T05:43:13Z,2026-07-28T08:47:52.043557+03:00,_0,5f39d2391c75,Leoforos Strovolou,Perikleous,0
2026-07-28T05:43:13Z,2026-07-28T08:47:52.043557+03:00,_1,05dfd4427a44,Strovolou Ave,E902 - Proedrikou Megarou Ave,3
2026-07-28T05:43:13Z,2026-07-28T08:47:52.043557+03:00,_2,92d65c298345,Strovolou Ave,E902 - Proedrikou Megarou Ave,0
2026-07-28T05:43:13Z,2026-07-28T08:47:52.043557+03:00,_0,06afc6492b14,Exit 24 >E127 Germasogeia / E113 Lemesos-Centre,Germasogeia,2
2026-07-28T05:43:13Z,2026-07-28T08:47:52.043557+03:00,_1,307257218b8f,Agios Athanasios,Lemesos,0
2026-07-28T05:43:13Z,2026-07-28T08:47:52.043557+03:00,_2,e1dac3423766,Lemesos,Lemesos,1
2026-07-28T05:43:13Z,2026-07-28T08:47:52.043557+03:00,_3,ef93f4872b51,Lemesos,"to A6 > Pafos, Pafos Airport",0
2026-07-28T05:43:13Z,2026-07-28T08:47:52.043557+03:00,_0,cb3af67cb06c,,Kato Polemidia,0
2026-07-28T05:43:13Z,2026-07-28T08:47:52.043557+03:00,_1,33bef9b5a9ab,Lemesos,Lemesos,1
2026-07-28T05:43:13Z,2026-07-28T08:47:52.043557+03:00,_2,ad721f38f45e,Mesa Geitonia,Strovolos,0
2026-07-28T05:43:13Z,2026-07-28T08:47:52.043557+03:00,_3,347fb184acdc,Strovolos,Lemesou Ave,4
2026-07-28T05:43:13Z,2026-07-28T08:47:52.043557+03:00,_4,2eeb7481ceda,Aglantzia,E164 - Armenias,0
2026-07-28T05:43:13Z,2026-07-28T08:47:52.043557+03:00,_5,3dec49aff703,Lemesou Ave,Archiepiskopou Makariou III Ave,2
2026-07-28T05:43:13Z,2026-07-28T08:47:52.043557+03:00,_6,7e9e53411917,Lemesou Ave,E1302 - Nikis Ave,0
2026-07-28T05:43:13Z,2026-07-28T08:47:52.043557+03:00,_7,910016111853,B18 - Georgiou Griva Digeni Ave,B18 - Georgiou Griva Digeni Ave,4
2026-07-28T05:43:13Z,2026-07-28T08:47:52.043557+03:00,_8,bbf67e32aa17,B18 - Georgiou Griva Digeni Ave,Evagorou Ave,0
2026-07-28T05:43:13Z,2026-07-28T08:47:52.043557+03:00,_0,9b57a1fd19bb,Episkopi,Kato Polemidia,0
2026-07-28T05:43:13Z,2026-07-28T08:47:52.043557+03:00,_1,33bef9b5a9ab,Lemesos,Lemesos,1
2026-07-28T05:43:13Z,2026-07-28T08:47:52.043557+03:00,_2,d73a04fc5195,Mesa Geitonia,Germasogeia,0
2026-07-28T05:53:38Z,2026-07-28T08:58:16.972970+03:00,_0,d7fa998be72c,Strovolos,Strovolos,0
2026-07-28T05:53:38Z,2026-07-28T08:58:16.972970+03:00,_1,56258ee4f147,Strovolos,Lemesou Ave,4
2026-07-28T05:53:38Z,2026-07-28T08:58:16.972970+03:00,_2,2eeb7481ceda,Aglantzia,E164 - Armenias,0
2026-07-28T05:53:38Z,2026-07-28T08:58:16.972970+03:00,_3,8b530b355b26,Lemesou Ave,Archiepiskopou Makariou III Ave,3
2026-07-28T05:53:38Z,2026-07-28T08:58:16.972970+03:00,_0,4d68a52b113f,E110,E110 - Agias Fylaxeos,0
2026-07-28T05:53:38Z,2026-07-28T08:58:16.972970+03:00,_1,aca665ff55ec,E110 - 1 Apriliou,,3
2026-07-28T05:53:38Z,2026-07-28T08:58:16.972970+03:00,_2,94bd22476a9c,E110 - Agias Fylaxeos,E147 - Archiepiskopou Makariou III Ave,0
2026-07-28T05:53:38Z,2026-07-28T08:58:16.972970+03:00,_3,88697bca4b53,Agias Filaxeos,E147 - Archiepiskopou Makariou III Ave,4
2026-07-28T05:53:38Z,2026-07-28T08:58:16.972970+03:00,_0,15ae2e1d5817,E147 - Archiepiskopou Makariou III Ave,Agias Filaxeos,0
2026-07-28T05:53:38Z,2026-07-28T08:58:16.972970+03:00,_1,e0103df7d76d,Agias Filaxeos,Agias Filaxeos,4
2026-07-28T05:53:38Z,2026-07-28T08:58:16.972970+03:00,_2,bbd3d4041441,Agias Filaxeos,Agias Filaxeos,0
2026-07-28T05:53:38Z,2026-07-28T08:58:16.972970+03:00,_3,a4260c51b19c,Steliou Kyriakidi,,4
2026-07-28T05:53:38Z,2026-07-28T08:58:16.972970+03:00,_4,f5f94ff22484,Agias Filaxeos,E110,0
2026-07-28T05:53:38Z,2026-07-28T08:58:16.972970+03:00,_0,5f39d2391c75,Leoforos Strovolou,Perikleous,0
2026-07-28T05:53:38Z,2026-07-28T08:58:16.972970+03:00,_1,b54de865a9d0,Strovolou Ave,E902 - Proedrikou Megarou Ave,3
2026-07-28T05:53:38Z,2026-07-28T08:58:16.972970+03:00,_2,96c3ee6a9698,Strovolou Ave,E902 - Proedrikou Megarou Ave,0
2026-07-28T05:53:38Z,2026-07-28T08:58:16.972970+03:00,_0,06afc6492b14,Exit 24 >E127 Germasogeia / E113 Lemesos-Centre,Germasogeia,2
2026-07-28T05:53:38Z,2026-07-28T08:58:16.972970+03:00,_1,3e1d75b9e16e,Agios Athanasios,"to A6 > Pafos, Pafos Airport",0
2026-07-28T05:53:38Z,2026-07-28T08:58:16.972970+03:00,_0,37e913d03e44,,Strovolos,0
2026-07-28T05:53:38Z,2026-07-28T08:58:16.972970+03:00,_1,56258ee4f147,Strovolos,Lemesou Ave,4
2026-07-28T05:53:38Z,2026-07-28T08:58:16.972970+03:00,_2,2eeb7481ceda,Aglantzia,E164 - Armenias,0
2026-07-28T05:53:38Z,2026-07-28T08:58:16.972970+03:00,_3,3dec49aff703,Lemesou Ave,Archiepiskopou Makariou III Ave,3
2026-07-28T05:53:38Z,2026-07-28T08:58:16.972970+03:00,_4,7e9e53411917,Lemesou Ave,E1302 - Nikis Ave,0
2026-07-28T05:53:38Z,2026-07-28T08:58:16.972970+03:00,_5,910016111853,B18 - Georgiou Griva Digeni Ave,B18 - Georgiou Griva Digeni Ave,4
2026-07-28T05:53:38Z,2026-07-28T08:58:16.972970+03:00,_6,bbf67e32aa17,B18 - Georgiou Griva Digeni Ave,Evagorou Ave,0
2026-07-28T06:04:05Z,2026-07-28T09:08:44.068881+03:00,_0,d7fa998be72c,Strovolos,Strovolos,0
2026-07-28T06:04:05Z,2026-07-28T09:08:44.068881+03:00,_1,56258ee4f147,Strovolos,Lemesou Ave,4
2026-07-28T06:04:05Z,2026-07-28T09:08:44.068881+03:00,_2,91c59b752c97,Aglantzia,E164 - Armenias,0
2026-07-28T06:04:05Z,2026-07-28T09:08:44.068881+03:00,_3,a95604920bd3,E164 - Armenias,Archiepiskopou Makariou III Ave,3
2026-07-28T06:04:05Z,2026-07-28T09:08:44.068881+03:00,_0,24f6df74a9e2,E110,E110 - Agias Fylaxeos,0
2026-07-28T06:04:05Z,2026-07-28T09:08:44.068881+03:00,_1,248eea38a837,E110 - 1 Apriliou,,4
2026-07-28T06:04:05Z,2026-07-28T09:08:44.068881+03:00,_2,e33776a3a190,E110 - Agias Fylaxeos,Agias Filaxeos,0
2026-07-28T06:04:05Z,2026-07-28T09:08:44.068881+03:00,_3,0a5c4761a6b4,Agias Filaxeos,Vasileos Georgiou II,3
2026-07-28T06:04:05Z,2026-07-28T09:08:44.068881+03:00,_4,fd1ec1f2cdf4,Agias Filaxeos,E147 - Archiepiskopou Makariou III Ave,0
2026-07-28T06:04:05Z,2026-07-28T09:08:44.068881+03:00,_5,676c339d8b55,Agias Filaxeos,E147 - Archiepiskopou Makariou III Ave,4
2026-07-28T06:04:05Z,2026-07-28T09:08:44.068881+03:00,_0,dd4be8784553,E147 - Archiepiskopou Makariou III Ave,Agias Filaxeos,0
2026-07-28T06:04:05Z,2026-07-28T09:08:44.068881+03:00,_1,931dd79e324a,E147 - Archiepiskopou Makariou III Ave,Vasileos Georgiou II,3
2026-07-28T06:04:05Z,2026-07-28T09:08:44.068881+03:00,_2,bbd3d4041441,Agias Filaxeos,Agias Filaxeos,0
2026-07-28T06:04:05Z,2026-07-28T09:08:44.068881+03:00,_3,a4260c51b19c,Steliou Kyriakidi,,4
2026-07-28T06:04:05Z,2026-07-28T09:08:44.068881+03:00,_4,f5f94ff22484,Agias Filaxeos,E110,0
2026-07-28T06:04:05Z,2026-07-28T09:08:44.068881+03:00,_0,5f39d2391c75,Leoforos Strovolou,Omirou,0
2026-07-28T06:04:05Z,2026-07-28T09:08:44.068881+03:00,_1,956232f49bc0,Strovolou Ave,Omirou,2
2026-07-28T06:04:05Z,2026-07-28T09:08:44.068881+03:00,_2,e7f307aab39c,Strovolou Ave,Strovolou Ave,0
2026-07-28T06:04:05Z,2026-07-28T09:08:44.068881+03:00,_3,ca4589f36851,Strovolou Ave,E902 - Proedrikou Megarou Ave,3
2026-07-28T06:04:05Z,2026-07-28T09:08:44.068881+03:00,_4,96c3ee6a9698,Strovolou Ave,E902 - Proedrikou Megarou Ave,0
2026-07-28T06:04:05Z,2026-07-28T09:08:44.068881+03:00,_0,06afc6492b14,Exit 24 >E127 Germasogeia / E113 Lemesos-Centre,Germasogeia,2
2026-07-28T06:04:05Z,2026-07-28T09:08:44.068881+03:00,_1,3e1d75b9e16e,Agios Athanasios,"to A6 > Pafos, Pafos Airport",0
2026-07-28T06:04:05Z,2026-07-28T09:08:44.068881+03:00,_0,37e913d03e44,,Strovolos,0
2026-07-28T06:04:05Z,2026-07-28T09:08:44.068881+03:00,_1,56258ee4f147,Strovolos,Lemesou Ave,4
2026-07-28T06:04:05Z,2026-07-28T09:08:44.068881+03:00,_2,91c59b752c97,Aglantzia,E164 - Armenias,0
2026-07-28T06:04:05Z,2026-07-28T09:08:44.068881+03:00,_3,265266c3e024,E164 - Armenias,Archiepiskopou Makariou III Ave,3
2026-07-28T06:04:05Z,2026-07-28T09:08:44.068881+03:00,_4,7e9e53411917,Lemesou Ave,E1302 - Nikis Ave,0
2026-07-28T06:04:05Z,2026-07-28T09:08:44.068881+03:00,_5,910016111853,B18 - Georgiou Griva Digeni Ave,B18 - Georgiou Griva Digeni Ave,4
2026-07-28T06:04:05Z,2026-07-28T09:08:44.068881+03:00,_6,bbf67e32aa17,B18 - Georgiou Griva Digeni Ave,Evagorou Ave,0
2026-07-28T08:48:25Z,2026-07-28T11:53:03.849952+03:00,_0,69fc3b9dbbdd,Strovolos,Archiepiskopou Makariou III Ave,0
2026-07-28T08:48:25Z,2026-07-28T11:53:03.849952+03:00,_1,c57daf65c80e,Lemesou Ave,Archiepiskopou Makariou III Ave,3
2026-07-28T08:48:25Z,2026-07-28T11:53:03.849952+03:00,_0,21112a4dd623,E147 - Archiepiskopou Makariou III Ave,Agias Filaxeos,0
2026-07-28T08:48:25Z,2026-07-28T11:53:03.849952+03:00,_1,2b316164d9ab,E147 - Archiepiskopou Makariou III Ave,Agias Filaxeos,2
2026-07-28T08:48:25Z,2026-07-28T11:53:03.849952+03:00,_2,dde5cf58706d,Agias Filaxeos,E110,0
2026-07-28T08:48:25Z,2026-07-28T11:53:03.849952+03:00,_0,daca33dbcb0d,,Archiepiskopou Makariou III Ave,0
2026-07-28T08:48:25Z,2026-07-28T11:53:03.849952+03:00,_1,43f05193c4b0,Lemesou Ave,Archiepiskopou Makariou III Ave,3
2026-07-28T08:48:25Z,2026-07-28T11:53:03.849952+03:00,_2,8fab7dfc83f0,Lemesou Ave,Evagorou Ave,0
2026-07-28T08:58:30Z,2026-07-28T12:03:09.623256+03:00,_0,15ae2e1d5817,E147 - Archiepiskopou Makariou III Ave,Agias Filaxeos,0
2026-07-28T08:58:30Z,2026-07-28T12:03:09.623256+03:00,_1,e0103df7d76d,Agias Filaxeos,Spyrou Kyprianou Ave,3
2026-07-28T08:58:30Z,2026-07-28T12:03:09.623256+03:00,_2,62f9e9861a53,Spyrou Kyprianou Ave,E110,0
2026-07-28T08:58:30Z,2026-07-28T12:03:09.623256+03:00,_0,acb430b8e822,Exit 4 >E148 Latsia / GSP Stadium,Archiepiskopou Makariou III Ave,0
2026-07-28T08:58:30Z,2026-07-28T12:03:09.623256+03:00,_1,394713f228bd,Lemesou Ave,Lemesou Ave,3
2026-07-28T08:58:30Z,2026-07-28T12:03:09.623256+03:00,_0,248866f2f861,E110,E147 - Archiepiskopou Makariou III Ave,0
2026-07-28T08:58:30Z,2026-07-28T12:03:09.623256+03:00,_1,e713c7488bdd,Agias Filaxeos,E147 - Archiepiskopou Makariou III Ave,2
2026-07-28T08:58:30Z,2026-07-28T12:03:09.623256+03:00,_0,6311136a7b90,,Archiepiskopou Makariou III Ave,0
2026-07-28T08:58:30Z,2026-07-28T12:03:09.623256+03:00,_1,6efde239cabf,Lemesou Ave,Archiepiskopou Makariou III Ave,3
2026-07-28T08:58:30Z,2026-07-28T12:03:09.623256+03:00,_2,8fab7dfc83f0,Lemesou Ave,Evagorou Ave,0
2026-07-28T09:08:36Z,2026-07-28T12:13:14.902438+03:00,_0,15ae2e1d5817,E147 - Archiepiskopou Makariou III Ave,Agias Filaxeos,0
2026-07-28T09:08:36Z,2026-07-28T12:13:14.902438+03:00,_1,e0103df7d76d,Agias Filaxeos,Agias Filaxeos,3
2026-07-28T09:08:36Z,2026-07-28T12:13:14.902438+03:00,_2,bbd3d4041441,Agias Filaxeos,Agias Filaxeos,0
2026-07-28T09:08:36Z,2026-07-28T12:13:14.902438+03:00,_3,a4260c51b19c,Steliou Kyriakidi,,3
2026-07-28T09:08:36Z,2026-07-28T12:13:14.902438+03:00,_4,f5f94ff22484,Agias Filaxeos,E110,0
2026-07-28T09:08:36Z,2026-07-28T12:13:14.902438+03:00,_0,9047fb30c8db,E110,E147 - Archiepiskopou Makariou III Ave,0
2026-07-28T09:08:36Z,2026-07-28T12:13:14.902438+03:00,_1,535964c57235,Agias Filaxeos,E147 - Archiepiskopou Makariou III Ave,3
2026-07-28T09:19:07Z,2026-07-28T12:23:45.901587+03:00,_0,137f66eaa4ab,E147 - Archiepiskopou Makariou III Ave,Agias Filaxeos,2
2026-07-28T09:19:07Z,2026-07-28T12:23:45.901587+03:00,_1,db4206125c9c,E147 - Archiepiskopou Makariou III Ave,Spyrou Kyprianou Ave,0
2026-07-28T09:19:07Z,2026-07-28T12:23:45.901587+03:00,_2,a3a2fe07dd87,Agias Filaxeos,Agias Filaxeos,3
2026-07-28T09:19:07Z,2026-07-28T12:23:45.901587+03:00,_3,3c822276d5cc,Spyrou Kyprianou Ave,Agias Filaxeos,0
2026-07-28T09:19:07Z,2026-07-28T12:23:45.901587+03:00,_4,a4260c51b19c,Steliou Kyriakidi,,3
2026-07-28T09:19:07Z,2026-07-28T12:23:45.901587+03:00,_5,f5f94ff22484,Agias Filaxeos,E110,0
2026-07-28T09:19:07Z,2026-07-28T12:23:45.901587+03:00,_0,c367476144f8,E110,E147 - Archiepiskopou Makariou III Ave,0
2026-07-28T09:19:07Z,2026-07-28T12:23:45.901587+03:00,_1,0047479cf4c6,Agias Filaxeos,E147 - Archiepiskopou Makariou III Ave,3
2026-07-28T09:19:07Z,2026-07-28T12:23:45.901587+03:00,_0,f2ce8094fabc,,B18 - Digeni Akrita Ave,0
2026-07-28T09:19:07Z,2026-07-28T12:23:45.901587+03:00,_1,e416e06b7bb8,Archiepiskopou Makariou III Ave,B18 - Georgiou Griva Digeni Ave,3
2026-07-28T09:19:07Z,2026-07-28T12:23:45.901587+03:00,_2,e1beab30434a,Archiepiskopou Makariou III Ave,Evagorou Ave,0
2026-07-28T09:29:12Z,2026-07-28T12:33:51.231188+03:00,_0,15ae2e1d5817,E147 - Archiepiskopou Makariou III Ave,Agias Filaxeos,0
2026-07-28T09:29:12Z,2026-07-28T12:33:51.231188+03:00,_1,e0103df7d76d,Agias Filaxeos,Spyrou Kyprianou Ave,3
2026-07-28T09:29:12Z,2026-07-28T12:33:51.231188+03:00,_2,ec5eee792e7a,Spyrou Kyprianou Ave,Steliou Kyriakidi,0
2026-07-28T09:29:12Z,2026-07-28T12:33:51.231188+03:00,_3,fbdd0e351f56,Ivykou,,4
2026-07-28T09:29:12Z,2026-07-28T12:33:51.231188+03:00,_4,f5f94ff22484,Agias Filaxeos,E110,0
2026-07-28T09:29:12Z,2026-07-28T12:33:51.231188+03:00,_0,1cc902273d46,E110,E147 - Archiepiskopou Makariou III Ave,0
2026-07-28T09:29:12Z,2026-07-28T12:33:51.231188+03:00,_1,b1607c8a378f,Agias Filaxeos,E147 - Archiepiskopou Makariou III Ave,3
2026-07-28T09:39:17Z,2026-07-28T12:43:56.028867+03:00,_0,9e81f5db7a01,E147 - Archiepiskopou Makariou III Ave,Agias Filaxeos,4
2026-07-28T09:39:17Z,2026-07-28T12:43:56.028867+03:00,_1,64924a11eafd,Agias Filaxeos,Agias Filaxeos,0
2026-07-28T09:39:17Z,2026-07-28T12:43:56.028867+03:00,_2,931dd79e324a,E147 - Archiepiskopou Makariou III Ave,Vasileos Georgiou II,3
2026-07-28T09:39:17Z,2026-07-28T12:43:56.028867+03:00,_3,ec5eee792e7a,Agias Filaxeos,Steliou Kyriakidi,0
2026-07-28T09:39:17Z,2026-07-28T12:43:56.028867+03:00,_4,fbdd0e351f56,Ivykou,,4
2026-07-28T09:39:17Z,2026-07-28T12:43:56.028867+03:00,_5,f5f94ff22484,Agias Filaxeos,E110,0
2026-07-28T09:39:17Z,2026-07-28T12:43:56.028867+03:00,_0,8fbca12857bb,E110,E147 - Archiepiskopou Makariou III Ave,0
2026-07-28T09:39:17Z,2026-07-28T12:43:56.028867+03:00,_1,7d91212c9f28,Agiou Artemiou,E147 - Archiepiskopou Makariou III Ave,3
2026-07-28T09:49:23Z,2026-07-28T12:54:02.300023+03:00,_0,137f66eaa4ab,E147 - Archiepiskopou Makariou III Ave,Agias Filaxeos,3
2026-07-28T09:49:23Z,2026-07-28T12:54:02.300023+03:00,_1,163a73e29f51,Agiou Artemiou,Agias Filaxeos,0
2026-07-28T09:49:23Z,2026-07-28T12:54:02.300023+03:00,_2,e0103df7d76d,Agias Filaxeos,Spyrou Kyprianou Ave,3
2026-07-28T09:49:23Z,2026-07-28T12:54:02.300023+03:00,_3,bbd3d4041441,Spyrou Kyprianou Ave,Agias Filaxeos,0
2026-07-28T09:49:23Z,2026-07-28T12:54:02.300023+03:00,_4,a4260c51b19c,Steliou Kyriakidi,,3
2026-07-28T09:49:23Z,2026-07-28T12:54:02.300023+03:00,_5,f5f94ff22484,Agias Filaxeos,E110,0
2026-07-28T09:49:23Z,2026-07-28T12:54:02.300023+03:00,_0,1cc902273d46,E110,E147 - Archiepiskopou Makariou III Ave,0
2026-07-28T09:49:23Z,2026-07-28T12:54:02.300023+03:00,_1,b1607c8a378f,Agias Filaxeos,E147 - Archiepiskopou Makariou III Ave,3
2026-07-28T09:59:28Z,2026-07-28T13:04:06.921557+03:00,_0,69fc3b9dbbdd,Strovolos,Archiepiskopou Makariou III Ave,0
2026-07-28T09:59:28Z,2026-07-28T13:04:06.921557+03:00,_1,c57daf65c80e,Lemesou Ave,Archiepiskopou Makariou III Ave,2
2026-07-28T09:59:28Z,2026-07-28T13:04:06.921557+03:00,_0,31c9b775d03b,E110,E110 - Agias Fylaxeos,0
2026-07-28T09:59:28Z,2026-07-28T13:04:06.921557+03:00,_1,9f80d2b8e678,E110 - 1 Apriliou,,2
2026-07-28T09:59:28Z,2026-07-28T13:04:06.921557+03:00,_2,c8792afe581d,E110 - Agias Fylaxeos,E147 - Archiepiskopou Makariou III Ave,0
2026-07-28T09:59:28Z,2026-07-28T13:04:06.921557+03:00,_0,daca33dbcb0d,,Archiepiskopou Makariou III Ave,0
2026-07-28T09:59:28Z,2026-07-28T13:04:06.921557+03:00,_1,43f05193c4b0,Lemesou Ave,Archiepiskopou Makariou III Ave,2
2026-07-28T09:59:28Z,2026-07-28T13:04:06.921557+03:00,_2,8fab7dfc83f0,Lemesou Ave,Evagorou Ave,0
2026-07-28T10:09:33Z,2026-07-28T13:14:12.355785+03:00,_0,9e81f5db7a01,E147 - Archiepiskopou Makariou III Ave,Agias Filaxeos,4
2026-07-28T10:09:33Z,2026-07-28T13:14:12.355785+03:00,_1,b017cd0ca2ba,E147 - Archiepiskopou Makariou III Ave,E110 - Eleftherias,0
2026-07-28T10:09:33Z,2026-07-28T13:14:12.355785+03:00,_2,db98c9d0a2e0,E110 - 1 Apriliou,E110 - 1 Apriliou,3
2026-07-28T10:09:33Z,2026-07-28T13:14:12.355785+03:00,_3,c97b954fcb12,E110 - 1 Apriliou,E110,0
2026-07-28T10:09:33Z,2026-07-28T13:14:12.355785+03:00,_0,320e7f883c81,E110,E147 - Archiepiskopou Makariou III Ave,0
2026-07-28T10:09:33Z,2026-07-28T13:14:12.355785+03:00,_1,88697bca4b53,Agias Filaxeos,E147 - Archiepiskopou Makariou III Ave,3
2026-07-28T10:20:05Z,2026-07-28T13:24:43.729411+03:00,_0,137f66eaa4ab,E147 - Archiepiskopou Makariou III Ave,Agias Filaxeos,3
2026-07-28T10:20:05Z,2026-07-28T13:24:43.729411+03:00,_1,23ad5534cecd,E147 - Archiepiskopou Makariou III Ave,E110,0
2026-07-28T10:20:05Z,2026-07-28T13:24:43.729411+03:00,_0,72b03ff9b5bc,E110,E110 - Agias Fylaxeos,0
2026-07-28T10:20:05Z,2026-07-28T13:24:43.729411+03:00,_1,e50ca2ecb1e0,E110 - 1 Apriliou,,2
2026-07-28T10:20:05Z,2026-07-28T13:24:43.729411+03:00,_2,94bd22476a9c,E110 - Agias Fylaxeos,E147 - Archiepiskopou Makariou III Ave,0
2026-07-28T10:20:05Z,2026-07-28T13:24:43.729411+03:00,_3,88697bca4b53,Agias Filaxeos,E147 - Archiepiskopou Makariou III Ave,3
2026-07-28T10:30:33Z,2026-07-28T13:35:11.853052+03:00,_0,ae30b662f2e1,E147 - Archiepiskopou Makariou III Ave,Agias Filaxeos,3
2026-07-28T10:30:33Z,2026-07-28T13:35:11.853052+03:00,_1,35a9549eaa32,E147 - Archiepiskopou Makariou III Ave,E110,0
2026-07-28T10:30:33Z,2026-07-28T13:35:11.853052+03:00,_0,390a534e7e4c,E110,Agias Filaxeos,0
2026-07-28T10:30:33Z,2026-07-28T13:35:11.853052+03:00,_1,02446ed5df97,Spyrou Kyprianou Ave,E147 - Archiepiskopou Makariou III Ave,3
2026-07-28T10:41:01Z,2026-07-28T13:45:41.037097+03:00,_0,2455e8639f1b,E147 - Archiepiskopou Makariou III Ave,Agias Filaxeos,3
2026-07-28T10:41:01Z,2026-07-28T13:45:41.037097+03:00,_1,ab65b4ad403f,E147 - Archiepiskopou Makariou III Ave,E110,0
2026-07-28T11:12:29Z,2026-07-28T14:17:08.163845+03:00,_0,1903b2559960,,Archiepiskopou Makariou III Ave,0
2026-07-28T11:12:29Z,2026-07-28T14:17:08.163845+03:00,_1,660d388bb733,Lemesou Ave,Archiepiskopou Makariou III Ave,3
2026-07-28T11:12:29Z,2026-07-28T14:17:08.163845+03:00,_2,8fab7dfc83f0,Lemesou Ave,Evagorou Ave,0
2026-07-28T11:12:29Z,2026-07-28T14:17:08.163845+03:00,_0,493e5fa05418,Exit 24 >E127 Germasogeia / E113 Lemesos-Centre,Kato Polemidia,0
2026-07-28T11:12:29Z,2026-07-28T14:17:08.163845+03:00,_1,2e4e38273012,Kato Polemidia,Kato Polemidia,1
2026-07-28T11:12:29Z,2026-07-28T14:17:08.163845+03:00,_2,5052820d4346,A1,"to A6 > Pafos, Pafos Airport",0
2026-07-28T11:23:01Z,2026-07-28T14:27:39.688253+03:00,_0,493e5fa05418,Exit 24 >E127 Germasogeia / E113 Lemesos-Centre,Kato Polemidia,0
2026-07-28T11:23:01Z,2026-07-28T14:27:39.688253+03:00,_1,2e4e38273012,Kato Polemidia,Kato Polemidia,2
2026-07-28T11:23:01Z,2026-07-28T14:27:39.688253+03:00,_2,5052820d4346,A1,"to A6 > Pafos, Pafos Airport",0
2026-07-28T11:25:26Z,2026-07-28T14:30:04.786037+03:00,_0,493e5fa05418,Exit 24 >E127 Germasogeia / E113 Lemesos-Centre,Kato Polemidia,0
2026-07-28T11:25:26Z,2026-07-28T14:30:04.786037+03:00,_1,2e4e38273012,Kato Polemidia,Kato Polemidia,3
2026-07-28T11:25:26Z,2026-07-28T14:30:04.786037+03:00,_2,5052820d4346,A1,"to A6 > Pafos, Pafos Airport",0
2026-07-28T11:35:55Z,2026-07-28T14:40:33.948311+03:00,_0,493e5fa05418,Exit 24 >E127 Germasogeia / E113 Lemesos-Centre,Kato Polemidia,0
2026-07-28T11:35:55Z,2026-07-28T14:40:33.948311+03:00,_1,2e4e38273012,Kato Polemidia,Kato Polemidia,3
2026-07-28T11:35:55Z,2026-07-28T14:40:33.948311+03:00,_2,5052820d4346,A1,"to A6 > Pafos, Pafos Airport",0
2026-07-28T11:45:59Z,2026-07-28T14:50:37.774023+03:00,_0,6dea203d67e3,Exit 24 >E127 Germasogeia / E113 Lemesos-Centre,Kato Polemidia,0
2026-07-28T11:45:59Z,2026-07-28T14:50:37.774023+03:00,_1,088e367122ec,Kato Polemidia,Kato Polemidia,3
2026-07-28T11:45:59Z,2026-07-28T14:50:37.774023+03:00,_2,5052820d4346,A1,"to A6 > Pafos, Pafos Airport",0
2026-07-28T11:56:04Z,2026-07-28T15:00:43.528197+03:00,_0,69fc3b9dbbdd,Strovolos,Archiepiskopou Makariou III Ave,0
2026-07-28T11:56:04Z,2026-07-28T15:00:43.528197+03:00,_1,c57daf65c80e,Lemesou Ave,Archiepiskopou Makariou III Ave,2
2026-07-28T11:56:04Z,2026-07-28T15:00:43.528197+03:00,_0,daca33dbcb0d,,Archiepiskopou Makariou III Ave,0
2026-07-28T11:56:04Z,2026-07-28T15:00:43.528197+03:00,_1,43f05193c4b0,Lemesou Ave,Archiepiskopou Makariou III Ave,2
2026-07-28T11:56:04Z,2026-07-28T15:00:43.528197+03:00,_2,8fab7dfc83f0,Lemesou Ave,Evagorou Ave,0
2026-07-28T11:56:04Z,2026-07-28T15:00:43.528197+03:00,_0,d85da4d278f1,Leoforos Strovolou,E902 - Proedrikou Megarou Ave,0
2026-07-28T11:56:04Z,2026-07-28T15:00:43.528197+03:00,_1,2e2860fdee90,Strovolou Ave,E902 - Proedrikou Megarou Ave,3
2026-07-28T11:56:04Z,2026-07-28T15:00:43.528197+03:00,_2,c6ac6530f2b9,Strovolou Ave,E902 - Proedrikou Megarou Ave,0
2026-07-28T11:56:04Z,2026-07-28T15:00:43.528197+03:00,_0,493e5fa05418,Exit 24 >E127 Germasogeia / E113 Lemesos-Centre,Kato Polemidia,0
2026-07-28T11:56:04Z,2026-07-28T15:00:43.528197+03:00,_1,2e4e38273012,Kato Polemidia,Kato Polemidia,1
2026-07-28T11:56:04Z,2026-07-28T15:00:43.528197+03:00,_2,5052820d4346,A1,"to A6 > Pafos, Pafos Airport",0
2026-07-28T12:06:09Z,2026-07-28T15:10:48.256503+03:00,_0,69fc3b9dbbdd,Strovolos,Archiepiskopou Makariou III Ave,0
2026-07-28T12:06:09Z,2026-07-28T15:10:48.256503+03:00,_1,c57daf65c80e,Lemesou Ave,Archiepiskopou Makariou III Ave,2
2026-07-28T12:06:09Z,2026-07-28T15:10:48.256503+03:00,_0,daca33dbcb0d,,Archiepiskopou Makariou III Ave,0
2026-07-28T12:06:09Z,2026-07-28T15:10:48.256503+03:00,_1,43f05193c4b0,Lemesou Ave,Archiepiskopou Makariou III Ave,2
2026-07-28T12:06:09Z,2026-07-28T15:10:48.256503+03:00,_2,8fab7dfc83f0,Lemesou Ave,Evagorou Ave,0
2026-07-28T12:16:39Z,2026-07-28T15:21:18.207370+03:00,_0,69fc3b9dbbdd,Exit 4 >E148 Latsia / GSP Stadium,Archiepiskopou Makariou III Ave,0
2026-07-28T12:16:39Z,2026-07-28T15:21:18.207370+03:00,_1,c57daf65c80e,Chrysanthou Mylona,Archiepiskopou Makariou III Ave,3
2026-07-28T12:16:39Z,2026-07-28T15:21:18.207370+03:00,_0,72b03ff9b5bc,E110,E110 - Agias Fylaxeos,0
2026-07-28T12:16:39Z,2026-07-28T15:21:18.207370+03:00,_1,e50ca2ecb1e0,E110 - 1 Apriliou,,2
2026-07-28T12:16:39Z,2026-07-28T15:21:18.207370+03:00,_2,c8792afe581d,E110 - Agias Fylaxeos,E147 - Archiepiskopou Makariou III Ave,0
2026-07-28T12:16:39Z,2026-07-28T15:21:18.207370+03:00,_0,daca33dbcb0d,,Archiepiskopou Makariou III Ave,0
2026-07-28T12:16:39Z,2026-07-28T15:21:18.207370+03:00,_1,43f05193c4b0,Chrysanthou Mylona,Archiepiskopou Makariou III Ave,3
2026-07-28T12:16:39Z,2026-07-28T15:21:18.207370+03:00,_2,7e9e53411917,Lemesou Ave,E1302 - Nikis Ave,0
2026-07-28T12:16:39Z,2026-07-28T15:21:18.207370+03:00,_3,910016111853,B18 - Georgiou Griva Digeni Ave,B18 - Georgiou Griva Digeni Ave,4
2026-07-28T12:16:39Z,2026-07-28T15:21:18.207370+03:00,_4,bbf67e32aa17,B18 - Georgiou Griva Digeni Ave,Evagorou Ave,0
2026-07-28T12:26:46Z,2026-07-28T15:31:24.865807+03:00,_0,69fc3b9dbbdd,Exit 4 >E148 Latsia / GSP Stadium,Archiepiskopou Makariou III Ave,0
2026-07-28T12:26:46Z,2026-07-28T15:31:24.865807+03:00,_1,c57daf65c80e,Chrysanthou Mylona,Archiepiskopou Makariou III Ave,3
2026-07-28T12:26:46Z,2026-07-28T15:31:24.865807+03:00,_0,c7675a8d665c,Leoforos Strovolou,E122 - Athinon,0
2026-07-28T12:26:46Z,2026-07-28T15:31:24.865807+03:00,_1,fbca328ee928,,,3
2026-07-28T12:26:46Z,2026-07-28T15:31:24.865807+03:00,_2,5a4a83804460,,E902 - Proedrikou Megarou Ave,0
2026-07-28T12:26:46Z,2026-07-28T15:31:24.865807+03:00,_3,2e2860fdee90,Strovolou Ave,E902 - Proedrikou Megarou Ave,2
2026-07-28T12:26:46Z,2026-07-28T15:31:24.865807+03:00,_4,c6ac6530f2b9,Strovolou Ave,E902 - Proedrikou Megarou Ave,0
2026-07-28T12:26:46Z,2026-07-28T15:31:24.865807+03:00,_0,daca33dbcb0d,,Archiepiskopou Makariou III Ave,0
2026-07-28T12:26:46Z,2026-07-28T15:31:24.865807+03:00,_1,43f05193c4b0,Chrysanthou Mylona,Archiepiskopou Makariou III Ave,3
2026-07-28T12:26:46Z,2026-07-28T15:31:24.865807+03:00,_2,7e9e53411917,Lemesou Ave,E1302 - Nikis Ave,0
2026-07-28T12:26:46Z,2026-07-28T15:31:24.865807+03:00,_3,910016111853,B18 - Georgiou Griva Digeni Ave,B18 - Georgiou Griva Digeni Ave,4
2026-07-28T12:26:46Z,2026-07-28T15:31:24.865807+03:00,_4,bbf67e32aa17,B18 - Georgiou Griva Digeni Ave,Evagorou Ave,0
2026-07-28T12:26:46Z,2026-07-28T15:31:24.865807+03:00,_0,06afc6492b14,Exit 24 >E127 Germasogeia / E113 Lemesos-Centre,Exit 25 > E131 Agios Athanasios / Linopetra / Industrial Zone,1
2026-07-28T12:26:46Z,2026-07-28T15:31:24.865807+03:00,_1,3e1d75b9e16e,Exit 25 > E131 Agios Athanasios / Linopetra / Industrial Zone,"to A6 > Pafos, Pafos Airport",0
2026-07-28T12:36:50Z,2026-07-28T15:41:29.665078+03:00,_0,199710dc4a27,Strovolos,E164 - Armenias,0
2026-07-28T12:36:50Z,2026-07-28T15:41:29.665078+03:00,_1,fedb3d094e5d,A1,Lemesou Ave,2
2026-07-28T12:36:50Z,2026-07-28T15:41:29.665078+03:00,_2,d6df578c88ea,Lemesou Ave,Lemesou Ave,0
2026-07-28T12:36:50Z,2026-07-28T15:41:29.665078+03:00,_3,8b530b355b26,Lemesou Ave,Archiepiskopou Makariou III Ave,2
2026-07-28T12:36:50Z,2026-07-28T15:41:29.665078+03:00,_0,505621cea221,Leoforos Strovolou,Perikleous,0
2026-07-28T12:36:50Z,2026-07-28T15:41:29.665078+03:00,_1,67842f78343f,Strovolou Ave,Strovolou Ave,4
2026-07-28T12:36:50Z,2026-07-28T15:41:29.665078+03:00,_2,5a4a83804460,Omirou,E902 - Proedrikou Megarou Ave,0
2026-07-28T12:36:50Z,2026-07-28T15:41:29.665078+03:00,_3,2e2860fdee90,Strovolou Ave,E902 - Proedrikou Megarou Ave,4
2026-07-28T12:36:50Z,2026-07-28T15:41:29.665078+03:00,_4,c6ac6530f2b9,Strovolou Ave,E902 - Proedrikou Megarou Ave,0
2026-07-28T12:36:50Z,2026-07-28T15:41:29.665078+03:00,_0,8795792b1b04,,E164 - Armenias,0
2026-07-28T12:36:50Z,2026-07-28T15:41:29.665078+03:00,_1,fedb3d094e5d,A1,Lemesou Ave,2
2026-07-28T12:36:50Z,2026-07-28T15:41:29.665078+03:00,_2,d6df578c88ea,Lemesou Ave,Lemesou Ave,0
2026-07-28T12:36:50Z,2026-07-28T15:41:29.665078+03:00,_3,3dec49aff703,Lemesou Ave,Archiepiskopou Makariou III Ave,2
2026-07-28T12:36:50Z,2026-07-28T15:41:29.665078+03:00,_4,8fab7dfc83f0,Lemesou Ave,Evagorou Ave,0
2026-07-28T12:46:55Z,2026-07-28T15:51:34.603864+03:00,_0,86ca3f119319,Strovolos,E164 - Armenias,0
2026-07-28T12:46:55Z,2026-07-28T15:51:34.603864+03:00,_1,e9550772caa3,Lemesou Ave,Lemesou Ave,1
2026-07-28T12:46:55Z,2026-07-28T15:51:34.603864+03:00,_2,d6df578c88ea,Lemesou Ave,Lemesou Ave,0
2026-07-28T12:46:55Z,2026-07-28T15:51:34.603864+03:00,_3,8b530b355b26,Lemesou Ave,Archiepiskopou Makariou III Ave,2
2026-07-28T12:46:55Z,2026-07-28T15:51:34.603864+03:00,_0,920305ee9a1e,E147 - Archiepiskopou Makariou III Ave,Agias Filaxeos,0
2026-07-28T12:46:55Z,2026-07-28T15:51:34.603864+03:00,_1,a4260c51b19c,Steliou Kyriakidi,,3
2026-07-28T12:46:55Z,2026-07-28T15:51:34.603864+03:00,_2,f780373a5188,Agias Filaxeos,E110 - Agias Fylaxeos,0
2026-07-28T12:46:55Z,2026-07-28T15:51:34.603864+03:00,_3,6841a02a1258,,E110 - 1 Apriliou,3
2026-07-28T12:46:55Z,2026-07-28T15:51:34.603864+03:00,_4,f99b72a378a5,E110 - Agias Fylaxeos,E110,0
2026-07-28T12:46:55Z,2026-07-28T15:51:34.603864+03:00,_0,505621cea221,Leoforos Strovolou,Perikleous,0
2026-07-28T12:46:55Z,2026-07-28T15:51:34.603864+03:00,_1,ce2b72e38e6b,Strovolou Ave,Strovolou Ave,4
2026-07-28T12:46:55Z,2026-07-28T15:51:34.603864+03:00,_2,1497a07f7ea9,Strovolou Ave,Strovolou Ave,0
2026-07-28T12:46:55Z,2026-07-28T15:51:34.603864+03:00,_3,1e7665234fdc,Strovolou Ave,E902 - Proedrikou Megarou Ave,4
2026-07-28T12:46:55Z,2026-07-28T15:51:34.603864+03:00,_4,c6ac6530f2b9,Strovolou Ave,E902 - Proedrikou Megarou Ave,0
2026-07-28T12:46:55Z,2026-07-28T15:51:34.603864+03:00,_0,68ba8c9365ac,Exit 24 >E127 Germasogeia / E113 Lemesos-Centre,Germasogeia,0
2026-07-28T12:46:55Z,2026-07-28T15:51:34.603864+03:00,_1,54d6f53ce72c,Exit 24 >E127 Germasogeia / E113 Lemesos-Centre,Agios Athanasios,2
2026-07-28T12:46:55Z,2026-07-28T15:51:34.603864+03:00,_2,e532d87a661f,Mesa Geitonia,"to A6 > Pafos, Pafos Airport",0
2026-07-28T12:46:55Z,2026-07-28T15:51:34.603864+03:00,_0,8d9c361207fd,,E164 - Armenias,0
2026-07-28T12:46:55Z,2026-07-28T15:51:34.603864+03:00,_1,e9550772caa3,Lemesou Ave,Lemesou Ave,1
2026-07-28T12:46:55Z,2026-07-28T15:51:34.603864+03:00,_2,d6df578c88ea,Lemesou Ave,Lemesou Ave,0
2026-07-28T12:46:55Z,2026-07-28T15:51:34.603864+03:00,_3,3dec49aff703,Lemesou Ave,Archiepiskopou Makariou III Ave,2
2026-07-28T12:46:55Z,2026-07-28T15:51:34.603864+03:00,_4,8fab7dfc83f0,Lemesou Ave,Evagorou Ave,0
2026-07-28T12:57:02Z,2026-07-28T16:01:41.446668+03:00,_0,199710dc4a27,Strovolos,E164 - Armenias,0
2026-07-28T12:57:02Z,2026-07-28T16:01:41.446668+03:00,_1,fedb3d094e5d,A1,Lemesou Ave,1
2026-07-28T12:57:02Z,2026-07-28T16:01:41.446668+03:00,_2,d2028a2a4d9d,Lemesou Ave,E164 - Armenias,0
2026-07-28T12:57:02Z,2026-07-28T16:01:41.446668+03:00,_3,c57daf65c80e,Lemesou Ave,Archiepiskopou Makariou III Ave,3
2026-07-28T12:57:02Z,2026-07-28T16:01:41.446668+03:00,_0,920305ee9a1e,E147 - Archiepiskopou Makariou III Ave,Agias Filaxeos,0
2026-07-28T12:57:02Z,2026-07-28T16:01:41.446668+03:00,_1,a4260c51b19c,Steliou Kyriakidi,,4
2026-07-28T12:57:02Z,2026-07-28T16:01:41.446668+03:00,_2,f780373a5188,Agias Filaxeos,E110 - Agias Fylaxeos,0
2026-07-28T12:57:02Z,2026-07-28T16:01:41.446668+03:00,_3,6841a02a1258,,E110 - 1 Apriliou,3
2026-07-28T12:57:02Z,2026-07-28T16:01:41.446668+03:00,_4,f99b72a378a5,E110 - Agias Fylaxeos,E110,0
2026-07-28T12:57:02Z,2026-07-28T16:01:41.446668+03:00,_0,bf30c572d72c,Leoforos Strovolou,E902 - Proedrikou Megarou Ave,0
2026-07-28T12:57:02Z,2026-07-28T16:01:41.446668+03:00,_1,68d3dd860e1c,Perikleous,Strovolou Ave,3
2026-07-28T12:57:02Z,2026-07-28T16:01:41.446668+03:00,_2,1ef2f9eb885e,Omirou,E902 - Proedrikou Megarou Ave,0
2026-07-28T12:57:02Z,2026-07-28T16:01:41.446668+03:00,_3,c04a316c4fdd,Strovolou Ave,E902 - Proedrikou Megarou Ave,4
2026-07-28T12:57:02Z,2026-07-28T16:01:41.446668+03:00,_4,c6ac6530f2b9,Strovolou Ave,E902 - Proedrikou Megarou Ave,0
2026-07-28T12:57:02Z,2026-07-28T16:01:41.446668+03:00,_0,72b03ff9b5bc,E110,E110 - Agias Fylaxeos,0
2026-07-28T12:57:02Z,2026-07-28T16:01:41.446668+03:00,_1,e50ca2ecb1e0,E110 - 1 Apriliou,,2
2026-07-28T12:57:02Z,2026-07-28T16:01:41.446668+03:00,_2,c8792afe581d,E110 - Agias Fylaxeos,E147 - Archiepiskopou Makariou III Ave,0
2026-07-28T12:57:02Z,2026-07-28T16:01:41.446668+03:00,_0,06afc6492b14,Exit 24 >E127 Germasogeia / E113 Lemesos-Centre,Germasogeia,0
2026-07-28T12:57:02Z,2026-07-28T16:01:41.446668+03:00,_1,c0f129731113,Agios Athanasios,Mesa Geitonia,2
2026-07-28T12:57:02Z,2026-07-28T16:01:41.446668+03:00,_2,0df26c3b855b,Lemesos,"to A6 > Pafos, Pafos Airport",0
2026-07-28T12:57:02Z,2026-07-28T16:01:41.446668+03:00,_0,86a1cbc862f7,,Skarinou,0
2026-07-28T12:57:02Z,2026-07-28T16:01:41.446668+03:00,_1,e9dc6830247f,Skarinou,Skarinou,2
2026-07-28T12:57:02Z,2026-07-28T16:01:41.446668+03:00,_2,e1053f0cb338,Kofinou,E164 - Armenias,0
2026-07-28T12:57:02Z,2026-07-28T16:01:41.446668+03:00,_3,fedb3d094e5d,A1,Lemesou Ave,1
2026-07-28T12:57:02Z,2026-07-28T16:01:41.446668+03:00,_4,d2028a2a4d9d,Lemesou Ave,E164 - Armenias,0
2026-07-28T12:57:02Z,2026-07-28T16:01:41.446668+03:00,_5,43f05193c4b0,Lemesou Ave,Archiepiskopou Makariou III Ave,3
2026-07-28T12:57:02Z,2026-07-28T16:01:41.446668+03:00,_6,8fab7dfc83f0,Lemesou Ave,Evagorou Ave,0
2026-07-28T13:07:07Z,2026-07-28T16:11:46.447267+03:00,_0,69fc3b9dbbdd,Strovolos,Archiepiskopou Makariou III Ave,0
2026-07-28T13:07:07Z,2026-07-28T16:11:46.447267+03:00,_1,c57daf65c80e,Lemesou Ave,Archiepiskopou Makariou III Ave,2
2026-07-28T13:07:07Z,2026-07-28T16:11:46.447267+03:00,_0,e840a4c3672b,E147 - Archiepiskopou Makariou III Ave,Steliou Kyriakidi,0
2026-07-28T13:07:07Z,2026-07-28T16:11:46.447267+03:00,_1,fbdd0e351f56,Ivykou,,4
2026-07-28T13:07:07Z,2026-07-28T16:11:46.447267+03:00,_2,f780373a5188,Agias Filaxeos,E110 - Agias Fylaxeos,0
2026-07-28T13:07:07Z,2026-07-28T16:11:46.447267+03:00,_3,6841a02a1258,,E110 - 1 Apriliou,2
2026-07-28T13:07:07Z,2026-07-28T16:11:46.447267+03:00,_4,f99b72a378a5,E110 - Agias Fylaxeos,E110,0
2026-07-28T13:07:07Z,2026-07-28T16:11:46.447267+03:00,_0,c7675a8d665c,Leoforos Strovolou,Perikleous,0
2026-07-28T13:07:07Z,2026-07-28T16:11:46.447267+03:00,_1,6a266b8160b1,Strovolou Ave,Strovolou Ave,3
2026-07-28T13:07:07Z,2026-07-28T16:11:46.447267+03:00,_2,2ad65be818cb,Omirou,E902 - Proedrikou Megarou Ave,0
2026-07-28T13:07:07Z,2026-07-28T16:11:46.447267+03:00,_3,c04a316c4fdd,Strovolou Ave,E902 - Proedrikou Megarou Ave,3
2026-07-28T13:07:07Z,2026-07-28T16:11:46.447267+03:00,_4,c6ac6530f2b9,Strovolou Ave,E902 - Proedrikou Megarou Ave,0
2026-07-28T13:07:07Z,2026-07-28T16:11:46.447267+03:00,_0,431f99d1e0ab,E110,E110 - Agias Fylaxeos,0
2026-07-28T13:07:07Z,2026-07-28T16:11:46.447267+03:00,_1,b8e1983f3a68,E110 - Agias Fylaxeos,,3
2026-07-28T13:07:07Z,2026-07-28T16:11:46.447267+03:00,_2,c8792afe581d,E110 - Agias Fylaxeos,E147 - Archiepiskopou Makariou III Ave,0
2026-07-28T13:07:07Z,2026-07-28T16:11:46.447267+03:00,_0,daca33dbcb0d,,Archiepiskopou Makariou III Ave,0
2026-07-28T13:07:07Z,2026-07-28T16:11:46.447267+03:00,_1,43f05193c4b0,Lemesou Ave,Archiepiskopou Makariou III Ave,2
2026-07-28T13:07:07Z,2026-07-28T16:11:46.447267+03:00,_2,8fab7dfc83f0,Lemesou Ave,Evagorou Ave,0
2026-07-28T13:07:07Z,2026-07-28T16:11:46.447267+03:00,_0,22ab44e87e33,Exit 24 >E127 Germasogeia / E113 Lemesos-Centre,Agios Athanasios,0
2026-07-28T13:07:07Z,2026-07-28T16:11:46.447267+03:00,_1,1f9e4309220a,Agios Athanasios,Agios Athanasios,1
2026-07-28T13:07:07Z,2026-07-28T16:11:46.447267+03:00,_2,e532d87a661f,Mesa Geitonia,"to A6 > Pafos, Pafos Airport",0
2026-07-28T13:17:38Z,2026-07-28T16:22:16.876696+03:00,_0,137f66eaa4ab,E147 - Archiepiskopou Makariou III Ave,Agias Filaxeos,3
2026-07-28T13:17:38Z,2026-07-28T16:22:16.876696+03:00,_1,163a73e29f51,Agiou Artemiou,Agias Filaxeos,0
2026-07-28T13:17:38Z,2026-07-28T16:22:16.876696+03:00,_2,1683a4b44bb7,Agias Filaxeos,Spyrou Kyprianou Ave,3
2026-07-28T13:17:38Z,2026-07-28T16:22:16.876696+03:00,_3,3c822276d5cc,Spyrou Kyprianou Ave,Agias Filaxeos,0
2026-07-28T13:17:38Z,2026-07-28T16:22:16.876696+03:00,_4,a4260c51b19c,Steliou Kyriakidi,,4
2026-07-28T13:17:38Z,2026-07-28T16:22:16.876696+03:00,_5,f5f94ff22484,Agias Filaxeos,E110,0
2026-07-28T13:17:38Z,2026-07-28T16:22:16.876696+03:00,_0,bf30c572d72c,Leoforos Strovolou,E116 - Athalassis Ave,0
2026-07-28T13:17:38Z,2026-07-28T16:22:16.876696+03:00,_1,7752ac42d9db,E122 - Athinon,,3
2026-07-28T13:17:38Z,2026-07-28T16:22:16.876696+03:00,_2,1497a07f7ea9,,Themidos,0
2026-07-28T13:17:38Z,2026-07-28T16:22:16.876696+03:00,_3,1e7665234fdc,E116 - Athalassis Ave,E902 - Proedrikou Megarou Ave,3
2026-07-28T13:17:38Z,2026-07-28T16:22:16.876696+03:00,_4,c6ac6530f2b9,Strovolou Ave,E902 - Proedrikou Megarou Ave,0
2026-07-28T13:17:38Z,2026-07-28T16:22:16.876696+03:00,_0,72b03ff9b5bc,E110,E110 - Agias Fylaxeos,0
2026-07-28T13:17:38Z,2026-07-28T16:22:16.876696+03:00,_1,e50ca2ecb1e0,E110 - 1 Apriliou,,2
2026-07-28T13:17:38Z,2026-07-28T16:22:16.876696+03:00,_2,c8792afe581d,E110 - Agias Fylaxeos,E147 - Archiepiskopou Makariou III Ave,0
2026-07-28T13:17:38Z,2026-07-28T16:22:16.876696+03:00,_0,22ab44e87e33,Exit 24 >E127 Germasogeia / E113 Lemesos-Centre,Exit 26 > E114 Mesa Geitonia / Lemesos-Centre / F131 Mathikoloni,0
2026-07-28T13:17:38Z,2026-07-28T16:22:16.876696+03:00,_1,1f9e4309220a,> A1 Lemesos Port / (A6) Pafos / (A6) Pafos Airport,Agios Athanasios,1
2026-07-28T13:17:38Z,2026-07-28T16:22:16.876696+03:00,_2,5f071a5847f6,Mesa Geitonia,Lemesos,0
2026-07-28T13:17:38Z,2026-07-28T16:22:16.876696+03:00,_3,e1dac3423766,Lemesos,Lemesos,2
2026-07-28T13:17:38Z,2026-07-28T16:22:16.876696+03:00,_4,ef93f4872b51,Lemesos,"to A6 > Pafos, Pafos Airport",0
2026-07-28T13:27:45Z,2026-07-28T16:32:23.465722+03:00,_0,8d2065e6031d,E147 - Archiepiskopou Makariou III Ave,Agias Filaxeos,0
2026-07-28T13:27:45Z,2026-07-28T16:32:23.465722+03:00,_1,f38856b8f195,Agias Filaxeos,Spyrou Kyprianou Ave,2
2026-07-28T13:27:45Z,2026-07-28T16:32:23.465722+03:00,_2,bbd3d4041441,Spyrou Kyprianou Ave,Agias Filaxeos,0
2026-07-28T13:27:45Z,2026-07-28T16:32:23.465722+03:00,_3,a4260c51b19c,Steliou Kyriakidi,,3
2026-07-28T13:27:45Z,2026-07-28T16:32:23.465722+03:00,_4,f780373a5188,Agias Filaxeos,E110 - Agias Fylaxeos,0
2026-07-28T13:27:45Z,2026-07-28T16:32:23.465722+03:00,_5,6841a02a1258,,E110 - 1 Apriliou,2
2026-07-28T13:27:45Z,2026-07-28T16:32:23.465722+03:00,_6,f99b72a378a5,E110 - Agias Fylaxeos,E110,0
2026-07-28T13:27:45Z,2026-07-28T16:32:23.465722+03:00,_0,505621cea221,Leoforos Strovolou,Perikleous,0
2026-07-28T13:27:45Z,2026-07-28T16:32:23.465722+03:00,_1,67842f78343f,Strovolou Ave,Strovolou Ave,4
2026-07-28T13:27:45Z,2026-07-28T16:32:23.465722+03:00,_2,53bc33fd90a2,Perikleous,E902 - Proedrikou Megarou Ave,0
2026-07-28T13:27:45Z,2026-07-28T16:32:23.465722+03:00,_0,715f7741c600,E110,E110 - Agias Fylaxeos,0
2026-07-28T13:27:45Z,2026-07-28T16:32:23.465722+03:00,_1,60b8e56d084a,E110 - Agias Fylaxeos,,3
2026-07-28T13:27:45Z,2026-07-28T16:32:23.465722+03:00,_2,c8792afe581d,E110 - Agias Fylaxeos,E147 - Archiepiskopou Makariou III Ave,0
2026-07-28T13:37:49Z,2026-07-28T16:42:27.720711+03:00,_0,fe72ea2b224f,Strovolos,Lemesou Ave,0
2026-07-28T13:37:49Z,2026-07-28T16:42:27.720711+03:00,_1,1c3025f6d361,Strovolos,Lemesou Ave,3
2026-07-28T13:37:49Z,2026-07-28T16:42:27.720711+03:00,_2,7792802c8552,Aglantzia,Archiepiskopou Makariou III Ave,0
2026-07-28T13:37:49Z,2026-07-28T16:42:27.720711+03:00,_0,920305ee9a1e,E147 - Archiepiskopou Makariou III Ave,Agias Filaxeos,0
2026-07-28T13:37:49Z,2026-07-28T16:42:27.720711+03:00,_1,a4260c51b19c,Steliou Kyriakidi,,3
2026-07-28T13:37:49Z,2026-07-28T16:42:27.720711+03:00,_2,f780373a5188,Agias Filaxeos,E110 - Agias Fylaxeos,0
2026-07-28T13:37:49Z,2026-07-28T16:42:27.720711+03:00,_3,6841a02a1258,,E110 - 1 Apriliou,2
2026-07-28T13:37:49Z,2026-07-28T16:42:27.720711+03:00,_4,f99b72a378a5,E110 - Agias Fylaxeos,E110,0
2026-07-28T13:37:49Z,2026-07-28T16:42:27.720711+03:00,_0,bf30c572d72c,Leoforos Strovolou,E902 - Proedrikou Megarou Ave,0
2026-07-28T13:37:49Z,2026-07-28T16:42:27.720711+03:00,_1,d9add29be43b,Perikleous,E902 - Proedrikou Megarou Ave,3
2026-07-28T13:37:49Z,2026-07-28T16:42:27.720711+03:00,_2,1aefc4d1e505,Strovolou Ave,Strovolou Ave,0
2026-07-28T13:37:49Z,2026-07-28T16:42:27.720711+03:00,_3,c04a316c4fdd,Strovolou Ave,E902 - Proedrikou Megarou Ave,3
2026-07-28T13:37:49Z,2026-07-28T16:42:27.720711+03:00,_4,c6ac6530f2b9,Strovolou Ave,E902 - Proedrikou Megarou Ave,0
2026-07-28T13:37:49Z,2026-07-28T16:42:27.720711+03:00,_0,d0dc64f54734,,Lemesou Ave,0
2026-07-28T13:37:49Z,2026-07-28T16:42:27.720711+03:00,_1,1c3025f6d361,Strovolos,Lemesou Ave,3
2026-07-28T13:37:49Z,2026-07-28T16:42:27.720711+03:00,_2,cc8badd45da4,Aglantzia,Evagorou Ave,0
2026-07-28T13:37:49Z,2026-07-28T16:42:27.720711+03:00,_0,2459eb632a9a,Exit 24 >E127 Germasogeia / E113 Lemesos-Centre,Lemesos,0
2026-07-28T13:37:49Z,2026-07-28T16:42:27.720711+03:00,_1,e1dac3423766,Lemesos,Lemesos,1
2026-07-28T13:37:49Z,2026-07-28T16:42:27.720711+03:00,_2,ef93f4872b51,Lemesos,"to A6 > Pafos, Pafos Airport",0
2026-07-28T13:47:54Z,2026-07-28T16:52:32.570102+03:00,_0,fe72ea2b224f,Exit 4 >E148 Latsia / GSP Stadium,Lemesou Ave,0
2026-07-28T13:47:54Z,2026-07-28T16:52:32.570102+03:00,_1,1c3025f6d361,Strovolos,Lemesou Ave,3
2026-07-28T13:47:54Z,2026-07-28T16:52:32.570102+03:00,_2,c6e235d3222a,Exit 1 > E116 Athalassis Ave.,Archiepiskopou Makariou III Ave,0
2026-07-28T13:47:54Z,2026-07-28T16:52:32.570102+03:00,_3,394713f228bd,Lemesou Ave,Lemesou Ave,3
2026-07-28T13:47:54Z,2026-07-28T16:52:32.570102+03:00,_0,920305ee9a1e,E147 - Archiepiskopou Makariou III Ave,Agias Filaxeos,0
2026-07-28T13:47:54Z,2026-07-28T16:52:32.570102+03:00,_1,a4260c51b19c,Steliou Kyriakidi,,4
2026-07-28T13:47:54Z,2026-07-28T16:52:32.570102+03:00,_2,f780373a5188,Agias Filaxeos,E110 - Agias Fylaxeos,0
2026-07-28T13:47:54Z,2026-07-28T16:52:32.570102+03:00,_3,6841a02a1258,,E110 - 1 Apriliou,2
2026-07-28T13:47:54Z,2026-07-28T16:52:32.570102+03:00,_4,f99b72a378a5,E110 - Agias Fylaxeos,E110,0
2026-07-28T13:47:54Z,2026-07-28T16:52:32.570102+03:00,_0,c7675a8d665c,Leoforos Strovolou,E122 - Athinon,0
2026-07-28T13:47:54Z,2026-07-28T16:52:32.570102+03:00,_1,14f162572716,,Perikleous,2
2026-07-28T13:47:54Z,2026-07-28T16:52:32.570102+03:00,_2,b4e66db7c6bf,E122 - Athinon,E902 - Proedrikou Megarou Ave,0
2026-07-28T13:47:54Z,2026-07-28T16:52:32.570102+03:00,_0,98b5261b31f5,E110,E147 - Archiepiskopou Makariou III Ave,0
2026-07-28T13:47:54Z,2026-07-28T16:52:32.570102+03:00,_1,676c339d8b55,Agias Filaxeos,E147 - Archiepiskopou Makariou III Ave,3
2026-07-28T13:47:54Z,2026-07-28T16:52:32.570102+03:00,_0,d0dc64f54734,,Lemesou Ave,0
2026-07-28T13:47:54Z,2026-07-28T16:52:32.570102+03:00,_1,1c3025f6d361,Strovolos,Lemesou Ave,3
2026-07-28T13:47:54Z,2026-07-28T16:52:32.570102+03:00,_2,c6e235d3222a,Exit 1 > E116 Athalassis Ave.,Archiepiskopou Makariou III Ave,0
2026-07-28T13:47:54Z,2026-07-28T16:52:32.570102+03:00,_3,6efde239cabf,Lemesou Ave,Archiepiskopou Makariou III Ave,3
2026-07-28T13:47:54Z,2026-07-28T16:52:32.570102+03:00,_4,8fab7dfc83f0,Lemesou Ave,Evagorou Ave,0
2026-07-28T13:58:26Z,2026-07-28T17:03:04.764614+03:00,_0,fe72ea2b224f,Strovolos,Lemesou Ave,0
2026-07-28T13:58:26Z,2026-07-28T17:03:04.764614+03:00,_1,1c3025f6d361,Strovolos,Lemesou Ave,4
2026-07-28T13:58:26Z,2026-07-28T17:03:04.764614+03:00,_2,c6e235d3222a,Aglantzia,Archiepiskopou Makariou III Ave,0
2026-07-28T13:58:26Z,2026-07-28T17:03:04.764614+03:00,_3,394713f228bd,Lemesou Ave,Lemesou Ave,3
2026-07-28T13:58:26Z,2026-07-28T17:03:04.764614+03:00,_0,137f66eaa4ab,E147 - Archiepiskopou Makariou III Ave,Agias Filaxeos,3
2026-07-28T13:58:26Z,2026-07-28T17:03:04.764614+03:00,_1,01294ef49009,E147 - Archiepiskopou Makariou III Ave,Agias Filaxeos,0
2026-07-28T13:58:26Z,2026-07-28T17:03:04.764614+03:00,_2,a4260c51b19c,Steliou Kyriakidi,,4
2026-07-28T13:58:26Z,2026-07-28T17:03:04.764614+03:00,_3,e863e9cd4881,Agias Filaxeos,E110 - Agias Fylaxeos,0
2026-07-28T13:58:26Z,2026-07-28T17:03:04.764614+03:00,_4,b12402f32100,E110 - Agias Fylaxeos,E110 - 1 Apriliou,2
2026-07-28T13:58:26Z,2026-07-28T17:03:04.764614+03:00,_5,f99b72a378a5,E110 - Agias Fylaxeos,E110,0
2026-07-28T13:58:26Z,2026-07-28T17:03:04.764614+03:00,_0,5571d2934d78,E110,E110 - Agias Fylaxeos,0
2026-07-28T13:58:26Z,2026-07-28T17:03:04.764614+03:00,_1,0067285e4956,E110 - 1 Apriliou,E110 - Agias Fylaxeos,3
2026-07-28T13:58:26Z,2026-07-28T17:03:04.764614+03:00,_2,e50ca2ecb1e0,E110 - 1 Apriliou,,2
2026-07-28T13:58:26Z,2026-07-28T17:03:04.764614+03:00,_3,a3ae4f10ebab,E110 - Agias Fylaxeos,E147 - Archiepiskopou Makariou III Ave,0
2026-07-28T13:58:26Z,2026-07-28T17:03:04.764614+03:00,_4,f8a1b1df72c7,Agias Filaxeos,E147 - Archiepiskopou Makariou III Ave,3
2026-07-28T13:58:26Z,2026-07-28T17:03:04.764614+03:00,_0,978bfa547244,,> A1 Lefkosia / (A5) Larnaka / (A5)(A3) Larnaka Airport,0
2026-07-28T13:58:26Z,2026-07-28T17:03:04.764614+03:00,_1,20e0a4fd0196,> A1 Lefkosia / (A5) Larnaka / (A5)(A3) Larnaka Airport,Germasogeia,1
2026-07-28T13:58:26Z,2026-07-28T17:03:04.764614+03:00,_2,37f77aa02bc1,> A1 Lefkosia / (A5) Larnaka / (A5)(A3) Larnaka Airport,Lemesou Ave,0
2026-07-28T13:58:26Z,2026-07-28T17:03:04.764614+03:00,_3,1c3025f6d361,Strovolos,Lemesou Ave,4
2026-07-28T13:58:26Z,2026-07-28T17:03:04.764614+03:00,_4,c6e235d3222a,Aglantzia,Archiepiskopou Makariou III Ave,0
2026-07-28T13:58:26Z,2026-07-28T17:03:04.764614+03:00,_5,6efde239cabf,Lemesou Ave,Archiepiskopou Makariou III Ave,3
2026-07-28T13:58:26Z,2026-07-28T17:03:04.764614+03:00,_6,8fab7dfc83f0,Lemesou Ave,Evagorou Ave,0
2026-07-28T13:58:26Z,2026-07-28T17:03:04.764614+03:00,_0,cf9421bed762,Episkopi,> A1 Lefkosia / (A5) Larnaka / (A5)(A3) Larnaka Airport,0
2026-07-28T13:58:26Z,2026-07-28T17:03:04.764614+03:00,_1,a0e0a7c1b318,> A1 Lefkosia / (A5) Larnaka / (A5)(A3) Larnaka Airport,Germasogeia,1
2026-07-28T14:30:06Z,2026-07-28T17:34:45.570497+03:00,_0,fe72ea2b224f,Strovolos,Lemesou Ave,0
2026-07-28T14:30:06Z,2026-07-28T17:34:45.570497+03:00,_1,1c3025f6d361,Strovolos,Lemesou Ave,4
2026-07-28T14:30:06Z,2026-07-28T17:34:45.570497+03:00,_2,7c50b274239b,Aglantzia,E164 - Armenias,0
2026-07-28T14:30:06Z,2026-07-28T17:34:45.570497+03:00,_3,5db6bff47527,Lemesou Ave,E164 - Armenias,1
2026-07-28T14:30:06Z,2026-07-28T17:34:45.570497+03:00,_4,a95604920bd3,E164 - Armenias,Archiepiskopou Makariou III Ave,0
2026-07-28T14:30:06Z,2026-07-28T17:34:45.570497+03:00,_0,db379abb1dc7,Georgiou Neofytou,Spyrou Kyprianou Ave,0
2026-07-28T14:30:06Z,2026-07-28T17:34:45.570497+03:00,_1,d485409681ec,Spyrou Kyprianou Ave,Spyrou Kyprianou Ave,3
2026-07-28T14:30:06Z,2026-07-28T17:34:45.570497+03:00,_2,b16f06e86626,Spyrou Kyprianou Ave,Angelou Vlachou,0
2026-07-28T14:30:06Z,2026-07-28T17:34:45.570497+03:00,_0,920305ee9a1e,E147 - Archiepiskopou Makariou III Ave,Agias Filaxeos,0
2026-07-28T14:30:06Z,2026-07-28T17:34:45.570497+03:00,_1,a4260c51b19c,Steliou Kyriakidi,,4
2026-07-28T14:30:06Z,2026-07-28T17:34:45.570497+03:00,_2,f5f94ff22484,Agias Filaxeos,E110,0
2026-07-28T14:30:06Z,2026-07-28T17:34:45.570497+03:00,_0,b03513dd6d58,Leoforos Strovolou,E902 - Proedrikou Megarou Ave,0
2026-07-28T14:30:06Z,2026-07-28T17:34:45.570497+03:00,_1,c04a316c4fdd,Strovolou Ave,E902 - Proedrikou Megarou Ave,2
2026-07-28T14:30:06Z,2026-07-28T17:34:45.570497+03:00,_2,c6ac6530f2b9,Strovolou Ave,E902 - Proedrikou Megarou Ave,0
2026-07-28T14:30:06Z,2026-07-28T17:34:45.570497+03:00,_0,72b03ff9b5bc,E110,E110 - Agias Fylaxeos,0
2026-07-28T14:30:06Z,2026-07-28T17:34:45.570497+03:00,_1,e50ca2ecb1e0,E110 - 1 Apriliou,,3
2026-07-28T14:30:06Z,2026-07-28T17:34:45.570497+03:00,_2,9e95bc80ebae,E110 - Agias Fylaxeos,E147 - Archiepiskopou Makariou III Ave,0
2026-07-28T14:30:06Z,2026-07-28T17:34:45.570497+03:00,_3,afcda84a293b,Agias Filaxeos,E147 - Archiepiskopou Makariou III Ave,3
2026-07-28T14:30:06Z,2026-07-28T17:34:45.570497+03:00,_0,d0dc64f54734,,Lemesou Ave,0
2026-07-28T14:30:06Z,2026-07-28T17:34:45.570497+03:00,_1,1c3025f6d361,Strovolos,Lemesou Ave,4
2026-07-28T14:30:06Z,2026-07-28T17:34:45.570497+03:00,_2,7c50b274239b,Aglantzia,E164 - Armenias,0
2026-07-28T14:30:06Z,2026-07-28T17:34:45.570497+03:00,_3,5db6bff47527,Lemesou Ave,E164 - Armenias,1
2026-07-28T14:30:06Z,2026-07-28T17:34:45.570497+03:00,_4,5d9906ca4bcb,A1,Evagorou Ave,0
2026-07-28T14:30:06Z,2026-07-28T17:34:45.570497+03:00,_0,078bc587a921,Exit 24 >E127 Germasogeia / E113 Lemesos-Centre,Agios Athanasios,0
2026-07-28T14:30:06Z,2026-07-28T17:34:45.570497+03:00,_1,c4d89061d405,Agios Athanasios,Agios Athanasios,1
2026-07-28T14:30:06Z,2026-07-28T17:34:45.570497+03:00,_2,e532d87a661f,Mesa Geitonia,"to A6 > Pafos, Pafos Airport",0
2026-07-28T14:40:36Z,2026-07-28T17:45:15.424594+03:00,_0,fe72ea2b224f,Strovolos,Lemesou Ave,0
2026-07-28T14:40:36Z,2026-07-28T17:45:15.424594+03:00,_1,1c3025f6d361,Strovolos,Lemesou Ave,3
2026-07-28T14:40:36Z,2026-07-28T17:45:15.424594+03:00,_2,7792802c8552,Aglantzia,Archiepiskopou Makariou III Ave,0
2026-07-28T14:40:36Z,2026-07-28T17:45:15.424594+03:00,_0,db379abb1dc7,Georgiou Neofytou,Spyrou Kyprianou Ave,0
2026-07-28T14:40:36Z,2026-07-28T17:45:15.424594+03:00,_1,bb8e26f01eed,Spyrou Kyprianou Ave,Spyrou Kyprianou Ave,4
2026-07-28T14:40:36Z,2026-07-28T17:45:15.424594+03:00,_2,7f51a8ff6833,Spyrou Kyprianou Ave,Spyrou Kyprianou Ave,0
2026-07-28T14:40:36Z,2026-07-28T17:45:15.424594+03:00,_3,f5d4a5e20d87,Spyrou Kyprianou Ave,Spyrou Kyprianou Ave,3
2026-07-28T14:40:36Z,2026-07-28T17:45:15.424594+03:00,_4,0efa495a7a2f,Spyrou Kyprianou Ave,Angelou Vlachou,0
2026-07-28T14:40:36Z,2026-07-28T17:45:15.424594+03:00,_0,920305ee9a1e,E147 - Archiepiskopou Makariou III Ave,Agias Filaxeos,0
2026-07-28T14:40:36Z,2026-07-28T17:45:15.424594+03:00,_1,a4260c51b19c,Steliou Kyriakidi,,4
2026-07-28T14:40:36Z,2026-07-28T17:45:15.424594+03:00,_2,f5f94ff22484,Agias Filaxeos,E110,0
2026-07-28T14:40:36Z,2026-07-28T17:45:15.424594+03:00,_0,72b03ff9b5bc,E110,E110 - Agias Fylaxeos,0
2026-07-28T14:40:36Z,2026-07-28T17:45:15.424594+03:00,_1,e50ca2ecb1e0,E110 - 1 Apriliou,,3
2026-07-28T14:40:36Z,2026-07-28T17:45:15.424594+03:00,_2,c8792afe581d,E110 - Agias Fylaxeos,E147 - Archiepiskopou Makariou III Ave,0
2026-07-28T14:40:36Z,2026-07-28T17:45:15.424594+03:00,_0,21071115abc5,,> A1 Lefkosia / (A5) Larnaka / (A5)(A3) Larnaka Airport,0
2026-07-28T14:40:36Z,2026-07-28T17:45:15.424594+03:00,_1,b26392a0c648,Germasogeia,Mouttagiaka,2
2026-07-28T14:40:36Z,2026-07-28T17:45:15.424594+03:00,_2,1f26527e04a2,Mouttagiaka,Lemesou Ave,0
2026-07-28T14:40:36Z,2026-07-28T17:45:15.424594+03:00,_3,1c3025f6d361,Strovolos,Lemesou Ave,3
2026-07-28T14:40:36Z,2026-07-28T17:45:15.424594+03:00,_4,cc8badd45da4,Aglantzia,Evagorou Ave,0
2026-07-28T14:40:36Z,2026-07-28T17:45:15.424594+03:00,_0,391ae18682fa,Episkopi,> A1 Lefkosia / (A5) Larnaka / (A5)(A3) Larnaka Airport,0
2026-07-28T14:40:36Z,2026-07-28T17:45:15.424594+03:00,_1,cafc026927d2,Germasogeia,Germasogeia,2
2026-07-28T14:51:06Z,2026-07-28T17:55:45.017714+03:00,_0,fe72ea2b224f,Strovolos,Lemesou Ave,0
2026-07-28T14:51:06Z,2026-07-28T17:55:45.017714+03:00,_1,1c3025f6d361,Strovolos,Lemesou Ave,3
2026-07-28T14:51:06Z,2026-07-28T17:55:45.017714+03:00,_2,7792802c8552,Aglantzia,Archiepiskopou Makariou III Ave,0
2026-07-28T14:51:06Z,2026-07-28T17:55:45.017714+03:00,_0,db379abb1dc7,Georgiou Neofytou,Spyrou Kyprianou Ave,0
2026-07-28T14:51:06Z,2026-07-28T17:55:45.017714+03:00,_1,d485409681ec,Spyrou Kyprianou Ave,Spyrou Kyprianou Ave,3
2026-07-28T14:51:06Z,2026-07-28T17:55:45.017714+03:00,_2,6c5a5d840bb0,Spyrou Kyprianou Ave,Spyrou Kyprianou Ave,0
2026-07-28T14:51:06Z,2026-07-28T17:55:45.017714+03:00,_3,f5d4a5e20d87,Spyrou Kyprianou Ave,Spyrou Kyprianou Ave,3
2026-07-28T14:51:06Z,2026-07-28T17:55:45.017714+03:00,_4,0efa495a7a2f,Spyrou Kyprianou Ave,Angelou Vlachou,0
2026-07-28T14:51:06Z,2026-07-28T17:55:45.017714+03:00,_0,920305ee9a1e,E147 - Archiepiskopou Makariou III Ave,Agias Filaxeos,0
2026-07-28T14:51:06Z,2026-07-28T17:55:45.017714+03:00,_1,a4260c51b19c,Steliou Kyriakidi,,4
2026-07-28T14:51:06Z,2026-07-28T17:55:45.017714+03:00,_2,f5f94ff22484,Agias Filaxeos,E110,0
2026-07-28T14:51:06Z,2026-07-28T17:55:45.017714+03:00,_0,715f7741c600,E110,E110 - Agias Fylaxeos,0
2026-07-28T14:51:06Z,2026-07-28T17:55:45.017714+03:00,_1,60b8e56d084a,E110 - Agias Fylaxeos,,2
2026-07-28T14:51:06Z,2026-07-28T17:55:45.017714+03:00,_2,c8792afe581d,E110 - Agias Fylaxeos,E147 - Archiepiskopou Makariou III Ave,0
2026-07-28T14:51:06Z,2026-07-28T17:55:45.017714+03:00,_0,21071115abc5,,> A1 Lefkosia / (A5) Larnaka / (A5)(A3) Larnaka Airport,0
2026-07-28T14:51:06Z,2026-07-28T17:55:45.017714+03:00,_1,b26392a0c648,Germasogeia,Mouttagiaka,3
2026-07-28T14:51:06Z,2026-07-28T17:55:45.017714+03:00,_2,1f26527e04a2,Mouttagiaka,Lemesou Ave,0
2026-07-28T14:51:06Z,2026-07-28T17:55:45.017714+03:00,_3,1c3025f6d361,Strovolos,Lemesou Ave,3
2026-07-28T14:51:06Z,2026-07-28T17:55:45.017714+03:00,_4,97f7239621ca,Aglantzia,B18 - Digeni Akrita Ave,0
2026-07-28T14:51:06Z,2026-07-28T17:55:45.017714+03:00,_5,aabab5b0e87d,Archiepiskopou Makariou III Ave,B18 - Georgiou Griva Digeni Ave,3
2026-07-28T14:51:06Z,2026-07-28T17:55:45.017714+03:00,_6,e1beab30434a,Archiepiskopou Makariou III Ave,Evagorou Ave,0
2026-07-28T14:51:06Z,2026-07-28T17:55:45.017714+03:00,_0,391ae18682fa,Episkopi,> A1 Lefkosia / (A5) Larnaka / (A5)(A3) Larnaka Airport,0
2026-07-28T14:51:06Z,2026-07-28T17:55:45.017714+03:00,_1,cafc026927d2,Germasogeia,Germasogeia,3
2026-07-28T15:01:39Z,2026-07-28T18:06:18.034413+03:00,_0,fe72ea2b224f,Exit 4 >E148 Latsia / GSP Stadium,Lemesou Ave,0
2026-07-28T15:01:39Z,2026-07-28T18:06:18.034413+03:00,_1,1c3025f6d361,Strovolos,Lemesou Ave,4
2026-07-28T15:01:39Z,2026-07-28T18:06:18.034413+03:00,_2,7792802c8552,Exit 1 > E116 Athalassis Ave.,Archiepiskopou Makariou III Ave,0
2026-07-28T15:01:39Z,2026-07-28T18:06:18.034413+03:00,_0,db379abb1dc7,Georgiou Neofytou,Spyrou Kyprianou Ave,0
2026-07-28T15:01:39Z,2026-07-28T18:06:18.034413+03:00,_1,d485409681ec,Spyrou Kyprianou Ave,Spyrou Kyprianou Ave,3
2026-07-28T15:01:39Z,2026-07-28T18:06:18.034413+03:00,_2,6c5a5d840bb0,Spyrou Kyprianou Ave,Spyrou Kyprianou Ave,0
2026-07-28T15:01:39Z,2026-07-28T18:06:18.034413+03:00,_3,f5d4a5e20d87,Spyrou Kyprianou Ave,Spyrou Kyprianou Ave,3
2026-07-28T15:01:39Z,2026-07-28T18:06:18.034413+03:00,_4,0efa495a7a2f,Spyrou Kyprianou Ave,Angelou Vlachou,0
2026-07-28T15:01:39Z,2026-07-28T18:06:18.034413+03:00,_0,e840a4c3672b,E147 - Archiepiskopou Makariou III Ave,Steliou Kyriakidi,0
2026-07-28T15:01:39Z,2026-07-28T18:06:18.034413+03:00,_1,fbdd0e351f56,Ivykou,,4
2026-07-28T15:01:39Z,2026-07-28T18:06:18.034413+03:00,_2,f5f94ff22484,Agias Filaxeos,E110,0
2026-07-28T15:01:39Z,2026-07-28T18:06:18.034413+03:00,_0,21071115abc5,,> A1 Lefkosia / (A5) Larnaka / (A5)(A3) Larnaka Airport,0
2026-07-28T15:01:39Z,2026-07-28T18:06:18.034413+03:00,_1,b26392a0c648,Germasogeia,Mouttagiaka,3
2026-07-28T15:01:39Z,2026-07-28T18:06:18.034413+03:00,_2,1f26527e04a2,Mouttagiaka,Lemesou Ave,0
2026-07-28T15:01:39Z,2026-07-28T18:06:18.034413+03:00,_3,1c3025f6d361,Strovolos,Lemesou Ave,4
2026-07-28T15:01:39Z,2026-07-28T18:06:18.034413+03:00,_4,cc8badd45da4,Exit 1 > E116 Athalassis Ave.,Evagorou Ave,0
2026-07-28T15:01:39Z,2026-07-28T18:06:18.034413+03:00,_0,391ae18682fa,Episkopi,> A1 Lefkosia / (A5) Larnaka / (A5)(A3) Larnaka Airport,0
2026-07-28T15:01:39Z,2026-07-28T18:06:18.034413+03:00,_1,cafc026927d2,Germasogeia,Germasogeia,3
2026-07-28T15:12:09Z,2026-07-28T18:16:47.935501+03:00,_0,fe72ea2b224f,Strovolos,Lemesou Ave,0
2026-07-28T15:12:09Z,2026-07-28T18:16:47.935501+03:00,_1,1c3025f6d361,Strovolos,Lemesou Ave,3
2026-07-28T15:12:09Z,2026-07-28T18:16:47.935501+03:00,_2,7792802c8552,Aglantzia,Archiepiskopou Makariou III Ave,0
2026-07-28T15:12:09Z,2026-07-28T18:16:47.935501+03:00,_0,a955553ad43f,E147 - Archiepiskopou Makariou III Ave,Agias Filaxeos,3
2026-07-28T15:12:09Z,2026-07-28T18:16:47.935501+03:00,_1,8eb1dd7cbd00,E147 - Archiepiskopou Makariou III Ave,Agias Filaxeos,0
2026-07-28T15:12:09Z,2026-07-28T18:16:47.935501+03:00,_2,a4260c51b19c,Steliou Kyriakidi,,4
2026-07-28T15:12:09Z,2026-07-28T18:16:47.935501+03:00,_3,f5f94ff22484,Agias Filaxeos,E110,0
2026-07-28T15:12:09Z,2026-07-28T18:16:47.935501+03:00,_0,390a534e7e4c,E110,Agias Filaxeos,0
2026-07-28T15:12:09Z,2026-07-28T18:16:47.935501+03:00,_1,9e87d098071b,Agias Filaxeos,Agias Filaxeos,1
2026-07-28T15:12:09Z,2026-07-28T18:16:47.935501+03:00,_2,c8319451466e,Agias Filaxeos,Agias Filaxeos,0
2026-07-28T15:12:09Z,2026-07-28T18:16:47.935501+03:00,_3,0047479cf4c6,Agias Filaxeos,E147 - Archiepiskopou Makariou III Ave,3
2026-07-28T15:12:09Z,2026-07-28T18:16:47.935501+03:00,_0,21071115abc5,,> A1 Lefkosia / (A5) Larnaka / (A5)(A3) Larnaka Airport,0
2026-07-28T15:12:09Z,2026-07-28T18:16:47.935501+03:00,_1,b26392a0c648,Germasogeia,Mouttagiaka,2
2026-07-28T15:12:09Z,2026-07-28T18:16:47.935501+03:00,_2,1f26527e04a2,Mouttagiaka,Lemesou Ave,0
2026-07-28T15:12:09Z,2026-07-28T18:16:47.935501+03:00,_3,1c3025f6d361,Strovolos,Lemesou Ave,3
2026-07-28T15:12:09Z,2026-07-28T18:16:47.935501+03:00,_4,cc8badd45da4,Aglantzia,Evagorou Ave,0
2026-07-28T15:12:09Z,2026-07-28T18:16:47.935501+03:00,_0,391ae18682fa,Episkopi,> A1 Lefkosia / (A5) Larnaka / (A5)(A3) Larnaka Airport,0
2026-07-28T15:12:09Z,2026-07-28T18:16:47.935501+03:00,_1,cafc026927d2,Germasogeia,Germasogeia,2
2026-07-28T15:23:19Z,2026-07-28T18:27:57.754074+03:00,_0,fe72ea2b224f,Strovolos,Lemesou Ave,0
2026-07-28T15:23:19Z,2026-07-28T18:27:57.754074+03:00,_1,1c3025f6d361,Strovolos,Lemesou Ave,3
2026-07-28T15:23:19Z,2026-07-28T18:27:57.754074+03:00,_2,7792802c8552,Aglantzia,Archiepiskopou Makariou III Ave,0
2026-07-28T15:23:19Z,2026-07-28T18:27:57.754074+03:00,_0,920305ee9a1e,E147 - Archiepiskopou Makariou III Ave,Agias Filaxeos,0
2026-07-28T15:23:19Z,2026-07-28T18:27:57.754074+03:00,_1,a4260c51b19c,Steliou Kyriakidi,,4
2026-07-28T15:23:19Z,2026-07-28T18:27:57.754074+03:00,_2,f5f94ff22484,Agias Filaxeos,E110,0
2026-07-28T15:23:19Z,2026-07-28T18:27:57.754074+03:00,_0,db379abb1dc7,Georgiou Neofytou,Spyrou Kyprianou Ave,0
2026-07-28T15:23:19Z,2026-07-28T18:27:57.754074+03:00,_1,bb8e26f01eed,Spyrou Kyprianou Ave,Spyrou Kyprianou Ave,3
2026-07-28T15:23:19Z,2026-07-28T18:27:57.754074+03:00,_2,170ca50cf9c5,Spyrou Kyprianou Ave,Angelou Vlachou,0
2026-07-28T15:23:19Z,2026-07-28T18:27:57.754074+03:00,_0,ecaddb19046c,E110,E147 - Archiepiskopou Makariou III Ave,0
2026-07-28T15:23:19Z,2026-07-28T18:27:57.754074+03:00,_1,f8a1b1df72c7,Agias Filaxeos,E147 - Archiepiskopou Makariou III Ave,3
2026-07-28T15:23:19Z,2026-07-28T18:27:57.754074+03:00,_0,21071115abc5,,> A1 Lefkosia / (A5) Larnaka / (A5)(A3) Larnaka Airport,0
2026-07-28T15:23:19Z,2026-07-28T18:27:57.754074+03:00,_1,b26392a0c648,Germasogeia,Mouttagiaka,2
2026-07-28T15:23:19Z,2026-07-28T18:27:57.754074+03:00,_2,1f26527e04a2,Mouttagiaka,Lemesou Ave,0
2026-07-28T15:23:19Z,2026-07-28T18:27:57.754074+03:00,_3,1c3025f6d361,Strovolos,Lemesou Ave,3
2026-07-28T15:23:19Z,2026-07-28T18:27:57.754074+03:00,_4,cc8badd45da4,Aglantzia,Evagorou Ave,0
2026-07-28T15:23:19Z,2026-07-28T18:27:57.754074+03:00,_0,391ae18682fa,Episkopi,> A1 Lefkosia / (A5) Larnaka / (A5)(A3) Larnaka Airport,0
2026-07-28T15:23:19Z,2026-07-28T18:27:57.754074+03:00,_1,cafc026927d2,Germasogeia,Germasogeia,2
2026-07-28T15:33:50Z,2026-07-28T18:38:29.524331+03:00,_0,fe72ea2b224f,Strovolos,Lemesou Ave,0
2026-07-28T15:33:50Z,2026-07-28T18:38:29.524331+03:00,_1,1c3025f6d361,Strovolos,Lemesou Ave,4
2026-07-28T15:33:50Z,2026-07-28T18:38:29.524331+03:00,_2,c6e235d3222a,Aglantzia,Archiepiskopou Makariou III Ave,0
2026-07-28T15:33:50Z,2026-07-28T18:38:29.524331+03:00,_3,394713f228bd,Lemesou Ave,Lemesou Ave,2
2026-07-28T15:33:50Z,2026-07-28T18:38:29.524331+03:00,_0,920305ee9a1e,E147 - Archiepiskopou Makariou III Ave,Agias Filaxeos,0
2026-07-28T15:33:50Z,2026-07-28T18:38:29.524331+03:00,_1,a4260c51b19c,Steliou Kyriakidi,,4
2026-07-28T15:33:50Z,2026-07-28T18:38:29.524331+03:00,_2,f780373a5188,Agias Filaxeos,E110 - Agias Fylaxeos,0
2026-07-28T15:33:50Z,2026-07-28T18:38:29.524331+03:00,_3,6841a02a1258,,E110 - 1 Apriliou,2
2026-07-28T15:33:50Z,2026-07-28T18:38:29.524331+03:00,_4,f99b72a378a5,E110 - Agias Fylaxeos,E110,0
2026-07-28T15:33:50Z,2026-07-28T18:38:29.524331+03:00,_0,21071115abc5,,> A1 Lefkosia / (A5) Larnaka / (A5)(A3) Larnaka Airport,0
2026-07-28T15:33:50Z,2026-07-28T18:38:29.524331+03:00,_1,68c6ac8184c3,Germasogeia,> A1 Lefkosia / (A5) Larnaka / (A5)(A3) Larnaka Airport,3
2026-07-28T15:33:50Z,2026-07-28T18:38:29.524331+03:00,_2,cd06417d7b5a,> A1 Lefkosia / (A5) Larnaka / (A5)(A3) Larnaka Airport,Lemesou Ave,0
2026-07-28T15:33:50Z,2026-07-28T18:38:29.524331+03:00,_3,1c3025f6d361,Strovolos,Lemesou Ave,4
2026-07-28T15:33:50Z,2026-07-28T18:38:29.524331+03:00,_4,c6e235d3222a,Aglantzia,Archiepiskopou Makariou III Ave,0
2026-07-28T15:33:50Z,2026-07-28T18:38:29.524331+03:00,_5,6efde239cabf,Lemesou Ave,Archiepiskopou Makariou III Ave,2
2026-07-28T15:33:50Z,2026-07-28T18:38:29.524331+03:00,_6,8fab7dfc83f0,Lemesou Ave,Evagorou Ave,0
2026-07-28T15:33:50Z,2026-07-28T18:38:29.524331+03:00,_0,391ae18682fa,Episkopi,> A1 Lefkosia / (A5) Larnaka / (A5)(A3) Larnaka Airport,0
2026-07-28T15:33:50Z,2026-07-28T18:38:29.524331+03:00,_1,68c6ac8184c3,Germasogeia,> A1 Lefkosia / (A5) Larnaka / (A5)(A3) Larnaka Airport,3
2026-07-28T15:33:50Z,2026-07-28T18:38:29.524331+03:00,_2,a0e0a7c1b318,> A1 Lefkosia / (A5) Larnaka / (A5)(A3) Larnaka Airport,Germasogeia,0
2026-07-28T15:33:50Z,2026-07-28T18:38:29.524331+03:00,_0,2459eb632a9a,Exit 24 >E127 Germasogeia / E113 Lemesos-Centre,Lemesos,0
2026-07-28T15:33:50Z,2026-07-28T18:38:29.524331+03:00,_1,e1dac3423766,Lemesos,Lemesos,1
2026-07-28T15:33:50Z,2026-07-28T18:38:29.524331+03:00,_2,ef93f4872b51,Lemesos,"to A6 > Pafos, Pafos Airport",0
2026-07-28T15:44:20Z,2026-07-28T18:48:59.036407+03:00,_0,fe72ea2b224f,Exit 4 >E148 Latsia / GSP Stadium,Lemesou Ave,0
2026-07-28T15:44:20Z,2026-07-28T18:48:59.036407+03:00,_1,1c3025f6d361,Strovolos,Lemesou Ave,4
2026-07-28T15:44:20Z,2026-07-28T18:48:59.036407+03:00,_2,c6e235d3222a,Exit 1 > E116 Athalassis Ave.,Archiepiskopou Makariou III Ave,0
2026-07-28T15:44:20Z,2026-07-28T18:48:59.036407+03:00,_3,394713f228bd,Lemesou Ave,Lemesou Ave,3
2026-07-28T15:44:20Z,2026-07-28T18:48:59.036407+03:00,_0,920305ee9a1e,E147 - Archiepiskopou Makariou III Ave,Agias Filaxeos,0
2026-07-28T15:44:20Z,2026-07-28T18:48:59.036407+03:00,_1,a4260c51b19c,Steliou Kyriakidi,,4
2026-07-28T15:44:20Z,2026-07-28T18:48:59.036407+03:00,_2,f5f94ff22484,Agias Filaxeos,E110,0
2026-07-28T15:44:20Z,2026-07-28T18:48:59.036407+03:00,_0,21071115abc5,,> A1 Lefkosia / (A5) Larnaka / (A5)(A3) Larnaka Airport,0
2026-07-28T15:44:20Z,2026-07-28T18:48:59.036407+03:00,_1,68c6ac8184c3,Germasogeia,> A1 Lefkosia / (A5) Larnaka / (A5)(A3) Larnaka Airport,2
2026-07-28T15:44:20Z,2026-07-28T18:48:59.036407+03:00,_2,cd06417d7b5a,> A1 Lefkosia / (A5) Larnaka / (A5)(A3) Larnaka Airport,Lemesou Ave,0
2026-07-28T15:44:20Z,2026-07-28T18:48:59.036407+03:00,_3,1c3025f6d361,Strovolos,Lemesou Ave,4
2026-07-28T15:44:20Z,2026-07-28T18:48:59.036407+03:00,_4,c6e235d3222a,Exit 1 > E116 Athalassis Ave.,Archiepiskopou Makariou III Ave,0
2026-07-28T15:44:20Z,2026-07-28T18:48:59.036407+03:00,_5,6efde239cabf,Lemesou Ave,Archiepiskopou Makariou III Ave,3
2026-07-28T15:44:20Z,2026-07-28T18:48:59.036407+03:00,_6,8fab7dfc83f0,Lemesou Ave,Evagorou Ave,0
2026-07-28T15:44:20Z,2026-07-28T18:48:59.036407+03:00,_0,391ae18682fa,Episkopi,> A1 Lefkosia / (A5) Larnaka / (A5)(A3) Larnaka Airport,0
2026-07-28T15:44:20Z,2026-07-28T18:48:59.036407+03:00,_1,68c6ac8184c3,Germasogeia,> A1 Lefkosia / (A5) Larnaka / (A5)(A3) Larnaka Airport,2
2026-07-28T15:44:20Z,2026-07-28T18:48:59.036407+03:00,_2,a0e0a7c1b318,> A1 Lefkosia / (A5) Larnaka / (A5)(A3) Larnaka Airport,Germasogeia,0
2026-07-28T15:44:20Z,2026-07-28T18:48:59.036407+03:00,_0,0299ed13c1f9,Exit 24 >E127 Germasogeia / E113 Lemesos-Centre,Kato Polemidia,0
2026-07-28T15:44:20Z,2026-07-28T18:48:59.036407+03:00,_1,f91a900bb2ce,A1,Ypsonas,2
2026-07-28T15:44:20Z,2026-07-28T18:48:59.036407+03:00,_2,a79c40fcd60a,Ypsonas,"to A6 > Pafos, Pafos Airport",0
2026-07-28T15:54:50Z,2026-07-28T18:59:28.716810+03:00,_0,920305ee9a1e,E147 - Archiepiskopou Makariou III Ave,Agias Filaxeos,0
2026-07-28T15:54:50Z,2026-07-28T18:59:28.716810+03:00,_1,a4260c51b19c,Steliou Kyriakidi,,4
2026-07-28T15:54:50Z,2026-07-28T18:59:28.716810+03:00,_2,f5f94ff22484,Agias Filaxeos,E110,0
2026-07-28T15:54:50Z,2026-07-28T18:59:28.716810+03:00,_0,a621b9829dc1,Exit 24 >E127 Germasogeia / E113 Lemesos-Centre,A6,0
2026-07-28T15:54:50Z,2026-07-28T18:59:28.716810+03:00,_1,29e364f86ed8,A1,Ypsonas,2
2026-07-28T15:54:50Z,2026-07-28T18:59:28.716810+03:00,_2,a79c40fcd60a,Ypsonas,"to A6 > Pafos, Pafos Airport",0
2026-07-28T16:05:21Z,2026-07-28T19:09:59.927104+03:00,_0,920305ee9a1e,E147 - Archiepiskopou Makariou III Ave,Agias Filaxeos,0
2026-07-28T16:05:21Z,2026-07-28T19:09:59.927104+03:00,_1,a4260c51b19c,Steliou Kyriakidi,,4
2026-07-28T16:05:21Z,2026-07-28T19:09:59.927104+03:00,_2,f5f94ff22484,Agias Filaxeos,E110,0
2026-07-28T16:05:21Z,2026-07-28T19:09:59.927104+03:00,_0,a621b9829dc1,Exit 24 >E127 Germasogeia / E113 Lemesos-Centre,A6,0
2026-07-28T16:05:21Z,2026-07-28T19:09:59.927104+03:00,_1,29e364f86ed8,A1,Ypsonas,2
2026-07-28T16:05:21Z,2026-07-28T19:09:59.927104+03:00,_2,a79c40fcd60a,Ypsonas,"to A6 > Pafos, Pafos Airport",0
2026-07-28T16:15:50Z,2026-07-28T19:20:29.127711+03:00,_0,920305ee9a1e,E147 - Archiepiskopou Makariou III Ave,Agias Filaxeos,0
2026-07-28T16:15:50Z,2026-07-28T19:20:29.127711+03:00,_1,a4260c51b19c,Steliou Kyriakidi,,4
2026-07-28T16:15:50Z,2026-07-28T19:20:29.127711+03:00,_2,f5f94ff22484,Agias Filaxeos,E110,0
2026-07-28T16:15:50Z,2026-07-28T19:20:29.127711+03:00,_0,d6074089d8ef,Exit 24 >E127 Germasogeia / E113 Lemesos-Centre,A6,0
2026-07-28T16:15:50Z,2026-07-28T19:20:29.127711+03:00,_1,495dbc897204,Lemesos,Ypsonas,2
2026-07-28T16:15:50Z,2026-07-28T19:20:29.127711+03:00,_2,a79c40fcd60a,Ypsonas,"to A6 > Pafos, Pafos Airport",0
2026-07-28T16:25:55Z,2026-07-28T19:30:33.824362+03:00,_0,920305ee9a1e,E147 - Archiepiskopou Makariou III Ave,Agias Filaxeos,0
2026-07-28T16:25:55Z,2026-07-28T19:30:33.824362+03:00,_1,a4260c51b19c,Steliou Kyriakidi,,4
2026-07-28T16:25:55Z,2026-07-28T19:30:33.824362+03:00,_2,f5f94ff22484,Agias Filaxeos,E110,0
2026-07-28T16:25:55Z,2026-07-28T19:30:33.824362+03:00,_0,d6074089d8ef,Exit 24 >E127 Germasogeia / E113 Lemesos-Centre,A6,0
2026-07-28T16:25:55Z,2026-07-28T19:30:33.824362+03:00,_1,495dbc897204,Lemesos,Ypsonas,3
2026-07-28T16:25:55Z,2026-07-28T19:30:33.824362+03:00,_2,a79c40fcd60a,Ypsonas,"to A6 > Pafos, Pafos Airport",0
2026-07-28T17:07:28Z,2026-07-28T20:12:07.432175+03:00,_0,fe72ea2b224f,Exit 4 >E148 Latsia / GSP Stadium,Lemesou Ave,0
2026-07-28T17:07:28Z,2026-07-28T20:12:07.432175+03:00,_1,1c3025f6d361,Strovolos,Lemesou Ave,4
2026-07-28T17:07:28Z,2026-07-28T20:12:07.432175+03:00,_2,7792802c8552,Exit 1 > E116 Athalassis Ave.,Archiepiskopou Makariou III Ave,0
2026-07-28T17:07:28Z,2026-07-28T20:12:07.432175+03:00,_0,d0dc64f54734,,Lemesou Ave,0
2026-07-28T17:07:28Z,2026-07-28T20:12:07.432175+03:00,_1,1c3025f6d361,Strovolos,Lemesou Ave,4
2026-07-28T17:07:28Z,2026-07-28T20:12:07.432175+03:00,_2,cc8badd45da4,Exit 1 > E116 Athalassis Ave.,Evagorou Ave,0
2026-07-28T17:17:56Z,2026-07-28T20:22:35.501666+03:00,_0,a89f632a8881,Strovolos,Lemesou Ave,0
2026-07-28T17:17:56Z,2026-07-28T20:22:35.501666+03:00,_1,64039a076bda,Strovolos,Lemesou Ave,3
2026-07-28T17:17:56Z,2026-07-28T20:22:35.501666+03:00,_2,7792802c8552,Aglantzia,Archiepiskopou Makariou III Ave,0
2026-07-28T17:17:56Z,2026-07-28T20:22:35.501666+03:00,_0,23e9d057024d,,Lemesou Ave,0
2026-07-28T17:17:56Z,2026-07-28T20:22:35.501666+03:00,_1,64039a076bda,Strovolos,Lemesou Ave,3
2026-07-28T17:17:56Z,2026-07-28T20:22:35.501666+03:00,_2,a4082cd3b8e8,Aglantzia,E1302 - Nikis Ave,0
2026-07-28T17:17:56Z,2026-07-28T20:22:35.501666+03:00,_3,910016111853,B18 - Georgiou Griva Digeni Ave,B18 - Georgiou Griva Digeni Ave,4
2026-07-28T17:17:56Z,2026-07-28T20:22:35.501666+03:00,_4,bbf67e32aa17,B18 - Georgiou Griva Digeni Ave,Evagorou Ave,0
2026-07-28T17:28:01Z,2026-07-28T20:32:40.072737+03:00,_0,fe72ea2b224f,Exit 4 >E148 Latsia / GSP Stadium,Lemesou Ave,0
2026-07-28T17:28:01Z,2026-07-28T20:32:40.072737+03:00,_1,1c3025f6d361,Strovolos,Lemesou Ave,3
2026-07-28T17:28:01Z,2026-07-28T20:32:40.072737+03:00,_2,7792802c8552,Exit 1 > E116 Athalassis Ave.,Archiepiskopou Makariou III Ave,0
2026-07-28T17:28:01Z,2026-07-28T20:32:40.072737+03:00,_0,d0dc64f54734,,Lemesou Ave,0
2026-07-28T17:28:01Z,2026-07-28T20:32:40.072737+03:00,_1,1c3025f6d361,Strovolos,Lemesou Ave,3
2026-07-28T17:28:01Z,2026-07-28T20:32:40.072737+03:00,_2,cc8badd45da4,Exit 1 > E116 Athalassis Ave.,Evagorou Ave,0
2026-07-28T16:36:01Z,2026-07-28T19:40:41.148057+03:00,_0,d6074089d8ef,Exit 24 >E127 Germasogeia / E113 Lemesos-Centre,A6,0
2026-07-28T16:36:01Z,2026-07-28T19:40:41.148057+03:00,_1,495dbc897204,Lemesos,Ypsonas,3
2026-07-28T16:36:01Z,2026-07-28T19:40:41.148057+03:00,_2,a79c40fcd60a,Ypsonas,"to A6 > Pafos, Pafos Airport",0
2026-07-28T16:46:06Z,2026-07-28T19:50:45.464350+03:00,_0,d6074089d8ef,Exit 24 >E127 Germasogeia / E113 Lemesos-Centre,A6,0
2026-07-28T16:46:06Z,2026-07-28T19:50:45.464350+03:00,_1,495dbc897204,Lemesos,Ypsonas,2
2026-07-28T16:46:06Z,2026-07-28T19:50:45.464350+03:00,_2,a79c40fcd60a,Ypsonas,"to A6 > Pafos, Pafos Airport",0
2026-07-28T17:06:19Z,2026-07-28T20:10:57.629106+03:00,_0,fe72ea2b224f,Strovolos,Lemesou Ave,0
2026-07-28T17:06:19Z,2026-07-28T20:10:57.629106+03:00,_1,1c3025f6d361,Strovolos,Lemesou Ave,4
2026-07-28T17:06:19Z,2026-07-28T20:10:57.629106+03:00,_2,7792802c8552,Aglantzia,Archiepiskopou Makariou III Ave,0
2026-07-28T17:06:19Z,2026-07-28T20:10:57.629106+03:00,_0,d0dc64f54734,,Lemesou Ave,0
2026-07-28T17:06:19Z,2026-07-28T20:10:57.629106+03:00,_1,1c3025f6d361,Strovolos,Lemesou Ave,4
2026-07-28T17:06:19Z,2026-07-28T20:10:57.629106+03:00,_2,cc8badd45da4,Aglantzia,Evagorou Ave,0
2026-07-28T17:38:08Z,2026-07-28T20:42:47.381579+03:00,_0,a89f632a8881,Strovolos,Lemesou Ave,0
2026-07-28T17:38:08Z,2026-07-28T20:42:47.381579+03:00,_1,64039a076bda,Strovolos,Lemesou Ave,3
2026-07-28T17:38:08Z,2026-07-28T20:42:47.381579+03:00,_2,7792802c8552,Aglantzia,Archiepiskopou Makariou III Ave,0
2026-07-28T17:38:08Z,2026-07-28T20:42:47.381579+03:00,_0,23e9d057024d,,Lemesou Ave,0
2026-07-28T17:38:08Z,2026-07-28T20:42:47.381579+03:00,_1,64039a076bda,Strovolos,Lemesou Ave,3
2026-07-28T17:38:08Z,2026-07-28T20:42:47.381579+03:00,_2,cc8badd45da4,Aglantzia,Evagorou Ave,0
2026-07-28T17:58:16Z,2026-07-28T21:02:55.131995+03:00,_0,88a9b7c2c271,,Pera Chorio,0
2026-07-28T17:58:16Z,2026-07-28T21:02:55.131995+03:00,_1,ece4ac0318cb,Pera Chorio,Pera Chorio,3
2026-07-28T17:58:16Z,2026-07-28T21:02:55.131995+03:00,_2,2dd2a13a0a55,Nisou,Evagorou Ave,0
2026-07-28T18:08:23Z,2026-07-28T21:13:01.715983+03:00,_0,88a9b7c2c271,,Pera Chorio,0
2026-07-28T18:08:23Z,2026-07-28T21:13:01.715983+03:00,_1,ece4ac0318cb,Pera Chorio,Pera Chorio,3
2026-07-28T18:08:23Z,2026-07-28T21:13:01.715983+03:00,_2,15760d4993ce,Nisou,B18 - Digeni Akrita Ave,0
2026-07-28T18:08:23Z,2026-07-28T21:13:01.715983+03:00,_3,aabab5b0e87d,Archiepiskopou Makariou III Ave,B18 - Georgiou Griva Digeni Ave,3
2026-07-28T18:08:23Z,2026-07-28T21:13:01.715983+03:00,_4,e1beab30434a,Archiepiskopou Makariou III Ave,Evagorou Ave,0
2026-07-28T18:18:51Z,2026-07-28T21:23:29.565296+03:00,_0,88a9b7c2c271,,Pera Chorio,0
2026-07-28T18:18:51Z,2026-07-28T21:23:29.565296+03:00,_1,ece4ac0318cb,Pera Chorio,Pera Chorio,4
2026-07-28T18:18:51Z,2026-07-28T21:23:29.565296+03:00,_2,2dd2a13a0a55,Nisou,Evagorou Ave,0
2026-07-28T18:28:55Z,2026-07-28T21:33:33.834052+03:00,_0,88a9b7c2c271,,Pera Chorio,0
2026-07-28T18:28:55Z,2026-07-28T21:33:33.834052+03:00,_1,ece4ac0318cb,Pera Chorio,Pera Chorio,4
2026-07-28T18:28:55Z,2026-07-28T21:33:33.834052+03:00,_2,2dd2a13a0a55,Nisou,Evagorou Ave,0
2026-07-28T18:39:02Z,2026-07-28T21:43:42.184861+03:00,_0,88a9b7c2c271,,Pera Chorio,0
2026-07-28T18:39:02Z,2026-07-28T21:43:42.184861+03:00,_1,ece4ac0318cb,Pera Chorio,Pera Chorio,4
2026-07-28T18:39:02Z,2026-07-28T21:43:42.184861+03:00,_2,2dd2a13a0a55,Nisou,Evagorou Ave,0
2026-07-28T18:49:07Z,2026-07-28T21:53:46.589950+03:00,_0,88a9b7c2c271,Pafos,Pera Chorio,0
2026-07-28T18:49:07Z,2026-07-28T21:53:46.589950+03:00,_1,ece4ac0318cb,to A1 > Lefkosia,Pera Chorio,4
2026-07-28T18:49:07Z,2026-07-28T21:53:46.589950+03:00,_2,2dd2a13a0a55,Exit 7 >E102(B1) Nisou / Kotsiatis,B19 - Omirou Ave,0
2026-07-28T18:59:12Z,2026-07-28T22:03:50.521630+03:00,_0,88a9b7c2c271,,Pera Chorio,0
2026-07-28T18:59:12Z,2026-07-28T22:03:50.521630+03:00,_1,ece4ac0318cb,Pera Chorio,Pera Chorio,3
2026-07-28T18:59:12Z,2026-07-28T22:03:50.521630+03:00,_2,2dd2a13a0a55,Nisou,Evagorou Ave,0
2026-07-28T19:09:17Z,2026-07-28T22:13:56.390142+03:00,_0,88a9b7c2c271,,Pera Chorio,0
2026-07-28T19:09:17Z,2026-07-28T22:13:56.390142+03:00,_1,ece4ac0318cb,Pera Chorio,Pera Chorio,2
2026-07-28T19:09:17Z,2026-07-28T22:13:56.390142+03:00,_2,2dd2a13a0a55,Nisou,Evagorou Ave,0
2026-07-28T19:29:24Z,2026-07-28T22:34:03.444749+03:00,_0,c75f4551c6ff,,Ypsonas,0
2026-07-28T19:29:24Z,2026-07-28T22:34:03.444749+03:00,_1,d8890b378e3a,Ypsonas,Kato Polemidia,1
2026-07-28T19:29:24Z,2026-07-28T22:34:03.444749+03:00,_2,f5d50c55fac8,Kato Polemidia,Pera Chorio,0
2026-07-28T19:29:24Z,2026-07-28T22:34:03.444749+03:00,_3,ece4ac0318cb,Pera Chorio,Pera Chorio,1
2026-07-28T19:29:24Z,2026-07-28T22:34:03.444749+03:00,_4,2dd2a13a0a55,Nisou,Evagorou Ave,0
2026-07-28T19:29:24Z,2026-07-28T22:34:03.444749+03:00,_0,93ebb3fbad08,Episkopi,Ypsonas,0
2026-07-28T19:29:24Z,2026-07-28T22:34:03.444749+03:00,_1,d8890b378e3a,Ypsonas,Kato Polemidia,1
2026-07-28T19:29:24Z,2026-07-28T22:34:03.444749+03:00,_2,aa6f5d8956e7,Kato Polemidia,Germasogeia,0
2026-07-28T22:29:17Z,2026-07-29T01:33:56.780612+03:00,_0,543dd67c0e60,,B18 - Digeni Akrita Ave,0
2026-07-28T22:29:17Z,2026-07-29T01:33:56.780612+03:00,_1,aabab5b0e87d,Archiepiskopou Makariou III Ave,B18 - Georgiou Griva Digeni Ave,3
2026-07-28T22:29:17Z,2026-07-29T01:33:56.780612+03:00,_2,e1beab30434a,Archiepiskopou Makariou III Ave,Evagorou Ave,0
2026-07-29T03:30:46Z,2026-07-29T06:35:25.451563+03:00,_0,9a5aec5a135f,E147 - Archiepiskopou Makariou III Ave,E110 - Eleftherias,0
2026-07-29T03:30:46Z,2026-07-29T06:35:25.451563+03:00,_1,db98c9d0a2e0,E110 - 1 Apriliou,E110 - 1 Apriliou,3
2026-07-29T03:30:46Z,2026-07-29T06:35:25.451563+03:00,_2,c97b954fcb12,E110 - 1 Apriliou,E110,0
2026-07-29T03:41:14Z,2026-07-29T06:45:53.001530+03:00,_0,fe72ea2b224f,Strovolos,Lemesou Ave,0
2026-07-29T03:41:14Z,2026-07-29T06:45:53.001530+03:00,_1,1c3025f6d361,Strovolos,Lemesou Ave,3
2026-07-29T03:41:14Z,2026-07-29T06:45:53.001530+03:00,_2,7792802c8552,Aglantzia,Archiepiskopou Makariou III Ave,0
2026-07-29T03:41:14Z,2026-07-29T06:45:53.001530+03:00,_0,d0dc64f54734,,Lemesou Ave,0
2026-07-29T03:41:14Z,2026-07-29T06:45:53.001530+03:00,_1,1c3025f6d361,Strovolos,Lemesou Ave,3
2026-07-29T03:41:14Z,2026-07-29T06:45:53.001530+03:00,_2,cc8badd45da4,Aglantzia,Evagorou Ave,0
2026-07-29T03:51:42Z,2026-07-29T06:56:21.772202+03:00,_0,9637c1cd3244,Strovolos,Strovolos,0
2026-07-29T03:51:42Z,2026-07-29T06:56:21.772202+03:00,_1,d1bd4cd56cd8,Strovolos,Lemesou Ave,3
2026-07-29T03:51:42Z,2026-07-29T06:56:21.772202+03:00,_2,7792802c8552,Aglantzia,Archiepiskopou Makariou III Ave,0
2026-07-29T03:51:42Z,2026-07-29T06:56:21.772202+03:00,_0,d65da8c02cc2,Kosta Misiaouli,Strovolou Ave,0
2026-07-29T03:51:42Z,2026-07-29T06:56:21.772202+03:00,_1,3b7eac825bbe,Strovolou Ave,Strovolou Ave,3
2026-07-29T03:51:42Z,2026-07-29T06:56:21.772202+03:00,_2,b7d9dc03982a,Strovolou Ave,E902 - Proedrikou Megarou Ave,0
2026-07-29T03:51:42Z,2026-07-29T06:56:21.772202+03:00,_0,cb3af67cb06c,,Kato Polemidia,0
2026-07-29T03:51:42Z,2026-07-29T06:56:21.772202+03:00,_1,c1b4363fadaa,Lemesos,Lemesos,1
2026-07-29T03:51:42Z,2026-07-29T06:56:21.772202+03:00,_2,c0f5f96358d2,Lemesos,Lemesou Ave,0
2026-07-29T03:51:42Z,2026-07-29T06:56:21.772202+03:00,_3,d1bd4cd56cd8,Strovolos,Lemesou Ave,3
2026-07-29T03:51:42Z,2026-07-29T06:56:21.772202+03:00,_4,cc8badd45da4,Aglantzia,Evagorou Ave,0
2026-07-29T03:51:42Z,2026-07-29T06:56:21.772202+03:00,_0,9b57a1fd19bb,Episkopi,Kato Polemidia,0
2026-07-29T03:51:42Z,2026-07-29T06:56:21.772202+03:00,_1,c1b4363fadaa,Lemesos,Lemesos,1
2026-07-29T03:51:42Z,2026-07-29T06:56:21.772202+03:00,_2,e7aa3fa7d4d2,Lemesos,Germasogeia,0
2026-07-29T04:02:14Z,2026-07-29T07:06:53.225427+03:00,_0,fe72ea2b224f,Strovolos,Lemesou Ave,0
2026-07-29T04:02:14Z,2026-07-29T07:06:53.225427+03:00,_1,1c3025f6d361,Strovolos,Lemesou Ave,3
2026-07-29T04:02:14Z,2026-07-29T07:06:53.225427+03:00,_2,7792802c8552,Aglantzia,Archiepiskopou Makariou III Ave,0
2026-07-29T04:02:14Z,2026-07-29T07:06:53.225427+03:00,_0,1c6d6d3eb37e,Leoforos Strovolou,Strovolou Ave,0
2026-07-29T04:02:14Z,2026-07-29T07:06:53.225427+03:00,_1,83ec6d1f609f,Strovolou Ave,Strovolou Ave,2
2026-07-29T04:02:14Z,2026-07-29T07:06:53.225427+03:00,_2,b4e66db7c6bf,Strovolou Ave,E902 - Proedrikou Megarou Ave,0
2026-07-29T04:02:14Z,2026-07-29T07:06:53.225427+03:00,_0,248866f2f861,E110 - Eleftherias,Agiou Artemiou,0
2026-07-29T04:02:14Z,2026-07-29T07:06:53.225427+03:00,_1,e713c7488bdd,Agias Filaxeos,E147 - Archiepiskopou Makariou III Ave,3
2026-07-29T04:02:14Z,2026-07-29T07:06:53.225427+03:00,_0,cb3af67cb06c,,Kato Polemidia,0
2026-07-29T04:02:14Z,2026-07-29T07:06:53.225427+03:00,_1,af6f8ae344a6,Lemesos,Lemesos,1
2026-07-29T04:02:14Z,2026-07-29T07:06:53.225427+03:00,_2,ef8c874a82c0,Lemesos,Lemesou Ave,0
2026-07-29T04:02:14Z,2026-07-29T07:06:53.225427+03:00,_3,1c3025f6d361,Strovolos,Lemesou Ave,3
2026-07-29T04:02:14Z,2026-07-29T07:06:53.225427+03:00,_4,cc8badd45da4,Aglantzia,Evagorou Ave,0
2026-07-29T04:02:14Z,2026-07-29T07:06:53.225427+03:00,_0,9b57a1fd19bb,Episkopi,Kato Polemidia,0
2026-07-29T04:02:14Z,2026-07-29T07:06:53.225427+03:00,_1,af6f8ae344a6,Lemesos,Lemesos,1
2026-07-29T04:02:14Z,2026-07-29T07:06:53.225427+03:00,_2,4cc85bcdea4b,Lemesos,Germasogeia,0
2026-07-29T04:12:43Z,2026-07-29T07:17:22.456886+03:00,_0,fe72ea2b224f,Strovolos,Lemesou Ave,0
2026-07-29T04:12:43Z,2026-07-29T07:17:22.456886+03:00,_1,1c3025f6d361,Strovolos,Lemesou Ave,3
2026-07-29T04:12:43Z,2026-07-29T07:17:22.456886+03:00,_2,7792802c8552,Aglantzia,Archiepiskopou Makariou III Ave,0
2026-07-29T04:12:43Z,2026-07-29T07:17:22.456886+03:00,_0,89f89d338df5,Leoforos Strovolou,Strovolou Ave,0
2026-07-29T04:12:43Z,2026-07-29T07:17:22.456886+03:00,_1,1c02e40f3134,Strovolou Ave,Strovolou Ave,2
2026-07-29T04:12:43Z,2026-07-29T07:17:22.456886+03:00,_2,b7d9dc03982a,Strovolou Ave,E902 - Proedrikou Megarou Ave,0
2026-07-29T04:12:43Z,2026-07-29T07:17:22.456886+03:00,_0,d0dc64f54734,,Lemesou Ave,0
2026-07-29T04:12:43Z,2026-07-29T07:17:22.456886+03:00,_1,1c3025f6d361,Strovolos,Lemesou Ave,3
2026-07-29T04:12:43Z,2026-07-29T07:17:22.456886+03:00,_2,cc8badd45da4,Aglantzia,Evagorou Ave,0
2026-07-29T04:23:12Z,2026-07-29T07:27:53.184750+03:00,_0,9637c1cd3244,Strovolos,Strovolos,0
2026-07-29T04:23:12Z,2026-07-29T07:27:53.184750+03:00,_1,d1bd4cd56cd8,Strovolos,Lemesou Ave,3
2026-07-29T04:23:12Z,2026-07-29T07:27:53.184750+03:00,_2,c6e235d3222a,Aglantzia,Archiepiskopou Makariou III Ave,0
2026-07-29T04:23:12Z,2026-07-29T07:27:53.184750+03:00,_3,394713f228bd,Lemesou Ave,Lemesou Ave,3
2026-07-29T04:23:12Z,2026-07-29T07:27:53.184750+03:00,_0,89f89d338df5,Leoforos Strovolou,Strovolou Ave,0
2026-07-29T04:23:12Z,2026-07-29T07:27:53.184750+03:00,_1,1c02e40f3134,Strovolou Ave,Strovolou Ave,2
2026-07-29T04:23:12Z,2026-07-29T07:27:53.184750+03:00,_2,b7d9dc03982a,Strovolou Ave,E902 - Proedrikou Megarou Ave,0
2026-07-29T04:23:12Z,2026-07-29T07:27:53.184750+03:00,_0,1561bafaf811,,Lemesou Ave,0
2026-07-29T04:23:12Z,2026-07-29T07:27:53.184750+03:00,_1,d1bd4cd56cd8,Strovolos,Lemesou Ave,3
2026-07-29T04:23:12Z,2026-07-29T07:27:53.184750+03:00,_2,c6e235d3222a,Aglantzia,Archiepiskopou Makariou III Ave,0
2026-07-29T04:23:12Z,2026-07-29T07:27:53.184750+03:00,_3,6efde239cabf,Lemesou Ave,Archiepiskopou Makariou III Ave,3
2026-07-29T04:23:12Z,2026-07-29T07:27:53.184750+03:00,_4,8fab7dfc83f0,Lemesou Ave,Evagorou Ave,0
2026-07-29T04:33:45Z,2026-07-29T07:38:24.388891+03:00,_0,d7fa998be72c,Strovolos,Strovolos,0
2026-07-29T04:33:45Z,2026-07-29T07:38:24.388891+03:00,_1,56258ee4f147,Strovolos,Lemesou Ave,4
2026-07-29T04:33:45Z,2026-07-29T07:38:24.388891+03:00,_2,7c50b274239b,Aglantzia,E164 - Armenias,0
2026-07-29T04:33:45Z,2026-07-29T07:38:24.388891+03:00,_3,c57daf65c80e,Lemesou Ave,Archiepiskopou Makariou III Ave,2
2026-07-29T04:33:45Z,2026-07-29T07:38:24.388891+03:00,_0,72b03ff9b5bc,E110 - Eleftherias,E110 - Agias Fylaxeos,0
2026-07-29T04:33:45Z,2026-07-29T07:38:24.388891+03:00,_1,e50ca2ecb1e0,E110 - 1 Apriliou,,3
2026-07-29T04:33:45Z,2026-07-29T07:38:24.388891+03:00,_2,c8792afe581d,E110 - Agias Fylaxeos,Agias Filaxeos,0
2026-07-29T04:33:45Z,2026-07-29T07:38:24.388891+03:00,_0,1c6d6d3eb37e,Leoforos Strovolou,Strovolou Ave,0
2026-07-29T04:33:45Z,2026-07-29T07:38:24.388891+03:00,_1,0660334d11dc,Strovolou Ave,Strovolou Ave,3
2026-07-29T04:33:45Z,2026-07-29T07:38:24.388891+03:00,_2,b7d9dc03982a,Strovolou Ave,E902 - Proedrikou Megarou Ave,0
2026-07-29T04:33:45Z,2026-07-29T07:38:24.388891+03:00,_0,37e913d03e44,,Strovolos,0
2026-07-29T04:33:45Z,2026-07-29T07:38:24.388891+03:00,_1,56258ee4f147,Strovolos,Lemesou Ave,4
2026-07-29T04:33:45Z,2026-07-29T07:38:24.388891+03:00,_2,7c50b274239b,Aglantzia,E164 - Armenias,0
2026-07-29T04:33:45Z,2026-07-29T07:38:24.388891+03:00,_3,43f05193c4b0,Lemesou Ave,Archiepiskopou Makariou III Ave,2
2026-07-29T04:33:45Z,2026-07-29T07:38:24.388891+03:00,_4,8fab7dfc83f0,Lemesou Ave,Evagorou Ave,0
2026-07-29T04:44:14Z,2026-07-29T07:48:53.564103+03:00,_0,4e76d1a3fa55,Strovolos,Strovolos,0
2026-07-29T04:44:14Z,2026-07-29T07:48:53.564103+03:00,_1,347fb184acdc,Strovolos,Lemesou Ave,4
2026-07-29T04:44:14Z,2026-07-29T07:48:53.564103+03:00,_2,7792802c8552,Aglantzia,Archiepiskopou Makariou III Ave,0
2026-07-29T04:44:14Z,2026-07-29T07:48:53.564103+03:00,_0,89f89d338df5,Leoforos Strovolou,Strovolou Ave,0
2026-07-29T04:44:14Z,2026-07-29T07:48:53.564103+03:00,_1,1c02e40f3134,Strovolou Ave,Strovolou Ave,3
2026-07-29T04:44:14Z,2026-07-29T07:48:53.564103+03:00,_2,b7d9dc03982a,Strovolou Ave,E902 - Proedrikou Megarou Ave,0
2026-07-29T04:44:14Z,2026-07-29T07:48:53.564103+03:00,_0,c7cc2624ec90,E110,E110 - Agias Fylaxeos,0
2026-07-29T04:44:14Z,2026-07-29T07:48:53.564103+03:00,_1,977b92fdc886,E110 - 1 Apriliou,,3
2026-07-29T04:44:14Z,2026-07-29T07:48:53.564103+03:00,_2,c8792afe581d,E110 - Agias Fylaxeos,E147 - Archiepiskopou Makariou III Ave,0
2026-07-29T04:44:14Z,2026-07-29T07:48:53.564103+03:00,_0,e9f083b24ade,,Strovolos,0
2026-07-29T04:44:14Z,2026-07-29T07:48:53.564103+03:00,_1,347fb184acdc,Strovolos,Lemesou Ave,4
2026-07-29T04:44:14Z,2026-07-29T07:48:53.564103+03:00,_2,cc8badd45da4,Aglantzia,Evagorou Ave,0
2026-07-29T04:54:44Z,2026-07-29T07:59:23.109389+03:00,_0,4e76d1a3fa55,Strovolos,Strovolos,0
2026-07-29T04:54:44Z,2026-07-29T07:59:23.109389+03:00,_1,bb81480ce9a9,Strovolos,Lemesou Ave,4
2026-07-29T04:54:44Z,2026-07-29T07:59:23.109389+03:00,_2,f0561fa3d582,A1,Archiepiskopou Makariou III Ave,0
2026-07-29T04:54:44Z,2026-07-29T07:59:23.109389+03:00,_3,394713f228bd,Lemesou Ave,Lemesou Ave,3
2026-07-29T04:54:44Z,2026-07-29T07:59:23.109389+03:00,_0,b6285c8fd420,Leoforos Strovolou,Arch. Makariou III,0
2026-07-29T04:54:44Z,2026-07-29T07:59:23.109389+03:00,_1,7cd237968878,E902 - Archiepiskopou Makariou III,Strovolou Ave,2
2026-07-29T04:54:44Z,2026-07-29T07:59:23.109389+03:00,_2,c334b5ab11a0,Arch. Makariou III,Strovolou Ave,0
2026-07-29T04:54:44Z,2026-07-29T07:59:23.109389+03:00,_3,1c1544913564,Arch. Makariou III,Strovolou Ave,3
2026-07-29T04:54:44Z,2026-07-29T07:59:23.109389+03:00,_4,2eda30c449b3,Strovolou Ave,Strovolou Ave,0
2026-07-29T04:54:44Z,2026-07-29T07:59:23.109389+03:00,_5,58d093eca1cd,Strovolou Ave,Strovolou Ave,3
2026-07-29T04:54:44Z,2026-07-29T07:59:23.109389+03:00,_6,8092274653ac,Strovolou Ave,Strovolou Ave,0
2026-07-29T04:54:44Z,2026-07-29T07:59:23.109389+03:00,_7,d839b076b4bf,Strovolou Ave,Strovolou Ave,3
2026-07-29T04:54:44Z,2026-07-29T07:59:23.109389+03:00,_8,92d65c298345,Strovolou Ave,E902 - Proedrikou Megarou Ave,0
2026-07-29T04:54:44Z,2026-07-29T07:59:23.109389+03:00,_0,3d0e4e0e5abe,E110,E110 - Agias Fylaxeos,0
2026-07-29T04:54:44Z,2026-07-29T07:59:23.109389+03:00,_1,6dfd3f581d41,E110 - 1 Apriliou,,3
2026-07-29T04:54:44Z,2026-07-29T07:59:23.109389+03:00,_2,94bd22476a9c,E110 - Agias Fylaxeos,E147 - Archiepiskopou Makariou III Ave,0
2026-07-29T04:54:44Z,2026-07-29T07:59:23.109389+03:00,_3,88697bca4b53,Agias Filaxeos,E147 - Archiepiskopou Makariou III Ave,3
2026-07-29T04:54:44Z,2026-07-29T07:59:23.109389+03:00,_0,e9f083b24ade,,Strovolos,0
2026-07-29T04:54:44Z,2026-07-29T07:59:23.109389+03:00,_1,bb81480ce9a9,Strovolos,Lemesou Ave,4
2026-07-29T04:54:44Z,2026-07-29T07:59:23.109389+03:00,_2,f0561fa3d582,A1,Archiepiskopou Makariou III Ave,0
2026-07-29T04:54:44Z,2026-07-29T07:59:23.109389+03:00,_3,6efde239cabf,Lemesou Ave,Archiepiskopou Makariou III Ave,3
2026-07-29T04:54:44Z,2026-07-29T07:59:23.109389+03:00,_4,8fab7dfc83f0,Lemesou Ave,Evagorou Ave,0
2026-07-29T05:05:15Z,2026-07-29T08:09:54.789793+03:00,_0,d7fa998be72c,Strovolos,Strovolos,0
2026-07-29T05:05:15Z,2026-07-29T08:09:54.789793+03:00,_1,56258ee4f147,Strovolos,Lemesou Ave,4
2026-07-29T05:05:15Z,2026-07-29T08:09:54.789793+03:00,_2,c6e235d3222a,Aglantzia,Archiepiskopou Makariou III Ave,0
2026-07-29T05:05:15Z,2026-07-29T08:09:54.789793+03:00,_3,394713f228bd,Lemesou Ave,Lemesou Ave,3
2026-07-29T05:05:15Z,2026-07-29T08:09:54.789793+03:00,_0,5ce13c64e3c1,Leoforos Strovolou,Strovolou Ave,0
2026-07-29T05:05:15Z,2026-07-29T08:09:54.789793+03:00,_1,9fc8278a9766,Arch. Makariou III,Strovolou Ave,3
2026-07-29T05:05:15Z,2026-07-29T08:09:54.789793+03:00,_2,918f76734588,Strovolou Ave,Strovolou Ave,0
2026-07-29T05:05:15Z,2026-07-29T08:09:54.789793+03:00,_3,3d2102da1e55,Strovolou Ave,E902 - Proedrikou Megarou Ave,3
2026-07-29T05:05:15Z,2026-07-29T08:09:54.789793+03:00,_4,c6ac6530f2b9,Strovolou Ave,E902 - Proedrikou Megarou Ave,0
2026-07-29T05:05:15Z,2026-07-29T08:09:54.789793+03:00,_0,4d68a52b113f,E110,E110 - Agias Fylaxeos,0
2026-07-29T05:05:15Z,2026-07-29T08:09:54.789793+03:00,_1,aca665ff55ec,E110 - 1 Apriliou,,3
2026-07-29T05:05:15Z,2026-07-29T08:09:54.789793+03:00,_2,73c10e640ed1,E110 - Agias Fylaxeos,E147 - Archiepiskopou Makariou III Ave,0
2026-07-29T05:05:15Z,2026-07-29T08:09:54.789793+03:00,_3,d8f7f12caaf2,Agias Filaxeos,Apostolon Petrou kai Pavlou,4
2026-07-29T05:05:15Z,2026-07-29T08:09:54.789793+03:00,_4,0e24a111cecd,Agias Filaxeos,Agias Filaxeos,0
2026-07-29T05:05:15Z,2026-07-29T08:09:54.789793+03:00,_5,e713c7488bdd,Apostolon Petrou kai Pavlou,E147 - Archiepiskopou Makariou III Ave,4
2026-07-29T05:05:15Z,2026-07-29T08:09:54.789793+03:00,_0,9a5aec5a135f,E147 - Archiepiskopou Makariou III Ave,E110 - Eleftherias,0
2026-07-29T05:05:15Z,2026-07-29T08:09:54.789793+03:00,_1,db98c9d0a2e0,E110 - 1 Apriliou,E110 - 1 Apriliou,3
2026-07-29T05:05:15Z,2026-07-29T08:09:54.789793+03:00,_2,c97b954fcb12,E110 - 1 Apriliou,E110,0
2026-07-29T05:05:15Z,2026-07-29T08:09:54.789793+03:00,_0,e7f960841113,Episkopi,A1,0
2026-07-29T05:05:15Z,2026-07-29T08:09:54.789793+03:00,_1,51a87f29a8d7,A6,Lemesos,2
2026-07-29T05:05:15Z,2026-07-29T08:09:54.789793+03:00,_2,4cc85bcdea4b,Lemesos,Germasogeia,0
2026-07-29T05:05:15Z,2026-07-29T08:09:54.789793+03:00,_0,c8e7debbf12c,,Anarita,0
2026-07-29T05:05:15Z,2026-07-29T08:09:54.789793+03:00,_1,fbda706ba320,Anarita,Anarita,4
2026-07-29T05:05:15Z,2026-07-29T08:09:54.789793+03:00,_2,3cff9f83d878,Agia Varvara (Pafos),A1,0
2026-07-29T05:05:15Z,2026-07-29T08:09:54.789793+03:00,_3,51a87f29a8d7,A6,Lemesos,2
2026-07-29T05:05:15Z,2026-07-29T08:09:54.789793+03:00,_4,3a2463aa3801,Lemesos,Strovolos,0
2026-07-29T05:05:15Z,2026-07-29T08:09:54.789793+03:00,_5,56258ee4f147,Strovolos,Lemesou Ave,4
2026-07-29T05:05:15Z,2026-07-29T08:09:54.789793+03:00,_6,c6e235d3222a,Aglantzia,Archiepiskopou Makariou III Ave,0
2026-07-29T05:05:15Z,2026-07-29T08:09:54.789793+03:00,_7,6efde239cabf,Lemesou Ave,Archiepiskopou Makariou III Ave,3
2026-07-29T05:05:15Z,2026-07-29T08:09:54.789793+03:00,_8,8fab7dfc83f0,Lemesou Ave,Evagorou Ave,0
2026-07-29T05:15:45Z,2026-07-29T08:20:24.538320+03:00,_0,d7fa998be72c,Strovolos,Strovolos,0
2026-07-29T05:15:45Z,2026-07-29T08:20:24.538320+03:00,_1,56258ee4f147,Strovolos,Lemesou Ave,4
2026-07-29T05:15:45Z,2026-07-29T08:20:24.538320+03:00,_2,2eeb7481ceda,Aglantzia,E164 - Armenias,0
2026-07-29T05:15:45Z,2026-07-29T08:20:24.538320+03:00,_3,8b530b355b26,Lemesou Ave,Archiepiskopou Makariou III Ave,3
2026-07-29T05:15:45Z,2026-07-29T08:20:24.538320+03:00,_0,5ce13c64e3c1,Leoforos Strovolou,Strovolou Ave,0
2026-07-29T05:15:45Z,2026-07-29T08:20:24.538320+03:00,_1,9fc8278a9766,Arch. Makariou III,Strovolou Ave,3
2026-07-29T05:15:45Z,2026-07-29T08:20:24.538320+03:00,_2,918f76734588,Strovolou Ave,Strovolou Ave,0
2026-07-29T05:15:45Z,2026-07-29T08:20:24.538320+03:00,_3,32a901f5b5e2,Strovolou Ave,E902 - Proedrikou Megarou Ave,3
2026-07-29T05:15:45Z,2026-07-29T08:20:24.538320+03:00,_4,8c8b5efc93bd,Strovolou Ave,E902 - Proedrikou Megarou Ave,0
2026-07-29T05:15:45Z,2026-07-29T08:20:24.538320+03:00,_0,3d0e4e0e5abe,E110,E110 - Agias Fylaxeos,0
2026-07-29T05:15:45Z,2026-07-29T08:20:24.538320+03:00,_1,6dfd3f581d41,E110 - 1 Apriliou,,3
2026-07-29T05:15:45Z,2026-07-29T08:20:24.538320+03:00,_2,2e9ffee5c9c5,E110 - Agias Fylaxeos,E147 - Archiepiskopou Makariou III Ave,0
2026-07-29T05:15:45Z,2026-07-29T08:20:24.538320+03:00,_3,0047479cf4c6,Agias Filaxeos,E147 - Archiepiskopou Makariou III Ave,3
2026-07-29T05:15:45Z,2026-07-29T08:20:24.538320+03:00,_0,920305ee9a1e,E147 - Archiepiskopou Makariou III Ave,Agias Filaxeos,0
2026-07-29T05:15:45Z,2026-07-29T08:20:24.538320+03:00,_1,a4260c51b19c,Steliou Kyriakidi,,4
2026-07-29T05:15:45Z,2026-07-29T08:20:24.538320+03:00,_2,f5f94ff22484,Agias Filaxeos,E110,0
2026-07-29T05:15:45Z,2026-07-29T08:20:24.538320+03:00,_0,e7f960841113,Episkopi,A1,0
2026-07-29T05:15:45Z,2026-07-29T08:20:24.538320+03:00,_1,51a87f29a8d7,A6,Lemesos,2
2026-07-29T05:15:45Z,2026-07-29T08:20:24.538320+03:00,_2,4cc85bcdea4b,Lemesos,Germasogeia,0
2026-07-29T05:15:45Z,2026-07-29T08:20:24.538320+03:00,_0,cf0d166c0008,,A1,0
2026-07-29T05:15:45Z,2026-07-29T08:20:24.538320+03:00,_1,51a87f29a8d7,A6,Lemesos,2
2026-07-29T05:15:45Z,2026-07-29T08:20:24.538320+03:00,_2,3a2463aa3801,Lemesos,Strovolos,0
2026-07-29T05:15:45Z,2026-07-29T08:20:24.538320+03:00,_3,56258ee4f147,Strovolos,Lemesou Ave,4
2026-07-29T05:15:45Z,2026-07-29T08:20:24.538320+03:00,_4,2eeb7481ceda,Aglantzia,E164 - Armenias,0
2026-07-29T05:15:45Z,2026-07-29T08:20:24.538320+03:00,_5,3dec49aff703,Lemesou Ave,Archiepiskopou Makariou III Ave,3
2026-07-29T05:15:45Z,2026-07-29T08:20:24.538320+03:00,_6,c2a4baaefb06,Lemesou Ave,Archiepiskopou Makariou III Ave,0
2026-07-29T05:15:45Z,2026-07-29T08:20:24.538320+03:00,_7,b66f0bbf2823,Archiepiskopou Makariou III Ave,B18 - Georgiou Griva Digeni Ave,3
2026-07-29T05:15:45Z,2026-07-29T08:20:24.538320+03:00,_8,7c1a88e2db2c,Archiepiskopou Makariou III Ave,E1302 - Nikis Ave,0
2026-07-29T05:15:45Z,2026-07-29T08:20:24.538320+03:00,_9,910016111853,B18 - Georgiou Griva Digeni Ave,E165 - Themistokli Dervi,4
2026-07-29T05:15:45Z,2026-07-29T08:20:24.538320+03:00,_10,bbf67e32aa17,B18 - Georgiou Griva Digeni Ave,Evagorou Ave,0
2026-07-29T05:26:15Z,2026-07-29T08:30:54.572729+03:00,_0,d7fa998be72c,Strovolos,Strovolos,0
2026-07-29T05:26:15Z,2026-07-29T08:30:54.572729+03:00,_1,56258ee4f147,Strovolos,Lemesou Ave,3
2026-07-29T05:26:15Z,2026-07-29T08:30:54.572729+03:00,_2,2eeb7481ceda,Aglantzia,E164 - Armenias,0
2026-07-29T05:26:15Z,2026-07-29T08:30:54.572729+03:00,_3,8b530b355b26,Lemesou Ave,Archiepiskopou Makariou III Ave,3
2026-07-29T05:26:15Z,2026-07-29T08:30:54.572729+03:00,_0,89f89d338df5,Leoforos Strovolou,Omirou,0
2026-07-29T05:26:15Z,2026-07-29T08:30:54.572729+03:00,_1,9e83f7d4684e,Strovolou Ave,E902 - Proedrikou Megarou Ave,3
2026-07-29T05:26:15Z,2026-07-29T08:30:54.572729+03:00,_2,8c8b5efc93bd,Strovolou Ave,E902 - Proedrikou Megarou Ave,0
2026-07-29T05:26:15Z,2026-07-29T08:30:54.572729+03:00,_0,c7cc2624ec90,E110,E110 - Agias Fylaxeos,0
2026-07-29T05:26:15Z,2026-07-29T08:30:54.572729+03:00,_1,ee59d0c74402,E110 - 1 Apriliou,E110 - Agias Fylaxeos,3
2026-07-29T05:26:15Z,2026-07-29T08:30:54.572729+03:00,_2,e50ca2ecb1e0,E110 - 1 Apriliou,,4
2026-07-29T05:26:15Z,2026-07-29T08:30:54.572729+03:00,_3,bbe9f6312861,E110 - Agias Fylaxeos,Agias Filaxeos,0
2026-07-29T05:26:15Z,2026-07-29T08:30:54.572729+03:00,_4,b0dfb377a4d5,Agias Filaxeos,Agias Filaxeos,3
2026-07-29T05:26:15Z,2026-07-29T08:30:54.572729+03:00,_5,03a91c0bbe98,Agias Filaxeos,Agiou Artemiou,0
2026-07-29T05:26:15Z,2026-07-29T08:30:54.572729+03:00,_6,676c339d8b55,Agias Filaxeos,E147 - Archiepiskopou Makariou III Ave,4
2026-07-29T05:26:15Z,2026-07-29T08:30:54.572729+03:00,_0,920305ee9a1e,E147 - Archiepiskopou Makariou III Ave,Agias Filaxeos,0
2026-07-29T05:26:15Z,2026-07-29T08:30:54.572729+03:00,_1,a4260c51b19c,Steliou Kyriakidi,,4
2026-07-29T05:26:15Z,2026-07-29T08:30:54.572729+03:00,_2,f5f94ff22484,Agias Filaxeos,E110,0
2026-07-29T05:26:15Z,2026-07-29T08:30:54.572729+03:00,_0,0ad2cc0d654b,Episkopi,A1,0
2026-07-29T05:26:15Z,2026-07-29T08:30:54.572729+03:00,_1,6ad9b0176d85,Kato Polemidia,A1,3
2026-07-29T05:26:15Z,2026-07-29T08:30:54.572729+03:00,_2,51a87f29a8d7,A6,Lemesos,1
2026-07-29T05:26:15Z,2026-07-29T08:30:54.572729+03:00,_3,4cc85bcdea4b,Lemesos,Germasogeia,0
2026-07-29T05:26:15Z,2026-07-29T08:30:54.572729+03:00,_0,e51d07f99c0a,,A1,0
2026-07-29T05:26:15Z,2026-07-29T08:30:54.572729+03:00,_1,6ad9b0176d85,Kato Polemidia,A1,3
2026-07-29T05:26:15Z,2026-07-29T08:30:54.572729+03:00,_2,51a87f29a8d7,A6,Lemesos,1
2026-07-29T05:26:15Z,2026-07-29T08:30:54.572729+03:00,_3,3a2463aa3801,Lemesos,Strovolos,0
2026-07-29T05:26:15Z,2026-07-29T08:30:54.572729+03:00,_4,56258ee4f147,Strovolos,Lemesou Ave,3
2026-07-29T05:26:15Z,2026-07-29T08:30:54.572729+03:00,_5,2eeb7481ceda,Aglantzia,E164 - Armenias,0
2026-07-29T05:26:15Z,2026-07-29T08:30:54.572729+03:00,_6,3dec49aff703,Lemesou Ave,Archiepiskopou Makariou III Ave,3
2026-07-29T05:26:15Z,2026-07-29T08:30:54.572729+03:00,_7,bd22ecc10d1b,Lemesou Ave,Archiepiskopou Makariou III Ave,0
2026-07-29T05:26:15Z,2026-07-29T08:30:54.572729+03:00,_8,798c594a6669,Archiepiskopou Makariou III Ave,B18 - Georgiou Griva Digeni Ave,3
2026-07-29T05:26:15Z,2026-07-29T08:30:54.572729+03:00,_9,e1beab30434a,Archiepiskopou Makariou III Ave,Evagorou Ave,0
2026-07-29T05:36:47Z,2026-07-29T08:41:26.706534+03:00,_0,d7fa998be72c,Strovolos,Strovolos,0
2026-07-29T05:36:47Z,2026-07-29T08:41:26.706534+03:00,_1,56258ee4f147,Strovolos,Lemesou Ave,4
2026-07-29T05:36:47Z,2026-07-29T08:41:26.706534+03:00,_2,c6e235d3222a,Aglantzia,Archiepiskopou Makariou III Ave,0
2026-07-29T05:36:47Z,2026-07-29T08:41:26.706534+03:00,_3,394713f228bd,Lemesou Ave,Lemesou Ave,4
2026-07-29T05:36:47Z,2026-07-29T08:41:26.706534+03:00,_0,24f6df74a9e2,E110,E110 - Agias Fylaxeos,0
2026-07-29T05:36:47Z,2026-07-29T08:41:26.706534+03:00,_1,248eea38a837,E110 - 1 Apriliou,,3
2026-07-29T05:36:47Z,2026-07-29T08:41:26.706534+03:00,_2,94bd22476a9c,E110 - Agias Fylaxeos,E147 - Archiepiskopou Makariou III Ave,0
2026-07-29T05:36:47Z,2026-07-29T08:41:26.706534+03:00,_3,88697bca4b53,Agias Filaxeos,E147 - Archiepiskopou Makariou III Ave,4
2026-07-29T05:36:47Z,2026-07-29T08:41:26.706534+03:00,_0,dcee744a0ced,E147 - Archiepiskopou Makariou III Ave,Vasileos Georgiou II,0
2026-07-29T05:36:47Z,2026-07-29T08:41:26.706534+03:00,_1,b10135d64867,Agias Filaxeos,Agias Filaxeos,4
2026-07-29T05:36:47Z,2026-07-29T08:41:26.706534+03:00,_2,3c822276d5cc,Agias Filaxeos,Agias Filaxeos,0
2026-07-29T05:36:47Z,2026-07-29T08:41:26.706534+03:00,_3,a4260c51b19c,Steliou Kyriakidi,,4
2026-07-29T05:36:47Z,2026-07-29T08:41:26.706534+03:00,_4,f5f94ff22484,Agias Filaxeos,E110,0
2026-07-29T05:36:47Z,2026-07-29T08:41:26.706534+03:00,_0,1c6d6d3eb37e,Leoforos Strovolou,Omirou,0
2026-07-29T05:36:47Z,2026-07-29T08:41:26.706534+03:00,_1,17b3fede191c,Strovolou Ave,E902 - Proedrikou Megarou Ave,3
2026-07-29T05:36:47Z,2026-07-29T08:41:26.706534+03:00,_2,c6ac6530f2b9,Strovolou Ave,E902 - Proedrikou Megarou Ave,0
2026-07-29T05:36:47Z,2026-07-29T08:41:26.706534+03:00,_0,f885a0fb098a,Episkopi,Kato Polemidia,0
2026-07-29T05:36:47Z,2026-07-29T08:41:26.706534+03:00,_1,c99a2a503a5c,Kato Polemidia,A1,3
2026-07-29T05:36:47Z,2026-07-29T08:41:26.706534+03:00,_2,94f005d1ed34,A6,Germasogeia,0
2026-07-29T05:36:47Z,2026-07-29T08:41:26.706534+03:00,_0,a3a211317758,,Kato Polemidia,0
2026-07-29T05:36:47Z,2026-07-29T08:41:26.706534+03:00,_1,c99a2a503a5c,Kato Polemidia,A1,3
2026-07-29T05:36:47Z,2026-07-29T08:41:26.706534+03:00,_2,ebdc8b840553,A6,Strovolos,0
2026-07-29T05:36:47Z,2026-07-29T08:41:26.706534+03:00,_3,56258ee4f147,Strovolos,Lemesou Ave,4
2026-07-29T05:36:47Z,2026-07-29T08:41:26.706534+03:00,_4,c6e235d3222a,Aglantzia,Archiepiskopou Makariou III Ave,0
2026-07-29T05:36:47Z,2026-07-29T08:41:26.706534+03:00,_5,6efde239cabf,Lemesou Ave,Archiepiskopou Makariou III Ave,4
2026-07-29T05:36:47Z,2026-07-29T08:41:26.706534+03:00,_6,5b037bbaa992,Lemesou Ave,Archiepiskopou Makariou III Ave,0
2026-07-29T05:36:47Z,2026-07-29T08:41:26.706534+03:00,_7,91f4f4624f42,Archiepiskopou Makariou III Ave,B18 - Georgiou Griva Digeni Ave,3
2026-07-29T05:36:47Z,2026-07-29T08:41:26.706534+03:00,_8,7c1a88e2db2c,Archiepiskopou Makariou III Ave,E1302 - Nikis Ave,0
2026-07-29T05:36:47Z,2026-07-29T08:41:26.706534+03:00,_9,910016111853,B18 - Georgiou Griva Digeni Ave,B18 - Georgiou Griva Digeni Ave,4
2026-07-29T05:36:47Z,2026-07-29T08:41:26.706534+03:00,_10,bbf67e32aa17,B18 - Georgiou Griva Digeni Ave,Evagorou Ave,0
2026-07-29T05:36:47Z,2026-07-29T08:41:26.706534+03:00,_0,68ba8c9365ac,Germasogeia,Germasogeia,0
2026-07-29T05:36:47Z,2026-07-29T08:41:26.706534+03:00,_1,ce32023c9f0b,Germasogeia,Germasogeia,1
2026-07-29T05:36:47Z,2026-07-29T08:41:26.706534+03:00,_2,3e1d75b9e16e,Agios Athanasios,Episkopi,0
2026-07-29T05:47:17Z,2026-07-29T08:52:07.524351+03:00,_0,d7fa998be72c,Strovolos,Strovolos,0
2026-07-29T05:47:17Z,2026-07-29T08:52:07.524351+03:00,_1,56258ee4f147,Strovolos,Lemesou Ave,4
2026-07-29T05:47:17Z,2026-07-29T08:52:07.524351+03:00,_2,c6e235d3222a,Aglantzia,Archiepiskopou Makariou III Ave,0
2026-07-29T05:47:17Z,2026-07-29T08:52:07.524351+03:00,_3,394713f228bd,Lemesou Ave,Lemesou Ave,4
2026-07-29T05:47:17Z,2026-07-29T08:52:07.524351+03:00,_0,c7cc2624ec90,E110,E110 - Agias Fylaxeos,0
2026-07-29T05:47:17Z,2026-07-29T08:52:07.524351+03:00,_1,ee59d0c74402,E110 - 1 Apriliou,E110 - Agias Fylaxeos,4
2026-07-29T05:47:17Z,2026-07-29T08:52:07.524351+03:00,_2,e50ca2ecb1e0,E110 - 1 Apriliou,,3
2026-07-29T05:47:17Z,2026-07-29T08:52:07.524351+03:00,_3,bacad6c047c7,E110 - Agias Fylaxeos,Agias Filaxeos,0
2026-07-29T05:47:17Z,2026-07-29T08:52:07.524351+03:00,_4,cf5339266aa8,Agias Filaxeos,E147 - Archiepiskopou Makariou III Ave,3
2026-07-29T05:47:17Z,2026-07-29T08:52:07.524351+03:00,_0,e785a34e8cbd,E147 - Archiepiskopou Makariou III Ave,Agias Filaxeos,0
2026-07-29T05:47:17Z,2026-07-29T08:52:07.524351+03:00,_1,a3a2fe07dd87,Agias Filaxeos,Agias Filaxeos,3
2026-07-29T05:47:17Z,2026-07-29T08:52:07.524351+03:00,_2,51d9285fca15,Agias Filaxeos,E110,0
2026-07-29T05:47:17Z,2026-07-29T08:52:07.524351+03:00,_0,1c6d6d3eb37e,Leoforos Strovolou,Omirou,0
2026-07-29T05:47:17Z,2026-07-29T08:52:07.524351+03:00,_1,e547950b5d5e,Strovolou Ave,E902 - Proedrikou Megarou Ave,3
2026-07-29T05:47:17Z,2026-07-29T08:52:07.524351+03:00,_2,96c3ee6a9698,Strovolou Ave,E902 - Proedrikou Megarou Ave,0
2026-07-29T05:47:17Z,2026-07-29T08:52:07.524351+03:00,_0,12584efa288c,Episkopi,Ypsonas,0
2026-07-29T05:47:17Z,2026-07-29T08:52:07.524351+03:00,_1,4253853f3d46,Ypsonas,A1,2
2026-07-29T05:47:17Z,2026-07-29T08:52:07.524351+03:00,_2,ae3a9bb54763,A6,Lemesos,1
2026-07-29T05:47:17Z,2026-07-29T08:52:07.524351+03:00,_3,d73a04fc5195,Mesa Geitonia,Germasogeia,0
2026-07-29T05:47:17Z,2026-07-29T08:52:07.524351+03:00,_0,8f4656a3b06e,,Ypsonas,0
2026-07-29T05:47:17Z,2026-07-29T08:52:07.524351+03:00,_1,4253853f3d46,Ypsonas,A1,2
2026-07-29T05:47:17Z,2026-07-29T08:52:07.524351+03:00,_2,ae3a9bb54763,A6,Lemesos,1
2026-07-29T05:47:17Z,2026-07-29T08:52:07.524351+03:00,_3,fa250bca0f31,Mesa Geitonia,Strovolos,0
2026-07-29T05:47:17Z,2026-07-29T08:52:07.524351+03:00,_4,56258ee4f147,Strovolos,Lemesou Ave,4
2026-07-29T05:47:17Z,2026-07-29T08:52:07.524351+03:00,_5,c6e235d3222a,Aglantzia,Archiepiskopou Makariou III Ave,0
2026-07-29T05:47:17Z,2026-07-29T08:52:07.524351+03:00,_6,6efde239cabf,Lemesou Ave,Archiepiskopou Makariou III Ave,4
2026-07-29T05:47:17Z,2026-07-29T08:52:07.524351+03:00,_7,585aa61a46fa,Lemesou Ave,B18 - Digeni Akrita Ave,0
2026-07-29T05:47:17Z,2026-07-29T08:52:07.524351+03:00,_8,055237d5336a,Archiepiskopou Makariou III Ave,B18 - Georgiou Griva Digeni Ave,3
2026-07-29T05:47:17Z,2026-07-29T08:52:07.524351+03:00,_9,7c1a88e2db2c,Archiepiskopou Makariou III Ave,E1302 - Nikis Ave,0
2026-07-29T05:47:17Z,2026-07-29T08:52:07.524351+03:00,_10,910016111853,B18 - Georgiou Griva Digeni Ave,B18 - Georgiou Griva Digeni Ave,4
2026-07-29T05:47:17Z,2026-07-29T08:52:07.524351+03:00,_11,bbf67e32aa17,B18 - Georgiou Griva Digeni Ave,Evagorou Ave,0
2026-07-29T05:57:58Z,2026-07-29T09:02:37.243251+03:00,_0,d7fa998be72c,Strovolos,Strovolos,0
2026-07-29T05:57:58Z,2026-07-29T09:02:37.243251+03:00,_1,56258ee4f147,Strovolos,Lemesou Ave,4
2026-07-29T05:57:58Z,2026-07-29T09:02:37.243251+03:00,_2,c6e235d3222a,Aglantzia,Archiepiskopou Makariou III Ave,0
2026-07-29T05:57:58Z,2026-07-29T09:02:37.243251+03:00,_3,394713f228bd,Lemesou Ave,Lemesou Ave,3
2026-07-29T05:57:58Z,2026-07-29T09:02:37.243251+03:00,_0,5571d2934d78,E110,E110 - Agias Fylaxeos,0
2026-07-29T05:57:58Z,2026-07-29T09:02:37.243251+03:00,_1,0067285e4956,E110 - 1 Apriliou,E110 - Agias Fylaxeos,3
2026-07-29T05:57:58Z,2026-07-29T09:02:37.243251+03:00,_2,e50ca2ecb1e0,E110 - 1 Apriliou,,4
2026-07-29T05:57:58Z,2026-07-29T09:02:37.243251+03:00,_3,94bd22476a9c,E110 - Agias Fylaxeos,E147 - Archiepiskopou Makariou III Ave,0
2026-07-29T05:57:58Z,2026-07-29T09:02:37.243251+03:00,_4,88697bca4b53,Agias Filaxeos,E147 - Archiepiskopou Makariou III Ave,4
2026-07-29T05:57:58Z,2026-07-29T09:02:37.243251+03:00,_0,89f89d338df5,Leoforos Strovolou,Perikleous,0
2026-07-29T05:57:58Z,2026-07-29T09:02:37.243251+03:00,_1,b54de865a9d0,Strovolou Ave,E902 - Proedrikou Megarou Ave,3
2026-07-29T05:57:58Z,2026-07-29T09:02:37.243251+03:00,_2,96c3ee6a9698,Strovolou Ave,E902 - Proedrikou Megarou Ave,0
2026-07-29T05:57:58Z,2026-07-29T09:02:37.243251+03:00,_0,12584efa288c,Episkopi,Ypsonas,0
2026-07-29T05:57:58Z,2026-07-29T09:02:37.243251+03:00,_1,1008abf33e26,Ypsonas,Lemesos,1
2026-07-29T05:57:58Z,2026-07-29T09:02:37.243251+03:00,_2,d73a04fc5195,Mesa Geitonia,Germasogeia,0
2026-07-29T05:57:58Z,2026-07-29T09:02:37.243251+03:00,_0,8f4656a3b06e,,Ypsonas,0
2026-07-29T05:57:58Z,2026-07-29T09:02:37.243251+03:00,_1,1008abf33e26,Ypsonas,Lemesos,1
2026-07-29T05:57:58Z,2026-07-29T09:02:37.243251+03:00,_2,fa250bca0f31,Mesa Geitonia,Strovolos,0
2026-07-29T05:57:58Z,2026-07-29T09:02:37.243251+03:00,_3,56258ee4f147,Strovolos,Lemesou Ave,4
2026-07-29T05:57:58Z,2026-07-29T09:02:37.243251+03:00,_4,c6e235d3222a,Aglantzia,Archiepiskopou Makariou III Ave,0
2026-07-29T05:57:58Z,2026-07-29T09:02:37.243251+03:00,_5,6efde239cabf,Lemesou Ave,Archiepiskopou Makariou III Ave,3
2026-07-29T05:57:58Z,2026-07-29T09:02:37.243251+03:00,_6,8fab7dfc83f0,Lemesou Ave,Evagorou Ave,0
2026-07-29T05:57:58Z,2026-07-29T09:02:37.243251+03:00,_0,68ba8c9365ac,Exit 24 >E127 Germasogeia / E113 Lemesos-Centre,Germasogeia,0
2026-07-29T05:57:58Z,2026-07-29T09:02:37.243251+03:00,_1,ce32023c9f0b,Germasogeia,Germasogeia,1
2026-07-29T05:57:58Z,2026-07-29T09:02:37.243251+03:00,_2,3e1d75b9e16e,Agios Athanasios,"to A6 > Pafos, Pafos Airport",0
2026-07-29T06:08:30Z,2026-07-29T09:13:09.299232+03:00,_0,d7fa998be72c,Strovolos,Strovolos,0
2026-07-29T06:08:30Z,2026-07-29T09:13:09.299232+03:00,_1,56258ee4f147,Strovolos,Lemesou Ave,3
2026-07-29T06:08:30Z,2026-07-29T09:13:09.299232+03:00,_2,2eeb7481ceda,Aglantzia,E164 - Armenias,0
2026-07-29T06:08:30Z,2026-07-29T09:13:09.299232+03:00,_3,8b530b355b26,Lemesou Ave,Archiepiskopou Makariou III Ave,3
2026-07-29T06:08:30Z,2026-07-29T09:13:09.299232+03:00,_0,c7cc2624ec90,E110,E110 - Agias Fylaxeos,0
2026-07-29T06:08:30Z,2026-07-29T09:13:09.299232+03:00,_1,977b92fdc886,E110 - 1 Apriliou,,4
2026-07-29T06:08:30Z,2026-07-29T09:13:09.299232+03:00,_2,73c10e640ed1,E110 - Agias Fylaxeos,E147 - Archiepiskopou Makariou III Ave,0
2026-07-29T06:08:30Z,2026-07-29T09:13:09.299232+03:00,_3,676c339d8b55,Agias Filaxeos,E147 - Archiepiskopou Makariou III Ave,4
2026-07-29T06:08:30Z,2026-07-29T09:13:09.299232+03:00,_0,920305ee9a1e,E147 - Archiepiskopou Makariou III Ave,Agias Filaxeos,0
2026-07-29T06:08:30Z,2026-07-29T09:13:09.299232+03:00,_1,a4260c51b19c,Steliou Kyriakidi,,4
2026-07-29T06:08:30Z,2026-07-29T09:13:09.299232+03:00,_2,8a9fef0765eb,Agias Filaxeos,E110 - Eleftherias,0
2026-07-29T06:08:30Z,2026-07-29T09:13:09.299232+03:00,_3,db98c9d0a2e0,E110 - 1 Apriliou,E110 - 1 Apriliou,3
2026-07-29T06:08:30Z,2026-07-29T09:13:09.299232+03:00,_4,c97b954fcb12,E110 - 1 Apriliou,E110,0
2026-07-29T06:08:30Z,2026-07-29T09:13:09.299232+03:00,_0,89f89d338df5,Leoforos Strovolou,Omirou,0
2026-07-29T06:08:30Z,2026-07-29T09:13:09.299232+03:00,_1,a5bc6fbada86,Strovolou Ave,E902 - Proedrikou Megarou Ave,3
2026-07-29T06:08:30Z,2026-07-29T09:13:09.299232+03:00,_2,c6ac6530f2b9,Strovolou Ave,E902 - Proedrikou Megarou Ave,0
2026-07-29T06:08:30Z,2026-07-29T09:13:09.299232+03:00,_0,cf0d166c0008,,A1,0
2026-07-29T06:08:30Z,2026-07-29T09:13:09.299232+03:00,_1,ae3a9bb54763,A6,Lemesos,1
2026-07-29T06:08:30Z,2026-07-29T09:13:09.299232+03:00,_2,fa250bca0f31,Mesa Geitonia,Strovolos,0
2026-07-29T06:08:30Z,2026-07-29T09:13:09.299232+03:00,_3,56258ee4f147,Strovolos,Lemesou Ave,3
2026-07-29T06:08:30Z,2026-07-29T09:13:09.299232+03:00,_4,2eeb7481ceda,Aglantzia,E164 - Armenias,0
2026-07-29T06:08:30Z,2026-07-29T09:13:09.299232+03:00,_5,3dec49aff703,Lemesou Ave,Archiepiskopou Makariou III Ave,3
2026-07-29T06:08:30Z,2026-07-29T09:13:09.299232+03:00,_6,f80acc7b0a51,Lemesou Ave,E1302 - Nikis Ave,0
2026-07-29T06:08:30Z,2026-07-29T09:13:09.299232+03:00,_7,4cadbb7e2669,Archiepiskopou Makariou III Ave,E1302 - Nikis Ave,2
2026-07-29T06:08:30Z,2026-07-29T09:13:09.299232+03:00,_8,53725b50c7e6,B18 - Georgiou Griva Digeni Ave,Evagorou Ave,0
2026-07-29T06:08:30Z,2026-07-29T09:13:09.299232+03:00,_0,e7f960841113,Episkopi,A1,0
2026-07-29T06:08:30Z,2026-07-29T09:13:09.299232+03:00,_1,ae3a9bb54763,A6,Lemesos,1
2026-07-29T06:08:30Z,2026-07-29T09:13:09.299232+03:00,_2,d73a04fc5195,Mesa Geitonia,Germasogeia,0
2026-07-29T06:08:30Z,2026-07-29T09:13:09.299232+03:00,_0,68ba8c9365ac,Exit 24 >E127 Germasogeia / E113 Lemesos-Centre,Germasogeia,0
2026-07-29T06:08:30Z,2026-07-29T09:13:09.299232+03:00,_1,ce32023c9f0b,Germasogeia,Germasogeia,1
2026-07-29T06:08:30Z,2026-07-29T09:13:09.299232+03:00,_2,3e1d75b9e16e,Agios Athanasios,"to A6 > Pafos, Pafos Airport",0
2026-07-29T08:53:08Z,2026-07-29T11:57:47.231985+03:00,_0,69fc3b9dbbdd,Strovolos,Archiepiskopou Makariou III Ave,0
2026-07-29T08:53:08Z,2026-07-29T11:57:47.231985+03:00,_1,c57daf65c80e,Lemesou Ave,Archiepiskopou Makariou III Ave,2
2026-07-29T08:53:08Z,2026-07-29T11:57:47.231985+03:00,_0,320e7f883c81,E110,E147 - Archiepiskopou Makariou III Ave,0
2026-07-29T08:53:08Z,2026-07-29T11:57:47.231985+03:00,_1,d80004862f7f,Agias Filaxeos,E147 - Archiepiskopou Makariou III Ave,3
2026-07-29T08:53:08Z,2026-07-29T11:57:47.231985+03:00,_0,daca33dbcb0d,,Archiepiskopou Makariou III Ave,0
2026-07-29T08:53:08Z,2026-07-29T11:57:47.231985+03:00,_1,43f05193c4b0,Lemesou Ave,Archiepiskopou Makariou III Ave,2
2026-07-29T08:53:08Z,2026-07-29T11:57:47.231985+03:00,_2,8fab7dfc83f0,Lemesou Ave,Evagorou Ave,0
2026-07-29T09:03:13Z,2026-07-29T12:07:56.493406+03:00,_0,920305ee9a1e,E147 - Archiepiskopou Makariou III Ave,Agias Filaxeos,0
2026-07-29T09:03:13Z,2026-07-29T12:07:56.493406+03:00,_1,a4260c51b19c,Steliou Kyriakidi,,3
2026-07-29T09:03:13Z,2026-07-29T12:07:56.493406+03:00,_2,f5f94ff22484,Agias Filaxeos,E110,0
2026-07-29T09:03:13Z,2026-07-29T12:07:56.493406+03:00,_0,8fbca12857bb,E110,E147 - Archiepiskopou Makariou III Ave,0
2026-07-29T09:03:13Z,2026-07-29T12:07:56.493406+03:00,_1,7d91212c9f28,Agiou Artemiou,E147 - Archiepiskopou Makariou III Ave,2
2026-07-29T09:13:47Z,2026-07-29T12:18:26.865171+03:00,_0,920305ee9a1e,E147 - Archiepiskopou Makariou III Ave,Agias Filaxeos,0
2026-07-29T09:13:47Z,2026-07-29T12:18:26.865171+03:00,_1,a4260c51b19c,Steliou Kyriakidi,,3
2026-07-29T09:13:47Z,2026-07-29T12:18:26.865171+03:00,_2,f5f94ff22484,Agias Filaxeos,E110,0
2026-07-29T09:23:54Z,2026-07-29T12:28:33.082524+03:00,_0,15ae2e1d5817,E147 - Archiepiskopou Makariou III Ave,Agias Filaxeos,0
2026-07-29T09:23:54Z,2026-07-29T12:28:33.082524+03:00,_1,e0103df7d76d,Agias Filaxeos,Agias Filaxeos,3
2026-07-29T09:23:54Z,2026-07-29T12:28:33.082524+03:00,_2,bbd3d4041441,Agias Filaxeos,Agias Filaxeos,0
2026-07-29T09:23:54Z,2026-07-29T12:28:33.082524+03:00,_3,a4260c51b19c,Steliou Kyriakidi,,3
2026-07-29T09:23:54Z,2026-07-29T12:28:33.082524+03:00,_4,f5f94ff22484,Agias Filaxeos,E110,0
2026-07-29T09:33:58Z,2026-07-29T12:38:37.613148+03:00,_0,920305ee9a1e,E147 - Archiepiskopou Makariou III Ave,Agias Filaxeos,0
2026-07-29T09:33:58Z,2026-07-29T12:38:37.613148+03:00,_1,a4260c51b19c,Steliou Kyriakidi,,4
2026-07-29T09:33:58Z,2026-07-29T12:38:37.613148+03:00,_2,f5f94ff22484,Agias Filaxeos,E110,0
2026-07-29T09:33:58Z,2026-07-29T12:38:37.613148+03:00,_0,acb430b8e822,Strovolos,Archiepiskopou Makariou III Ave,0
2026-07-29T09:33:58Z,2026-07-29T12:38:37.613148+03:00,_1,394713f228bd,Lemesou Ave,Lemesou Ave,3
2026-07-29T09:33:58Z,2026-07-29T12:38:37.613148+03:00,_0,9047fb30c8db,E110,E147 - Archiepiskopou Makariou III Ave,0
2026-07-29T09:33:58Z,2026-07-29T12:38:37.613148+03:00,_1,535964c57235,Apostolon Petrou kai Pavlou,E147 - Archiepiskopou Makariou III Ave,3
2026-07-29T09:33:58Z,2026-07-29T12:38:37.613148+03:00,_0,6311136a7b90,,Archiepiskopou Makariou III Ave,0
2026-07-29T09:33:58Z,2026-07-29T12:38:37.613148+03:00,_1,6efde239cabf,Lemesou Ave,Archiepiskopou Makariou III Ave,3
2026-07-29T09:33:58Z,2026-07-29T12:38:37.613148+03:00,_2,8fab7dfc83f0,Lemesou Ave,Evagorou Ave,0
2026-07-29T09:44:03Z,2026-07-29T12:48:42.803800+03:00,_0,fe72ea2b224f,Strovolos,Lemesou Ave,0
2026-07-29T09:44:03Z,2026-07-29T12:48:42.803800+03:00,_1,1c3025f6d361,Strovolos,Lemesou Ave,4
2026-07-29T09:44:03Z,2026-07-29T12:48:42.803800+03:00,_2,c6e235d3222a,Aglantzia,Archiepiskopou Makariou III Ave,0
2026-07-29T09:44:03Z,2026-07-29T12:48:42.803800+03:00,_3,394713f228bd,Lemesou Ave,Lemesou Ave,2
2026-07-29T09:44:03Z,2026-07-29T12:48:42.803800+03:00,_0,920305ee9a1e,E147 - Archiepiskopou Makariou III Ave,Agias Filaxeos,0
2026-07-29T09:44:03Z,2026-07-29T12:48:42.803800+03:00,_1,a4260c51b19c,Steliou Kyriakidi,,3
2026-07-29T09:44:03Z,2026-07-29T12:48:42.803800+03:00,_2,f5f94ff22484,Agias Filaxeos,E110,0
2026-07-29T09:44:03Z,2026-07-29T12:48:42.803800+03:00,_0,d0dc64f54734,,Lemesou Ave,0
2026-07-29T09:44:03Z,2026-07-29T12:48:42.803800+03:00,_1,1c3025f6d361,Strovolos,Lemesou Ave,4
2026-07-29T09:44:03Z,2026-07-29T12:48:42.803800+03:00,_2,c6e235d3222a,Aglantzia,Archiepiskopou Makariou III Ave,0
2026-07-29T09:44:03Z,2026-07-29T12:48:42.803800+03:00,_3,6efde239cabf,Lemesou Ave,Archiepiskopou Makariou III Ave,2
2026-07-29T09:44:03Z,2026-07-29T12:48:42.803800+03:00,_4,8fab7dfc83f0,Lemesou Ave,Evagorou Ave,0
2026-07-29T09:54:10Z,2026-07-29T12:58:49.559767+03:00,_0,a89f632a8881,Strovolos,Lemesou Ave,0
2026-07-29T09:54:10Z,2026-07-29T12:58:49.559767+03:00,_1,64039a076bda,Strovolos,Lemesou Ave,4
2026-07-29T09:54:10Z,2026-07-29T12:58:49.559767+03:00,_2,7c50b274239b,Aglantzia,E164 - Armenias,0
2026-07-29T09:54:10Z,2026-07-29T12:58:49.559767+03:00,_3,c57daf65c80e,Lemesou Ave,Archiepiskopou Makariou III Ave,2
2026-07-29T09:54:10Z,2026-07-29T12:58:49.559767+03:00,_0,9e81f5db7a01,E147 - Archiepiskopou Makariou III Ave,Agias Filaxeos,3
2026-07-29T09:54:10Z,2026-07-29T12:58:49.559767+03:00,_1,db8981d3bf8f,E147 - Archiepiskopou Makariou III Ave,E110,0
2026-07-29T09:54:10Z,2026-07-29T12:58:49.559767+03:00,_0,98b5261b31f5,E110,E147 - Archiepiskopou Makariou III Ave,0
2026-07-29T09:54:10Z,2026-07-29T12:58:49.559767+03:00,_1,676c339d8b55,Agias Filaxeos,E147 - Archiepiskopou Makariou III Ave,2
2026-07-29T09:54:10Z,2026-07-29T12:58:49.559767+03:00,_0,23e9d057024d,,Lemesou Ave,0
2026-07-29T09:54:10Z,2026-07-29T12:58:49.559767+03:00,_1,64039a076bda,Strovolos,Lemesou Ave,4
2026-07-29T09:54:10Z,2026-07-29T12:58:49.559767+03:00,_2,7c50b274239b,Aglantzia,E164 - Armenias,0
2026-07-29T09:54:10Z,2026-07-29T12:58:49.559767+03:00,_3,43f05193c4b0,Lemesou Ave,Archiepiskopou Makariou III Ave,2
2026-07-29T09:54:10Z,2026-07-29T12:58:49.559767+03:00,_4,8fab7dfc83f0,Lemesou Ave,Evagorou Ave,0
2026-07-29T10:04:15Z,2026-07-29T13:08:54.638267+03:00,_0,a89f632a8881,Strovolos,Lemesou Ave,0
2026-07-29T10:04:15Z,2026-07-29T13:08:54.638267+03:00,_1,64039a076bda,Strovolos,Lemesou Ave,3
2026-07-29T10:04:15Z,2026-07-29T13:08:54.638267+03:00,_2,3909c4aec98f,Aglantzia,Lemesou Ave,0
2026-07-29T10:04:15Z,2026-07-29T13:08:54.638267+03:00,_3,fedb3d094e5d,A1,Lemesou Ave,2
2026-07-29T10:04:15Z,2026-07-29T13:08:54.638267+03:00,_4,d2028a2a4d9d,Lemesou Ave,E164 - Armenias,0
2026-07-29T10:04:15Z,2026-07-29T13:08:54.638267+03:00,_5,c57daf65c80e,Lemesou Ave,Archiepiskopou Makariou III Ave,2
2026-07-29T10:04:15Z,2026-07-29T13:08:54.638267+03:00,_0,8d2065e6031d,E147 - Archiepiskopou Makariou III Ave,Agias Filaxeos,2
2026-07-29T10:04:15Z,2026-07-29T13:08:54.638267+03:00,_1,5dc8c4918feb,Apostolon Petrou kai Pavlou,E110,0
2026-07-29T10:04:15Z,2026-07-29T13:08:54.638267+03:00,_0,23e9d057024d,,Lemesou Ave,0
2026-07-29T10:04:15Z,2026-07-29T13:08:54.638267+03:00,_1,64039a076bda,Strovolos,Lemesou Ave,3
2026-07-29T10:04:15Z,2026-07-29T13:08:54.638267+03:00,_2,3909c4aec98f,Aglantzia,Lemesou Ave,0
2026-07-29T10:04:15Z,2026-07-29T13:08:54.638267+03:00,_3,fedb3d094e5d,A1,Lemesou Ave,2
2026-07-29T10:04:15Z,2026-07-29T13:08:54.638267+03:00,_4,d2028a2a4d9d,Lemesou Ave,E164 - Armenias,0
2026-07-29T10:04:15Z,2026-07-29T13:08:54.638267+03:00,_5,43f05193c4b0,Lemesou Ave,Archiepiskopou Makariou III Ave,2
2026-07-29T10:04:15Z,2026-07-29T13:08:54.638267+03:00,_6,8fab7dfc83f0,Lemesou Ave,Evagorou Ave,0
2026-07-29T10:14:47Z,2026-07-29T13:19:26.518543+03:00,_0,db379abb1dc7,Spyrou Kyprianou Ave,Spyrou Kyprianou Ave,0
2026-07-29T10:14:47Z,2026-07-29T13:19:26.518543+03:00,_1,bb8e26f01eed,Spyrou Kyprianou Ave,Spyrou Kyprianou Ave,3
2026-07-29T10:14:47Z,2026-07-29T13:19:26.518543+03:00,_2,170ca50cf9c5,Spyrou Kyprianou Ave,Spyrou Kyprianou Ave,0
2026-07-29T10:14:47Z,2026-07-29T13:19:26.518543+03:00,_0,a89f632a8881,Strovolos,Lemesou Ave,0
2026-07-29T10:14:47Z,2026-07-29T13:19:26.518543+03:00,_1,64039a076bda,Strovolos,Lemesou Ave,2
2026-07-29T10:14:47Z,2026-07-29T13:19:26.518543+03:00,_2,3909c4aec98f,Aglantzia,Lemesou Ave,0
2026-07-29T10:14:47Z,2026-07-29T13:19:26.518543+03:00,_3,fedb3d094e5d,A1,Lemesou Ave,2
2026-07-29T10:14:47Z,2026-07-29T13:19:26.518543+03:00,_4,85b99fc6d959,A1,Archiepiskopou Makariou III Ave,0
2026-07-29T10:14:47Z,2026-07-29T13:19:26.518543+03:00,_0,23e9d057024d,,Lemesou Ave,0
2026-07-29T10:14:47Z,2026-07-29T13:19:26.518543+03:00,_1,64039a076bda,Strovolos,Lemesou Ave,2
2026-07-29T10:14:47Z,2026-07-29T13:19:26.518543+03:00,_2,3909c4aec98f,Aglantzia,Lemesou Ave,0
2026-07-29T10:14:47Z,2026-07-29T13:19:26.518543+03:00,_3,fedb3d094e5d,A1,Lemesou Ave,2
2026-07-29T10:14:47Z,2026-07-29T13:19:26.518543+03:00,_4,5e093a94ee7f,A1,B18 - Georgiou Griva Digeni Ave,0
2026-07-29T10:14:47Z,2026-07-29T13:19:26.518543+03:00,_5,77882f54bb36,B18 - Georgiou Griva Digeni Ave,E165 - Diagorou,2
2026-07-29T10:14:47Z,2026-07-29T13:19:26.518543+03:00,_6,bd60eb46198f,E165 - Themistokli Dervi,Evagorou Ave,0
2026-07-29T10:25:21Z,2026-07-29T13:30:00.421791+03:00,_0,a89f632a8881,Strovolos,Lemesou Ave,0
2026-07-29T10:25:21Z,2026-07-29T13:30:00.421791+03:00,_1,64039a076bda,Strovolos,Lemesou Ave,2
2026-07-29T10:25:21Z,2026-07-29T13:30:00.421791+03:00,_2,3909c4aec98f,Aglantzia,Lemesou Ave,0
2026-07-29T10:25:21Z,2026-07-29T13:30:00.421791+03:00,_3,fedb3d094e5d,A1,Lemesou Ave,2
2026-07-29T10:25:21Z,2026-07-29T13:30:00.421791+03:00,_4,85b99fc6d959,A1,Archiepiskopou Makariou III Ave,0
2026-07-29T10:25:21Z,2026-07-29T13:30:00.421791+03:00,_0,8fbca12857bb,E110,E147 - Archiepiskopou Makariou III Ave,0
2026-07-29T10:25:21Z,2026-07-29T13:30:00.421791+03:00,_1,97fd60761863,Agiou Artemiou,E147 - Archiepiskopou Makariou III Ave,3
2026-07-29T10:25:21Z,2026-07-29T13:30:00.421791+03:00,_0,23e9d057024d,,Lemesou Ave,0
2026-07-29T10:25:21Z,2026-07-29T13:30:00.421791+03:00,_1,64039a076bda,Strovolos,Lemesou Ave,2
2026-07-29T10:25:21Z,2026-07-29T13:30:00.421791+03:00,_2,3909c4aec98f,Aglantzia,Lemesou Ave,0
2026-07-29T10:25:21Z,2026-07-29T13:30:00.421791+03:00,_3,fedb3d094e5d,A1,Lemesou Ave,2
2026-07-29T10:25:21Z,2026-07-29T13:30:00.421791+03:00,_4,42e8917c1e04,A1,Evagorou Ave,0
2026-07-29T10:35:53Z,2026-07-29T13:40:32.165090+03:00,_0,920305ee9a1e,E147 - Archiepiskopou Makariou III Ave,Agias Filaxeos,0
2026-07-29T10:35:53Z,2026-07-29T13:40:32.165090+03:00,_1,a4260c51b19c,Steliou Kyriakidi,,3
2026-07-29T10:35:53Z,2026-07-29T13:40:32.165090+03:00,_2,f5f94ff22484,Agias Filaxeos,E110,0
2026-07-29T10:35:53Z,2026-07-29T13:40:32.165090+03:00,_0,c7636f6313c5,,E1302 - Nikis Ave,0
2026-07-29T10:35:53Z,2026-07-29T13:40:32.165090+03:00,_1,910016111853,B18 - Georgiou Griva Digeni Ave,B18 - Georgiou Griva Digeni Ave,4
2026-07-29T10:35:53Z,2026-07-29T13:40:32.165090+03:00,_2,bbf67e32aa17,B18 - Georgiou Griva Digeni Ave,Evagorou Ave,0
2026-07-29T10:46:24Z,2026-07-29T13:51:05.575172+03:00,_0,1cc902273d46,E110,E147 - Archiepiskopou Makariou III Ave,0
2026-07-29T10:46:24Z,2026-07-29T13:51:05.575172+03:00,_1,b1607c8a378f,Aristovoulou,E147 - Archiepiskopou Makariou III Ave,3
2026-07-29T11:18:01Z,2026-07-29T14:22:40.830495+03:00,_0,1903b2559960,,Archiepiskopou Makariou III Ave,0
2026-07-29T11:18:01Z,2026-07-29T14:22:40.830495+03:00,_1,660d388bb733,Lemesou Ave,Archiepiskopou Makariou III Ave,3
2026-07-29T11:18:01Z,2026-07-29T14:22:40.830495+03:00,_2,8fab7dfc83f0,Lemesou Ave,Evagorou Ave,0
2026-07-29T11:28:35Z,2026-07-29T14:33:14.852382+03:00,_0,1903b2559960,,Archiepiskopou Makariou III Ave,0
2026-07-29T11:28:35Z,2026-07-29T14:33:14.852382+03:00,_1,660d388bb733,Lemesou Ave,Archiepiskopou Makariou III Ave,2
2026-07-29T11:28:35Z,2026-07-29T14:33:14.852382+03:00,_2,8fab7dfc83f0,Lemesou Ave,Evagorou Ave,0
2026-07-29T11:51:21Z,2026-07-29T14:55:59.987156+03:00,_0,69fc3b9dbbdd,Strovolos,Archiepiskopou Makariou III Ave,0
2026-07-29T11:51:21Z,2026-07-29T14:55:59.987156+03:00,_1,c57daf65c80e,Lemesou Ave,Archiepiskopou Makariou III Ave,3
2026-07-29T11:51:21Z,2026-07-29T14:55:59.987156+03:00,_0,04bc98083c46,,Kalavasos,0
2026-07-29T11:51:21Z,2026-07-29T14:55:59.987156+03:00,_1,8d8db4a423e0,Kalavasos,Kalavasos,2
2026-07-29T11:51:21Z,2026-07-29T14:55:59.987156+03:00,_2,c2763efecfa7,Choirokoitia,Archiepiskopou Makariou III Ave,0
2026-07-29T11:51:21Z,2026-07-29T14:55:59.987156+03:00,_3,43f05193c4b0,Lemesou Ave,Archiepiskopou Makariou III Ave,3
2026-07-29T11:51:21Z,2026-07-29T14:55:59.987156+03:00,_4,8fab7dfc83f0,Lemesou Ave,Evagorou Ave,0
2026-07-29T12:01:27Z,2026-07-29T15:06:06.087247+03:00,_0,69fc3b9dbbdd,Strovolos,Archiepiskopou Makariou III Ave,0
2026-07-29T12:01:27Z,2026-07-29T15:06:06.087247+03:00,_1,c57daf65c80e,Lemesou Ave,Archiepiskopou Makariou III Ave,3
2026-07-29T12:01:27Z,2026-07-29T15:06:06.087247+03:00,_0,04bc98083c46,,Kalavasos,0
2026-07-29T12:01:27Z,2026-07-29T15:06:06.087247+03:00,_1,8d8db4a423e0,Kalavasos,Kalavasos,2
2026-07-29T12:01:27Z,2026-07-29T15:06:06.087247+03:00,_2,c2763efecfa7,Choirokoitia,Archiepiskopou Makariou III Ave,0
2026-07-29T12:01:27Z,2026-07-29T15:06:06.087247+03:00,_3,43f05193c4b0,Lemesou Ave,Archiepiskopou Makariou III Ave,3
2026-07-29T12:01:27Z,2026-07-29T15:06:06.087247+03:00,_4,8fab7dfc83f0,Lemesou Ave,Evagorou Ave,0
2026-07-29T12:01:27Z,2026-07-29T15:06:06.087247+03:00,_0,3b67fe7e75b7,Leoforos Strovolou,E902 - Proedrikou Megarou Ave,0
2026-07-29T12:01:27Z,2026-07-29T15:06:06.087247+03:00,_1,f7e3a498d80e,Strovolou Ave,E902 - Proedrikou Megarou Ave,3
2026-07-29T12:01:27Z,2026-07-29T15:06:06.087247+03:00,_2,c6ac6530f2b9,Strovolou Ave,E902 - Proedrikou Megarou Ave,0
2026-07-29T12:11:55Z,2026-07-29T15:16:34.530475+03:00,_0,04bc98083c46,,Kalavasos,0
2026-07-29T12:11:55Z,2026-07-29T15:16:34.530475+03:00,_1,8d8db4a423e0,Kalavasos,Kalavasos,3
2026-07-29T12:11:55Z,2026-07-29T15:16:34.530475+03:00,_2,454a1f0cff5b,Choirokoitia,Evagorou Ave,0
2026-07-29T12:11:55Z,2026-07-29T15:16:34.530475+03:00,_0,51516327098d,Georgiou Neofytou,Spyrou Kyprianou Ave,0
2026-07-29T12:11:55Z,2026-07-29T15:16:34.530475+03:00,_1,e3aaf5477b49,Spyrou Kyprianou Ave,Spyrou Kyprianou Ave,2
2026-07-29T12:11:55Z,2026-07-29T15:16:34.530475+03:00,_2,6ec68c86e931,Spyrou Kyprianou Ave,Agias Filaxeos,0
2026-07-29T12:22:00Z,2026-07-29T15:26:39.085373+03:00,_0,69fc3b9dbbdd,Strovolos,Archiepiskopou Makariou III Ave,0
2026-07-29T12:22:00Z,2026-07-29T15:26:39.085373+03:00,_1,c57daf65c80e,Lemesou Ave,Archiepiskopou Makariou III Ave,2
2026-07-29T12:22:00Z,2026-07-29T15:26:39.085373+03:00,_0,51516327098d,Georgiou Neofytou,Spyrou Kyprianou Ave,0
2026-07-29T12:22:00Z,2026-07-29T15:26:39.085373+03:00,_1,e3aaf5477b49,Spyrou Kyprianou Ave,Spyrou Kyprianou Ave,2
2026-07-29T12:22:00Z,2026-07-29T15:26:39.085373+03:00,_2,6ec68c86e931,Spyrou Kyprianou Ave,Agias Filaxeos,0
2026-07-29T12:22:00Z,2026-07-29T15:26:39.085373+03:00,_0,04bc98083c46,,Kalavasos,0
2026-07-29T12:22:00Z,2026-07-29T15:26:39.085373+03:00,_1,8d8db4a423e0,Kalavasos,Kalavasos,3
2026-07-29T12:22:00Z,2026-07-29T15:26:39.085373+03:00,_2,c2763efecfa7,Choirokoitia,Archiepiskopou Makariou III Ave,0
2026-07-29T12:22:00Z,2026-07-29T15:26:39.085373+03:00,_3,43f05193c4b0,Lemesou Ave,Archiepiskopou Makariou III Ave,2
2026-07-29T12:22:00Z,2026-07-29T15:26:39.085373+03:00,_4,5aa9f8d8c10c,Lemesou Ave,Archiepiskopou Makariou III Ave,0
2026-07-29T12:22:00Z,2026-07-29T15:26:39.085373+03:00,_5,e416e06b7bb8,Archiepiskopou Makariou III Ave,B18 - Georgiou Griva Digeni Ave,3
2026-07-29T12:22:00Z,2026-07-29T15:26:39.085373+03:00,_6,e1beab30434a,Archiepiskopou Makariou III Ave,Evagorou Ave,0
2026-07-29T12:32:07Z,2026-07-29T15:36:46.135591+03:00,_0,69fc3b9dbbdd,Strovolos,Archiepiskopou Makariou III Ave,0
2026-07-29T12:32:07Z,2026-07-29T15:36:46.135591+03:00,_1,e9824d0075f7,Lemesou Ave,,3
2026-07-29T12:32:07Z,2026-07-29T15:36:46.135591+03:00,_2,91353c408128,,Lemesou Ave,0
2026-07-29T12:32:07Z,2026-07-29T15:36:46.135591+03:00,_0,51516327098d,Georgiou Neofytou,Spyrou Kyprianou Ave,0
2026-07-29T12:32:07Z,2026-07-29T15:36:46.135591+03:00,_1,e3aaf5477b49,Spyrou Kyprianou Ave,Spyrou Kyprianou Ave,2
2026-07-29T12:32:07Z,2026-07-29T15:36:46.135591+03:00,_2,6ec68c86e931,Spyrou Kyprianou Ave,Agias Filaxeos,0
2026-07-29T12:32:07Z,2026-07-29T15:36:46.135591+03:00,_0,04bc98083c46,,Kalavasos,0
2026-07-29T12:32:07Z,2026-07-29T15:36:46.135591+03:00,_1,8d8db4a423e0,Kalavasos,Kalavasos,3
2026-07-29T12:32:07Z,2026-07-29T15:36:46.135591+03:00,_2,c2763efecfa7,Choirokoitia,Archiepiskopou Makariou III Ave,0
2026-07-29T12:32:07Z,2026-07-29T15:36:46.135591+03:00,_3,e9824d0075f7,Lemesou Ave,,3
2026-07-29T12:32:07Z,2026-07-29T15:36:46.135591+03:00,_4,7fb52e436bae,,B18 - Digeni Akrita Ave,0
2026-07-29T12:32:07Z,2026-07-29T15:36:46.135591+03:00,_5,aabab5b0e87d,Archiepiskopou Makariou III Ave,B18 - Georgiou Griva Digeni Ave,3
2026-07-29T12:32:07Z,2026-07-29T15:36:46.135591+03:00,_6,e1beab30434a,Archiepiskopou Makariou III Ave,Evagorou Ave,0
2026-07-29T12:42:11Z,2026-07-29T15:46:50.560056+03:00,_0,69fc3b9dbbdd,Strovolos,Archiepiskopou Makariou III Ave,0
2026-07-29T12:42:11Z,2026-07-29T15:46:50.560056+03:00,_1,e9824d0075f7,Lemesou Ave,,3
2026-07-29T12:42:11Z,2026-07-29T15:46:50.560056+03:00,_2,91353c408128,,Lemesou Ave,0
2026-07-29T12:42:11Z,2026-07-29T15:46:50.560056+03:00,_0,04bc98083c46,,Kalavasos,0
2026-07-29T12:42:11Z,2026-07-29T15:46:50.560056+03:00,_1,8d8db4a423e0,Kalavasos,Kalavasos,3
2026-07-29T12:42:11Z,2026-07-29T15:46:50.560056+03:00,_2,c2763efecfa7,Choirokoitia,Archiepiskopou Makariou III Ave,0
2026-07-29T12:42:11Z,2026-07-29T15:46:50.560056+03:00,_3,e9824d0075f7,Lemesou Ave,,3
2026-07-29T12:42:11Z,2026-07-29T15:46:50.560056+03:00,_4,a84133578e83,,Evagorou Ave,0
2026-07-29T12:52:16Z,2026-07-29T15:56:54.927975+03:00,_0,04bc98083c46,,Kalavasos,0
2026-07-29T12:52:16Z,2026-07-29T15:56:54.927975+03:00,_1,8d8db4a423e0,Kalavasos,Kalavasos,4
2026-07-29T12:52:16Z,2026-07-29T15:56:54.927975+03:00,_2,454a1f0cff5b,Choirokoitia,Evagorou Ave,0
2026-07-29T13:02:21Z,2026-07-29T16:07:00.919973+03:00,_0,acb430b8e822,Strovolos,Archiepiskopou Makariou III Ave,0
2026-07-29T13:02:21Z,2026-07-29T16:07:00.919973+03:00,_1,394713f228bd,Lemesou Ave,Lemesou Ave,3
2026-07-29T13:02:21Z,2026-07-29T16:07:00.919973+03:00,_0,920305ee9a1e,E147 - Archiepiskopou Makariou III Ave,Agias Filaxeos,0
2026-07-29T13:02:21Z,2026-07-29T16:07:00.919973+03:00,_1,a4260c51b19c,Steliou Kyriakidi,,3
2026-07-29T13:02:21Z,2026-07-29T16:07:00.919973+03:00,_2,f5f94ff22484,Agias Filaxeos,E110,0
2026-07-29T13:02:21Z,2026-07-29T16:07:00.919973+03:00,_0,04bc98083c46,,Kalavasos,0
2026-07-29T13:02:21Z,2026-07-29T16:07:00.919973+03:00,_1,8d8db4a423e0,Kalavasos,Kalavasos,4
2026-07-29T13:02:21Z,2026-07-29T16:07:00.919973+03:00,_2,4182e5f6b03c,Choirokoitia,Archiepiskopou Makariou III Ave,0
2026-07-29T13:02:21Z,2026-07-29T16:07:00.919973+03:00,_3,6efde239cabf,Lemesou Ave,Archiepiskopou Makariou III Ave,3
2026-07-29T13:02:21Z,2026-07-29T16:07:00.919973+03:00,_4,8fab7dfc83f0,Lemesou Ave,Evagorou Ave,0
2026-07-29T13:02:21Z,2026-07-29T16:07:00.919973+03:00,_0,06afc6492b14,Exit 24 >E127 Germasogeia / E113 Lemesos-Centre,Germasogeia,0
2026-07-29T13:02:21Z,2026-07-29T16:07:00.919973+03:00,_1,3f63ee02f860,Agios Athanasios,Agios Athanasios,1
2026-07-29T13:02:21Z,2026-07-29T16:07:00.919973+03:00,_2,e532d87a661f,Mesa Geitonia,"to A6 > Pafos, Pafos Airport",0
