fetched_utc,publication_time,record_id,geom_hash,street_from,street_to,jam_level
2026-09-01T08:33:38Z,2026-09-01T11:38:32.688008+03:00,_0,fe72ea2b224f,Strovolos,Lemesou Ave,0
2026-09-01T08:33:38Z,2026-09-01T11:38:32.688008+03:00,_1,1c3025f6d361,Strovolos,Lemesou Ave,4
2026-09-01T08:33:38Z,2026-09-01T11:38:32.688008+03:00,_2,2eeb7481ceda,Aglantzia,E164 - Armenias,0
2026-09-01T08:33:38Z,2026-09-01T11:38:32.688008+03:00,_3,8b530b355b26,Lemesou Ave,Archiepiskopou Makariou III Ave,2
2026-09-01T08:33:38Z,2026-09-01T11:38:32.688008+03:00,_0,72b03ff9b5bc,E110,E110 - Agias Fylaxeos,0
2026-09-01T08:33:38Z,2026-09-01T11:38:32.688008+03:00,_1,e50ca2ecb1e0,E110 - 1 Apriliou,,2
2026-09-01T08:33:38Z,2026-09-01T11:38:32.688008+03:00,_2,bbe9f6312861,E110 - Agias Fylaxeos,Agiou Ilarionos,0
2026-09-01T08:33:38Z,2026-09-01T11:38:32.688008+03:00,_3,c7626fee6f30,Agias Filaxeos,Vasileos Georgiou II,3
2026-09-01T08:33:38Z,2026-09-01T11:38:32.688008+03:00,_4,8effdcb26c23,Agiou Ilarionos,Agiou Artemiou,0
2026-09-01T08:33:38Z,2026-09-01T11:38:32.688008+03:00,_5,0047479cf4c6,Agias Filaxeos,E147 - Archiepiskopou Makariou III Ave,4
2026-09-01T08:33:38Z,2026-09-01T11:38:32.688008+03:00,_0,d0dc64f54734,,Lemesou Ave,0
2026-09-01T08:33:38Z,2026-09-01T11:38:32.688008+03:00,_1,1c3025f6d361,Strovolos,Lemesou Ave,4
2026-09-01T08:33:38Z,2026-09-01T11:38:32.688008+03:00,_2,2eeb7481ceda,Aglantzia,E164 - Armenias,0
2026-09-01T08:33:38Z,2026-09-01T11:38:32.688008+03:00,_3,3dec49aff703,Lemesou Ave,Archiepiskopou Makariou III Ave,2
2026-09-01T08:33:38Z,2026-09-01T11:38:32.688008+03:00,_4,8fab7dfc83f0,Lemesou Ave,Evagorou Ave,0
2026-09-01T08:43:42Z,2026-09-01T11:48:36.855216+03:00,_0,69fc3b9dbbdd,Strovolos,Archiepiskopou Makariou III Ave,0
2026-09-01T08:43:42Z,2026-09-01T11:48:36.855216+03:00,_1,c57daf65c80e,Lemesou Ave,Archiepiskopou Makariou III Ave,2
2026-09-01T08:43:42Z,2026-09-01T11:48:36.855216+03:00,_0,bba1d54d8ade,E147 - Archiepiskopou Makariou III Ave,Agias Filaxeos,3
2026-09-01T08:43:42Z,2026-09-01T11:48:36.855216+03:00,_1,c4ad0fd124af,Agias Filaxeos,Agias Filaxeos,0
2026-09-01T08:43:42Z,2026-09-01T11:48:36.855216+03:00,_2,639d58d1d1da,Agias Filaxeos,Agias Filaxeos,2
2026-09-01T08:43:42Z,2026-09-01T11:48:36.855216+03:00,_3,3c822276d5cc,Agias Filaxeos,Agias Filaxeos,0
2026-09-01T08:43:42Z,2026-09-01T11:48:36.855216+03:00,_4,a4260c51b19c,Steliou Kyriakidi,,3
2026-09-01T08:43:42Z,2026-09-01T11:48:36.855216+03:00,_5,f5f94ff22484,Agias Filaxeos,E110,0
2026-09-01T08:43:42Z,2026-09-01T11:48:36.855216+03:00,_0,daca33dbcb0d,,Archiepiskopou Makariou III Ave,0
2026-09-01T08:43:42Z,2026-09-01T11:48:36.855216+03:00,_1,43f05193c4b0,Lemesou Ave,Archiepiskopou Makariou III Ave,2
2026-09-01T08:43:42Z,2026-09-01T11:48:36.855216+03:00,_2,8fab7dfc83f0,Lemesou Ave,Evagorou Ave,0
2026-09-01T08:53:46Z,2026-09-01T11:58:40.946165+03:00,_0,69fc3b9dbbdd,Strovolos,Archiepiskopou Makariou III Ave,0
2026-09-01T08:53:46Z,2026-09-01T11:58:40.946165+03:00,_1,c57daf65c80e,Lemesou Ave,Archiepiskopou Makariou III Ave,3
2026-09-01T08:53:46Z,2026-09-01T11:58:40.946165+03:00,_0,90311137b0fc,E147 - Archiepiskopou Makariou III Ave,Agias Filaxeos,0
2026-09-01T08:53:46Z,2026-09-01T11:58:40.946165+03:00,_1,57ae009fa94e,Agias Filaxeos,Agias Filaxeos,2
2026-09-01T08:53:46Z,2026-09-01T11:58:40.946165+03:00,_2,bbd3d4041441,Agias Filaxeos,Agias Filaxeos,0
2026-09-01T08:53:46Z,2026-09-01T11:58:40.946165+03:00,_3,a4260c51b19c,Steliou Kyriakidi,,3
2026-09-01T08:53:46Z,2026-09-01T11:58:40.946165+03:00,_4,f5f94ff22484,Agias Filaxeos,E110,0
2026-09-01T08:53:46Z,2026-09-01T11:58:40.946165+03:00,_0,39496f0cfb84,E110,Agias Filaxeos,0
2026-09-01T08:53:46Z,2026-09-01T11:58:40.946165+03:00,_1,8efecb847652,Spyrou Kyprianou Ave,E147 - Archiepiskopou Makariou III Ave,3
2026-09-01T08:53:46Z,2026-09-01T11:58:40.946165+03:00,_0,daca33dbcb0d,,Archiepiskopou Makariou III Ave,0
2026-09-01T08:53:46Z,2026-09-01T11:58:40.946165+03:00,_1,43f05193c4b0,Lemesou Ave,Archiepiskopou Makariou III Ave,3
2026-09-01T08:53:46Z,2026-09-01T11:58:40.946165+03:00,_2,fa2fd78f5eb3,Lemesou Ave,Archiepiskopou Makariou III Ave,0
2026-09-01T08:53:46Z,2026-09-01T11:58:40.946165+03:00,_3,2f70270e55a2,Lemesou Ave,B18 - Georgiou Griva Digeni Ave,2
2026-09-01T08:53:46Z,2026-09-01T11:58:40.946165+03:00,_4,e1beab30434a,Archiepiskopou Makariou III Ave,Evagorou Ave,0
2026-09-01T09:03:52Z,2026-09-01T12:08:46.964182+03:00,_0,fe72ea2b224f,Strovolos,Lemesou Ave,0
2026-09-01T09:03:52Z,2026-09-01T12:08:46.964182+03:00,_1,1c3025f6d361,Strovolos,Lemesou Ave,3
2026-09-01T09:03:52Z,2026-09-01T12:08:46.964182+03:00,_2,c6e235d3222a,Aglantzia,Archiepiskopou Makariou III Ave,0
2026-09-01T09:03:52Z,2026-09-01T12:08:46.964182+03:00,_3,394713f228bd,Lemesou Ave,Lemesou Ave,3
2026-09-01T09:03:52Z,2026-09-01T12:08:46.964182+03:00,_0,15ae2e1d5817,E147 - Archiepiskopou Makariou III Ave,Agias Filaxeos,0
2026-09-01T09:03:52Z,2026-09-01T12:08:46.964182+03:00,_1,e0103df7d76d,Agias Filaxeos,Agias Filaxeos,3
2026-09-01T09:03:52Z,2026-09-01T12:08:46.964182+03:00,_2,bbd3d4041441,Agias Filaxeos,Agias Filaxeos,0
2026-09-01T09:03:52Z,2026-09-01T12:08:46.964182+03:00,_3,a4260c51b19c,Steliou Kyriakidi,,4
2026-09-01T09:03:52Z,2026-09-01T12:08:46.964182+03:00,_4,f780373a5188,Agias Filaxeos,E110 - Agias Fylaxeos,0
2026-09-01T09:03:52Z,2026-09-01T12:08:46.964182+03:00,_5,6841a02a1258,,E110 - 1 Apriliou,2
2026-09-01T09:03:52Z,2026-09-01T12:08:46.964182+03:00,_6,f99b72a378a5,E110 - Agias Fylaxeos,E110,0
2026-09-01T09:03:52Z,2026-09-01T12:08:46.964182+03:00,_0,6564ca4ab008,E110,Spyrou Kyprianou Ave,0
2026-09-01T09:03:52Z,2026-09-01T12:08:46.964182+03:00,_1,c7626fee6f30,Agias Filaxeos,Vasileos Georgiou II,3
2026-09-01T09:03:52Z,2026-09-01T12:08:46.964182+03:00,_2,fd1ec1f2cdf4,Agiou Ilarionos,E147 - Archiepiskopou Makariou III Ave,0
2026-09-01T09:03:52Z,2026-09-01T12:08:46.964182+03:00,_3,676c339d8b55,Agias Filaxeos,E147 - Archiepiskopou Makariou III Ave,3
2026-09-01T09:03:52Z,2026-09-01T12:08:46.964182+03:00,_0,d0dc64f54734,,Lemesou Ave,0
2026-09-01T09:03:52Z,2026-09-01T12:08:46.964182+03:00,_1,1c3025f6d361,Strovolos,Lemesou Ave,3
2026-09-01T09:03:52Z,2026-09-01T12:08:46.964182+03:00,_2,c6e235d3222a,Aglantzia,Archiepiskopou Makariou III Ave,0
2026-09-01T09:03:52Z,2026-09-01T12:08:46.964182+03:00,_3,6efde239cabf,Lemesou Ave,Archiepiskopou Makariou III Ave,3
2026-09-01T09:03:52Z,2026-09-01T12:08:46.964182+03:00,_4,a4548539654b,Lemesou Ave,B18 - Digeni Akrita Ave,0
2026-09-01T09:03:52Z,2026-09-01T12:08:46.964182+03:00,_5,0767c1bb57ab,Archiepiskopou Makariou III Ave,B18 - Georgiou Griva Digeni Ave,3
2026-09-01T09:03:52Z,2026-09-01T12:08:46.964182+03:00,_6,e1beab30434a,Archiepiskopou Makariou III Ave,Evagorou Ave,0
2026-09-01T09:13:59Z,2026-09-01T12:18:53.012494+03:00,_0,dd4be8784553,E147 - Archiepiskopou Makariou III Ave,Agias Filaxeos,0
2026-09-01T09:13:59Z,2026-09-01T12:18:53.012494+03:00,_1,931dd79e324a,E147 - Archiepiskopou Makariou III Ave,Vasileos Georgiou II,2
2026-09-01T09:13:59Z,2026-09-01T12:18:53.012494+03:00,_2,cfd611ccb05b,Agias Filaxeos,Agias Filaxeos,0
2026-09-01T09:13:59Z,2026-09-01T12:18:53.012494+03:00,_3,95579dbc01e3,Agias Filaxeos,Vasileos Georgiou II,3
2026-09-01T09:13:59Z,2026-09-01T12:18:53.012494+03:00,_4,f0692a22ef39,Agias Filaxeos,Agias Filaxeos,0
2026-09-01T09:13:59Z,2026-09-01T12:18:53.012494+03:00,_5,a4260c51b19c,Steliou Kyriakidi,,3
2026-09-01T09:13:59Z,2026-09-01T12:18:53.012494+03:00,_6,f780373a5188,Agias Filaxeos,E110 - Agias Fylaxeos,0
2026-09-01T09:13:59Z,2026-09-01T12:18:53.012494+03:00,_7,6841a02a1258,,E110 - 1 Apriliou,3
2026-09-01T09:13:59Z,2026-09-01T12:18:53.012494+03:00,_8,f99b72a378a5,E110 - Agias Fylaxeos,E110,0
2026-09-01T09:13:59Z,2026-09-01T12:18:53.012494+03:00,_0,69fc3b9dbbdd,Strovolos,Archiepiskopou Makariou III Ave,0
2026-09-01T09:13:59Z,2026-09-01T12:18:53.012494+03:00,_1,c57daf65c80e,Lemesou Ave,Archiepiskopou Makariou III Ave,3
2026-09-01T09:13:59Z,2026-09-01T12:18:53.012494+03:00,_0,daca33dbcb0d,,Archiepiskopou Makariou III Ave,0
2026-09-01T09:13:59Z,2026-09-01T12:18:53.012494+03:00,_1,43f05193c4b0,Lemesou Ave,Archiepiskopou Makariou III Ave,3
2026-09-01T09:13:59Z,2026-09-01T12:18:53.012494+03:00,_2,8fab7dfc83f0,Lemesou Ave,Evagorou Ave,0
2026-09-01T09:24:03Z,2026-09-01T12:28:57.339648+03:00,_0,dd4be8784553,E147 - Archiepiskopou Makariou III Ave,Agias Filaxeos,0
2026-09-01T09:24:03Z,2026-09-01T12:28:57.339648+03:00,_1,931dd79e324a,E147 - Archiepiskopou Makariou III Ave,Vasileos Georgiou II,3
2026-09-01T09:24:03Z,2026-09-01T12:28:57.339648+03:00,_2,bbd3d4041441,Agias Filaxeos,Agias Filaxeos,0
2026-09-01T09:24:03Z,2026-09-01T12:28:57.339648+03:00,_3,a4260c51b19c,Steliou Kyriakidi,,3
2026-09-01T09:24:03Z,2026-09-01T12:28:57.339648+03:00,_4,f780373a5188,Agias Filaxeos,E110 - Agias Fylaxeos,0
2026-09-01T09:24:03Z,2026-09-01T12:28:57.339648+03:00,_5,6841a02a1258,,E110 - 1 Apriliou,2
2026-09-01T09:24:03Z,2026-09-01T12:28:57.339648+03:00,_6,f99b72a378a5,E110 - Agias Fylaxeos,E110,0
2026-09-01T09:24:03Z,2026-09-01T12:28:57.339648+03:00,_0,69fc3b9dbbdd,Strovolos,Archiepiskopou Makariou III Ave,0
2026-09-01T09:24:03Z,2026-09-01T12:28:57.339648+03:00,_1,c57daf65c80e,Lemesou Ave,Archiepiskopou Makariou III Ave,3
2026-09-01T09:24:03Z,2026-09-01T12:28:57.339648+03:00,_0,daca33dbcb0d,,Archiepiskopou Makariou III Ave,0
2026-09-01T09:24:03Z,2026-09-01T12:28:57.339648+03:00,_1,43f05193c4b0,Lemesou Ave,Archiepiskopou Makariou III Ave,3
2026-09-01T09:24:03Z,2026-09-01T12:28:57.339648+03:00,_2,8fab7dfc83f0,Lemesou Ave,Evagorou Ave,0
2026-09-01T09:34:08Z,2026-09-01T12:39:02.461285+03:00,_0,15ae2e1d5817,E147 - Archiepiskopou Makariou III Ave,Agias Filaxeos,0
2026-09-01T09:34:08Z,2026-09-01T12:39:02.461285+03:00,_1,e0103df7d76d,Agias Filaxeos,Agias Filaxeos,3
2026-09-01T09:34:08Z,2026-09-01T12:39:02.461285+03:00,_2,bbd3d4041441,Agias Filaxeos,Agias Filaxeos,0
2026-09-01T09:34:08Z,2026-09-01T12:39:02.461285+03:00,_3,a4260c51b19c,Steliou Kyriakidi,,3
2026-09-01T09:34:08Z,2026-09-01T12:39:02.461285+03:00,_4,f780373a5188,Agias Filaxeos,E110 - Agias Fylaxeos,0
2026-09-01T09:34:08Z,2026-09-01T12:39:02.461285+03:00,_5,6841a02a1258,,E110 - 1 Apriliou,3
2026-09-01T09:34:08Z,2026-09-01T12:39:02.461285+03:00,_6,f99b72a378a5,E110 - Agias Fylaxeos,E110,0
2026-09-01T09:34:08Z,2026-09-01T12:39:02.461285+03:00,_0,c7636f6313c5,,E1302 - Nikis Ave,0
2026-09-01T09:34:08Z,2026-09-01T12:39:02.461285+03:00,_1,910016111853,B18 - Georgiou Griva Digeni Ave,B18 - Georgiou Griva Digeni Ave,4
2026-09-01T09:34:08Z,2026-09-01T12:39:02.461285+03:00,_2,bbf67e32aa17,B18 - Georgiou Griva Digeni Ave,Evagorou Ave,0
2026-09-01T09:44:12Z,2026-09-01T12:49:06.546611+03:00,_0,dd4be8784553,E147 - Archiepiskopou Makariou III Ave,Agias Filaxeos,0
2026-09-01T09:44:12Z,2026-09-01T12:49:06.546611+03:00,_1,931dd79e324a,E147 - Archiepiskopou Makariou III Ave,Vasileos Georgiou II,3
2026-09-01T09:44:12Z,2026-09-01T12:49:06.546611+03:00,_2,bbd3d4041441,Agias Filaxeos,Agias Filaxeos,0
2026-09-01T09:44:12Z,2026-09-01T12:49:06.546611+03:00,_3,a4260c51b19c,Steliou Kyriakidi,,4
2026-09-01T09:44:12Z,2026-09-01T12:49:06.546611+03:00,_4,f780373a5188,Agias Filaxeos,E110 - Agias Fylaxeos,0
2026-09-01T09:44:12Z,2026-09-01T12:49:06.546611+03:00,_5,6841a02a1258,,E110 - 1 Apriliou,2
2026-09-01T09:44:12Z,2026-09-01T12:49:06.546611+03:00,_6,f99b72a378a5,E110 - Agias Fylaxeos,E110,0
2026-09-01T09:44:12Z,2026-09-01T12:49:06.546611+03:00,_0,72b03ff9b5bc,E110,E110 - Agias Fylaxeos,0
2026-09-01T09:44:12Z,2026-09-01T12:49:06.546611+03:00,_1,e50ca2ecb1e0,E110 - 1 Apriliou,,2
2026-09-01T09:44:12Z,2026-09-01T12:49:06.546611+03:00,_2,73c10e640ed1,E110 - Agias Fylaxeos,E147 - Archiepiskopou Makariou III Ave,0
2026-09-01T09:44:12Z,2026-09-01T12:49:06.546611+03:00,_3,676c339d8b55,Agias Filaxeos,E147 - Archiepiskopou Makariou III Ave,3
2026-09-01T09:44:12Z,2026-09-01T12:49:06.546611+03:00,_0,c7636f6313c5,,E1302 - Nikis Ave,0
2026-09-01T09:44:12Z,2026-09-01T12:49:06.546611+03:00,_1,910016111853,B18 - Georgiou Griva Digeni Ave,B18 - Georgiou Griva Digeni Ave,4
2026-09-01T09:44:12Z,2026-09-01T12:49:06.546611+03:00,_2,bbf67e32aa17,B18 - Georgiou Griva Digeni Ave,Evagorou Ave,0
2026-09-01T09:54:16Z,2026-09-01T12:59:10.538031+03:00,_0,dd4be8784553,E147 - Archiepiskopou Makariou III Ave,Agias Filaxeos,0
2026-09-01T09:54:16Z,2026-09-01T12:59:10.538031+03:00,_1,931dd79e324a,E147 - Archiepiskopou Makariou III Ave,Vasileos Georgiou II,2
2026-09-01T09:54:16Z,2026-09-01T12:59:10.538031+03:00,_2,bbd3d4041441,Agias Filaxeos,Agias Filaxeos,0
2026-09-01T09:54:16Z,2026-09-01T12:59:10.538031+03:00,_3,a4260c51b19c,Steliou Kyriakidi,,4
2026-09-01T09:54:16Z,2026-09-01T12:59:10.538031+03:00,_4,f780373a5188,Agias Filaxeos,E110 - Agias Fylaxeos,0
2026-09-01T09:54:16Z,2026-09-01T12:59:10.538031+03:00,_5,6841a02a1258,,E110 - 1 Apriliou,2
2026-09-01T09:54:16Z,2026-09-01T12:59:10.538031+03:00,_6,f99b72a378a5,E110 - Agias Fylaxeos,E110,0
2026-09-01T09:54:16Z,2026-09-01T12:59:10.538031+03:00,_0,69fc3b9dbbdd,Strovolos,Archiepiskopou Makariou III Ave,0
2026-09-01T09:54:16Z,2026-09-01T12:59:10.538031+03:00,_1,c57daf65c80e,Lemesou Ave,Archiepiskopou Makariou III Ave,3
2026-09-01T09:54:16Z,2026-09-01T12:59:10.538031+03:00,_0,daca33dbcb0d,,Archiepiskopou Makariou III Ave,0
2026-09-01T09:54:16Z,2026-09-01T12:59:10.538031+03:00,_1,43f05193c4b0,Lemesou Ave,Archiepiskopou Makariou III Ave,3
2026-09-01T09:54:16Z,2026-09-01T12:59:10.538031+03:00,_2,8fab7dfc83f0,Lemesou Ave,Evagorou Ave,0
2026-09-01T10:04:21Z,2026-09-01T13:09:15.741091+03:00,_0,69fc3b9dbbdd,Strovolos,Archiepiskopou Makariou III Ave,0
2026-09-01T10:04:21Z,2026-09-01T13:09:15.741091+03:00,_1,c57daf65c80e,Lemesou Ave,Archiepiskopou Makariou III Ave,3
2026-09-01T10:04:21Z,2026-09-01T13:09:15.741091+03:00,_0,e32be8ebc438,E147 - Archiepiskopou Makariou III Ave,Agiou Artemiou,0
2026-09-01T10:04:21Z,2026-09-01T13:09:15.741091+03:00,_1,a50d5c3e3655,E147 - Archiepiskopou Makariou III Ave,Vasileos Georgiou II,2
2026-09-01T10:04:21Z,2026-09-01T13:09:15.741091+03:00,_2,bbd3d4041441,Agias Filaxeos,Agias Filaxeos,0
2026-09-01T10:04:21Z,2026-09-01T13:09:15.741091+03:00,_3,a4260c51b19c,Steliou Kyriakidi,,4
2026-09-01T10:04:21Z,2026-09-01T13:09:15.741091+03:00,_4,f780373a5188,Agias Filaxeos,E110 - Agias Fylaxeos,0
2026-09-01T10:04:21Z,2026-09-01T13:09:15.741091+03:00,_5,6841a02a1258,,E110 - 1 Apriliou,3
2026-09-01T10:04:21Z,2026-09-01T13:09:15.741091+03:00,_6,f99b72a378a5,E110 - Agias Fylaxeos,E110,0
2026-09-01T10:04:21Z,2026-09-01T13:09:15.741091+03:00,_0,72b03ff9b5bc,E110,E110 - Agias Fylaxeos,0
2026-09-01T10:04:21Z,2026-09-01T13:09:15.741091+03:00,_1,e50ca2ecb1e0,E110 - 1 Apriliou,,2
2026-09-01T10:04:21Z,2026-09-01T13:09:15.741091+03:00,_2,c8792afe581d,E110 - Agias Fylaxeos,E147 - Archiepiskopou Makariou III Ave,0
2026-09-01T10:04:21Z,2026-09-01T13:09:15.741091+03:00,_0,daca33dbcb0d,,Archiepiskopou Makariou III Ave,0
2026-09-01T10:04:21Z,2026-09-01T13:09:15.741091+03:00,_1,43f05193c4b0,Lemesou Ave,Archiepiskopou Makariou III Ave,3
2026-09-01T10:04:21Z,2026-09-01T13:09:15.741091+03:00,_2,8fab7dfc83f0,Lemesou Ave,Evagorou Ave,0
2026-09-01T10:14:48Z,2026-09-01T13:19:42.696021+03:00,_0,69fc3b9dbbdd,Strovolos,Archiepiskopou Makariou III Ave,0
2026-09-01T10:14:48Z,2026-09-01T13:19:42.696021+03:00,_1,c57daf65c80e,Lemesou Ave,Archiepiskopou Makariou III Ave,2
2026-09-01T10:14:48Z,2026-09-01T13:19:42.696021+03:00,_0,920305ee9a1e,E147 - Archiepiskopou Makariou III Ave,Agias Filaxeos,0
2026-09-01T10:14:48Z,2026-09-01T13:19:42.696021+03:00,_1,a4260c51b19c,Steliou Kyriakidi,,4
2026-09-01T10:14:48Z,2026-09-01T13:19:42.696021+03:00,_2,f780373a5188,Agias Filaxeos,E110 - Agias Fylaxeos,0
2026-09-01T10:14:48Z,2026-09-01T13:19:42.696021+03:00,_3,6841a02a1258,,E110 - 1 Apriliou,2
2026-09-01T10:14:48Z,2026-09-01T13:19:42.696021+03:00,_4,f99b72a378a5,E110 - Agias Fylaxeos,E110,0
2026-09-01T10:14:48Z,2026-09-01T13:19:42.696021+03:00,_0,31c9b775d03b,E110,E110 - Agias Fylaxeos,0
2026-09-01T10:14:48Z,2026-09-01T13:19:42.696021+03:00,_1,9f80d2b8e678,E110 - 1 Apriliou,,2
2026-09-01T10:14:48Z,2026-09-01T13:19:42.696021+03:00,_2,94bd22476a9c,E110 - Agias Fylaxeos,E147 - Archiepiskopou Makariou III Ave,0
2026-09-01T10:14:48Z,2026-09-01T13:19:42.696021+03:00,_3,88697bca4b53,Agias Filaxeos,E147 - Archiepiskopou Makariou III Ave,3
2026-09-01T10:14:48Z,2026-09-01T13:19:42.696021+03:00,_0,daca33dbcb0d,,Archiepiskopou Makariou III Ave,0
2026-09-01T10:14:48Z,2026-09-01T13:19:42.696021+03:00,_1,43f05193c4b0,Lemesou Ave,Archiepiskopou Makariou III Ave,2
2026-09-01T10:14:48Z,2026-09-01T13:19:42.696021+03:00,_2,8fab7dfc83f0,Lemesou Ave,Evagorou Ave,0
2026-09-01T10:24:53Z,2026-09-01T13:29:47.631011+03:00,_0,0f5fc0c258da,Strovolos,Lemesou Ave,0
2026-09-01T10:24:53Z,2026-09-01T13:29:47.631011+03:00,_1,de5c4da2e830,A1,Lemesou Ave,3
2026-09-01T10:24:53Z,2026-09-01T13:29:47.631011+03:00,_2,d2028a2a4d9d,Lemesou Ave,E164 - Armenias,0
2026-09-01T10:24:53Z,2026-09-01T13:29:47.631011+03:00,_3,c57daf65c80e,Lemesou Ave,Archiepiskopou Makariou III Ave,3
2026-09-01T10:24:53Z,2026-09-01T13:29:47.631011+03:00,_0,83e3692cbd22,E110,E110 - Agias Fylaxeos,0
2026-09-01T10:24:53Z,2026-09-01T13:29:47.631011+03:00,_1,fd8691a0729d,E110 - Agias Fylaxeos,Agias Filaxeos,2
2026-09-01T10:24:53Z,2026-09-01T13:29:47.631011+03:00,_2,cbb84e79a266,,E147 - Archiepiskopou Makariou III Ave,0
2026-09-01T10:24:53Z,2026-09-01T13:29:47.631011+03:00,_3,88697bca4b53,Agias Filaxeos,E147 - Archiepiskopou Makariou III Ave,3
2026-09-01T10:24:53Z,2026-09-01T13:29:47.631011+03:00,_0,920305ee9a1e,E147 - Archiepiskopou Makariou III Ave,Agias Filaxeos,0
2026-09-01T10:24:53Z,2026-09-01T13:29:47.631011+03:00,_1,a4260c51b19c,Steliou Kyriakidi,,4
2026-09-01T10:24:53Z,2026-09-01T13:29:47.631011+03:00,_2,c0517c09c155,Agias Filaxeos,E110 - 1 Apriliou,2
2026-09-01T10:24:53Z,2026-09-01T13:29:47.631011+03:00,_3,f99b72a378a5,E110 - Agias Fylaxeos,E110,0
2026-09-01T10:24:53Z,2026-09-01T13:29:47.631011+03:00,_0,7b1562e7b357,,Lemesou Ave,0
2026-09-01T10:24:53Z,2026-09-01T13:29:47.631011+03:00,_1,de5c4da2e830,A1,Lemesou Ave,3
2026-09-01T10:24:53Z,2026-09-01T13:29:47.631011+03:00,_2,d2028a2a4d9d,Lemesou Ave,E164 - Armenias,0
2026-09-01T10:24:53Z,2026-09-01T13:29:47.631011+03:00,_3,43f05193c4b0,Lemesou Ave,Archiepiskopou Makariou III Ave,3
2026-09-01T10:24:53Z,2026-09-01T13:29:47.631011+03:00,_4,fa2fd78f5eb3,Lemesou Ave,Archiepiskopou Makariou III Ave,0
2026-09-01T10:24:53Z,2026-09-01T13:29:47.631011+03:00,_5,2f70270e55a2,Lemesou Ave,B18 - Georgiou Griva Digeni Ave,3
2026-09-01T10:24:53Z,2026-09-01T13:29:47.631011+03:00,_6,e1beab30434a,Archiepiskopou Makariou III Ave,Evagorou Ave,0
2026-09-01T10:35:22Z,2026-09-01T13:40:16.232309+03:00,_0,e32be8ebc438,E147 - Archiepiskopou Makariou III Ave,Agiou Artemiou,4
2026-09-01T10:35:22Z,2026-09-01T13:40:16.232309+03:00,_1,66d24131590e,E147 - Archiepiskopou Makariou III Ave,Agias Filaxeos,0
2026-09-01T10:35:22Z,2026-09-01T13:40:16.232309+03:00,_2,a4260c51b19c,Steliou Kyriakidi,,3
2026-09-01T10:35:22Z,2026-09-01T13:40:16.232309+03:00,_3,f5f94ff22484,Agias Filaxeos,E110,0
2026-09-01T10:45:26Z,2026-09-01T13:50:20.572942+03:00,_0,199710dc4a27,Strovolos,E164 - Armenias,0
2026-09-01T10:45:26Z,2026-09-01T13:50:20.572942+03:00,_1,fedb3d094e5d,A1,Lemesou Ave,2
2026-09-01T10:45:26Z,2026-09-01T13:50:20.572942+03:00,_2,d2028a2a4d9d,Lemesou Ave,E164 - Armenias,0
2026-09-01T10:45:26Z,2026-09-01T13:50:20.572942+03:00,_3,c57daf65c80e,Lemesou Ave,Archiepiskopou Makariou III Ave,3
2026-09-01T10:45:26Z,2026-09-01T13:50:20.572942+03:00,_0,920305ee9a1e,E147 - Archiepiskopou Makariou III Ave,Agias Filaxeos,0
2026-09-01T10:45:26Z,2026-09-01T13:50:20.572942+03:00,_1,a4260c51b19c,Steliou Kyriakidi,,3
2026-09-01T10:45:26Z,2026-09-01T13:50:20.572942+03:00,_2,f5f94ff22484,Agias Filaxeos,E110,0
2026-09-01T10:45:26Z,2026-09-01T13:50:20.572942+03:00,_0,8795792b1b04,,E164 - Armenias,0
2026-09-01T10:45:26Z,2026-09-01T13:50:20.572942+03:00,_1,fedb3d094e5d,A1,Lemesou Ave,2
2026-09-01T10:45:26Z,2026-09-01T13:50:20.572942+03:00,_2,d2028a2a4d9d,Lemesou Ave,E164 - Armenias,0
2026-09-01T10:45:26Z,2026-09-01T13:50:20.572942+03:00,_3,43f05193c4b0,Lemesou Ave,Archiepiskopou Makariou III Ave,3
2026-09-01T10:45:26Z,2026-09-01T13:50:20.572942+03:00,_4,585aa61a46fa,Lemesou Ave,B18 - Digeni Akrita Ave,0
2026-09-01T10:45:26Z,2026-09-01T13:50:20.572942+03:00,_5,055237d5336a,Archiepiskopou Makariou III Ave,B18 - Georgiou Griva Digeni Ave,3
2026-09-01T10:45:26Z,2026-09-01T13:50:20.572942+03:00,_6,e1beab30434a,Archiepiskopou Makariou III Ave,Evagorou Ave,0
2026-09-01T10:55:53Z,2026-09-01T14:00:42.132502+03:00,_0,69fc3b9dbbdd,Strovolos,Archiepiskopou Makariou III Ave,0
2026-09-01T10:55:53Z,2026-09-01T14:00:42.132502+03:00,_1,c57daf65c80e,Lemesou Ave,Archiepiskopou Makariou III Ave,2
2026-09-01T10:55:53Z,2026-09-01T14:00:42.132502+03:00,_0,920305ee9a1e,E147 - Archiepiskopou Makariou III Ave,Agias Filaxeos,0
2026-09-01T10:55:53Z,2026-09-01T14:00:42.132502+03:00,_1,a4260c51b19c,Steliou Kyriakidi,,3
2026-09-01T10:55:53Z,2026-09-01T14:00:42.132502+03:00,_2,f5f94ff22484,Agias Filaxeos,E110,0
2026-09-01T10:55:53Z,2026-09-01T14:00:42.132502+03:00,_0,daca33dbcb0d,,Archiepiskopou Makariou III Ave,0
2026-09-01T10:55:53Z,2026-09-01T14:00:42.132502+03:00,_1,43f05193c4b0,Lemesou Ave,Archiepiskopou Makariou III Ave,2
2026-09-01T10:55:53Z,2026-09-01T14:00:42.132502+03:00,_2,8fab7dfc83f0,Lemesou Ave,Evagorou Ave,0
2026-09-01T11:05:58Z,2026-09-01T14:10:41.830564+03:00,_0,69fc3b9dbbdd,Strovolos,Archiepiskopou Makariou III Ave,0
2026-09-01T11:05:58Z,2026-09-01T14:10:41.830564+03:00,_1,e9824d0075f7,Lemesou Ave,,2
2026-09-01T11:05:58Z,2026-09-01T14:10:41.830564+03:00,_2,91353c408128,,Lemesou Ave,0
2026-09-01T11:05:58Z,2026-09-01T14:10:41.830564+03:00,_0,920305ee9a1e,E147 - Archiepiskopou Makariou III Ave,Agias Filaxeos,0
2026-09-01T11:05:58Z,2026-09-01T14:10:41.830564+03:00,_1,a4260c51b19c,Steliou Kyriakidi,,3
2026-09-01T11:05:58Z,2026-09-01T14:10:41.830564+03:00,_2,f5f94ff22484,Agias Filaxeos,E110,0
2026-09-01T11:05:58Z,2026-09-01T14:10:41.830564+03:00,_0,daca33dbcb0d,,Archiepiskopou Makariou III Ave,0
2026-09-01T11:05:58Z,2026-09-01T14:10:41.830564+03:00,_1,e9824d0075f7,Lemesou Ave,,2
2026-09-01T11:05:58Z,2026-09-01T14:10:41.830564+03:00,_2,a84133578e83,,Evagorou Ave,0
2026-09-01T14:06:47Z,2026-09-01T17:11:43.632452+03:00,_0,fe72ea2b224f,Strovolos,Lemesou Ave,0
2026-09-01T14:06:47Z,2026-09-01T17:11:43.632452+03:00,_1,1c3025f6d361,Strovolos,Lemesou Ave,3
2026-09-01T14:06:47Z,2026-09-01T17:11:43.632452+03:00,_2,7c50b274239b,Aglantzia,E164 - Armenias,0
2026-09-01T14:06:47Z,2026-09-01T17:11:43.632452+03:00,_3,c57daf65c80e,Lemesou Ave,Archiepiskopou Makariou III Ave,3
2026-09-01T14:06:47Z,2026-09-01T17:11:43.632452+03:00,_0,21112a4dd623,E147 - Archiepiskopou Makariou III Ave,Agias Filaxeos,0
2026-09-01T14:06:47Z,2026-09-01T17:11:43.632452+03:00,_1,8f6f72da9cbe,E147 - Archiepiskopou Makariou III Ave,Vasileos Georgiou II,2
2026-09-01T14:06:47Z,2026-09-01T17:11:43.632452+03:00,_2,bbd3d4041441,Agias Filaxeos,Agias Filaxeos,0
2026-09-01T14:06:47Z,2026-09-01T17:11:43.632452+03:00,_3,a4260c51b19c,Steliou Kyriakidi,,4
2026-09-01T14:06:47Z,2026-09-01T17:11:43.632452+03:00,_4,f5f94ff22484,Agias Filaxeos,E110,0
2026-09-01T14:06:47Z,2026-09-01T17:11:43.632452+03:00,_0,25cb63a39e8b,Leoforos Strovolou,E950 - Giannou Kranidioti,0
2026-09-01T14:06:47Z,2026-09-01T17:11:43.632452+03:00,_1,b0a28758e5a3,E950 - Giannou Kranidioti,,4
2026-09-01T14:06:47Z,2026-09-01T17:11:43.632452+03:00,_2,ac82fb32accb,E148 - Melinas Merkouri,E902 - Proedrikou Megarou Ave,0
2026-09-01T14:06:47Z,2026-09-01T17:11:43.632452+03:00,_3,1e7665234fdc,Strovolou Ave,E902 - Proedrikou Megarou Ave,3
2026-09-01T14:06:47Z,2026-09-01T17:11:43.632452+03:00,_4,c6ac6530f2b9,Strovolou Ave,E902 - Proedrikou Megarou Ave,0
2026-09-01T14:06:47Z,2026-09-01T17:11:43.632452+03:00,_0,72b03ff9b5bc,E110,E110 - Agias Fylaxeos,0
2026-09-01T14:06:47Z,2026-09-01T17:11:43.632452+03:00,_1,e50ca2ecb1e0,E110 - 1 Apriliou,,3
2026-09-01T14:06:47Z,2026-09-01T17:11:43.632452+03:00,_2,94bd22476a9c,E110 - Agias Fylaxeos,E147 - Archiepiskopou Makariou III Ave,0
2026-09-01T14:06:47Z,2026-09-01T17:11:43.632452+03:00,_3,88697bca4b53,Agias Filaxeos,E147 - Archiepiskopou Makariou III Ave,3
2026-09-01T14:06:47Z,2026-09-01T17:11:43.632452+03:00,_0,d0dc64f54734,,Lemesou Ave,0
2026-09-01T14:06:47Z,2026-09-01T17:11:43.632452+03:00,_1,1c3025f6d361,Strovolos,Lemesou Ave,3
2026-09-01T14:06:47Z,2026-09-01T17:11:43.632452+03:00,_2,7c50b274239b,Aglantzia,E164 - Armenias,0
2026-09-01T14:06:47Z,2026-09-01T17:11:43.632452+03:00,_3,43f05193c4b0,Lemesou Ave,Archiepiskopou Makariou III Ave,3
2026-09-01T14:06:47Z,2026-09-01T17:11:43.632452+03:00,_4,67c79358f4f3,Lemesou Ave,B18 - Digeni Akrita Ave,0
2026-09-01T14:06:47Z,2026-09-01T17:11:43.632452+03:00,_5,38e09e47f840,Archiepiskopou Makariou III Ave,B18 - Georgiou Griva Digeni Ave,3
2026-09-01T14:06:47Z,2026-09-01T17:11:43.632452+03:00,_6,e624a00bb6cb,Archiepiskopou Makariou III Ave,E1302 - Nikis Ave,0
2026-09-01T14:06:47Z,2026-09-01T17:11:43.632452+03:00,_7,78a68e950dd6,B18 - Georgiou Griva Digeni Ave,E1302 - Nikis Ave,4
2026-09-01T14:06:47Z,2026-09-01T17:11:43.632452+03:00,_8,53725b50c7e6,B18 - Georgiou Griva Digeni Ave,Evagorou Ave,0
2026-09-01T14:17:17Z,2026-09-01T17:22:11.768567+03:00,_0,9637c1cd3244,Strovolos,Strovolos,0
2026-09-01T14:17:17Z,2026-09-01T17:22:11.768567+03:00,_1,d1bd4cd56cd8,Strovolos,Lemesou Ave,3
2026-09-01T14:17:17Z,2026-09-01T17:22:11.768567+03:00,_2,7c50b274239b,Aglantzia,E164 - Armenias,0
2026-09-01T14:17:17Z,2026-09-01T17:22:11.768567+03:00,_3,c57daf65c80e,Lemesou Ave,Archiepiskopou Makariou III Ave,2
2026-09-01T14:17:17Z,2026-09-01T17:22:11.768567+03:00,_0,db379abb1dc7,Georgiou Neofytou,Spyrou Kyprianou Ave,0
2026-09-01T14:17:17Z,2026-09-01T17:22:11.768567+03:00,_1,d485409681ec,Spyrou Kyprianou Ave,E114 - Archiepiskopou Makariou III Ave,3
2026-09-01T14:17:17Z,2026-09-01T17:22:11.768567+03:00,_2,6c5a5d840bb0,Spyrou Kyprianou Ave,Spyrou Kyprianou Ave,0
2026-09-01T14:17:17Z,2026-09-01T17:22:11.768567+03:00,_3,f5d4a5e20d87,Spyrou Kyprianou Ave,Spyrou Kyprianou Ave,3
2026-09-01T14:17:17Z,2026-09-01T17:22:11.768567+03:00,_4,0efa495a7a2f,Spyrou Kyprianou Ave,Angelou Vlachou,0
2026-09-01T14:17:17Z,2026-09-01T17:22:11.768567+03:00,_0,137f66eaa4ab,E147 - Archiepiskopou Makariou III Ave,Agias Filaxeos,3
2026-09-01T14:17:17Z,2026-09-01T17:22:11.768567+03:00,_1,545a189c2e96,Agias Filaxeos,Agias Filaxeos,0
2026-09-01T14:17:17Z,2026-09-01T17:22:11.768567+03:00,_2,4e3654d725cb,E147 - Archiepiskopou Makariou III Ave,Vasileos Georgiou II,3
2026-09-01T14:17:17Z,2026-09-01T17:22:11.768567+03:00,_3,3c822276d5cc,Agias Filaxeos,Agias Filaxeos,0
2026-09-01T14:17:17Z,2026-09-01T17:22:11.768567+03:00,_4,a4260c51b19c,Steliou Kyriakidi,,4
2026-09-01T14:17:17Z,2026-09-01T17:22:11.768567+03:00,_5,f5f94ff22484,Agias Filaxeos,E110,0
2026-09-01T14:17:17Z,2026-09-01T17:22:11.768567+03:00,_0,92a354a8d94a,Leoforos Strovolou,E950 - Giannou Kranidioti,0
2026-09-01T14:17:17Z,2026-09-01T17:22:11.768567+03:00,_1,bc3172fccafa,E950 - Giannou Kranidioti,,4
2026-09-01T14:17:17Z,2026-09-01T17:22:11.768567+03:00,_2,3d4bb6787bac,E148 - Melinas Merkouri,E902 - Proedrikou Megarou Ave,0
2026-09-01T14:17:17Z,2026-09-01T17:22:11.768567+03:00,_0,72b03ff9b5bc,E110,E110 - Agias Fylaxeos,0
2026-09-01T14:17:17Z,2026-09-01T17:22:11.768567+03:00,_1,e50ca2ecb1e0,E110 - 1 Apriliou,,2
2026-09-01T14:17:17Z,2026-09-01T17:22:11.768567+03:00,_2,94bd22476a9c,E110 - Agias Fylaxeos,E147 - Archiepiskopou Makariou III Ave,0
2026-09-01T14:17:17Z,2026-09-01T17:22:11.768567+03:00,_3,88697bca4b53,Agias Filaxeos,E147 - Archiepiskopou Makariou III Ave,3
2026-09-01T14:17:17Z,2026-09-01T17:22:11.768567+03:00,_0,1561bafaf811,,Lemesou Ave,0
2026-09-01T14:17:17Z,2026-09-01T17:22:11.768567+03:00,_1,d1bd4cd56cd8,Strovolos,Lemesou Ave,3
2026-09-01T14:17:17Z,2026-09-01T17:22:11.768567+03:00,_2,7c50b274239b,Aglantzia,E164 - Armenias,0
2026-09-01T14:17:17Z,2026-09-01T17:22:11.768567+03:00,_3,43f05193c4b0,Lemesou Ave,Archiepiskopou Makariou III Ave,2
2026-09-01T14:17:17Z,2026-09-01T17:22:11.768567+03:00,_4,5b037bbaa992,Lemesou Ave,Archiepiskopou Makariou III Ave,0
2026-09-01T14:17:17Z,2026-09-01T17:22:11.768567+03:00,_5,91f4f4624f42,Archiepiskopou Makariou III Ave,B18 - Georgiou Griva Digeni Ave,3
2026-09-01T14:17:17Z,2026-09-01T17:22:11.768567+03:00,_6,8d2c613f4f47,Archiepiskopou Makariou III Ave,E1302 - Nikis Ave,0
2026-09-01T14:17:17Z,2026-09-01T17:22:11.768567+03:00,_7,22194ffbbbb6,B18 - Georgiou Griva Digeni Ave,E1302 - Nikis Ave,4
2026-09-01T14:17:17Z,2026-09-01T17:22:11.768567+03:00,_8,53725b50c7e6,B18 - Georgiou Griva Digeni Ave,Evagorou Ave,0
2026-09-01T14:27:24Z,2026-09-01T17:32:15.948650+03:00,_0,fe72ea2b224f,Strovolos,Lemesou Ave,0
2026-09-01T14:27:24Z,2026-09-01T17:32:15.948650+03:00,_1,1c3025f6d361,Strovolos,Lemesou Ave,4
2026-09-01T14:27:24Z,2026-09-01T17:32:15.948650+03:00,_2,7c50b274239b,Aglantzia,E164 - Armenias,0
2026-09-01T14:27:24Z,2026-09-01T17:32:15.948650+03:00,_3,e9824d0075f7,Lemesou Ave,,3
2026-09-01T14:27:24Z,2026-09-01T17:32:15.948650+03:00,_4,91353c408128,,Lemesou Ave,0
2026-09-01T14:27:24Z,2026-09-01T17:32:15.948650+03:00,_0,db379abb1dc7,Georgiou Neofytou,Spyrou Kyprianou Ave,0
2026-09-01T14:27:24Z,2026-09-01T17:32:15.948650+03:00,_1,bb8e26f01eed,Spyrou Kyprianou Ave,E114 - Archiepiskopou Makariou III Ave,4
2026-09-01T14:27:24Z,2026-09-01T17:32:15.948650+03:00,_2,170ca50cf9c5,E114 - Archiepiskopou Makariou III Ave,Angelou Vlachou,0
2026-09-01T14:27:24Z,2026-09-01T17:32:15.948650+03:00,_0,a955553ad43f,E147 - Archiepiskopou Makariou III Ave,Agias Filaxeos,3
2026-09-01T14:27:24Z,2026-09-01T17:32:15.948650+03:00,_1,3d9652cb5931,E147 - Archiepiskopou Makariou III Ave,Vasileos Georgiou II,0
2026-09-01T14:27:24Z,2026-09-01T17:32:15.948650+03:00,_2,ded58892ae74,Agias Filaxeos,Vasileos Georgiou II,4
2026-09-01T14:27:24Z,2026-09-01T17:32:15.948650+03:00,_3,f74602cafe9b,Agias Filaxeos,Steliou Kyriakidi,0
2026-09-01T14:27:24Z,2026-09-01T17:32:15.948650+03:00,_4,fbdd0e351f56,Ivykou,,4
2026-09-01T14:27:24Z,2026-09-01T17:32:15.948650+03:00,_5,f5f94ff22484,Agias Filaxeos,E110,0
2026-09-01T14:27:24Z,2026-09-01T17:32:15.948650+03:00,_0,92a354a8d94a,Leoforos Strovolou,E950 - Giannou Kranidioti,0
2026-09-01T14:27:24Z,2026-09-01T17:32:15.948650+03:00,_1,bc3172fccafa,E950 - Giannou Kranidioti,,4
2026-09-01T14:27:24Z,2026-09-01T17:32:15.948650+03:00,_2,7395962828a3,E148 - Melinas Merkouri,E902 - Proedrikou Megarou Ave,0
2026-09-01T14:27:24Z,2026-09-01T17:32:15.948650+03:00,_3,25beebc1d5d8,Perikleous,E902 - Proedrikou Megarou Ave,3
2026-09-01T14:27:24Z,2026-09-01T17:32:15.948650+03:00,_4,c6ac6530f2b9,Strovolou Ave,E902 - Proedrikou Megarou Ave,0
2026-09-01T14:27:24Z,2026-09-01T17:32:15.948650+03:00,_0,72b03ff9b5bc,E110,E110 - Agias Fylaxeos,0
2026-09-01T14:27:24Z,2026-09-01T17:32:15.948650+03:00,_1,e50ca2ecb1e0,E110 - 1 Apriliou,,3
2026-09-01T14:27:24Z,2026-09-01T17:32:15.948650+03:00,_2,73c10e640ed1,E110 - Agias Fylaxeos,E147 - Archiepiskopou Makariou III Ave,0
2026-09-01T14:27:24Z,2026-09-01T17:32:15.948650+03:00,_3,676c339d8b55,Agias Filaxeos,E147 - Archiepiskopou Makariou III Ave,3
2026-09-01T14:27:24Z,2026-09-01T17:32:15.948650+03:00,_0,d0dc64f54734,,Lemesou Ave,0
2026-09-01T14:27:24Z,2026-09-01T17:32:15.948650+03:00,_1,1c3025f6d361,Strovolos,Lemesou Ave,4
2026-09-01T14:27:24Z,2026-09-01T17:32:15.948650+03:00,_2,7c50b274239b,Aglantzia,E164 - Armenias,0
2026-09-01T14:27:24Z,2026-09-01T17:32:15.948650+03:00,_3,e9824d0075f7,Lemesou Ave,,3
2026-09-01T14:27:24Z,2026-09-01T17:32:15.948650+03:00,_4,91353c408128,,Lemesou Ave,0
2026-09-01T14:27:24Z,2026-09-01T17:32:15.948650+03:00,_5,660d388bb733,Lemesou Ave,Archiepiskopou Makariou III Ave,3
2026-09-01T14:27:24Z,2026-09-01T17:32:15.948650+03:00,_6,585aa61a46fa,Lemesou Ave,B18 - Digeni Akrita Ave,0
2026-09-01T14:27:24Z,2026-09-01T17:32:15.948650+03:00,_7,055237d5336a,Archiepiskopou Makariou III Ave,B18 - Georgiou Griva Digeni Ave,3
2026-09-01T14:27:24Z,2026-09-01T17:32:15.948650+03:00,_8,1abd14145799,Archiepiskopou Makariou III Ave,B18 - Georgiou Griva Digeni Ave,0
2026-09-01T14:27:24Z,2026-09-01T17:32:15.948650+03:00,_9,4cadbb7e2669,Archiepiskopou Makariou III Ave,E1302 - Nikis Ave,4
2026-09-01T14:27:24Z,2026-09-01T17:32:15.948650+03:00,_10,53725b50c7e6,B18 - Georgiou Griva Digeni Ave,Evagorou Ave,0
2026-09-01T14:37:51Z,2026-09-01T17:42:16.066191+03:00,_0,9637c1cd3244,Strovolos,Strovolos,0
2026-09-01T14:37:51Z,2026-09-01T17:42:16.066191+03:00,_1,d1bd4cd56cd8,Strovolos,Lemesou Ave,4
2026-09-01T14:37:51Z,2026-09-01T17:42:16.066191+03:00,_2,7c50b274239b,Aglantzia,E164 - Armenias,0
2026-09-01T14:37:51Z,2026-09-01T17:42:16.066191+03:00,_3,c57daf65c80e,Lemesou Ave,Archiepiskopou Makariou III Ave,3
2026-09-01T14:37:51Z,2026-09-01T17:42:16.066191+03:00,_0,db379abb1dc7,Georgiou Neofytou,Spyrou Kyprianou Ave,0
2026-09-01T14:37:51Z,2026-09-01T17:42:16.066191+03:00,_1,d485409681ec,Spyrou Kyprianou Ave,E114 - Archiepiskopou Makariou III Ave,3
2026-09-01T14:37:51Z,2026-09-01T17:42:16.066191+03:00,_2,6c5a5d840bb0,Spyrou Kyprianou Ave,Spyrou Kyprianou Ave,0
2026-09-01T14:37:51Z,2026-09-01T17:42:16.066191+03:00,_3,f5d4a5e20d87,Spyrou Kyprianou Ave,Spyrou Kyprianou Ave,4
2026-09-01T14:37:51Z,2026-09-01T17:42:16.066191+03:00,_4,0efa495a7a2f,Spyrou Kyprianou Ave,Angelou Vlachou,0
2026-09-01T14:37:51Z,2026-09-01T17:42:16.066191+03:00,_0,8d2065e6031d,E147 - Archiepiskopou Makariou III Ave,Agias Filaxeos,0
2026-09-01T14:37:51Z,2026-09-01T17:42:16.066191+03:00,_1,1b4b6cd8b625,Agias Filaxeos,Agias Filaxeos,3
2026-09-01T14:37:51Z,2026-09-01T17:42:16.066191+03:00,_2,ada2853a7b9f,Agias Filaxeos,Steliou Kyriakidi,0
2026-09-01T14:37:51Z,2026-09-01T17:42:16.066191+03:00,_3,fbdd0e351f56,Ivykou,,4
2026-09-01T14:37:51Z,2026-09-01T17:42:16.066191+03:00,_4,f5f94ff22484,Agias Filaxeos,E110,0
2026-09-01T14:37:51Z,2026-09-01T17:42:16.066191+03:00,_0,92a354a8d94a,Leoforos Strovolou,E950 - Giannou Kranidioti,0
2026-09-01T14:37:51Z,2026-09-01T17:42:16.066191+03:00,_1,bc3172fccafa,E950 - Giannou Kranidioti,,4
2026-09-01T14:37:51Z,2026-09-01T17:42:16.066191+03:00,_2,141b4c7cefa0,E148 - Melinas Merkouri,Perikleous,0
2026-09-01T14:37:51Z,2026-09-01T17:42:16.066191+03:00,_3,43a34a15d63a,E122 - Athinon,E902 - Proedrikou Megarou Ave,3
2026-09-01T14:37:51Z,2026-09-01T17:42:16.066191+03:00,_4,c6ac6530f2b9,Strovolou Ave,E902 - Proedrikou Megarou Ave,0
2026-09-01T14:37:51Z,2026-09-01T17:42:16.066191+03:00,_0,72b03ff9b5bc,E110,E110 - Agias Fylaxeos,0
2026-09-01T14:37:51Z,2026-09-01T17:42:16.066191+03:00,_1,e50ca2ecb1e0,E110 - 1 Apriliou,,3
2026-09-01T14:37:51Z,2026-09-01T17:42:16.066191+03:00,_2,73c10e640ed1,E110 - Agias Fylaxeos,E147 - Archiepiskopou Makariou III Ave,0
2026-09-01T14:37:51Z,2026-09-01T17:42:16.066191+03:00,_3,676c339d8b55,Agias Filaxeos,E147 - Archiepiskopou Makariou III Ave,4
2026-09-01T14:37:51Z,2026-09-01T17:42:16.066191+03:00,_0,1561bafaf811,,Lemesou Ave,0
2026-09-01T14:37:51Z,2026-09-01T17:42:16.066191+03:00,_1,d1bd4cd56cd8,Strovolos,Lemesou Ave,4
2026-09-01T14:37:51Z,2026-09-01T17:42:16.066191+03:00,_2,7c50b274239b,Aglantzia,E164 - Armenias,0
2026-09-01T14:37:51Z,2026-09-01T17:42:16.066191+03:00,_3,43f05193c4b0,Lemesou Ave,Archiepiskopou Makariou III Ave,3
2026-09-01T14:37:51Z,2026-09-01T17:42:16.066191+03:00,_4,216090995857,Lemesou Ave,B18 - Digeni Akrita Ave,0
2026-09-01T14:37:51Z,2026-09-01T17:42:16.066191+03:00,_5,95344851cee7,Archiepiskopou Makariou III Ave,B18 - Georgiou Griva Digeni Ave,3
2026-09-01T14:37:51Z,2026-09-01T17:42:16.066191+03:00,_6,ffa406fad0a2,Archiepiskopou Makariou III Ave,E1302 - Nikis Ave,0
2026-09-01T14:37:51Z,2026-09-01T17:42:16.066191+03:00,_7,8d8a4326f75d,E1302 - Nikis Ave,E1302 - Nikis Ave,4
2026-09-01T14:37:51Z,2026-09-01T17:42:16.066191+03:00,_8,53725b50c7e6,B18 - Georgiou Griva Digeni Ave,Evagorou Ave,0
2026-09-01T14:37:51Z,2026-09-01T17:42:16.066191+03:00,_0,2459eb632a9a,Exit 24 >E127 Germasogeia / E113 Lemesos-Centre,Lemesos,0
2026-09-01T14:37:51Z,2026-09-01T17:42:16.066191+03:00,_1,e1dac3423766,Lemesos,Lemesos,2
2026-09-01T14:37:51Z,2026-09-01T17:42:16.066191+03:00,_2,c2a7d640bfe5,Lemesos,Kato Polemidia,0
2026-09-01T14:37:51Z,2026-09-01T17:42:16.066191+03:00,_3,088e367122ec,Kato Polemidia,Kato Polemidia,1
2026-09-01T14:37:51Z,2026-09-01T17:42:16.066191+03:00,_4,5052820d4346,A1,"to A6 > Pafos, Pafos Airport",0
2026-09-01T14:47:58Z,2026-09-01T17:52:15.951384+03:00,_0,9637c1cd3244,Strovolos,Strovolos,0
2026-09-01T14:47:58Z,2026-09-01T17:52:15.951384+03:00,_1,d1bd4cd56cd8,Strovolos,Lemesou Ave,4
2026-09-01T14:47:58Z,2026-09-01T17:52:15.951384+03:00,_2,7c50b274239b,Aglantzia,E164 - Armenias,0
2026-09-01T14:47:58Z,2026-09-01T17:52:15.951384+03:00,_3,c57daf65c80e,Lemesou Ave,Archiepiskopou Makariou III Ave,3
2026-09-01T14:47:58Z,2026-09-01T17:52:15.951384+03:00,_0,81c24d9c99cb,Georgiou Neofytou,Spyrou Kyprianou Ave,0
2026-09-01T14:47:58Z,2026-09-01T17:52:15.951384+03:00,_1,23cf5f9b773d,E114 - Archiepiskopou Makariou III Ave,Spyrou Kyprianou Ave,4
2026-09-01T14:47:58Z,2026-09-01T17:52:15.951384+03:00,_2,0efa495a7a2f,Spyrou Kyprianou Ave,Angelou Vlachou,0
2026-09-01T14:47:58Z,2026-09-01T17:52:15.951384+03:00,_0,15ae2e1d5817,E147 - Archiepiskopou Makariou III Ave,Agias Filaxeos,0
2026-09-01T14:47:58Z,2026-09-01T17:52:15.951384+03:00,_1,e0103df7d76d,Agias Filaxeos,Agias Filaxeos,3
2026-09-01T14:47:58Z,2026-09-01T17:52:15.951384+03:00,_2,ec5eee792e7a,Agias Filaxeos,Steliou Kyriakidi,0
2026-09-01T14:47:58Z,2026-09-01T17:52:15.951384+03:00,_3,a80760be4702,Ivykou,Agias Filaxeos,3
2026-09-01T14:47:58Z,2026-09-01T17:52:15.951384+03:00,_4,a4260c51b19c,Steliou Kyriakidi,,4
2026-09-01T14:47:58Z,2026-09-01T17:52:15.951384+03:00,_5,f5f94ff22484,Agias Filaxeos,E110,0
2026-09-01T14:47:58Z,2026-09-01T17:52:15.951384+03:00,_0,92a354a8d94a,Leoforos Strovolou,E950 - Giannou Kranidioti,0
2026-09-01T14:47:58Z,2026-09-01T17:52:15.951384+03:00,_1,bc3172fccafa,E950 - Giannou Kranidioti,,4
2026-09-01T14:47:58Z,2026-09-01T17:52:15.951384+03:00,_2,468a71de0cb1,E148 - Melinas Merkouri,E902 - Proedrikou Megarou Ave,0
2026-09-01T14:47:58Z,2026-09-01T17:52:15.951384+03:00,_3,5da069711715,E122 - Athinon,E902 - Proedrikou Megarou Ave,3
2026-09-01T14:47:58Z,2026-09-01T17:52:15.951384+03:00,_4,c6ac6530f2b9,Strovolou Ave,E902 - Proedrikou Megarou Ave,0
2026-09-01T14:47:58Z,2026-09-01T17:52:15.951384+03:00,_0,431f99d1e0ab,E110,E110 - Agias Fylaxeos,0
2026-09-01T14:47:58Z,2026-09-01T17:52:15.951384+03:00,_1,b8e1983f3a68,E110 - Agias Fylaxeos,,3
2026-09-01T14:47:58Z,2026-09-01T17:52:15.951384+03:00,_2,94bd22476a9c,E110 - Agias Fylaxeos,E147 - Archiepiskopou Makariou III Ave,0
2026-09-01T14:47:58Z,2026-09-01T17:52:15.951384+03:00,_3,88697bca4b53,Agias Filaxeos,E147 - Archiepiskopou Makariou III Ave,3
2026-09-01T14:47:58Z,2026-09-01T17:52:15.951384+03:00,_0,1561bafaf811,,Lemesou Ave,0
2026-09-01T14:47:58Z,2026-09-01T17:52:15.951384+03:00,_1,d1bd4cd56cd8,Strovolos,Lemesou Ave,4
2026-09-01T14:47:58Z,2026-09-01T17:52:15.951384+03:00,_2,7c50b274239b,Aglantzia,E164 - Armenias,0
2026-09-01T14:47:58Z,2026-09-01T17:52:15.951384+03:00,_3,43f05193c4b0,Lemesou Ave,Archiepiskopou Makariou III Ave,3
2026-09-01T14:47:58Z,2026-09-01T17:52:15.951384+03:00,_4,706a59856a4f,Lemesou Ave,E1302 - Nikis Ave,0
2026-09-01T14:47:58Z,2026-09-01T17:52:15.951384+03:00,_5,8d8a4326f75d,E1302 - Nikis Ave,E1302 - Nikis Ave,4
2026-09-01T14:47:58Z,2026-09-01T17:52:15.951384+03:00,_6,910016111853,B18 - Georgiou Griva Digeni Ave,B18 - Georgiou Griva Digeni Ave,0
2026-09-01T14:47:58Z,2026-09-01T17:52:15.951384+03:00,_7,bd5c9c327179,B18 - Georgiou Griva Digeni Ave,Evagorou Ave,2
2026-09-01T14:47:58Z,2026-09-01T17:52:15.951384+03:00,_8,76dbed895c05,E165 - Themistokli Dervi,Evagorou Ave,0
2026-09-01T14:58:25Z,2026-09-01T18:03:19.391781+03:00,_0,fe72ea2b224f,Strovolos,Lemesou Ave,0
2026-09-01T14:58:25Z,2026-09-01T18:03:19.391781+03:00,_1,1c3025f6d361,Strovolos,Lemesou Ave,3
2026-09-01T14:58:25Z,2026-09-01T18:03:19.391781+03:00,_2,7c50b274239b,Aglantzia,E164 - Armenias,0
2026-09-01T14:58:25Z,2026-09-01T18:03:19.391781+03:00,_3,c57daf65c80e,Lemesou Ave,Archiepiskopou Makariou III Ave,3
2026-09-01T14:58:25Z,2026-09-01T18:03:19.391781+03:00,_0,21112a4dd623,E147 - Archiepiskopou Makariou III Ave,Agias Filaxeos,0
2026-09-01T14:58:25Z,2026-09-01T18:03:19.391781+03:00,_1,0aebd3740b14,E147 - Archiepiskopou Makariou III Ave,Vasileos Georgiou II,3
2026-09-01T14:58:25Z,2026-09-01T18:03:19.391781+03:00,_2,0412ce56318a,Agias Filaxeos,Vasileos Georgiou II,0
2026-09-01T14:58:25Z,2026-09-01T18:03:19.391781+03:00,_3,e07ed380dedf,Agias Filaxeos,Vasileos Georgiou II,4
2026-09-01T14:58:25Z,2026-09-01T18:03:19.391781+03:00,_4,a82b6e6a347b,Agias Filaxeos,Ivykou,0
2026-09-01T14:58:25Z,2026-09-01T18:03:19.391781+03:00,_5,a3a2f79512a0,Bellini,,4
2026-09-01T14:58:25Z,2026-09-01T18:03:19.391781+03:00,_6,f5f94ff22484,Agias Filaxeos,E110,0
2026-09-01T14:58:25Z,2026-09-01T18:03:19.391781+03:00,_0,75d608084d2f,Georgiou Neofytou,Spyrou Kyprianou Ave,0
2026-09-01T14:58:25Z,2026-09-01T18:03:19.391781+03:00,_1,f5d4a5e20d87,Spyrou Kyprianou Ave,Spyrou Kyprianou Ave,4
2026-09-01T14:58:25Z,2026-09-01T18:03:19.391781+03:00,_2,0efa495a7a2f,Spyrou Kyprianou Ave,Angelou Vlachou,0
2026-09-01T14:58:25Z,2026-09-01T18:03:19.391781+03:00,_0,92a354a8d94a,Leoforos Strovolou,E950 - Giannou Kranidioti,0
2026-09-01T14:58:25Z,2026-09-01T18:03:19.391781+03:00,_1,bc3172fccafa,E950 - Giannou Kranidioti,,4
2026-09-01T14:58:25Z,2026-09-01T18:03:19.391781+03:00,_2,468a71de0cb1,E148 - Melinas Merkouri,E902 - Proedrikou Megarou Ave,0
2026-09-01T14:58:25Z,2026-09-01T18:03:19.391781+03:00,_3,5da069711715,E122 - Athinon,E902 - Proedrikou Megarou Ave,3
2026-09-01T14:58:25Z,2026-09-01T18:03:19.391781+03:00,_4,c6ac6530f2b9,Strovolou Ave,E902 - Proedrikou Megarou Ave,0
2026-09-01T14:58:25Z,2026-09-01T18:03:19.391781+03:00,_0,df567d5dbf59,E110,E110 - Agias Fylaxeos,0
2026-09-01T14:58:25Z,2026-09-01T18:03:19.391781+03:00,_1,883ce04f7136,E110 - 1 Apriliou,,3
2026-09-01T14:58:25Z,2026-09-01T18:03:19.391781+03:00,_2,fa4ea973ce7c,E110 - Agias Fylaxeos,Agias Filaxeos,0
2026-09-01T14:58:25Z,2026-09-01T18:03:19.391781+03:00,_3,e20cb72a4d8d,Agias Filaxeos,E147 - Archiepiskopou Makariou III Ave,3
2026-09-01T14:58:25Z,2026-09-01T18:03:19.391781+03:00,_0,d0dc64f54734,,Lemesou Ave,0
2026-09-01T14:58:25Z,2026-09-01T18:03:19.391781+03:00,_1,1c3025f6d361,Strovolos,Lemesou Ave,3
2026-09-01T14:58:25Z,2026-09-01T18:03:19.391781+03:00,_2,7c50b274239b,Aglantzia,E164 - Armenias,0
2026-09-01T14:58:25Z,2026-09-01T18:03:19.391781+03:00,_3,43f05193c4b0,Lemesou Ave,Archiepiskopou Makariou III Ave,3
2026-09-01T14:58:25Z,2026-09-01T18:03:19.391781+03:00,_4,9d9318e88b84,Lemesou Ave,E1302 - Nikis Ave,0
2026-09-01T14:58:25Z,2026-09-01T18:03:19.391781+03:00,_5,b0e6f03d0b8e,B18 - Georgiou Griva Digeni Ave,B18 - Georgiou Griva Digeni Ave,4
2026-09-01T14:58:25Z,2026-09-01T18:03:19.391781+03:00,_6,bbf67e32aa17,B18 - Georgiou Griva Digeni Ave,Evagorou Ave,0
2026-09-01T14:58:25Z,2026-09-01T18:03:19.391781+03:00,_0,2459eb632a9a,Exit 24 >E127 Germasogeia / E113 Lemesos-Centre,Lemesos,0
2026-09-01T14:58:25Z,2026-09-01T18:03:19.391781+03:00,_1,e1dac3423766,Lemesos,Lemesos,3
2026-09-01T14:58:25Z,2026-09-01T18:03:19.391781+03:00,_2,ef93f4872b51,Lemesos,"to A6 > Pafos, Pafos Airport",0
2026-09-01T15:08:34Z,2026-09-01T18:13:28.737403+03:00,_0,21112a4dd623,E147 - Archiepiskopou Makariou III Ave,Agias Filaxeos,0
2026-09-01T15:08:34Z,2026-09-01T18:13:28.737403+03:00,_1,8f6f72da9cbe,E147 - Archiepiskopou Makariou III Ave,Vasileos Georgiou II,3
2026-09-01T15:08:34Z,2026-09-01T18:13:28.737403+03:00,_2,f313ea6b5c90,Agias Filaxeos,Ivykou,0
2026-09-01T15:08:34Z,2026-09-01T18:13:28.737403+03:00,_3,a3a2f79512a0,Bellini,,4
2026-09-01T15:08:34Z,2026-09-01T18:13:28.737403+03:00,_4,f780373a5188,Agias Filaxeos,E110 - Agias Fylaxeos,0
2026-09-01T15:08:34Z,2026-09-01T18:13:28.737403+03:00,_5,6841a02a1258,,E110 - 1 Apriliou,2
2026-09-01T15:08:34Z,2026-09-01T18:13:28.737403+03:00,_6,f99b72a378a5,E110 - Agias Fylaxeos,E110,0
2026-09-01T15:08:34Z,2026-09-01T18:13:28.737403+03:00,_0,fe72ea2b224f,Strovolos,Lemesou Ave,0
2026-09-01T15:08:34Z,2026-09-01T18:13:28.737403+03:00,_1,1c3025f6d361,Strovolos,Lemesou Ave,4
2026-09-01T15:08:34Z,2026-09-01T18:13:28.737403+03:00,_2,7c50b274239b,Aglantzia,E164 - Armenias,0
2026-09-01T15:08:34Z,2026-09-01T18:13:28.737403+03:00,_3,c57daf65c80e,Lemesou Ave,Archiepiskopou Makariou III Ave,3
2026-09-01T15:08:34Z,2026-09-01T18:13:28.737403+03:00,_0,92a354a8d94a,Leoforos Strovolou,E950 - Giannou Kranidioti,0
2026-09-01T15:08:34Z,2026-09-01T18:13:28.737403+03:00,_1,bc3172fccafa,E950 - Giannou Kranidioti,,4
2026-09-01T15:08:34Z,2026-09-01T18:13:28.737403+03:00,_2,17b105e7d107,E148 - Melinas Merkouri,E902 - Proedrikou Megarou Ave,0
2026-09-01T15:08:34Z,2026-09-01T18:13:28.737403+03:00,_3,9c53d98fd373,Omirou,E902 - Proedrikou Megarou Ave,4
2026-09-01T15:08:34Z,2026-09-01T18:13:28.737403+03:00,_4,c6ac6530f2b9,Strovolou Ave,E902 - Proedrikou Megarou Ave,0
2026-09-01T15:08:34Z,2026-09-01T18:13:28.737403+03:00,_0,8ca083cd69f4,E110,Spyrou Kyprianou Ave,0
2026-09-01T15:08:34Z,2026-09-01T18:13:28.737403+03:00,_1,9196d4917ec7,Vasileos Georgiou II,E147 - Archiepiskopou Makariou III Ave,3
2026-09-01T15:08:34Z,2026-09-01T18:13:28.737403+03:00,_0,d0dc64f54734,,Lemesou Ave,0
2026-09-01T15:08:34Z,2026-09-01T18:13:28.737403+03:00,_1,1c3025f6d361,Strovolos,Lemesou Ave,4
2026-09-01T15:08:34Z,2026-09-01T18:13:28.737403+03:00,_2,7c50b274239b,Aglantzia,E164 - Armenias,0
2026-09-01T15:08:34Z,2026-09-01T18:13:28.737403+03:00,_3,43f05193c4b0,Lemesou Ave,Archiepiskopou Makariou III Ave,3
2026-09-01T15:08:34Z,2026-09-01T18:13:28.737403+03:00,_4,9d9318e88b84,Lemesou Ave,E1302 - Nikis Ave,0
2026-09-01T15:08:34Z,2026-09-01T18:13:28.737403+03:00,_5,b0e6f03d0b8e,B18 - Georgiou Griva Digeni Ave,B18 - Georgiou Griva Digeni Ave,4
2026-09-01T15:08:34Z,2026-09-01T18:13:28.737403+03:00,_6,bbf67e32aa17,B18 - Georgiou Griva Digeni Ave,Evagorou Ave,0
2026-09-01T15:19:02Z,2026-09-01T18:23:58.032015+03:00,_0,21112a4dd623,E147 - Archiepiskopou Makariou III Ave,Agias Filaxeos,0
2026-09-01T15:19:02Z,2026-09-01T18:23:58.032015+03:00,_1,8f6f72da9cbe,E147 - Archiepiskopou Makariou III Ave,Vasileos Georgiou II,3
2026-09-01T15:19:02Z,2026-09-01T18:23:58.032015+03:00,_2,ec5eee792e7a,Agias Filaxeos,Steliou Kyriakidi,0
2026-09-01T15:19:02Z,2026-09-01T18:23:58.032015+03:00,_3,fbdd0e351f56,Ivykou,,4
2026-09-01T15:19:02Z,2026-09-01T18:23:58.032015+03:00,_4,f5f94ff22484,Agias Filaxeos,E110,0
2026-09-01T15:19:02Z,2026-09-01T18:23:58.032015+03:00,_0,fe72ea2b224f,Strovolos,Lemesou Ave,0
2026-09-01T15:19:02Z,2026-09-01T18:23:58.032015+03:00,_1,1c3025f6d361,Strovolos,Lemesou Ave,4
2026-09-01T15:19:02Z,2026-09-01T18:23:58.032015+03:00,_2,7c50b274239b,Aglantzia,E164 - Armenias,0
2026-09-01T15:19:02Z,2026-09-01T18:23:58.032015+03:00,_3,c57daf65c80e,Lemesou Ave,Archiepiskopou Makariou III Ave,3
2026-09-01T15:19:02Z,2026-09-01T18:23:58.032015+03:00,_0,db379abb1dc7,Georgiou Neofytou,Spyrou Kyprianou Ave,0
2026-09-01T15:19:02Z,2026-09-01T18:23:58.032015+03:00,_1,bb8e26f01eed,Spyrou Kyprianou Ave,E114 - Archiepiskopou Makariou III Ave,3
2026-09-01T15:19:02Z,2026-09-01T18:23:58.032015+03:00,_2,170ca50cf9c5,E114 - Archiepiskopou Makariou III Ave,Angelou Vlachou,0
2026-09-01T15:19:02Z,2026-09-01T18:23:58.032015+03:00,_0,92a354a8d94a,Leoforos Strovolou,E950 - Giannou Kranidioti,0
2026-09-01T15:19:02Z,2026-09-01T18:23:58.032015+03:00,_1,bc3172fccafa,E950 - Giannou Kranidioti,,4
2026-09-01T15:19:02Z,2026-09-01T18:23:58.032015+03:00,_2,f6e3683f3cf5,E148 - Melinas Merkouri,E902 - Proedrikou Megarou Ave,0
2026-09-01T15:19:02Z,2026-09-01T18:23:58.032015+03:00,_3,73e3e7cf90a1,Omirou,E902 - Proedrikou Megarou Ave,3
2026-09-01T15:19:02Z,2026-09-01T18:23:58.032015+03:00,_4,c6ac6530f2b9,Strovolou Ave,E902 - Proedrikou Megarou Ave,0
2026-09-01T15:19:02Z,2026-09-01T18:23:58.032015+03:00,_0,72b03ff9b5bc,E110,E110 - Agias Fylaxeos,0
2026-09-01T15:19:02Z,2026-09-01T18:23:58.032015+03:00,_1,e50ca2ecb1e0,E110 - 1 Apriliou,,2
2026-09-01T15:19:02Z,2026-09-01T18:23:58.032015+03:00,_2,73c10e640ed1,E110 - Agias Fylaxeos,E147 - Archiepiskopou Makariou III Ave,0
2026-09-01T15:19:02Z,2026-09-01T18:23:58.032015+03:00,_3,676c339d8b55,Agias Filaxeos,E147 - Archiepiskopou Makariou III Ave,3
2026-09-01T15:19:02Z,2026-09-01T18:23:58.032015+03:00,_0,d0dc64f54734,,Lemesou Ave,0
2026-09-01T15:19:02Z,2026-09-01T18:23:58.032015+03:00,_1,1c3025f6d361,Strovolos,Lemesou Ave,4
2026-09-01T15:19:02Z,2026-09-01T18:23:58.032015+03:00,_2,7c50b274239b,Aglantzia,E164 - Armenias,0
2026-09-01T15:19:02Z,2026-09-01T18:23:58.032015+03:00,_3,43f05193c4b0,Lemesou Ave,Archiepiskopou Makariou III Ave,3
2026-09-01T15:19:02Z,2026-09-01T18:23:58.032015+03:00,_4,706a59856a4f,Lemesou Ave,E1302 - Nikis Ave,0
2026-09-01T15:19:02Z,2026-09-01T18:23:58.032015+03:00,_5,3ef37424cda6,E1302 - Nikis Ave,B18 - Georgiou Griva Digeni Ave,4
2026-09-01T15:19:02Z,2026-09-01T18:23:58.032015+03:00,_6,77882f54bb36,B18 - Georgiou Griva Digeni Ave,Evagorou Ave,2
2026-09-01T15:19:02Z,2026-09-01T18:23:58.032015+03:00,_7,bd60eb46198f,E165 - Themistokli Dervi,Evagorou Ave,0
2026-09-01T15:29:10Z,2026-09-01T18:34:04.465206+03:00,_0,dd4be8784553,E147 - Archiepiskopou Makariou III Ave,Agias Filaxeos,0
2026-09-01T15:29:10Z,2026-09-01T18:34:04.465206+03:00,_1,931dd79e324a,E147 - Archiepiskopou Makariou III Ave,Vasileos Georgiou II,3
2026-09-01T15:29:10Z,2026-09-01T18:34:04.465206+03:00,_2,ec5eee792e7a,Agias Filaxeos,Steliou Kyriakidi,0
2026-09-01T15:29:10Z,2026-09-01T18:34:04.465206+03:00,_3,fbdd0e351f56,Ivykou,,4
2026-09-01T15:29:10Z,2026-09-01T18:34:04.465206+03:00,_4,f5f94ff22484,Agias Filaxeos,E110,0
2026-09-01T15:29:10Z,2026-09-01T18:34:04.465206+03:00,_0,fe72ea2b224f,Strovolos,Lemesou Ave,0
2026-09-01T15:29:10Z,2026-09-01T18:34:04.465206+03:00,_1,1c3025f6d361,Strovolos,Lemesou Ave,3
2026-09-01T15:29:10Z,2026-09-01T18:34:04.465206+03:00,_2,7c50b274239b,Aglantzia,E164 - Armenias,0
2026-09-01T15:29:10Z,2026-09-01T18:34:04.465206+03:00,_3,c57daf65c80e,Lemesou Ave,Archiepiskopou Makariou III Ave,3
2026-09-01T15:29:10Z,2026-09-01T18:34:04.465206+03:00,_0,04e0d90cca46,Leoforos Strovolou,E902 - Proedrikou Megarou Ave,0
2026-09-01T15:29:10Z,2026-09-01T18:34:04.465206+03:00,_1,2e2860fdee90,Strovolou Ave,E902 - Proedrikou Megarou Ave,4
2026-09-01T15:29:10Z,2026-09-01T18:34:04.465206+03:00,_2,c6ac6530f2b9,Strovolou Ave,E902 - Proedrikou Megarou Ave,0
2026-09-01T15:29:10Z,2026-09-01T18:34:04.465206+03:00,_0,39496f0cfb84,E110,Agias Filaxeos,0
2026-09-01T15:29:10Z,2026-09-01T18:34:04.465206+03:00,_1,8efecb847652,Spyrou Kyprianou Ave,E147 - Archiepiskopou Makariou III Ave,3
2026-09-01T15:29:10Z,2026-09-01T18:34:04.465206+03:00,_0,d0dc64f54734,,Lemesou Ave,0
2026-09-01T15:29:10Z,2026-09-01T18:34:04.465206+03:00,_1,1c3025f6d361,Strovolos,Lemesou Ave,3
2026-09-01T15:29:10Z,2026-09-01T18:34:04.465206+03:00,_2,7c50b274239b,Aglantzia,E164 - Armenias,0
2026-09-01T15:29:10Z,2026-09-01T18:34:04.465206+03:00,_3,43f05193c4b0,Lemesou Ave,Archiepiskopou Makariou III Ave,3
2026-09-01T15:29:10Z,2026-09-01T18:34:04.465206+03:00,_4,8fab7dfc83f0,Lemesou Ave,Evagorou Ave,0
2026-09-01T15:39:39Z,2026-09-01T18:44:07.153522+03:00,_0,21112a4dd623,E147 - Archiepiskopou Makariou III Ave,Agias Filaxeos,0
2026-09-01T15:39:39Z,2026-09-01T18:44:07.153522+03:00,_1,8f6f72da9cbe,E147 - Archiepiskopou Makariou III Ave,Vasileos Georgiou II,3
2026-09-01T15:39:39Z,2026-09-01T18:44:07.153522+03:00,_2,f313ea6b5c90,Agias Filaxeos,Ivykou,0
2026-09-01T15:39:39Z,2026-09-01T18:44:07.153522+03:00,_3,a3a2f79512a0,Bellini,,4
2026-09-01T15:39:39Z,2026-09-01T18:44:07.153522+03:00,_4,f5f94ff22484,Agias Filaxeos,E110,0
2026-09-01T15:39:39Z,2026-09-01T18:44:07.153522+03:00,_0,fe72ea2b224f,Strovolos,Lemesou Ave,0
2026-09-01T15:39:39Z,2026-09-01T18:44:07.153522+03:00,_1,1c3025f6d361,Strovolos,Lemesou Ave,3
2026-09-01T15:39:39Z,2026-09-01T18:44:07.153522+03:00,_2,7c50b274239b,Aglantzia,E164 - Armenias,0
2026-09-01T15:39:39Z,2026-09-01T18:44:07.153522+03:00,_3,c57daf65c80e,Lemesou Ave,Archiepiskopou Makariou III Ave,3
2026-09-01T15:39:39Z,2026-09-01T18:44:07.153522+03:00,_0,9047fb30c8db,E110,E147 - Archiepiskopou Makariou III Ave,0
2026-09-01T15:39:39Z,2026-09-01T18:44:07.153522+03:00,_1,535964c57235,Agias Filaxeos,E147 - Archiepiskopou Makariou III Ave,4
2026-09-01T15:39:39Z,2026-09-01T18:44:07.153522+03:00,_0,d0dc64f54734,,Lemesou Ave,0
2026-09-01T15:39:39Z,2026-09-01T18:44:07.153522+03:00,_1,1c3025f6d361,Strovolos,Lemesou Ave,3
2026-09-01T15:39:39Z,2026-09-01T18:44:07.153522+03:00,_2,7c50b274239b,Aglantzia,E164 - Armenias,0
2026-09-01T15:39:39Z,2026-09-01T18:44:07.153522+03:00,_3,43f05193c4b0,Lemesou Ave,Archiepiskopou Makariou III Ave,3
2026-09-01T15:39:39Z,2026-09-01T18:44:07.153522+03:00,_4,8fab7dfc83f0,Lemesou Ave,Evagorou Ave,0
2026-09-01T15:49:45Z,2026-09-01T18:54:06.990673+03:00,_0,dd4be8784553,E147 - Archiepiskopou Makariou III Ave,Agias Filaxeos,0
2026-09-01T15:49:45Z,2026-09-01T18:54:06.990673+03:00,_1,931dd79e324a,E147 - Archiepiskopou Makariou III Ave,Vasileos Georgiou II,3
2026-09-01T15:49:45Z,2026-09-01T18:54:06.990673+03:00,_2,a68ab8316526,Agias Filaxeos,Vasileos Georgiou II,0
2026-09-01T15:49:45Z,2026-09-01T18:54:06.990673+03:00,_3,ded58892ae74,Agias Filaxeos,Vasileos Georgiou II,4
2026-09-01T15:49:45Z,2026-09-01T18:54:06.990673+03:00,_4,f74602cafe9b,Agias Filaxeos,Steliou Kyriakidi,0
2026-09-01T15:49:45Z,2026-09-01T18:54:06.990673+03:00,_5,fbdd0e351f56,Ivykou,,4
2026-09-01T15:49:45Z,2026-09-01T18:54:06.990673+03:00,_6,f780373a5188,Agias Filaxeos,E110 - Agias Fylaxeos,0
2026-09-01T15:49:45Z,2026-09-01T18:54:06.990673+03:00,_7,6841a02a1258,,E110 - 1 Apriliou,2
2026-09-01T15:49:45Z,2026-09-01T18:54:06.990673+03:00,_8,f99b72a378a5,E110 - Agias Fylaxeos,E110,0
2026-09-01T15:49:45Z,2026-09-01T18:54:06.990673+03:00,_0,fe72ea2b224f,Strovolos,Lemesou Ave,0
2026-09-01T15:49:45Z,2026-09-01T18:54:06.990673+03:00,_1,1c3025f6d361,Strovolos,Lemesou Ave,3
2026-09-01T15:49:45Z,2026-09-01T18:54:06.990673+03:00,_2,7c50b274239b,Aglantzia,E164 - Armenias,0
2026-09-01T15:49:45Z,2026-09-01T18:54:06.990673+03:00,_3,e9824d0075f7,Lemesou Ave,,3
2026-09-01T15:49:45Z,2026-09-01T18:54:06.990673+03:00,_4,91353c408128,,Lemesou Ave,0
2026-09-01T15:49:45Z,2026-09-01T18:54:06.990673+03:00,_0,75d608084d2f,Georgiou Neofytou,Spyrou Kyprianou Ave,0
2026-09-01T15:49:45Z,2026-09-01T18:54:06.990673+03:00,_1,f5d4a5e20d87,Spyrou Kyprianou Ave,Spyrou Kyprianou Ave,3
2026-09-01T15:49:45Z,2026-09-01T18:54:06.990673+03:00,_2,0efa495a7a2f,Spyrou Kyprianou Ave,Angelou Vlachou,0
2026-09-01T15:49:45Z,2026-09-01T18:54:06.990673+03:00,_0,04b7f09395d8,E110,Agias Filaxeos,0
2026-09-01T15:49:45Z,2026-09-01T18:54:06.990673+03:00,_1,fe38cd6fb3fa,Spyrou Kyprianou Ave,E147 - Archiepiskopou Makariou III Ave,3
2026-09-01T15:49:45Z,2026-09-01T18:54:06.990673+03:00,_0,d0dc64f54734,,Lemesou Ave,0
2026-09-01T15:49:45Z,2026-09-01T18:54:06.990673+03:00,_1,1c3025f6d361,Strovolos,Lemesou Ave,3
2026-09-01T15:49:45Z,2026-09-01T18:54:06.990673+03:00,_2,7c50b274239b,Aglantzia,E164 - Armenias,0
2026-09-01T15:49:45Z,2026-09-01T18:54:06.990673+03:00,_3,e9824d0075f7,Lemesou Ave,,3
2026-09-01T15:49:45Z,2026-09-01T18:54:06.990673+03:00,_4,a84133578e83,,Evagorou Ave,0
2026-09-01T16:00:10Z,2026-09-01T19:05:04.442813+03:00,_0,fe72ea2b224f,Strovolos,Lemesou Ave,0
2026-09-01T16:00:10Z,2026-09-01T19:05:04.442813+03:00,_1,1c3025f6d361,Strovolos,Lemesou Ave,4
2026-09-01T16:00:10Z,2026-09-01T19:05:04.442813+03:00,_2,7792802c8552,Aglantzia,Archiepiskopou Makariou III Ave,0
2026-09-01T16:00:10Z,2026-09-01T19:05:04.442813+03:00,_0,dd4be8784553,E147 - Archiepiskopou Makariou III Ave,Agias Filaxeos,0
2026-09-01T16:00:10Z,2026-09-01T19:05:04.442813+03:00,_1,931dd79e324a,E147 - Archiepiskopou Makariou III Ave,Vasileos Georgiou II,2
2026-09-01T16:00:10Z,2026-09-01T19:05:04.442813+03:00,_2,cfd611ccb05b,Agias Filaxeos,Agias Filaxeos,0
2026-09-01T16:00:10Z,2026-09-01T19:05:04.442813+03:00,_3,95579dbc01e3,Agias Filaxeos,Vasileos Georgiou II,4
2026-09-01T16:00:10Z,2026-09-01T19:05:04.442813+03:00,_4,f74602cafe9b,Agias Filaxeos,Steliou Kyriakidi,0
2026-09-01T16:00:10Z,2026-09-01T19:05:04.442813+03:00,_5,a80760be4702,Ivykou,Agias Filaxeos,3
2026-09-01T16:00:10Z,2026-09-01T19:05:04.442813+03:00,_6,a4260c51b19c,Steliou Kyriakidi,,4
2026-09-01T16:00:10Z,2026-09-01T19:05:04.442813+03:00,_7,f780373a5188,Agias Filaxeos,E110 - Agias Fylaxeos,0
2026-09-01T16:00:10Z,2026-09-01T19:05:04.442813+03:00,_8,6841a02a1258,,E110 - 1 Apriliou,2
2026-09-01T16:00:10Z,2026-09-01T19:05:04.442813+03:00,_9,f99b72a378a5,E110 - Agias Fylaxeos,E110,0
2026-09-01T16:00:10Z,2026-09-01T19:05:04.442813+03:00,_0,9047fb30c8db,E110,E147 - Archiepiskopou Makariou III Ave,0
2026-09-01T16:00:10Z,2026-09-01T19:05:04.442813+03:00,_1,535964c57235,Agias Filaxeos,E147 - Archiepiskopou Makariou III Ave,3
2026-09-01T16:00:10Z,2026-09-01T19:05:04.442813+03:00,_0,d0dc64f54734,,Lemesou Ave,0
2026-09-01T16:00:10Z,2026-09-01T19:05:04.442813+03:00,_1,1c3025f6d361,Strovolos,Lemesou Ave,4
2026-09-01T16:00:10Z,2026-09-01T19:05:04.442813+03:00,_2,cc8badd45da4,Aglantzia,Evagorou Ave,0
2026-09-01T16:10:39Z,2026-09-01T19:15:33.060575+03:00,_0,fe72ea2b224f,Strovolos,Lemesou Ave,0
2026-09-01T16:10:39Z,2026-09-01T19:15:33.060575+03:00,_1,1c3025f6d361,Strovolos,Lemesou Ave,4
2026-09-01T16:10:39Z,2026-09-01T19:15:33.060575+03:00,_2,7c50b274239b,Aglantzia,E164 - Armenias,0
2026-09-01T16:10:39Z,2026-09-01T19:15:33.060575+03:00,_3,c57daf65c80e,Lemesou Ave,Archiepiskopou Makariou III Ave,3
2026-09-01T16:10:39Z,2026-09-01T19:15:33.060575+03:00,_0,90311137b0fc,E147 - Archiepiskopou Makariou III Ave,Agias Filaxeos,0
2026-09-01T16:10:39Z,2026-09-01T19:15:33.060575+03:00,_1,57ae009fa94e,Agias Filaxeos,Agias Filaxeos,2
2026-09-01T16:10:39Z,2026-09-01T19:15:33.060575+03:00,_2,a68ab8316526,Agias Filaxeos,Vasileos Georgiou II,0
2026-09-01T16:10:39Z,2026-09-01T19:15:33.060575+03:00,_3,ded58892ae74,Agias Filaxeos,Vasileos Georgiou II,4
2026-09-01T16:10:39Z,2026-09-01T19:15:33.060575+03:00,_4,f0692a22ef39,Agias Filaxeos,Agias Filaxeos,0
2026-09-01T16:10:39Z,2026-09-01T19:15:33.060575+03:00,_5,a4260c51b19c,Steliou Kyriakidi,,4
2026-09-01T16:10:39Z,2026-09-01T19:15:33.060575+03:00,_6,f780373a5188,Agias Filaxeos,E110 - Agias Fylaxeos,0
2026-09-01T16:10:39Z,2026-09-01T19:15:33.060575+03:00,_7,6841a02a1258,,E110 - 1 Apriliou,3
2026-09-01T16:10:39Z,2026-09-01T19:15:33.060575+03:00,_8,f99b72a378a5,E110 - Agias Fylaxeos,E110,0
2026-09-01T16:10:39Z,2026-09-01T19:15:33.060575+03:00,_0,d0dc64f54734,,Lemesou Ave,0
2026-09-01T16:10:39Z,2026-09-01T19:15:33.060575+03:00,_1,1c3025f6d361,Strovolos,Lemesou Ave,4
2026-09-01T16:10:39Z,2026-09-01T19:15:33.060575+03:00,_2,7c50b274239b,Aglantzia,E164 - Armenias,0
2026-09-01T16:10:39Z,2026-09-01T19:15:33.060575+03:00,_3,43f05193c4b0,Lemesou Ave,Archiepiskopou Makariou III Ave,3
2026-09-01T16:10:39Z,2026-09-01T19:15:33.060575+03:00,_4,7e9e53411917,Lemesou Ave,E1302 - Nikis Ave,0
2026-09-01T16:10:39Z,2026-09-01T19:15:33.060575+03:00,_5,910016111853,B18 - Georgiou Griva Digeni Ave,B18 - Georgiou Griva Digeni Ave,3
2026-09-01T16:10:39Z,2026-09-01T19:15:33.060575+03:00,_6,f3ce7a5c0882,B18 - Georgiou Griva Digeni Ave,B19 - Omirou Ave,0
2026-09-01T16:10:39Z,2026-09-01T19:15:33.060575+03:00,_7,ecb8295957ab,Omirou Ave,Dionysiou Solomou Square,3
2026-09-01T16:10:39Z,2026-09-01T19:15:33.060575+03:00,_8,b94aa02d2a10,Dionysiou Solomou Square,Anastasiou Leventi,0
2026-09-01T16:20:44Z,2026-09-01T19:25:38.664083+03:00,_0,69fc3b9dbbdd,Strovolos,Archiepiskopou Makariou III Ave,0
2026-09-01T16:20:44Z,2026-09-01T19:25:38.664083+03:00,_1,e9824d0075f7,Lemesou Ave,,3
2026-09-01T16:20:44Z,2026-09-01T19:25:38.664083+03:00,_2,91353c408128,,Lemesou Ave,0
2026-09-01T16:20:44Z,2026-09-01T19:25:38.664083+03:00,_0,90311137b0fc,E147 - Archiepiskopou Makariou III Ave,Agias Filaxeos,0
2026-09-01T16:20:44Z,2026-09-01T19:25:38.664083+03:00,_1,57ae009fa94e,Agias Filaxeos,Agias Filaxeos,2
2026-09-01T16:20:44Z,2026-09-01T19:25:38.664083+03:00,_2,4d6c741f90f1,Agias Filaxeos,Vasileos Georgiou II,0
2026-09-01T16:20:44Z,2026-09-01T19:25:38.664083+03:00,_3,e07ed380dedf,Agias Filaxeos,Vasileos Georgiou II,4
2026-09-01T16:20:44Z,2026-09-01T19:25:38.664083+03:00,_4,f0692a22ef39,Agias Filaxeos,Agias Filaxeos,0
2026-09-01T16:20:44Z,2026-09-01T19:25:38.664083+03:00,_5,a4260c51b19c,Steliou Kyriakidi,,4
2026-09-01T16:20:44Z,2026-09-01T19:25:38.664083+03:00,_6,f780373a5188,Agias Filaxeos,E110 - Agias Fylaxeos,0
2026-09-01T16:20:44Z,2026-09-01T19:25:38.664083+03:00,_7,6841a02a1258,,E110 - 1 Apriliou,2
2026-09-01T16:20:44Z,2026-09-01T19:25:38.664083+03:00,_8,f99b72a378a5,E110 - Agias Fylaxeos,E110,0
2026-09-01T16:20:44Z,2026-09-01T19:25:38.664083+03:00,_0,daca33dbcb0d,,Archiepiskopou Makariou III Ave,0
2026-09-01T16:20:44Z,2026-09-01T19:25:38.664083+03:00,_1,e9824d0075f7,Lemesou Ave,,3
2026-09-01T16:20:44Z,2026-09-01T19:25:38.664083+03:00,_2,91353c408128,,Lemesou Ave,0
2026-09-01T16:20:44Z,2026-09-01T19:25:38.664083+03:00,_3,660d388bb733,Lemesou Ave,Archiepiskopou Makariou III Ave,2
2026-09-01T16:20:44Z,2026-09-01T19:25:38.664083+03:00,_4,5074993633a6,Lemesou Ave,B19 - Omirou Ave,0
2026-09-01T16:20:44Z,2026-09-01T19:25:38.664083+03:00,_5,ecb8295957ab,Omirou Ave,Dionysiou Solomou Square,2
2026-09-01T16:20:44Z,2026-09-01T19:25:38.664083+03:00,_6,b94aa02d2a10,Dionysiou Solomou Square,Anastasiou Leventi,0
2026-09-01T16:30:49Z,2026-09-01T19:35:43.525902+03:00,_0,fe72ea2b224f,Strovolos,Lemesou Ave,0
2026-09-01T16:30:49Z,2026-09-01T19:35:43.525902+03:00,_1,1c3025f6d361,Strovolos,Lemesou Ave,3
2026-09-01T16:30:49Z,2026-09-01T19:35:43.525902+03:00,_2,c6e235d3222a,Aglantzia,Archiepiskopou Makariou III Ave,0
2026-09-01T16:30:49Z,2026-09-01T19:35:43.525902+03:00,_3,394713f228bd,Lemesou Ave,Lemesou Ave,3
2026-09-01T16:30:49Z,2026-09-01T19:35:43.525902+03:00,_0,dd4be8784553,E147 - Archiepiskopou Makariou III Ave,Agias Filaxeos,0
2026-09-01T16:30:49Z,2026-09-01T19:35:43.525902+03:00,_1,931dd79e324a,E147 - Archiepiskopou Makariou III Ave,Vasileos Georgiou II,2
2026-09-01T16:30:49Z,2026-09-01T19:35:43.525902+03:00,_2,cfd611ccb05b,Agias Filaxeos,Agias Filaxeos,0
2026-09-01T16:30:49Z,2026-09-01T19:35:43.525902+03:00,_3,95579dbc01e3,Agias Filaxeos,Vasileos Georgiou II,4
2026-09-01T16:30:49Z,2026-09-01T19:35:43.525902+03:00,_4,f74602cafe9b,Agias Filaxeos,Steliou Kyriakidi,0
2026-09-01T16:30:49Z,2026-09-01T19:35:43.525902+03:00,_5,a80760be4702,Ivykou,Agias Filaxeos,3
2026-09-01T16:30:49Z,2026-09-01T19:35:43.525902+03:00,_6,a4260c51b19c,Steliou Kyriakidi,,4
2026-09-01T16:30:49Z,2026-09-01T19:35:43.525902+03:00,_7,f780373a5188,Agias Filaxeos,E110 - Agias Fylaxeos,0
2026-09-01T16:30:49Z,2026-09-01T19:35:43.525902+03:00,_8,6841a02a1258,,E110 - 1 Apriliou,1
2026-09-01T16:30:49Z,2026-09-01T19:35:43.525902+03:00,_9,f99b72a378a5,E110 - Agias Fylaxeos,E110,0
2026-09-01T16:30:49Z,2026-09-01T19:35:43.525902+03:00,_0,d0dc64f54734,,Lemesou Ave,0
2026-09-01T16:30:49Z,2026-09-01T19:35:43.525902+03:00,_1,1c3025f6d361,Strovolos,Lemesou Ave,3
2026-09-01T16:30:49Z,2026-09-01T19:35:43.525902+03:00,_2,c6e235d3222a,Aglantzia,Archiepiskopou Makariou III Ave,0
2026-09-01T16:30:49Z,2026-09-01T19:35:43.525902+03:00,_3,6efde239cabf,Lemesou Ave,Archiepiskopou Makariou III Ave,3
2026-09-01T16:30:49Z,2026-09-01T19:35:43.525902+03:00,_4,8fab7dfc83f0,Lemesou Ave,Evagorou Ave,0
2026-09-01T16:40:55Z,2026-09-01T19:45:42.124911+03:00,_0,fe72ea2b224f,Strovolos,Lemesou Ave,0
2026-09-01T16:40:55Z,2026-09-01T19:45:42.124911+03:00,_1,1c3025f6d361,Strovolos,Lemesou Ave,3
2026-09-01T16:40:55Z,2026-09-01T19:45:42.124911+03:00,_2,7c50b274239b,Aglantzia,E164 - Armenias,0
2026-09-01T16:40:55Z,2026-09-01T19:45:42.124911+03:00,_3,c57daf65c80e,Lemesou Ave,Archiepiskopou Makariou III Ave,2
2026-09-01T16:40:55Z,2026-09-01T19:45:42.124911+03:00,_0,dd4be8784553,E147 - Archiepiskopou Makariou III Ave,Agias Filaxeos,0
2026-09-01T16:40:55Z,2026-09-01T19:45:42.124911+03:00,_1,931dd79e324a,E147 - Archiepiskopou Makariou III Ave,Vasileos Georgiou II,2
2026-09-01T16:40:55Z,2026-09-01T19:45:42.124911+03:00,_2,a68ab8316526,Agias Filaxeos,Vasileos Georgiou II,0
2026-09-01T16:40:55Z,2026-09-01T19:45:42.124911+03:00,_3,ded58892ae74,Agias Filaxeos,Vasileos Georgiou II,4
2026-09-01T16:40:55Z,2026-09-01T19:45:42.124911+03:00,_4,f74602cafe9b,Agias Filaxeos,Steliou Kyriakidi,0
2026-09-01T16:40:55Z,2026-09-01T19:45:42.124911+03:00,_5,a80760be4702,Ivykou,Agias Filaxeos,2
2026-09-01T16:40:55Z,2026-09-01T19:45:42.124911+03:00,_6,a4260c51b19c,Steliou Kyriakidi,,4
2026-09-01T16:40:55Z,2026-09-01T19:45:42.124911+03:00,_7,f780373a5188,Agias Filaxeos,E110 - Agias Fylaxeos,0
2026-09-01T16:40:55Z,2026-09-01T19:45:42.124911+03:00,_8,6841a02a1258,,E110 - 1 Apriliou,2
2026-09-01T16:40:55Z,2026-09-01T19:45:42.124911+03:00,_9,f99b72a378a5,E110 - Agias Fylaxeos,E110,0
2026-09-01T16:40:55Z,2026-09-01T19:45:42.124911+03:00,_0,d0dc64f54734,,Lemesou Ave,0
2026-09-01T16:40:55Z,2026-09-01T19:45:42.124911+03:00,_1,1c3025f6d361,Strovolos,Lemesou Ave,3
2026-09-01T16:40:55Z,2026-09-01T19:45:42.124911+03:00,_2,7c50b274239b,Aglantzia,E164 - Armenias,0
2026-09-01T16:40:55Z,2026-09-01T19:45:42.124911+03:00,_3,43f05193c4b0,Lemesou Ave,Archiepiskopou Makariou III Ave,2
2026-09-01T16:40:55Z,2026-09-01T19:45:42.124911+03:00,_4,8fab7dfc83f0,Lemesou Ave,Evagorou Ave,0
2026-09-02T04:20:21Z,2026-09-02T07:24:45.717209+03:00,_0,d7fa998be72c,Strovolos,Strovolos,0
2026-09-02T04:20:21Z,2026-09-02T07:24:45.717209+03:00,_1,56258ee4f147,Strovolos,Lemesou Ave,4
2026-09-02T04:20:21Z,2026-09-02T07:24:45.717209+03:00,_2,7c50b274239b,Aglantzia,E164 - Armenias,0
2026-09-02T04:20:21Z,2026-09-02T07:24:45.717209+03:00,_3,c57daf65c80e,Lemesou Ave,Archiepiskopou Makariou III Ave,2
2026-09-02T04:20:21Z,2026-09-02T07:24:45.717209+03:00,_0,d624d2c1050e,Leoforos Strovolou,Strovolou Ave,0
2026-09-02T04:20:21Z,2026-09-02T07:24:45.717209+03:00,_1,0660334d11dc,Strovolou Ave,Strovolou Ave,3
2026-09-02T04:20:21Z,2026-09-02T07:24:45.717209+03:00,_2,97a170c7b460,Strovolou Ave,Strovolou Ave,0
2026-09-02T04:20:21Z,2026-09-02T07:24:45.717209+03:00,_3,b7cf26a3ebd1,Strovolou Ave,Strovolou Ave,2
2026-09-02T04:20:21Z,2026-09-02T07:24:45.717209+03:00,_4,92d65c298345,Strovolou Ave,E902 - Proedrikou Megarou Ave,0
2026-09-02T04:20:21Z,2026-09-02T07:24:45.717209+03:00,_0,72b03ff9b5bc,E110,E110 - Agias Fylaxeos,0
2026-09-02T04:20:21Z,2026-09-02T07:24:45.717209+03:00,_1,e50ca2ecb1e0,E110 - 1 Apriliou,,2
2026-09-02T04:20:21Z,2026-09-02T07:24:45.717209+03:00,_2,a00391c2d0b8,E110 - Agias Fylaxeos,E114 - Agias Zonis,0
2026-09-02T04:20:21Z,2026-09-02T07:24:45.717209+03:00,_0,37e913d03e44,,Strovolos,0
2026-09-02T04:20:21Z,2026-09-02T07:24:45.717209+03:00,_1,56258ee4f147,Strovolos,Lemesou Ave,4
2026-09-02T04:20:21Z,2026-09-02T07:24:45.717209+03:00,_2,7c50b274239b,Aglantzia,E164 - Armenias,0
2026-09-02T04:20:21Z,2026-09-02T07:24:45.717209+03:00,_3,43f05193c4b0,Lemesou Ave,Archiepiskopou Makariou III Ave,2
2026-09-02T04:20:21Z,2026-09-02T07:24:45.717209+03:00,_4,8fab7dfc83f0,Lemesou Ave,Evagorou Ave,0
2026-09-02T04:30:47Z,2026-09-02T07:35:41.781921+03:00,_0,a73ceba901e1,Strovolos,Strovolos,0
2026-09-02T04:30:47Z,2026-09-02T07:35:41.781921+03:00,_1,0b0229e2fb21,Strovolos,Lemesou Ave,4
2026-09-02T04:30:47Z,2026-09-02T07:35:41.781921+03:00,_2,7c50b274239b,Aglantzia,E164 - Armenias,0
2026-09-02T04:30:47Z,2026-09-02T07:35:41.781921+03:00,_3,c57daf65c80e,Lemesou Ave,Archiepiskopou Makariou III Ave,2
2026-09-02T04:30:47Z,2026-09-02T07:35:41.781921+03:00,_0,2b7ce8a61652,Leoforos Strovolou,Arch. Makariou III,0
2026-09-02T04:30:47Z,2026-09-02T07:35:41.781921+03:00,_1,7cd237968878,E902 - Archiepiskopou Makariou III,Strovolou Ave,2
2026-09-02T04:30:47Z,2026-09-02T07:35:41.781921+03:00,_2,3b0f2cd08221,E902 - Archiepiskopou Makariou III,Strovolou Ave,0
2026-09-02T04:30:47Z,2026-09-02T07:35:41.781921+03:00,_3,0660334d11dc,Strovolou Ave,Strovolou Ave,3
2026-09-02T04:30:47Z,2026-09-02T07:35:41.781921+03:00,_4,b5400a961924,Strovolou Ave,Strovolou Ave,0
2026-09-02T04:30:47Z,2026-09-02T07:35:41.781921+03:00,_5,d839b076b4bf,Strovolou Ave,Strovolou Ave,3
2026-09-02T04:30:47Z,2026-09-02T07:35:41.781921+03:00,_6,92d65c298345,Strovolou Ave,E902 - Proedrikou Megarou Ave,0
2026-09-02T04:30:47Z,2026-09-02T07:35:41.781921+03:00,_0,248866f2f861,E110,E147 - Archiepiskopou Makariou III Ave,0
2026-09-02T04:30:47Z,2026-09-02T07:35:41.781921+03:00,_1,e713c7488bdd,Agias Filaxeos,E147 - Archiepiskopou Makariou III Ave,2
2026-09-02T04:30:47Z,2026-09-02T07:35:41.781921+03:00,_0,e200b9870b29,,Latsia,0
2026-09-02T04:30:47Z,2026-09-02T07:35:41.781921+03:00,_1,0b0229e2fb21,Strovolos,Lemesou Ave,4
2026-09-02T04:30:47Z,2026-09-02T07:35:41.781921+03:00,_2,7c50b274239b,Aglantzia,E164 - Armenias,0
2026-09-02T04:30:47Z,2026-09-02T07:35:41.781921+03:00,_3,43f05193c4b0,Lemesou Ave,Archiepiskopou Makariou III Ave,2
2026-09-02T04:30:47Z,2026-09-02T07:35:41.781921+03:00,_4,8fab7dfc83f0,Lemesou Ave,Evagorou Ave,0
2026-09-02T04:40:53Z,2026-09-02T07:45:42.970342+03:00,_0,4e76d1a3fa55,Strovolos,Strovolos,0
2026-09-02T04:40:53Z,2026-09-02T07:45:42.970342+03:00,_1,347fb184acdc,Strovolos,Lemesou Ave,4
2026-09-02T04:40:53Z,2026-09-02T07:45:42.970342+03:00,_2,7c50b274239b,Aglantzia,E164 - Armenias,0
2026-09-02T04:40:53Z,2026-09-02T07:45:42.970342+03:00,_3,dca239a23bab,Lemesou Ave,Lemesou Ave,2
2026-09-02T04:40:53Z,2026-09-02T07:45:42.970342+03:00,_4,d75540164264,Lemesou Ave,,0
2026-09-02T04:40:53Z,2026-09-02T07:45:42.970342+03:00,_5,91353c408128,,Lemesou Ave,3
2026-09-02T04:40:53Z,2026-09-02T07:45:42.970342+03:00,_0,18d60f6950ba,Leoforos Strovolou,Omirou,0
2026-09-02T04:40:53Z,2026-09-02T07:45:42.970342+03:00,_1,b54de865a9d0,Strovolou Ave,E902 - Proedrikou Megarou Ave,3
2026-09-02T04:40:53Z,2026-09-02T07:45:42.970342+03:00,_2,96c3ee6a9698,Strovolou Ave,E902 - Proedrikou Megarou Ave,0
2026-09-02T04:40:53Z,2026-09-02T07:45:42.970342+03:00,_0,72b03ff9b5bc,E110,E110 - Agias Fylaxeos,0
2026-09-02T04:40:53Z,2026-09-02T07:45:42.970342+03:00,_1,e50ca2ecb1e0,E110 - 1 Apriliou,,2
2026-09-02T04:40:53Z,2026-09-02T07:45:42.970342+03:00,_2,9cb3d529d6b9,E110 - Agias Fylaxeos,E147 - Archiepiskopou Makariou III Ave,0
2026-09-02T04:40:53Z,2026-09-02T07:45:42.970342+03:00,_3,e713c7488bdd,Agias Filaxeos,E147 - Archiepiskopou Makariou III Ave,3
2026-09-02T04:40:53Z,2026-09-02T07:45:42.970342+03:00,_0,e9f083b24ade,,Strovolos,0
2026-09-02T04:40:53Z,2026-09-02T07:45:42.970342+03:00,_1,347fb184acdc,Strovolos,Lemesou Ave,4
2026-09-02T04:40:53Z,2026-09-02T07:45:42.970342+03:00,_2,7c50b274239b,Aglantzia,E164 - Armenias,0
2026-09-02T04:40:53Z,2026-09-02T07:45:42.970342+03:00,_3,dca239a23bab,Lemesou Ave,Lemesou Ave,2
2026-09-02T04:40:53Z,2026-09-02T07:45:42.970342+03:00,_4,d75540164264,Lemesou Ave,,0
2026-09-02T04:40:53Z,2026-09-02T07:45:42.970342+03:00,_5,200b71b93054,,Archiepiskopou Makariou III Ave,3
2026-09-02T04:40:53Z,2026-09-02T07:45:42.970342+03:00,_6,7e9e53411917,Lemesou Ave,E1302 - Nikis Ave,0
2026-09-02T04:40:53Z,2026-09-02T07:45:42.970342+03:00,_7,910016111853,B18 - Georgiou Griva Digeni Ave,B18 - Georgiou Griva Digeni Ave,4
2026-09-02T04:40:53Z,2026-09-02T07:45:42.970342+03:00,_8,bbf67e32aa17,B18 - Georgiou Griva Digeni Ave,Evagorou Ave,0
2026-09-02T04:51:20Z,2026-09-02T07:55:42.633373+03:00,_0,a73ceba901e1,Strovolos,Strovolos,0
2026-09-02T04:51:20Z,2026-09-02T07:55:42.633373+03:00,_1,0b0229e2fb21,Strovolos,Lemesou Ave,4
2026-09-02T04:51:20Z,2026-09-02T07:55:42.633373+03:00,_2,2eeb7481ceda,Aglantzia,E164 - Armenias,0
2026-09-02T04:51:20Z,2026-09-02T07:55:42.633373+03:00,_3,8b530b355b26,Lemesou Ave,Archiepiskopou Makariou III Ave,3
2026-09-02T04:51:20Z,2026-09-02T07:55:42.633373+03:00,_0,2b7ce8a61652,Leoforos Strovolou,Arch. Makariou III,0
2026-09-02T04:51:20Z,2026-09-02T07:55:42.633373+03:00,_1,8790341e39b7,E902 - Archiepiskopou Makariou III,Strovolou Ave,2
2026-09-02T04:51:20Z,2026-09-02T07:55:42.633373+03:00,_2,d13acbb13628,E902 - Archiepiskopou Makariou III,Perikleous,0
2026-09-02T04:51:20Z,2026-09-02T07:55:42.633373+03:00,_3,1c02e40f3134,Strovolou Ave,Perikleous,3
2026-09-02T04:51:20Z,2026-09-02T07:55:42.633373+03:00,_4,b5400a961924,Strovolou Ave,Omirou,0
2026-09-02T04:51:20Z,2026-09-02T07:55:42.633373+03:00,_5,06b5c0014fcf,Perikleous,E902 - Proedrikou Megarou Ave,3
2026-09-02T04:51:20Z,2026-09-02T07:55:42.633373+03:00,_6,96c3ee6a9698,Strovolou Ave,E902 - Proedrikou Megarou Ave,0
2026-09-02T04:51:20Z,2026-09-02T07:55:42.633373+03:00,_0,72b03ff9b5bc,E110,E110 - Agias Fylaxeos,0
2026-09-02T04:51:20Z,2026-09-02T07:55:42.633373+03:00,_1,e50ca2ecb1e0,E110 - 1 Apriliou,,3
2026-09-02T04:51:20Z,2026-09-02T07:55:42.633373+03:00,_2,94bd22476a9c,E110 - Agias Fylaxeos,E147 - Archiepiskopou Makariou III Ave,0
2026-09-02T04:51:20Z,2026-09-02T07:55:42.633373+03:00,_3,88697bca4b53,Agias Filaxeos,E147 - Archiepiskopou Makariou III Ave,3
2026-09-02T04:51:20Z,2026-09-02T07:55:42.633373+03:00,_0,67becf3879a0,Episkopi,Ypsonas,0
2026-09-02T04:51:20Z,2026-09-02T07:55:42.633373+03:00,_1,481be80fe3d9,Ypsonas,Kato Polemidia,2
2026-09-02T04:51:20Z,2026-09-02T07:55:42.633373+03:00,_2,fd1df790cb51,Kato Polemidia,Kato Polemidia,0
2026-09-02T04:51:20Z,2026-09-02T07:55:42.633373+03:00,_3,6ad9b0176d85,Kato Polemidia,A1,1
2026-09-02T04:51:20Z,2026-09-02T07:55:42.633373+03:00,_4,c6626472cfe7,A6,Lemesos,2
2026-09-02T04:51:20Z,2026-09-02T07:55:42.633373+03:00,_5,e7aa3fa7d4d2,Lemesos,Germasogeia,0
2026-09-02T04:51:20Z,2026-09-02T07:55:42.633373+03:00,_0,4696d5c3edda,,Ypsonas,0
2026-09-02T04:51:20Z,2026-09-02T07:55:42.633373+03:00,_1,481be80fe3d9,Ypsonas,Kato Polemidia,2
2026-09-02T04:51:20Z,2026-09-02T07:55:42.633373+03:00,_2,fd1df790cb51,Kato Polemidia,Kato Polemidia,0
2026-09-02T04:51:20Z,2026-09-02T07:55:42.633373+03:00,_3,6ad9b0176d85,Kato Polemidia,A1,1
2026-09-02T04:51:20Z,2026-09-02T07:55:42.633373+03:00,_4,c6626472cfe7,A6,Lemesos,2
2026-09-02T04:51:20Z,2026-09-02T07:55:42.633373+03:00,_5,6642d0f85918,Lemesos,Latsia,0
2026-09-02T04:51:20Z,2026-09-02T07:55:42.633373+03:00,_6,0b0229e2fb21,Strovolos,Lemesou Ave,4
2026-09-02T04:51:20Z,2026-09-02T07:55:42.633373+03:00,_7,2eeb7481ceda,Aglantzia,E164 - Armenias,0
2026-09-02T04:51:20Z,2026-09-02T07:55:42.633373+03:00,_8,3dec49aff703,Lemesou Ave,Archiepiskopou Makariou III Ave,3
2026-09-02T04:51:20Z,2026-09-02T07:55:42.633373+03:00,_9,7e9e53411917,Lemesou Ave,E1302 - Nikis Ave,0
2026-09-02T04:51:20Z,2026-09-02T07:55:42.633373+03:00,_10,910016111853,B18 - Georgiou Griva Digeni Ave,B18 - Georgiou Griva Digeni Ave,4
2026-09-02T04:51:20Z,2026-09-02T07:55:42.633373+03:00,_11,bbf67e32aa17,B18 - Georgiou Griva Digeni Ave,Evagorou Ave,0
2026-09-02T04:51:20Z,2026-09-02T07:55:42.633373+03:00,_0,06afc6492b14,Germasogeia,Germasogeia,1
2026-09-02T04:51:20Z,2026-09-02T07:55:42.633373+03:00,_1,307257218b8f,Agios Athanasios,Lemesos,0
2026-09-02T04:51:20Z,2026-09-02T07:55:42.633373+03:00,_2,e1dac3423766,Lemesos,Lemesos,3
2026-09-02T04:51:20Z,2026-09-02T07:55:42.633373+03:00,_3,ef93f4872b51,Lemesos,Episkopi,0
2026-09-02T05:01:26Z,2026-09-02T08:05:43.490103+03:00,_0,a73ceba901e1,Strovolos,Strovolos,0
2026-09-02T05:01:26Z,2026-09-02T08:05:43.490103+03:00,_1,0b0229e2fb21,Strovolos,Lemesou Ave,4
2026-09-02T05:01:26Z,2026-09-02T08:05:43.490103+03:00,_2,2eeb7481ceda,Aglantzia,E164 - Armenias,0
2026-09-02T05:01:26Z,2026-09-02T08:05:43.490103+03:00,_3,8b530b355b26,Lemesou Ave,Archiepiskopou Makariou III Ave,3
2026-09-02T05:01:26Z,2026-09-02T08:05:43.490103+03:00,_0,2b7ce8a61652,Leoforos Strovolou,Arch. Makariou III,0
2026-09-02T05:01:26Z,2026-09-02T08:05:43.490103+03:00,_1,7cd237968878,E902 - Archiepiskopou Makariou III,Strovolou Ave,2
2026-09-02T05:01:26Z,2026-09-02T08:05:43.490103+03:00,_2,5877045e86e1,E902 - Archiepiskopou Makariou III,Omirou,0
2026-09-02T05:01:26Z,2026-09-02T08:05:43.490103+03:00,_3,9e83f7d4684e,Strovolou Ave,E902 - Proedrikou Megarou Ave,3
2026-09-02T05:01:26Z,2026-09-02T08:05:43.490103+03:00,_4,8c8b5efc93bd,Strovolou Ave,E902 - Proedrikou Megarou Ave,0
2026-09-02T05:01:26Z,2026-09-02T08:05:43.490103+03:00,_0,72b03ff9b5bc,E110,E110 - Agias Fylaxeos,0
2026-09-02T05:01:26Z,2026-09-02T08:05:43.490103+03:00,_1,e50ca2ecb1e0,E110 - 1 Apriliou,,3
2026-09-02T05:01:26Z,2026-09-02T08:05:43.490103+03:00,_2,73c10e640ed1,E110 - Agias Fylaxeos,E147 - Archiepiskopou Makariou III Ave,0
2026-09-02T05:01:26Z,2026-09-02T08:05:43.490103+03:00,_3,676c339d8b55,Agias Filaxeos,E147 - Archiepiskopou Makariou III Ave,3
2026-09-02T05:01:26Z,2026-09-02T08:05:43.490103+03:00,_0,93ebb3fbad08,Episkopi,Ypsonas,0
2026-09-02T05:01:26Z,2026-09-02T08:05:43.490103+03:00,_1,d8890b378e3a,Ypsonas,Kato Polemidia,2
2026-09-02T05:01:26Z,2026-09-02T08:05:43.490103+03:00,_2,b5974a99cf02,Kato Polemidia,A1,0
2026-09-02T05:01:26Z,2026-09-02T08:05:43.490103+03:00,_3,959139d664f6,Kato Polemidia,A1,3
2026-09-02T05:01:26Z,2026-09-02T08:05:43.490103+03:00,_4,c6626472cfe7,A6,Lemesos,2
2026-09-02T05:01:26Z,2026-09-02T08:05:43.490103+03:00,_5,e7aa3fa7d4d2,Lemesos,Germasogeia,0
2026-09-02T05:01:26Z,2026-09-02T08:05:43.490103+03:00,_0,06afc6492b14,Exit 24 >E127 Germasogeia / E113 Lemesos-Centre,Germasogeia,2
2026-09-02T05:01:26Z,2026-09-02T08:05:43.490103+03:00,_1,c0f129731113,Agios Athanasios,Mesa Geitonia,0
2026-09-02T05:01:26Z,2026-09-02T08:05:43.490103+03:00,_2,1bfd048d5d78,Lemesos,Lemesos,2
2026-09-02T05:01:26Z,2026-09-02T08:05:43.490103+03:00,_3,581ff92bc02e,Lemesos,Kato Polemidia,0
2026-09-02T05:01:26Z,2026-09-02T08:05:43.490103+03:00,_4,2e4e38273012,Kato Polemidia,Kato Polemidia,2
2026-09-02T05:01:26Z,2026-09-02T08:05:43.490103+03:00,_5,5052820d4346,A1,"to A6 > Pafos, Pafos Airport",0
2026-09-02T05:01:26Z,2026-09-02T08:05:43.490103+03:00,_0,c75f4551c6ff,,Ypsonas,0
2026-09-02T05:01:26Z,2026-09-02T08:05:43.490103+03:00,_1,d8890b378e3a,Ypsonas,Kato Polemidia,2
2026-09-02T05:01:26Z,2026-09-02T08:05:43.490103+03:00,_2,b5974a99cf02,Kato Polemidia,A1,0
2026-09-02T05:01:26Z,2026-09-02T08:05:43.490103+03:00,_3,959139d664f6,Kato Polemidia,A1,3
2026-09-02T05:01:26Z,2026-09-02T08:05:43.490103+03:00,_4,c6626472cfe7,A6,Lemesos,2
2026-09-02T05:01:26Z,2026-09-02T08:05:43.490103+03:00,_5,6642d0f85918,Lemesos,Latsia,0
2026-09-02T05:01:26Z,2026-09-02T08:05:43.490103+03:00,_6,0b0229e2fb21,Strovolos,Lemesou Ave,4
2026-09-02T05:01:26Z,2026-09-02T08:05:43.490103+03:00,_7,2eeb7481ceda,Aglantzia,E164 - Armenias,0
2026-09-02T05:01:26Z,2026-09-02T08:05:43.490103+03:00,_8,3dec49aff703,Lemesou Ave,Archiepiskopou Makariou III Ave,3
2026-09-02T05:01:26Z,2026-09-02T08:05:43.490103+03:00,_9,7e9e53411917,Lemesou Ave,E1302 - Nikis Ave,0
2026-09-02T05:01:26Z,2026-09-02T08:05:43.490103+03:00,_10,910016111853,B18 - Georgiou Griva Digeni Ave,B18 - Georgiou Griva Digeni Ave,4
2026-09-02T05:01:26Z,2026-09-02T08:05:43.490103+03:00,_11,bbf67e32aa17,B18 - Georgiou Griva Digeni Ave,Evagorou Ave,0
2026-09-02T05:11:53Z,2026-09-02T08:16:47.331643+03:00,_0,a73ceba901e1,Strovolos,Strovolos,0
2026-09-02T05:11:53Z,2026-09-02T08:16:47.331643+03:00,_1,0b0229e2fb21,Strovolos,Lemesou Ave,4
2026-09-02T05:11:53Z,2026-09-02T08:16:47.331643+03:00,_2,2eeb7481ceda,Aglantzia,E164 - Armenias,0
2026-09-02T05:11:53Z,2026-09-02T08:16:47.331643+03:00,_3,8b530b355b26,Lemesou Ave,Archiepiskopou Makariou III Ave,3
2026-09-02T05:11:53Z,2026-09-02T08:16:47.331643+03:00,_0,2b7ce8a61652,Leoforos Strovolou,Arch. Makariou III,0
2026-09-02T05:11:53Z,2026-09-02T08:16:47.331643+03:00,_1,7cd237968878,E902 - Archiepiskopou Makariou III,Strovolou Ave,2
2026-09-02T05:11:53Z,2026-09-02T08:16:47.331643+03:00,_2,3b0f2cd08221,E902 - Archiepiskopou Makariou III,Omirou,0
2026-09-02T05:11:53Z,2026-09-02T08:16:47.331643+03:00,_3,83ec6d1f609f,Strovolou Ave,Omirou,3
2026-09-02T05:11:53Z,2026-09-02T08:16:47.331643+03:00,_4,8ba9fba2f7f2,Strovolou Ave,Strovolou Ave,0
2026-09-02T05:11:53Z,2026-09-02T08:16:47.331643+03:00,_5,25beebc1d5d8,Omirou,E902 - Proedrikou Megarou Ave,3
2026-09-02T05:11:53Z,2026-09-02T08:16:47.331643+03:00,_6,c6ac6530f2b9,Strovolou Ave,E902 - Proedrikou Megarou Ave,0
2026-09-02T05:11:53Z,2026-09-02T08:16:47.331643+03:00,_0,431f99d1e0ab,E110,E110 - Agias Fylaxeos,0
2026-09-02T05:11:53Z,2026-09-02T08:16:47.331643+03:00,_1,b8e1983f3a68,E110 - Agias Fylaxeos,,3
2026-09-02T05:11:53Z,2026-09-02T08:16:47.331643+03:00,_2,94bd22476a9c,E110 - Agias Fylaxeos,E147 - Archiepiskopou Makariou III Ave,0
2026-09-02T05:11:53Z,2026-09-02T08:16:47.331643+03:00,_3,88697bca4b53,Agias Filaxeos,E147 - Archiepiskopou Makariou III Ave,4
2026-09-02T05:11:53Z,2026-09-02T08:16:47.331643+03:00,_0,06afc6492b14,Exit 24 >E127 Germasogeia / E113 Lemesos-Centre,Germasogeia,3
2026-09-02T05:11:53Z,2026-09-02T08:16:47.331643+03:00,_1,307257218b8f,Agios Athanasios,Lemesos,0
2026-09-02T05:11:53Z,2026-09-02T08:16:47.331643+03:00,_2,e1dac3423766,Lemesos,Lemesos,3
2026-09-02T05:11:53Z,2026-09-02T08:16:47.331643+03:00,_3,581ff92bc02e,Lemesos,Kato Polemidia,0
2026-09-02T05:11:53Z,2026-09-02T08:16:47.331643+03:00,_4,2e4e38273012,Kato Polemidia,Kato Polemidia,1
2026-09-02T05:11:53Z,2026-09-02T08:16:47.331643+03:00,_5,5052820d4346,A1,"to A6 > Pafos, Pafos Airport",0
2026-09-02T05:11:53Z,2026-09-02T08:16:47.331643+03:00,_0,d42abe0fedf4,E147 - Archiepiskopou Makariou III Ave,Agias Filaxeos,0
2026-09-02T05:11:53Z,2026-09-02T08:16:47.331643+03:00,_1,5bbc13ff3408,Agias Filaxeos,Agias Filaxeos,3
2026-09-02T05:11:53Z,2026-09-02T08:16:47.331643+03:00,_2,51d9285fca15,Agias Filaxeos,E110,0
2026-09-02T05:11:53Z,2026-09-02T08:16:47.331643+03:00,_0,c9115613470a,,A1,0
2026-09-02T05:11:53Z,2026-09-02T08:16:47.331643+03:00,_1,66eda72b971e,Kato Polemidia,Lemesos,1
2026-09-02T05:11:53Z,2026-09-02T08:16:47.331643+03:00,_2,6a6cc8d05a98,Lemesos,Latsia,0
2026-09-02T05:11:53Z,2026-09-02T08:16:47.331643+03:00,_3,0b0229e2fb21,Strovolos,Lemesou Ave,4
2026-09-02T05:11:53Z,2026-09-02T08:16:47.331643+03:00,_4,2eeb7481ceda,Aglantzia,E164 - Armenias,0
2026-09-02T05:11:53Z,2026-09-02T08:16:47.331643+03:00,_5,3dec49aff703,Lemesou Ave,Archiepiskopou Makariou III Ave,3
2026-09-02T05:11:53Z,2026-09-02T08:16:47.331643+03:00,_6,bd22ecc10d1b,Lemesou Ave,Archiepiskopou Makariou III Ave,0
2026-09-02T05:11:53Z,2026-09-02T08:16:47.331643+03:00,_7,798c594a6669,Archiepiskopou Makariou III Ave,B18 - Georgiou Griva Digeni Ave,3
2026-09-02T05:11:53Z,2026-09-02T08:16:47.331643+03:00,_8,7c1a88e2db2c,Archiepiskopou Makariou III Ave,E1302 - Nikis Ave,0
2026-09-02T05:11:53Z,2026-09-02T08:16:47.331643+03:00,_9,910016111853,B18 - Georgiou Griva Digeni Ave,B18 - Georgiou Griva Digeni Ave,4
2026-09-02T05:11:53Z,2026-09-02T08:16:47.331643+03:00,_10,bbf67e32aa17,B18 - Georgiou Griva Digeni Ave,Evagorou Ave,0
2026-09-02T05:11:53Z,2026-09-02T08:16:47.331643+03:00,_0,8c897419fd45,Episkopi,A1,0
2026-09-02T05:11:53Z,2026-09-02T08:16:47.331643+03:00,_1,66eda72b971e,Kato Polemidia,Lemesos,1
2026-09-02T05:11:53Z,2026-09-02T08:16:47.331643+03:00,_2,4cc85bcdea4b,Lemesos,Germasogeia,0
2026-09-02T05:22:01Z,2026-09-02T08:26:56.007993+03:00,_0,4e76d1a3fa55,Strovolos,Strovolos,0
2026-09-02T05:22:01Z,2026-09-02T08:26:56.007993+03:00,_1,347fb184acdc,Strovolos,Lemesou Ave,3
2026-09-02T05:22:01Z,2026-09-02T08:26:56.007993+03:00,_2,2daef5aeccc3,Aglantzia,Lemesou Ave,0
2026-09-02T05:22:01Z,2026-09-02T08:26:56.007993+03:00,_3,ce775bebe806,Lemesou Ave,Archiepiskopou Makariou III Ave,4
2026-09-02T05:22:01Z,2026-09-02T08:26:56.007993+03:00,_0,18d60f6950ba,Leoforos Strovolou,Perikleous,0
2026-09-02T05:22:01Z,2026-09-02T08:26:56.007993+03:00,_1,05dfd4427a44,Strovolou Ave,E902 - Proedrikou Megarou Ave,3
2026-09-02T05:22:01Z,2026-09-02T08:26:56.007993+03:00,_2,92d65c298345,Strovolou Ave,E902 - Proedrikou Megarou Ave,0
2026-09-02T05:22:01Z,2026-09-02T08:26:56.007993+03:00,_0,19d233b460fc,E110,E147 - Archiepiskopou Makariou III Ave,0
2026-09-02T05:22:01Z,2026-09-02T08:26:56.007993+03:00,_1,afcda84a293b,Agias Filaxeos,E147 - Archiepiskopou Makariou III Ave,4
2026-09-02T05:22:01Z,2026-09-02T08:26:56.007993+03:00,_0,06afc6492b14,Exit 24 >E127 Germasogeia / E113 Lemesos-Centre,Germasogeia,3
2026-09-02T05:22:01Z,2026-09-02T08:26:56.007993+03:00,_1,3e1d75b9e16e,Agios Athanasios,"to A6 > Pafos, Pafos Airport",0
2026-09-02T05:22:01Z,2026-09-02T08:26:56.007993+03:00,_0,cf0d166c0008,,A1,0
2026-09-02T05:22:01Z,2026-09-02T08:26:56.007993+03:00,_1,51a87f29a8d7,A6,Lemesos,2
2026-09-02T05:22:01Z,2026-09-02T08:26:56.007993+03:00,_2,004d237177ba,Lemesos,Strovolos,0
2026-09-02T05:22:01Z,2026-09-02T08:26:56.007993+03:00,_3,347fb184acdc,Strovolos,Lemesou Ave,3
2026-09-02T05:22:01Z,2026-09-02T08:26:56.007993+03:00,_4,2daef5aeccc3,Aglantzia,Lemesou Ave,0
2026-09-02T05:22:01Z,2026-09-02T08:26:56.007993+03:00,_5,1c8a2af02150,Lemesou Ave,Archiepiskopou Makariou III Ave,4
2026-09-02T05:22:01Z,2026-09-02T08:26:56.007993+03:00,_6,b7e53b03dff3,Lemesou Ave,Archiepiskopou Makariou III Ave,0
2026-09-02T05:22:01Z,2026-09-02T08:26:56.007993+03:00,_7,8056ae80b71f,Archiepiskopou Makariou III Ave,B18 - Georgiou Griva Digeni Ave,3
2026-09-02T05:22:01Z,2026-09-02T08:26:56.007993+03:00,_8,7c1a88e2db2c,Archiepiskopou Makariou III Ave,E1302 - Nikis Ave,0
2026-09-02T05:22:01Z,2026-09-02T08:26:56.007993+03:00,_9,910016111853,B18 - Georgiou Griva Digeni Ave,B18 - Georgiou Griva Digeni Ave,4
2026-09-02T05:22:01Z,2026-09-02T08:26:56.007993+03:00,_10,bbf67e32aa17,B18 - Georgiou Griva Digeni Ave,Evagorou Ave,0
2026-09-02T05:22:01Z,2026-09-02T08:26:56.007993+03:00,_0,e7f960841113,Episkopi,A1,0
2026-09-02T05:22:01Z,2026-09-02T08:26:56.007993+03:00,_1,51a87f29a8d7,A6,Lemesos,2
2026-09-02T05:22:01Z,2026-09-02T08:26:56.007993+03:00,_2,4cc85bcdea4b,Lemesos,Germasogeia,0
2026-09-02T05:32:29Z,2026-09-02T08:37:23.585634+03:00,_0,d7fa998be72c,Exit 4 >E148 Latsia / GSP Stadium,Strovolos,0
2026-09-02T05:32:29Z,2026-09-02T08:37:23.585634+03:00,_1,56258ee4f147,Strovolos,Lemesou Ave,4
2026-09-02T05:32:29Z,2026-09-02T08:37:23.585634+03:00,_2,2daef5aeccc3,Exit 1 > E116 Athalassis Ave.,Lemesou Ave,0
2026-09-02T05:32:29Z,2026-09-02T08:37:23.585634+03:00,_3,ce775bebe806,Lemesou Ave,Archiepiskopou Makariou III Ave,4
2026-09-02T05:32:29Z,2026-09-02T08:37:23.585634+03:00,_0,2b7ce8a61652,Leoforos Strovolou,Arch. Makariou III,0
2026-09-02T05:32:29Z,2026-09-02T08:37:23.585634+03:00,_1,7cd237968878,E902 - Archiepiskopou Makariou III,Strovolou Ave,2
2026-09-02T05:32:29Z,2026-09-02T08:37:23.585634+03:00,_2,5877045e86e1,E902 - Archiepiskopou Makariou III,E927 - Kantaras,0
2026-09-02T05:32:29Z,2026-09-02T08:37:23.585634+03:00,_3,a5bc6fbada86,Erechtheiou,E902 - Proedrikou Megarou Ave,3
2026-09-02T05:32:29Z,2026-09-02T08:37:23.585634+03:00,_4,c6ac6530f2b9,Strovolou Ave,E902 - Proedrikou Megarou Ave,4
2026-09-02T05:32:29Z,2026-09-02T08:37:23.585634+03:00,_0,df567d5dbf59,E110,Evagora Laniti,0
2026-09-02T05:32:29Z,2026-09-02T08:37:23.585634+03:00,_1,883ce04f7136,E110 - 1 Apriliou,,3
2026-09-02T05:32:29Z,2026-09-02T08:37:23.585634+03:00,_2,19d45cd96312,E110 - Agias Fylaxeos,E147 - Archiepiskopou Makariou III Ave,0
2026-09-02T05:32:29Z,2026-09-02T08:37:23.585634+03:00,_3,535964c57235,Agias Filaxeos,E147 - Archiepiskopou Makariou III Ave,4
2026-09-02T05:32:29Z,2026-09-02T08:37:23.585634+03:00,_0,e7f960841113,Exit 35 > Episkopi / F627 (B6),A1,0
2026-09-02T05:32:29Z,2026-09-02T08:37:23.585634+03:00,_1,ae3a9bb54763,A6,Exit 26 >E114 Mesa Geitonia / Lemesos-Centre / F131 Mathikoloni,2
2026-09-02T05:32:29Z,2026-09-02T08:37:23.585634+03:00,_2,d73a04fc5195,Exit 26 >E114 Mesa Geitonia / Lemesos-Centre / F131 Mathikoloni,"Exit 23, F127 > Mouttagiaka",0
2026-09-02T05:32:29Z,2026-09-02T08:37:23.585634+03:00,_0,920305ee9a1e,E147 - Archiepiskopou Makariou III Ave,Agias Filaxeos,0
2026-09-02T05:32:29Z,2026-09-02T08:37:23.585634+03:00,_1,a4260c51b19c,Steliou Kyriakidi,,4
2026-09-02T05:32:29Z,2026-09-02T08:37:23.585634+03:00,_2,f5f94ff22484,Agias Filaxeos,E110,0
2026-09-02T05:32:29Z,2026-09-02T08:37:23.585634+03:00,_0,cf0d166c0008,,A1,0
2026-09-02T05:32:29Z,2026-09-02T08:37:23.585634+03:00,_1,ae3a9bb54763,A6,Exit 26 >E114 Mesa Geitonia / Lemesos-Centre / F131 Mathikoloni,2
2026-09-02T05:32:29Z,2026-09-02T08:37:23.585634+03:00,_2,fa250bca0f31,Exit 26 >E114 Mesa Geitonia / Lemesos-Centre / F131 Mathikoloni,Strovolos,0
2026-09-02T05:32:29Z,2026-09-02T08:37:23.585634+03:00,_3,56258ee4f147,Strovolos,Lemesou Ave,4
2026-09-02T05:32:29Z,2026-09-02T08:37:23.585634+03:00,_4,2daef5aeccc3,Exit 1 > E116 Athalassis Ave.,Lemesou Ave,0
2026-09-02T05:32:29Z,2026-09-02T08:37:23.585634+03:00,_5,1c8a2af02150,Lemesou Ave,Archiepiskopou Makariou III Ave,4
2026-09-02T05:32:29Z,2026-09-02T08:37:23.585634+03:00,_6,d7c6c735ba17,Lemesou Ave,B18 - Georgiou Griva Digeni Ave,2
2026-09-02T05:32:29Z,2026-09-02T08:37:23.585634+03:00,_7,7c1a88e2db2c,Archiepiskopou Makariou III Ave,E1302 - Nikis Ave,0
2026-09-02T05:32:29Z,2026-09-02T08:37:23.585634+03:00,_8,910016111853,B18 - Georgiou Griva Digeni Ave,B18 - Georgiou Griva Digeni Ave,4
2026-09-02T05:32:29Z,2026-09-02T08:37:23.585634+03:00,_9,bbf67e32aa17,B18 - Georgiou Griva Digeni Ave,Evagorou Ave,0
2026-09-02T05:32:29Z,2026-09-02T08:37:23.585634+03:00,_0,06afc6492b14,Exit 24 >E127 Germasogeia / E113 Lemesos-Centre,Exit 25 > E131 Agios Athanasios / Linopetra / Industrial Zone,2
2026-09-02T05:32:29Z,2026-09-02T08:37:23.585634+03:00,_1,3e1d75b9e16e,Exit 25 > E131 Agios Athanasios / Linopetra / Industrial Zone,"to A6 > Pafos, Pafos Airport",0
2026-09-02T05:42:36Z,2026-09-02T08:47:30.299423+03:00,_0,d7fa998be72c,Strovolos,Strovolos,0
2026-09-02T05:42:36Z,2026-09-02T08:47:30.299423+03:00,_1,56258ee4f147,Strovolos,Lemesou Ave,4
2026-09-02T05:42:36Z,2026-09-02T08:47:30.299423+03:00,_2,2eeb7481ceda,Aglantzia,E164 - Armenias,0
2026-09-02T05:42:36Z,2026-09-02T08:47:30.299423+03:00,_3,8b530b355b26,Lemesou Ave,Archiepiskopou Makariou III Ave,3
2026-09-02T05:42:36Z,2026-09-02T08:47:30.299423+03:00,_0,18d60f6950ba,Leoforos Strovolou,Perikleous,0
2026-09-02T05:42:36Z,2026-09-02T08:47:30.299423+03:00,_1,1c642c6920ed,Strovolou Ave,E902 - Proedrikou Megarou Ave,4
2026-09-02T05:42:36Z,2026-09-02T08:47:30.299423+03:00,_0,72b03ff9b5bc,E110,E110 - Agias Fylaxeos,0
2026-09-02T05:42:36Z,2026-09-02T08:47:30.299423+03:00,_1,e50ca2ecb1e0,E110 - 1 Apriliou,,3
2026-09-02T05:42:36Z,2026-09-02T08:47:30.299423+03:00,_2,9e95bc80ebae,E110 - Agias Fylaxeos,E147 - Archiepiskopou Makariou III Ave,0
2026-09-02T05:42:36Z,2026-09-02T08:47:30.299423+03:00,_3,afcda84a293b,Agias Filaxeos,E147 - Archiepiskopou Makariou III Ave,4
2026-09-02T05:42:36Z,2026-09-02T08:47:30.299423+03:00,_0,e7f960841113,Episkopi,A1,0
2026-09-02T05:42:36Z,2026-09-02T08:47:30.299423+03:00,_1,51a87f29a8d7,A6,Lemesos,2
2026-09-02T05:42:36Z,2026-09-02T08:47:30.299423+03:00,_2,4cc85bcdea4b,Lemesos,Germasogeia,0
2026-09-02T05:42:36Z,2026-09-02T08:47:30.299423+03:00,_0,06afc6492b14,Exit 24 >E127 Germasogeia / E113 Lemesos-Centre,Germasogeia,2
2026-09-02T05:42:36Z,2026-09-02T08:47:30.299423+03:00,_1,3e1d75b9e16e,Agios Athanasios,"to A6 > Pafos, Pafos Airport",0
2026-09-02T05:42:36Z,2026-09-02T08:47:30.299423+03:00,_0,920305ee9a1e,E147 - Archiepiskopou Makariou III Ave,Agias Filaxeos,0
2026-09-02T05:42:36Z,2026-09-02T08:47:30.299423+03:00,_1,a4260c51b19c,Steliou Kyriakidi,,2
2026-09-02T05:42:36Z,2026-09-02T08:47:30.299423+03:00,_2,f5f94ff22484,Agias Filaxeos,E110,0
2026-09-02T05:42:36Z,2026-09-02T08:47:30.299423+03:00,_0,cf0d166c0008,,A1,0
2026-09-02T05:42:36Z,2026-09-02T08:47:30.299423+03:00,_1,51a87f29a8d7,A6,Lemesos,2
2026-09-02T05:42:36Z,2026-09-02T08:47:30.299423+03:00,_2,3a2463aa3801,Lemesos,Strovolos,0
2026-09-02T05:42:36Z,2026-09-02T08:47:30.299423+03:00,_3,56258ee4f147,Strovolos,Lemesou Ave,4
2026-09-02T05:42:36Z,2026-09-02T08:47:30.299423+03:00,_4,2eeb7481ceda,Aglantzia,E164 - Armenias,0
2026-09-02T05:42:36Z,2026-09-02T08:47:30.299423+03:00,_5,3dec49aff703,Lemesou Ave,Archiepiskopou Makariou III Ave,3
2026-09-02T05:42:36Z,2026-09-02T08:47:30.299423+03:00,_6,fa2fd78f5eb3,Lemesou Ave,Archiepiskopou Makariou III Ave,0
2026-09-02T05:42:36Z,2026-09-02T08:47:30.299423+03:00,_7,2f70270e55a2,Lemesou Ave,B18 - Georgiou Griva Digeni Ave,3
2026-09-02T05:42:36Z,2026-09-02T08:47:30.299423+03:00,_8,7c1a88e2db2c,Archiepiskopou Makariou III Ave,E1302 - Nikis Ave,0
2026-09-02T05:42:36Z,2026-09-02T08:47:30.299423+03:00,_9,910016111853,B18 - Georgiou Griva Digeni Ave,B18 - Georgiou Griva Digeni Ave,3
2026-09-02T05:42:36Z,2026-09-02T08:47:30.299423+03:00,_10,bbf67e32aa17,B18 - Georgiou Griva Digeni Ave,Evagorou Ave,0
2026-09-02T05:53:04Z,2026-09-02T08:57:51.371076+03:00,_0,d7fa998be72c,Strovolos,Strovolos,0
2026-09-02T05:53:04Z,2026-09-02T08:57:51.371076+03:00,_1,56258ee4f147,Strovolos,Strovolos,3
2026-09-02T05:53:04Z,2026-09-02T08:57:51.371076+03:00,_2,2eeb7481ceda,Exit 1 > E116 Athalassis Ave.,Lemesou Ave,0
2026-09-02T05:53:04Z,2026-09-02T08:57:51.371076+03:00,_3,8b530b355b26,Kosta Anaxagorou,Lemesou Ave,3
2026-09-02T05:53:04Z,2026-09-02T08:57:51.371076+03:00,_0,72b03ff9b5bc,E110 - Eleftherias,E110 - 1 Apriliou,0
2026-09-02T05:53:04Z,2026-09-02T08:57:51.371076+03:00,_1,e50ca2ecb1e0,E110 - 1 Apriliou,E110 - Agias Fylaxeos,3
2026-09-02T05:53:04Z,2026-09-02T08:57:51.371076+03:00,_2,94bd22476a9c,E110 - Agias Fylaxeos,E147 - Archiepiskopou Makariou III Ave,0
2026-09-02T05:53:04Z,2026-09-02T08:57:51.371076+03:00,_3,88697bca4b53,Agias Filaxeos,E147 - Archiepiskopou Makariou III Ave,4
2026-09-02T05:53:04Z,2026-09-02T08:57:51.371076+03:00,_0,d624d2c1050e,Kosta Misiaouli,Strovolou Ave,0
2026-09-02T05:53:04Z,2026-09-02T08:57:51.371076+03:00,_1,e547950b5d5e,Strovolou Ave,E902 - Proedrikou Megarou Ave,4
2026-09-02T05:53:04Z,2026-09-02T08:57:51.371076+03:00,_2,96c3ee6a9698,Strovolou Ave,E902 - Proedrikou Megarou Ave,0
2026-09-02T05:53:04Z,2026-09-02T08:57:51.371076+03:00,_0,8c897419fd45,Episkopi,Kato Polemidia,0
2026-09-02T05:53:04Z,2026-09-02T08:57:51.371076+03:00,_1,959139d664f6,Exit 28 > B8 Troodos / Lemesos Centre / E604 Port / Polemidia,A1,2
2026-09-02T05:53:04Z,2026-09-02T08:57:51.371076+03:00,_2,c6626472cfe7,A6,Lemesos,3
2026-09-02T05:53:04Z,2026-09-02T08:57:51.371076+03:00,_3,e7aa3fa7d4d2,Exit 27 >E110 Agia Fylaxi / Agros / Tsirio Stadium / Lemesos-Centre,Germasogeia,0
2026-09-02T05:53:04Z,2026-09-02T08:57:51.371076+03:00,_0,06afc6492b14,Germasogeia,Germasogeia,2
2026-09-02T05:53:04Z,2026-09-02T08:57:51.371076+03:00,_1,3e1d75b9e16e,Exit 25 > E131 Agios Athanasios / Linopetra / Industrial Zone,Episkopi,0
2026-09-02T05:53:04Z,2026-09-02T08:57:51.371076+03:00,_0,920305ee9a1e,Agias Filaxeos,Steliou Kyriakidi,0
2026-09-02T05:53:04Z,2026-09-02T08:57:51.371076+03:00,_1,a4260c51b19c,Steliou Kyriakidi,Agias Filaxeos,4
2026-09-02T05:53:04Z,2026-09-02T08:57:51.371076+03:00,_2,f5f94ff22484,Agias Filaxeos,E110,0
2026-09-02T05:53:04Z,2026-09-02T08:57:51.371076+03:00,_0,c9115613470a,Pafos,A1,0
2026-09-02T05:53:04Z,2026-09-02T08:57:51.371076+03:00,_1,959139d664f6,Exit 28 > B8 Troodos / Lemesos Centre / E604 Port / Polemidia,A1,2
2026-09-02T05:53:04Z,2026-09-02T08:57:51.371076+03:00,_2,c6626472cfe7,A6,Exit 27 >E110 Agia Fylaxi / Agros / Tsirio Stadium / Lemesos-Centre,3
2026-09-02T05:53:04Z,2026-09-02T08:57:51.371076+03:00,_3,800a09a41d0a,Exit 27 >E110 Agia Fylaxi / Agros / Tsirio Stadium / Lemesos-Centre,Strovolos,0
2026-09-02T05:53:04Z,2026-09-02T08:57:51.371076+03:00,_4,56258ee4f147,Strovolos,Lemesou Ave,3
2026-09-02T05:53:04Z,2026-09-02T08:57:51.371076+03:00,_5,2eeb7481ceda,Exit 1 > E116 Athalassis Ave.,E164 - Armenias,0
2026-09-02T05:53:04Z,2026-09-02T08:57:51.371076+03:00,_6,3dec49aff703,Kosta Anaxagorou,Archiepiskopou Makariou III Ave,3
2026-09-02T05:53:04Z,2026-09-02T08:57:51.371076+03:00,_7,bd22ecc10d1b,Lemesou Ave,Archiepiskopou Makariou III Ave,0
2026-09-02T05:53:04Z,2026-09-02T08:57:51.371076+03:00,_8,798c594a6669,Filimonos,Archiepiskopou Makariou III Ave,3
2026-09-02T05:53:04Z,2026-09-02T08:57:51.371076+03:00,_9,e1beab30434a,Archiepiskopou Makariou III Ave,B19 - Omirou Ave,0
2026-09-02T06:03:08Z,2026-09-02T09:07:51.106709+03:00,_0,d7fa998be72c,Exit 4 >E148 Latsia / GSP Stadium,Strovolos,0
2026-09-02T06:03:08Z,2026-09-02T09:07:51.106709+03:00,_1,56258ee4f147,Strovolos,Lemesou Ave,3
2026-09-02T06:03:08Z,2026-09-02T09:07:51.106709+03:00,_2,c6e235d3222a,Exit 1 > E116 Athalassis Ave.,Archiepiskopou Makariou III Ave,0
2026-09-02T06:03:08Z,2026-09-02T09:07:51.106709+03:00,_3,394713f228bd,Lemesou Ave,Lemesou Ave,4
2026-09-02T06:03:08Z,2026-09-02T09:07:51.106709+03:00,_0,72b03ff9b5bc,E110,E110 - Agias Fylaxeos,0
2026-09-02T06:03:08Z,2026-09-02T09:07:51.106709+03:00,_1,e50ca2ecb1e0,E110 - 1 Apriliou,,3
2026-09-02T06:03:08Z,2026-09-02T09:07:51.106709+03:00,_2,94bd22476a9c,E110 - Agias Fylaxeos,E147 - Archiepiskopou Makariou III Ave,0
2026-09-02T06:03:08Z,2026-09-02T09:07:51.106709+03:00,_3,88697bca4b53,Agias Filaxeos,E147 - Archiepiskopou Makariou III Ave,4
2026-09-02T06:03:08Z,2026-09-02T09:07:51.106709+03:00,_0,18d60f6950ba,Leoforos Strovolou,Omirou,0
2026-09-02T06:03:08Z,2026-09-02T09:07:51.106709+03:00,_1,a5bc6fbada86,Strovolou Ave,E902 - Proedrikou Megarou Ave,4
2026-09-02T06:03:08Z,2026-09-02T09:07:51.106709+03:00,_2,c6ac6530f2b9,Strovolou Ave,E902 - Proedrikou Megarou Ave,0
2026-09-02T06:03:08Z,2026-09-02T09:07:51.106709+03:00,_0,06afc6492b14,Exit 24 >E127 Germasogeia / E113 Lemesos-Centre,Exit 25 > E131 Agios Athanasios / Linopetra / Industrial Zone,2
2026-09-02T06:03:08Z,2026-09-02T09:07:51.106709+03:00,_1,3e1d75b9e16e,Exit 25 > E131 Agios Athanasios / Linopetra / Industrial Zone,"to A6 > Pafos, Pafos Airport",0
2026-09-02T06:03:08Z,2026-09-02T09:07:51.106709+03:00,_0,920305ee9a1e,E147 - Archiepiskopou Makariou III Ave,Agias Filaxeos,0
2026-09-02T06:03:08Z,2026-09-02T09:07:51.106709+03:00,_1,a4260c51b19c,Steliou Kyriakidi,,3
2026-09-02T06:03:08Z,2026-09-02T09:07:51.106709+03:00,_2,f5f94ff22484,Agias Filaxeos,E110,0
2026-09-02T06:03:08Z,2026-09-02T09:07:51.106709+03:00,_0,e51d07f99c0a,,A1,0
2026-09-02T06:03:08Z,2026-09-02T09:07:51.106709+03:00,_1,6ad9b0176d85,Kato Polemidia,A1,1
2026-09-02T06:03:08Z,2026-09-02T09:07:51.106709+03:00,_2,c6626472cfe7,A6,Exit 27 >E110 Agia Fylaxi / Agros / Tsirio Stadium / Lemesos-Centre,2
2026-09-02T06:03:08Z,2026-09-02T09:07:51.106709+03:00,_3,800a09a41d0a,Exit 27 >E110 Agia Fylaxi / Agros / Tsirio Stadium / Lemesos-Centre,Strovolos,0
2026-09-02T06:03:08Z,2026-09-02T09:07:51.106709+03:00,_4,56258ee4f147,Strovolos,Lemesou Ave,3
2026-09-02T06:03:08Z,2026-09-02T09:07:51.106709+03:00,_5,c6e235d3222a,Exit 1 > E116 Athalassis Ave.,Archiepiskopou Makariou III Ave,0
2026-09-02T06:03:08Z,2026-09-02T09:07:51.106709+03:00,_6,6efde239cabf,Lemesou Ave,Archiepiskopou Makariou III Ave,4
2026-09-02T06:03:08Z,2026-09-02T09:07:51.106709+03:00,_7,bd22ecc10d1b,Lemesou Ave,Filimonos,0
2026-09-02T06:03:08Z,2026-09-02T09:07:51.106709+03:00,_8,798c594a6669,Filimonos,B18 - Georgiou Griva Digeni Ave,3
2026-09-02T06:03:08Z,2026-09-02T09:07:51.106709+03:00,_9,e1beab30434a,Archiepiskopou Makariou III Ave,Evagorou Ave,0
2026-09-02T06:03:08Z,2026-09-02T09:07:51.106709+03:00,_0,0ad2cc0d654b,Exit 35 > Episkopi / F627 (B6),A1,0
2026-09-02T06:03:08Z,2026-09-02T09:07:51.106709+03:00,_1,6ad9b0176d85,Kato Polemidia,A1,1
2026-09-02T06:03:08Z,2026-09-02T09:07:51.106709+03:00,_2,c6626472cfe7,A6,Exit 27 >E110 Agia Fylaxi / Agros / Tsirio Stadium / Lemesos-Centre,2
2026-09-02T06:03:08Z,2026-09-02T09:07:51.106709+03:00,_3,e7aa3fa7d4d2,Exit 27 >E110 Agia Fylaxi / Agros / Tsirio Stadium / Lemesos-Centre,"Exit 23, F127 > Mouttagiaka",0
2026-09-02T06:13:14Z,2026-09-02T09:17:51.218172+03:00,_0,9637c1cd3244,Strovolos,Strovolos,0
2026-09-02T06:13:14Z,2026-09-02T09:17:51.218172+03:00,_1,d1bd4cd56cd8,Strovolos,Lemesou Ave,4
2026-09-02T06:13:14Z,2026-09-02T09:17:51.218172+03:00,_2,7c50b274239b,Aglantzia,E164 - Armenias,0
2026-09-02T06:13:14Z,2026-09-02T09:17:51.218172+03:00,_3,c57daf65c80e,Lemesou Ave,Archiepiskopou Makariou III Ave,3
2026-09-02T06:13:14Z,2026-09-02T09:17:51.218172+03:00,_0,72b03ff9b5bc,E110,E110 - Agias Fylaxeos,0
2026-09-02T06:13:14Z,2026-09-02T09:17:51.218172+03:00,_1,e50ca2ecb1e0,E110 - 1 Apriliou,,4
2026-09-02T06:13:14Z,2026-09-02T09:17:51.218172+03:00,_2,e33776a3a190,E110 - Agias Fylaxeos,Agias Filaxeos,0
2026-09-02T06:13:14Z,2026-09-02T09:17:51.218172+03:00,_3,0a5c4761a6b4,Agias Filaxeos,Agias Filaxeos,3
2026-09-02T06:13:14Z,2026-09-02T09:17:51.218172+03:00,_4,63550abc2b0b,Agias Filaxeos,Agias Filaxeos,0
2026-09-02T06:13:14Z,2026-09-02T09:17:51.218172+03:00,_5,88697bca4b53,Agias Filaxeos,E147 - Archiepiskopou Makariou III Ave,4
2026-09-02T06:13:14Z,2026-09-02T09:17:51.218172+03:00,_0,18d60f6950ba,Leoforos Strovolou,Perikleous,0
2026-09-02T06:13:14Z,2026-09-02T09:17:51.218172+03:00,_1,a5bc6fbada86,Strovolou Ave,E902 - Proedrikou Megarou Ave,3
2026-09-02T06:13:14Z,2026-09-02T09:17:51.218172+03:00,_2,c6ac6530f2b9,Strovolou Ave,E902 - Proedrikou Megarou Ave,0
2026-09-02T06:13:14Z,2026-09-02T09:17:51.218172+03:00,_0,06afc6492b14,Exit 24 >E127 Germasogeia / E113 Lemesos-Centre,Germasogeia,2
2026-09-02T06:13:14Z,2026-09-02T09:17:51.218172+03:00,_1,3e1d75b9e16e,Agios Athanasios,"to A6 > Pafos, Pafos Airport",0
2026-09-02T06:13:14Z,2026-09-02T09:17:51.218172+03:00,_0,920305ee9a1e,E147 - Archiepiskopou Makariou III Ave,Agias Filaxeos,0
2026-09-02T06:13:14Z,2026-09-02T09:17:51.218172+03:00,_1,a4260c51b19c,Steliou Kyriakidi,,4
2026-09-02T06:13:14Z,2026-09-02T09:17:51.218172+03:00,_2,f5f94ff22484,Agias Filaxeos,E110,0
2026-09-02T06:13:14Z,2026-09-02T09:17:51.218172+03:00,_0,cf0d166c0008,,A1,0
2026-09-02T06:13:14Z,2026-09-02T09:17:51.218172+03:00,_1,51a87f29a8d7,A6,Lemesos,1
2026-09-02T06:13:14Z,2026-09-02T09:17:51.218172+03:00,_2,564c80415075,Lemesos,Lemesou Ave,0
2026-09-02T06:13:14Z,2026-09-02T09:17:51.218172+03:00,_3,d1bd4cd56cd8,Strovolos,Lemesou Ave,4
2026-09-02T06:13:14Z,2026-09-02T09:17:51.218172+03:00,_4,7c50b274239b,Aglantzia,E164 - Armenias,0
2026-09-02T06:13:14Z,2026-09-02T09:17:51.218172+03:00,_5,43f05193c4b0,Lemesou Ave,Archiepiskopou Makariou III Ave,3
2026-09-02T06:13:14Z,2026-09-02T09:17:51.218172+03:00,_6,585aa61a46fa,Lemesou Ave,B18 - Digeni Akrita Ave,0
2026-09-02T06:13:14Z,2026-09-02T09:17:51.218172+03:00,_7,055237d5336a,Archiepiskopou Makariou III Ave,B18 - Georgiou Griva Digeni Ave,3
2026-09-02T06:13:14Z,2026-09-02T09:17:51.218172+03:00,_8,e1beab30434a,Archiepiskopou Makariou III Ave,Evagorou Ave,0
2026-09-02T06:13:14Z,2026-09-02T09:17:51.218172+03:00,_0,e7f960841113,Episkopi,A1,0
2026-09-02T06:13:14Z,2026-09-02T09:17:51.218172+03:00,_1,51a87f29a8d7,A6,Lemesos,1
2026-09-02T06:13:14Z,2026-09-02T09:17:51.218172+03:00,_2,4cc85bcdea4b,Lemesos,Germasogeia,0
2026-09-02T06:23:19Z,2026-09-02T09:27:51.053617+03:00,_0,9637c1cd3244,Exit 4 >E148 Latsia / GSP Stadium,Strovolos,0
2026-09-02T06:23:19Z,2026-09-02T09:27:51.053617+03:00,_1,d1bd4cd56cd8,Strovolos,Lemesou Ave,3
2026-09-02T06:23:19Z,2026-09-02T09:27:51.053617+03:00,_2,3909c4aec98f,Exit 1 > E116 Athalassis Ave.,Lemesou Ave,0
2026-09-02T06:23:19Z,2026-09-02T09:27:51.053617+03:00,_3,a502c2be3def,A1,Lemesou Ave,3
2026-09-02T06:23:19Z,2026-09-02T09:27:51.053617+03:00,_4,241c8aa49503,Lemesou Ave,E164 - Armenias,0
2026-09-02T06:23:19Z,2026-09-02T09:27:51.053617+03:00,_5,c57daf65c80e,Chrysanthou Mylona,Archiepiskopou Makariou III Ave,3
2026-09-02T06:23:19Z,2026-09-02T09:27:51.053617+03:00,_0,24f6df74a9e2,E110,E110 - Agias Fylaxeos,0
2026-09-02T06:23:19Z,2026-09-02T09:27:51.053617+03:00,_1,3c478f449f26,E110 - 1 Apriliou,E110 - Agias Fylaxeos,3
2026-09-02T06:23:19Z,2026-09-02T09:27:51.053617+03:00,_2,e50ca2ecb1e0,E110 - 1 Apriliou,,4
2026-09-02T06:23:19Z,2026-09-02T09:27:51.053617+03:00,_3,e33776a3a190,E110 - Agias Fylaxeos,Agias Filaxeos,0
2026-09-02T06:23:19Z,2026-09-02T09:27:51.053617+03:00,_4,0a5c4761a6b4,Agias Filaxeos,Agias Filaxeos,3
2026-09-02T06:23:19Z,2026-09-02T09:27:51.053617+03:00,_5,fd1ec1f2cdf4,Agias Filaxeos,E147 - Archiepiskopou Makariou III Ave,0
2026-09-02T06:23:19Z,2026-09-02T09:27:51.053617+03:00,_6,676c339d8b55,Agias Filaxeos,E147 - Archiepiskopou Makariou III Ave,4
2026-09-02T06:23:19Z,2026-09-02T09:27:51.053617+03:00,_0,18d60f6950ba,Leoforos Strovolou,Omirou,0
2026-09-02T06:23:19Z,2026-09-02T09:27:51.053617+03:00,_1,b54de865a9d0,Strovolou Ave,E902 - Proedrikou Megarou Ave,3
2026-09-02T06:23:19Z,2026-09-02T09:27:51.053617+03:00,_2,96c3ee6a9698,Strovolou Ave,E902 - Proedrikou Megarou Ave,0
2026-09-02T06:23:19Z,2026-09-02T09:27:51.053617+03:00,_0,06afc6492b14,Exit 24 >E127 Germasogeia / E113 Lemesos-Centre,Exit 25 > E131 Agios Athanasios / Linopetra / Industrial Zone,2
2026-09-02T06:23:19Z,2026-09-02T09:27:51.053617+03:00,_1,3e1d75b9e16e,Exit 25 > E131 Agios Athanasios / Linopetra / Industrial Zone,"to A6 > Pafos, Pafos Airport",0
2026-09-02T06:23:19Z,2026-09-02T09:27:51.053617+03:00,_0,920305ee9a1e,E147 - Archiepiskopou Makariou III Ave,Agias Filaxeos,0
2026-09-02T06:23:19Z,2026-09-02T09:27:51.053617+03:00,_1,a4260c51b19c,Steliou Kyriakidi,,4
2026-09-02T06:23:19Z,2026-09-02T09:27:51.053617+03:00,_2,f5f94ff22484,Agias Filaxeos,E110,0
2026-09-02T06:23:19Z,2026-09-02T09:27:51.053617+03:00,_0,1561bafaf811,,Lemesou Ave,0
2026-09-02T06:23:19Z,2026-09-02T09:27:51.053617+03:00,_1,d1bd4cd56cd8,Strovolos,Lemesou Ave,3
2026-09-02T06:23:19Z,2026-09-02T09:27:51.053617+03:00,_2,3909c4aec98f,Exit 1 > E116 Athalassis Ave.,Lemesou Ave,0
2026-09-02T06:23:19Z,2026-09-02T09:27:51.053617+03:00,_3,a502c2be3def,A1,Lemesou Ave,3
2026-09-02T06:23:19Z,2026-09-02T09:27:51.053617+03:00,_4,241c8aa49503,Lemesou Ave,E164 - Armenias,0
2026-09-02T06:23:19Z,2026-09-02T09:27:51.053617+03:00,_5,43f05193c4b0,Chrysanthou Mylona,Archiepiskopou Makariou III Ave,3
2026-09-02T06:23:19Z,2026-09-02T09:27:51.053617+03:00,_6,585aa61a46fa,Lemesou Ave,B18 - Digeni Akrita Ave,0
2026-09-02T06:23:19Z,2026-09-02T09:27:51.053617+03:00,_7,055237d5336a,Ioanni Kliridi,B18 - Georgiou Griva Digeni Ave,3
2026-09-02T06:23:19Z,2026-09-02T09:27:51.053617+03:00,_8,7c1a88e2db2c,Archiepiskopou Makariou III Ave,E1302 - Nikis Ave,0
2026-09-02T06:23:19Z,2026-09-02T09:27:51.053617+03:00,_9,910016111853,B18 - Georgiou Griva Digeni Ave,E165 - Themistokli Dervi,4
2026-09-02T06:23:19Z,2026-09-02T09:27:51.053617+03:00,_10,bbf67e32aa17,B18 - Georgiou Griva Digeni Ave,Evagorou Ave,0
2026-09-02T06:33:23Z,2026-09-02T09:37:51.121093+03:00,_0,9637c1cd3244,Strovolos,Strovolos,0
2026-09-02T06:33:23Z,2026-09-02T09:37:51.121093+03:00,_1,d1bd4cd56cd8,Strovolos,Lemesou Ave,3
2026-09-02T06:33:23Z,2026-09-02T09:37:51.121093+03:00,_2,3909c4aec98f,Aglantzia,Lemesou Ave,0
2026-09-02T06:33:23Z,2026-09-02T09:37:51.121093+03:00,_3,a502c2be3def,A1,Lemesou Ave,3
2026-09-02T06:33:23Z,2026-09-02T09:37:51.121093+03:00,_4,241c8aa49503,Lemesou Ave,E164 - Armenias,0
2026-09-02T06:33:23Z,2026-09-02T09:37:51.121093+03:00,_5,c57daf65c80e,Lemesou Ave,Archiepiskopou Makariou III Ave,2
2026-09-02T06:33:23Z,2026-09-02T09:37:51.121093+03:00,_0,c7cc2624ec90,E110,E110 - Agias Fylaxeos,0
2026-09-02T06:33:23Z,2026-09-02T09:37:51.121093+03:00,_1,977b92fdc886,E110 - 1 Apriliou,,3
2026-09-02T06:33:23Z,2026-09-02T09:37:51.121093+03:00,_2,641f0c228594,E110 - Agias Fylaxeos,Agias Filaxeos,0
2026-09-02T06:33:23Z,2026-09-02T09:37:51.121093+03:00,_3,fe38cd6fb3fa,Vasileos Georgiou II,E147 - Archiepiskopou Makariou III Ave,3
2026-09-02T06:33:23Z,2026-09-02T09:37:51.121093+03:00,_0,06afc6492b14,Exit 24 >E127 Germasogeia / E113 Lemesos-Centre,Germasogeia,2
2026-09-02T06:33:23Z,2026-09-02T09:37:51.121093+03:00,_1,3e1d75b9e16e,Agios Athanasios,"to A6 > Pafos, Pafos Airport",0
2026-09-02T06:33:23Z,2026-09-02T09:37:51.121093+03:00,_0,920305ee9a1e,E147 - Archiepiskopou Makariou III Ave,Agias Filaxeos,0
2026-09-02T06:33:23Z,2026-09-02T09:37:51.121093+03:00,_1,a4260c51b19c,Steliou Kyriakidi,,3
2026-09-02T06:33:23Z,2026-09-02T09:37:51.121093+03:00,_2,f5f94ff22484,Agias Filaxeos,E110,0
2026-09-02T06:33:23Z,2026-09-02T09:37:51.121093+03:00,_0,1561bafaf811,,Lemesou Ave,0
2026-09-02T06:33:23Z,2026-09-02T09:37:51.121093+03:00,_1,d1bd4cd56cd8,Strovolos,Lemesou Ave,3
2026-09-02T06:33:23Z,2026-09-02T09:37:51.121093+03:00,_2,3909c4aec98f,Aglantzia,Lemesou Ave,0
2026-09-02T06:33:23Z,2026-09-02T09:37:51.121093+03:00,_3,a502c2be3def,A1,Lemesou Ave,3
2026-09-02T06:33:23Z,2026-09-02T09:37:51.121093+03:00,_4,241c8aa49503,Lemesou Ave,E164 - Armenias,0
2026-09-02T06:33:23Z,2026-09-02T09:37:51.121093+03:00,_5,43f05193c4b0,Lemesou Ave,Archiepiskopou Makariou III Ave,2
2026-09-02T06:33:23Z,2026-09-02T09:37:51.121093+03:00,_6,fa2fd78f5eb3,Lemesou Ave,Archiepiskopou Makariou III Ave,0
2026-09-02T06:33:23Z,2026-09-02T09:37:51.121093+03:00,_7,2f70270e55a2,Lemesou Ave,B18 - Georgiou Griva Digeni Ave,3
2026-09-02T06:33:23Z,2026-09-02T09:37:51.121093+03:00,_8,7c1a88e2db2c,Archiepiskopou Makariou III Ave,E1302 - Nikis Ave,0
2026-09-02T06:33:23Z,2026-09-02T09:37:51.121093+03:00,_9,910016111853,B18 - Georgiou Griva Digeni Ave,B18 - Georgiou Griva Digeni Ave,4
2026-09-02T06:33:23Z,2026-09-02T09:37:51.121093+03:00,_10,bbf67e32aa17,B18 - Georgiou Griva Digeni Ave,Evagorou Ave,0
2026-09-02T06:33:23Z,2026-09-02T09:37:51.121093+03:00,_0,87b7d53833c2,Leoforos Strovolou,Omirou,0
2026-09-02T06:33:23Z,2026-09-02T09:37:51.121093+03:00,_1,60364c73604d,Strovolou Ave,E902 - Proedrikou Megarou Ave,3
2026-09-02T06:33:23Z,2026-09-02T09:37:51.121093+03:00,_2,96c3ee6a9698,Strovolou Ave,E902 - Proedrikou Megarou Ave,0
2026-09-02T06:43:28Z,2026-09-02T09:47:51.140635+03:00,_0,fe72ea2b224f,Strovolos,Lemesou Ave,0
2026-09-02T06:43:28Z,2026-09-02T09:47:51.140635+03:00,_1,1c3025f6d361,Strovolos,Lemesou Ave,3
2026-09-02T06:43:28Z,2026-09-02T09:47:51.140635+03:00,_2,e0e20f68c5b9,Aglantzia,Lemesou Ave,0
2026-09-02T06:43:28Z,2026-09-02T09:47:51.140635+03:00,_3,94a316a247ba,Lemesou Ave,Lemesou Ave,3
2026-09-02T06:43:28Z,2026-09-02T09:47:51.140635+03:00,_4,f65a0e5c7b05,Lemesou Ave,Archiepiskopou Makariou III Ave,0
2026-09-02T06:43:28Z,2026-09-02T09:47:51.140635+03:00,_5,394713f228bd,Lemesou Ave,Lemesou Ave,3
2026-09-02T06:43:28Z,2026-09-02T09:47:51.140635+03:00,_0,24f6df74a9e2,E110,E110 - Agias Fylaxeos,0
2026-09-02T06:43:28Z,2026-09-02T09:47:51.140635+03:00,_1,248eea38a837,E110 - 1 Apriliou,,3
2026-09-02T06:43:28Z,2026-09-02T09:47:51.140635+03:00,_2,20e4174f50d7,E110 - Agias Fylaxeos,Agias Filaxeos,0
2026-09-02T06:43:28Z,2026-09-02T09:47:51.140635+03:00,_3,8efecb847652,Vasileos Georgiou II,E147 - Archiepiskopou Makariou III Ave,3
2026-09-02T06:43:28Z,2026-09-02T09:47:51.140635+03:00,_0,06afc6492b14,Exit 24 >E127 Germasogeia / E113 Lemesos-Centre,Germasogeia,3
2026-09-02T06:43:28Z,2026-09-02T09:47:51.140635+03:00,_1,3e1d75b9e16e,Agios Athanasios,"to A6 > Pafos, Pafos Airport",0
2026-09-02T06:43:28Z,2026-09-02T09:47:51.140635+03:00,_0,2455e8639f1b,E147 - Archiepiskopou Makariou III Ave,Agias Filaxeos,0
2026-09-02T06:43:28Z,2026-09-02T09:47:51.140635+03:00,_1,6001ef7d617d,E147 - Archiepiskopou Makariou III Ave,Vasileos Georgiou II,2
2026-09-02T06:43:28Z,2026-09-02T09:47:51.140635+03:00,_2,62f9e9861a53,Agias Filaxeos,E110,0
2026-09-02T06:43:28Z,2026-09-02T09:47:51.140635+03:00,_0,d0dc64f54734,,Lemesou Ave,0
2026-09-02T06:43:28Z,2026-09-02T09:47:51.140635+03:00,_1,1c3025f6d361,Strovolos,Lemesou Ave,3
2026-09-02T06:43:28Z,2026-09-02T09:47:51.140635+03:00,_2,e0e20f68c5b9,Aglantzia,Lemesou Ave,0
2026-09-02T06:43:28Z,2026-09-02T09:47:51.140635+03:00,_3,94a316a247ba,Lemesou Ave,Lemesou Ave,3
2026-09-02T06:43:28Z,2026-09-02T09:47:51.140635+03:00,_4,f65a0e5c7b05,Lemesou Ave,Archiepiskopou Makariou III Ave,0
2026-09-02T06:43:28Z,2026-09-02T09:47:51.140635+03:00,_5,6efde239cabf,Lemesou Ave,Archiepiskopou Makariou III Ave,3
2026-09-02T06:43:28Z,2026-09-02T09:47:51.140635+03:00,_6,bd22ecc10d1b,Lemesou Ave,Archiepiskopou Makariou III Ave,0
2026-09-02T06:43:28Z,2026-09-02T09:47:51.140635+03:00,_7,798c594a6669,Archiepiskopou Makariou III Ave,B18 - Georgiou Griva Digeni Ave,3
2026-09-02T06:43:28Z,2026-09-02T09:47:51.140635+03:00,_8,7c1a88e2db2c,Archiepiskopou Makariou III Ave,E1302 - Nikis Ave,0
2026-09-02T06:43:28Z,2026-09-02T09:47:51.140635+03:00,_9,910016111853,B18 - Georgiou Griva Digeni Ave,B18 - Georgiou Griva Digeni Ave,4
2026-09-02T06:43:28Z,2026-09-02T09:47:51.140635+03:00,_10,bbf67e32aa17,B18 - Georgiou Griva Digeni Ave,Evagorou Ave,0
2026-09-02T06:53:34Z,2026-09-02T09:57:51.156206+03:00,_0,fe72ea2b224f,Strovolos,Lemesou Ave,0
2026-09-02T06:53:34Z,2026-09-02T09:57:51.156206+03:00,_1,1c3025f6d361,Strovolos,Lemesou Ave,3
2026-09-02T06:53:34Z,2026-09-02T09:57:51.156206+03:00,_2,7c50b274239b,Aglantzia,E164 - Armenias,0
2026-09-02T06:53:34Z,2026-09-02T09:57:51.156206+03:00,_3,c57daf65c80e,Lemesou Ave,Archiepiskopou Makariou III Ave,3
2026-09-02T06:53:34Z,2026-09-02T09:57:51.156206+03:00,_0,6cfc0b6c5e0c,E110,E110 - 1 Apriliou,0
2026-09-02T06:53:34Z,2026-09-02T09:57:51.156206+03:00,_1,0f3b5af4b808,E110 - 1 Apriliou,,3
2026-09-02T06:53:34Z,2026-09-02T09:57:51.156206+03:00,_2,e33776a3a190,E110 - Agias Fylaxeos,Agias Filaxeos,0
2026-09-02T06:53:34Z,2026-09-02T09:57:51.156206+03:00,_3,0a5c4761a6b4,Agias Filaxeos,Vasileos Georgiou II,3
2026-09-02T06:53:34Z,2026-09-02T09:57:51.156206+03:00,_4,4e06deec9c04,Agias Filaxeos,Agias Filaxeos,0
2026-09-02T06:53:34Z,2026-09-02T09:57:51.156206+03:00,_5,fe38cd6fb3fa,Vasileos Georgiou II,E147 - Archiepiskopou Makariou III Ave,3
2026-09-02T06:53:34Z,2026-09-02T09:57:51.156206+03:00,_0,06afc6492b14,Exit 24 >E127 Germasogeia / E113 Lemesos-Centre,Germasogeia,2
2026-09-02T06:53:34Z,2026-09-02T09:57:51.156206+03:00,_1,3e1d75b9e16e,Agios Athanasios,"to A6 > Pafos, Pafos Airport",0
2026-09-02T06:53:34Z,2026-09-02T09:57:51.156206+03:00,_0,d0dc64f54734,,Lemesou Ave,0
2026-09-02T06:53:34Z,2026-09-02T09:57:51.156206+03:00,_1,1c3025f6d361,Strovolos,Lemesou Ave,3
2026-09-02T06:53:34Z,2026-09-02T09:57:51.156206+03:00,_2,7c50b274239b,Aglantzia,E164 - Armenias,0
2026-09-02T06:53:34Z,2026-09-02T09:57:51.156206+03:00,_3,43f05193c4b0,Lemesou Ave,Archiepiskopou Makariou III Ave,3
2026-09-02T06:53:34Z,2026-09-02T09:57:51.156206+03:00,_4,bd22ecc10d1b,Lemesou Ave,Archiepiskopou Makariou III Ave,0
2026-09-02T06:53:34Z,2026-09-02T09:57:51.156206+03:00,_5,798c594a6669,Archiepiskopou Makariou III Ave,B18 - Georgiou Griva Digeni Ave,3
2026-09-02T06:53:34Z,2026-09-02T09:57:51.156206+03:00,_6,7c1a88e2db2c,Archiepiskopou Makariou III Ave,E1302 - Nikis Ave,0
2026-09-02T06:53:34Z,2026-09-02T09:57:51.156206+03:00,_7,910016111853,B18 - Georgiou Griva Digeni Ave,B18 - Georgiou Griva Digeni Ave,4
2026-09-02T06:53:34Z,2026-09-02T09:57:51.156206+03:00,_8,bbf67e32aa17,B18 - Georgiou Griva Digeni Ave,Evagorou Ave,0
2026-09-02T11:20:25Z,2026-09-02T14:25:19.401439+03:00,_0,69fc3b9dbbdd,Strovolos,Archiepiskopou Makariou III Ave,0
2026-09-02T11:20:25Z,2026-09-02T14:25:19.401439+03:00,_1,c57daf65c80e,Lemesou Ave,Archiepiskopou Makariou III Ave,2
2026-09-02T11:20:25Z,2026-09-02T14:25:19.401439+03:00,_0,431f99d1e0ab,E110,E110 - Agias Fylaxeos,0
2026-09-02T11:20:25Z,2026-09-02T14:25:19.401439+03:00,_1,b8e1983f3a68,E110 - Agias Fylaxeos,,3
2026-09-02T11:20:25Z,2026-09-02T14:25:19.401439+03:00,_2,c8792afe581d,E110 - Agias Fylaxeos,E147 - Archiepiskopou Makariou III Ave,0
2026-09-02T11:20:25Z,2026-09-02T14:25:19.401439+03:00,_0,daca33dbcb0d,,Archiepiskopou Makariou III Ave,0
2026-09-02T11:20:25Z,2026-09-02T14:25:19.401439+03:00,_1,43f05193c4b0,Lemesou Ave,Archiepiskopou Makariou III Ave,2
2026-09-02T11:20:25Z,2026-09-02T14:25:19.401439+03:00,_2,8fab7dfc83f0,Lemesou Ave,Evagorou Ave,0
2026-09-02T11:30:52Z,2026-09-02T14:35:43.902684+03:00,_0,717e390521ff,Strovolos,Archiepiskopou Makariou III Ave,0
2026-09-02T11:30:52Z,2026-09-02T14:35:43.902684+03:00,_1,a95604920bd3,E164 - Armenias,Archiepiskopou Makariou III Ave,3
2026-09-02T11:30:52Z,2026-09-02T14:35:43.902684+03:00,_0,a621b9829dc1,Exit 24 >E127 Germasogeia / E113 Lemesos-Centre,A6,0
2026-09-02T11:30:52Z,2026-09-02T14:35:43.902684+03:00,_1,fcc252ee8f23,A1,Kato Polemidia,3
2026-09-02T11:30:52Z,2026-09-02T14:35:43.902684+03:00,_2,b34d37b6f084,A1,Erimi,0
2026-09-02T11:30:52Z,2026-09-02T14:35:43.902684+03:00,_3,dd564d2e7ef4,Kantou,Kantou,5
2026-09-02T11:30:52Z,2026-09-02T14:35:43.902684+03:00,_4,6697f0bbd447,Episkopi,"to A6 > Pafos, Pafos Airport",0
2026-09-02T11:30:52Z,2026-09-02T14:35:43.902684+03:00,_0,920305ee9a1e,E147 - Archiepiskopou Makariou III Ave,Agias Filaxeos,0
2026-09-02T11:30:52Z,2026-09-02T14:35:43.902684+03:00,_1,a4260c51b19c,Steliou Kyriakidi,,3
2026-09-02T11:30:52Z,2026-09-02T14:35:43.902684+03:00,_2,f5f94ff22484,Agias Filaxeos,E110,0
2026-09-02T11:30:52Z,2026-09-02T14:35:43.902684+03:00,_0,c130c98e78f5,,Archiepiskopou Makariou III Ave,0
2026-09-02T11:30:52Z,2026-09-02T14:35:43.902684+03:00,_1,265266c3e024,E164 - Armenias,Archiepiskopou Makariou III Ave,3
2026-09-02T11:30:52Z,2026-09-02T14:35:43.902684+03:00,_2,8fab7dfc83f0,Lemesou Ave,Evagorou Ave,0
2026-09-02T11:40:58Z,2026-09-02T14:45:42.467240+03:00,_0,69fc3b9dbbdd,Strovolos,Archiepiskopou Makariou III Ave,0
2026-09-02T11:40:58Z,2026-09-02T14:45:42.467240+03:00,_1,c57daf65c80e,Lemesou Ave,Archiepiskopou Makariou III Ave,3
2026-09-02T11:40:58Z,2026-09-02T14:45:42.467240+03:00,_0,2459eb632a9a,Exit 24 >E127 Germasogeia / E113 Lemesos-Centre,Lemesos,0
2026-09-02T11:40:58Z,2026-09-02T14:45:42.467240+03:00,_1,830dda577c6e,Lemesos,A6,1
2026-09-02T11:40:58Z,2026-09-02T14:45:42.467240+03:00,_2,fcc252ee8f23,A1,Kato Polemidia,3
2026-09-02T11:40:58Z,2026-09-02T14:45:42.467240+03:00,_3,e8484970be94,A1,Erimi,0
2026-09-02T11:40:58Z,2026-09-02T14:45:42.467240+03:00,_4,af1c2389b574,Erimi,Erimi,3
2026-09-02T11:40:58Z,2026-09-02T14:45:42.467240+03:00,_5,dd564d2e7ef4,Kantou,Kantou,5
2026-09-02T11:40:58Z,2026-09-02T14:45:42.467240+03:00,_6,6697f0bbd447,Episkopi,"to A6 > Pafos, Pafos Airport",0
2026-09-02T11:40:58Z,2026-09-02T14:45:42.467240+03:00,_0,920305ee9a1e,E147 - Archiepiskopou Makariou III Ave,Agias Filaxeos,0
2026-09-02T11:40:58Z,2026-09-02T14:45:42.467240+03:00,_1,a4260c51b19c,Steliou Kyriakidi,,4
2026-09-02T11:40:58Z,2026-09-02T14:45:42.467240+03:00,_2,f5f94ff22484,Agias Filaxeos,E110,0
2026-09-02T11:40:58Z,2026-09-02T14:45:42.467240+03:00,_0,daca33dbcb0d,,Archiepiskopou Makariou III Ave,0
2026-09-02T11:40:58Z,2026-09-02T14:45:42.467240+03:00,_1,43f05193c4b0,Lemesou Ave,Archiepiskopou Makariou III Ave,3
2026-09-02T11:40:58Z,2026-09-02T14:45:42.467240+03:00,_2,8fab7dfc83f0,Lemesou Ave,Evagorou Ave,0
2026-09-02T11:51:02Z,2026-09-02T14:55:42.445534+03:00,_0,69fc3b9dbbdd,Strovolos,Archiepiskopou Makariou III Ave,0
2026-09-02T11:51:02Z,2026-09-02T14:55:42.445534+03:00,_1,c57daf65c80e,Lemesou Ave,Archiepiskopou Makariou III Ave,3
2026-09-02T11:51:02Z,2026-09-02T14:55:42.445534+03:00,_0,daca33dbcb0d,,Archiepiskopou Makariou III Ave,0
2026-09-02T11:51:02Z,2026-09-02T14:55:42.445534+03:00,_1,43f05193c4b0,Lemesou Ave,Archiepiskopou Makariou III Ave,3
2026-09-02T11:51:02Z,2026-09-02T14:55:42.445534+03:00,_2,8fab7dfc83f0,Lemesou Ave,Evagorou Ave,0
2026-09-02T12:01:06Z,2026-09-02T15:05:46.459074+03:00,_0,69fc3b9dbbdd,Exit 4 >E148 Latsia / GSP Stadium,Archiepiskopou Makariou III Ave,0
2026-09-02T12:01:06Z,2026-09-02T15:05:46.459074+03:00,_1,c57daf65c80e,Chrysanthou Mylona,Archiepiskopou Makariou III Ave,3
2026-09-02T12:01:06Z,2026-09-02T15:05:46.459074+03:00,_0,920305ee9a1e,E147 - Archiepiskopou Makariou III Ave,Agias Filaxeos,0
2026-09-02T12:01:06Z,2026-09-02T15:05:46.459074+03:00,_1,a4260c51b19c,Steliou Kyriakidi,,4
2026-09-02T12:01:06Z,2026-09-02T15:05:46.459074+03:00,_2,f5f94ff22484,Agias Filaxeos,E110,0
2026-09-02T12:01:06Z,2026-09-02T15:05:46.459074+03:00,_0,daca33dbcb0d,,Archiepiskopou Makariou III Ave,0
2026-09-02T12:01:06Z,2026-09-02T15:05:46.459074+03:00,_1,43f05193c4b0,Chrysanthou Mylona,Archiepiskopou Makariou III Ave,3
2026-09-02T12:01:06Z,2026-09-02T15:05:46.459074+03:00,_2,8fab7dfc83f0,Lemesou Ave,Evagorou Ave,0
2026-09-02T12:11:14Z,2026-09-02T15:15:42.324805+03:00,_0,69fc3b9dbbdd,Strovolos,Archiepiskopou Makariou III Ave,0
2026-09-02T12:11:14Z,2026-09-02T15:15:42.324805+03:00,_1,c57daf65c80e,Lemesou Ave,Archiepiskopou Makariou III Ave,3
2026-09-02T12:11:14Z,2026-09-02T15:15:42.324805+03:00,_0,920305ee9a1e,E147 - Archiepiskopou Makariou III Ave,Agias Filaxeos,0
2026-09-02T12:11:14Z,2026-09-02T15:15:42.324805+03:00,_1,a4260c51b19c,Steliou Kyriakidi,,4
2026-09-02T12:11:14Z,2026-09-02T15:15:42.324805+03:00,_2,f5f94ff22484,Agias Filaxeos,E110,0
2026-09-02T12:11:14Z,2026-09-02T15:15:42.324805+03:00,_0,daca33dbcb0d,,Archiepiskopou Makariou III Ave,0
2026-09-02T12:11:14Z,2026-09-02T15:15:42.324805+03:00,_1,43f05193c4b0,Lemesou Ave,Archiepiskopou Makariou III Ave,3
2026-09-02T12:11:14Z,2026-09-02T15:15:42.324805+03:00,_2,7e9e53411917,Lemesou Ave,E1302 - Nikis Ave,0
2026-09-02T12:11:14Z,2026-09-02T15:15:42.324805+03:00,_3,910016111853,B18 - Georgiou Griva Digeni Ave,B18 - Georgiou Griva Digeni Ave,3
2026-09-02T12:11:14Z,2026-09-02T15:15:42.324805+03:00,_4,bbf67e32aa17,B18 - Georgiou Griva Digeni Ave,Evagorou Ave,0
2026-09-02T12:21:18Z,2026-09-02T15:25:42.689510+03:00,_0,69fc3b9dbbdd,Strovolos,Archiepiskopou Makariou III Ave,0
2026-09-02T12:21:18Z,2026-09-02T15:25:42.689510+03:00,_1,c57daf65c80e,Lemesou Ave,Archiepiskopou Makariou III Ave,2
2026-09-02T12:21:18Z,2026-09-02T15:25:42.689510+03:00,_0,920305ee9a1e,E147 - Archiepiskopou Makariou III Ave,Agias Filaxeos,0
2026-09-02T12:21:18Z,2026-09-02T15:25:42.689510+03:00,_1,a4260c51b19c,Steliou Kyriakidi,,4
2026-09-02T12:21:18Z,2026-09-02T15:25:42.689510+03:00,_2,f5f94ff22484,Agias Filaxeos,E110,0
2026-09-02T12:21:18Z,2026-09-02T15:25:42.689510+03:00,_0,daca33dbcb0d,,Archiepiskopou Makariou III Ave,0
2026-09-02T12:21:18Z,2026-09-02T15:25:42.689510+03:00,_1,43f05193c4b0,Lemesou Ave,Archiepiskopou Makariou III Ave,2
2026-09-02T12:21:18Z,2026-09-02T15:25:42.689510+03:00,_2,7e9e53411917,Lemesou Ave,E1302 - Nikis Ave,0
2026-09-02T12:21:18Z,2026-09-02T15:25:42.689510+03:00,_3,910016111853,B18 - Georgiou Griva Digeni Ave,B18 - Georgiou Griva Digeni Ave,3
2026-09-02T12:21:18Z,2026-09-02T15:25:42.689510+03:00,_4,be1978e23bd0,B18 - Georgiou Griva Digeni Ave,E165 - Themistokli Dervi,0
2026-09-02T12:21:18Z,2026-09-02T15:25:42.689510+03:00,_5,06a69b0e63fe,B18 - Georgiou Griva Digeni Ave,Evagorou Ave,2
2026-09-02T12:21:18Z,2026-09-02T15:25:42.689510+03:00,_6,76dbed895c05,E165 - Themistokli Dervi,Evagorou Ave,0
2026-09-02T12:31:22Z,2026-09-02T15:35:43.502652+03:00,_0,69fc3b9dbbdd,Exit 4 >E148 Latsia / GSP Stadium,Archiepiskopou Makariou III Ave,0
2026-09-02T12:31:22Z,2026-09-02T15:35:43.502652+03:00,_1,c57daf65c80e,Chrysanthou Mylona,Archiepiskopou Makariou III Ave,3
2026-09-02T12:31:22Z,2026-09-02T15:35:43.502652+03:00,_0,4e1a525422f6,E110,E110 - Agias Fylaxeos,0
2026-09-02T12:31:22Z,2026-09-02T15:35:43.502652+03:00,_1,81e40e2e4db5,E110 - Agias Fylaxeos,,3
2026-09-02T12:31:22Z,2026-09-02T15:35:43.502652+03:00,_2,c8792afe581d,E110 - Agias Fylaxeos,E147 - Archiepiskopou Makariou III Ave,0
2026-09-02T12:31:22Z,2026-09-02T15:35:43.502652+03:00,_0,920305ee9a1e,E147 - Archiepiskopou Makariou III Ave,Agias Filaxeos,0
2026-09-02T12:31:22Z,2026-09-02T15:35:43.502652+03:00,_1,a4260c51b19c,Steliou Kyriakidi,,4
2026-09-02T12:31:22Z,2026-09-02T15:35:43.502652+03:00,_2,c0517c09c155,Agias Filaxeos,E110 - 1 Apriliou,0
2026-09-02T12:31:22Z,2026-09-02T15:35:43.502652+03:00,_3,18da4895abec,E110 - Agias Fylaxeos,E110 - Eleftherias,1
2026-09-02T12:31:22Z,2026-09-02T15:35:43.502652+03:00,_4,15f60bb25351,E110 - 1 Apriliou,E110,0
2026-09-02T12:31:22Z,2026-09-02T15:35:43.502652+03:00,_0,daca33dbcb0d,,Archiepiskopou Makariou III Ave,0
2026-09-02T12:31:22Z,2026-09-02T15:35:43.502652+03:00,_1,43f05193c4b0,Chrysanthou Mylona,Archiepiskopou Makariou III Ave,3
2026-09-02T12:31:22Z,2026-09-02T15:35:43.502652+03:00,_2,7e9e53411917,Lemesou Ave,E1302 - Nikis Ave,0
2026-09-02T12:31:22Z,2026-09-02T15:35:43.502652+03:00,_3,910016111853,B18 - Georgiou Griva Digeni Ave,B18 - Georgiou Griva Digeni Ave,4
2026-09-02T12:31:22Z,2026-09-02T15:35:43.502652+03:00,_4,bbf67e32aa17,B18 - Georgiou Griva Digeni Ave,Evagorou Ave,0
2026-09-02T12:31:22Z,2026-09-02T15:35:43.502652+03:00,_0,04e0d90cca46,Leoforos Strovolou,E902 - Proedrikou Megarou Ave,0
2026-09-02T12:31:22Z,2026-09-02T15:35:43.502652+03:00,_1,2e2860fdee90,Strovolou Ave,E902 - Proedrikou Megarou Ave,3
2026-09-02T12:31:22Z,2026-09-02T15:35:43.502652+03:00,_2,c6ac6530f2b9,Strovolou Ave,E902 - Proedrikou Megarou Ave,0
2026-09-02T12:41:27Z,2026-09-02T15:45:42.544872+03:00,_0,5b27c50fa078,Strovolos,Archiepiskopou Makariou III Ave,0
2026-09-02T12:41:27Z,2026-09-02T15:45:42.544872+03:00,_1,8b530b355b26,Lemesou Ave,Archiepiskopou Makariou III Ave,3
2026-09-02T12:41:27Z,2026-09-02T15:45:42.544872+03:00,_0,920305ee9a1e,E147 - Archiepiskopou Makariou III Ave,Agias Filaxeos,0
2026-09-02T12:41:27Z,2026-09-02T15:45:42.544872+03:00,_1,a4260c51b19c,Steliou Kyriakidi,,4
2026-09-02T12:41:27Z,2026-09-02T15:45:42.544872+03:00,_2,f5f94ff22484,Agias Filaxeos,E110,0
2026-09-02T12:41:27Z,2026-09-02T15:45:42.544872+03:00,_0,72b03ff9b5bc,E110,E110 - Agias Fylaxeos,0
2026-09-02T12:41:27Z,2026-09-02T15:45:42.544872+03:00,_1,e50ca2ecb1e0,E110 - 1 Apriliou,,3
2026-09-02T12:41:27Z,2026-09-02T15:45:42.544872+03:00,_2,2572617aaf75,E110 - Agias Fylaxeos,E147 - Archiepiskopou Makariou III Ave,0
2026-09-02T12:41:27Z,2026-09-02T15:45:42.544872+03:00,_3,7d91212c9f28,Agiou Artemiou,E147 - Archiepiskopou Makariou III Ave,3
2026-09-02T12:41:27Z,2026-09-02T15:45:42.544872+03:00,_0,39864853c88c,,Archiepiskopou Makariou III Ave,0
2026-09-02T12:41:27Z,2026-09-02T15:45:42.544872+03:00,_1,3dec49aff703,Lemesou Ave,Archiepiskopou Makariou III Ave,3
2026-09-02T12:41:27Z,2026-09-02T15:45:42.544872+03:00,_2,8fab7dfc83f0,Lemesou Ave,Evagorou Ave,0
2026-09-02T12:41:27Z,2026-09-02T15:45:42.544872+03:00,_0,f914fff2547b,Leoforos Strovolou,E902 - Proedrikou Megarou Ave,0
2026-09-02T12:41:27Z,2026-09-02T15:45:42.544872+03:00,_1,c04a316c4fdd,Strovolou Ave,E902 - Proedrikou Megarou Ave,4
2026-09-02T12:41:27Z,2026-09-02T15:45:42.544872+03:00,_2,c6ac6530f2b9,Strovolou Ave,E902 - Proedrikou Megarou Ave,0
2026-09-02T12:51:31Z,2026-09-02T15:55:43.931601+03:00,_0,fe72ea2b224f,Strovolos,Lemesou Ave,0
2026-09-02T12:51:31Z,2026-09-02T15:55:43.931601+03:00,_1,1c3025f6d361,Strovolos,Lemesou Ave,4
2026-09-02T12:51:31Z,2026-09-02T15:55:43.931601+03:00,_2,7c50b274239b,Aglantzia,E164 - Armenias,0
2026-09-02T12:51:31Z,2026-09-02T15:55:43.931601+03:00,_3,c57daf65c80e,Lemesou Ave,Archiepiskopou Makariou III Ave,3
2026-09-02T12:51:31Z,2026-09-02T15:55:43.931601+03:00,_0,518c5df216c1,E110,E110 - Agias Fylaxeos,0
2026-09-02T12:51:31Z,2026-09-02T15:55:43.931601+03:00,_1,cbcc23476907,E110 - 1 Apriliou,E110 - Agias Fylaxeos,3
2026-09-02T12:51:31Z,2026-09-02T15:55:43.931601+03:00,_2,e50ca2ecb1e0,E110 - 1 Apriliou,,4
2026-09-02T12:51:31Z,2026-09-02T15:55:43.931601+03:00,_3,a3ae4f10ebab,E110 - Agias Fylaxeos,E147 - Archiepiskopou Makariou III Ave,0
2026-09-02T12:51:31Z,2026-09-02T15:55:43.931601+03:00,_4,f8a1b1df72c7,Agias Filaxeos,E147 - Archiepiskopou Makariou III Ave,3
2026-09-02T12:51:31Z,2026-09-02T15:55:43.931601+03:00,_0,06afc6492b14,Exit 24 >E127 Germasogeia / E113 Lemesos-Centre,Germasogeia,2
2026-09-02T12:51:31Z,2026-09-02T15:55:43.931601+03:00,_1,c0f129731113,Agios Athanasios,Mesa Geitonia,0
2026-09-02T12:51:31Z,2026-09-02T15:55:43.931601+03:00,_2,544e75b283e1,Lemesos,A6,3
2026-09-02T12:51:31Z,2026-09-02T15:55:43.931601+03:00,_3,fcc252ee8f23,A1,Kato Polemidia,2
2026-09-02T12:51:31Z,2026-09-02T15:55:43.931601+03:00,_4,e8484970be94,A1,Erimi,0
2026-09-02T12:51:31Z,2026-09-02T15:55:43.931601+03:00,_5,a596ec773b4d,Erimi,Kantou,3
2026-09-02T12:51:31Z,2026-09-02T15:55:43.931601+03:00,_6,6697f0bbd447,Episkopi,"to A6 > Pafos, Pafos Airport",0
2026-09-02T12:51:31Z,2026-09-02T15:55:43.931601+03:00,_0,137f66eaa4ab,E147 - Archiepiskopou Makariou III Ave,Agias Filaxeos,3
2026-09-02T12:51:31Z,2026-09-02T15:55:43.931601+03:00,_1,01294ef49009,E147 - Archiepiskopou Makariou III Ave,Agias Filaxeos,0
2026-09-02T12:51:31Z,2026-09-02T15:55:43.931601+03:00,_2,a4260c51b19c,Steliou Kyriakidi,,4
2026-09-02T12:51:31Z,2026-09-02T15:55:43.931601+03:00,_3,f5f94ff22484,Agias Filaxeos,E110,0
2026-09-02T12:51:31Z,2026-09-02T15:55:43.931601+03:00,_0,f914fff2547b,Leoforos Strovolou,E902 - Proedrikou Megarou Ave,0
2026-09-02T12:51:31Z,2026-09-02T15:55:43.931601+03:00,_1,c04a316c4fdd,Strovolou Ave,E902 - Proedrikou Megarou Ave,4
2026-09-02T12:51:31Z,2026-09-02T15:55:43.931601+03:00,_2,c6ac6530f2b9,Strovolou Ave,E902 - Proedrikou Megarou Ave,0
2026-09-02T12:51:31Z,2026-09-02T15:55:43.931601+03:00,_0,d0dc64f54734,,Lemesou Ave,0
2026-09-02T12:51:31Z,2026-09-02T15:55:43.931601+03:00,_1,1c3025f6d361,Strovolos,Lemesou Ave,4
2026-09-02T12:51:31Z,2026-09-02T15:55:43.931601+03:00,_2,7c50b274239b,Aglantzia,E164 - Armenias,0
2026-09-02T12:51:31Z,2026-09-02T15:55:43.931601+03:00,_3,43f05193c4b0,Lemesou Ave,Archiepiskopou Makariou III Ave,3
2026-09-02T12:51:31Z,2026-09-02T15:55:43.931601+03:00,_4,8fab7dfc83f0,Lemesou Ave,Evagorou Ave,0
2026-09-02T13:01:36Z,2026-09-02T16:05:43.762221+03:00,_0,fe72ea2b224f,Strovolos,Lemesou Ave,0
2026-09-02T13:01:36Z,2026-09-02T16:05:43.762221+03:00,_1,1c3025f6d361,Strovolos,Lemesou Ave,4
2026-09-02T13:01:36Z,2026-09-02T16:05:43.762221+03:00,_2,7c50b274239b,Aglantzia,E164 - Armenias,0
2026-09-02T13:01:36Z,2026-09-02T16:05:43.762221+03:00,_3,c57daf65c80e,Lemesou Ave,Archiepiskopou Makariou III Ave,3
2026-09-02T13:01:36Z,2026-09-02T16:05:43.762221+03:00,_0,518c5df216c1,E110,E110 - Agias Fylaxeos,0
2026-09-02T13:01:36Z,2026-09-02T16:05:43.762221+03:00,_1,cbcc23476907,E110 - 1 Apriliou,E110 - Agias Fylaxeos,2
2026-09-02T13:01:36Z,2026-09-02T16:05:43.762221+03:00,_2,e50ca2ecb1e0,E110 - 1 Apriliou,,4
2026-09-02T13:01:36Z,2026-09-02T16:05:43.762221+03:00,_3,a3ae4f10ebab,E110 - Agias Fylaxeos,E147 - Archiepiskopou Makariou III Ave,0
2026-09-02T13:01:36Z,2026-09-02T16:05:43.762221+03:00,_4,0bea6912983e,Agias Filaxeos,E147 - Archiepiskopou Makariou III Ave,3
2026-09-02T13:01:36Z,2026-09-02T16:05:43.762221+03:00,_0,920305ee9a1e,E147 - Archiepiskopou Makariou III Ave,Agias Filaxeos,0
2026-09-02T13:01:36Z,2026-09-02T16:05:43.762221+03:00,_1,a4260c51b19c,Steliou Kyriakidi,,4
2026-09-02T13:01:36Z,2026-09-02T16:05:43.762221+03:00,_2,f5f94ff22484,Agias Filaxeos,E110,0
2026-09-02T13:01:36Z,2026-09-02T16:05:43.762221+03:00,_0,f914fff2547b,Leoforos Strovolou,E902 - Proedrikou Megarou Ave,0
2026-09-02T13:01:36Z,2026-09-02T16:05:43.762221+03:00,_1,c04a316c4fdd,Strovolou Ave,E902 - Proedrikou Megarou Ave,3
2026-09-02T13:01:36Z,2026-09-02T16:05:43.762221+03:00,_2,c6ac6530f2b9,Strovolou Ave,E902 - Proedrikou Megarou Ave,0
2026-09-02T13:01:36Z,2026-09-02T16:05:43.762221+03:00,_0,d0dc64f54734,,Lemesou Ave,0
2026-09-02T13:01:36Z,2026-09-02T16:05:43.762221+03:00,_1,1c3025f6d361,Strovolos,Lemesou Ave,4
2026-09-02T13:01:36Z,2026-09-02T16:05:43.762221+03:00,_2,7c50b274239b,Aglantzia,E164 - Armenias,0
2026-09-02T13:01:36Z,2026-09-02T16:05:43.762221+03:00,_3,43f05193c4b0,Lemesou Ave,Archiepiskopou Makariou III Ave,3
2026-09-02T13:01:36Z,2026-09-02T16:05:43.762221+03:00,_4,8fab7dfc83f0,Lemesou Ave,Evagorou Ave,0
2026-09-02T13:11:45Z,2026-09-02T16:15:42.815437+03:00,_0,fe72ea2b224f,Exit 4 >E148 Latsia / GSP Stadium,Lemesou Ave,0
2026-09-02T13:11:45Z,2026-09-02T16:15:42.815437+03:00,_1,1c3025f6d361,Strovolos,Lemesou Ave,3
2026-09-02T13:11:45Z,2026-09-02T16:15:42.815437+03:00,_2,7c50b274239b,Exit 1 > E116 Athalassis Ave.,E164 - Armenias,0
2026-09-02T13:11:45Z,2026-09-02T16:15:42.815437+03:00,_3,c57daf65c80e,Chrysanthou Mylona,Archiepiskopou Makariou III Ave,3
2026-09-02T13:11:45Z,2026-09-02T16:15:42.815437+03:00,_0,4d68a52b113f,E110,E110 - Agias Fylaxeos,0
2026-09-02T13:11:45Z,2026-09-02T16:15:42.815437+03:00,_1,e719ea608995,E110 - 1 Apriliou,E110 - Agias Fylaxeos,2
2026-09-02T13:11:45Z,2026-09-02T16:15:42.815437+03:00,_2,e50ca2ecb1e0,E110 - 1 Apriliou,,4
2026-09-02T13:11:45Z,2026-09-02T16:15:42.815437+03:00,_3,a3ae4f10ebab,E110 - Agias Fylaxeos,E147 - Archiepiskopou Makariou III Ave,0
2026-09-02T13:11:45Z,2026-09-02T16:15:42.815437+03:00,_4,f8a1b1df72c7,Agias Filaxeos,E147 - Archiepiskopou Makariou III Ave,3
2026-09-02T13:11:45Z,2026-09-02T16:15:42.815437+03:00,_0,137f66eaa4ab,E147 - Archiepiskopou Makariou III Ave,Agias Filaxeos,3
2026-09-02T13:11:45Z,2026-09-02T16:15:42.815437+03:00,_1,163a73e29f51,Agiou Artemiou,Agias Filaxeos,0
2026-09-02T13:11:45Z,2026-09-02T16:15:42.815437+03:00,_2,9a8e66331607,Agias Filaxeos,Vasileos Georgiou II,3
2026-09-02T13:11:45Z,2026-09-02T16:15:42.815437+03:00,_3,f0692a22ef39,Agias Filaxeos,Agias Filaxeos,0
2026-09-02T13:11:45Z,2026-09-02T16:15:42.815437+03:00,_4,a4260c51b19c,Steliou Kyriakidi,,4
2026-09-02T13:11:45Z,2026-09-02T16:15:42.815437+03:00,_5,f5f94ff22484,Agias Filaxeos,E110,0
2026-09-02T13:11:45Z,2026-09-02T16:15:42.815437+03:00,_0,d0dc64f54734,,Lemesou Ave,0
2026-09-02T13:11:45Z,2026-09-02T16:15:42.815437+03:00,_1,1c3025f6d361,Strovolos,Lemesou Ave,3
2026-09-02T13:11:45Z,2026-09-02T16:15:42.815437+03:00,_2,7c50b274239b,Exit 1 > E116 Athalassis Ave.,E164 - Armenias,0
2026-09-02T13:11:45Z,2026-09-02T16:15:42.815437+03:00,_3,43f05193c4b0,Chrysanthou Mylona,Archiepiskopou Makariou III Ave,3
2026-09-02T13:11:45Z,2026-09-02T16:15:42.815437+03:00,_4,8fab7dfc83f0,Lemesou Ave,Evagorou Ave,0
2026-09-02T13:21:49Z,2026-09-02T16:26:44.509727+03:00,_0,fe72ea2b224f,Strovolos,Lemesou Ave,0
2026-09-02T13:21:49Z,2026-09-02T16:26:44.509727+03:00,_1,1c3025f6d361,Strovolos,Lemesou Ave,3
2026-09-02T13:21:49Z,2026-09-02T16:26:44.509727+03:00,_2,7c50b274239b,Aglantzia,E164 - Armenias,0
2026-09-02T13:21:49Z,2026-09-02T16:26:44.509727+03:00,_3,c57daf65c80e,Lemesou Ave,Archiepiskopou Makariou III Ave,2
2026-09-02T13:21:49Z,2026-09-02T16:26:44.509727+03:00,_0,15ae2e1d5817,E147 - Archiepiskopou Makariou III Ave,Agias Filaxeos,0
2026-09-02T13:21:49Z,2026-09-02T16:26:44.509727+03:00,_1,1683a4b44bb7,Agias Filaxeos,Agias Filaxeos,3
2026-09-02T13:21:49Z,2026-09-02T16:26:44.509727+03:00,_2,3c822276d5cc,Agias Filaxeos,Agias Filaxeos,0
2026-09-02T13:21:49Z,2026-09-02T16:26:44.509727+03:00,_3,a4260c51b19c,Steliou Kyriakidi,,4
2026-09-02T13:21:49Z,2026-09-02T16:26:44.509727+03:00,_4,f5f94ff22484,Agias Filaxeos,E110,0
2026-09-02T13:21:49Z,2026-09-02T16:26:44.509727+03:00,_0,72b03ff9b5bc,E110,E110 - Agias Fylaxeos,0
2026-09-02T13:21:49Z,2026-09-02T16:26:44.509727+03:00,_1,e50ca2ecb1e0,E110 - 1 Apriliou,,3
2026-09-02T13:21:49Z,2026-09-02T16:26:44.509727+03:00,_2,bf3bfa70d4c6,E110 - Agias Fylaxeos,E147 - Archiepiskopou Makariou III Ave,0
2026-09-02T13:21:49Z,2026-09-02T16:26:44.509727+03:00,_0,d0dc64f54734,,Lemesou Ave,0
2026-09-02T13:21:49Z,2026-09-02T16:26:44.509727+03:00,_1,1c3025f6d361,Strovolos,Lemesou Ave,3
2026-09-02T13:21:49Z,2026-09-02T16:26:44.509727+03:00,_2,7c50b274239b,Aglantzia,E164 - Armenias,0
2026-09-02T13:21:49Z,2026-09-02T16:26:44.509727+03:00,_3,43f05193c4b0,Lemesou Ave,Archiepiskopou Makariou III Ave,2
2026-09-02T13:21:49Z,2026-09-02T16:26:44.509727+03:00,_4,8fab7dfc83f0,Lemesou Ave,Evagorou Ave,0
2026-09-02T13:21:49Z,2026-09-02T16:26:44.509727+03:00,_0,8722f7172fdb,Leoforos Strovolou,E116 - Athalassis Ave,0
2026-09-02T13:21:49Z,2026-09-02T16:26:44.509727+03:00,_1,886b339bc694,Strovolou Ave,E902 - Proedrikou Megarou Ave,3
2026-09-02T13:21:49Z,2026-09-02T16:26:44.509727+03:00,_2,c6ac6530f2b9,Strovolou Ave,E902 - Proedrikou Megarou Ave,0
2026-09-02T13:31:55Z,2026-09-02T16:36:03.291937+03:00,_0,fe72ea2b224f,Strovolos,Lemesou Ave,0
2026-09-02T13:31:55Z,2026-09-02T16:36:03.291937+03:00,_1,1c3025f6d361,Strovolos,Lemesou Ave,4
2026-09-02T13:31:55Z,2026-09-02T16:36:03.291937+03:00,_2,7c50b274239b,Aglantzia,E164 - Armenias,0
2026-09-02T13:31:55Z,2026-09-02T16:36:03.291937+03:00,_3,c57daf65c80e,Lemesou Ave,Archiepiskopou Makariou III Ave,2
2026-09-02T13:31:55Z,2026-09-02T16:36:03.291937+03:00,_0,15ae2e1d5817,E147 - Archiepiskopou Makariou III Ave,Agias Filaxeos,0
2026-09-02T13:31:55Z,2026-09-02T16:36:03.291937+03:00,_1,1683a4b44bb7,Agias Filaxeos,Agias Filaxeos,3
2026-09-02T13:31:55Z,2026-09-02T16:36:03.291937+03:00,_2,3c822276d5cc,Agias Filaxeos,Agias Filaxeos,0
2026-09-02T13:31:55Z,2026-09-02T16:36:03.291937+03:00,_3,a4260c51b19c,Steliou Kyriakidi,,4
2026-09-02T13:31:55Z,2026-09-02T16:36:03.291937+03:00,_4,f5f94ff22484,Agias Filaxeos,E110,0
2026-09-02T13:31:55Z,2026-09-02T16:36:03.291937+03:00,_0,431f99d1e0ab,E110,E110 - Agias Fylaxeos,0
2026-09-02T13:31:55Z,2026-09-02T16:36:03.291937+03:00,_1,b8e1983f3a68,E110 - Agias Fylaxeos,,3
2026-09-02T13:31:55Z,2026-09-02T16:36:03.291937+03:00,_2,bf3bfa70d4c6,E110 - Agias Fylaxeos,E147 - Archiepiskopou Makariou III Ave,0
2026-09-02T13:31:55Z,2026-09-02T16:36:03.291937+03:00,_0,d0dc64f54734,,Lemesou Ave,0
2026-09-02T13:31:55Z,2026-09-02T16:36:03.291937+03:00,_1,1c3025f6d361,Strovolos,Lemesou Ave,4
2026-09-02T13:31:55Z,2026-09-02T16:36:03.291937+03:00,_2,7c50b274239b,Aglantzia,E164 - Armenias,0
2026-09-02T13:31:55Z,2026-09-02T16:36:03.291937+03:00,_3,43f05193c4b0,Lemesou Ave,Archiepiskopou Makariou III Ave,2
2026-09-02T13:31:55Z,2026-09-02T16:36:03.291937+03:00,_4,5074993633a6,Lemesou Ave,B19 - Omirou Ave,0
2026-09-02T13:31:55Z,2026-09-02T16:36:03.291937+03:00,_5,ecb8295957ab,Omirou Ave,Dionysiou Solomou Square,3
2026-09-02T13:31:55Z,2026-09-02T16:36:03.291937+03:00,_6,b94aa02d2a10,Dionysiou Solomou Square,Anastasiou Leventi,0
2026-09-02T13:42:01Z,2026-09-02T16:46:55.815005+03:00,_0,9637c1cd3244,Exit 4 >E148 Latsia / GSP Stadium,Strovolos,0
2026-09-02T13:42:01Z,2026-09-02T16:46:55.815005+03:00,_1,d1bd4cd56cd8,Strovolos,Lemesou Ave,3
2026-09-02T13:42:01Z,2026-09-02T16:46:55.815005+03:00,_2,7c50b274239b,Exit 1 > E116 Athalassis Ave.,E164 - Armenias,0
2026-09-02T13:42:01Z,2026-09-02T16:46:55.815005+03:00,_3,c57daf65c80e,Chrysanthou Mylona,Archiepiskopou Makariou III Ave,3
2026-09-02T13:42:01Z,2026-09-02T16:46:55.815005+03:00,_0,15ae2e1d5817,E147 - Archiepiskopou Makariou III Ave,Agias Filaxeos,0
2026-09-02T13:42:01Z,2026-09-02T16:46:55.815005+03:00,_1,1683a4b44bb7,Agias Filaxeos,Agias Filaxeos,3
2026-09-02T13:42:01Z,2026-09-02T16:46:55.815005+03:00,_2,e997ab8c1d60,Agias Filaxeos,Agias Filaxeos,0
2026-09-02T13:42:01Z,2026-09-02T16:46:55.815005+03:00,_3,95579dbc01e3,Agias Filaxeos,Vasileos Georgiou II,3
2026-09-02T13:42:01Z,2026-09-02T16:46:55.815005+03:00,_4,f0692a22ef39,Agias Filaxeos,Agias Filaxeos,0
2026-09-02T13:42:01Z,2026-09-02T16:46:55.815005+03:00,_5,a4260c51b19c,Steliou Kyriakidi,,3
2026-09-02T13:42:01Z,2026-09-02T16:46:55.815005+03:00,_6,f5f94ff22484,Agias Filaxeos,E110,0
2026-09-02T13:42:01Z,2026-09-02T16:46:55.815005+03:00,_0,682f6fddcc44,,Mouttagiaka,0
2026-09-02T13:42:01Z,2026-09-02T16:46:55.815005+03:00,_1,2b6905e3fa69,Agios Tychonas,Agios Tychonas,3
2026-09-02T13:42:01Z,2026-09-02T16:46:55.815005+03:00,_2,0b345d92a5cd,Parekklisia,Lemesou Ave,0
2026-09-02T13:42:01Z,2026-09-02T16:46:55.815005+03:00,_3,d1bd4cd56cd8,Strovolos,Lemesou Ave,3
2026-09-02T13:42:01Z,2026-09-02T16:46:55.815005+03:00,_4,7c50b274239b,Exit 1 > E116 Athalassis Ave.,E164 - Armenias,0
2026-09-02T13:42:01Z,2026-09-02T16:46:55.815005+03:00,_5,43f05193c4b0,Chrysanthou Mylona,Archiepiskopou Makariou III Ave,3
2026-09-02T13:42:01Z,2026-09-02T16:46:55.815005+03:00,_6,5074993633a6,Lemesou Ave,B19 - Omirou Ave,0
2026-09-02T13:42:01Z,2026-09-02T16:46:55.815005+03:00,_7,bf1edcb81968,Omirou Ave,B19 - Omirou Ave,2
2026-09-02T13:42:01Z,2026-09-02T16:46:55.815005+03:00,_8,322961766a35,B19 - Omirou Ave,Anastasiou Leventi,0
2026-09-02T16:29:28Z,2026-09-02T19:34:23.472312+03:00,_0,fe72ea2b224f,Strovolos,Lemesou Ave,0
2026-09-02T16:29:28Z,2026-09-02T19:34:23.472312+03:00,_1,1c3025f6d361,Strovolos,Lemesou Ave,4
2026-09-02T16:29:28Z,2026-09-02T19:34:23.472312+03:00,_2,7792802c8552,Aglantzia,Archiepiskopou Makariou III Ave,0
2026-09-02T16:29:28Z,2026-09-02T19:34:23.472312+03:00,_0,ae30b662f2e1,E147 - Archiepiskopou Makariou III Ave,Agias Filaxeos,2
2026-09-02T16:29:28Z,2026-09-02T19:34:23.472312+03:00,_1,d8a1c3a707eb,E147 - Archiepiskopou Makariou III Ave,Agias Filaxeos,0
2026-09-02T16:29:28Z,2026-09-02T19:34:23.472312+03:00,_2,a4260c51b19c,Steliou Kyriakidi,,4
2026-09-02T16:29:28Z,2026-09-02T19:34:23.472312+03:00,_3,f5f94ff22484,Agias Filaxeos,E110,0
2026-09-02T16:29:28Z,2026-09-02T19:34:23.472312+03:00,_0,72b03ff9b5bc,E110,E110 - Agias Fylaxeos,0
2026-09-02T16:29:28Z,2026-09-02T19:34:23.472312+03:00,_1,e50ca2ecb1e0,E110 - 1 Apriliou,,2
2026-09-02T16:29:28Z,2026-09-02T19:34:23.472312+03:00,_2,2e9ffee5c9c5,E110 - Agias Fylaxeos,E147 - Archiepiskopou Makariou III Ave,0
2026-09-02T16:29:28Z,2026-09-02T19:34:23.472312+03:00,_3,0047479cf4c6,Agias Filaxeos,E147 - Archiepiskopou Makariou III Ave,2
2026-09-02T16:29:28Z,2026-09-02T19:34:23.472312+03:00,_0,d0dc64f54734,,Lemesou Ave,0
2026-09-02T16:29:28Z,2026-09-02T19:34:23.472312+03:00,_1,1c3025f6d361,Strovolos,Lemesou Ave,4
2026-09-02T16:29:28Z,2026-09-02T19:34:23.472312+03:00,_2,7792802c8552,Aglantzia,Archiepiskopou Makariou III Ave,0
2026-09-02T16:29:28Z,2026-09-02T19:34:23.472312+03:00,_3,660d388bb733,Lemesou Ave,Archiepiskopou Makariou III Ave,3
2026-09-02T16:29:28Z,2026-09-02T19:34:23.472312+03:00,_4,8fab7dfc83f0,Lemesou Ave,Evagorou Ave,0
2026-09-02T16:39:34Z,2026-09-02T19:44:28.556393+03:00,_0,fe72ea2b224f,Strovolos,Lemesou Ave,0
2026-09-02T16:39:34Z,2026-09-02T19:44:28.556393+03:00,_1,1c3025f6d361,Strovolos,Lemesou Ave,3
2026-09-02T16:39:34Z,2026-09-02T19:44:28.556393+03:00,_2,7c50b274239b,Aglantzia,E164 - Armenias,0
2026-09-02T16:39:34Z,2026-09-02T19:44:28.556393+03:00,_3,c57daf65c80e,Lemesou Ave,Archiepiskopou Makariou III Ave,3
2026-09-02T16:39:34Z,2026-09-02T19:44:28.556393+03:00,_0,21112a4dd623,E147 - Archiepiskopou Makariou III Ave,Agias Filaxeos,0
2026-09-02T16:39:34Z,2026-09-02T19:44:28.556393+03:00,_1,0aebd3740b14,E147 - Archiepiskopou Makariou III Ave,Vasileos Georgiou II,2
2026-09-02T16:39:34Z,2026-09-02T19:44:28.556393+03:00,_2,ada2853a7b9f,Agias Filaxeos,Steliou Kyriakidi,0
2026-09-02T16:39:34Z,2026-09-02T19:44:28.556393+03:00,_3,a80760be4702,Ivykou,Agias Filaxeos,2
2026-09-02T16:39:34Z,2026-09-02T19:44:28.556393+03:00,_4,a4260c51b19c,Steliou Kyriakidi,,4
2026-09-02T16:39:34Z,2026-09-02T19:44:28.556393+03:00,_5,f5f94ff22484,Agias Filaxeos,E110,0
2026-09-02T16:39:34Z,2026-09-02T19:44:28.556393+03:00,_0,72b03ff9b5bc,E110,E110 - Agias Fylaxeos,0
2026-09-02T16:39:34Z,2026-09-02T19:44:28.556393+03:00,_1,e50ca2ecb1e0,E110 - 1 Apriliou,,2
2026-09-02T16:39:34Z,2026-09-02T19:44:28.556393+03:00,_2,2e9ffee5c9c5,E110 - Agias Fylaxeos,E147 - Archiepiskopou Makariou III Ave,0
2026-09-02T16:39:34Z,2026-09-02T19:44:28.556393+03:00,_3,0047479cf4c6,Agias Filaxeos,E147 - Archiepiskopou Makariou III Ave,3
2026-09-02T16:39:34Z,2026-09-02T19:44:28.556393+03:00,_0,d0dc64f54734,,Lemesou Ave,0
2026-09-02T16:39:34Z,2026-09-02T19:44:28.556393+03:00,_1,1c3025f6d361,Strovolos,Lemesou Ave,3
2026-09-02T16:39:34Z,2026-09-02T19:44:28.556393+03:00,_2,7c50b274239b,Aglantzia,E164 - Armenias,0
2026-09-02T16:39:34Z,2026-09-02T19:44:28.556393+03:00,_3,43f05193c4b0,Lemesou Ave,Archiepiskopou Makariou III Ave,3
2026-09-02T16:39:34Z,2026-09-02T19:44:28.556393+03:00,_4,8fab7dfc83f0,Lemesou Ave,Evagorou Ave,0
2026-09-02T16:39:34Z,2026-09-02T19:44:28.556393+03:00,_0,5661b3f9cb72,Leoforos Strovolou,Perikleous,0
2026-09-02T16:39:34Z,2026-09-02T19:44:28.556393+03:00,_1,0cee833d191b,Strovolou Ave,Perikleous,2
2026-09-02T16:39:34Z,2026-09-02T19:44:28.556393+03:00,_2,7c69226e95ca,Strovolou Ave,E902 - Proedrikou Megarou Ave,0
2026-09-02T16:49:39Z,2026-09-02T19:54:33.673244+03:00,_0,fe72ea2b224f,Strovolos,Lemesou Ave,0
2026-09-02T16:49:39Z,2026-09-02T19:54:33.673244+03:00,_1,1c3025f6d361,Strovolos,Lemesou Ave,4
2026-09-02T16:49:39Z,2026-09-02T19:54:33.673244+03:00,_2,7c50b274239b,Aglantzia,E164 - Armenias,0
2026-09-02T16:49:39Z,2026-09-02T19:54:33.673244+03:00,_3,c57daf65c80e,Lemesou Ave,Archiepiskopou Makariou III Ave,2
2026-09-02T16:49:39Z,2026-09-02T19:54:33.673244+03:00,_0,e840a4c3672b,E147 - Archiepiskopou Makariou III Ave,Steliou Kyriakidi,0
2026-09-02T16:49:39Z,2026-09-02T19:54:33.673244+03:00,_1,fbdd0e351f56,Ivykou,,4
2026-09-02T16:49:39Z,2026-09-02T19:54:33.673244+03:00,_2,f5f94ff22484,Agias Filaxeos,E110,0
2026-09-02T16:49:39Z,2026-09-02T19:54:33.673244+03:00,_0,d0dc64f54734,,Lemesou Ave,0
2026-09-02T16:49:39Z,2026-09-02T19:54:33.673244+03:00,_1,1c3025f6d361,Strovolos,Lemesou Ave,4
2026-09-02T16:49:39Z,2026-09-02T19:54:33.673244+03:00,_2,7c50b274239b,Aglantzia,E164 - Armenias,0
2026-09-02T16:49:39Z,2026-09-02T19:54:33.673244+03:00,_3,43f05193c4b0,Lemesou Ave,Archiepiskopou Makariou III Ave,2
2026-09-02T16:49:39Z,2026-09-02T19:54:33.673244+03:00,_4,8fab7dfc83f0,Lemesou Ave,Evagorou Ave,0
2026-09-02T16:49:39Z,2026-09-02T19:54:33.673244+03:00,_0,18d60f6950ba,Leoforos Strovolou,Perikleous,0
2026-09-02T16:49:39Z,2026-09-02T19:54:33.673244+03:00,_1,58d093eca1cd,Strovolou Ave,Perikleous,2
2026-09-02T16:49:39Z,2026-09-02T19:54:33.673244+03:00,_2,b4e66db7c6bf,Perikleous,E902 - Proedrikou Megarou Ave,0
2026-09-02T16:59:46Z,2026-09-02T20:04:40.519386+03:00,_0,fe72ea2b224f,Exit 4 >E148 Latsia / GSP Stadium,Lemesou Ave,0
2026-09-02T16:59:46Z,2026-09-02T20:04:40.519386+03:00,_1,1c3025f6d361,Strovolos,Lemesou Ave,3
2026-09-02T16:59:46Z,2026-09-02T20:04:40.519386+03:00,_2,7c50b274239b,Exit 1 > E116 Athalassis Ave.,E164 - Armenias,0
2026-09-02T16:59:46Z,2026-09-02T20:04:40.519386+03:00,_3,c57daf65c80e,Chrysanthou Mylona,Archiepiskopou Makariou III Ave,2
2026-09-02T16:59:46Z,2026-09-02T20:04:40.519386+03:00,_0,e840a4c3672b,E147 - Archiepiskopou Makariou III Ave,Steliou Kyriakidi,0
2026-09-02T16:59:46Z,2026-09-02T20:04:40.519386+03:00,_1,fbdd0e351f56,Ivykou,,4
2026-09-02T16:59:46Z,2026-09-02T20:04:40.519386+03:00,_2,f5f94ff22484,Agias Filaxeos,E110,0
2026-09-02T16:59:46Z,2026-09-02T20:04:40.519386+03:00,_0,d0dc64f54734,,Lemesou Ave,0
2026-09-02T16:59:46Z,2026-09-02T20:04:40.519386+03:00,_1,1c3025f6d361,Strovolos,Lemesou Ave,3
2026-09-02T16:59:46Z,2026-09-02T20:04:40.519386+03:00,_2,7c50b274239b,Exit 1 > E116 Athalassis Ave.,E164 - Armenias,0
2026-09-02T16:59:46Z,2026-09-02T20:04:40.519386+03:00,_3,43f05193c4b0,Chrysanthou Mylona,Archiepiskopou Makariou III Ave,2
2026-09-02T16:59:46Z,2026-09-02T20:04:40.519386+03:00,_4,8fab7dfc83f0,Lemesou Ave,Evagorou Ave,0
2026-09-02T17:09:51Z,2026-09-02T20:14:45.550686+03:00,_0,fe72ea2b224f,Strovolos,Lemesou Ave,0
2026-09-02T17:09:51Z,2026-09-02T20:14:45.550686+03:00,_1,1c3025f6d361,Strovolos,Lemesou Ave,4
2026-09-02T17:09:51Z,2026-09-02T20:14:45.550686+03:00,_2,7c50b274239b,Aglantzia,E164 - Armenias,0
2026-09-02T17:09:51Z,2026-09-02T20:14:45.550686+03:00,_3,c57daf65c80e,Lemesou Ave,Archiepiskopou Makariou III Ave,2
2026-09-02T17:09:51Z,2026-09-02T20:14:45.550686+03:00,_0,920305ee9a1e,E147 - Archiepiskopou Makariou III Ave,Agias Filaxeos,0
2026-09-02T17:09:51Z,2026-09-02T20:14:45.550686+03:00,_1,a4260c51b19c,Steliou Kyriakidi,,4
2026-09-02T17:09:51Z,2026-09-02T20:14:45.550686+03:00,_2,f5f94ff22484,Agias Filaxeos,E110,0
2026-09-02T17:09:51Z,2026-09-02T20:14:45.550686+03:00,_0,d0dc64f54734,,Lemesou Ave,0
2026-09-02T17:09:51Z,2026-09-02T20:14:45.550686+03:00,_1,1c3025f6d361,Strovolos,Lemesou Ave,4
2026-09-02T17:09:51Z,2026-09-02T20:14:45.550686+03:00,_2,7c50b274239b,Aglantzia,E164 - Armenias,0
2026-09-02T17:09:51Z,2026-09-02T20:14:45.550686+03:00,_3,43f05193c4b0,Lemesou Ave,Archiepiskopou Makariou III Ave,2
2026-09-02T17:09:51Z,2026-09-02T20:14:45.550686+03:00,_4,7e9e53411917,Lemesou Ave,E1302 - Nikis Ave,0
2026-09-02T17:09:51Z,2026-09-02T20:14:45.550686+03:00,_5,910016111853,B18 - Georgiou Griva Digeni Ave,B18 - Georgiou Griva Digeni Ave,4
2026-09-02T17:09:51Z,2026-09-02T20:14:45.550686+03:00,_6,bbf67e32aa17,B18 - Georgiou Griva Digeni Ave,Evagorou Ave,0
2026-09-02T17:19:58Z,2026-09-02T20:24:40.215762+03:00,_0,fe72ea2b224f,Strovolos,Lemesou Ave,0
2026-09-02T17:19:58Z,2026-09-02T20:24:40.215762+03:00,_1,1c3025f6d361,Strovolos,Lemesou Ave,4
2026-09-02T17:19:58Z,2026-09-02T20:24:40.215762+03:00,_2,91c59b752c97,Aglantzia,E164 - Armenias,0
2026-09-02T17:19:58Z,2026-09-02T20:24:40.215762+03:00,_3,a95604920bd3,E164 - Armenias,Archiepiskopou Makariou III Ave,2
2026-09-02T17:19:58Z,2026-09-02T20:24:40.215762+03:00,_0,920305ee9a1e,E147 - Archiepiskopou Makariou III Ave,Agias Filaxeos,0
2026-09-02T17:19:58Z,2026-09-02T20:24:40.215762+03:00,_1,a4260c51b19c,Steliou Kyriakidi,,4
2026-09-02T17:19:58Z,2026-09-02T20:24:40.215762+03:00,_2,f5f94ff22484,Agias Filaxeos,E110,0
2026-09-02T17:19:58Z,2026-09-02T20:24:40.215762+03:00,_0,d0dc64f54734,,Lemesou Ave,0
2026-09-02T17:19:58Z,2026-09-02T20:24:40.215762+03:00,_1,1c3025f6d361,Strovolos,Lemesou Ave,4
2026-09-02T17:19:58Z,2026-09-02T20:24:40.215762+03:00,_2,91c59b752c97,Aglantzia,E164 - Armenias,0
2026-09-02T17:19:58Z,2026-09-02T20:24:40.215762+03:00,_3,265266c3e024,E164 - Armenias,Archiepiskopou Makariou III Ave,2
2026-09-02T17:19:58Z,2026-09-02T20:24:40.215762+03:00,_4,7e9e53411917,Lemesou Ave,E1302 - Nikis Ave,0
2026-09-02T17:19:58Z,2026-09-02T20:24:40.215762+03:00,_5,910016111853,B18 - Georgiou Griva Digeni Ave,B18 - Georgiou Griva Digeni Ave,4
2026-09-02T17:19:58Z,2026-09-02T20:24:40.215762+03:00,_6,bbf67e32aa17,B18 - Georgiou Griva Digeni Ave,Evagorou Ave,0
2026-09-02T17:30:03Z,2026-09-02T20:34:59.589942+03:00,_0,fe72ea2b224f,Exit 4 >E148 Latsia / GSP Stadium,Lemesou Ave,0
2026-09-02T17:30:03Z,2026-09-02T20:34:59.589942+03:00,_1,1c3025f6d361,Strovolos,Lemesou Ave,4
2026-09-02T17:30:03Z,2026-09-02T20:34:59.589942+03:00,_2,3909c4aec98f,Exit 1 > E116 Athalassis Ave.,Lemesou Ave,0
2026-09-02T17:30:03Z,2026-09-02T20:34:59.589942+03:00,_3,fedb3d094e5d,A1,Lemesou Ave,1
2026-09-02T17:30:03Z,2026-09-02T20:34:59.589942+03:00,_4,d2028a2a4d9d,Lemesou Ave,E164 - Armenias,0
2026-09-02T17:30:03Z,2026-09-02T20:34:59.589942+03:00,_5,c57daf65c80e,Chrysanthou Mylona,Archiepiskopou Makariou III Ave,2
2026-09-02T17:30:03Z,2026-09-02T20:34:59.589942+03:00,_0,920305ee9a1e,E147 - Archiepiskopou Makariou III Ave,Agias Filaxeos,0
2026-09-02T17:30:03Z,2026-09-02T20:34:59.589942+03:00,_1,a4260c51b19c,Steliou Kyriakidi,,3
2026-09-02T17:30:03Z,2026-09-02T20:34:59.589942+03:00,_2,f5f94ff22484,Agias Filaxeos,E110,0
2026-09-02T17:30:03Z,2026-09-02T20:34:59.589942+03:00,_0,d0dc64f54734,,Lemesou Ave,0
2026-09-02T17:30:03Z,2026-09-02T20:34:59.589942+03:00,_1,1c3025f6d361,Strovolos,Lemesou Ave,4
2026-09-02T17:30:03Z,2026-09-02T20:34:59.589942+03:00,_2,3909c4aec98f,Exit 1 > E116 Athalassis Ave.,Lemesou Ave,0
2026-09-02T17:30:03Z,2026-09-02T20:34:59.589942+03:00,_3,fedb3d094e5d,A1,Lemesou Ave,1
2026-09-02T17:30:03Z,2026-09-02T20:34:59.589942+03:00,_4,d2028a2a4d9d,Lemesou Ave,E164 - Armenias,0
2026-09-02T17:30:03Z,2026-09-02T20:34:59.589942+03:00,_5,43f05193c4b0,Chrysanthou Mylona,Archiepiskopou Makariou III Ave,2
2026-09-02T17:30:03Z,2026-09-02T20:34:59.589942+03:00,_6,8fab7dfc83f0,Lemesou Ave,Evagorou Ave,0
2026-09-02T17:30:03Z,2026-09-02T20:34:59.589942+03:00,_0,5661b3f9cb72,Leoforos Strovolou,Perikleous,0
2026-09-02T17:30:03Z,2026-09-02T20:34:59.589942+03:00,_1,0cee833d191b,Strovolou Ave,Perikleous,2
2026-09-02T17:30:03Z,2026-09-02T20:34:59.589942+03:00,_2,7c69226e95ca,Strovolou Ave,E902 - Proedrikou Megarou Ave,0
2026-09-02T17:40:10Z,2026-09-02T20:44:40.358564+03:00,_0,9637c1cd3244,Strovolos,Strovolos,0
2026-09-02T17:40:10Z,2026-09-02T20:44:40.358564+03:00,_1,d1bd4cd56cd8,Strovolos,Lemesou Ave,4
2026-09-02T17:40:10Z,2026-09-02T20:44:40.358564+03:00,_2,7c50b274239b,Aglantzia,E164 - Armenias,0
2026-09-02T17:40:10Z,2026-09-02T20:44:40.358564+03:00,_3,c57daf65c80e,Lemesou Ave,Archiepiskopou Makariou III Ave,3
2026-09-02T17:40:10Z,2026-09-02T20:44:40.358564+03:00,_0,1561bafaf811,,Lemesou Ave,0
2026-09-02T17:40:10Z,2026-09-02T20:44:40.358564+03:00,_1,d1bd4cd56cd8,Strovolos,Lemesou Ave,4
2026-09-02T17:40:10Z,2026-09-02T20:44:40.358564+03:00,_2,7c50b274239b,Aglantzia,E164 - Armenias,0
2026-09-02T17:40:10Z,2026-09-02T20:44:40.358564+03:00,_3,43f05193c4b0,Lemesou Ave,Archiepiskopou Makariou III Ave,3
2026-09-02T17:40:10Z,2026-09-02T20:44:40.358564+03:00,_4,8fab7dfc83f0,Lemesou Ave,Evagorou Ave,0
2026-09-02T17:50:14Z,2026-09-02T20:55:08.595356+03:00,_0,fe72ea2b224f,Exit 4 >E148 Latsia / GSP Stadium,Lemesou Ave,0
2026-09-02T17:50:14Z,2026-09-02T20:55:08.595356+03:00,_1,1c3025f6d361,Strovolos,Lemesou Ave,4
2026-09-02T17:50:14Z,2026-09-02T20:55:08.595356+03:00,_2,7792802c8552,Exit 1 > E116 Athalassis Ave.,Archiepiskopou Makariou III Ave,0
2026-09-02T17:50:14Z,2026-09-02T20:55:08.595356+03:00,_0,d0dc64f54734,,Lemesou Ave,0
2026-09-02T17:50:14Z,2026-09-02T20:55:08.595356+03:00,_1,1c3025f6d361,Strovolos,Lemesou Ave,4
2026-09-02T17:50:14Z,2026-09-02T20:55:08.595356+03:00,_2,cc8badd45da4,Exit 1 > E116 Athalassis Ave.,Evagorou Ave,0
2026-09-02T18:00:20Z,2026-09-02T21:04:40.174722+03:00,_0,fe72ea2b224f,Exit 4 >E148 Latsia / GSP Stadium,Lemesou Ave,0
2026-09-02T18:00:20Z,2026-09-02T21:04:40.174722+03:00,_1,1c3025f6d361,Strovolos,Lemesou Ave,4
2026-09-02T18:00:20Z,2026-09-02T21:04:40.174722+03:00,_2,7c50b274239b,Exit 1 > E116 Athalassis Ave.,E164 - Armenias,0
2026-09-02T18:00:20Z,2026-09-02T21:04:40.174722+03:00,_3,c57daf65c80e,Chrysanthou Mylona,Archiepiskopou Makariou III Ave,3
2026-09-02T18:00:20Z,2026-09-02T21:04:40.174722+03:00,_0,d0dc64f54734,,Lemesou Ave,0
2026-09-02T18:00:20Z,2026-09-02T21:04:40.174722+03:00,_1,1c3025f6d361,Strovolos,Lemesou Ave,4
2026-09-02T18:00:20Z,2026-09-02T21:04:40.174722+03:00,_2,7c50b274239b,Exit 1 > E116 Athalassis Ave.,E164 - Armenias,0
2026-09-02T18:00:20Z,2026-09-02T21:04:40.174722+03:00,_3,43f05193c4b0,Chrysanthou Mylona,Archiepiskopou Makariou III Ave,3
2026-09-02T18:00:20Z,2026-09-02T21:04:40.174722+03:00,_4,8fab7dfc83f0,Lemesou Ave,Evagorou Ave,0
2026-09-02T18:10:27Z,2026-09-02T21:15:21.640381+03:00,_0,fe72ea2b224f,Strovolos,Lemesou Ave,0
2026-09-02T18:10:27Z,2026-09-02T21:15:21.640381+03:00,_1,1c3025f6d361,Strovolos,Lemesou Ave,4
2026-09-02T18:10:27Z,2026-09-02T21:15:21.640381+03:00,_2,7c50b274239b,Aglantzia,E164 - Armenias,0
2026-09-02T18:10:27Z,2026-09-02T21:15:21.640381+03:00,_3,c57daf65c80e,Lemesou Ave,Archiepiskopou Makariou III Ave,2
2026-09-02T18:10:27Z,2026-09-02T21:15:21.640381+03:00,_0,d0dc64f54734,,Lemesou Ave,0
2026-09-02T18:10:27Z,2026-09-02T21:15:21.640381+03:00,_1,1c3025f6d361,Strovolos,Lemesou Ave,4
2026-09-02T18:10:27Z,2026-09-02T21:15:21.640381+03:00,_2,7c50b274239b,Aglantzia,E164 - Armenias,0
2026-09-02T18:10:27Z,2026-09-02T21:15:21.640381+03:00,_3,43f05193c4b0,Lemesou Ave,Archiepiskopou Makariou III Ave,2
2026-09-02T18:10:27Z,2026-09-02T21:15:21.640381+03:00,_4,8fab7dfc83f0,Lemesou Ave,Evagorou Ave,0
2026-09-02T18:20:32Z,2026-09-02T21:24:40.405288+03:00,_0,69fc3b9dbbdd,Strovolos,Archiepiskopou Makariou III Ave,0
2026-09-02T18:20:32Z,2026-09-02T21:24:40.405288+03:00,_1,c57daf65c80e,Lemesou Ave,Archiepiskopou Makariou III Ave,2
2026-09-02T18:20:32Z,2026-09-02T21:24:40.405288+03:00,_0,daca33dbcb0d,,Archiepiskopou Makariou III Ave,0
2026-09-02T18:20:32Z,2026-09-02T21:24:40.405288+03:00,_1,43f05193c4b0,Lemesou Ave,Archiepiskopou Makariou III Ave,2
2026-09-02T18:20:32Z,2026-09-02T21:24:40.405288+03:00,_2,8fab7dfc83f0,Lemesou Ave,Evagorou Ave,0
2026-09-02T18:20:32Z,2026-09-02T21:24:40.405288+03:00,_0,db379abb1dc7,Georgiou Neofytou,Spyrou Kyprianou Ave,0
2026-09-02T18:20:32Z,2026-09-02T21:24:40.405288+03:00,_1,bb8e26f01eed,Spyrou Kyprianou Ave,E114 - Archiepiskopou Makariou III Ave,3
2026-09-02T18:20:32Z,2026-09-02T21:24:40.405288+03:00,_2,170ca50cf9c5,E114 - Archiepiskopou Makariou III Ave,Angelou Vlachou,0
2026-09-02T21:38:18Z,2026-09-03T00:42:51.304456+03:00,_0,98b5261b31f5,E110,E147 - Archiepiskopou Makariou III Ave,0
2026-09-02T21:38:18Z,2026-09-03T00:42:51.304456+03:00,_1,48026144b6f4,Agias Filaxeos,Agias Filaxeos,4
2026-09-02T21:38:18Z,2026-09-03T00:42:51.304456+03:00,_2,f8a1b1df72c7,Agias Filaxeos,E147 - Archiepiskopou Makariou III Ave,0
2026-09-02T21:48:24Z,2026-09-03T00:52:51.269102+03:00,_0,98b5261b31f5,E110,E147 - Archiepiskopou Makariou III Ave,0
2026-09-02T21:48:24Z,2026-09-03T00:52:51.269102+03:00,_1,b1780c8ae04c,Agias Filaxeos,Agiou Artemiou,4
2026-09-02T21:48:24Z,2026-09-03T00:52:51.269102+03:00,_2,b1607c8a378f,Agias Filaxeos,E147 - Archiepiskopou Makariou III Ave,0
2026-09-02T22:48:58Z,2026-09-03T01:53:53.087393+03:00,_0,69f475d1f3cd,,B18 - Georgiou Griva Digeni Ave,0
2026-09-02T22:48:58Z,2026-09-03T01:53:53.087393+03:00,_1,6d77a1492ae1,B18 - Georgiou Griva Digeni Ave,Evagorou Ave,3
2026-09-02T22:48:58Z,2026-09-03T01:53:53.087393+03:00,_2,5650524d62d0,E165 - Themistokli Dervi,Evagorou Ave,0
2026-09-03T00:00:15Z,2026-09-03T03:05:09.883672+03:00,_0,6dd5137762ad,,Archiepiskopou Makariou III Ave,0
2026-09-03T00:00:15Z,2026-09-03T03:05:09.883672+03:00,_1,18295613da88,Lemesou Ave,Lemesou Ave,4
2026-09-03T00:00:15Z,2026-09-03T03:05:09.883672+03:00,_2,6485afd24158,A1,Evagorou Ave,0
2026-09-03T00:00:15Z,2026-09-03T03:05:09.883672+03:00,_0,6cbad308b637,Strovolos,Archiepiskopou Makariou III Ave,0
2026-09-03T00:00:15Z,2026-09-03T03:05:09.883672+03:00,_1,18295613da88,Lemesou Ave,Lemesou Ave,4
2026-09-03T00:00:15Z,2026-09-03T03:05:09.883672+03:00,_2,8b530b355b26,Lemesou Ave,Archiepiskopou Makariou III Ave,0
2026-09-03T00:40:35Z,2026-09-03T03:45:30.368921+03:00,_0,adaf0f561bfb,,Pafos,0
2026-09-03T00:40:35Z,2026-09-03T03:45:30.368921+03:00,_1,30471498bc80,Pafos,Anarita,1
2026-09-03T00:40:35Z,2026-09-03T03:45:30.368921+03:00,_2,09e019294b1a,Anarita,Evagorou Ave,0
2026-09-03T00:50:40Z,2026-09-03T03:55:35.451435+03:00,_0,db0d9865008e,,Anarita,0
2026-09-03T00:50:40Z,2026-09-03T03:55:35.451435+03:00,_1,066e19c6de08,Agia Varvara (Pafos),Anarita,1
2026-09-03T00:50:40Z,2026-09-03T03:55:35.451435+03:00,_2,5841f418448d,Kouklia,Evagorou Ave,0
2026-09-03T01:20:55Z,2026-09-03T04:25:42.571477+03:00,_0,04e0d90cca46,Kosta Misiaouli,E902 - Proedrikou Megarou Ave,0
2026-09-03T01:20:55Z,2026-09-03T04:25:42.571477+03:00,_1,2e2860fdee90,Strovolou Ave,E902 - Proedrikou Megarou Ave,2
2026-09-03T01:20:55Z,2026-09-03T04:25:42.571477+03:00,_2,c6ac6530f2b9,Strovolou Ave,E902 - Proedrikou Megarou Ave,0
2026-09-03T04:14:13Z,2026-09-03T07:19:08.369767+03:00,_0,9637c1cd3244,Strovolos,Strovolos,0
2026-09-03T04:14:13Z,2026-09-03T07:19:08.369767+03:00,_1,d1bd4cd56cd8,Strovolos,Lemesou Ave,3
2026-09-03T04:14:13Z,2026-09-03T07:19:08.369767+03:00,_2,c6e235d3222a,Aglantzia,Archiepiskopou Makariou III Ave,0
2026-09-03T04:14:13Z,2026-09-03T07:19:08.369767+03:00,_3,394713f228bd,Lemesou Ave,Lemesou Ave,3
2026-09-03T04:14:13Z,2026-09-03T07:19:08.369767+03:00,_0,18d60f6950ba,Leoforos Strovolou,Strovolou Ave,0
2026-09-03T04:14:13Z,2026-09-03T07:19:08.369767+03:00,_1,05dfd4427a44,Strovolou Ave,E902 - Proedrikou Megarou Ave,2
2026-09-03T04:14:13Z,2026-09-03T07:19:08.369767+03:00,_2,92d65c298345,Strovolou Ave,E902 - Proedrikou Megarou Ave,0
2026-09-03T04:14:13Z,2026-09-03T07:19:08.369767+03:00,_0,72b03ff9b5bc,E110,E110 - Agias Fylaxeos,0
2026-09-03T04:14:13Z,2026-09-03T07:19:08.369767+03:00,_1,e50ca2ecb1e0,E110 - 1 Apriliou,,2
2026-09-03T04:14:13Z,2026-09-03T07:19:08.369767+03:00,_2,c8792afe581d,E110 - Agias Fylaxeos,E147 - Archiepiskopou Makariou III Ave,0
2026-09-03T04:14:13Z,2026-09-03T07:19:08.369767+03:00,_0,cb3af67cb06c,,Kato Polemidia,0
2026-09-03T04:14:13Z,2026-09-03T07:19:08.369767+03:00,_1,33bef9b5a9ab,Lemesos,Lemesos,1
2026-09-03T04:14:13Z,2026-09-03T07:19:08.369767+03:00,_2,b39a06b9f0e6,Mesa Geitonia,Lemesou Ave,0
2026-09-03T04:14:13Z,2026-09-03T07:19:08.369767+03:00,_3,d1bd4cd56cd8,Strovolos,Lemesou Ave,3
2026-09-03T04:14:13Z,2026-09-03T07:19:08.369767+03:00,_4,c6e235d3222a,Aglantzia,Archiepiskopou Makariou III Ave,0
2026-09-03T04:14:13Z,2026-09-03T07:19:08.369767+03:00,_5,6efde239cabf,Lemesou Ave,Archiepiskopou Makariou III Ave,3
2026-09-03T04:14:13Z,2026-09-03T07:19:08.369767+03:00,_6,8fab7dfc83f0,Lemesou Ave,Evagorou Ave,0
2026-09-03T04:14:13Z,2026-09-03T07:19:08.369767+03:00,_0,9b57a1fd19bb,Episkopi,Kato Polemidia,0
2026-09-03T04:14:13Z,2026-09-03T07:19:08.369767+03:00,_1,33bef9b5a9ab,Lemesos,Lemesos,1
2026-09-03T04:14:13Z,2026-09-03T07:19:08.369767+03:00,_2,d73a04fc5195,Mesa Geitonia,Germasogeia,0
2026-09-03T04:24:20Z,2026-09-03T07:29:15.319494+03:00,_0,d7fa998be72c,Strovolos,Strovolos,0
2026-09-03T04:24:20Z,2026-09-03T07:29:15.319494+03:00,_1,56258ee4f147,Strovolos,Lemesou Ave,4
2026-09-03T04:24:20Z,2026-09-03T07:29:15.319494+03:00,_2,7c50b274239b,Aglantzia,E164 - Armenias,0
2026-09-03T04:24:20Z,2026-09-03T07:29:15.319494+03:00,_3,c57daf65c80e,Lemesou Ave,Archiepiskopou Makariou III Ave,2
2026-09-03T04:24:20Z,2026-09-03T07:29:15.319494+03:00,_0,07b7eb11e965,E147 - Archiepiskopou Makariou III Ave,E110 - 1 Apriliou,0
2026-09-03T04:24:20Z,2026-09-03T07:29:15.319494+03:00,_1,b8c777372286,E110 - 1 Apriliou,E110 - 1 Apriliou,3
2026-09-03T04:24:20Z,2026-09-03T07:29:15.319494+03:00,_2,15f60bb25351,E110 - 1 Apriliou,E110,0
2026-09-03T04:24:20Z,2026-09-03T07:29:15.319494+03:00,_0,52da7317e46e,Leoforos Strovolou,Strovolou Ave,0
2026-09-03T04:24:20Z,2026-09-03T07:29:15.319494+03:00,_1,0ee323913355,Strovolou Ave,E902 - Proedrikou Megarou Ave,2
2026-09-03T04:24:20Z,2026-09-03T07:29:15.319494+03:00,_2,b4e66db7c6bf,Strovolou Ave,E902 - Proedrikou Megarou Ave,0
2026-09-03T04:24:20Z,2026-09-03T07:29:15.319494+03:00,_0,e7f960841113,Episkopi,A1,0
2026-09-03T04:24:20Z,2026-09-03T07:29:15.319494+03:00,_1,51a87f29a8d7,A6,Lemesos,1
2026-09-03T04:24:20Z,2026-09-03T07:29:15.319494+03:00,_2,4cc85bcdea4b,Lemesos,Germasogeia,0
2026-09-03T04:24:20Z,2026-09-03T07:29:15.319494+03:00,_0,cf0d166c0008,,A1,0
2026-09-03T04:24:20Z,2026-09-03T07:29:15.319494+03:00,_1,51a87f29a8d7,A6,Lemesos,1
2026-09-03T04:24:20Z,2026-09-03T07:29:15.319494+03:00,_2,3a2463aa3801,Lemesos,Strovolos,0
2026-09-03T04:24:20Z,2026-09-03T07:29:15.319494+03:00,_3,56258ee4f147,Strovolos,Lemesou Ave,4
2026-09-03T04:24:20Z,2026-09-03T07:29:15.319494+03:00,_4,7c50b274239b,Aglantzia,E164 - Armenias,0
2026-09-03T04:24:20Z,2026-09-03T07:29:15.319494+03:00,_5,43f05193c4b0,Lemesou Ave,Archiepiskopou Makariou III Ave,2
2026-09-03T04:24:20Z,2026-09-03T07:29:15.319494+03:00,_6,8fab7dfc83f0,Lemesou Ave,Evagorou Ave,0
2026-09-03T04:34:52Z,2026-09-03T07:39:46.858918+03:00,_0,4e76d1a3fa55,Strovolos,Strovolos,0
2026-09-03T04:34:52Z,2026-09-03T07:39:46.858918+03:00,_1,347fb184acdc,Strovolos,Lemesou Ave,4
2026-09-03T04:34:52Z,2026-09-03T07:39:46.858918+03:00,_2,ea3328a1bed0,Aglantzia,Archiepiskopou Makariou III Ave,0
2026-09-03T04:34:52Z,2026-09-03T07:39:46.858918+03:00,_3,91353c408128,,Lemesou Ave,3
2026-09-03T04:34:52Z,2026-09-03T07:39:46.858918+03:00,_0,d624d2c1050e,Leoforos Strovolou,Strovolou Ave,0
2026-09-03T04:34:52Z,2026-09-03T07:39:46.858918+03:00,_1,0660334d11dc,Strovolou Ave,Strovolou Ave,3
2026-09-03T04:34:52Z,2026-09-03T07:39:46.858918+03:00,_2,b7d9dc03982a,Strovolou Ave,E902 - Proedrikou Megarou Ave,0
2026-09-03T04:34:52Z,2026-09-03T07:39:46.858918+03:00,_0,df567d5dbf59,E110,E110 - Agias Fylaxeos,0
2026-09-03T04:34:52Z,2026-09-03T07:39:46.858918+03:00,_1,883ce04f7136,E110 - 1 Apriliou,,2
2026-09-03T04:34:52Z,2026-09-03T07:39:46.858918+03:00,_2,c8792afe581d,E110 - Agias Fylaxeos,E147 - Archiepiskopou Makariou III Ave,0
2026-09-03T04:34:52Z,2026-09-03T07:39:46.858918+03:00,_0,e7f960841113,Episkopi,A1,0
2026-09-03T04:34:52Z,2026-09-03T07:39:46.858918+03:00,_1,51a87f29a8d7,A6,Lemesos,1
2026-09-03T04:34:52Z,2026-09-03T07:39:46.858918+03:00,_2,4cc85bcdea4b,Lemesos,Germasogeia,0
2026-09-03T04:34:52Z,2026-09-03T07:39:46.858918+03:00,_0,cf0d166c0008,,A1,0
2026-09-03T04:34:52Z,2026-09-03T07:39:46.858918+03:00,_1,51a87f29a8d7,A6,Lemesos,1
2026-09-03T04:34:52Z,2026-09-03T07:39:46.858918+03:00,_2,004d237177ba,Lemesos,Strovolos,0
2026-09-03T04:34:52Z,2026-09-03T07:39:46.858918+03:00,_3,347fb184acdc,Strovolos,Lemesou Ave,4
2026-09-03T04:34:52Z,2026-09-03T07:39:46.858918+03:00,_4,ea3328a1bed0,Aglantzia,Archiepiskopou Makariou III Ave,0
2026-09-03T04:34:52Z,2026-09-03T07:39:46.858918+03:00,_5,200b71b93054,,Archiepiskopou Makariou III Ave,3
2026-09-03T04:34:52Z,2026-09-03T07:39:46.858918+03:00,_6,7e9e53411917,Lemesou Ave,E1302 - Nikis Ave,0
2026-09-03T04:34:52Z,2026-09-03T07:39:46.858918+03:00,_7,910016111853,B18 - Georgiou Griva Digeni Ave,B18 - Georgiou Griva Digeni Ave,4
2026-09-03T04:34:52Z,2026-09-03T07:39:46.858918+03:00,_8,bbf67e32aa17,B18 - Georgiou Griva Digeni Ave,Evagorou Ave,0
2026-09-03T04:45:00Z,2026-09-03T07:49:55.678757+03:00,_0,4e76d1a3fa55,Strovolos,Strovolos,0
2026-09-03T04:45:00Z,2026-09-03T07:49:55.678757+03:00,_1,347fb184acdc,Strovolos,Lemesou Ave,4
2026-09-03T04:45:00Z,2026-09-03T07:49:55.678757+03:00,_2,ea3328a1bed0,Aglantzia,Archiepiskopou Makariou III Ave,0
2026-09-03T04:45:00Z,2026-09-03T07:49:55.678757+03:00,_3,91353c408128,,Lemesou Ave,3
2026-09-03T04:45:00Z,2026-09-03T07:49:55.678757+03:00,_0,18d60f6950ba,Leoforos Strovolou,Strovolou Ave,0
2026-09-03T04:45:00Z,2026-09-03T07:49:55.678757+03:00,_1,58d093eca1cd,Strovolou Ave,Strovolou Ave,3
2026-09-03T04:45:00Z,2026-09-03T07:49:55.678757+03:00,_2,b4e66db7c6bf,Strovolou Ave,E902 - Proedrikou Megarou Ave,0
2026-09-03T04:45:00Z,2026-09-03T07:49:55.678757+03:00,_0,72b03ff9b5bc,E110,E110 - Agias Fylaxeos,0
2026-09-03T04:45:00Z,2026-09-03T07:49:55.678757+03:00,_1,e50ca2ecb1e0,E110 - 1 Apriliou,,3
2026-09-03T04:45:00Z,2026-09-03T07:49:55.678757+03:00,_2,c8792afe581d,E110 - Agias Fylaxeos,E147 - Archiepiskopou Makariou III Ave,0
2026-09-03T04:45:00Z,2026-09-03T07:49:55.678757+03:00,_0,920305ee9a1e,E147 - Archiepiskopou Makariou III Ave,Agias Filaxeos,0
2026-09-03T04:45:00Z,2026-09-03T07:49:55.678757+03:00,_1,a4260c51b19c,Steliou Kyriakidi,,3
2026-09-03T04:45:00Z,2026-09-03T07:49:55.678757+03:00,_2,f5f94ff22484,Agias Filaxeos,E110,0
2026-09-03T04:45:00Z,2026-09-03T07:49:55.678757+03:00,_0,12584efa288c,Episkopi,Ypsonas,0
2026-09-03T04:45:00Z,2026-09-03T07:49:55.678757+03:00,_1,4253853f3d46,Ypsonas,A1,1
2026-09-03T04:45:00Z,2026-09-03T07:49:55.678757+03:00,_2,ae3a9bb54763,A6,Lemesos,2
2026-09-03T04:45:00Z,2026-09-03T07:49:55.678757+03:00,_3,d73a04fc5195,Mesa Geitonia,Germasogeia,0
2026-09-03T04:45:00Z,2026-09-03T07:49:55.678757+03:00,_0,8f4656a3b06e,,Ypsonas,0
2026-09-03T04:45:00Z,2026-09-03T07:49:55.678757+03:00,_1,4253853f3d46,Ypsonas,A1,1
2026-09-03T04:45:00Z,2026-09-03T07:49:55.678757+03:00,_2,ae3a9bb54763,A6,Lemesos,2
2026-09-03T04:45:00Z,2026-09-03T07:49:55.678757+03:00,_3,ad721f38f45e,Mesa Geitonia,Strovolos,0
2026-09-03T04:45:00Z,2026-09-03T07:49:55.678757+03:00,_4,347fb184acdc,Strovolos,Lemesou Ave,4
2026-09-03T04:45:00Z,2026-09-03T07:49:55.678757+03:00,_5,ea3328a1bed0,Aglantzia,Archiepiskopou Makariou III Ave,0
2026-09-03T04:45:00Z,2026-09-03T07:49:55.678757+03:00,_6,200b71b93054,,Archiepiskopou Makariou III Ave,3
2026-09-03T04:45:00Z,2026-09-03T07:49:55.678757+03:00,_7,7e9e53411917,Lemesou Ave,E1302 - Nikis Ave,0
2026-09-03T04:45:00Z,2026-09-03T07:49:55.678757+03:00,_8,910016111853,B18 - Georgiou Griva Digeni Ave,B18 - Georgiou Griva Digeni Ave,4
2026-09-03T04:45:00Z,2026-09-03T07:49:55.678757+03:00,_9,bbf67e32aa17,B18 - Georgiou Griva Digeni Ave,Evagorou Ave,0
2026-09-03T04:55:32Z,2026-09-03T08:00:26.978303+03:00,_0,4e76d1a3fa55,Strovolos,Strovolos,0
2026-09-03T04:55:32Z,2026-09-03T08:00:26.978303+03:00,_1,347fb184acdc,Strovolos,Lemesou Ave,4
2026-09-03T04:55:32Z,2026-09-03T08:00:26.978303+03:00,_2,8edbadfd3320,Aglantzia,Lemesou Ave,0
2026-09-03T04:55:32Z,2026-09-03T08:00:26.978303+03:00,_3,fd7052fe244d,Lemesou Ave,E164 - Armenias,3
2026-09-03T04:55:32Z,2026-09-03T08:00:26.978303+03:00,_4,a2b7ddea9e2d,E164 - Armenias,,0
2026-09-03T04:55:32Z,2026-09-03T08:00:26.978303+03:00,_5,91353c408128,,Lemesou Ave,4
2026-09-03T04:55:32Z,2026-09-03T08:00:26.978303+03:00,_0,ed0f8536366e,E110,E110 - 1 Apriliou,0
2026-09-03T04:55:32Z,2026-09-03T08:00:26.978303+03:00,_1,32c2745803b6,E110 - Eleftherias,E110 - 1 Apriliou,3
2026-09-03T04:55:32Z,2026-09-03T08:00:26.978303+03:00,_2,301b298fb635,E110 - 1 Apriliou,E110 - Agias Fylaxeos,0
2026-09-03T04:55:32Z,2026-09-03T08:00:26.978303+03:00,_3,3c478f449f26,E110 - 1 Apriliou,E110 - Agias Fylaxeos,4
2026-09-03T04:55:32Z,2026-09-03T08:00:26.978303+03:00,_4,e50ca2ecb1e0,E110 - 1 Apriliou,,3
2026-09-03T04:55:32Z,2026-09-03T08:00:26.978303+03:00,_5,73c10e640ed1,E110 - Agias Fylaxeos,E147 - Archiepiskopou Makariou III Ave,0
2026-09-03T04:55:32Z,2026-09-03T08:00:26.978303+03:00,_6,676c339d8b55,Agias Filaxeos,E147 - Archiepiskopou Makariou III Ave,3
2026-09-03T04:55:32Z,2026-09-03T08:00:26.978303+03:00,_0,920305ee9a1e,E147 - Archiepiskopou Makariou III Ave,Agias Filaxeos,0
2026-09-03T04:55:32Z,2026-09-03T08:00:26.978303+03:00,_1,a4260c51b19c,Steliou Kyriakidi,,4
2026-09-03T04:55:32Z,2026-09-03T08:00:26.978303+03:00,_2,f5f94ff22484,Agias Filaxeos,E110,0
2026-09-03T04:55:32Z,2026-09-03T08:00:26.978303+03:00,_0,79d176024e30,Leoforos Strovolou,Strovolou Ave,0
2026-09-03T04:55:32Z,2026-09-03T08:00:26.978303+03:00,_1,e98589b8c756,Strovolou Ave,Strovolou Ave,3
2026-09-03T04:55:32Z,2026-09-03T08:00:26.978303+03:00,_2,b4e66db7c6bf,Strovolou Ave,E902 - Proedrikou Megarou Ave,0
2026-09-03T04:55:32Z,2026-09-03T08:00:26.978303+03:00,_0,67becf3879a0,Episkopi,Ypsonas,0
2026-09-03T04:55:32Z,2026-09-03T08:00:26.978303+03:00,_1,ff5747c22875,Ypsonas,A1,2
2026-09-03T04:55:32Z,2026-09-03T08:00:26.978303+03:00,_2,ae3a9bb54763,A6,Lemesos,1
2026-09-03T04:55:32Z,2026-09-03T08:00:26.978303+03:00,_3,d73a04fc5195,Mesa Geitonia,Germasogeia,0
2026-09-03T04:55:32Z,2026-09-03T08:00:26.978303+03:00,_0,06afc6492b14,Exit 24 >E127 Germasogeia / E113 Lemesos-Centre,Germasogeia,2
2026-09-03T04:55:32Z,2026-09-03T08:00:26.978303+03:00,_1,3e1d75b9e16e,Agios Athanasios,"to A6 > Pafos, Pafos Airport",0
2026-09-03T04:55:32Z,2026-09-03T08:00:26.978303+03:00,_0,4696d5c3edda,,Ypsonas,0
2026-09-03T04:55:32Z,2026-09-03T08:00:26.978303+03:00,_1,ff5747c22875,Ypsonas,A1,2
2026-09-03T04:55:32Z,2026-09-03T08:00:26.978303+03:00,_2,ae3a9bb54763,A6,Lemesos,1
2026-09-03T04:55:32Z,2026-09-03T08:00:26.978303+03:00,_3,ad721f38f45e,Mesa Geitonia,Strovolos,0
2026-09-03T04:55:32Z,2026-09-03T08:00:26.978303+03:00,_4,347fb184acdc,Strovolos,Lemesou Ave,4
2026-09-03T04:55:32Z,2026-09-03T08:00:26.978303+03:00,_5,8edbadfd3320,Aglantzia,Lemesou Ave,0
2026-09-03T04:55:32Z,2026-09-03T08:00:26.978303+03:00,_6,fd7052fe244d,Lemesou Ave,E164 - Armenias,3
2026-09-03T04:55:32Z,2026-09-03T08:00:26.978303+03:00,_7,a2b7ddea9e2d,E164 - Armenias,,0
2026-09-03T04:55:32Z,2026-09-03T08:00:26.978303+03:00,_8,200b71b93054,,Archiepiskopou Makariou III Ave,4
2026-09-03T04:55:32Z,2026-09-03T08:00:26.978303+03:00,_9,19b5cd40e1bc,Lemesou Ave,Archiepiskopou Makariou III Ave,0
2026-09-03T04:55:32Z,2026-09-03T08:00:26.978303+03:00,_10,47dc1257bff6,Lemesou Ave,B18 - Georgiou Griva Digeni Ave,2
2026-09-03T04:55:32Z,2026-09-03T08:00:26.978303+03:00,_11,7c1a88e2db2c,Archiepiskopou Makariou III Ave,E1302 - Nikis Ave,0
2026-09-03T04:55:32Z,2026-09-03T08:00:26.978303+03:00,_12,910016111853,B18 - Georgiou Griva Digeni Ave,B18 - Georgiou Griva Digeni Ave,4
2026-09-03T04:55:32Z,2026-09-03T08:00:26.978303+03:00,_13,bbf67e32aa17,B18 - Georgiou Griva Digeni Ave,Evagorou Ave,0
2026-09-03T05:05:38Z,2026-09-03T08:10:33.606757+03:00,_0,d7fa998be72c,Strovolos,Strovolos,0
2026-09-03T05:05:38Z,2026-09-03T08:10:33.606757+03:00,_1,56258ee4f147,Strovolos,Lemesou Ave,4
2026-09-03T05:05:38Z,2026-09-03T08:10:33.606757+03:00,_2,2eeb7481ceda,Aglantzia,E164 - Armenias,0
2026-09-03T05:05:38Z,2026-09-03T08:10:33.606757+03:00,_3,8b530b355b26,Lemesou Ave,Archiepiskopou Makariou III Ave,3
2026-09-03T05:05:38Z,2026-09-03T08:10:33.606757+03:00,_0,5571d2934d78,E110,E110 - Agias Fylaxeos,0
2026-09-03T05:05:38Z,2026-09-03T08:10:33.606757+03:00,_1,4d40b5fe9ec1,E110 - 1 Apriliou,,3
2026-09-03T05:05:38Z,2026-09-03T08:10:33.606757+03:00,_2,bbe9f6312861,E110 - Agias Fylaxeos,Agias Filaxeos,0
2026-09-03T05:05:38Z,2026-09-03T08:10:33.606757+03:00,_3,c7626fee6f30,Agias Filaxeos,Agias Filaxeos,3
2026-09-03T05:05:38Z,2026-09-03T08:10:33.606757+03:00,_4,63550abc2b0b,Agias Filaxeos,Agiou Artemiou,0
2026-09-03T05:05:38Z,2026-09-03T08:10:33.606757+03:00,_5,88697bca4b53,Agias Filaxeos,E147 - Archiepiskopou Makariou III Ave,3
2026-09-03T05:05:38Z,2026-09-03T08:10:33.606757+03:00,_0,920305ee9a1e,E147 - Archiepiskopou Makariou III Ave,Agias Filaxeos,0
2026-09-03T05:05:38Z,2026-09-03T08:10:33.606757+03:00,_1,a4260c51b19c,Steliou Kyriakidi,,4
2026-09-03T05:05:38Z,2026-09-03T08:10:33.606757+03:00,_2,2d3bbe3db6bd,Agias Filaxeos,E110 - 1 Apriliou,0
2026-09-03T05:05:38Z,2026-09-03T08:10:33.606757+03:00,_3,214af16051b2,E110 - 1 Apriliou,E110 - 1 Apriliou,2
2026-09-03T05:05:38Z,2026-09-03T08:10:33.606757+03:00,_4,15f60bb25351,E110 - 1 Apriliou,E110,0
2026-09-03T05:05:38Z,2026-09-03T08:10:33.606757+03:00,_0,5661b3f9cb72,Leoforos Strovolou,Strovolou Ave,0
2026-09-03T05:05:38Z,2026-09-03T08:10:33.606757+03:00,_1,f438cd62ef2e,Strovolou Ave,Strovolou Ave,3
2026-09-03T05:05:38Z,2026-09-03T08:10:33.606757+03:00,_2,b7d9dc03982a,Strovolou Ave,E902 - Proedrikou Megarou Ave,0
2026-09-03T05:05:38Z,2026-09-03T08:10:33.606757+03:00,_0,67becf3879a0,Episkopi,Ypsonas,0
2026-09-03T05:05:38Z,2026-09-03T08:10:33.606757+03:00,_1,481be80fe3d9,Ypsonas,Kato Polemidia,2
2026-09-03T05:05:38Z,2026-09-03T08:10:33.606757+03:00,_2,fd1df790cb51,Kato Polemidia,Kato Polemidia,0
2026-09-03T05:05:38Z,2026-09-03T08:10:33.606757+03:00,_3,6ad9b0176d85,Kato Polemidia,A1,2
2026-09-03T05:05:38Z,2026-09-03T08:10:33.606757+03:00,_4,ae3a9bb54763,A6,Lemesos,1
2026-09-03T05:05:38Z,2026-09-03T08:10:33.606757+03:00,_5,d73a04fc5195,Mesa Geitonia,Germasogeia,0
2026-09-03T05:05:38Z,2026-09-03T08:10:33.606757+03:00,_0,4696d5c3edda,,Ypsonas,0
2026-09-03T05:05:38Z,2026-09-03T08:10:33.606757+03:00,_1,481be80fe3d9,Ypsonas,Kato Polemidia,2
2026-09-03T05:05:38Z,2026-09-03T08:10:33.606757+03:00,_2,fd1df790cb51,Kato Polemidia,Kato Polemidia,0
2026-09-03T05:05:38Z,2026-09-03T08:10:33.606757+03:00,_3,6ad9b0176d85,Kato Polemidia,A1,2
2026-09-03T05:05:38Z,2026-09-03T08:10:33.606757+03:00,_4,ae3a9bb54763,A6,Lemesos,1
2026-09-03T05:05:38Z,2026-09-03T08:10:33.606757+03:00,_5,74d4e8d5f562,Mesa Geitonia,Mouttagiaka,0
2026-09-03T05:05:38Z,2026-09-03T08:10:33.606757+03:00,_6,517e037facd9,Mouttagiaka,Mouttagiaka,3
2026-09-03T05:05:38Z,2026-09-03T08:10:33.606757+03:00,_7,f4ce00f7b646,Agios Tychonas,Strovolos,0
2026-09-03T05:05:38Z,2026-09-03T08:10:33.606757+03:00,_8,56258ee4f147,Strovolos,Lemesou Ave,4
2026-09-03T05:05:38Z,2026-09-03T08:10:33.606757+03:00,_9,2eeb7481ceda,Aglantzia,E164 - Armenias,0
2026-09-03T05:05:38Z,2026-09-03T08:10:33.606757+03:00,_10,3dec49aff703,Lemesou Ave,Archiepiskopou Makariou III Ave,3
2026-09-03T05:05:38Z,2026-09-03T08:10:33.606757+03:00,_11,7e9e53411917,Lemesou Ave,E1302 - Nikis Ave,0
2026-09-03T05:05:38Z,2026-09-03T08:10:33.606757+03:00,_12,910016111853,B18 - Georgiou Griva Digeni Ave,B18 - Georgiou Griva Digeni Ave,4
2026-09-03T05:05:38Z,2026-09-03T08:10:33.606757+03:00,_13,bbf67e32aa17,B18 - Georgiou Griva Digeni Ave,Evagorou Ave,0
2026-09-03T05:16:11Z,2026-09-03T08:20:43.391804+03:00,_0,d7fa998be72c,Strovolos,Strovolos,0
2026-09-03T05:16:11Z,2026-09-03T08:20:43.391804+03:00,_1,56258ee4f147,Strovolos,Lemesou Ave,4
2026-09-03T05:16:11Z,2026-09-03T08:20:43.391804+03:00,_2,c6e235d3222a,Aglantzia,Archiepiskopou Makariou III Ave,0
2026-09-03T05:16:11Z,2026-09-03T08:20:43.391804+03:00,_3,394713f228bd,Lemesou Ave,Lemesou Ave,4
2026-09-03T05:16:11Z,2026-09-03T08:20:43.391804+03:00,_0,c7cc2624ec90,E110,E110 - Agias Fylaxeos,0
2026-09-03T05:16:11Z,2026-09-03T08:20:43.391804+03:00,_1,977b92fdc886,E110 - 1 Apriliou,,3
2026-09-03T05:16:11Z,2026-09-03T08:20:43.391804+03:00,_2,e33776a3a190,E110 - Agias Fylaxeos,Agias Filaxeos,0
2026-09-03T05:16:11Z,2026-09-03T08:20:43.391804+03:00,_3,0a5c4761a6b4,Agias Filaxeos,Agias Filaxeos,3
2026-09-03T05:16:11Z,2026-09-03T08:20:43.391804+03:00,_4,63550abc2b0b,Agias Filaxeos,Agiou Artemiou,0
2026-09-03T05:16:11Z,2026-09-03T08:20:43.391804+03:00,_5,88697bca4b53,Agias Filaxeos,E147 - Archiepiskopou Makariou III Ave,3
2026-09-03T05:16:11Z,2026-09-03T08:20:43.391804+03:00,_0,920305ee9a1e,E147 - Archiepiskopou Makariou III Ave,Agias Filaxeos,0
2026-09-03T05:16:11Z,2026-09-03T08:20:43.391804+03:00,_1,a4260c51b19c,Steliou Kyriakidi,,4
2026-09-03T05:16:11Z,2026-09-03T08:20:43.391804+03:00,_2,f5f94ff22484,Agias Filaxeos,E110,0
2026-09-03T05:16:11Z,2026-09-03T08:20:43.391804+03:00,_0,79d176024e30,Leoforos Strovolou,Strovolou Ave,0
2026-09-03T05:16:11Z,2026-09-03T08:20:43.391804+03:00,_1,edf2b2d30f39,Strovolou Ave,Strovolou Ave,3
2026-09-03T05:16:11Z,2026-09-03T08:20:43.391804+03:00,_2,b7d9dc03982a,Strovolou Ave,E902 - Proedrikou Megarou Ave,0
2026-09-03T05:16:11Z,2026-09-03T08:20:43.391804+03:00,_0,e51d07f99c0a,,A1,0
2026-09-03T05:16:11Z,2026-09-03T08:20:43.391804+03:00,_1,6ad9b0176d85,Kato Polemidia,A1,2
2026-09-03T05:16:11Z,2026-09-03T08:20:43.391804+03:00,_2,c6626472cfe7,A6,Lemesos,1
2026-09-03T05:16:11Z,2026-09-03T08:20:43.391804+03:00,_3,800a09a41d0a,Lemesos,Strovolos,0
2026-09-03T05:16:11Z,2026-09-03T08:20:43.391804+03:00,_4,56258ee4f147,Strovolos,Lemesou Ave,4
2026-09-03T05:16:11Z,2026-09-03T08:20:43.391804+03:00,_5,c6e235d3222a,Aglantzia,Archiepiskopou Makariou III Ave,0
2026-09-03T05:16:11Z,2026-09-03T08:20:43.391804+03:00,_6,6efde239cabf,Lemesou Ave,Archiepiskopou Makariou III Ave,4
2026-09-03T05:16:11Z,2026-09-03T08:20:43.391804+03:00,_7,19b5cd40e1bc,Lemesou Ave,Archiepiskopou Makariou III Ave,0
2026-09-03T05:16:11Z,2026-09-03T08:20:43.391804+03:00,_8,47dc1257bff6,Lemesou Ave,B18 - Georgiou Griva Digeni Ave,2
2026-09-03T05:16:11Z,2026-09-03T08:20:43.391804+03:00,_9,7c1a88e2db2c,Archiepiskopou Makariou III Ave,E1302 - Nikis Ave,0
2026-09-03T05:16:11Z,2026-09-03T08:20:43.391804+03:00,_10,910016111853,B18 - Georgiou Griva Digeni Ave,B18 - Georgiou Griva Digeni Ave,4
2026-09-03T05:16:11Z,2026-09-03T08:20:43.391804+03:00,_11,bbf67e32aa17,B18 - Georgiou Griva Digeni Ave,Evagorou Ave,0
2026-09-03T05:16:11Z,2026-09-03T08:20:43.391804+03:00,_0,0ad2cc0d654b,Episkopi,A1,0
2026-09-03T05:16:11Z,2026-09-03T08:20:43.391804+03:00,_1,6ad9b0176d85,Kato Polemidia,A1,2
2026-09-03T05:16:11Z,2026-09-03T08:20:43.391804+03:00,_2,c6626472cfe7,A6,Lemesos,1
2026-09-03T05:16:11Z,2026-09-03T08:20:43.391804+03:00,_3,e7aa3fa7d4d2,Lemesos,Germasogeia,0
2026-09-03T05:26:16Z,2026-09-03T08:30:42.992934+03:00,_0,d7fa998be72c,Strovolos,Strovolos,0
2026-09-03T05:26:16Z,2026-09-03T08:30:42.992934+03:00,_1,56258ee4f147,Strovolos,Lemesou Ave,3
2026-09-03T05:26:16Z,2026-09-03T08:30:42.992934+03:00,_2,2eeb7481ceda,Aglantzia,E164 - Armenias,0
2026-09-03T05:26:16Z,2026-09-03T08:30:42.992934+03:00,_3,8b530b355b26,Lemesou Ave,Archiepiskopou Makariou III Ave,3
2026-09-03T05:26:16Z,2026-09-03T08:30:42.992934+03:00,_0,518c5df216c1,E110,E110 - Agias Fylaxeos,0
2026-09-03T05:26:16Z,2026-09-03T08:30:42.992934+03:00,_1,56bc0b79e714,E110 - 1 Apriliou,,3
2026-09-03T05:26:16Z,2026-09-03T08:30:42.992934+03:00,_2,73c10e640ed1,E110 - Agias Fylaxeos,E147 - Archiepiskopou Makariou III Ave,0
2026-09-03T05:26:16Z,2026-09-03T08:30:42.992934+03:00,_3,676c339d8b55,Agias Filaxeos,E147 - Archiepiskopou Makariou III Ave,3
2026-09-03T05:26:16Z,2026-09-03T08:30:42.992934+03:00,_0,18d60f6950ba,Leoforos Strovolou,Omirou,0
2026-09-03T05:26:16Z,2026-09-03T08:30:42.992934+03:00,_1,a5bc6fbada86,Strovolou Ave,E902 - Proedrikou Megarou Ave,3
2026-09-03T05:26:16Z,2026-09-03T08:30:42.992934+03:00,_2,c6ac6530f2b9,Strovolou Ave,E902 - Proedrikou Megarou Ave,0
2026-09-03T05:26:16Z,2026-09-03T08:30:42.992934+03:00,_0,cb3af67cb06c,,Kato Polemidia,0
2026-09-03T05:26:16Z,2026-09-03T08:30:42.992934+03:00,_1,af6f8ae344a6,Lemesos,Lemesos,1
2026-09-03T05:26:16Z,2026-09-03T08:30:42.992934+03:00,_2,ee531a6a7ac9,Lemesos,Lemesos,0
2026-09-03T05:26:16Z,2026-09-03T08:30:42.992934+03:00,_3,50dc42de3530,Mesa Geitonia,Agios Athanasios,2
2026-09-03T05:26:16Z,2026-09-03T08:30:42.992934+03:00,_4,d47ef119de54,Agios Athanasios,Mouttagiaka,0
2026-09-03T05:26:16Z,2026-09-03T08:30:42.992934+03:00,_5,0fef3f0a3aa0,Mouttagiaka,Agios Tychonas,3
2026-09-03T05:26:16Z,2026-09-03T08:30:42.992934+03:00,_6,e2a2f7d4b2b8,Parekklisia,Strovolos,0
2026-09-03T05:26:16Z,2026-09-03T08:30:42.992934+03:00,_7,56258ee4f147,Strovolos,Lemesou Ave,3
2026-09-03T05:26:16Z,2026-09-03T08:30:42.992934+03:00,_8,2eeb7481ceda,Aglantzia,E164 - Armenias,0
2026-09-03T05:26:16Z,2026-09-03T08:30:42.992934+03:00,_9,3dec49aff703,Lemesou Ave,Archiepiskopou Makariou III Ave,3
2026-09-03T05:26:16Z,2026-09-03T08:30:42.992934+03:00,_10,7e9e53411917,Lemesou Ave,E1302 - Nikis Ave,0
2026-09-03T05:26:16Z,2026-09-03T08:30:42.992934+03:00,_11,910016111853,B18 - Georgiou Griva Digeni Ave,B18 - Georgiou Griva Digeni Ave,4
2026-09-03T05:26:16Z,2026-09-03T08:30:42.992934+03:00,_12,f3ce7a5c0882,B18 - Georgiou Griva Digeni Ave,B19 - Omirou Ave,0
2026-09-03T05:26:16Z,2026-09-03T08:30:42.992934+03:00,_13,bf1edcb81968,Omirou Ave,B19 - Omirou Ave,2
2026-09-03T05:26:16Z,2026-09-03T08:30:42.992934+03:00,_14,322961766a35,B19 - Omirou Ave,Anastasiou Leventi,0
2026-09-03T05:26:16Z,2026-09-03T08:30:42.992934+03:00,_0,9b57a1fd19bb,Episkopi,Kato Polemidia,0
2026-09-03T05:26:16Z,2026-09-03T08:30:42.992934+03:00,_1,af6f8ae344a6,Lemesos,Lemesos,1
2026-09-03T05:26:16Z,2026-09-03T08:30:42.992934+03:00,_2,ee531a6a7ac9,Lemesos,Lemesos,0
2026-09-03T05:26:16Z,2026-09-03T08:30:42.992934+03:00,_3,50dc42de3530,Mesa Geitonia,Agios Athanasios,2
2026-09-03T05:26:16Z,2026-09-03T08:30:42.992934+03:00,_4,5fdfcdfdd36d,Agios Athanasios,Germasogeia,0
2026-09-03T05:36:47Z,2026-09-03T08:40:42.892542+03:00,_0,9637c1cd3244,Strovolos,Strovolos,0
2026-09-03T05:36:47Z,2026-09-03T08:40:42.892542+03:00,_1,d1bd4cd56cd8,Strovolos,Lemesou Ave,4
2026-09-03T05:36:47Z,2026-09-03T08:40:42.892542+03:00,_2,2eeb7481ceda,Aglantzia,E164 - Armenias,0
2026-09-03T05:36:47Z,2026-09-03T08:40:42.892542+03:00,_3,8b530b355b26,Lemesou Ave,Archiepiskopou Makariou III Ave,3
2026-09-03T05:36:47Z,2026-09-03T08:40:42.892542+03:00,_0,c7cc2624ec90,E110,E110 - Agias Fylaxeos,0
2026-09-03T05:36:47Z,2026-09-03T08:40:42.892542+03:00,_1,ee59d0c74402,E110 - 1 Apriliou,E110 - Agias Fylaxeos,4
2026-09-03T05:36:47Z,2026-09-03T08:40:42.892542+03:00,_2,e50ca2ecb1e0,E110 - 1 Apriliou,,3
2026-09-03T05:36:47Z,2026-09-03T08:40:42.892542+03:00,_3,73c10e640ed1,E110 - Agias Fylaxeos,E147 - Archiepiskopou Makariou III Ave,0
2026-09-03T05:36:47Z,2026-09-03T08:40:42.892542+03:00,_4,676c339d8b55,Agias Filaxeos,E147 - Archiepiskopou Makariou III Ave,4
2026-09-03T05:36:47Z,2026-09-03T08:40:42.892542+03:00,_0,920305ee9a1e,E147 - Archiepiskopou Makariou III Ave,Agias Filaxeos,0
2026-09-03T05:36:47Z,2026-09-03T08:40:42.892542+03:00,_1,a4260c51b19c,Steliou Kyriakidi,,4
2026-09-03T05:36:47Z,2026-09-03T08:40:42.892542+03:00,_2,f5f94ff22484,Agias Filaxeos,E110,0
2026-09-03T05:36:47Z,2026-09-03T08:40:42.892542+03:00,_0,18d60f6950ba,Leoforos Strovolou,E122 - Athinon,0
2026-09-03T05:36:47Z,2026-09-03T08:40:42.892542+03:00,_1,a5bc6fbada86,Strovolou Ave,E902 - Proedrikou Megarou Ave,3
2026-09-03T05:36:47Z,2026-09-03T08:40:42.892542+03:00,_2,c6ac6530f2b9,Strovolou Ave,E902 - Proedrikou Megarou Ave,0
2026-09-03T05:36:47Z,2026-09-03T08:40:42.892542+03:00,_0,694491d68f6e,,Lemesos,0
2026-09-03T05:36:47Z,2026-09-03T08:40:42.892542+03:00,_1,08ff2214abf6,Lemesos,Agios Athanasios,2
2026-09-03T05:36:47Z,2026-09-03T08:40:42.892542+03:00,_2,d47ef119de54,Agios Athanasios,Mouttagiaka,0
2026-09-03T05:36:47Z,2026-09-03T08:40:42.892542+03:00,_3,0fef3f0a3aa0,Mouttagiaka,Agios Tychonas,3
2026-09-03T05:36:47Z,2026-09-03T08:40:42.892542+03:00,_4,0b345d92a5cd,Parekklisia,Lemesou Ave,0
2026-09-03T05:36:47Z,2026-09-03T08:40:42.892542+03:00,_5,d1bd4cd56cd8,Strovolos,Lemesou Ave,4
2026-09-03T05:36:47Z,2026-09-03T08:40:42.892542+03:00,_6,2eeb7481ceda,Aglantzia,E164 - Armenias,0
2026-09-03T05:36:47Z,2026-09-03T08:40:42.892542+03:00,_7,3dec49aff703,Lemesou Ave,Archiepiskopou Makariou III Ave,3
2026-09-03T05:36:47Z,2026-09-03T08:40:42.892542+03:00,_8,7e9e53411917,Lemesou Ave,E1302 - Nikis Ave,0
2026-09-03T05:36:47Z,2026-09-03T08:40:42.892542+03:00,_9,910016111853,B18 - Georgiou Griva Digeni Ave,B18 - Georgiou Griva Digeni Ave,4
2026-09-03T05:36:47Z,2026-09-03T08:40:42.892542+03:00,_10,f3ce7a5c0882,B18 - Georgiou Griva Digeni Ave,B19 - Omirou Ave,0
2026-09-03T05:36:47Z,2026-09-03T08:40:42.892542+03:00,_11,bf1edcb81968,Omirou Ave,B19 - Omirou Ave,2
2026-09-03T05:36:47Z,2026-09-03T08:40:42.892542+03:00,_12,322961766a35,B19 - Omirou Ave,Anastasiou Leventi,0
2026-09-03T05:36:47Z,2026-09-03T08:40:42.892542+03:00,_0,b75223d3f37d,Episkopi,Lemesos,0
2026-09-03T05:36:47Z,2026-09-03T08:40:42.892542+03:00,_1,08ff2214abf6,Lemesos,Agios Athanasios,2
2026-09-03T05:36:47Z,2026-09-03T08:40:42.892542+03:00,_2,5fdfcdfdd36d,Agios Athanasios,Germasogeia,0
2026-09-03T05:46:54Z,2026-09-03T08:51:49.707508+03:00,_0,d7fa998be72c,Strovolos,Strovolos,0
2026-09-03T05:46:54Z,2026-09-03T08:51:49.707508+03:00,_1,56258ee4f147,Strovolos,Lemesou Ave,4
2026-09-03T05:46:54Z,2026-09-03T08:51:49.707508+03:00,_2,7c50b274239b,Aglantzia,E164 - Armenias,0
2026-09-03T05:46:54Z,2026-09-03T08:51:49.707508+03:00,_3,c57daf65c80e,Lemesou Ave,Archiepiskopou Makariou III Ave,3
2026-09-03T05:46:54Z,2026-09-03T08:51:49.707508+03:00,_0,c7cc2624ec90,E110,E110 - Agias Fylaxeos,0
2026-09-03T05:46:54Z,2026-09-03T08:51:49.707508+03:00,_1,977b92fdc886,E110 - 1 Apriliou,,4
2026-09-03T05:46:54Z,2026-09-03T08:51:49.707508+03:00,_2,e33776a3a190,E110 - Agias Fylaxeos,Agias Filaxeos,0
2026-09-03T05:46:54Z,2026-09-03T08:51:49.707508+03:00,_3,0a5c4761a6b4,Agias Filaxeos,Agias Filaxeos,3
2026-09-03T05:46:54Z,2026-09-03T08:51:49.707508+03:00,_4,fd1ec1f2cdf4,Agias Filaxeos,E147 - Archiepiskopou Makariou III Ave,0
2026-09-03T05:46:54Z,2026-09-03T08:51:49.707508+03:00,_5,676c339d8b55,Agias Filaxeos,E147 - Archiepiskopou Makariou III Ave,3
2026-09-03T05:46:54Z,2026-09-03T08:51:49.707508+03:00,_0,920305ee9a1e,E147 - Archiepiskopou Makariou III Ave,Agias Filaxeos,0
2026-09-03T05:46:54Z,2026-09-03T08:51:49.707508+03:00,_1,a4260c51b19c,Steliou Kyriakidi,,4
2026-09-03T05:46:54Z,2026-09-03T08:51:49.707508+03:00,_2,f5f94ff22484,Agias Filaxeos,E110,0
2026-09-03T05:46:54Z,2026-09-03T08:51:49.707508+03:00,_0,18d60f6950ba,Leoforos Strovolou,Omirou,0
2026-09-03T05:46:54Z,2026-09-03T08:51:49.707508+03:00,_1,956232f49bc0,Strovolou Ave,Omirou,3
2026-09-03T05:46:54Z,2026-09-03T08:51:49.707508+03:00,_2,e7f307aab39c,Strovolou Ave,Strovolou Ave,0
2026-09-03T05:46:54Z,2026-09-03T08:51:49.707508+03:00,_3,46dfd0667abc,Strovolou Ave,E902 - Proedrikou Megarou Ave,3
2026-09-03T05:46:54Z,2026-09-03T08:51:49.707508+03:00,_4,c6ac6530f2b9,Strovolou Ave,E902 - Proedrikou Megarou Ave,0
2026-09-03T05:46:54Z,2026-09-03T08:51:49.707508+03:00,_0,cb3af67cb06c,,Kato Polemidia,0
2026-09-03T05:46:54Z,2026-09-03T08:51:49.707508+03:00,_1,af6f8ae344a6,Lemesos,Lemesos,1
2026-09-03T05:46:54Z,2026-09-03T08:51:49.707508+03:00,_2,3dd9186ecd26,Lemesos,Germasogeia,0
2026-09-03T05:46:54Z,2026-09-03T08:51:49.707508+03:00,_3,03355686b72e,> A1 Lefkosia / (A5) Larnaka / (A5)(A3) Larnaka Airport,Agios Tychonas,3
2026-09-03T05:46:54Z,2026-09-03T08:51:49.707508+03:00,_4,e2a2f7d4b2b8,Parekklisia,Strovolos,0
2026-09-03T05:46:54Z,2026-09-03T08:51:49.707508+03:00,_5,56258ee4f147,Strovolos,Lemesou Ave,4
2026-09-03T05:46:54Z,2026-09-03T08:51:49.707508+03:00,_6,7c50b274239b,Aglantzia,E164 - Armenias,0
2026-09-03T05:46:54Z,2026-09-03T08:51:49.707508+03:00,_7,43f05193c4b0,Lemesou Ave,Archiepiskopou Makariou III Ave,3
2026-09-03T05:46:54Z,2026-09-03T08:51:49.707508+03:00,_8,bd22ecc10d1b,Lemesou Ave,Archiepiskopou Makariou III Ave,0
2026-09-03T05:46:54Z,2026-09-03T08:51:49.707508+03:00,_9,798c594a6669,Archiepiskopou Makariou III Ave,B18 - Georgiou Griva Digeni Ave,3
2026-09-03T05:46:54Z,2026-09-03T08:51:49.707508+03:00,_10,7c1a88e2db2c,Archiepiskopou Makariou III Ave,E1302 - Nikis Ave,0
2026-09-03T05:46:54Z,2026-09-03T08:51:49.707508+03:00,_11,910016111853,B18 - Georgiou Griva Digeni Ave,B18 - Georgiou Griva Digeni Ave,4
2026-09-03T05:46:54Z,2026-09-03T08:51:49.707508+03:00,_12,bbf67e32aa17,B18 - Georgiou Griva Digeni Ave,Evagorou Ave,0
2026-09-03T05:46:54Z,2026-09-03T08:51:49.707508+03:00,_0,9b57a1fd19bb,Episkopi,Kato Polemidia,0
2026-09-03T05:46:54Z,2026-09-03T08:51:49.707508+03:00,_1,af6f8ae344a6,Lemesos,Lemesos,1
2026-09-03T05:46:54Z,2026-09-03T08:51:49.707508+03:00,_2,4cc85bcdea4b,Lemesos,Germasogeia,0
2026-09-03T05:57:26Z,2026-09-03T09:02:21.203526+03:00,_0,d7fa998be72c,Strovolos,Strovolos,0
2026-09-03T05:57:26Z,2026-09-03T09:02:21.203526+03:00,_1,56258ee4f147,Strovolos,Lemesou Ave,4
2026-09-03T05:57:26Z,2026-09-03T09:02:21.203526+03:00,_2,2eeb7481ceda,Aglantzia,E164 - Armenias,0
2026-09-03T05:57:26Z,2026-09-03T09:02:21.203526+03:00,_3,8b530b355b26,Lemesou Ave,Archiepiskopou Makariou III Ave,3
2026-09-03T05:57:26Z,2026-09-03T09:02:21.203526+03:00,_0,d570ef2c8392,E110,E110 - 1 Apriliou,0
2026-09-03T05:57:26Z,2026-09-03T09:02:21.203526+03:00,_1,3bd824fc1e31,E110 - 1 Apriliou,,3
2026-09-03T05:57:26Z,2026-09-03T09:02:21.203526+03:00,_2,e33776a3a190,E110 - Agias Fylaxeos,Agias Filaxeos,0
2026-09-03T05:57:26Z,2026-09-03T09:02:21.203526+03:00,_3,0a5c4761a6b4,Agias Filaxeos,Agias Filaxeos,3
2026-09-03T05:57:26Z,2026-09-03T09:02:21.203526+03:00,_4,63550abc2b0b,Agias Filaxeos,Agiou Artemiou,0
2026-09-03T05:57:26Z,2026-09-03T09:02:21.203526+03:00,_5,88697bca4b53,Agias Filaxeos,E147 - Archiepiskopou Makariou III Ave,4
2026-09-03T05:57:26Z,2026-09-03T09:02:21.203526+03:00,_0,5661b3f9cb72,Leoforos Strovolou,E122 - Athinon,0
2026-09-03T05:57:26Z,2026-09-03T09:02:21.203526+03:00,_1,e2a3239d5ea1,Strovolou Ave,Strovolou Ave,3
2026-09-03T05:57:26Z,2026-09-03T09:02:21.203526+03:00,_2,15dbd15441f3,Strovolou Ave,Strovolou Ave,0
2026-09-03T05:57:26Z,2026-09-03T09:02:21.203526+03:00,_3,a5bc6fbada86,Strovolou Ave,E902 - Proedrikou Megarou Ave,3
2026-09-03T05:57:26Z,2026-09-03T09:02:21.203526+03:00,_4,c6ac6530f2b9,Strovolou Ave,E902 - Proedrikou Megarou Ave,0
2026-09-03T05:57:26Z,2026-09-03T09:02:21.203526+03:00,_0,872247a88337,,Germasogeia,0
2026-09-03T05:57:26Z,2026-09-03T09:02:21.203526+03:00,_1,03355686b72e,> A1 Lefkosia / (A5) Larnaka / (A5)(A3) Larnaka Airport,Agios Tychonas,2
2026-09-03T05:57:26Z,2026-09-03T09:02:21.203526+03:00,_2,e2a2f7d4b2b8,Parekklisia,Strovolos,0
2026-09-03T05:57:26Z,2026-09-03T09:02:21.203526+03:00,_3,56258ee4f147,Strovolos,Lemesou Ave,4
2026-09-03T05:57:26Z,2026-09-03T09:02:21.203526+03:00,_4,2eeb7481ceda,Aglantzia,E164 - Armenias,0
2026-09-03T05:57:26Z,2026-09-03T09:02:21.203526+03:00,_5,3dec49aff703,Lemesou Ave,Archiepiskopou Makariou III Ave,3
2026-09-03T05:57:26Z,2026-09-03T09:02:21.203526+03:00,_6,bd22ecc10d1b,Lemesou Ave,Archiepiskopou Makariou III Ave,0
2026-09-03T05:57:26Z,2026-09-03T09:02:21.203526+03:00,_7,798c594a6669,Archiepiskopou Makariou III Ave,B18 - Georgiou Griva Digeni Ave,3
2026-09-03T05:57:26Z,2026-09-03T09:02:21.203526+03:00,_8,7c1a88e2db2c,Archiepiskopou Makariou III Ave,E1302 - Nikis Ave,0
2026-09-03T05:57:26Z,2026-09-03T09:02:21.203526+03:00,_9,910016111853,B18 - Georgiou Griva Digeni Ave,B18 - Georgiou Griva Digeni Ave,3
2026-09-03T05:57:26Z,2026-09-03T09:02:21.203526+03:00,_10,f3ce7a5c0882,B18 - Georgiou Griva Digeni Ave,B19 - Omirou Ave,0
2026-09-03T05:57:26Z,2026-09-03T09:02:21.203526+03:00,_11,bf1edcb81968,Omirou Ave,B19 - Omirou Ave,2
2026-09-03T05:57:26Z,2026-09-03T09:02:21.203526+03:00,_12,322961766a35,B19 - Omirou Ave,Anastasiou Leventi,0
2026-09-03T05:57:26Z,2026-09-03T09:02:21.203526+03:00,_0,06afc6492b14,Exit 24 >E127 Germasogeia / E113 Lemesos-Centre,Germasogeia,1
2026-09-03T05:57:26Z,2026-09-03T09:02:21.203526+03:00,_1,3e1d75b9e16e,Agios Athanasios,"to A6 > Pafos, Pafos Airport",0
2026-09-03T06:07:32Z,2026-09-03T09:12:27.958461+03:00,_0,d7fa998be72c,Strovolos,Strovolos,0
2026-09-03T06:07:32Z,2026-09-03T09:12:27.958461+03:00,_1,56258ee4f147,Strovolos,Lemesou Ave,4
2026-09-03T06:07:32Z,2026-09-03T09:12:27.958461+03:00,_2,91c59b752c97,Aglantzia,E164 - Armenias,0
2026-09-03T06:07:32Z,2026-09-03T09:12:27.958461+03:00,_3,a95604920bd3,E164 - Armenias,Archiepiskopou Makariou III Ave,3
2026-09-03T06:07:32Z,2026-09-03T09:12:27.958461+03:00,_0,5571d2934d78,E110,E110 - Agias Fylaxeos,0
2026-09-03T06:07:32Z,2026-09-03T09:12:27.958461+03:00,_1,4d40b5fe9ec1,E110 - 1 Apriliou,,4
2026-09-03T06:07:32Z,2026-09-03T09:12:27.958461+03:00,_2,bbe9f6312861,E110 - Agias Fylaxeos,Agias Filaxeos,0
2026-09-03T06:07:32Z,2026-09-03T09:12:27.958461+03:00,_3,c7626fee6f30,Agias Filaxeos,Agias Filaxeos,4
2026-09-03T06:07:32Z,2026-09-03T09:12:27.958461+03:00,_4,63550abc2b0b,Agias Filaxeos,Apostolon Petrou kai Pavlou,0
2026-09-03T06:07:32Z,2026-09-03T09:12:27.958461+03:00,_5,88697bca4b53,Agias Filaxeos,E147 - Archiepiskopou Makariou III Ave,3
2026-09-03T06:07:32Z,2026-09-03T09:12:27.958461+03:00,_0,920305ee9a1e,E147 - Archiepiskopou Makariou III Ave,Agias Filaxeos,0
2026-09-03T06:07:32Z,2026-09-03T09:12:27.958461+03:00,_1,a4260c51b19c,Steliou Kyriakidi,,3
2026-09-03T06:07:32Z,2026-09-03T09:12:27.958461+03:00,_2,f5f94ff22484,Agias Filaxeos,E110,0
2026-09-03T06:07:32Z,2026-09-03T09:12:27.958461+03:00,_0,5661b3f9cb72,Leoforos Strovolou,Strovolou Ave,0
2026-09-03T06:07:32Z,2026-09-03T09:12:27.958461+03:00,_1,0efd6a2ea310,Strovolou Ave,Strovolou Ave,1
2026-09-03T06:07:32Z,2026-09-03T09:12:27.958461+03:00,_2,f1137b3b8783,Strovolou Ave,Strovolou Ave,0
2026-09-03T06:07:32Z,2026-09-03T09:12:27.958461+03:00,_3,b54de865a9d0,Strovolou Ave,E902 - Proedrikou Megarou Ave,3
2026-09-03T06:07:32Z,2026-09-03T09:12:27.958461+03:00,_4,96c3ee6a9698,Strovolou Ave,E902 - Proedrikou Megarou Ave,0
2026-09-03T06:07:32Z,2026-09-03T09:12:27.958461+03:00,_0,346c64116a63,,Mouttagiaka,0
2026-09-03T06:07:32Z,2026-09-03T09:12:27.958461+03:00,_1,0fef3f0a3aa0,Mouttagiaka,Agios Tychonas,2
2026-09-03T06:07:32Z,2026-09-03T09:12:27.958461+03:00,_2,e2a2f7d4b2b8,Parekklisia,Strovolos,0
2026-09-03T06:07:32Z,2026-09-03T09:12:27.958461+03:00,_3,56258ee4f147,Strovolos,Lemesou Ave,4
2026-09-03T06:07:32Z,2026-09-03T09:12:27.958461+03:00,_4,91c59b752c97,Aglantzia,E164 - Armenias,0
2026-09-03T06:07:32Z,2026-09-03T09:12:27.958461+03:00,_5,265266c3e024,E164 - Armenias,Archiepiskopou Makariou III Ave,3
2026-09-03T06:07:32Z,2026-09-03T09:12:27.958461+03:00,_6,7e9e53411917,Lemesou Ave,E1302 - Nikis Ave,0
2026-09-03T06:07:32Z,2026-09-03T09:12:27.958461+03:00,_7,910016111853,B18 - Georgiou Griva Digeni Ave,B18 - Georgiou Griva Digeni Ave,3
2026-09-03T06:07:32Z,2026-09-03T09:12:27.958461+03:00,_8,f3ce7a5c0882,B18 - Georgiou Griva Digeni Ave,B19 - Omirou Ave,0
2026-09-03T06:07:32Z,2026-09-03T09:12:27.958461+03:00,_9,bf1edcb81968,Omirou Ave,B19 - Omirou Ave,2
2026-09-03T06:07:32Z,2026-09-03T09:12:27.958461+03:00,_10,322961766a35,B19 - Omirou Ave,Anastasiou Leventi,0
2026-09-03T06:07:32Z,2026-09-03T09:12:27.958461+03:00,_0,06afc6492b14,Exit 24 >E127 Germasogeia / E113 Lemesos-Centre,Germasogeia,2
2026-09-03T06:07:32Z,2026-09-03T09:12:27.958461+03:00,_1,3e1d75b9e16e,Agios Athanasios,"to A6 > Pafos, Pafos Airport",0
2026-09-03T06:17:43Z,2026-09-03T09:22:38.289482+03:00,_0,9637c1cd3244,Strovolos,Strovolos,0
2026-09-03T06:17:43Z,2026-09-03T09:22:38.289482+03:00,_1,d1bd4cd56cd8,Strovolos,Lemesou Ave,4
2026-09-03T06:17:43Z,2026-09-03T09:22:38.289482+03:00,_2,7c50b274239b,Aglantzia,E164 - Armenias,0
2026-09-03T06:17:43Z,2026-09-03T09:22:38.289482+03:00,_3,c57daf65c80e,Lemesou Ave,Archiepiskopou Makariou III Ave,3
2026-09-03T06:17:43Z,2026-09-03T09:22:38.289482+03:00,_0,5571d2934d78,E110,E110 - Agias Fylaxeos,0
2026-09-03T06:17:43Z,2026-09-03T09:22:38.289482+03:00,_1,4d40b5fe9ec1,E110 - 1 Apriliou,,4
2026-09-03T06:17:43Z,2026-09-03T09:22:38.289482+03:00,_2,bbe9f6312861,E110 - Agias Fylaxeos,Agias Filaxeos,0
2026-09-03T06:17:43Z,2026-09-03T09:22:38.289482+03:00,_3,c7626fee6f30,Agias Filaxeos,Agias Filaxeos,3
2026-09-03T06:17:43Z,2026-09-03T09:22:38.289482+03:00,_4,63550abc2b0b,Agias Filaxeos,Agiou Artemiou,0
2026-09-03T06:17:43Z,2026-09-03T09:22:38.289482+03:00,_5,88697bca4b53,Agias Filaxeos,E147 - Archiepiskopou Makariou III Ave,3
2026-09-03T06:17:43Z,2026-09-03T09:22:38.289482+03:00,_0,a955553ad43f,E147 - Archiepiskopou Makariou III Ave,Agias Filaxeos,2
2026-09-03T06:17:43Z,2026-09-03T09:22:38.289482+03:00,_1,8eb1dd7cbd00,E147 - Archiepiskopou Makariou III Ave,Agias Filaxeos,0
2026-09-03T06:17:43Z,2026-09-03T09:22:38.289482+03:00,_2,a4260c51b19c,Steliou Kyriakidi,,4
2026-09-03T06:17:43Z,2026-09-03T09:22:38.289482+03:00,_3,f5f94ff22484,Agias Filaxeos,E110,0
2026-09-03T06:17:43Z,2026-09-03T09:22:38.289482+03:00,_0,d624d2c1050e,Leoforos Strovolou,Omirou,0
2026-09-03T06:17:43Z,2026-09-03T09:22:38.289482+03:00,_1,e547950b5d5e,Strovolou Ave,E902 - Proedrikou Megarou Ave,2
2026-09-03T06:17:43Z,2026-09-03T09:22:38.289482+03:00,_2,96c3ee6a9698,Strovolou Ave,E902 - Proedrikou Megarou Ave,0
2026-09-03T06:17:43Z,2026-09-03T09:22:38.289482+03:00,_0,346c64116a63,,Mouttagiaka,0
2026-09-03T06:17:43Z,2026-09-03T09:22:38.289482+03:00,_1,2510c4a58f63,Mouttagiaka,Parekklisia,2
2026-09-03T06:17:43Z,2026-09-03T09:22:38.289482+03:00,_2,a6f36cfe1e87,Parekklisia,Lemesou Ave,0
2026-09-03T06:17:43Z,2026-09-03T09:22:38.289482+03:00,_3,d1bd4cd56cd8,Strovolos,Lemesou Ave,4
2026-09-03T06:17:43Z,2026-09-03T09:22:38.289482+03:00,_4,7c50b274239b,Aglantzia,E164 - Armenias,0
2026-09-03T06:17:43Z,2026-09-03T09:22:38.289482+03:00,_5,43f05193c4b0,Lemesou Ave,Archiepiskopou Makariou III Ave,3
2026-09-03T06:17:43Z,2026-09-03T09:22:38.289482+03:00,_6,f80acc7b0a51,Lemesou Ave,E1302 - Nikis Ave,0
2026-09-03T06:17:43Z,2026-09-03T09:22:38.289482+03:00,_7,4cadbb7e2669,Archiepiskopou Makariou III Ave,E1302 - Nikis Ave,3
2026-09-03T06:17:43Z,2026-09-03T09:22:38.289482+03:00,_8,53725b50c7e6,B18 - Georgiou Griva Digeni Ave,Evagorou Ave,0
2026-09-03T06:17:43Z,2026-09-03T09:22:38.289482+03:00,_0,06afc6492b14,Exit 24 >E127 Germasogeia / E113 Lemesos-Centre,Germasogeia,2
2026-09-03T06:17:43Z,2026-09-03T09:22:38.289482+03:00,_1,3e1d75b9e16e,Agios Athanasios,"to A6 > Pafos, Pafos Airport",0
2026-09-03T06:27:49Z,2026-09-03T09:32:44.164943+03:00,_0,9637c1cd3244,Strovolos,Strovolos,0
2026-09-03T06:27:49Z,2026-09-03T09:32:44.164943+03:00,_1,d1bd4cd56cd8,Strovolos,Lemesou Ave,4
2026-09-03T06:27:49Z,2026-09-03T09:32:44.164943+03:00,_2,c6e235d3222a,Aglantzia,Archiepiskopou Makariou III Ave,0
2026-09-03T06:27:49Z,2026-09-03T09:32:44.164943+03:00,_3,394713f228bd,Lemesou Ave,Lemesou Ave,3
2026-09-03T06:27:49Z,2026-09-03T09:32:44.164943+03:00,_0,2307db0caa09,E110,E110 - 1 Apriliou,0
2026-09-03T06:27:49Z,2026-09-03T09:32:44.164943+03:00,_1,218444f02773,E110 - 1 Apriliou,,4
2026-09-03T06:27:49Z,2026-09-03T09:32:44.164943+03:00,_2,e33776a3a190,E110 - Agias Fylaxeos,Agias Filaxeos,0
2026-09-03T06:27:49Z,2026-09-03T09:32:44.164943+03:00,_3,0a5c4761a6b4,Agias Filaxeos,Vasileos Georgiou II,3
2026-09-03T06:27:49Z,2026-09-03T09:32:44.164943+03:00,_4,8effdcb26c23,Agiou Ilarionos,Apostolon Petrou kai Pavlou,0
2026-09-03T06:27:49Z,2026-09-03T09:32:44.164943+03:00,_5,0047479cf4c6,Agias Filaxeos,E147 - Archiepiskopou Makariou III Ave,3
2026-09-03T06:27:49Z,2026-09-03T09:32:44.164943+03:00,_0,920305ee9a1e,E147 - Archiepiskopou Makariou III Ave,Agias Filaxeos,0
2026-09-03T06:27:49Z,2026-09-03T09:32:44.164943+03:00,_1,a4260c51b19c,Steliou Kyriakidi,,3
2026-09-03T06:27:49Z,2026-09-03T09:32:44.164943+03:00,_2,f5f94ff22484,Agias Filaxeos,E110,0
2026-09-03T06:27:49Z,2026-09-03T09:32:44.164943+03:00,_0,06afc6492b14,Exit 24 >E127 Germasogeia / E113 Lemesos-Centre,Germasogeia,2
2026-09-03T06:27:49Z,2026-09-03T09:32:44.164943+03:00,_1,3e1d75b9e16e,Agios Athanasios,"to A6 > Pafos, Pafos Airport",0
2026-09-03T06:27:49Z,2026-09-03T09:32:44.164943+03:00,_0,81774b74bf05,,Agios Tychonas,0
2026-09-03T06:27:49Z,2026-09-03T09:32:44.164943+03:00,_1,9a21ab26dd7f,Agios Tychonas,Agios Tychonas,2
2026-09-03T06:27:49Z,2026-09-03T09:32:44.164943+03:00,_2,0b345d92a5cd,Parekklisia,Lemesou Ave,0
2026-09-03T06:27:49Z,2026-09-03T09:32:44.164943+03:00,_3,d1bd4cd56cd8,Strovolos,Lemesou Ave,4
2026-09-03T06:27:49Z,2026-09-03T09:32:44.164943+03:00,_4,c6e235d3222a,Aglantzia,Archiepiskopou Makariou III Ave,0
2026-09-03T06:27:49Z,2026-09-03T09:32:44.164943+03:00,_5,6efde239cabf,Lemesou Ave,Archiepiskopou Makariou III Ave,3
2026-09-03T06:27:49Z,2026-09-03T09:32:44.164943+03:00,_6,585aa61a46fa,Lemesou Ave,B18 - Digeni Akrita Ave,0
2026-09-03T06:27:49Z,2026-09-03T09:32:44.164943+03:00,_7,055237d5336a,Archiepiskopou Makariou III Ave,B18 - Georgiou Griva Digeni Ave,3
2026-09-03T06:27:49Z,2026-09-03T09:32:44.164943+03:00,_8,1abd14145799,Archiepiskopou Makariou III Ave,B18 - Georgiou Griva Digeni Ave,0
2026-09-03T06:27:49Z,2026-09-03T09:32:44.164943+03:00,_9,4cadbb7e2669,Archiepiskopou Makariou III Ave,E1302 - Nikis Ave,3
2026-09-03T06:27:49Z,2026-09-03T09:32:44.164943+03:00,_10,910016111853,B18 - Georgiou Griva Digeni Ave,B18 - Georgiou Griva Digeni Ave,4
2026-09-03T06:27:49Z,2026-09-03T09:32:44.164943+03:00,_11,bbf67e32aa17,B18 - Georgiou Griva Digeni Ave,Evagorou Ave,0
2026-09-03T06:37:54Z,2026-09-03T09:42:21.219044+03:00,_0,9637c1cd3244,Strovolos,Strovolos,0
2026-09-03T06:37:54Z,2026-09-03T09:42:21.219044+03:00,_1,d1bd4cd56cd8,Strovolos,Lemesou Ave,4
2026-09-03T06:37:54Z,2026-09-03T09:42:21.219044+03:00,_2,7c50b274239b,Aglantzia,E164 - Armenias,0
2026-09-03T06:37:54Z,2026-09-03T09:42:21.219044+03:00,_3,c57daf65c80e,Lemesou Ave,Archiepiskopou Makariou III Ave,3
2026-09-03T06:37:54Z,2026-09-03T09:42:21.219044+03:00,_0,ed0f8536366e,E110,E110 - 1 Apriliou,0
2026-09-03T06:37:54Z,2026-09-03T09:42:21.219044+03:00,_1,32c2745803b6,E110 - Eleftherias,E110 - 1 Apriliou,3
2026-09-03T06:37:54Z,2026-09-03T09:42:21.219044+03:00,_2,2c09272a5a94,E110 - 1 Apriliou,E110 - Agias Fylaxeos,0
2026-09-03T06:37:54Z,2026-09-03T09:42:21.219044+03:00,_3,4d40b5fe9ec1,E110 - 1 Apriliou,,4
2026-09-03T06:37:54Z,2026-09-03T09:42:21.219044+03:00,_4,e33776a3a190,E110 - Agias Fylaxeos,Agias Filaxeos,0
2026-09-03T06:37:54Z,2026-09-03T09:42:21.219044+03:00,_5,0a5c4761a6b4,Agias Filaxeos,Agias Filaxeos,3
2026-09-03T06:37:54Z,2026-09-03T09:42:21.219044+03:00,_6,8effdcb26c23,Agias Filaxeos,Agiou Artemiou,0
2026-09-03T06:37:54Z,2026-09-03T09:42:21.219044+03:00,_7,0047479cf4c6,Agias Filaxeos,E147 - Archiepiskopou Makariou III Ave,3
2026-09-03T06:37:54Z,2026-09-03T09:42:21.219044+03:00,_0,920305ee9a1e,E147 - Archiepiskopou Makariou III Ave,Agias Filaxeos,0
2026-09-03T06:37:54Z,2026-09-03T09:42:21.219044+03:00,_1,a4260c51b19c,Steliou Kyriakidi,,3
2026-09-03T06:37:54Z,2026-09-03T09:42:21.219044+03:00,_2,58db42ee5329,Agias Filaxeos,E110 - 1 Apriliou,0
2026-09-03T06:37:54Z,2026-09-03T09:42:21.219044+03:00,_3,b8c777372286,E110 - 1 Apriliou,E110 - 1 Apriliou,4
2026-09-03T06:37:54Z,2026-09-03T09:42:21.219044+03:00,_4,15f60bb25351,E110 - 1 Apriliou,E110,0
2026-09-03T06:37:54Z,2026-09-03T09:42:21.219044+03:00,_0,06afc6492b14,Exit 24 >E127 Germasogeia / E113 Lemesos-Centre,Germasogeia,3
2026-09-03T06:37:54Z,2026-09-03T09:42:21.219044+03:00,_1,3e1d75b9e16e,Agios Athanasios,"to A6 > Pafos, Pafos Airport",0
2026-09-03T06:37:54Z,2026-09-03T09:42:21.219044+03:00,_0,81774b74bf05,,Agios Tychonas,0
2026-09-03T06:37:54Z,2026-09-03T09:42:21.219044+03:00,_1,afd98ea27af1,Agios Tychonas,Parekklisia,3
2026-09-03T06:37:54Z,2026-09-03T09:42:21.219044+03:00,_2,a6f36cfe1e87,Parekklisia,Lemesou Ave,0
2026-09-03T06:37:54Z,2026-09-03T09:42:21.219044+03:00,_3,d1bd4cd56cd8,Strovolos,Lemesou Ave,4
2026-09-03T06:37:54Z,2026-09-03T09:42:21.219044+03:00,_4,7c50b274239b,Aglantzia,E164 - Armenias,0
2026-09-03T06:37:54Z,2026-09-03T09:42:21.219044+03:00,_5,43f05193c4b0,Lemesou Ave,Archiepiskopou Makariou III Ave,3
2026-09-03T06:37:54Z,2026-09-03T09:42:21.219044+03:00,_6,d6b7fcb8774d,Lemesou Ave,Archiepiskopou Makariou III Ave,0
2026-09-03T06:37:54Z,2026-09-03T09:42:21.219044+03:00,_7,c1da992e502e,Archiepiskopou Makariou III Ave,B18 - Georgiou Griva Digeni Ave,3
2026-09-03T06:37:54Z,2026-09-03T09:42:21.219044+03:00,_8,e624a00bb6cb,Archiepiskopou Makariou III Ave,E1302 - Nikis Ave,4
2026-09-03T06:37:54Z,2026-09-03T09:42:21.219044+03:00,_9,78a68e950dd6,B18 - Georgiou Griva Digeni Ave,E1302 - Nikis Ave,0
2026-09-03T06:37:54Z,2026-09-03T09:42:21.219044+03:00,_10,910016111853,B18 - Georgiou Griva Digeni Ave,B18 - Georgiou Griva Digeni Ave,4
2026-09-03T06:37:54Z,2026-09-03T09:42:21.219044+03:00,_11,bbf67e32aa17,B18 - Georgiou Griva Digeni Ave,Evagorou Ave,0
2026-09-03T06:48:00Z,2026-09-03T09:52:51.493592+03:00,_0,d7fa998be72c,Strovolos,Strovolos,0
2026-09-03T06:48:00Z,2026-09-03T09:52:51.493592+03:00,_1,56258ee4f147,Strovolos,Lemesou Ave,4
2026-09-03T06:48:00Z,2026-09-03T09:52:51.493592+03:00,_2,7c50b274239b,Aglantzia,E164 - Armenias,0
2026-09-03T06:48:00Z,2026-09-03T09:52:51.493592+03:00,_3,c57daf65c80e,Lemesou Ave,Archiepiskopou Makariou III Ave,3
2026-09-03T06:48:00Z,2026-09-03T09:52:51.493592+03:00,_0,6cfc0b6c5e0c,E110,E110 - 1 Apriliou,0
2026-09-03T06:48:00Z,2026-09-03T09:52:51.493592+03:00,_1,a6a9dafb62d8,E110 - 1 Apriliou,E110 - Agias Fylaxeos,4
2026-09-03T06:48:00Z,2026-09-03T09:52:51.493592+03:00,_2,e50ca2ecb1e0,E110 - 1 Apriliou,,3
2026-09-03T06:48:00Z,2026-09-03T09:52:51.493592+03:00,_3,94bd22476a9c,E110 - Agias Fylaxeos,E147 - Archiepiskopou Makariou III Ave,0
2026-09-03T06:48:00Z,2026-09-03T09:52:51.493592+03:00,_4,88697bca4b53,Agias Filaxeos,E147 - Archiepiskopou Makariou III Ave,3
2026-09-03T06:48:00Z,2026-09-03T09:52:51.493592+03:00,_0,a955553ad43f,E147 - Archiepiskopou Makariou III Ave,Agias Filaxeos,0
2026-09-03T06:48:00Z,2026-09-03T09:52:51.493592+03:00,_1,178b09e79f56,E147 - Archiepiskopou Makariou III Ave,Vasileos Georgiou II,2
2026-09-03T06:48:00Z,2026-09-03T09:52:51.493592+03:00,_2,51d9285fca15,Agias Filaxeos,E110,0
2026-09-03T06:48:00Z,2026-09-03T09:52:51.493592+03:00,_0,f3fb9ec01e7d,Leoforos Strovolou,E902 - Proedrikou Megarou Ave,0
2026-09-03T06:48:00Z,2026-09-03T09:52:51.493592+03:00,_1,06b5c0014fcf,Omirou,E902 - Proedrikou Megarou Ave,3
2026-09-03T06:48:00Z,2026-09-03T09:52:51.493592+03:00,_2,96c3ee6a9698,Strovolou Ave,E902 - Proedrikou Megarou Ave,0
2026-09-03T06:48:00Z,2026-09-03T09:52:51.493592+03:00,_0,06afc6492b14,Exit 24 >E127 Germasogeia / E113 Lemesos-Centre,Germasogeia,3
2026-09-03T06:48:00Z,2026-09-03T09:52:51.493592+03:00,_1,3e1d75b9e16e,Agios Athanasios,"to A6 > Pafos, Pafos Airport",0
2026-09-03T06:48:00Z,2026-09-03T09:52:51.493592+03:00,_0,81774b74bf05,,Agios Tychonas,0
2026-09-03T06:48:00Z,2026-09-03T09:52:51.493592+03:00,_1,afd98ea27af1,Agios Tychonas,Parekklisia,2
2026-09-03T06:48:00Z,2026-09-03T09:52:51.493592+03:00,_2,0ce3dce53d16,Parekklisia,Strovolos,0
2026-09-03T06:48:00Z,2026-09-03T09:52:51.493592+03:00,_3,56258ee4f147,Strovolos,Lemesou Ave,4
2026-09-03T06:48:00Z,2026-09-03T09:52:51.493592+03:00,_4,7c50b274239b,Aglantzia,E164 - Armenias,0
2026-09-03T06:48:00Z,2026-09-03T09:52:51.493592+03:00,_5,43f05193c4b0,Lemesou Ave,Archiepiskopou Makariou III Ave,3
2026-09-03T06:48:00Z,2026-09-03T09:52:51.493592+03:00,_6,d7c6c735ba17,Lemesou Ave,B18 - Georgiou Griva Digeni Ave,0
2026-09-03T06:48:00Z,2026-09-03T09:52:51.493592+03:00,_7,91de5cc5bed2,Archiepiskopou Makariou III Ave,B18 - Georgiou Griva Digeni Ave,4
2026-09-03T06:48:00Z,2026-09-03T09:52:51.493592+03:00,_8,bbf67e32aa17,B18 - Georgiou Griva Digeni Ave,Evagorou Ave,0
2026-09-03T11:06:21Z,2026-09-03T14:10:42.797789+03:00,_0,920305ee9a1e,E147 - Archiepiskopou Makariou III Ave,Agias Filaxeos,0
2026-09-03T11:06:21Z,2026-09-03T14:10:42.797789+03:00,_1,a4260c51b19c,Steliou Kyriakidi,,3
2026-09-03T11:06:21Z,2026-09-03T14:10:42.797789+03:00,_2,f5f94ff22484,Agias Filaxeos,E110,0
2026-09-03T11:06:21Z,2026-09-03T14:10:42.797789+03:00,_0,69fc3b9dbbdd,Strovolos,Archiepiskopou Makariou III Ave,0
2026-09-03T11:06:21Z,2026-09-03T14:10:42.797789+03:00,_1,c57daf65c80e,Lemesou Ave,Archiepiskopou Makariou III Ave,2
2026-09-03T11:06:21Z,2026-09-03T14:10:42.797789+03:00,_0,daca33dbcb0d,,Archiepiskopou Makariou III Ave,0
2026-09-03T11:06:21Z,2026-09-03T14:10:42.797789+03:00,_1,43f05193c4b0,Lemesou Ave,Archiepiskopou Makariou III Ave,2
2026-09-03T11:06:21Z,2026-09-03T14:10:42.797789+03:00,_2,8fab7dfc83f0,Lemesou Ave,Evagorou Ave,0
2026-09-03T11:16:53Z,2026-09-03T14:21:48.163095+03:00,_0,07b7eb11e965,E147 - Archiepiskopou Makariou III Ave,E110 - 1 Apriliou,0
2026-09-03T11:16:53Z,2026-09-03T14:21:48.163095+03:00,_1,b8c777372286,E110 - 1 Apriliou,E110 - 1 Apriliou,3
2026-09-03T11:16:53Z,2026-09-03T14:21:48.163095+03:00,_2,15f60bb25351,E110 - 1 Apriliou,E110,0
2026-09-03T11:16:53Z,2026-09-03T14:21:48.163095+03:00,_0,72b03ff9b5bc,E110,E110 - Agias Fylaxeos,0
2026-09-03T11:16:53Z,2026-09-03T14:21:48.163095+03:00,_1,e50ca2ecb1e0,E110 - 1 Apriliou,,2
2026-09-03T11:16:53Z,2026-09-03T14:21:48.163095+03:00,_2,c8792afe581d,E110 - Agias Fylaxeos,E147 - Archiepiskopou Makariou III Ave,0
2026-09-03T11:27:00Z,2026-09-03T14:31:55.561107+03:00,_0,1903b2559960,,Archiepiskopou Makariou III Ave,0
2026-09-03T11:27:00Z,2026-09-03T14:31:55.561107+03:00,_1,660d388bb733,Lemesou Ave,Archiepiskopou Makariou III Ave,2
2026-09-03T11:27:00Z,2026-09-03T14:31:55.561107+03:00,_2,8fab7dfc83f0,Lemesou Ave,Evagorou Ave,0
2026-09-03T11:27:00Z,2026-09-03T14:31:55.561107+03:00,_0,22ab44e87e33,Exit 24 >E127 Germasogeia / E113 Lemesos-Centre,Agios Athanasios,0
2026-09-03T11:27:00Z,2026-09-03T14:31:55.561107+03:00,_1,1f9e4309220a,Agios Athanasios,Agios Athanasios,1
2026-09-03T11:27:00Z,2026-09-03T14:31:55.561107+03:00,_2,e532d87a661f,Mesa Geitonia,"to A6 > Pafos, Pafos Airport",0
2026-09-03T11:37:34Z,2026-09-03T14:42:29.801207+03:00,_0,920305ee9a1e,E147 - Archiepiskopou Makariou III Ave,Agias Filaxeos,0
2026-09-03T11:37:34Z,2026-09-03T14:42:29.801207+03:00,_1,a4260c51b19c,Steliou Kyriakidi,,3
2026-09-03T11:37:34Z,2026-09-03T14:42:29.801207+03:00,_2,f5f94ff22484,Agias Filaxeos,E110,0
2026-09-03T11:47:41Z,2026-09-03T14:52:36.322638+03:00,_0,920305ee9a1e,E147 - Archiepiskopou Makariou III Ave,Agias Filaxeos,0
2026-09-03T11:47:41Z,2026-09-03T14:52:36.322638+03:00,_1,a4260c51b19c,Steliou Kyriakidi,,3
2026-09-03T11:47:41Z,2026-09-03T14:52:36.322638+03:00,_2,f5f94ff22484,Agias Filaxeos,E110,0
2026-09-03T11:47:41Z,2026-09-03T14:52:36.322638+03:00,_0,69fc3b9dbbdd,Strovolos,Archiepiskopou Makariou III Ave,0
2026-09-03T11:47:41Z,2026-09-03T14:52:36.322638+03:00,_1,c57daf65c80e,Lemesou Ave,Archiepiskopou Makariou III Ave,3
2026-09-03T11:47:41Z,2026-09-03T14:52:36.322638+03:00,_0,72b03ff9b5bc,E110,E110 - Agias Fylaxeos,0
2026-09-03T11:47:41Z,2026-09-03T14:52:36.322638+03:00,_1,e50ca2ecb1e0,E110 - 1 Apriliou,,3
2026-09-03T11:47:41Z,2026-09-03T14:52:36.322638+03:00,_2,a00391c2d0b8,E110 - Agias Fylaxeos,E114 - Agias Zonis,0
2026-09-03T11:47:41Z,2026-09-03T14:52:36.322638+03:00,_0,daca33dbcb0d,,Archiepiskopou Makariou III Ave,0
2026-09-03T11:47:41Z,2026-09-03T14:52:36.322638+03:00,_1,43f05193c4b0,Lemesou Ave,Archiepiskopou Makariou III Ave,3
2026-09-03T11:47:41Z,2026-09-03T14:52:36.322638+03:00,_2,8fab7dfc83f0,Lemesou Ave,Evagorou Ave,0
2026-09-03T11:57:48Z,2026-09-03T15:02:43.484679+03:00,_0,920305ee9a1e,E147 - Archiepiskopou Makariou III Ave,Agias Filaxeos,0
2026-09-03T11:57:48Z,2026-09-03T15:02:43.484679+03:00,_1,a4260c51b19c,Steliou Kyriakidi,,3
2026-09-03T11:57:48Z,2026-09-03T15:02:43.484679+03:00,_2,f5f94ff22484,Agias Filaxeos,E110,0
2026-09-03T11:57:48Z,2026-09-03T15:02:43.484679+03:00,_0,69fc3b9dbbdd,Strovolos,Archiepiskopou Makariou III Ave,0
2026-09-03T11:57:48Z,2026-09-03T15:02:43.484679+03:00,_1,c57daf65c80e,Lemesou Ave,Archiepiskopou Makariou III Ave,3
2026-09-03T11:57:48Z,2026-09-03T15:02:43.484679+03:00,_0,f2dad27e0b2c,E110,E110 - 1 Apriliou,0
2026-09-03T11:57:48Z,2026-09-03T15:02:43.484679+03:00,_1,0bc8a04884b8,E110 - 1 Apriliou,E110 - 1 Apriliou,2
2026-09-03T11:57:48Z,2026-09-03T15:02:43.484679+03:00,_2,c9decce66ab6,E110 - Eleftherias,E147 - Archiepiskopou Makariou III Ave,0
2026-09-03T11:57:48Z,2026-09-03T15:02:43.484679+03:00,_0,daca33dbcb0d,,Archiepiskopou Makariou III Ave,0
2026-09-03T11:57:48Z,2026-09-03T15:02:43.484679+03:00,_1,43f05193c4b0,Lemesou Ave,Archiepiskopou Makariou III Ave,3
2026-09-03T11:57:48Z,2026-09-03T15:02:43.484679+03:00,_2,8fab7dfc83f0,Lemesou Ave,Evagorou Ave,0
2026-09-03T12:07:58Z,2026-09-03T15:12:53.591702+03:00,_0,920305ee9a1e,E147 - Archiepiskopou Makariou III Ave,Agias Filaxeos,0
2026-09-03T12:07:58Z,2026-09-03T15:12:53.591702+03:00,_1,a4260c51b19c,Steliou Kyriakidi,,4
2026-09-03T12:07:58Z,2026-09-03T15:12:53.591702+03:00,_2,f5f94ff22484,Agias Filaxeos,E110,0
2026-09-03T12:07:58Z,2026-09-03T15:12:53.591702+03:00,_0,acb430b8e822,Strovolos,Archiepiskopou Makariou III Ave,0
2026-09-03T12:07:58Z,2026-09-03T15:12:53.591702+03:00,_1,394713f228bd,Lemesou Ave,Lemesou Ave,2
2026-09-03T12:07:58Z,2026-09-03T15:12:53.591702+03:00,_0,f2dad27e0b2c,E110,E110 - 1 Apriliou,0
2026-09-03T12:07:58Z,2026-09-03T15:12:53.591702+03:00,_1,0bc8a04884b8,E110 - 1 Apriliou,E110 - 1 Apriliou,1
2026-09-03T12:07:58Z,2026-09-03T15:12:53.591702+03:00,_2,fd45005c0469,E110 - Eleftherias,E114 - Agias Zonis,0
2026-09-03T12:07:58Z,2026-09-03T15:12:53.591702+03:00,_0,6311136a7b90,,Archiepiskopou Makariou III Ave,0
2026-09-03T12:07:58Z,2026-09-03T15:12:53.591702+03:00,_1,6efde239cabf,Lemesou Ave,Archiepiskopou Makariou III Ave,2
2026-09-03T12:07:58Z,2026-09-03T15:12:53.591702+03:00,_2,8fab7dfc83f0,Lemesou Ave,Evagorou Ave,0
2026-09-03T12:07:58Z,2026-09-03T15:12:53.591702+03:00,_0,f914fff2547b,Leoforos Strovolou,E902 - Proedrikou Megarou Ave,0
2026-09-03T12:07:58Z,2026-09-03T15:12:53.591702+03:00,_1,568786a5b245,Strovolou Ave,Strovolou Ave,1
2026-09-03T12:07:58Z,2026-09-03T15:12:53.591702+03:00,_2,2e2860fdee90,Strovolou Ave,E902 - Proedrikou Megarou Ave,2
2026-09-03T12:07:58Z,2026-09-03T15:12:53.591702+03:00,_3,c6ac6530f2b9,Strovolou Ave,E902 - Proedrikou Megarou Ave,0
2026-09-03T12:07:58Z,2026-09-03T15:12:53.591702+03:00,_0,2459eb632a9a,Exit 24 >E127 Germasogeia / E113 Lemesos-Centre,Lemesos,0
2026-09-03T12:07:58Z,2026-09-03T15:12:53.591702+03:00,_1,e1dac3423766,Lemesos,Lemesos,2
2026-09-03T12:07:58Z,2026-09-03T15:12:53.591702+03:00,_2,ef93f4872b51,Lemesos,"to A6 > Pafos, Pafos Airport",0
2026-09-03T12:18:11Z,2026-09-03T15:23:06.067731+03:00,_0,920305ee9a1e,E147 - Archiepiskopou Makariou III Ave,Agias Filaxeos,0
2026-09-03T12:18:11Z,2026-09-03T15:23:06.067731+03:00,_1,a4260c51b19c,Steliou Kyriakidi,,4
2026-09-03T12:18:11Z,2026-09-03T15:23:06.067731+03:00,_2,f5f94ff22484,Agias Filaxeos,E110,0
2026-09-03T12:18:11Z,2026-09-03T15:23:06.067731+03:00,_0,69fc3b9dbbdd,Strovolos,Archiepiskopou Makariou III Ave,0
2026-09-03T12:18:11Z,2026-09-03T15:23:06.067731+03:00,_1,c57daf65c80e,Lemesou Ave,Archiepiskopou Makariou III Ave,2
2026-09-03T12:18:11Z,2026-09-03T15:23:06.067731+03:00,_0,df567d5dbf59,E110,E110 - Agias Fylaxeos,0
2026-09-03T12:18:11Z,2026-09-03T15:23:06.067731+03:00,_1,883ce04f7136,E110 - 1 Apriliou,,3
2026-09-03T12:18:11Z,2026-09-03T15:23:06.067731+03:00,_2,73c10e640ed1,E110 - Agias Fylaxeos,E147 - Archiepiskopou Makariou III Ave,0
2026-09-03T12:18:11Z,2026-09-03T15:23:06.067731+03:00,_3,676c339d8b55,Agias Filaxeos,E147 - Archiepiskopou Makariou III Ave,3
2026-09-03T12:18:11Z,2026-09-03T15:23:06.067731+03:00,_0,daca33dbcb0d,,Archiepiskopou Makariou III Ave,0
2026-09-03T12:18:11Z,2026-09-03T15:23:06.067731+03:00,_1,43f05193c4b0,Lemesou Ave,Archiepiskopou Makariou III Ave,2
2026-09-03T12:18:11Z,2026-09-03T15:23:06.067731+03:00,_2,8fab7dfc83f0,Lemesou Ave,Evagorou Ave,0
2026-09-03T12:18:11Z,2026-09-03T15:23:06.067731+03:00,_0,22ab44e87e33,Exit 24 >E127 Germasogeia / E113 Lemesos-Centre,Agios Athanasios,0
2026-09-03T12:18:11Z,2026-09-03T15:23:06.067731+03:00,_1,1f9e4309220a,Agios Athanasios,Agios Athanasios,1
2026-09-03T12:18:11Z,2026-09-03T15:23:06.067731+03:00,_2,e532d87a661f,Mesa Geitonia,"to A6 > Pafos, Pafos Airport",0
2026-09-03T12:28:18Z,2026-09-03T15:33:13.589053+03:00,_0,920305ee9a1e,E147 - Archiepiskopou Makariou III Ave,Agias Filaxeos,0
2026-09-03T12:28:18Z,2026-09-03T15:33:13.589053+03:00,_1,a4260c51b19c,Steliou Kyriakidi,,4
2026-09-03T12:28:18Z,2026-09-03T15:33:13.589053+03:00,_2,f780373a5188,Agias Filaxeos,E110 - Agias Fylaxeos,1
2026-09-03T12:28:18Z,2026-09-03T15:33:13.589053+03:00,_3,3e0cf08e2535,,E110,0
2026-09-03T12:28:18Z,2026-09-03T15:33:13.589053+03:00,_0,69fc3b9dbbdd,Strovolos,Archiepiskopou Makariou III Ave,0
2026-09-03T12:28:18Z,2026-09-03T15:33:13.589053+03:00,_1,c57daf65c80e,Lemesou Ave,Archiepiskopou Makariou III Ave,2
2026-09-03T12:28:18Z,2026-09-03T15:33:13.589053+03:00,_0,db379abb1dc7,Georgiou Neofytou,Spyrou Kyprianou Ave,0
2026-09-03T12:28:18Z,2026-09-03T15:33:13.589053+03:00,_1,bb8e26f01eed,Spyrou Kyprianou Ave,Spyrou Kyprianou Ave,3
2026-09-03T12:28:18Z,2026-09-03T15:33:13.589053+03:00,_2,170ca50cf9c5,Spyrou Kyprianou Ave,Angelou Vlachou,0
2026-09-03T12:28:18Z,2026-09-03T15:33:13.589053+03:00,_0,daca33dbcb0d,,Archiepiskopou Makariou III Ave,0
2026-09-03T12:28:18Z,2026-09-03T15:33:13.589053+03:00,_1,43f05193c4b0,Lemesou Ave,Archiepiskopou Makariou III Ave,2
2026-09-03T12:28:18Z,2026-09-03T15:33:13.589053+03:00,_2,8fab7dfc83f0,Lemesou Ave,Evagorou Ave,0
2026-09-03T12:28:18Z,2026-09-03T15:33:13.589053+03:00,_0,f914fff2547b,Leoforos Strovolou,E902 - Proedrikou Megarou Ave,0
2026-09-03T12:28:18Z,2026-09-03T15:33:13.589053+03:00,_1,c04a316c4fdd,Strovolou Ave,E902 - Proedrikou Megarou Ave,3
2026-09-03T12:28:18Z,2026-09-03T15:33:13.589053+03:00,_2,c6ac6530f2b9,Strovolou Ave,E902 - Proedrikou Megarou Ave,0
2026-09-03T12:28:18Z,2026-09-03T15:33:13.589053+03:00,_0,06afc6492b14,Exit 24 >E127 Germasogeia / E113 Lemesos-Centre,Germasogeia,1
2026-09-03T12:28:18Z,2026-09-03T15:33:13.589053+03:00,_1,3e1d75b9e16e,Agios Athanasios,"to A6 > Pafos, Pafos Airport",0
2026-09-03T12:38:27Z,2026-09-03T15:43:22.665899+03:00,_0,69fc3b9dbbdd,Strovolos,Archiepiskopou Makariou III Ave,0
2026-09-03T12:38:27Z,2026-09-03T15:43:22.665899+03:00,_1,c57daf65c80e,Lemesou Ave,Archiepiskopou Makariou III Ave,3
2026-09-03T12:38:27Z,2026-09-03T15:43:22.665899+03:00,_0,137f66eaa4ab,E147 - Archiepiskopou Makariou III Ave,Agias Filaxeos,3
2026-09-03T12:38:27Z,2026-09-03T15:43:22.665899+03:00,_1,01294ef49009,E147 - Archiepiskopou Makariou III Ave,Agias Filaxeos,0
2026-09-03T12:38:27Z,2026-09-03T15:43:22.665899+03:00,_2,a4260c51b19c,Steliou Kyriakidi,,4
2026-09-03T12:38:27Z,2026-09-03T15:43:22.665899+03:00,_3,f5f94ff22484,Agias Filaxeos,E110,0
2026-09-03T12:38:27Z,2026-09-03T15:43:22.665899+03:00,_0,daca33dbcb0d,,Archiepiskopou Makariou III Ave,0
2026-09-03T12:38:27Z,2026-09-03T15:43:22.665899+03:00,_1,43f05193c4b0,Lemesou Ave,Archiepiskopou Makariou III Ave,3
2026-09-03T12:38:27Z,2026-09-03T15:43:22.665899+03:00,_2,7e9e53411917,Lemesou Ave,E1302 - Nikis Ave,0
2026-09-03T12:38:27Z,2026-09-03T15:43:22.665899+03:00,_3,910016111853,B18 - Georgiou Griva Digeni Ave,B18 - Georgiou Griva Digeni Ave,4
2026-09-03T12:38:27Z,2026-09-03T15:43:22.665899+03:00,_4,bd5c9c327179,B18 - Georgiou Griva Digeni Ave,E165 - Diagorou,2
2026-09-03T12:38:27Z,2026-09-03T15:43:22.665899+03:00,_5,76dbed895c05,E165 - Themistokli Dervi,Evagorou Ave,0
2026-09-03T12:38:27Z,2026-09-03T15:43:22.665899+03:00,_0,06afc6492b14,Exit 24 >E127 Germasogeia / E113 Lemesos-Centre,Germasogeia,1
2026-09-03T12:38:27Z,2026-09-03T15:43:22.665899+03:00,_1,307257218b8f,Agios Athanasios,Lemesos,0
2026-09-03T12:38:27Z,2026-09-03T15:43:22.665899+03:00,_2,e1dac3423766,Lemesos,Lemesos,2
2026-09-03T12:38:27Z,2026-09-03T15:43:22.665899+03:00,_3,ef93f4872b51,Lemesos,"to A6 > Pafos, Pafos Airport",0
2026-09-03T12:48:34Z,2026-09-03T15:53:29.846955+03:00,_0,fe72ea2b224f,Strovolos,Lemesou Ave,0
2026-09-03T12:48:34Z,2026-09-03T15:53:29.846955+03:00,_1,1c3025f6d361,Strovolos,Lemesou Ave,4
2026-09-03T12:48:34Z,2026-09-03T15:53:29.846955+03:00,_2,7c50b274239b,Aglantzia,E164 - Armenias,0
2026-09-03T12:48:34Z,2026-09-03T15:53:29.846955+03:00,_3,c57daf65c80e,Lemesou Ave,Archiepiskopou Makariou III Ave,3
2026-09-03T12:48:34Z,2026-09-03T15:53:29.846955+03:00,_0,2455e8639f1b,E147 - Archiepiskopou Makariou III Ave,Agias Filaxeos,3
2026-09-03T12:48:34Z,2026-09-03T15:53:29.846955+03:00,_1,b5e6d24a171b,E147 - Archiepiskopou Makariou III Ave,Agias Filaxeos,0
2026-09-03T12:48:34Z,2026-09-03T15:53:29.846955+03:00,_2,57ae009fa94e,Agias Filaxeos,Agias Filaxeos,2
2026-09-03T12:48:34Z,2026-09-03T15:53:29.846955+03:00,_3,bbd3d4041441,Agias Filaxeos,Agias Filaxeos,0
2026-09-03T12:48:34Z,2026-09-03T15:53:29.846955+03:00,_4,a4260c51b19c,Steliou Kyriakidi,,4
2026-09-03T12:48:34Z,2026-09-03T15:53:29.846955+03:00,_5,4f3009251d32,Agias Filaxeos,E110 - Agias Fylaxeos,1
2026-09-03T12:48:34Z,2026-09-03T15:53:29.846955+03:00,_6,d36d0a668921,E110 - Agias Fylaxeos,E110 - 1 Apriliou,0
2026-09-03T12:48:34Z,2026-09-03T15:53:29.846955+03:00,_7,9fa3ba27c775,E110 - Agias Fylaxeos,E110 - 1 Apriliou,1
2026-09-03T12:48:34Z,2026-09-03T15:53:29.846955+03:00,_8,4acaef97cfb7,E110 - 1 Apriliou,E110,0
2026-09-03T12:48:34Z,2026-09-03T15:53:29.846955+03:00,_0,06afc6492b14,Exit 24 >E127 Germasogeia / E113 Lemesos-Centre,Germasogeia,2
2026-09-03T12:48:34Z,2026-09-03T15:53:29.846955+03:00,_1,3e1d75b9e16e,Agios Athanasios,"to A6 > Pafos, Pafos Airport",0
2026-09-03T12:48:34Z,2026-09-03T15:53:29.846955+03:00,_0,d0dc64f54734,,Lemesou Ave,0
2026-09-03T12:48:34Z,2026-09-03T15:53:29.846955+03:00,_1,1c3025f6d361,Strovolos,Lemesou Ave,4
2026-09-03T12:48:34Z,2026-09-03T15:53:29.846955+03:00,_2,7c50b274239b,Aglantzia,E164 - Armenias,0
2026-09-03T12:48:34Z,2026-09-03T15:53:29.846955+03:00,_3,43f05193c4b0,Lemesou Ave,Archiepiskopou Makariou III Ave,3
2026-09-03T12:48:34Z,2026-09-03T15:53:29.846955+03:00,_4,7e9e53411917,Lemesou Ave,E1302 - Nikis Ave,0
2026-09-03T12:48:34Z,2026-09-03T15:53:29.846955+03:00,_5,910016111853,B18 - Georgiou Griva Digeni Ave,B18 - Georgiou Griva Digeni Ave,4
2026-09-03T12:48:34Z,2026-09-03T15:53:29.846955+03:00,_6,bbf67e32aa17,B18 - Georgiou Griva Digeni Ave,Evagorou Ave,0
2026-09-03T12:48:34Z,2026-09-03T15:53:29.846955+03:00,_0,04e0d90cca46,Leoforos Strovolou,E902 - Proedrikou Megarou Ave,0
2026-09-03T12:48:34Z,2026-09-03T15:53:29.846955+03:00,_1,2e2860fdee90,Strovolou Ave,E902 - Proedrikou Megarou Ave,3
2026-09-03T12:48:34Z,2026-09-03T15:53:29.846955+03:00,_2,c6ac6530f2b9,Strovolou Ave,E902 - Proedrikou Megarou Ave,0
2026-09-03T12:58:41Z,2026-09-03T16:03:37.431691+03:00,_0,fe72ea2b224f,Strovolos,Lemesou Ave,0
2026-09-03T12:58:41Z,2026-09-03T16:03:37.431691+03:00,_1,1c3025f6d361,Strovolos,Lemesou Ave,4
2026-09-03T12:58:41Z,2026-09-03T16:03:37.431691+03:00,_2,7c50b274239b,Aglantzia,E164 - Armenias,0
2026-09-03T12:58:41Z,2026-09-03T16:03:37.431691+03:00,_3,c57daf65c80e,Lemesou Ave,Archiepiskopou Makariou III Ave,3
2026-09-03T12:58:41Z,2026-09-03T16:03:37.431691+03:00,_0,920305ee9a1e,E147 - Archiepiskopou Makariou III Ave,Agias Filaxeos,0
2026-09-03T12:58:41Z,2026-09-03T16:03:37.431691+03:00,_1,a4260c51b19c,Steliou Kyriakidi,,4
2026-09-03T12:58:41Z,2026-09-03T16:03:37.431691+03:00,_2,da3e19c838d1,Agias Filaxeos,,0
2026-09-03T12:58:41Z,2026-09-03T16:03:37.431691+03:00,_3,3085fde8fe93,Agias Filaxeos,E110 - Agias Fylaxeos,2
2026-09-03T12:58:41Z,2026-09-03T16:03:37.431691+03:00,_4,3e0cf08e2535,,E110,0
2026-09-03T12:58:41Z,2026-09-03T16:03:37.431691+03:00,_0,72b03ff9b5bc,E110,E110 - Agias Fylaxeos,0
2026-09-03T12:58:41Z,2026-09-03T16:03:37.431691+03:00,_1,e50ca2ecb1e0,E110 - 1 Apriliou,,3
2026-09-03T12:58:41Z,2026-09-03T16:03:37.431691+03:00,_2,fe74d39c2bdb,E110 - Agias Fylaxeos,Agias Filaxeos,2
2026-09-03T12:58:41Z,2026-09-03T16:03:37.431691+03:00,_3,7d0067657331,Agias Filaxeos,Vasileos Georgiou II,0
2026-09-03T12:58:41Z,2026-09-03T16:03:37.431691+03:00,_4,93bab9072d0f,Agias Filaxeos,Vasileos Georgiou II,2
2026-09-03T12:58:41Z,2026-09-03T16:03:37.431691+03:00,_5,a17c98a96a94,Agiou Ilarionos,E114 - Agias Zonis,0
2026-09-03T12:58:41Z,2026-09-03T16:03:37.431691+03:00,_0,d6074089d8ef,Exit 24 >E127 Germasogeia / E113 Lemesos-Centre,A6,2
2026-09-03T12:58:41Z,2026-09-03T16:03:37.431691+03:00,_1,ef93f4872b51,Lemesos,"to A6 > Pafos, Pafos Airport",0
2026-09-03T12:58:41Z,2026-09-03T16:03:37.431691+03:00,_0,d0dc64f54734,,Lemesou Ave,0
2026-09-03T12:58:41Z,2026-09-03T16:03:37.431691+03:00,_1,1c3025f6d361,Strovolos,Lemesou Ave,4
2026-09-03T12:58:41Z,2026-09-03T16:03:37.431691+03:00,_2,7c50b274239b,Aglantzia,E164 - Armenias,0
2026-09-03T12:58:41Z,2026-09-03T16:03:37.431691+03:00,_3,43f05193c4b0,Lemesou Ave,Archiepiskopou Makariou III Ave,3
2026-09-03T12:58:41Z,2026-09-03T16:03:37.431691+03:00,_4,5aa9f8d8c10c,Lemesou Ave,Archiepiskopou Makariou III Ave,0
2026-09-03T12:58:41Z,2026-09-03T16:03:37.431691+03:00,_5,e416e06b7bb8,Archiepiskopou Makariou III Ave,B18 - Georgiou Griva Digeni Ave,3
2026-09-03T12:58:41Z,2026-09-03T16:03:37.431691+03:00,_6,e1beab30434a,Archiepiskopou Makariou III Ave,Evagorou Ave,0
2026-09-03T13:08:51Z,2026-09-03T16:13:46.913175+03:00,_0,69fc3b9dbbdd,Strovolos,Archiepiskopou Makariou III Ave,0
2026-09-03T13:08:51Z,2026-09-03T16:13:46.913175+03:00,_1,c57daf65c80e,Lemesou Ave,Archiepiskopou Makariou III Ave,3
2026-09-03T13:08:51Z,2026-09-03T16:13:46.913175+03:00,_0,920305ee9a1e,E147 - Archiepiskopou Makariou III Ave,Agias Filaxeos,0
2026-09-03T13:08:51Z,2026-09-03T16:13:46.913175+03:00,_1,a4260c51b19c,Steliou Kyriakidi,,4
2026-09-03T13:08:51Z,2026-09-03T16:13:46.913175+03:00,_2,f5f94ff22484,Agias Filaxeos,E110,0
2026-09-03T13:08:51Z,2026-09-03T16:13:46.913175+03:00,_0,72b03ff9b5bc,E110,E110 - Agias Fylaxeos,0
2026-09-03T13:08:51Z,2026-09-03T16:13:46.913175+03:00,_1,e50ca2ecb1e0,E110 - 1 Apriliou,,2
2026-09-03T13:08:51Z,2026-09-03T16:13:46.913175+03:00,_2,9cb3d529d6b9,E110 - Agias Fylaxeos,E147 - Archiepiskopou Makariou III Ave,0
2026-09-03T13:08:51Z,2026-09-03T16:13:46.913175+03:00,_3,e713c7488bdd,Agias Filaxeos,E147 - Archiepiskopou Makariou III Ave,3
2026-09-03T13:08:51Z,2026-09-03T16:13:46.913175+03:00,_0,f2e7dbbab450,Exit 24 >E127 Germasogeia / E113 Lemesos-Centre,Mesa Geitonia,2
2026-09-03T13:08:51Z,2026-09-03T16:13:46.913175+03:00,_1,0df26c3b855b,Lemesos,"to A6 > Pafos, Pafos Airport",0
2026-09-03T13:08:51Z,2026-09-03T16:13:46.913175+03:00,_0,daca33dbcb0d,,Archiepiskopou Makariou III Ave,0
2026-09-03T13:08:51Z,2026-09-03T16:13:46.913175+03:00,_1,43f05193c4b0,Lemesou Ave,Archiepiskopou Makariou III Ave,3
2026-09-03T13:08:51Z,2026-09-03T16:13:46.913175+03:00,_2,8fab7dfc83f0,Lemesou Ave,Evagorou Ave,0
2026-09-03T13:19:02Z,2026-09-03T16:23:58.399244+03:00,_0,fe72ea2b224f,Strovolos,Lemesou Ave,0
2026-09-03T13:19:02Z,2026-09-03T16:23:58.399244+03:00,_1,1c3025f6d361,Strovolos,Lemesou Ave,4
2026-09-03T13:19:02Z,2026-09-03T16:23:58.399244+03:00,_2,91c59b752c97,Aglantzia,E164 - Armenias,0
2026-09-03T13:19:02Z,2026-09-03T16:23:58.399244+03:00,_3,a95604920bd3,E164 - Armenias,Archiepiskopou Makariou III Ave,3
2026-09-03T13:19:02Z,2026-09-03T16:23:58.399244+03:00,_0,db379abb1dc7,Georgiou Neofytou,Spyrou Kyprianou Ave,0
2026-09-03T13:19:02Z,2026-09-03T16:23:58.399244+03:00,_1,d485409681ec,Spyrou Kyprianou Ave,Spyrou Kyprianou Ave,3
2026-09-03T13:19:02Z,2026-09-03T16:23:58.399244+03:00,_2,b16f06e86626,Spyrou Kyprianou Ave,Angelou Vlachou,0
2026-09-03T13:19:02Z,2026-09-03T16:23:58.399244+03:00,_0,920305ee9a1e,E147 - Archiepiskopou Makariou III Ave,Agias Filaxeos,0
2026-09-03T13:19:02Z,2026-09-03T16:23:58.399244+03:00,_1,a4260c51b19c,Steliou Kyriakidi,,4
2026-09-03T13:19:02Z,2026-09-03T16:23:58.399244+03:00,_2,f5f94ff22484,Agias Filaxeos,E110,0
2026-09-03T13:19:02Z,2026-09-03T16:23:58.399244+03:00,_0,31c9b775d03b,E110,E110 - Agias Fylaxeos,0
2026-09-03T13:19:02Z,2026-09-03T16:23:58.399244+03:00,_1,9f80d2b8e678,E110 - 1 Apriliou,,3
2026-09-03T13:19:02Z,2026-09-03T16:23:58.399244+03:00,_2,81fb5f0f999a,E110 - Agias Fylaxeos,E147 - Archiepiskopou Makariou III Ave,0
2026-09-03T13:19:02Z,2026-09-03T16:23:58.399244+03:00,_3,f36b97dd89de,Agias Filaxeos,E147 - Archiepiskopou Makariou III Ave,4
2026-09-03T13:19:02Z,2026-09-03T16:23:58.399244+03:00,_0,68ba8c9365ac,Exit 24 >E127 Germasogeia / E113 Lemesos-Centre,Germasogeia,0
2026-09-03T13:19:02Z,2026-09-03T16:23:58.399244+03:00,_1,ed2e5baafa69,Exit 24 >E127 Germasogeia / E113 Lemesos-Centre,A6,1
2026-09-03T13:19:02Z,2026-09-03T16:23:58.399244+03:00,_2,ef93f4872b51,Lemesos,"to A6 > Pafos, Pafos Airport",0
2026-09-03T13:19:02Z,2026-09-03T16:23:58.399244+03:00,_0,d0dc64f54734,,Lemesou Ave,0
2026-09-03T13:19:02Z,2026-09-03T16:23:58.399244+03:00,_1,1c3025f6d361,Strovolos,Lemesou Ave,4
2026-09-03T13:19:02Z,2026-09-03T16:23:58.399244+03:00,_2,91c59b752c97,Aglantzia,E164 - Armenias,0
2026-09-03T13:19:02Z,2026-09-03T16:23:58.399244+03:00,_3,265266c3e024,E164 - Armenias,Archiepiskopou Makariou III Ave,3
2026-09-03T13:19:02Z,2026-09-03T16:23:58.399244+03:00,_4,7e9e53411917,Lemesou Ave,E1302 - Nikis Ave,0
2026-09-03T13:19:02Z,2026-09-03T16:23:58.399244+03:00,_5,910016111853,B18 - Georgiou Griva Digeni Ave,B18 - Georgiou Griva Digeni Ave,4
2026-09-03T13:19:02Z,2026-09-03T16:23:58.399244+03:00,_6,bbf67e32aa17,B18 - Georgiou Griva Digeni Ave,Evagorou Ave,0
2026-09-03T13:19:02Z,2026-09-03T16:23:58.399244+03:00,_0,8722f7172fdb,Leoforos Strovolou,E902 - Proedrikou Megarou Ave,0
2026-09-03T13:19:02Z,2026-09-03T16:23:58.399244+03:00,_1,886b339bc694,Strovolou Ave,E902 - Proedrikou Megarou Ave,3
2026-09-03T13:19:02Z,2026-09-03T16:23:58.399244+03:00,_2,c6ac6530f2b9,Strovolou Ave,E902 - Proedrikou Megarou Ave,0
2026-09-03T13:29:10Z,2026-09-03T16:34:05.675384+03:00,_0,fe72ea2b224f,Strovolos,Lemesou Ave,0
2026-09-03T13:29:10Z,2026-09-03T16:34:05.675384+03:00,_1,1c3025f6d361,Strovolos,Lemesou Ave,4
2026-09-03T13:29:10Z,2026-09-03T16:34:05.675384+03:00,_2,7c50b274239b,Aglantzia,E164 - Armenias,0
2026-09-03T13:29:10Z,2026-09-03T16:34:05.675384+03:00,_3,c57daf65c80e,Lemesou Ave,Archiepiskopou Makariou III Ave,3
2026-09-03T13:29:10Z,2026-09-03T16:34:05.675384+03:00,_0,920305ee9a1e,E147 - Archiepiskopou Makariou III Ave,Agias Filaxeos,0
2026-09-03T13:29:10Z,2026-09-03T16:34:05.675384+03:00,_1,a4260c51b19c,Steliou Kyriakidi,,4
2026-09-03T13:29:10Z,2026-09-03T16:34:05.675384+03:00,_2,f5f94ff22484,Agias Filaxeos,E110,0
2026-09-03T13:29:10Z,2026-09-03T16:34:05.675384+03:00,_0,df567d5dbf59,E110,E110 - Agias Fylaxeos,0
2026-09-03T13:29:10Z,2026-09-03T16:34:05.675384+03:00,_1,883ce04f7136,E110 - 1 Apriliou,,4
2026-09-03T13:29:10Z,2026-09-03T16:34:05.675384+03:00,_2,94bd22476a9c,E110 - Agias Fylaxeos,E147 - Archiepiskopou Makariou III Ave,0
2026-09-03T13:29:10Z,2026-09-03T16:34:05.675384+03:00,_3,88697bca4b53,Agias Filaxeos,E147 - Archiepiskopou Makariou III Ave,3
2026-09-03T13:29:10Z,2026-09-03T16:34:05.675384+03:00,_0,d0dc64f54734,,Lemesou Ave,0
2026-09-03T13:29:10Z,2026-09-03T16:34:05.675384+03:00,_1,1c3025f6d361,Strovolos,Lemesou Ave,4
2026-09-03T13:29:10Z,2026-09-03T16:34:05.675384+03:00,_2,7c50b274239b,Aglantzia,E164 - Armenias,0
2026-09-03T13:29:10Z,2026-09-03T16:34:05.675384+03:00,_3,43f05193c4b0,Lemesou Ave,Archiepiskopou Makariou III Ave,3
2026-09-03T13:29:10Z,2026-09-03T16:34:05.675384+03:00,_4,8fab7dfc83f0,Lemesou Ave,Evagorou Ave,0
2026-09-03T13:29:10Z,2026-09-03T16:34:05.675384+03:00,_0,06afc6492b14,Exit 24 >E127 Germasogeia / E113 Lemesos-Centre,Germasogeia,0
2026-09-03T13:29:10Z,2026-09-03T16:34:05.675384+03:00,_1,c0f129731113,Agios Athanasios,Mesa Geitonia,1
2026-09-03T13:29:10Z,2026-09-03T16:34:05.675384+03:00,_2,e217100ddcd4,Lemesos,Lemesos,0
2026-09-03T13:29:10Z,2026-09-03T16:34:05.675384+03:00,_3,e1dac3423766,Lemesos,Lemesos,2
2026-09-03T13:29:10Z,2026-09-03T16:34:05.675384+03:00,_4,ef93f4872b51,Lemesos,"to A6 > Pafos, Pafos Airport",0
2026-09-03T13:39:19Z,2026-09-03T16:44:14.873612+03:00,_0,fe72ea2b224f,Strovolos,Lemesou Ave,0
2026-09-03T13:39:19Z,2026-09-03T16:44:14.873612+03:00,_1,1c3025f6d361,Strovolos,Lemesou Ave,4
2026-09-03T13:39:19Z,2026-09-03T16:44:14.873612+03:00,_2,7c50b274239b,Aglantzia,E164 - Armenias,0
2026-09-03T13:39:19Z,2026-09-03T16:44:14.873612+03:00,_3,c57daf65c80e,Lemesou Ave,Archiepiskopou Makariou III Ave,3
2026-09-03T13:39:19Z,2026-09-03T16:44:14.873612+03:00,_0,15ae2e1d5817,E147 - Archiepiskopou Makariou III Ave,Agias Filaxeos,0
2026-09-03T13:39:19Z,2026-09-03T16:44:14.873612+03:00,_1,e0103df7d76d,Agias Filaxeos,Agias Filaxeos,3
2026-09-03T13:39:19Z,2026-09-03T16:44:14.873612+03:00,_2,bbd3d4041441,Agias Filaxeos,Agias Filaxeos,0
2026-09-03T13:39:19Z,2026-09-03T16:44:14.873612+03:00,_3,a4260c51b19c,Steliou Kyriakidi,,4
2026-09-03T13:39:19Z,2026-09-03T16:44:14.873612+03:00,_4,f5f94ff22484,Agias Filaxeos,E110,0
2026-09-03T13:39:19Z,2026-09-03T16:44:14.873612+03:00,_0,92a354a8d94a,Leoforos Strovolou,E950 - Giannou Kranidioti,0
2026-09-03T13:39:19Z,2026-09-03T16:44:14.873612+03:00,_1,bc3172fccafa,E950 - Giannou Kranidioti,,4
2026-09-03T13:39:19Z,2026-09-03T16:44:14.873612+03:00,_2,3d4bb6787bac,E148 - Melinas Merkouri,E902 - Proedrikou Megarou Ave,0
2026-09-03T13:39:19Z,2026-09-03T16:44:14.873612+03:00,_0,431f99d1e0ab,E110,E110 - Agias Fylaxeos,0
2026-09-03T13:39:19Z,2026-09-03T16:44:14.873612+03:00,_1,b8e1983f3a68,E110 - Agias Fylaxeos,,3
2026-09-03T13:39:19Z,2026-09-03T16:44:14.873612+03:00,_2,19d45cd96312,E110 - Agias Fylaxeos,E147 - Archiepiskopou Makariou III Ave,0
2026-09-03T13:39:19Z,2026-09-03T16:44:14.873612+03:00,_3,535964c57235,Apostolon Petrou kai Pavlou,E147 - Archiepiskopou Makariou III Ave,3
2026-09-03T13:39:19Z,2026-09-03T16:44:14.873612+03:00,_0,d0dc64f54734,,Lemesou Ave,0
2026-09-03T13:39:19Z,2026-09-03T16:44:14.873612+03:00,_1,1c3025f6d361,Strovolos,Lemesou Ave,4
2026-09-03T13:39:19Z,2026-09-03T16:44:14.873612+03:00,_2,7c50b274239b,Aglantzia,E164 - Armenias,0
2026-09-03T13:39:19Z,2026-09-03T16:44:14.873612+03:00,_3,43f05193c4b0,Lemesou Ave,Archiepiskopou Makariou III Ave,3
2026-09-03T13:39:19Z,2026-09-03T16:44:14.873612+03:00,_4,216090995857,Lemesou Ave,B18 - Digeni Akrita Ave,0
2026-09-03T13:39:19Z,2026-09-03T16:44:14.873612+03:00,_5,95344851cee7,Archiepiskopou Makariou III Ave,B18 - Georgiou Griva Digeni Ave,3
2026-09-03T13:39:19Z,2026-09-03T16:44:14.873612+03:00,_6,7c1a88e2db2c,Archiepiskopou Makariou III Ave,E1302 - Nikis Ave,0
2026-09-03T13:39:19Z,2026-09-03T16:44:14.873612+03:00,_7,910016111853,B18 - Georgiou Griva Digeni Ave,B18 - Georgiou Griva Digeni Ave,4
2026-09-03T13:39:19Z,2026-09-03T16:44:14.873612+03:00,_8,bbf67e32aa17,B18 - Georgiou Griva Digeni Ave,Evagorou Ave,0
2026-09-03T13:39:19Z,2026-09-03T16:44:14.873612+03:00,_0,2459eb632a9a,Exit 24 >E127 Germasogeia / E113 Lemesos-Centre,Lemesos,0
2026-09-03T13:39:19Z,2026-09-03T16:44:14.873612+03:00,_1,e1dac3423766,Lemesos,Lemesos,3
2026-09-03T13:39:19Z,2026-09-03T16:44:14.873612+03:00,_2,ef93f4872b51,Lemesos,"to A6 > Pafos, Pafos Airport",0
2026-09-03T16:20:10Z,2026-09-03T19:25:06.947602+03:00,_0,10c2cf31d575,Episkopi,Lemesos,0
2026-09-03T16:20:10Z,2026-09-03T19:25:06.947602+03:00,_1,d73a04fc5195,Mesa Geitonia,Germasogeia,4
2026-09-03T16:20:10Z,2026-09-03T19:25:06.947602+03:00,_0,f2e7dbbab450,Exit 24 >E127 Germasogeia / E113 Lemesos-Centre,Mesa Geitonia,0
2026-09-03T16:20:10Z,2026-09-03T19:25:06.947602+03:00,_1,544e75b283e1,Lemesos,A6,3
2026-09-03T16:20:10Z,2026-09-03T19:25:06.947602+03:00,_2,29e364f86ed8,A1,Ypsonas,2
2026-09-03T16:20:10Z,2026-09-03T19:25:06.947602+03:00,_3,a79c40fcd60a,Ypsonas,"to A6 > Pafos, Pafos Airport",0
2026-09-03T16:20:10Z,2026-09-03T19:25:06.947602+03:00,_0,dd4be8784553,E147 - Archiepiskopou Makariou III Ave,Agias Filaxeos,0
2026-09-03T16:20:10Z,2026-09-03T19:25:06.947602+03:00,_1,931dd79e324a,E147 - Archiepiskopou Makariou III Ave,Vasileos Georgiou II,2
2026-09-03T16:20:10Z,2026-09-03T19:25:06.947602+03:00,_2,bbd3d4041441,Agias Filaxeos,Agias Filaxeos,0
2026-09-03T16:20:10Z,2026-09-03T19:25:06.947602+03:00,_3,a4260c51b19c,Steliou Kyriakidi,,4
2026-09-03T16:20:10Z,2026-09-03T19:25:06.947602+03:00,_4,f780373a5188,Agias Filaxeos,E110 - Agias Fylaxeos,0
2026-09-03T16:20:10Z,2026-09-03T19:25:06.947602+03:00,_5,0547389c880e,,E110 - Eleftherias,2
2026-09-03T16:20:10Z,2026-09-03T19:25:06.947602+03:00,_6,15f60bb25351,E110 - 1 Apriliou,E110,0
2026-09-03T16:20:10Z,2026-09-03T19:25:06.947602+03:00,_0,86b78b2bf136,,Lemesos,0
2026-09-03T16:20:10Z,2026-09-03T19:25:06.947602+03:00,_1,74d4e8d5f562,Mesa Geitonia,Mouttagiaka,4
2026-09-03T16:20:10Z,2026-09-03T19:25:06.947602+03:00,_2,25acc766db72,Mouttagiaka,Archiepiskopou Makariou III Ave,0
2026-09-03T16:20:10Z,2026-09-03T19:25:06.947602+03:00,_3,43f05193c4b0,Lemesou Ave,Archiepiskopou Makariou III Ave,2
2026-09-03T16:20:10Z,2026-09-03T19:25:06.947602+03:00,_4,8fab7dfc83f0,Lemesou Ave,Evagorou Ave,0
2026-09-03T16:20:10Z,2026-09-03T19:25:06.947602+03:00,_0,69fc3b9dbbdd,Strovolos,Archiepiskopou Makariou III Ave,0
2026-09-03T16:20:10Z,2026-09-03T19:25:06.947602+03:00,_1,c57daf65c80e,Lemesou Ave,Archiepiskopou Makariou III Ave,2
2026-09-03T16:20:10Z,2026-09-03T19:25:06.947602+03:00,_0,72b03ff9b5bc,E110,E110 - Agias Fylaxeos,0
2026-09-03T16:20:10Z,2026-09-03T19:25:06.947602+03:00,_1,e50ca2ecb1e0,E110 - 1 Apriliou,,2
2026-09-03T16:20:10Z,2026-09-03T19:25:06.947602+03:00,_2,c8792afe581d,E110 - Agias Fylaxeos,E147 - Archiepiskopou Makariou III Ave,0
2026-09-03T16:30:17Z,2026-09-03T19:35:01.362461+03:00,_0,fe72ea2b224f,Strovolos,Lemesou Ave,0
2026-09-03T16:30:17Z,2026-09-03T19:35:01.362461+03:00,_1,1c3025f6d361,Strovolos,Lemesou Ave,3
2026-09-03T16:30:17Z,2026-09-03T19:35:01.362461+03:00,_2,7c50b274239b,Aglantzia,E164 - Armenias,0
2026-09-03T16:30:17Z,2026-09-03T19:35:01.362461+03:00,_3,c57daf65c80e,Lemesou Ave,Archiepiskopou Makariou III Ave,3
2026-09-03T16:30:17Z,2026-09-03T19:35:01.362461+03:00,_0,c6068e9297ce,Episkopi,Lemesos,0
2026-09-03T16:30:17Z,2026-09-03T19:35:01.362461+03:00,_1,4cc85bcdea4b,Lemesos,Germasogeia,4
2026-09-03T16:30:17Z,2026-09-03T19:35:01.362461+03:00,_0,920305ee9a1e,E147 - Archiepiskopou Makariou III Ave,Agias Filaxeos,0
2026-09-03T16:30:17Z,2026-09-03T19:35:01.362461+03:00,_1,a4260c51b19c,Steliou Kyriakidi,,4
2026-09-03T16:30:17Z,2026-09-03T19:35:01.362461+03:00,_2,f780373a5188,Agias Filaxeos,E110 - Agias Fylaxeos,0
2026-09-03T16:30:17Z,2026-09-03T19:35:01.362461+03:00,_3,6841a02a1258,,E110 - 1 Apriliou,2
2026-09-03T16:30:17Z,2026-09-03T19:35:01.362461+03:00,_4,f99b72a378a5,E110 - Agias Fylaxeos,E110,0
2026-09-03T16:30:17Z,2026-09-03T19:35:01.362461+03:00,_0,72b03ff9b5bc,E110,E110 - Agias Fylaxeos,0
2026-09-03T16:30:17Z,2026-09-03T19:35:01.362461+03:00,_1,e50ca2ecb1e0,E110 - 1 Apriliou,,2
2026-09-03T16:30:17Z,2026-09-03T19:35:01.362461+03:00,_2,c8792afe581d,E110 - Agias Fylaxeos,E147 - Archiepiskopou Makariou III Ave,0
2026-09-03T16:30:17Z,2026-09-03T19:35:01.362461+03:00,_0,2459eb632a9a,Exit 24 >E127 Germasogeia / E113 Lemesos-Centre,Lemesos,0
2026-09-03T16:30:17Z,2026-09-03T19:35:01.362461+03:00,_1,e22f9ea3361c,Lemesos,Ypsonas,3
2026-09-03T16:30:17Z,2026-09-03T19:35:01.362461+03:00,_2,a79c40fcd60a,Ypsonas,"to A6 > Pafos, Pafos Airport",0
2026-09-03T16:30:17Z,2026-09-03T19:35:01.362461+03:00,_0,f2fed8ebe045,,Lemesos,0
2026-09-03T16:30:17Z,2026-09-03T19:35:01.362461+03:00,_1,940e02d3c649,Lemesos,Mouttagiaka,4
2026-09-03T16:30:17Z,2026-09-03T19:35:01.362461+03:00,_2,1f26527e04a2,Mouttagiaka,Lemesou Ave,0
2026-09-03T16:30:17Z,2026-09-03T19:35:01.362461+03:00,_3,1c3025f6d361,Strovolos,Lemesou Ave,3
2026-09-03T16:30:17Z,2026-09-03T19:35:01.362461+03:00,_4,7c50b274239b,Aglantzia,E164 - Armenias,0
2026-09-03T16:30:17Z,2026-09-03T19:35:01.362461+03:00,_5,43f05193c4b0,Lemesou Ave,Archiepiskopou Makariou III Ave,3
2026-09-03T16:30:17Z,2026-09-03T19:35:01.362461+03:00,_6,8fab7dfc83f0,Lemesou Ave,Evagorou Ave,0
2026-09-03T16:40:21Z,2026-09-03T19:45:16.564189+03:00,_0,10c2cf31d575,Episkopi,Lemesos,0
2026-09-03T16:40:21Z,2026-09-03T19:45:16.564189+03:00,_1,d73a04fc5195,Mesa Geitonia,Germasogeia,4
2026-09-03T16:40:21Z,2026-09-03T19:45:16.564189+03:00,_0,920305ee9a1e,E147 - Archiepiskopou Makariou III Ave,Agias Filaxeos,0
2026-09-03T16:40:21Z,2026-09-03T19:45:16.564189+03:00,_1,a4260c51b19c,Steliou Kyriakidi,,4
2026-09-03T16:40:21Z,2026-09-03T19:45:16.564189+03:00,_2,f780373a5188,Agias Filaxeos,E110 - Agias Fylaxeos,0
2026-09-03T16:40:21Z,2026-09-03T19:45:16.564189+03:00,_3,6841a02a1258,,E110 - 1 Apriliou,2
2026-09-03T16:40:21Z,2026-09-03T19:45:16.564189+03:00,_4,f99b72a378a5,E110 - Agias Fylaxeos,E110,0
2026-09-03T16:40:21Z,2026-09-03T19:45:16.564189+03:00,_0,fe72ea2b224f,Strovolos,Lemesou Ave,0
2026-09-03T16:40:21Z,2026-09-03T19:45:16.564189+03:00,_1,1c3025f6d361,Strovolos,Lemesou Ave,4
2026-09-03T16:40:21Z,2026-09-03T19:45:16.564189+03:00,_2,7c50b274239b,Aglantzia,E164 - Armenias,0
2026-09-03T16:40:21Z,2026-09-03T19:45:16.564189+03:00,_3,c57daf65c80e,Lemesou Ave,Archiepiskopou Makariou III Ave,2
2026-09-03T16:40:21Z,2026-09-03T19:45:16.564189+03:00,_0,86b78b2bf136,,Lemesos,0
2026-09-03T16:40:21Z,2026-09-03T19:45:16.564189+03:00,_1,74d4e8d5f562,Mesa Geitonia,Mouttagiaka,4
2026-09-03T16:40:21Z,2026-09-03T19:45:16.564189+03:00,_2,1f26527e04a2,Mouttagiaka,Lemesou Ave,0
2026-09-03T16:40:21Z,2026-09-03T19:45:16.564189+03:00,_3,1c3025f6d361,Strovolos,Lemesou Ave,4
2026-09-03T16:40:21Z,2026-09-03T19:45:16.564189+03:00,_4,7c50b274239b,Aglantzia,E164 - Armenias,0
2026-09-03T16:40:21Z,2026-09-03T19:45:16.564189+03:00,_5,43f05193c4b0,Lemesou Ave,Archiepiskopou Makariou III Ave,2
2026-09-03T16:40:21Z,2026-09-03T19:45:16.564189+03:00,_6,8fab7dfc83f0,Lemesou Ave,Evagorou Ave,0
2026-09-03T16:40:21Z,2026-09-03T19:45:16.564189+03:00,_0,a621b9829dc1,Exit 24 >E127 Germasogeia / E113 Lemesos-Centre,A6,0
2026-09-03T16:40:21Z,2026-09-03T19:45:16.564189+03:00,_1,29e364f86ed8,A1,Ypsonas,2
2026-09-03T16:40:21Z,2026-09-03T19:45:16.564189+03:00,_2,a79c40fcd60a,Ypsonas,"to A6 > Pafos, Pafos Airport",0
2026-09-03T16:50:28Z,2026-09-03T19:55:01.321259+03:00,_0,311e555ee404,Episkopi,Mesa Geitonia,0
2026-09-03T16:50:28Z,2026-09-03T19:55:01.321259+03:00,_1,68e80ae678c2,Agios Athanasios,Germasogeia,4
2026-09-03T16:50:28Z,2026-09-03T19:55:01.321259+03:00,_0,9e81f5db7a01,E147 - Archiepiskopou Makariou III Ave,Aristovoulou,3
2026-09-03T16:50:28Z,2026-09-03T19:55:01.321259+03:00,_1,c5bc8d4d08b3,E147 - Archiepiskopou Makariou III Ave,Agias Filaxeos,0
2026-09-03T16:50:28Z,2026-09-03T19:55:01.321259+03:00,_2,a4260c51b19c,Steliou Kyriakidi,,3
2026-09-03T16:50:28Z,2026-09-03T19:55:01.321259+03:00,_3,f5f94ff22484,Agias Filaxeos,E110,0
2026-09-03T16:50:28Z,2026-09-03T19:55:01.321259+03:00,_0,f1fa46dbdc87,Leoforos Strovolou,Strovolou Ave,0
2026-09-03T16:50:28Z,2026-09-03T19:55:01.321259+03:00,_1,f1337f209d83,Arch. Makariou III,Arch. Makariou III,1
2026-09-03T16:50:28Z,2026-09-03T19:55:01.321259+03:00,_2,ebbd14c0780a,E902 - Archiepiskopou Makariou III,E902 - Proedrikou Megarou Ave,0
2026-09-03T16:50:28Z,2026-09-03T19:55:01.321259+03:00,_0,75fd352e3f66,,Mesa Geitonia,0
2026-09-03T16:50:28Z,2026-09-03T19:55:01.321259+03:00,_1,8ff40ae1654a,Agios Athanasios,Mouttagiaka,4
2026-09-03T16:50:28Z,2026-09-03T19:55:01.321259+03:00,_2,8afa60c350bb,Mouttagiaka,Evagorou Ave,0
2026-09-03T17:00:33Z,2026-09-03T20:05:28.489470+03:00,_0,fe72ea2b224f,Strovolos,Lemesou Ave,0
2026-09-03T17:00:33Z,2026-09-03T20:05:28.489470+03:00,_1,1c3025f6d361,Strovolos,Lemesou Ave,3
2026-09-03T17:00:33Z,2026-09-03T20:05:28.489470+03:00,_2,7792802c8552,Aglantzia,Archiepiskopou Makariou III Ave,0
2026-09-03T17:00:33Z,2026-09-03T20:05:28.489470+03:00,_0,c2d7205db84d,Episkopi,Agios Athanasios,0
2026-09-03T17:00:33Z,2026-09-03T20:05:28.489470+03:00,_1,067a934f6a30,Agios Athanasios,Germasogeia,4
2026-09-03T17:00:33Z,2026-09-03T20:05:28.489470+03:00,_0,920305ee9a1e,E147 - Archiepiskopou Makariou III Ave,Agias Filaxeos,0
2026-09-03T17:00:33Z,2026-09-03T20:05:28.489470+03:00,_1,a4260c51b19c,Steliou Kyriakidi,,4
2026-09-03T17:00:33Z,2026-09-03T20:05:28.489470+03:00,_2,f5f94ff22484,Agias Filaxeos,E110,0
2026-09-03T17:00:33Z,2026-09-03T20:05:28.489470+03:00,_0,1cc902273d46,E110,E147 - Archiepiskopou Makariou III Ave,0
2026-09-03T17:00:33Z,2026-09-03T20:05:28.489470+03:00,_1,b1607c8a378f,Agias Filaxeos,E147 - Archiepiskopou Makariou III Ave,3
2026-09-03T17:00:33Z,2026-09-03T20:05:28.489470+03:00,_0,98b92b354812,,Agios Athanasios,0
2026-09-03T17:00:33Z,2026-09-03T20:05:28.489470+03:00,_1,28121fdca0fc,Agios Athanasios,Mouttagiaka,4
2026-09-03T17:00:33Z,2026-09-03T20:05:28.489470+03:00,_2,1f26527e04a2,Mouttagiaka,Lemesou Ave,0
2026-09-03T17:00:33Z,2026-09-03T20:05:28.489470+03:00,_3,1c3025f6d361,Strovolos,Lemesou Ave,3
2026-09-03T17:00:33Z,2026-09-03T20:05:28.489470+03:00,_4,cc8badd45da4,Aglantzia,Evagorou Ave,0
2026-09-03T17:10:41Z,2026-09-03T20:15:01.310516+03:00,_0,fe72ea2b224f,Strovolos,Lemesou Ave,0
2026-09-03T17:10:41Z,2026-09-03T20:15:01.310516+03:00,_1,1c3025f6d361,Strovolos,Lemesou Ave,3
2026-09-03T17:10:41Z,2026-09-03T20:15:01.310516+03:00,_2,7c50b274239b,Aglantzia,E164 - Armenias,0
2026-09-03T17:10:41Z,2026-09-03T20:15:01.310516+03:00,_3,c57daf65c80e,Lemesou Ave,Archiepiskopou Makariou III Ave,2
2026-09-03T17:10:41Z,2026-09-03T20:15:01.310516+03:00,_0,920305ee9a1e,E147 - Archiepiskopou Makariou III Ave,Agias Filaxeos,0
2026-09-03T17:10:41Z,2026-09-03T20:15:01.310516+03:00,_1,a4260c51b19c,Steliou Kyriakidi,,3
2026-09-03T17:10:41Z,2026-09-03T20:15:01.310516+03:00,_2,f780373a5188,Agias Filaxeos,E110 - Agias Fylaxeos,0
2026-09-03T17:10:41Z,2026-09-03T20:15:01.310516+03:00,_3,6841a02a1258,,E110 - 1 Apriliou,2
2026-09-03T17:10:41Z,2026-09-03T20:15:01.310516+03:00,_4,f99b72a378a5,E110 - Agias Fylaxeos,E110,0
2026-09-03T17:10:41Z,2026-09-03T20:15:01.310516+03:00,_0,248866f2f861,E110,E147 - Archiepiskopou Makariou III Ave,0
2026-09-03T17:10:41Z,2026-09-03T20:15:01.310516+03:00,_1,e713c7488bdd,Agias Filaxeos,E147 - Archiepiskopou Makariou III Ave,3
2026-09-03T17:10:41Z,2026-09-03T20:15:01.310516+03:00,_0,c2d7205db84d,Episkopi,Agios Athanasios,0
2026-09-03T17:10:41Z,2026-09-03T20:15:01.310516+03:00,_1,067a934f6a30,Agios Athanasios,Germasogeia,3
2026-09-03T17:10:41Z,2026-09-03T20:15:01.310516+03:00,_0,98b92b354812,,Agios Athanasios,0
2026-09-03T17:10:41Z,2026-09-03T20:15:01.310516+03:00,_1,28121fdca0fc,Agios Athanasios,Mouttagiaka,3
2026-09-03T17:10:41Z,2026-09-03T20:15:01.310516+03:00,_2,1f26527e04a2,Mouttagiaka,Lemesou Ave,0
2026-09-03T17:10:41Z,2026-09-03T20:15:01.310516+03:00,_3,1c3025f6d361,Strovolos,Lemesou Ave,3
2026-09-03T17:10:41Z,2026-09-03T20:15:01.310516+03:00,_4,7c50b274239b,Aglantzia,E164 - Armenias,0
2026-09-03T17:10:41Z,2026-09-03T20:15:01.310516+03:00,_5,43f05193c4b0,Lemesou Ave,Archiepiskopou Makariou III Ave,2
2026-09-03T17:10:41Z,2026-09-03T20:15:01.310516+03:00,_6,8fab7dfc83f0,Lemesou Ave,Evagorou Ave,0
2026-09-03T17:10:41Z,2026-09-03T20:15:01.310516+03:00,_0,2b7ce8a61652,Leoforos Strovolou,Arch. Makariou III,0
2026-09-03T17:10:41Z,2026-09-03T20:15:01.310516+03:00,_1,6bb050380c49,E902 - Archiepiskopou Makariou III,Arch. Makariou III,1
2026-09-03T17:10:41Z,2026-09-03T20:15:01.310516+03:00,_2,ebbd14c0780a,E902 - Archiepiskopou Makariou III,E902 - Proedrikou Megarou Ave,0
2026-09-03T17:20:48Z,2026-09-03T20:25:43.022086+03:00,_0,fe72ea2b224f,Strovolos,Lemesou Ave,0
2026-09-03T17:20:48Z,2026-09-03T20:25:43.022086+03:00,_1,1c3025f6d361,Strovolos,Lemesou Ave,4
2026-09-03T17:20:48Z,2026-09-03T20:25:43.022086+03:00,_2,7792802c8552,Aglantzia,Archiepiskopou Makariou III Ave,0
2026-09-03T17:20:48Z,2026-09-03T20:25:43.022086+03:00,_0,920305ee9a1e,E147 - Archiepiskopou Makariou III Ave,Agias Filaxeos,0
2026-09-03T17:20:48Z,2026-09-03T20:25:43.022086+03:00,_1,a4260c51b19c,Steliou Kyriakidi,,4
2026-09-03T17:20:48Z,2026-09-03T20:25:43.022086+03:00,_2,f5f94ff22484,Agias Filaxeos,E110,0
2026-09-03T17:20:48Z,2026-09-03T20:25:43.022086+03:00,_0,ecaddb19046c,E110,E147 - Archiepiskopou Makariou III Ave,0
2026-09-03T17:20:48Z,2026-09-03T20:25:43.022086+03:00,_1,f8a1b1df72c7,Apostolon Petrou kai Pavlou,E147 - Archiepiskopou Makariou III Ave,3
2026-09-03T17:20:48Z,2026-09-03T20:25:43.022086+03:00,_0,21071115abc5,,> A1 Lefkosia / (A5) Larnaka / (A5)(A3) Larnaka Airport,0
2026-09-03T17:20:48Z,2026-09-03T20:25:43.022086+03:00,_1,b26392a0c648,Germasogeia,Mouttagiaka,3
2026-09-03T17:20:48Z,2026-09-03T20:25:43.022086+03:00,_2,1f26527e04a2,Mouttagiaka,Lemesou Ave,0
2026-09-03T17:20:48Z,2026-09-03T20:25:43.022086+03:00,_3,1c3025f6d361,Strovolos,Lemesou Ave,4
2026-09-03T17:20:48Z,2026-09-03T20:25:43.022086+03:00,_4,cc8badd45da4,Aglantzia,Evagorou Ave,0
2026-09-03T17:20:48Z,2026-09-03T20:25:43.022086+03:00,_0,391ae18682fa,Episkopi,> A1 Lefkosia / (A5) Larnaka / (A5)(A3) Larnaka Airport,0
2026-09-03T17:20:48Z,2026-09-03T20:25:43.022086+03:00,_1,cafc026927d2,Germasogeia,Germasogeia,3
2026-09-03T17:30:53Z,2026-09-03T20:35:01.458495+03:00,_0,fe72ea2b224f,Strovolos,Lemesou Ave,0
2026-09-03T17:30:53Z,2026-09-03T20:35:01.458495+03:00,_1,1c3025f6d361,Strovolos,Lemesou Ave,4
2026-09-03T17:30:53Z,2026-09-03T20:35:01.458495+03:00,_2,7792802c8552,Aglantzia,Archiepiskopou Makariou III Ave,0
2026-09-03T17:30:53Z,2026-09-03T20:35:01.458495+03:00,_0,d0dc64f54734,,Lemesou Ave,0
2026-09-03T17:30:53Z,2026-09-03T20:35:01.458495+03:00,_1,1c3025f6d361,Strovolos,Lemesou Ave,4
2026-09-03T17:30:53Z,2026-09-03T20:35:01.458495+03:00,_2,09cb6b4802cf,Aglantzia,B18 - Digeni Akrita Ave,0
2026-09-03T17:30:53Z,2026-09-03T20:35:01.458495+03:00,_3,970cc58093c6,Archiepiskopou Makariou III Ave,B18 - Georgiou Griva Digeni Ave,3
2026-09-03T17:30:53Z,2026-09-03T20:35:01.458495+03:00,_4,e1beab30434a,Archiepiskopou Makariou III Ave,Evagorou Ave,0
2026-09-03T17:40:57Z,2026-09-03T20:45:42.810940+03:00,_0,fe72ea2b224f,Strovolos,Lemesou Ave,0
2026-09-03T17:40:57Z,2026-09-03T20:45:42.810940+03:00,_1,1c3025f6d361,Strovolos,Lemesou Ave,4
2026-09-03T17:40:57Z,2026-09-03T20:45:42.810940+03:00,_2,7792802c8552,Aglantzia,Archiepiskopou Makariou III Ave,0
2026-09-03T17:40:57Z,2026-09-03T20:45:42.810940+03:00,_0,d0dc64f54734,,Lemesou Ave,0
2026-09-03T17:40:57Z,2026-09-03T20:45:42.810940+03:00,_1,1c3025f6d361,Strovolos,Lemesou Ave,4
2026-09-03T17:40:57Z,2026-09-03T20:45:42.810940+03:00,_2,cc8badd45da4,Aglantzia,Evagorou Ave,0
2026-09-03T21:16:38Z,2026-09-04T00:20:43.206065+03:00,_0,9a5aec5a135f,E147 - Archiepiskopou Makariou III Ave,E110 - Eleftherias,0
2026-09-03T21:16:38Z,2026-09-04T00:20:43.206065+03:00,_1,db98c9d0a2e0,E110 - 1 Apriliou,E110 - 1 Apriliou,4
2026-09-03T21:16:38Z,2026-09-04T00:20:43.206065+03:00,_2,c97b954fcb12,E110 - 1 Apriliou,E110,0
2026-09-03T22:47:13Z,2026-09-04T01:51:12.902005+03:00,_0,028bcd4c5217,Agiou Nikolaou,Sokratous,4
2026-09-03T22:47:13Z,2026-09-04T01:51:12.902005+03:00,_1,155ee62b0ac1,E110,E114 - Agias Zonis,0
2026-09-03T23:07:21Z,2026-09-04T02:12:16.858289+03:00,_0,4b1fdac90a97,Leoforos Strovolou,Strovolou Ave,0
2026-09-03T23:07:21Z,2026-09-04T02:12:16.858289+03:00,_1,8de31ba004ba,Strovolou Ave,Strovolou Ave,2
2026-09-03T23:07:21Z,2026-09-04T02:12:16.858289+03:00,_2,288bbc8f90d3,Strovolou Ave,E902 - Proedrikou Megarou Ave,0
2026-09-04T01:29:16Z,2026-09-04T04:33:53.778684+03:00,_0,6564ca4ab008,E110,Spyrou Kyprianou Ave,0
2026-09-04T01:29:16Z,2026-09-04T04:33:53.778684+03:00,_1,b2a3d4dcbcf4,Agias Filaxeos,Spyrou Kyprianou Ave,3
2026-09-04T01:29:16Z,2026-09-04T04:33:53.778684+03:00,_2,5c7a1bf71452,Vasileos Georgiou II,E147 - Archiepiskopou Makariou III Ave,0
2026-09-04T04:21:09Z,2026-09-04T07:25:43.633705+03:00,_0,d7fa998be72c,Strovolos,Strovolos,0
2026-09-04T04:21:09Z,2026-09-04T07:25:43.633705+03:00,_1,56258ee4f147,Strovolos,Lemesou Ave,4
2026-09-04T04:21:09Z,2026-09-04T07:25:43.633705+03:00,_2,ea3328a1bed0,Aglantzia,Archiepiskopou Makariou III Ave,0
2026-09-04T04:21:09Z,2026-09-04T07:25:43.633705+03:00,_3,91353c408128,,Lemesou Ave,3
2026-09-04T04:21:09Z,2026-09-04T07:25:43.633705+03:00,_0,d624d2c1050e,Leoforos Strovolou,Strovolou Ave,0
2026-09-04T04:21:09Z,2026-09-04T07:25:43.633705+03:00,_1,0660334d11dc,Strovolou Ave,Strovolou Ave,3
2026-09-04T04:21:09Z,2026-09-04T07:25:43.633705+03:00,_2,b7d9dc03982a,Strovolou Ave,E902 - Proedrikou Megarou Ave,0
2026-09-04T04:21:09Z,2026-09-04T07:25:43.633705+03:00,_0,72b03ff9b5bc,E110,E110 - Agias Fylaxeos,0
2026-09-04T04:21:09Z,2026-09-04T07:25:43.633705+03:00,_1,e50ca2ecb1e0,E110 - 1 Apriliou,,2
2026-09-04T04:21:09Z,2026-09-04T07:25:43.633705+03:00,_2,c8792afe581d,E110 - Agias Fylaxeos,E147 - Archiepiskopou Makariou III Ave,0
2026-09-04T04:21:09Z,2026-09-04T07:25:43.633705+03:00,_0,37e913d03e44,,Strovolos,0
2026-09-04T04:21:09Z,2026-09-04T07:25:43.633705+03:00,_1,56258ee4f147,Strovolos,Lemesou Ave,4
2026-09-04T04:21:09Z,2026-09-04T07:25:43.633705+03:00,_2,ea3328a1bed0,Aglantzia,Archiepiskopou Makariou III Ave,0
2026-09-04T04:21:09Z,2026-09-04T07:25:43.633705+03:00,_3,200b71b93054,,Archiepiskopou Makariou III Ave,3
2026-09-04T04:21:09Z,2026-09-04T07:25:43.633705+03:00,_4,8fab7dfc83f0,Lemesou Ave,Evagorou Ave,0
2026-09-04T04:31:44Z,2026-09-04T07:35:43.860113+03:00,_0,d7fa998be72c,Strovolos,Strovolos,0
2026-09-04T04:31:44Z,2026-09-04T07:35:43.860113+03:00,_1,56258ee4f147,Strovolos,Lemesou Ave,4
2026-09-04T04:31:44Z,2026-09-04T07:35:43.860113+03:00,_2,c6e235d3222a,Aglantzia,Archiepiskopou Makariou III Ave,0
2026-09-04T04:31:44Z,2026-09-04T07:35:43.860113+03:00,_3,394713f228bd,Lemesou Ave,Lemesou Ave,3
2026-09-04T04:31:44Z,2026-09-04T07:35:43.860113+03:00,_0,7938a8813069,Leoforos Strovolou,Strovolou Ave,0
2026-09-04T04:31:44Z,2026-09-04T07:35:43.860113+03:00,_1,1c1544913564,Arch. Makariou III,Strovolou Ave,3
2026-09-04T04:31:44Z,2026-09-04T07:35:43.860113+03:00,_2,08cf130fef9c,Strovolou Ave,Strovolou Ave,0
2026-09-04T04:31:44Z,2026-09-04T07:35:43.860113+03:00,_3,17b3fede191c,Strovolou Ave,E902 - Proedrikou Megarou Ave,3
2026-09-04T04:31:44Z,2026-09-04T07:35:43.860113+03:00,_4,c6ac6530f2b9,Strovolou Ave,E902 - Proedrikou Megarou Ave,0
2026-09-04T04:31:44Z,2026-09-04T07:35:43.860113+03:00,_0,07b7eb11e965,E147 - Archiepiskopou Makariou III Ave,E110 - 1 Apriliou,0
2026-09-04T04:31:44Z,2026-09-04T07:35:43.860113+03:00,_1,9f4f77006632,E110 - 1 Apriliou,E110 - Eleftherias,2
2026-09-04T04:31:44Z,2026-09-04T07:35:43.860113+03:00,_2,c97b954fcb12,E110 - 1 Apriliou,E110,0
2026-09-04T04:31:44Z,2026-09-04T07:35:43.860113+03:00,_0,72b03ff9b5bc,E110,E110 - Agias Fylaxeos,0
2026-09-04T04:31:44Z,2026-09-04T07:35:43.860113+03:00,_1,e50ca2ecb1e0,E110 - 1 Apriliou,,2
2026-09-04T04:31:44Z,2026-09-04T07:35:43.860113+03:00,_2,73c10e640ed1,E110 - Agias Fylaxeos,E147 - Archiepiskopou Makariou III Ave,0
2026-09-04T04:31:44Z,2026-09-04T07:35:43.860113+03:00,_3,676c339d8b55,Agias Filaxeos,E147 - Archiepiskopou Makariou III Ave,3
2026-09-04T04:31:44Z,2026-09-04T07:35:43.860113+03:00,_0,37e913d03e44,,Strovolos,0
2026-09-04T04:31:44Z,2026-09-04T07:35:43.860113+03:00,_1,56258ee4f147,Strovolos,Lemesou Ave,4
2026-09-04T04:31:44Z,2026-09-04T07:35:43.860113+03:00,_2,c6e235d3222a,Aglantzia,Archiepiskopou Makariou III Ave,0
2026-09-04T04:31:44Z,2026-09-04T07:35:43.860113+03:00,_3,6efde239cabf,Lemesou Ave,Archiepiskopou Makariou III Ave,3
2026-09-04T04:31:44Z,2026-09-04T07:35:43.860113+03:00,_4,8fab7dfc83f0,Lemesou Ave,Evagorou Ave,0
2026-09-04T04:41:51Z,2026-09-04T07:46:46.456466+03:00,_0,a73ceba901e1,Strovolos,Strovolos,0
2026-09-04T04:41:51Z,2026-09-04T07:46:46.456466+03:00,_1,0b0229e2fb21,Strovolos,Lemesou Ave,4
2026-09-04T04:41:51Z,2026-09-04T07:46:46.456466+03:00,_2,ea3328a1bed0,Aglantzia,Archiepiskopou Makariou III Ave,0
2026-09-04T04:41:51Z,2026-09-04T07:46:46.456466+03:00,_3,91353c408128,,Lemesou Ave,3
2026-09-04T04:41:51Z,2026-09-04T07:46:46.456466+03:00,_0,18d60f6950ba,Leoforos Strovolou,Omirou,0
2026-09-04T04:41:51Z,2026-09-04T07:46:46.456466+03:00,_1,a5bc6fbada86,Strovolou Ave,E902 - Proedrikou Megarou Ave,4
2026-09-04T04:41:51Z,2026-09-04T07:46:46.456466+03:00,_2,c6ac6530f2b9,Strovolou Ave,E902 - Proedrikou Megarou Ave,0
2026-09-04T04:41:51Z,2026-09-04T07:46:46.456466+03:00,_0,07b7eb11e965,E147 - Archiepiskopou Makariou III Ave,E110 - 1 Apriliou,0
2026-09-04T04:41:51Z,2026-09-04T07:46:46.456466+03:00,_1,de7c5d112dc2,E110 - 1 Apriliou,E110 - Eleftherias,2
2026-09-04T04:41:51Z,2026-09-04T07:46:46.456466+03:00,_2,5f1fec2aa9f9,E110 - 1 Apriliou,E110,0
2026-09-04T04:41:51Z,2026-09-04T07:46:46.456466+03:00,_0,31c9b775d03b,E110,E110 - Agias Fylaxeos,0
2026-09-04T04:41:51Z,2026-09-04T07:46:46.456466+03:00,_1,9f80d2b8e678,E110 - 1 Apriliou,,3
2026-09-04T04:41:51Z,2026-09-04T07:46:46.456466+03:00,_2,2e9ffee5c9c5,E110 - Agias Fylaxeos,E147 - Archiepiskopou Makariou III Ave,0
2026-09-04T04:41:51Z,2026-09-04T07:46:46.456466+03:00,_3,0047479cf4c6,Agias Filaxeos,E147 - Archiepiskopou Makariou III Ave,3
2026-09-04T04:41:51Z,2026-09-04T07:46:46.456466+03:00,_0,e200b9870b29,,Latsia,0
2026-09-04T04:41:51Z,2026-09-04T07:46:46.456466+03:00,_1,0b0229e2fb21,Strovolos,Lemesou Ave,4
2026-09-04T04:41:51Z,2026-09-04T07:46:46.456466+03:00,_2,ea3328a1bed0,Aglantzia,Archiepiskopou Makariou III Ave,0
2026-09-04T04:41:51Z,2026-09-04T07:46:46.456466+03:00,_3,200b71b93054,,Archiepiskopou Makariou III Ave,3
2026-09-04T04:41:51Z,2026-09-04T07:46:46.456466+03:00,_4,8fab7dfc83f0,Lemesou Ave,Evagorou Ave,0
2026-09-04T04:52:29Z,2026-09-04T07:57:24.839937+03:00,_0,4e76d1a3fa55,Strovolos,Strovolos,0
2026-09-04T04:52:29Z,2026-09-04T07:57:24.839937+03:00,_1,347fb184acdc,Strovolos,Lemesou Ave,4
2026-09-04T04:52:29Z,2026-09-04T07:57:24.839937+03:00,_2,ea3328a1bed0,Aglantzia,Archiepiskopou Makariou III Ave,0
2026-09-04T04:52:29Z,2026-09-04T07:57:24.839937+03:00,_3,91353c408128,,Lemesou Ave,4
2026-09-04T04:52:29Z,2026-09-04T07:57:24.839937+03:00,_0,79d176024e30,Leoforos Strovolou,Omirou,0
2026-09-04T04:52:29Z,2026-09-04T07:57:24.839937+03:00,_1,92bd7e9e5fa1,Strovolou Ave,E902 - Proedrikou Megarou Ave,3
2026-09-04T04:52:29Z,2026-09-04T07:57:24.839937+03:00,_2,96c3ee6a9698,Strovolou Ave,E902 - Proedrikou Megarou Ave,0
2026-09-04T04:52:29Z,2026-09-04T07:57:24.839937+03:00,_0,72b03ff9b5bc,E110,E110 - Agias Fylaxeos,0
2026-09-04T04:52:29Z,2026-09-04T07:57:24.839937+03:00,_1,e50ca2ecb1e0,E110 - 1 Apriliou,,3
2026-09-04T04:52:29Z,2026-09-04T07:57:24.839937+03:00,_2,94bd22476a9c,E110 - Agias Fylaxeos,E147 - Archiepiskopou Makariou III Ave,0
2026-09-04T04:52:29Z,2026-09-04T07:57:24.839937+03:00,_3,88697bca4b53,Agias Filaxeos,E147 - Archiepiskopou Makariou III Ave,3
2026-09-04T04:52:29Z,2026-09-04T07:57:24.839937+03:00,_0,e7f960841113,Episkopi,A1,0
2026-09-04T04:52:29Z,2026-09-04T07:57:24.839937+03:00,_1,51a87f29a8d7,A6,Lemesos,1
2026-09-04T04:52:29Z,2026-09-04T07:57:24.839937+03:00,_2,4cc85bcdea4b,Lemesos,Germasogeia,0
2026-09-04T04:52:29Z,2026-09-04T07:57:24.839937+03:00,_0,cf0d166c0008,,A1,0
2026-09-04T04:52:29Z,2026-09-04T07:57:24.839937+03:00,_1,51a87f29a8d7,A6,Lemesos,1
2026-09-04T04:52:29Z,2026-09-04T07:57:24.839937+03:00,_2,004d237177ba,Lemesos,Strovolos,0
2026-09-04T04:52:29Z,2026-09-04T07:57:24.839937+03:00,_3,347fb184acdc,Strovolos,Lemesou Ave,4
2026-09-04T04:52:29Z,2026-09-04T07:57:24.839937+03:00,_4,ea3328a1bed0,Aglantzia,Archiepiskopou Makariou III Ave,0
2026-09-04T04:52:29Z,2026-09-04T07:57:24.839937+03:00,_5,200b71b93054,,Archiepiskopou Makariou III Ave,4
2026-09-04T04:52:29Z,2026-09-04T07:57:24.839937+03:00,_6,19b5cd40e1bc,Lemesou Ave,Archiepiskopou Makariou III Ave,0
2026-09-04T04:52:29Z,2026-09-04T07:57:24.839937+03:00,_7,47dc1257bff6,Lemesou Ave,B18 - Georgiou Griva Digeni Ave,2
2026-09-04T04:52:29Z,2026-09-04T07:57:24.839937+03:00,_8,e1beab30434a,Archiepiskopou Makariou III Ave,Evagorou Ave,0
2026-09-04T04:52:29Z,2026-09-04T07:57:24.839937+03:00,_0,06afc6492b14,Germasogeia,Germasogeia,2
2026-09-04T04:52:29Z,2026-09-04T07:57:24.839937+03:00,_1,307257218b8f,Agios Athanasios,Lemesos,0
2026-09-04T04:52:29Z,2026-09-04T07:57:24.839937+03:00,_2,e1dac3423766,Lemesos,Lemesos,3
2026-09-04T04:52:29Z,2026-09-04T07:57:24.839937+03:00,_3,ef93f4872b51,Lemesos,Episkopi,0
2026-09-04T05:02:38Z,2026-09-04T08:07:33.369422+03:00,_0,d7fa998be72c,Strovolos,Strovolos,0
2026-09-04T05:02:38Z,2026-09-04T08:07:33.369422+03:00,_1,56258ee4f147,Strovolos,Lemesou Ave,4
2026-09-04T05:02:38Z,2026-09-04T08:07:33.369422+03:00,_2,2eeb7481ceda,Aglantzia,E164 - Armenias,0
2026-09-04T05:02:38Z,2026-09-04T08:07:33.369422+03:00,_3,8b530b355b26,Lemesou Ave,Archiepiskopou Makariou III Ave,3
2026-09-04T05:02:38Z,2026-09-04T08:07:33.369422+03:00,_0,5661b3f9cb72,Leoforos Strovolou,E122 - Athinon,0
2026-09-04T05:02:38Z,2026-09-04T08:07:33.369422+03:00,_1,81fbbc01472d,Strovolou Ave,E902 - Proedrikou Megarou Ave,3
2026-09-04T05:02:38Z,2026-09-04T08:07:33.369422+03:00,_2,c6ac6530f2b9,Strovolou Ave,E902 - Proedrikou Megarou Ave,0
2026-09-04T05:02:38Z,2026-09-04T08:07:33.369422+03:00,_0,72b03ff9b5bc,E110,E110 - Agias Fylaxeos,0
2026-09-04T05:02:38Z,2026-09-04T08:07:33.369422+03:00,_1,e50ca2ecb1e0,E110 - 1 Apriliou,,3
2026-09-04T05:02:38Z,2026-09-04T08:07:33.369422+03:00,_2,bbe9f6312861,E110 - Agias Fylaxeos,Agias Filaxeos,0
2026-09-04T05:02:38Z,2026-09-04T08:07:33.369422+03:00,_3,c7626fee6f30,Agias Filaxeos,Vasileos Georgiou II,3
2026-09-04T05:02:38Z,2026-09-04T08:07:33.369422+03:00,_4,8effdcb26c23,Agias Filaxeos,Agiou Artemiou,0
2026-09-04T05:02:38Z,2026-09-04T08:07:33.369422+03:00,_5,0047479cf4c6,Agias Filaxeos,E147 - Archiepiskopou Makariou III Ave,3
2026-09-04T05:02:38Z,2026-09-04T08:07:33.369422+03:00,_0,cf0d166c0008,,A1,0
2026-09-04T05:02:38Z,2026-09-04T08:07:33.369422+03:00,_1,51a87f29a8d7,A6,Lemesos,2
2026-09-04T05:02:38Z,2026-09-04T08:07:33.369422+03:00,_2,3a2463aa3801,Lemesos,Strovolos,0
2026-09-04T05:02:38Z,2026-09-04T08:07:33.369422+03:00,_3,56258ee4f147,Strovolos,Lemesou Ave,4
2026-09-04T05:02:38Z,2026-09-04T08:07:33.369422+03:00,_4,2eeb7481ceda,Aglantzia,E164 - Armenias,0
2026-09-04T05:02:38Z,2026-09-04T08:07:33.369422+03:00,_5,3dec49aff703,Lemesou Ave,Archiepiskopou Makariou III Ave,3
2026-09-04T05:02:38Z,2026-09-04T08:07:33.369422+03:00,_6,5b037bbaa992,Lemesou Ave,Archiepiskopou Makariou III Ave,0
2026-09-04T05:02:38Z,2026-09-04T08:07:33.369422+03:00,_7,91f4f4624f42,Archiepiskopou Makariou III Ave,B18 - Georgiou Griva Digeni Ave,3
2026-09-04T05:02:38Z,2026-09-04T08:07:33.369422+03:00,_8,7c1a88e2db2c,Archiepiskopou Makariou III Ave,E1302 - Nikis Ave,0
2026-09-04T05:02:38Z,2026-09-04T08:07:33.369422+03:00,_9,910016111853,B18 - Georgiou Griva Digeni Ave,E165 - Themistokli Dervi,4
2026-09-04T05:02:38Z,2026-09-04T08:07:33.369422+03:00,_10,bbf67e32aa17,B18 - Georgiou Griva Digeni Ave,Evagorou Ave,0
2026-09-04T05:02:38Z,2026-09-04T08:07:33.369422+03:00,_0,e7f960841113,Episkopi,A1,0
2026-09-04T05:02:38Z,2026-09-04T08:07:33.369422+03:00,_1,51a87f29a8d7,A6,Lemesos,2
2026-09-04T05:02:38Z,2026-09-04T08:07:33.369422+03:00,_2,4cc85bcdea4b,Lemesos,Germasogeia,0
2026-09-04T05:02:38Z,2026-09-04T08:07:33.369422+03:00,_0,06afc6492b14,Exit 24 >E127 Germasogeia / E113 Lemesos-Centre,Germasogeia,2
2026-09-04T05:02:38Z,2026-09-04T08:07:33.369422+03:00,_1,307257218b8f,Agios Athanasios,Lemesos,0
2026-09-04T05:02:38Z,2026-09-04T08:07:33.369422+03:00,_2,e1dac3423766,Lemesos,Lemesos,3
2026-09-04T05:02:38Z,2026-09-04T08:07:33.369422+03:00,_3,581ff92bc02e,Lemesos,Kato Polemidia,0
2026-09-04T05:02:38Z,2026-09-04T08:07:33.369422+03:00,_4,2e4e38273012,Kato Polemidia,Kato Polemidia,2
2026-09-04T05:02:38Z,2026-09-04T08:07:33.369422+03:00,_5,5052820d4346,A1,"to A6 > Pafos, Pafos Airport",0
2026-09-04T05:13:14Z,2026-09-04T08:17:54.020726+03:00,_0,d7fa998be72c,Strovolos,Strovolos,0
2026-09-04T05:13:14Z,2026-09-04T08:17:54.020726+03:00,_1,56258ee4f147,Strovolos,Lemesou Ave,4
2026-09-04T05:13:14Z,2026-09-04T08:17:54.020726+03:00,_2,2eeb7481ceda,Aglantzia,E164 - Armenias,0
2026-09-04T05:13:14Z,2026-09-04T08:17:54.020726+03:00,_3,8b530b355b26,Lemesou Ave,Archiepiskopou Makariou III Ave,3
2026-09-04T05:13:14Z,2026-09-04T08:17:54.020726+03:00,_0,72b03ff9b5bc,E110,E110 - Agias Fylaxeos,0
2026-09-04T05:13:14Z,2026-09-04T08:17:54.020726+03:00,_1,e50ca2ecb1e0,E110 - 1 Apriliou,,3
2026-09-04T05:13:14Z,2026-09-04T08:17:54.020726+03:00,_2,bbe9f6312861,E110 - Agias Fylaxeos,Agias Filaxeos,0
2026-09-04T05:13:14Z,2026-09-04T08:17:54.020726+03:00,_3,c7626fee6f30,Agias Filaxeos,Vasileos Georgiou II,3
2026-09-04T05:13:14Z,2026-09-04T08:17:54.020726+03:00,_4,f59baf86ba70,Agias Filaxeos,E147 - Archiepiskopou Makariou III Ave,0
2026-09-04T05:13:14Z,2026-09-04T08:17:54.020726+03:00,_5,f8a1b1df72c7,Agias Filaxeos,E147 - Archiepiskopou Makariou III Ave,3
2026-09-04T05:13:14Z,2026-09-04T08:17:54.020726+03:00,_0,2b7ce8a61652,Leoforos Strovolou,Arch. Makariou III,0
2026-09-04T05:13:14Z,2026-09-04T08:17:54.020726+03:00,_1,7cd237968878,E902 - Archiepiskopou Makariou III,Strovolou Ave,2
2026-09-04T05:13:14Z,2026-09-04T08:17:54.020726+03:00,_2,c334b5ab11a0,Arch. Makariou III,Strovolou Ave,0
2026-09-04T05:13:14Z,2026-09-04T08:17:54.020726+03:00,_3,9fc8278a9766,Arch. Makariou III,Strovolou Ave,3
2026-09-04T05:13:14Z,2026-09-04T08:17:54.020726+03:00,_4,c20c93882358,Strovolou Ave,Strovolou Ave,0
2026-09-04T05:13:14Z,2026-09-04T08:17:54.020726+03:00,_5,8437698fe599,Arch. Makariou III,E902 - Proedrikou Megarou Ave,3
2026-09-04T05:13:14Z,2026-09-04T08:17:54.020726+03:00,_6,c6ac6530f2b9,Strovolou Ave,E902 - Proedrikou Megarou Ave,2
2026-09-04T05:13:14Z,2026-09-04T08:17:54.020726+03:00,_0,37e913d03e44,,Strovolos,0
2026-09-04T05:13:14Z,2026-09-04T08:17:54.020726+03:00,_1,56258ee4f147,Strovolos,Lemesou Ave,4
2026-09-04T05:13:14Z,2026-09-04T08:17:54.020726+03:00,_2,2eeb7481ceda,Aglantzia,E164 - Armenias,0
2026-09-04T05:13:14Z,2026-09-04T08:17:54.020726+03:00,_3,3dec49aff703,Lemesou Ave,Archiepiskopou Makariou III Ave,3
2026-09-04T05:13:14Z,2026-09-04T08:17:54.020726+03:00,_4,bd22ecc10d1b,Lemesou Ave,Archiepiskopou Makariou III Ave,0
2026-09-04T05:13:14Z,2026-09-04T08:17:54.020726+03:00,_5,798c594a6669,Archiepiskopou Makariou III Ave,B18 - Georgiou Griva Digeni Ave,3
2026-09-04T05:13:14Z,2026-09-04T08:17:54.020726+03:00,_6,7c1a88e2db2c,Archiepiskopou Makariou III Ave,E1302 - Nikis Ave,0
2026-09-04T05:13:14Z,2026-09-04T08:17:54.020726+03:00,_7,910016111853,B18 - Georgiou Griva Digeni Ave,B18 - Georgiou Griva Digeni Ave,4
2026-09-04T05:13:14Z,2026-09-04T08:17:54.020726+03:00,_8,bbf67e32aa17,B18 - Georgiou Griva Digeni Ave,Evagorou Ave,0
2026-09-04T05:13:14Z,2026-09-04T08:17:54.020726+03:00,_0,06afc6492b14,Exit 24 >E127 Germasogeia / E113 Lemesos-Centre,Germasogeia,2
2026-09-04T05:13:14Z,2026-09-04T08:17:54.020726+03:00,_1,307257218b8f,Agios Athanasios,Lemesos,0
2026-09-04T05:13:14Z,2026-09-04T08:17:54.020726+03:00,_2,e1dac3423766,Lemesos,Lemesos,1
2026-09-04T05:13:14Z,2026-09-04T08:17:54.020726+03:00,_3,ef93f4872b51,Lemesos,"to A6 > Pafos, Pafos Airport",0
2026-09-04T05:23:22Z,2026-09-04T08:28:17.969965+03:00,_0,d7fa998be72c,Strovolos,Strovolos,0
2026-09-04T05:23:22Z,2026-09-04T08:28:17.969965+03:00,_1,56258ee4f147,Strovolos,Lemesou Ave,3
2026-09-04T05:23:22Z,2026-09-04T08:28:17.969965+03:00,_2,2eeb7481ceda,Aglantzia,E164 - Armenias,0
2026-09-04T05:23:22Z,2026-09-04T08:28:17.969965+03:00,_3,8b530b355b26,Lemesou Ave,Archiepiskopou Makariou III Ave,3
2026-09-04T05:23:22Z,2026-09-04T08:28:17.969965+03:00,_0,07b7eb11e965,E147 - Archiepiskopou Makariou III Ave,E110 - 1 Apriliou,0
2026-09-04T05:23:22Z,2026-09-04T08:28:17.969965+03:00,_1,9f4f77006632,E110 - 1 Apriliou,E110 - Eleftherias,1
2026-09-04T05:23:22Z,2026-09-04T08:28:17.969965+03:00,_2,c97b954fcb12,E110 - 1 Apriliou,E110,0
2026-09-04T05:23:22Z,2026-09-04T08:28:17.969965+03:00,_0,18d60f6950ba,Leoforos Strovolou,E122 - Athinon,0
2026-09-04T05:23:22Z,2026-09-04T08:28:17.969965+03:00,_1,b54de865a9d0,Strovolou Ave,E902 - Proedrikou Megarou Ave,3
2026-09-04T05:23:22Z,2026-09-04T08:28:17.969965+03:00,_2,2e2860fdee90,Strovolou Ave,E902 - Proedrikou Megarou Ave,0
2026-09-04T05:23:22Z,2026-09-04T08:28:17.969965+03:00,_3,c6ac6530f2b9,Strovolou Ave,E902 - Proedrikou Megarou Ave,1
2026-09-04T05:23:22Z,2026-09-04T08:28:17.969965+03:00,_0,694491d68f6e,,Lemesos,0
2026-09-04T05:23:22Z,2026-09-04T08:28:17.969965+03:00,_1,f1506ff4b81e,Lemesos,Lemesos,1
2026-09-04T05:23:22Z,2026-09-04T08:28:17.969965+03:00,_2,fa250bca0f31,Mesa Geitonia,Strovolos,0
2026-09-04T05:23:22Z,2026-09-04T08:28:17.969965+03:00,_3,56258ee4f147,Strovolos,Lemesou Ave,3
2026-09-04T05:23:22Z,2026-09-04T08:28:17.969965+03:00,_4,2eeb7481ceda,Aglantzia,E164 - Armenias,0
2026-09-04T05:23:22Z,2026-09-04T08:28:17.969965+03:00,_5,3dec49aff703,Lemesou Ave,Archiepiskopou Makariou III Ave,3
2026-09-04T05:23:22Z,2026-09-04T08:28:17.969965+03:00,_6,19b5cd40e1bc,Lemesou Ave,Archiepiskopou Makariou III Ave,0
2026-09-04T05:23:22Z,2026-09-04T08:28:17.969965+03:00,_7,47dc1257bff6,Lemesou Ave,B18 - Georgiou Griva Digeni Ave,2
2026-09-04T05:23:22Z,2026-09-04T08:28:17.969965+03:00,_8,7c1a88e2db2c,Archiepiskopou Makariou III Ave,E1302 - Nikis Ave,0
2026-09-04T05:23:22Z,2026-09-04T08:28:17.969965+03:00,_9,910016111853,B18 - Georgiou Griva Digeni Ave,B18 - Georgiou Griva Digeni Ave,4
2026-09-04T05:23:22Z,2026-09-04T08:28:17.969965+03:00,_10,bbf67e32aa17,B18 - Georgiou Griva Digeni Ave,Evagorou Ave,0
2026-09-04T05:23:22Z,2026-09-04T08:28:17.969965+03:00,_0,b75223d3f37d,Episkopi,Lemesos,0
2026-09-04T05:23:22Z,2026-09-04T08:28:17.969965+03:00,_1,f1506ff4b81e,Lemesos,Lemesos,1
2026-09-04T05:23:22Z,2026-09-04T08:28:17.969965+03:00,_2,d73a04fc5195,Mesa Geitonia,Germasogeia,0
2026-09-04T05:33:58Z,2026-09-04T08:37:54.068921+03:00,_0,9637c1cd3244,Strovolos,Strovolos,0
2026-09-04T05:33:58Z,2026-09-04T08:37:54.068921+03:00,_1,d1bd4cd56cd8,Strovolos,Lemesou Ave,4
2026-09-04T05:33:58Z,2026-09-04T08:37:54.068921+03:00,_2,7c50b274239b,Aglantzia,E164 - Armenias,0
2026-09-04T05:33:58Z,2026-09-04T08:37:54.068921+03:00,_3,c57daf65c80e,Lemesou Ave,Archiepiskopou Makariou III Ave,3
2026-09-04T05:33:58Z,2026-09-04T08:37:54.068921+03:00,_0,39bc0d9edbe1,E147 - Archiepiskopou Makariou III Ave,E110 - 1 Apriliou,0
2026-09-04T05:33:58Z,2026-09-04T08:37:54.068921+03:00,_1,d9753e119f0e,E110 - 1 Apriliou,E110 - Eleftherias,1
2026-09-04T05:33:58Z,2026-09-04T08:37:54.068921+03:00,_2,c97b954fcb12,E110 - 1 Apriliou,E110,0
2026-09-04T05:33:58Z,2026-09-04T08:37:54.068921+03:00,_0,d624d2c1050e,Leoforos Strovolou,E122 - Athinon,0
2026-09-04T05:33:58Z,2026-09-04T08:37:54.068921+03:00,_1,17b3fede191c,Strovolou Ave,E902 - Proedrikou Megarou Ave,3
2026-09-04T05:33:58Z,2026-09-04T08:37:54.068921+03:00,_2,c6ac6530f2b9,Strovolou Ave,E902 - Proedrikou Megarou Ave,0
2026-09-04T05:33:58Z,2026-09-04T08:37:54.068921+03:00,_0,694491d68f6e,,Lemesos,0
2026-09-04T05:33:58Z,2026-09-04T08:37:54.068921+03:00,_1,f1506ff4b81e,Lemesos,Lemesos,1
2026-09-04T05:33:58Z,2026-09-04T08:37:54.068921+03:00,_2,b39a06b9f0e6,Mesa Geitonia,Lemesou Ave,0
2026-09-04T05:33:58Z,2026-09-04T08:37:54.068921+03:00,_3,d1bd4cd56cd8,Strovolos,Lemesou Ave,4
2026-09-04T05:33:58Z,2026-09-04T08:37:54.068921+03:00,_4,7c50b274239b,Aglantzia,E164 - Armenias,0
2026-09-04T05:33:58Z,2026-09-04T08:37:54.068921+03:00,_5,43f05193c4b0,Lemesou Ave,Archiepiskopou Makariou III Ave,3
2026-09-04T05:33:58Z,2026-09-04T08:37:54.068921+03:00,_6,d7c6c735ba17,Lemesou Ave,B18 - Georgiou Griva Digeni Ave,2
2026-09-04T05:33:58Z,2026-09-04T08:37:54.068921+03:00,_7,7c1a88e2db2c,Archiepiskopou Makariou III Ave,E1302 - Nikis Ave,0
2026-09-04T05:33:58Z,2026-09-04T08:37:54.068921+03:00,_8,910016111853,B18 - Georgiou Griva Digeni Ave,B18 - Georgiou Griva Digeni Ave,4
2026-09-04T05:33:58Z,2026-09-04T08:37:54.068921+03:00,_9,bbf67e32aa17,B18 - Georgiou Griva Digeni Ave,Evagorou Ave,0
2026-09-04T05:33:58Z,2026-09-04T08:37:54.068921+03:00,_0,b75223d3f37d,Episkopi,Lemesos,0
2026-09-04T05:33:58Z,2026-09-04T08:37:54.068921+03:00,_1,f1506ff4b81e,Lemesos,Lemesos,1
2026-09-04T05:33:58Z,2026-09-04T08:37:54.068921+03:00,_2,d73a04fc5195,Mesa Geitonia,Germasogeia,0
2026-09-04T05:44:06Z,2026-09-04T08:49:01.318039+03:00,_0,9637c1cd3244,Strovolos,Strovolos,0
2026-09-04T05:44:06Z,2026-09-04T08:49:01.318039+03:00,_1,d1bd4cd56cd8,Strovolos,Lemesou Ave,4
2026-09-04T05:44:06Z,2026-09-04T08:49:01.318039+03:00,_2,2eeb7481ceda,Aglantzia,E164 - Armenias,0
2026-09-04T05:44:06Z,2026-09-04T08:49:01.318039+03:00,_3,8b530b355b26,Lemesou Ave,Archiepiskopou Makariou III Ave,3
2026-09-04T05:44:06Z,2026-09-04T08:49:01.318039+03:00,_0,72b03ff9b5bc,E110,E110 - Agias Fylaxeos,0
2026-09-04T05:44:06Z,2026-09-04T08:49:01.318039+03:00,_1,e50ca2ecb1e0,E110 - 1 Apriliou,,3
2026-09-04T05:44:06Z,2026-09-04T08:49:01.318039+03:00,_2,e33776a3a190,E110 - Agias Fylaxeos,Agias Filaxeos,0
2026-09-04T05:44:06Z,2026-09-04T08:49:01.318039+03:00,_3,0a5c4761a6b4,Agias Filaxeos,Agias Filaxeos,3
2026-09-04T05:44:06Z,2026-09-04T08:49:01.318039+03:00,_4,db9c0d0c4c84,Agias Filaxeos,E147 - Archiepiskopou Makariou III Ave,0
2026-09-04T05:44:06Z,2026-09-04T08:49:01.318039+03:00,_5,7d91212c9f28,Agiou Artemiou,E147 - Archiepiskopou Makariou III Ave,3
2026-09-04T05:44:06Z,2026-09-04T08:49:01.318039+03:00,_0,920305ee9a1e,E147 - Archiepiskopou Makariou III Ave,Agias Filaxeos,0
2026-09-04T05:44:06Z,2026-09-04T08:49:01.318039+03:00,_1,a4260c51b19c,Steliou Kyriakidi,,4
2026-09-04T05:44:06Z,2026-09-04T08:49:01.318039+03:00,_2,f5f94ff22484,Agias Filaxeos,E110,0
2026-09-04T05:44:06Z,2026-09-04T08:49:01.318039+03:00,_0,18d60f6950ba,Leoforos Strovolou,E122 - Athinon,0
2026-09-04T05:44:06Z,2026-09-04T08:49:01.318039+03:00,_1,9e83f7d4684e,Strovolou Ave,E902 - Proedrikou Megarou Ave,3
2026-09-04T05:44:06Z,2026-09-04T08:49:01.318039+03:00,_2,8c8b5efc93bd,Strovolou Ave,E902 - Proedrikou Megarou Ave,0
2026-09-04T05:44:06Z,2026-09-04T08:49:01.318039+03:00,_0,694491d68f6e,,Lemesos,0
2026-09-04T05:44:06Z,2026-09-04T08:49:01.318039+03:00,_1,f1506ff4b81e,Lemesos,Lemesos,1
2026-09-04T05:44:06Z,2026-09-04T08:49:01.318039+03:00,_2,b39a06b9f0e6,Mesa Geitonia,Lemesou Ave,0
2026-09-04T05:44:06Z,2026-09-04T08:49:01.318039+03:00,_3,d1bd4cd56cd8,Strovolos,Lemesou Ave,4
2026-09-04T05:44:06Z,2026-09-04T08:49:01.318039+03:00,_4,2eeb7481ceda,Aglantzia,E164 - Armenias,0
2026-09-04T05:44:06Z,2026-09-04T08:49:01.318039+03:00,_5,3dec49aff703,Lemesou Ave,Archiepiskopou Makariou III Ave,3
2026-09-04T05:44:06Z,2026-09-04T08:49:01.318039+03:00,_6,19b5cd40e1bc,Lemesou Ave,Archiepiskopou Makariou III Ave,0
2026-09-04T05:44:06Z,2026-09-04T08:49:01.318039+03:00,_7,47dc1257bff6,Lemesou Ave,B18 - Georgiou Griva Digeni Ave,3
2026-09-04T05:44:06Z,2026-09-04T08:49:01.318039+03:00,_8,7c1a88e2db2c,Archiepiskopou Makariou III Ave,E1302 - Nikis Ave,0
2026-09-04T05:44:06Z,2026-09-04T08:49:01.318039+03:00,_9,910016111853,B18 - Georgiou Griva Digeni Ave,B18 - Georgiou Griva Digeni Ave,4
2026-09-04T05:44:06Z,2026-09-04T08:49:01.318039+03:00,_10,bbf67e32aa17,B18 - Georgiou Griva Digeni Ave,Evagorou Ave,0
2026-09-04T05:44:06Z,2026-09-04T08:49:01.318039+03:00,_0,b75223d3f37d,Episkopi,Lemesos,0
2026-09-04T05:44:06Z,2026-09-04T08:49:01.318039+03:00,_1,f1506ff4b81e,Lemesos,Lemesos,1
2026-09-04T05:44:06Z,2026-09-04T08:49:01.318039+03:00,_2,d73a04fc5195,Mesa Geitonia,Germasogeia,0
2026-09-04T05:54:42Z,2026-09-04T08:59:38.240732+03:00,_0,9637c1cd3244,Strovolos,Strovolos,0
2026-09-04T05:54:42Z,2026-09-04T08:59:38.240732+03:00,_1,d1bd4cd56cd8,Strovolos,Lemesou Ave,4
2026-09-04T05:54:42Z,2026-09-04T08:59:38.240732+03:00,_2,c6e235d3222a,Aglantzia,Archiepiskopou Makariou III Ave,0
2026-09-04T05:54:42Z,2026-09-04T08:59:38.240732+03:00,_3,394713f228bd,Lemesou Ave,Lemesou Ave,3
2026-09-04T05:54:42Z,2026-09-04T08:59:38.240732+03:00,_0,c7cc2624ec90,E110,E110 - Agias Fylaxeos,0
2026-09-04T05:54:42Z,2026-09-04T08:59:38.240732+03:00,_1,ee59d0c74402,E110 - 1 Apriliou,E110 - Agias Fylaxeos,2
2026-09-04T05:54:42Z,2026-09-04T08:59:38.240732+03:00,_2,e50ca2ecb1e0,E110 - 1 Apriliou,,3
2026-09-04T05:54:42Z,2026-09-04T08:59:38.240732+03:00,_3,e33776a3a190,E110 - Agias Fylaxeos,Agias Filaxeos,0
2026-09-04T05:54:42Z,2026-09-04T08:59:38.240732+03:00,_4,0a5c4761a6b4,Agias Filaxeos,Vasileos Georgiou II,3
2026-09-04T05:54:42Z,2026-09-04T08:59:38.240732+03:00,_5,452c10cf0816,Agias Filaxeos,E147 - Archiepiskopou Makariou III Ave,0
2026-09-04T05:54:42Z,2026-09-04T08:59:38.240732+03:00,_6,535964c57235,Agias Filaxeos,E147 - Archiepiskopou Makariou III Ave,3
2026-09-04T05:54:42Z,2026-09-04T08:59:38.240732+03:00,_0,e7f960841113,Episkopi,A1,0
2026-09-04T05:54:42Z,2026-09-04T08:59:38.240732+03:00,_1,51a87f29a8d7,A6,Lemesos,4
2026-09-04T05:54:42Z,2026-09-04T08:59:38.240732+03:00,_2,4cc85bcdea4b,Lemesos,Germasogeia,0
2026-09-04T05:54:42Z,2026-09-04T08:59:38.240732+03:00,_0,15ae2e1d5817,E147 - Archiepiskopou Makariou III Ave,Agias Filaxeos,0
2026-09-04T05:54:42Z,2026-09-04T08:59:38.240732+03:00,_1,1683a4b44bb7,Agias Filaxeos,Agias Filaxeos,3
2026-09-04T05:54:42Z,2026-09-04T08:59:38.240732+03:00,_2,3c822276d5cc,Agias Filaxeos,Agias Filaxeos,0
2026-09-04T05:54:42Z,2026-09-04T08:59:38.240732+03:00,_3,a4260c51b19c,Steliou Kyriakidi,,3
2026-09-04T05:54:42Z,2026-09-04T08:59:38.240732+03:00,_4,58db42ee5329,Agias Filaxeos,E110 - 1 Apriliou,0
2026-09-04T05:54:42Z,2026-09-04T08:59:38.240732+03:00,_5,9f4f77006632,E110 - 1 Apriliou,E110 - Eleftherias,2
2026-09-04T05:54:42Z,2026-09-04T08:59:38.240732+03:00,_6,c97b954fcb12,E110 - 1 Apriliou,E110,0
2026-09-04T05:54:42Z,2026-09-04T08:59:38.240732+03:00,_0,5661b3f9cb72,Leoforos Strovolou,E122 - Athinon,0
2026-09-04T05:54:42Z,2026-09-04T08:59:38.240732+03:00,_1,e2a3239d5ea1,Strovolou Ave,Strovolou Ave,2
2026-09-04T05:54:42Z,2026-09-04T08:59:38.240732+03:00,_2,15dbd15441f3,Strovolou Ave,Strovolou Ave,0
2026-09-04T05:54:42Z,2026-09-04T08:59:38.240732+03:00,_3,9e83f7d4684e,Strovolou Ave,E902 - Proedrikou Megarou Ave,3
2026-09-04T05:54:42Z,2026-09-04T08:59:38.240732+03:00,_4,8c8b5efc93bd,Strovolou Ave,E902 - Proedrikou Megarou Ave,0
2026-09-04T05:54:42Z,2026-09-04T08:59:38.240732+03:00,_0,cf0d166c0008,,A1,0
2026-09-04T05:54:42Z,2026-09-04T08:59:38.240732+03:00,_1,51a87f29a8d7,A6,Lemesos,4
2026-09-04T05:54:42Z,2026-09-04T08:59:38.240732+03:00,_2,564c80415075,Lemesos,Lemesou Ave,0
2026-09-04T05:54:42Z,2026-09-04T08:59:38.240732+03:00,_3,d1bd4cd56cd8,Strovolos,Lemesou Ave,4
2026-09-04T05:54:42Z,2026-09-04T08:59:38.240732+03:00,_4,c6e235d3222a,Aglantzia,Archiepiskopou Makariou III Ave,0
2026-09-04T05:54:42Z,2026-09-04T08:59:38.240732+03:00,_5,6efde239cabf,Lemesou Ave,Archiepiskopou Makariou III Ave,3
2026-09-04T05:54:42Z,2026-09-04T08:59:38.240732+03:00,_6,bd22ecc10d1b,Lemesou Ave,Archiepiskopou Makariou III Ave,0
2026-09-04T05:54:42Z,2026-09-04T08:59:38.240732+03:00,_7,798c594a6669,Archiepiskopou Makariou III Ave,B18 - Georgiou Griva Digeni Ave,3
2026-09-04T05:54:42Z,2026-09-04T08:59:38.240732+03:00,_8,7c1a88e2db2c,Archiepiskopou Makariou III Ave,E1302 - Nikis Ave,0
2026-09-04T05:54:42Z,2026-09-04T08:59:38.240732+03:00,_9,910016111853,B18 - Georgiou Griva Digeni Ave,B18 - Georgiou Griva Digeni Ave,3
2026-09-04T05:54:42Z,2026-09-04T08:59:38.240732+03:00,_10,bbf67e32aa17,B18 - Georgiou Griva Digeni Ave,Evagorou Ave,0
2026-09-04T06:04:51Z,2026-09-04T09:09:47.416562+03:00,_0,f885a0fb098a,Episkopi,Kato Polemidia,0
2026-09-04T06:04:51Z,2026-09-04T09:09:47.416562+03:00,_1,e272934c2aee,Kato Polemidia,Lemesos,4
2026-09-04T06:04:51Z,2026-09-04T09:09:47.416562+03:00,_2,e7aa3fa7d4d2,Lemesos,Germasogeia,0
2026-09-04T06:04:51Z,2026-09-04T09:09:47.416562+03:00,_0,fe72ea2b224f,Strovolos,Lemesou Ave,0
2026-09-04T06:04:51Z,2026-09-04T09:09:47.416562+03:00,_1,1c3025f6d361,Strovolos,Lemesou Ave,3
2026-09-04T06:04:51Z,2026-09-04T09:09:47.416562+03:00,_2,c6e235d3222a,Aglantzia,Archiepiskopou Makariou III Ave,0
2026-09-04T06:04:51Z,2026-09-04T09:09:47.416562+03:00,_3,394713f228bd,Lemesou Ave,Lemesou Ave,3
2026-09-04T06:04:51Z,2026-09-04T09:09:47.416562+03:00,_0,c7cc2624ec90,E110,E110 - Agias Fylaxeos,0
2026-09-04T06:04:51Z,2026-09-04T09:09:47.416562+03:00,_1,ee59d0c74402,E110 - 1 Apriliou,E110 - Agias Fylaxeos,3
2026-09-04T06:04:51Z,2026-09-04T09:09:47.416562+03:00,_2,e50ca2ecb1e0,E110 - 1 Apriliou,,4
2026-09-04T06:04:51Z,2026-09-04T09:09:47.416562+03:00,_3,bbe9f6312861,E110 - Agias Fylaxeos,Agias Filaxeos,0
2026-09-04T06:04:51Z,2026-09-04T09:09:47.416562+03:00,_4,c7626fee6f30,Agias Filaxeos,Vasileos Georgiou II,3
2026-09-04T06:04:51Z,2026-09-04T09:09:47.416562+03:00,_5,452c10cf0816,Agias Filaxeos,E147 - Archiepiskopou Makariou III Ave,0
2026-09-04T06:04:51Z,2026-09-04T09:09:47.416562+03:00,_6,535964c57235,Agias Filaxeos,E147 - Archiepiskopou Makariou III Ave,2
2026-09-04T06:04:51Z,2026-09-04T09:09:47.416562+03:00,_0,920305ee9a1e,E147 - Archiepiskopou Makariou III Ave,Agias Filaxeos,0
2026-09-04T06:04:51Z,2026-09-04T09:09:47.416562+03:00,_1,a4260c51b19c,Steliou Kyriakidi,,4
2026-09-04T06:04:51Z,2026-09-04T09:09:47.416562+03:00,_2,f5f94ff22484,Agias Filaxeos,E110,0
2026-09-04T06:04:51Z,2026-09-04T09:09:47.416562+03:00,_0,a3a211317758,,Kato Polemidia,0
2026-09-04T06:04:51Z,2026-09-04T09:09:47.416562+03:00,_1,e272934c2aee,Kato Polemidia,Lemesos,4
2026-09-04T06:04:51Z,2026-09-04T09:09:47.416562+03:00,_2,7adfefecaf30,Lemesos,Lemesou Ave,0
2026-09-04T06:04:51Z,2026-09-04T09:09:47.416562+03:00,_3,1c3025f6d361,Strovolos,Lemesou Ave,3
2026-09-04T06:04:51Z,2026-09-04T09:09:47.416562+03:00,_4,c6e235d3222a,Aglantzia,Archiepiskopou Makariou III Ave,0
2026-09-04T06:04:51Z,2026-09-04T09:09:47.416562+03:00,_5,6efde239cabf,Lemesou Ave,Archiepiskopou Makariou III Ave,3
2026-09-04T06:04:51Z,2026-09-04T09:09:47.416562+03:00,_6,8fab7dfc83f0,Lemesou Ave,Evagorou Ave,0
2026-09-04T06:04:51Z,2026-09-04T09:09:47.416562+03:00,_0,68ba8c9365ac,Exit 24 >E127 Germasogeia / E113 Lemesos-Centre,Germasogeia,0
2026-09-04T06:04:51Z,2026-09-04T09:09:47.416562+03:00,_1,ce32023c9f0b,Germasogeia,Germasogeia,1
2026-09-04T06:04:51Z,2026-09-04T09:09:47.416562+03:00,_2,3e1d75b9e16e,Agios Athanasios,"to A6 > Pafos, Pafos Airport",0
2026-09-04T06:15:03Z,2026-09-04T09:20:00.139914+03:00,_0,f885a0fb098a,Episkopi,Kato Polemidia,0
2026-09-04T06:15:03Z,2026-09-04T09:20:00.139914+03:00,_1,e272934c2aee,Kato Polemidia,Lemesos,4
2026-09-04T06:15:03Z,2026-09-04T09:20:00.139914+03:00,_2,e7aa3fa7d4d2,Lemesos,Germasogeia,0
2026-09-04T06:15:03Z,2026-09-04T09:20:00.139914+03:00,_0,fe72ea2b224f,Strovolos,Lemesou Ave,0
2026-09-04T06:15:03Z,2026-09-04T09:20:00.139914+03:00,_1,1c3025f6d361,Strovolos,Lemesou Ave,4
2026-09-04T06:15:03Z,2026-09-04T09:20:00.139914+03:00,_2,7792802c8552,Aglantzia,Archiepiskopou Makariou III Ave,0
2026-09-04T06:15:03Z,2026-09-04T09:20:00.139914+03:00,_0,24f6df74a9e2,E110,E110 - Agias Fylaxeos,0
2026-09-04T06:15:03Z,2026-09-04T09:20:00.139914+03:00,_1,3c478f449f26,E110 - 1 Apriliou,E110 - Agias Fylaxeos,4
2026-09-04T06:15:03Z,2026-09-04T09:20:00.139914+03:00,_2,e50ca2ecb1e0,E110 - 1 Apriliou,,3
2026-09-04T06:15:03Z,2026-09-04T09:20:00.139914+03:00,_3,94bd22476a9c,E110 - Agias Fylaxeos,E147 - Archiepiskopou Makariou III Ave,0
2026-09-04T06:15:03Z,2026-09-04T09:20:00.139914+03:00,_4,88697bca4b53,Agias Filaxeos,E147 - Archiepiskopou Makariou III Ave,3
2026-09-04T06:15:03Z,2026-09-04T09:20:00.139914+03:00,_0,920305ee9a1e,E147 - Archiepiskopou Makariou III Ave,Agias Filaxeos,0
2026-09-04T06:15:03Z,2026-09-04T09:20:00.139914+03:00,_1,a4260c51b19c,Steliou Kyriakidi,,4
2026-09-04T06:15:03Z,2026-09-04T09:20:00.139914+03:00,_2,f5f94ff22484,Agias Filaxeos,E110,0
2026-09-04T06:15:03Z,2026-09-04T09:20:00.139914+03:00,_0,a3a211317758,,Kato Polemidia,0
2026-09-04T06:15:03Z,2026-09-04T09:20:00.139914+03:00,_1,e272934c2aee,Kato Polemidia,Lemesos,4
2026-09-04T06:15:03Z,2026-09-04T09:20:00.139914+03:00,_2,7adfefecaf30,Lemesos,Lemesou Ave,0
2026-09-04T06:15:03Z,2026-09-04T09:20:00.139914+03:00,_3,1c3025f6d361,Strovolos,Lemesou Ave,4
2026-09-04T06:15:03Z,2026-09-04T09:20:00.139914+03:00,_4,cc8badd45da4,Aglantzia,Evagorou Ave,0
2026-09-04T06:15:03Z,2026-09-04T09:20:00.139914+03:00,_0,d624d2c1050e,Leoforos Strovolou,E122 - Athinon,0
2026-09-04T06:15:03Z,2026-09-04T09:20:00.139914+03:00,_1,6d4d0464be66,Strovolou Ave,Omirou,2
2026-09-04T06:15:03Z,2026-09-04T09:20:00.139914+03:00,_2,849e12d85bf2,E122 - Athinon,E902 - Proedrikou Megarou Ave,0
2026-09-04T06:15:03Z,2026-09-04T09:20:00.139914+03:00,_0,06afc6492b14,Exit 24 >E127 Germasogeia / E113 Lemesos-Centre,Germasogeia,1
2026-09-04T06:15:03Z,2026-09-04T09:20:00.139914+03:00,_1,3e1d75b9e16e,Agios Athanasios,"to A6 > Pafos, Pafos Airport",0
2026-09-04T06:25:13Z,2026-09-04T09:29:54.978645+03:00,_0,402ea56cd952,Episkopi,Ypsonas,0
2026-09-04T06:25:13Z,2026-09-04T09:29:54.978645+03:00,_1,942848927ad9,Kato Polemidia,Lemesos,4
2026-09-04T06:25:13Z,2026-09-04T09:29:54.978645+03:00,_2,e7aa3fa7d4d2,Lemesos,Germasogeia,0
2026-09-04T06:25:13Z,2026-09-04T09:29:54.978645+03:00,_0,fe72ea2b224f,Strovolos,Lemesou Ave,0
2026-09-04T06:25:13Z,2026-09-04T09:29:54.978645+03:00,_1,1c3025f6d361,Strovolos,Lemesou Ave,3
2026-09-04T06:25:13Z,2026-09-04T09:29:54.978645+03:00,_2,c6e235d3222a,Aglantzia,Archiepiskopou Makariou III Ave,0
2026-09-04T06:25:13Z,2026-09-04T09:29:54.978645+03:00,_3,394713f228bd,Lemesou Ave,Lemesou Ave,3
2026-09-04T06:25:13Z,2026-09-04T09:29:54.978645+03:00,_0,3d0e4e0e5abe,E110,E110 - Agias Fylaxeos,0
2026-09-04T06:25:13Z,2026-09-04T09:29:54.978645+03:00,_1,2c0f8a50493b,E110 - 1 Apriliou,E110 - Agias Fylaxeos,3
2026-09-04T06:25:13Z,2026-09-04T09:29:54.978645+03:00,_2,e50ca2ecb1e0,E110 - 1 Apriliou,,4
2026-09-04T06:25:13Z,2026-09-04T09:29:54.978645+03:00,_3,19d45cd96312,E110 - Agias Fylaxeos,E147 - Archiepiskopou Makariou III Ave,0
2026-09-04T06:25:13Z,2026-09-04T09:29:54.978645+03:00,_4,535964c57235,Agias Filaxeos,E147 - Archiepiskopou Makariou III Ave,3
2026-09-04T06:25:13Z,2026-09-04T09:29:54.978645+03:00,_0,920305ee9a1e,E147 - Archiepiskopou Makariou III Ave,Agias Filaxeos,0
2026-09-04T06:25:13Z,2026-09-04T09:29:54.978645+03:00,_1,a4260c51b19c,Steliou Kyriakidi,,4
2026-09-04T06:25:13Z,2026-09-04T09:29:54.978645+03:00,_2,f5f94ff22484,Agias Filaxeos,E110,0
2026-09-04T06:25:13Z,2026-09-04T09:29:54.978645+03:00,_0,69a5af85def0,,Ypsonas,0
2026-09-04T06:25:13Z,2026-09-04T09:29:54.978645+03:00,_1,942848927ad9,Kato Polemidia,Lemesos,4
2026-09-04T06:25:13Z,2026-09-04T09:29:54.978645+03:00,_2,7adfefecaf30,Lemesos,Lemesou Ave,0
2026-09-04T06:25:13Z,2026-09-04T09:29:54.978645+03:00,_3,1c3025f6d361,Strovolos,Lemesou Ave,3
2026-09-04T06:25:13Z,2026-09-04T09:29:54.978645+03:00,_4,c6e235d3222a,Aglantzia,Archiepiskopou Makariou III Ave,0
2026-09-04T06:25:13Z,2026-09-04T09:29:54.978645+03:00,_5,6efde239cabf,Lemesou Ave,Archiepiskopou Makariou III Ave,3
2026-09-04T06:25:13Z,2026-09-04T09:29:54.978645+03:00,_6,8fab7dfc83f0,Lemesou Ave,Evagorou Ave,0
2026-09-04T06:25:13Z,2026-09-04T09:29:54.978645+03:00,_0,68ba8c9365ac,Exit 24 >E127 Germasogeia / E113 Lemesos-Centre,Germasogeia,0
2026-09-04T06:25:13Z,2026-09-04T09:29:54.978645+03:00,_1,ce32023c9f0b,Germasogeia,Germasogeia,1
2026-09-04T06:25:13Z,2026-09-04T09:29:54.978645+03:00,_2,3e1d75b9e16e,Agios Athanasios,"to A6 > Pafos, Pafos Airport",0
2026-09-04T06:35:19Z,2026-09-04T09:40:14.976175+03:00,_0,12584efa288c,Episkopi,Ypsonas,0
2026-09-04T06:35:19Z,2026-09-04T09:40:14.976175+03:00,_1,c29e484b8089,Ypsonas,Lemesos,4
2026-09-04T06:35:19Z,2026-09-04T09:40:14.976175+03:00,_2,e7aa3fa7d4d2,Lemesos,Germasogeia,0
2026-09-04T06:35:19Z,2026-09-04T09:40:14.976175+03:00,_0,fe72ea2b224f,Strovolos,Lemesou Ave,0
2026-09-04T06:35:19Z,2026-09-04T09:40:14.976175+03:00,_1,1c3025f6d361,Strovolos,Lemesou Ave,3
2026-09-04T06:35:19Z,2026-09-04T09:40:14.976175+03:00,_2,7c50b274239b,Aglantzia,E164 - Armenias,0
2026-09-04T06:35:19Z,2026-09-04T09:40:14.976175+03:00,_3,c57daf65c80e,Lemesou Ave,Archiepiskopou Makariou III Ave,2
2026-09-04T06:35:19Z,2026-09-04T09:40:14.976175+03:00,_0,c7cc2624ec90,E110,E110 - Agias Fylaxeos,0
2026-09-04T06:35:19Z,2026-09-04T09:40:14.976175+03:00,_1,977b92fdc886,E110 - 1 Apriliou,,3
2026-09-04T06:35:19Z,2026-09-04T09:40:14.976175+03:00,_2,20e4174f50d7,E110 - Agias Fylaxeos,Agias Filaxeos,0
2026-09-04T06:35:19Z,2026-09-04T09:40:14.976175+03:00,_3,fb320c415464,Agias Filaxeos,Agias Filaxeos,3
2026-09-04T06:35:19Z,2026-09-04T09:40:14.976175+03:00,_4,e47204e3dfbb,Agias Filaxeos,E147 - Archiepiskopou Makariou III Ave,0
2026-09-04T06:35:19Z,2026-09-04T09:40:14.976175+03:00,_0,920305ee9a1e,E147 - Archiepiskopou Makariou III Ave,Agias Filaxeos,0
2026-09-04T06:35:19Z,2026-09-04T09:40:14.976175+03:00,_1,a4260c51b19c,Steliou Kyriakidi,,4
2026-09-04T06:35:19Z,2026-09-04T09:40:14.976175+03:00,_2,f5f94ff22484,Agias Filaxeos,E110,0
2026-09-04T06:35:19Z,2026-09-04T09:40:14.976175+03:00,_0,8f4656a3b06e,,Ypsonas,0
2026-09-04T06:35:19Z,2026-09-04T09:40:14.976175+03:00,_1,c29e484b8089,Ypsonas,Lemesos,4
2026-09-04T06:35:19Z,2026-09-04T09:40:14.976175+03:00,_2,7adfefecaf30,Lemesos,Lemesou Ave,0
2026-09-04T06:35:19Z,2026-09-04T09:40:14.976175+03:00,_3,1c3025f6d361,Strovolos,Lemesou Ave,3
2026-09-04T06:35:19Z,2026-09-04T09:40:14.976175+03:00,_4,7c50b274239b,Aglantzia,E164 - Armenias,0
2026-09-04T06:35:19Z,2026-09-04T09:40:14.976175+03:00,_5,43f05193c4b0,Lemesou Ave,Archiepiskopou Makariou III Ave,2
2026-09-04T06:35:19Z,2026-09-04T09:40:14.976175+03:00,_6,19b5cd40e1bc,Lemesou Ave,Archiepiskopou Makariou III Ave,0
2026-09-04T06:35:19Z,2026-09-04T09:40:14.976175+03:00,_7,47dc1257bff6,Lemesou Ave,B18 - Georgiou Griva Digeni Ave,2
2026-09-04T06:35:19Z,2026-09-04T09:40:14.976175+03:00,_8,7c1a88e2db2c,Archiepiskopou Makariou III Ave,E1302 - Nikis Ave,0
2026-09-04T06:35:19Z,2026-09-04T09:40:14.976175+03:00,_9,910016111853,B18 - Georgiou Griva Digeni Ave,B18 - Georgiou Griva Digeni Ave,4
2026-09-04T06:35:19Z,2026-09-04T09:40:14.976175+03:00,_10,bbf67e32aa17,B18 - Georgiou Griva Digeni Ave,Evagorou Ave,0
2026-09-04T06:45:26Z,2026-09-04T09:49:54.135498+03:00,_0,fe72ea2b224f,Strovolos,Lemesou Ave,0
2026-09-04T06:45:26Z,2026-09-04T09:49:54.135498+03:00,_1,1c3025f6d361,Strovolos,Lemesou Ave,3
2026-09-04T06:45:26Z,2026-09-04T09:49:54.135498+03:00,_2,c6e235d3222a,Aglantzia,Archiepiskopou Makariou III Ave,0
2026-09-04T06:45:26Z,2026-09-04T09:49:54.135498+03:00,_3,394713f228bd,Lemesou Ave,Lemesou Ave,3
2026-09-04T06:45:26Z,2026-09-04T09:49:54.135498+03:00,_0,5571d2934d78,E110,E110 - Agias Fylaxeos,0
2026-09-04T06:45:26Z,2026-09-04T09:49:54.135498+03:00,_1,4d40b5fe9ec1,E110 - 1 Apriliou,,3
2026-09-04T06:45:26Z,2026-09-04T09:49:54.135498+03:00,_2,20e4174f50d7,E110 - Agias Fylaxeos,Agias Filaxeos,0
2026-09-04T06:45:26Z,2026-09-04T09:49:54.135498+03:00,_3,b7fab98a664a,Agias Filaxeos,Agias Filaxeos,3
2026-09-04T06:45:26Z,2026-09-04T09:49:54.135498+03:00,_4,1c1dc5969b3e,Agias Filaxeos,Agias Filaxeos,0
2026-09-04T06:45:26Z,2026-09-04T09:49:54.135498+03:00,_5,676c339d8b55,Agias Filaxeos,E147 - Archiepiskopou Makariou III Ave,3
2026-09-04T06:45:26Z,2026-09-04T09:49:54.135498+03:00,_0,67becf3879a0,Episkopi,Ypsonas,0
2026-09-04T06:45:26Z,2026-09-04T09:49:54.135498+03:00,_1,aaffc666d2c5,Ypsonas,Lemesos,4
2026-09-04T06:45:26Z,2026-09-04T09:49:54.135498+03:00,_2,e7aa3fa7d4d2,Lemesos,Germasogeia,0
2026-09-04T06:45:26Z,2026-09-04T09:49:54.135498+03:00,_0,4696d5c3edda,,Ypsonas,0
2026-09-04T06:45:26Z,2026-09-04T09:49:54.135498+03:00,_1,aaffc666d2c5,Ypsonas,Lemesos,4
2026-09-04T06:45:26Z,2026-09-04T09:49:54.135498+03:00,_2,7adfefecaf30,Lemesos,Lemesou Ave,0
2026-09-04T06:45:26Z,2026-09-04T09:49:54.135498+03:00,_3,1c3025f6d361,Strovolos,Lemesou Ave,3
2026-09-04T06:45:26Z,2026-09-04T09:49:54.135498+03:00,_4,c6e235d3222a,Aglantzia,Archiepiskopou Makariou III Ave,0
2026-09-04T06:45:26Z,2026-09-04T09:49:54.135498+03:00,_5,6efde239cabf,Lemesou Ave,Archiepiskopou Makariou III Ave,3
2026-09-04T06:45:26Z,2026-09-04T09:49:54.135498+03:00,_6,7e9e53411917,Lemesou Ave,E1302 - Nikis Ave,0
2026-09-04T06:45:26Z,2026-09-04T09:49:54.135498+03:00,_7,910016111853,B18 - Georgiou Griva Digeni Ave,B18 - Georgiou Griva Digeni Ave,4
2026-09-04T06:45:26Z,2026-09-04T09:49:54.135498+03:00,_8,bbf67e32aa17,B18 - Georgiou Griva Digeni Ave,Evagorou Ave,0
2026-09-04T06:55:33Z,2026-09-04T10:00:28.971195+03:00,_0,fe72ea2b224f,Strovolos,Lemesou Ave,0
2026-09-04T06:55:33Z,2026-09-04T10:00:28.971195+03:00,_1,1c3025f6d361,Strovolos,Lemesou Ave,4
2026-09-04T06:55:33Z,2026-09-04T10:00:28.971195+03:00,_2,c6e235d3222a,Aglantzia,Archiepiskopou Makariou III Ave,0
2026-09-04T06:55:33Z,2026-09-04T10:00:28.971195+03:00,_3,394713f228bd,Lemesou Ave,Lemesou Ave,3
2026-09-04T06:55:33Z,2026-09-04T10:00:28.971195+03:00,_0,b5a935136798,E110,E110 - 1 Apriliou,0
2026-09-04T06:55:33Z,2026-09-04T10:00:28.971195+03:00,_1,1d675a07ed2a,E110 - 1 Apriliou,,3
2026-09-04T06:55:33Z,2026-09-04T10:00:28.971195+03:00,_2,641f0c228594,E110 - Agias Fylaxeos,Agias Filaxeos,0
2026-09-04T06:55:33Z,2026-09-04T10:00:28.971195+03:00,_3,e03f8e3f954d,Agias Filaxeos,Agias Filaxeos,3
2026-09-04T06:55:33Z,2026-09-04T10:00:28.971195+03:00,_4,1c1dc5969b3e,Agias Filaxeos,Agias Filaxeos,0
2026-09-04T06:55:33Z,2026-09-04T10:00:28.971195+03:00,_5,676c339d8b55,Agias Filaxeos,E147 - Archiepiskopou Makariou III Ave,3
2026-09-04T06:55:33Z,2026-09-04T10:00:28.971195+03:00,_0,12584efa288c,Episkopi,Ypsonas,0
2026-09-04T06:55:33Z,2026-09-04T10:00:28.971195+03:00,_1,c29e484b8089,Ypsonas,Lemesos,4
2026-09-04T06:55:33Z,2026-09-04T10:00:28.971195+03:00,_2,e7aa3fa7d4d2,Lemesos,Germasogeia,0
2026-09-04T06:55:33Z,2026-09-04T10:00:28.971195+03:00,_0,a955553ad43f,E147 - Archiepiskopou Makariou III Ave,Agias Filaxeos,0
2026-09-04T06:55:33Z,2026-09-04T10:00:28.971195+03:00,_1,178b09e79f56,E147 - Archiepiskopou Makariou III Ave,Vasileos Georgiou II,2
2026-09-04T06:55:33Z,2026-09-04T10:00:28.971195+03:00,_2,51d9285fca15,Agias Filaxeos,E110,0
2026-09-04T06:55:33Z,2026-09-04T10:00:28.971195+03:00,_0,8f4656a3b06e,,Ypsonas,0
2026-09-04T06:55:33Z,2026-09-04T10:00:28.971195+03:00,_1,c29e484b8089,Ypsonas,Lemesos,4
2026-09-04T06:55:33Z,2026-09-04T10:00:28.971195+03:00,_2,7adfefecaf30,Lemesos,Lemesou Ave,0
2026-09-04T06:55:33Z,2026-09-04T10:00:28.971195+03:00,_3,1c3025f6d361,Strovolos,Lemesou Ave,4
2026-09-04T06:55:33Z,2026-09-04T10:00:28.971195+03:00,_4,c6e235d3222a,Aglantzia,Archiepiskopou Makariou III Ave,0
2026-09-04T06:55:33Z,2026-09-04T10:00:28.971195+03:00,_5,6efde239cabf,Lemesou Ave,Archiepiskopou Makariou III Ave,3
2026-09-04T06:55:33Z,2026-09-04T10:00:28.971195+03:00,_6,585aa61a46fa,Lemesou Ave,B18 - Digeni Akrita Ave,0
2026-09-04T06:55:33Z,2026-09-04T10:00:28.971195+03:00,_7,055237d5336a,Archiepiskopou Makariou III Ave,B18 - Georgiou Griva Digeni Ave,2
2026-09-04T06:55:33Z,2026-09-04T10:00:28.971195+03:00,_8,7c1a88e2db2c,Archiepiskopou Makariou III Ave,E1302 - Nikis Ave,0
2026-09-04T06:55:33Z,2026-09-04T10:00:28.971195+03:00,_9,910016111853,B18 - Georgiou Griva Digeni Ave,B18 - Georgiou Griva Digeni Ave,4
2026-09-04T06:55:33Z,2026-09-04T10:00:28.971195+03:00,_10,bbf67e32aa17,B18 - Georgiou Griva Digeni Ave,Evagorou Ave,0
2026-09-04T06:55:33Z,2026-09-04T10:00:28.971195+03:00,_0,e8af1a494c38,Leoforos Strovolou,E122 - Athinon,0
2026-09-04T06:55:33Z,2026-09-04T10:00:28.971195+03:00,_1,ba7acf4b9a4a,Strovolou Ave,E902 - Proedrikou Megarou Ave,2
2026-09-04T06:55:33Z,2026-09-04T10:00:28.971195+03:00,_2,c6ac6530f2b9,Strovolou Ave,E902 - Proedrikou Megarou Ave,0
2026-09-04T11:09:11Z,2026-09-04T14:14:06.934743+03:00,_0,920305ee9a1e,E147 - Archiepiskopou Makariou III Ave,Agias Filaxeos,0
2026-09-04T11:09:11Z,2026-09-04T14:14:06.934743+03:00,_1,a4260c51b19c,Steliou Kyriakidi,,3
2026-09-04T11:09:11Z,2026-09-04T14:14:06.934743+03:00,_2,f5f94ff22484,Agias Filaxeos,E110,0
2026-09-04T11:09:11Z,2026-09-04T14:14:06.934743+03:00,_0,69fc3b9dbbdd,Strovolos,Archiepiskopou Makariou III Ave,0
2026-09-04T11:09:11Z,2026-09-04T14:14:06.934743+03:00,_1,e9824d0075f7,Lemesou Ave,,3
2026-09-04T11:09:11Z,2026-09-04T14:14:06.934743+03:00,_2,91353c408128,,Lemesou Ave,0
2026-09-04T11:09:11Z,2026-09-04T14:14:06.934743+03:00,_0,ecaddb19046c,E110,E147 - Archiepiskopou Makariou III Ave,0
2026-09-04T11:09:11Z,2026-09-04T14:14:06.934743+03:00,_1,f8a1b1df72c7,Agias Filaxeos,E147 - Archiepiskopou Makariou III Ave,3
2026-09-04T11:09:11Z,2026-09-04T14:14:06.934743+03:00,_0,daca33dbcb0d,,Archiepiskopou Makariou III Ave,0
2026-09-04T11:09:11Z,2026-09-04T14:14:06.934743+03:00,_1,e9824d0075f7,Lemesou Ave,,3
2026-09-04T11:09:11Z,2026-09-04T14:14:06.934743+03:00,_2,a84133578e83,,Evagorou Ave,0
2026-09-04T11:09:11Z,2026-09-04T14:14:06.934743+03:00,_0,493e5fa05418,Exit 24 >E127 Germasogeia / E113 Lemesos-Centre,Kato Polemidia,0
2026-09-04T11:09:11Z,2026-09-04T14:14:06.934743+03:00,_1,2e4e38273012,Kato Polemidia,Kato Polemidia,1
2026-09-04T11:09:11Z,2026-09-04T14:14:06.934743+03:00,_2,5052820d4346,A1,"to A6 > Pafos, Pafos Airport",0
2026-09-04T11:19:45Z,2026-09-04T14:24:40.955772+03:00,_0,920305ee9a1e,E147 - Archiepiskopou Makariou III Ave,Agias Filaxeos,0
2026-09-04T11:19:45Z,2026-09-04T14:24:40.955772+03:00,_1,a4260c51b19c,Steliou Kyriakidi,,3
2026-09-04T11:19:45Z,2026-09-04T14:24:40.955772+03:00,_2,f5f94ff22484,Agias Filaxeos,E110,0
2026-09-04T11:19:45Z,2026-09-04T14:24:40.955772+03:00,_0,248866f2f861,E110,E147 - Archiepiskopou Makariou III Ave,0
2026-09-04T11:19:45Z,2026-09-04T14:24:40.955772+03:00,_1,e713c7488bdd,Agias Filaxeos,E147 - Archiepiskopou Makariou III Ave,4
2026-09-04T11:19:45Z,2026-09-04T14:24:40.955772+03:00,_0,04e0d90cca46,Leoforos Strovolou,E902 - Proedrikou Megarou Ave,0
2026-09-04T11:19:45Z,2026-09-04T14:24:40.955772+03:00,_1,2e2860fdee90,Strovolou Ave,E902 - Proedrikou Megarou Ave,3
2026-09-04T11:19:45Z,2026-09-04T14:24:40.955772+03:00,_2,c6ac6530f2b9,Strovolou Ave,E902 - Proedrikou Megarou Ave,0
2026-09-04T11:29:53Z,2026-09-04T14:34:48.776869+03:00,_0,9e81f5db7a01,E147 - Archiepiskopou Makariou III Ave,Agias Filaxeos,0
2026-09-04T11:29:53Z,2026-09-04T14:34:48.776869+03:00,_1,be61b2cb304e,E147 - Archiepiskopou Makariou III Ave,Vasileos Georgiou II,2
2026-09-04T11:29:53Z,2026-09-04T14:34:48.776869+03:00,_2,ec5eee792e7a,Agias Filaxeos,Steliou Kyriakidi,0
2026-09-04T11:29:53Z,2026-09-04T14:34:48.776869+03:00,_3,fbdd0e351f56,Ivykou,,4
2026-09-04T11:29:53Z,2026-09-04T14:34:48.776869+03:00,_4,f5f94ff22484,Agias Filaxeos,E110,0
2026-09-04T11:29:53Z,2026-09-04T14:34:48.776869+03:00,_0,72b03ff9b5bc,E110,E110 - Agias Fylaxeos,0
2026-09-04T11:29:53Z,2026-09-04T14:34:48.776869+03:00,_1,e50ca2ecb1e0,E110 - 1 Apriliou,,2
2026-09-04T11:29:53Z,2026-09-04T14:34:48.776869+03:00,_2,05118f568b84,E110 - Agias Fylaxeos,E147 - Archiepiskopou Makariou III Ave,0
2026-09-04T11:29:53Z,2026-09-04T14:34:48.776869+03:00,_3,b1607c8a378f,Agias Filaxeos,E147 - Archiepiskopou Makariou III Ave,3
2026-09-04T11:40:24Z,2026-09-04T14:45:13.464277+03:00,_0,69fc3b9dbbdd,Strovolos,Archiepiskopou Makariou III Ave,0
2026-09-04T11:40:24Z,2026-09-04T14:45:13.464277+03:00,_1,c57daf65c80e,Lemesou Ave,Archiepiskopou Makariou III Ave,3
2026-09-04T11:40:24Z,2026-09-04T14:45:13.464277+03:00,_0,e840a4c3672b,E147 - Archiepiskopou Makariou III Ave,Steliou Kyriakidi,0
2026-09-04T11:40:24Z,2026-09-04T14:45:13.464277+03:00,_1,fbdd0e351f56,Ivykou,,4
2026-09-04T11:40:24Z,2026-09-04T14:45:13.464277+03:00,_2,f5f94ff22484,Agias Filaxeos,E110,0
2026-09-04T11:40:24Z,2026-09-04T14:45:13.464277+03:00,_0,72b03ff9b5bc,E110,E110 - Agias Fylaxeos,0
2026-09-04T11:40:24Z,2026-09-04T14:45:13.464277+03:00,_1,e50ca2ecb1e0,E110 - 1 Apriliou,,2
2026-09-04T11:40:24Z,2026-09-04T14:45:13.464277+03:00,_2,c8792afe581d,E110 - Agias Fylaxeos,E147 - Archiepiskopou Makariou III Ave,0
2026-09-04T11:40:24Z,2026-09-04T14:45:13.464277+03:00,_0,daca33dbcb0d,,Archiepiskopou Makariou III Ave,0
2026-09-04T11:40:24Z,2026-09-04T14:45:13.464277+03:00,_1,43f05193c4b0,Lemesou Ave,Archiepiskopou Makariou III Ave,3
2026-09-04T11:40:24Z,2026-09-04T14:45:13.464277+03:00,_2,50e4e4ad5979,Lemesou Ave,B18 - Georgiou Griva Digeni Ave,0
2026-09-04T11:40:24Z,2026-09-04T14:45:13.464277+03:00,_3,77882f54bb36,B18 - Georgiou Griva Digeni Ave,E165 - Diagorou,2
2026-09-04T11:40:24Z,2026-09-04T14:45:13.464277+03:00,_4,bd60eb46198f,E165 - Themistokli Dervi,Evagorou Ave,0
2026-09-04T11:40:24Z,2026-09-04T14:45:13.464277+03:00,_0,8d77f87328bf,Leoforos Strovolou,E902 - Proedrikou Megarou Ave,0
2026-09-04T11:40:24Z,2026-09-04T14:45:13.464277+03:00,_1,1e7665234fdc,Strovolou Ave,E902 - Proedrikou Megarou Ave,3
2026-09-04T11:40:24Z,2026-09-04T14:45:13.464277+03:00,_2,c6ac6530f2b9,Strovolou Ave,E902 - Proedrikou Megarou Ave,0
2026-09-04T11:40:24Z,2026-09-04T14:45:13.464277+03:00,_0,2459eb632a9a,Exit 24 >E127 Germasogeia / E113 Lemesos-Centre,Lemesos,0
2026-09-04T11:40:24Z,2026-09-04T14:45:13.464277+03:00,_1,e1dac3423766,Lemesos,Lemesos,2
2026-09-04T11:40:24Z,2026-09-04T14:45:13.464277+03:00,_2,ef93f4872b51,Lemesos,"to A6 > Pafos, Pafos Airport",0
2026-09-04T11:50:30Z,2026-09-04T14:55:12.498206+03:00,_0,69fc3b9dbbdd,Strovolos,Archiepiskopou Makariou III Ave,0
2026-09-04T11:50:30Z,2026-09-04T14:55:12.498206+03:00,_1,c57daf65c80e,Lemesou Ave,Archiepiskopou Makariou III Ave,4
2026-09-04T11:50:30Z,2026-09-04T14:55:12.498206+03:00,_0,e840a4c3672b,E147 - Archiepiskopou Makariou III Ave,Steliou Kyriakidi,0
2026-09-04T11:50:30Z,2026-09-04T14:55:12.498206+03:00,_1,fbdd0e351f56,Ivykou,,4
2026-09-04T11:50:30Z,2026-09-04T14:55:12.498206+03:00,_2,f5f94ff22484,Agias Filaxeos,E110,0
2026-09-04T11:50:30Z,2026-09-04T14:55:12.498206+03:00,_0,72b03ff9b5bc,E110,E110 - Agias Fylaxeos,0
2026-09-04T11:50:30Z,2026-09-04T14:55:12.498206+03:00,_1,e50ca2ecb1e0,E110 - 1 Apriliou,,2
2026-09-04T11:50:30Z,2026-09-04T14:55:12.498206+03:00,_2,c8792afe581d,E110 - Agias Fylaxeos,E147 - Archiepiskopou Makariou III Ave,0
2026-09-04T11:50:30Z,2026-09-04T14:55:12.498206+03:00,_0,078bc587a921,Exit 24 >E127 Germasogeia / E113 Lemesos-Centre,Agios Athanasios,0
2026-09-04T11:50:30Z,2026-09-04T14:55:12.498206+03:00,_1,f75977d2b4e3,Agios Athanasios,Mesa Geitonia,1
2026-09-04T11:50:30Z,2026-09-04T14:55:12.498206+03:00,_2,e217100ddcd4,Lemesos,Lemesos,0
2026-09-04T11:50:30Z,2026-09-04T14:55:12.498206+03:00,_3,e1dac3423766,Lemesos,Lemesos,1
2026-09-04T11:50:30Z,2026-09-04T14:55:12.498206+03:00,_4,ef93f4872b51,Lemesos,"to A6 > Pafos, Pafos Airport",0
2026-09-04T11:50:30Z,2026-09-04T14:55:12.498206+03:00,_0,daca33dbcb0d,,Archiepiskopou Makariou III Ave,0
2026-09-04T11:50:30Z,2026-09-04T14:55:12.498206+03:00,_1,43f05193c4b0,Lemesou Ave,Archiepiskopou Makariou III Ave,4
2026-09-04T11:50:30Z,2026-09-04T14:55:12.498206+03:00,_2,f80acc7b0a51,Lemesou Ave,E1302 - Nikis Ave,0
2026-09-04T11:50:30Z,2026-09-04T14:55:12.498206+03:00,_3,8693a9de5ca3,B18 - Georgiou Griva Digeni Ave,B18 - Georgiou Griva Digeni Ave,1
2026-09-04T11:50:30Z,2026-09-04T14:55:12.498206+03:00,_4,98301341586e,B18 - Georgiou Griva Digeni Ave,B18 - Georgiou Griva Digeni Ave,0
2026-09-04T11:50:30Z,2026-09-04T14:55:12.498206+03:00,_5,22194ffbbbb6,B18 - Georgiou Griva Digeni Ave,E1302 - Nikis Ave,4
2026-09-04T11:50:30Z,2026-09-04T14:55:12.498206+03:00,_6,53725b50c7e6,B18 - Georgiou Griva Digeni Ave,Evagorou Ave,0
2026-09-04T12:00:36Z,2026-09-04T15:05:25.283897+03:00,_0,69fc3b9dbbdd,Strovolos,Archiepiskopou Makariou III Ave,0
2026-09-04T12:00:36Z,2026-09-04T15:05:25.283897+03:00,_1,c57daf65c80e,Lemesou Ave,Archiepiskopou Makariou III Ave,4
2026-09-04T12:00:36Z,2026-09-04T15:05:25.283897+03:00,_0,920305ee9a1e,E147 - Archiepiskopou Makariou III Ave,Agias Filaxeos,0
2026-09-04T12:00:36Z,2026-09-04T15:05:25.283897+03:00,_1,a4260c51b19c,Steliou Kyriakidi,,4
2026-09-04T12:00:36Z,2026-09-04T15:05:25.283897+03:00,_2,f5f94ff22484,Agias Filaxeos,E110,0
2026-09-04T12:00:36Z,2026-09-04T15:05:25.283897+03:00,_0,72b03ff9b5bc,E110,E110 - Agias Fylaxeos,0
2026-09-04T12:00:36Z,2026-09-04T15:05:25.283897+03:00,_1,e50ca2ecb1e0,E110 - 1 Apriliou,,3
2026-09-04T12:00:36Z,2026-09-04T15:05:25.283897+03:00,_2,a00391c2d0b8,E110 - Agias Fylaxeos,E147 - Archiepiskopou Makariou III Ave,0
2026-09-04T12:00:36Z,2026-09-04T15:05:25.283897+03:00,_0,daca33dbcb0d,,Archiepiskopou Makariou III Ave,0
2026-09-04T12:00:36Z,2026-09-04T15:05:25.283897+03:00,_1,43f05193c4b0,Lemesou Ave,Archiepiskopou Makariou III Ave,4
2026-09-04T12:00:36Z,2026-09-04T15:05:25.283897+03:00,_2,5aa9f8d8c10c,Lemesou Ave,Archiepiskopou Makariou III Ave,0
2026-09-04T12:00:36Z,2026-09-04T15:05:25.283897+03:00,_3,e416e06b7bb8,Archiepiskopou Makariou III Ave,B18 - Georgiou Griva Digeni Ave,3
2026-09-04T12:00:36Z,2026-09-04T15:05:25.283897+03:00,_4,1abd14145799,Archiepiskopou Makariou III Ave,B18 - Georgiou Griva Digeni Ave,0
2026-09-04T12:00:36Z,2026-09-04T15:05:25.283897+03:00,_5,8693a9de5ca3,B18 - Georgiou Griva Digeni Ave,B18 - Georgiou Griva Digeni Ave,1
2026-09-04T12:00:36Z,2026-09-04T15:05:25.283897+03:00,_6,98301341586e,B18 - Georgiou Griva Digeni Ave,B18 - Georgiou Griva Digeni Ave,0
2026-09-04T12:00:36Z,2026-09-04T15:05:25.283897+03:00,_7,22194ffbbbb6,B18 - Georgiou Griva Digeni Ave,E1302 - Nikis Ave,4
2026-09-04T12:00:36Z,2026-09-04T15:05:25.283897+03:00,_8,26b67a943055,B18 - Georgiou Griva Digeni Ave,Omirou Ave,0
2026-09-04T12:00:36Z,2026-09-04T15:05:25.283897+03:00,_9,c4b061092d51,E165 - Themistokli Dervi,Omirou Ave,3
2026-09-04T12:00:36Z,2026-09-04T15:05:25.283897+03:00,_10,be61879007bb,E165 - Diagorou,Anastasiou Leventi,0
2026-09-04T12:00:36Z,2026-09-04T15:05:25.283897+03:00,_0,68c80e5ac67b,Leoforos Strovolou,E902 - Proedrikou Megarou Ave,0
2026-09-04T12:00:36Z,2026-09-04T15:05:25.283897+03:00,_1,25beebc1d5d8,Perikleous,E902 - Proedrikou Megarou Ave,3
2026-09-04T12:00:36Z,2026-09-04T15:05:25.283897+03:00,_2,c6ac6530f2b9,Strovolou Ave,E902 - Proedrikou Megarou Ave,0
2026-09-04T12:00:36Z,2026-09-04T15:05:25.283897+03:00,_0,06afc6492b14,Exit 24 >E127 Germasogeia / E113 Lemesos-Centre,Germasogeia,2
2026-09-04T12:00:36Z,2026-09-04T15:05:25.283897+03:00,_1,307257218b8f,Agios Athanasios,Lemesos,0
2026-09-04T12:00:36Z,2026-09-04T15:05:25.283897+03:00,_2,e1dac3423766,Lemesos,Lemesos,2
2026-09-04T12:00:36Z,2026-09-04T15:05:25.283897+03:00,_3,ef93f4872b51,Lemesos,"to A6 > Pafos, Pafos Airport",0
2026-09-04T12:10:48Z,2026-09-04T15:15:15.403390+03:00,_0,920305ee9a1e,E147 - Archiepiskopou Makariou III Ave,Agias Filaxeos,0
2026-09-04T12:10:48Z,2026-09-04T15:15:15.403390+03:00,_1,a4260c51b19c,Steliou Kyriakidi,,4
2026-09-04T12:10:48Z,2026-09-04T15:15:15.403390+03:00,_2,f5f94ff22484,Agias Filaxeos,E110,0
2026-09-04T12:10:48Z,2026-09-04T15:15:15.403390+03:00,_0,69fc3b9dbbdd,Strovolos,Archiepiskopou Makariou III Ave,0
2026-09-04T12:10:48Z,2026-09-04T15:15:15.403390+03:00,_1,c57daf65c80e,Lemesou Ave,Archiepiskopou Makariou III Ave,4
2026-09-04T12:10:48Z,2026-09-04T15:15:15.403390+03:00,_0,72b03ff9b5bc,E110,E110 - Agias Fylaxeos,0
2026-09-04T12:10:48Z,2026-09-04T15:15:15.403390+03:00,_1,e50ca2ecb1e0,E110 - 1 Apriliou,,3
2026-09-04T12:10:48Z,2026-09-04T15:15:15.403390+03:00,_2,c8792afe581d,E110 - Agias Fylaxeos,E147 - Archiepiskopou Makariou III Ave,0
2026-09-04T12:10:48Z,2026-09-04T15:15:15.403390+03:00,_0,daca33dbcb0d,,Archiepiskopou Makariou III Ave,0
2026-09-04T12:10:48Z,2026-09-04T15:15:15.403390+03:00,_1,43f05193c4b0,Lemesou Ave,Archiepiskopou Makariou III Ave,4
2026-09-04T12:10:48Z,2026-09-04T15:15:15.403390+03:00,_2,2e53291b7838,Lemesou Ave,E1302 - Nikis Ave,0
2026-09-04T12:10:48Z,2026-09-04T15:15:15.403390+03:00,_3,22194ffbbbb6,B18 - Georgiou Griva Digeni Ave,E1302 - Nikis Ave,4
2026-09-04T12:10:48Z,2026-09-04T15:15:15.403390+03:00,_4,26b67a943055,B18 - Georgiou Griva Digeni Ave,Omirou Ave,0
2026-09-04T12:10:48Z,2026-09-04T15:15:15.403390+03:00,_5,c4b061092d51,E165 - Themistokli Dervi,Omirou Ave,4
2026-09-04T12:10:48Z,2026-09-04T15:15:15.403390+03:00,_6,be61879007bb,E165 - Diagorou,Anastasiou Leventi,0
2026-09-04T12:10:48Z,2026-09-04T15:15:15.403390+03:00,_0,68ba8c9365ac,Exit 24 >E127 Germasogeia / E113 Lemesos-Centre,Germasogeia,0
2026-09-04T12:10:48Z,2026-09-04T15:15:15.403390+03:00,_1,ce32023c9f0b,Germasogeia,Germasogeia,1
2026-09-04T12:10:48Z,2026-09-04T15:15:15.403390+03:00,_2,307257218b8f,Agios Athanasios,Lemesos,0
2026-09-04T12:10:48Z,2026-09-04T15:15:15.403390+03:00,_3,e1dac3423766,Lemesos,Lemesos,2
2026-09-04T12:10:48Z,2026-09-04T15:15:15.403390+03:00,_4,ef93f4872b51,Lemesos,"to A6 > Pafos, Pafos Airport",0
2026-09-04T12:20:54Z,2026-09-04T15:25:35.762891+03:00,_0,69fc3b9dbbdd,Strovolos,Archiepiskopou Makariou III Ave,0
2026-09-04T12:20:54Z,2026-09-04T15:25:35.762891+03:00,_1,c57daf65c80e,Lemesou Ave,Archiepiskopou Makariou III Ave,4
2026-09-04T12:20:54Z,2026-09-04T15:25:35.762891+03:00,_0,920305ee9a1e,E147 - Archiepiskopou Makariou III Ave,Agias Filaxeos,0
2026-09-04T12:20:54Z,2026-09-04T15:25:35.762891+03:00,_1,a4260c51b19c,Steliou Kyriakidi,,4
2026-09-04T12:20:54Z,2026-09-04T15:25:35.762891+03:00,_2,f5f94ff22484,Agias Filaxeos,E110,0
2026-09-04T12:20:54Z,2026-09-04T15:25:35.762891+03:00,_0,72b03ff9b5bc,E110,E110 - Agias Fylaxeos,0
2026-09-04T12:20:54Z,2026-09-04T15:25:35.762891+03:00,_1,e50ca2ecb1e0,E110 - 1 Apriliou,,3
2026-09-04T12:20:54Z,2026-09-04T15:25:35.762891+03:00,_2,73c10e640ed1,E110 - Agias Fylaxeos,E147 - Archiepiskopou Makariou III Ave,0
2026-09-04T12:20:54Z,2026-09-04T15:25:35.762891+03:00,_3,676c339d8b55,Agias Filaxeos,E147 - Archiepiskopou Makariou III Ave,3
2026-09-04T12:20:54Z,2026-09-04T15:25:35.762891+03:00,_0,f2e7dbbab450,Exit 24 >E127 Germasogeia / E113 Lemesos-Centre,Mesa Geitonia,1
2026-09-04T12:20:54Z,2026-09-04T15:25:35.762891+03:00,_1,e217100ddcd4,Lemesos,Lemesos,0
2026-09-04T12:20:54Z,2026-09-04T15:25:35.762891+03:00,_2,e1dac3423766,Lemesos,Lemesos,2
2026-09-04T12:20:54Z,2026-09-04T15:25:35.762891+03:00,_3,7afa14916510,Lemesos,A6,0
2026-09-04T12:20:54Z,2026-09-04T15:25:35.762891+03:00,_4,d7af27493189,A1,Kato Polemidia,1
2026-09-04T12:20:54Z,2026-09-04T15:25:35.762891+03:00,_5,35c11bfdc6c5,A1,"to A6 > Pafos, Pafos Airport",0
2026-09-04T12:20:54Z,2026-09-04T15:25:35.762891+03:00,_0,daca33dbcb0d,,Archiepiskopou Makariou III Ave,0
2026-09-04T12:20:54Z,2026-09-04T15:25:35.762891+03:00,_1,43f05193c4b0,Lemesou Ave,Archiepiskopou Makariou III Ave,4
2026-09-04T12:20:54Z,2026-09-04T15:25:35.762891+03:00,_2,585aa61a46fa,Lemesou Ave,B18 - Digeni Akrita Ave,0
2026-09-04T12:20:54Z,2026-09-04T15:25:35.762891+03:00,_3,055237d5336a,Archiepiskopou Makariou III Ave,B18 - Georgiou Griva Digeni Ave,3
2026-09-04T12:20:54Z,2026-09-04T15:25:35.762891+03:00,_4,8d2c613f4f47,Archiepiskopou Makariou III Ave,E1302 - Nikis Ave,0
2026-09-04T12:20:54Z,2026-09-04T15:25:35.762891+03:00,_5,22194ffbbbb6,B18 - Georgiou Griva Digeni Ave,E1302 - Nikis Ave,4
2026-09-04T12:20:54Z,2026-09-04T15:25:35.762891+03:00,_6,910016111853,B18 - Georgiou Griva Digeni Ave,B18 - Georgiou Griva Digeni Ave,3
2026-09-04T12:20:54Z,2026-09-04T15:25:35.762891+03:00,_7,83a6d874f3a1,B18 - Georgiou Griva Digeni Ave,Omirou Ave,0
2026-09-04T12:20:54Z,2026-09-04T15:25:35.762891+03:00,_8,34c1a4955017,E165 - Diagorou,Omirou Ave,3
2026-09-04T12:20:54Z,2026-09-04T15:25:35.762891+03:00,_9,be61879007bb,E165 - Diagorou,Anastasiou Leventi,0
2026-09-04T12:20:54Z,2026-09-04T15:25:35.762891+03:00,_0,f914fff2547b,Leoforos Strovolou,E902 - Proedrikou Megarou Ave,0
2026-09-04T12:20:54Z,2026-09-04T15:25:35.762891+03:00,_1,c04a316c4fdd,Strovolou Ave,E902 - Proedrikou Megarou Ave,4
2026-09-04T12:20:54Z,2026-09-04T15:25:35.762891+03:00,_2,c6ac6530f2b9,Strovolou Ave,E902 - Proedrikou Megarou Ave,0
2026-09-04T12:31:00Z,2026-09-04T15:35:35.793764+03:00,_0,69fc3b9dbbdd,Strovolos,Archiepiskopou Makariou III Ave,0
2026-09-04T12:31:00Z,2026-09-04T15:35:35.793764+03:00,_1,c57daf65c80e,Lemesou Ave,Archiepiskopou Makariou III Ave,3
2026-09-04T12:31:00Z,2026-09-04T15:35:35.793764+03:00,_0,920305ee9a1e,E147 - Archiepiskopou Makariou III Ave,Agias Filaxeos,0
2026-09-04T12:31:00Z,2026-09-04T15:35:35.793764+03:00,_1,a4260c51b19c,Steliou Kyriakidi,,4
2026-09-04T12:31:00Z,2026-09-04T15:35:35.793764+03:00,_2,58db42ee5329,Agias Filaxeos,E110 - 1 Apriliou,0
2026-09-04T12:31:00Z,2026-09-04T15:35:35.793764+03:00,_3,de7c5d112dc2,E110 - 1 Apriliou,E110 - Eleftherias,1
2026-09-04T12:31:00Z,2026-09-04T15:35:35.793764+03:00,_4,5f1fec2aa9f9,E110 - 1 Apriliou,E110,0
2026-09-04T12:31:00Z,2026-09-04T15:35:35.793764+03:00,_0,92a354a8d94a,Leoforos Strovolou,E950 - Giannou Kranidioti,0
2026-09-04T12:31:00Z,2026-09-04T15:35:35.793764+03:00,_1,bc3172fccafa,E950 - Giannou Kranidioti,,4
2026-09-04T12:31:00Z,2026-09-04T15:35:35.793764+03:00,_2,3d4bb6787bac,E148 - Melinas Merkouri,E902 - Proedrikou Megarou Ave,0
2026-09-04T12:31:00Z,2026-09-04T15:35:35.793764+03:00,_0,f2dad27e0b2c,E110,E110 - 1 Apriliou,0
2026-09-04T12:31:00Z,2026-09-04T15:35:35.793764+03:00,_1,0bc8a04884b8,E110 - 1 Apriliou,E110 - 1 Apriliou,3
2026-09-04T12:31:00Z,2026-09-04T15:35:35.793764+03:00,_2,f3d597e0f1ef,E110 - Eleftherias,E110 - Agias Fylaxeos,0
2026-09-04T12:31:00Z,2026-09-04T15:35:35.793764+03:00,_3,883ce04f7136,E110 - 1 Apriliou,,3
2026-09-04T12:31:00Z,2026-09-04T15:35:35.793764+03:00,_4,a3ae4f10ebab,E110 - Agias Fylaxeos,E147 - Archiepiskopou Makariou III Ave,0
2026-09-04T12:31:00Z,2026-09-04T15:35:35.793764+03:00,_5,0bea6912983e,Agias Filaxeos,E147 - Archiepiskopou Makariou III Ave,3
2026-09-04T12:31:00Z,2026-09-04T15:35:35.793764+03:00,_0,f2e7dbbab450,Exit 24 >E127 Germasogeia / E113 Lemesos-Centre,Mesa Geitonia,2
2026-09-04T12:31:00Z,2026-09-04T15:35:35.793764+03:00,_1,0df26c3b855b,Lemesos,"to A6 > Pafos, Pafos Airport",0
2026-09-04T12:31:00Z,2026-09-04T15:35:35.793764+03:00,_0,daca33dbcb0d,,Archiepiskopou Makariou III Ave,0
2026-09-04T12:31:00Z,2026-09-04T15:35:35.793764+03:00,_1,43f05193c4b0,Lemesou Ave,Archiepiskopou Makariou III Ave,3
2026-09-04T12:31:00Z,2026-09-04T15:35:35.793764+03:00,_2,9d9318e88b84,Lemesou Ave,E1302 - Nikis Ave,0
2026-09-04T12:31:00Z,2026-09-04T15:35:35.793764+03:00,_3,78a68e950dd6,B18 - Georgiou Griva Digeni Ave,E1302 - Nikis Ave,4
2026-09-04T12:31:00Z,2026-09-04T15:35:35.793764+03:00,_4,910016111853,B18 - Georgiou Griva Digeni Ave,B18 - Georgiou Griva Digeni Ave,3
2026-09-04T12:31:00Z,2026-09-04T15:35:35.793764+03:00,_5,bbf67e32aa17,B18 - Georgiou Griva Digeni Ave,Evagorou Ave,0
2026-09-04T12:41:09Z,2026-09-04T15:45:35.839486+03:00,_0,5b27c50fa078,Strovolos,Archiepiskopou Makariou III Ave,0
2026-09-04T12:41:09Z,2026-09-04T15:45:35.839486+03:00,_1,8b530b355b26,Lemesou Ave,Archiepiskopou Makariou III Ave,4
2026-09-04T12:41:09Z,2026-09-04T15:45:35.839486+03:00,_0,044a01c053a4,E147 - Archiepiskopou Makariou III Ave,Agias Filaxeos,2
2026-09-04T12:41:09Z,2026-09-04T15:45:35.839486+03:00,_1,b05b7d82c02c,Agiou Artemiou,Vasileos Georgiou II,0
2026-09-04T12:41:09Z,2026-09-04T15:45:35.839486+03:00,_2,e07ed380dedf,Agias Filaxeos,Vasileos Georgiou II,4
2026-09-04T12:41:09Z,2026-09-04T15:45:35.839486+03:00,_3,f74602cafe9b,Agias Filaxeos,Steliou Kyriakidi,0
2026-09-04T12:41:09Z,2026-09-04T15:45:35.839486+03:00,_4,fbdd0e351f56,Ivykou,,4
2026-09-04T12:41:09Z,2026-09-04T15:45:35.839486+03:00,_5,f5f94ff22484,Agias Filaxeos,E110,0
2026-09-04T12:41:09Z,2026-09-04T15:45:35.839486+03:00,_0,df567d5dbf59,E110,E110 - Agias Fylaxeos,0
2026-09-04T12:41:09Z,2026-09-04T15:45:35.839486+03:00,_1,883ce04f7136,E110 - 1 Apriliou,,3
2026-09-04T12:41:09Z,2026-09-04T15:45:35.839486+03:00,_2,a3ae4f10ebab,E110 - Agias Fylaxeos,E147 - Archiepiskopou Makariou III Ave,0
2026-09-04T12:41:09Z,2026-09-04T15:45:35.839486+03:00,_3,f8a1b1df72c7,Agias Filaxeos,E147 - Archiepiskopou Makariou III Ave,4
2026-09-04T12:41:09Z,2026-09-04T15:45:35.839486+03:00,_0,377a3d877abc,Exit 24 >E127 Germasogeia / E113 Lemesos-Centre,Agios Athanasios,3
2026-09-04T12:41:09Z,2026-09-04T15:45:35.839486+03:00,_1,e532d87a661f,Mesa Geitonia,"to A6 > Pafos, Pafos Airport",0
2026-09-04T12:41:09Z,2026-09-04T15:45:35.839486+03:00,_0,39864853c88c,,Archiepiskopou Makariou III Ave,0
2026-09-04T12:41:09Z,2026-09-04T15:45:35.839486+03:00,_1,3dec49aff703,Lemesou Ave,Archiepiskopou Makariou III Ave,4
2026-09-04T12:41:09Z,2026-09-04T15:45:35.839486+03:00,_2,b7e53b03dff3,Lemesou Ave,Archiepiskopou Makariou III Ave,0
2026-09-04T12:41:09Z,2026-09-04T15:45:35.839486+03:00,_3,8056ae80b71f,Archiepiskopou Makariou III Ave,B18 - Georgiou Griva Digeni Ave,3
2026-09-04T12:41:09Z,2026-09-04T15:45:35.839486+03:00,_4,8d2c613f4f47,Archiepiskopou Makariou III Ave,E1302 - Nikis Ave,0
2026-09-04T12:41:09Z,2026-09-04T15:45:35.839486+03:00,_5,22194ffbbbb6,B18 - Georgiou Griva Digeni Ave,E1302 - Nikis Ave,4
2026-09-04T12:41:09Z,2026-09-04T15:45:35.839486+03:00,_6,910016111853,B18 - Georgiou Griva Digeni Ave,B18 - Georgiou Griva Digeni Ave,3
2026-09-04T12:41:09Z,2026-09-04T15:45:35.839486+03:00,_7,bbf67e32aa17,B18 - Georgiou Griva Digeni Ave,Evagorou Ave,0
2026-09-04T12:51:15Z,2026-09-04T15:55:35.811096+03:00,_0,137f66eaa4ab,E147 - Archiepiskopou Makariou III Ave,Agias Filaxeos,3
2026-09-04T12:51:15Z,2026-09-04T15:55:35.811096+03:00,_1,163a73e29f51,Agiou Artemiou,Agias Filaxeos,0
2026-09-04T12:51:15Z,2026-09-04T15:55:35.811096+03:00,_2,e0103df7d76d,Agias Filaxeos,Agias Filaxeos,3
2026-09-04T12:51:15Z,2026-09-04T15:55:35.811096+03:00,_3,ec5eee792e7a,Agias Filaxeos,Steliou Kyriakidi,0
2026-09-04T12:51:15Z,2026-09-04T15:55:35.811096+03:00,_4,fbdd0e351f56,Ivykou,,4
2026-09-04T12:51:15Z,2026-09-04T15:55:35.811096+03:00,_5,f780373a5188,Agias Filaxeos,E110 - Agias Fylaxeos,0
2026-09-04T12:51:15Z,2026-09-04T15:55:35.811096+03:00,_6,6841a02a1258,,E110 - 1 Apriliou,2
2026-09-04T12:51:15Z,2026-09-04T15:55:35.811096+03:00,_7,f99b72a378a5,E110 - Agias Fylaxeos,E110,0
2026-09-04T12:51:15Z,2026-09-04T15:55:35.811096+03:00,_0,fe72ea2b224f,Strovolos,Lemesou Ave,0
2026-09-04T12:51:15Z,2026-09-04T15:55:35.811096+03:00,_1,1c3025f6d361,Strovolos,Lemesou Ave,4
2026-09-04T12:51:15Z,2026-09-04T15:55:35.811096+03:00,_2,7c50b274239b,Aglantzia,E164 - Armenias,0
2026-09-04T12:51:15Z,2026-09-04T15:55:35.811096+03:00,_3,c57daf65c80e,Lemesou Ave,Archiepiskopou Makariou III Ave,3
2026-09-04T12:51:15Z,2026-09-04T15:55:35.811096+03:00,_0,db379abb1dc7,Georgiou Neofytou,Spyrou Kyprianou Ave,0
2026-09-04T12:51:15Z,2026-09-04T15:55:35.811096+03:00,_1,bb8e26f01eed,Spyrou Kyprianou Ave,Spyrou Kyprianou Ave,3
2026-09-04T12:51:15Z,2026-09-04T15:55:35.811096+03:00,_2,170ca50cf9c5,Spyrou Kyprianou Ave,Angelou Vlachou,0
2026-09-04T12:51:15Z,2026-09-04T15:55:35.811096+03:00,_0,5571d2934d78,E110,E110 - Agias Fylaxeos,0
2026-09-04T12:51:15Z,2026-09-04T15:55:35.811096+03:00,_1,4d40b5fe9ec1,E110 - 1 Apriliou,,3
2026-09-04T12:51:15Z,2026-09-04T15:55:35.811096+03:00,_2,73c10e640ed1,E110 - Agias Fylaxeos,E147 - Archiepiskopou Makariou III Ave,0
2026-09-04T12:51:15Z,2026-09-04T15:55:35.811096+03:00,_3,676c339d8b55,Agias Filaxeos,E147 - Archiepiskopou Makariou III Ave,2
2026-09-04T12:51:15Z,2026-09-04T15:55:35.811096+03:00,_0,d6074089d8ef,Exit 24 >E127 Germasogeia / E113 Lemesos-Centre,A6,2
2026-09-04T12:51:15Z,2026-09-04T15:55:35.811096+03:00,_1,ef93f4872b51,Lemesos,"to A6 > Pafos, Pafos Airport",0
2026-09-04T12:51:15Z,2026-09-04T15:55:35.811096+03:00,_0,5c308ae9824f,,Germasogeia,0
2026-09-04T12:51:15Z,2026-09-04T15:55:35.811096+03:00,_1,613da88c9e19,> A1 Lefkosia / (A5) Larnaka / (A5)(A3) Larnaka Airport,Germasogeia,1
2026-09-04T12:51:15Z,2026-09-04T15:55:35.811096+03:00,_2,37f77aa02bc1,> A1 Lefkosia / (A5) Larnaka / (A5)(A3) Larnaka Airport,Lemesou Ave,0
2026-09-04T12:51:15Z,2026-09-04T15:55:35.811096+03:00,_3,1c3025f6d361,Strovolos,Lemesou Ave,4
2026-09-04T12:51:15Z,2026-09-04T15:55:35.811096+03:00,_4,7c50b274239b,Aglantzia,E164 - Armenias,0
2026-09-04T12:51:15Z,2026-09-04T15:55:35.811096+03:00,_5,43f05193c4b0,Lemesou Ave,Archiepiskopou Makariou III Ave,3
2026-09-04T12:51:15Z,2026-09-04T15:55:35.811096+03:00,_6,585aa61a46fa,Lemesou Ave,B18 - Digeni Akrita Ave,0
2026-09-04T12:51:15Z,2026-09-04T15:55:35.811096+03:00,_7,055237d5336a,Archiepiskopou Makariou III Ave,B18 - Georgiou Griva Digeni Ave,3
2026-09-04T12:51:15Z,2026-09-04T15:55:35.811096+03:00,_8,8d2c613f4f47,Archiepiskopou Makariou III Ave,E1302 - Nikis Ave,0
2026-09-04T12:51:15Z,2026-09-04T15:55:35.811096+03:00,_9,de48e9d03f98,B18 - Georgiou Griva Digeni Ave,B18 - Georgiou Griva Digeni Ave,4
2026-09-04T12:51:15Z,2026-09-04T15:55:35.811096+03:00,_10,bbf67e32aa17,B18 - Georgiou Griva Digeni Ave,Evagorou Ave,0
2026-09-04T12:51:15Z,2026-09-04T15:55:35.811096+03:00,_0,8722f7172fdb,Leoforos Strovolou,E902 - Proedrikou Megarou Ave,0
2026-09-04T12:51:15Z,2026-09-04T15:55:35.811096+03:00,_1,886b339bc694,Strovolou Ave,E902 - Proedrikou Megarou Ave,3
2026-09-04T12:51:15Z,2026-09-04T15:55:35.811096+03:00,_2,c6ac6530f2b9,Strovolou Ave,E902 - Proedrikou Megarou Ave,0
2026-09-04T13:01:20Z,2026-09-04T16:05:35.952501+03:00,_0,a955553ad43f,E147 - Archiepiskopou Makariou III Ave,Agias Filaxeos,2
2026-09-04T13:01:20Z,2026-09-04T16:05:35.952501+03:00,_1,a8156bc46118,Agias Filaxeos,Agias Filaxeos,0
2026-09-04T13:01:20Z,2026-09-04T16:05:35.952501+03:00,_2,1683a4b44bb7,Agias Filaxeos,Agias Filaxeos,3
2026-09-04T13:01:20Z,2026-09-04T16:05:35.952501+03:00,_3,ada2853a7b9f,Agias Filaxeos,Steliou Kyriakidi,0
2026-09-04T13:01:20Z,2026-09-04T16:05:35.952501+03:00,_4,fbdd0e351f56,Ivykou,,4
2026-09-04T13:01:20Z,2026-09-04T16:05:35.952501+03:00,_5,f5f94ff22484,Agias Filaxeos,E110,0
2026-09-04T13:01:20Z,2026-09-04T16:05:35.952501+03:00,_0,fe72ea2b224f,Strovolos,Lemesou Ave,0
2026-09-04T13:01:20Z,2026-09-04T16:05:35.952501+03:00,_1,1c3025f6d361,Strovolos,Lemesou Ave,3
2026-09-04T13:01:20Z,2026-09-04T16:05:35.952501+03:00,_2,7792802c8552,Aglantzia,Archiepiskopou Makariou III Ave,0
2026-09-04T13:01:20Z,2026-09-04T16:05:35.952501+03:00,_0,db379abb1dc7,Georgiou Neofytou,Spyrou Kyprianou Ave,0
2026-09-04T13:01:20Z,2026-09-04T16:05:35.952501+03:00,_1,bb8e26f01eed,Spyrou Kyprianou Ave,Spyrou Kyprianou Ave,3
2026-09-04T13:01:20Z,2026-09-04T16:05:35.952501+03:00,_2,170ca50cf9c5,Spyrou Kyprianou Ave,Angelou Vlachou,0
2026-09-04T13:01:20Z,2026-09-04T16:05:35.952501+03:00,_0,5571d2934d78,E110,E110 - Agias Fylaxeos,0
2026-09-04T13:01:20Z,2026-09-04T16:05:35.952501+03:00,_1,0067285e4956,E110 - 1 Apriliou,E110 - Agias Fylaxeos,2
2026-09-04T13:01:20Z,2026-09-04T16:05:35.952501+03:00,_2,e50ca2ecb1e0,E110 - 1 Apriliou,,4
2026-09-04T13:01:20Z,2026-09-04T16:05:35.952501+03:00,_3,73c10e640ed1,E110 - Agias Fylaxeos,E147 - Archiepiskopou Makariou III Ave,0
2026-09-04T13:01:20Z,2026-09-04T16:05:35.952501+03:00,_4,676c339d8b55,Agias Filaxeos,E147 - Archiepiskopou Makariou III Ave,3
2026-09-04T13:01:20Z,2026-09-04T16:05:35.952501+03:00,_0,92a354a8d94a,Leoforos Strovolou,E950 - Giannou Kranidioti,0
2026-09-04T13:01:20Z,2026-09-04T16:05:35.952501+03:00,_1,bc3172fccafa,E950 - Giannou Kranidioti,,4
2026-09-04T13:01:20Z,2026-09-04T16:05:35.952501+03:00,_2,0c7484562b54,E148 - Melinas Merkouri,E902 - Proedrikou Megarou Ave,0
2026-09-04T13:01:20Z,2026-09-04T16:05:35.952501+03:00,_3,c04a316c4fdd,Strovolou Ave,E902 - Proedrikou Megarou Ave,3
2026-09-04T13:01:20Z,2026-09-04T16:05:35.952501+03:00,_4,c6ac6530f2b9,Strovolou Ave,E902 - Proedrikou Megarou Ave,0
2026-09-04T13:01:20Z,2026-09-04T16:05:35.952501+03:00,_0,d6074089d8ef,Exit 24 >E127 Germasogeia / E113 Lemesos-Centre,A6,2
2026-09-04T13:01:20Z,2026-09-04T16:05:35.952501+03:00,_1,ef93f4872b51,Lemesos,"to A6 > Pafos, Pafos Airport",0
2026-09-04T13:01:20Z,2026-09-04T16:05:35.952501+03:00,_0,978bfa547244,,> A1 Lefkosia / (A5) Larnaka / (A5)(A3) Larnaka Airport,0
2026-09-04T13:01:20Z,2026-09-04T16:05:35.952501+03:00,_1,20e0a4fd0196,> A1 Lefkosia / (A5) Larnaka / (A5)(A3) Larnaka Airport,Germasogeia,1
2026-09-04T13:01:20Z,2026-09-04T16:05:35.952501+03:00,_2,37f77aa02bc1,> A1 Lefkosia / (A5) Larnaka / (A5)(A3) Larnaka Airport,Lemesou Ave,0
2026-09-04T13:01:20Z,2026-09-04T16:05:35.952501+03:00,_3,1c3025f6d361,Strovolos,Lemesou Ave,3
2026-09-04T13:01:20Z,2026-09-04T16:05:35.952501+03:00,_4,da8b0bb6bf5d,Aglantzia,E1302 - Nikis Ave,0
2026-09-04T13:01:20Z,2026-09-04T16:05:35.952501+03:00,_5,de48e9d03f98,B18 - Georgiou Griva Digeni Ave,B18 - Georgiou Griva Digeni Ave,4
2026-09-04T13:01:20Z,2026-09-04T16:05:35.952501+03:00,_6,bbf67e32aa17,B18 - Georgiou Griva Digeni Ave,Evagorou Ave,0
2026-09-04T13:01:20Z,2026-09-04T16:05:35.952501+03:00,_0,cf9421bed762,Episkopi,> A1 Lefkosia / (A5) Larnaka / (A5)(A3) Larnaka Airport,0
2026-09-04T13:01:20Z,2026-09-04T16:05:35.952501+03:00,_1,a0e0a7c1b318,> A1 Lefkosia / (A5) Larnaka / (A5)(A3) Larnaka Airport,Germasogeia,1
2026-09-04T13:11:32Z,2026-09-04T16:15:35.719460+03:00,_0,8d2065e6031d,E147 - Archiepiskopou Makariou III Ave,Agias Filaxeos,3
2026-09-04T13:11:32Z,2026-09-04T16:15:35.719460+03:00,_1,585002cbc2a7,Agias Filaxeos,Agias Filaxeos,0
2026-09-04T13:11:32Z,2026-09-04T16:15:35.719460+03:00,_2,7a327987b414,Agias Filaxeos,Agias Filaxeos,3
2026-09-04T13:11:32Z,2026-09-04T16:15:35.719460+03:00,_3,bbd3d4041441,Agias Filaxeos,Agias Filaxeos,0
2026-09-04T13:11:32Z,2026-09-04T16:15:35.719460+03:00,_4,a4260c51b19c,Steliou Kyriakidi,,4
2026-09-04T13:11:32Z,2026-09-04T16:15:35.719460+03:00,_5,f780373a5188,Agias Filaxeos,E110 - Agias Fylaxeos,0
2026-09-04T13:11:32Z,2026-09-04T16:15:35.719460+03:00,_6,6841a02a1258,,E110 - 1 Apriliou,2
2026-09-04T13:11:32Z,2026-09-04T16:15:35.719460+03:00,_7,f99b72a378a5,E110 - Agias Fylaxeos,E110,0
2026-09-04T13:11:32Z,2026-09-04T16:15:35.719460+03:00,_0,fe72ea2b224f,Strovolos,Lemesou Ave,0
2026-09-04T13:11:32Z,2026-09-04T16:15:35.719460+03:00,_1,1c3025f6d361,Strovolos,Lemesou Ave,3
2026-09-04T13:11:32Z,2026-09-04T16:15:35.719460+03:00,_2,7792802c8552,Aglantzia,Archiepiskopou Makariou III Ave,0
2026-09-04T13:11:32Z,2026-09-04T16:15:35.719460+03:00,_0,db379abb1dc7,Georgiou Neofytou,Spyrou Kyprianou Ave,0
2026-09-04T13:11:32Z,2026-09-04T16:15:35.719460+03:00,_1,bb8e26f01eed,Spyrou Kyprianou Ave,Spyrou Kyprianou Ave,3
2026-09-04T13:11:32Z,2026-09-04T16:15:35.719460+03:00,_2,170ca50cf9c5,Spyrou Kyprianou Ave,Angelou Vlachou,0
2026-09-04T13:11:32Z,2026-09-04T16:15:35.719460+03:00,_0,92a354a8d94a,Leoforos Strovolou,E950 - Giannou Kranidioti,0
2026-09-04T13:11:32Z,2026-09-04T16:15:35.719460+03:00,_1,bc3172fccafa,E950 - Giannou Kranidioti,,4
2026-09-04T13:11:32Z,2026-09-04T16:15:35.719460+03:00,_2,411c7a4f8660,E148 - Melinas Merkouri,E122 - Athinon,0
2026-09-04T13:11:32Z,2026-09-04T16:15:35.719460+03:00,_3,430263cedbf3,Strovolou Ave,E902 - Proedrikou Megarou Ave,2
2026-09-04T13:11:32Z,2026-09-04T16:15:35.719460+03:00,_4,92d65c298345,Strovolou Ave,E902 - Proedrikou Megarou Ave,0
2026-09-04T13:11:32Z,2026-09-04T16:15:35.719460+03:00,_0,72b03ff9b5bc,E110,E110 - Agias Fylaxeos,0
2026-09-04T13:11:32Z,2026-09-04T16:15:35.719460+03:00,_1,e50ca2ecb1e0,E110 - 1 Apriliou,,3
2026-09-04T13:11:32Z,2026-09-04T16:15:35.719460+03:00,_2,73c10e640ed1,E110 - Agias Fylaxeos,E147 - Archiepiskopou Makariou III Ave,0
2026-09-04T13:11:32Z,2026-09-04T16:15:35.719460+03:00,_3,73f1fb07d476,Agias Filaxeos,E147 - Archiepiskopou Makariou III Ave,2
2026-09-04T13:11:32Z,2026-09-04T16:15:35.719460+03:00,_0,d6074089d8ef,Exit 24 >E127 Germasogeia / E113 Lemesos-Centre,A6,2
2026-09-04T13:11:32Z,2026-09-04T16:15:35.719460+03:00,_1,ef93f4872b51,Lemesos,"to A6 > Pafos, Pafos Airport",0
2026-09-04T13:11:32Z,2026-09-04T16:15:35.719460+03:00,_0,5c308ae9824f,,Germasogeia,0
2026-09-04T13:11:32Z,2026-09-04T16:15:35.719460+03:00,_1,613da88c9e19,> A1 Lefkosia / (A5) Larnaka / (A5)(A3) Larnaka Airport,Germasogeia,1
2026-09-04T13:11:32Z,2026-09-04T16:15:35.719460+03:00,_2,37f77aa02bc1,> A1 Lefkosia / (A5) Larnaka / (A5)(A3) Larnaka Airport,Lemesou Ave,0
2026-09-04T13:11:32Z,2026-09-04T16:15:35.719460+03:00,_3,1c3025f6d361,Strovolos,Lemesou Ave,3
2026-09-04T13:11:32Z,2026-09-04T16:15:35.719460+03:00,_4,a4082cd3b8e8,Aglantzia,E1302 - Nikis Ave,0
2026-09-04T13:11:32Z,2026-09-04T16:15:35.719460+03:00,_5,910016111853,B18 - Georgiou Griva Digeni Ave,B18 - Georgiou Griva Digeni Ave,4
2026-09-04T13:11:32Z,2026-09-04T16:15:35.719460+03:00,_6,be1978e23bd0,B18 - Georgiou Griva Digeni Ave,E165 - Themistokli Dervi,0
2026-09-04T13:11:32Z,2026-09-04T16:15:35.719460+03:00,_7,06a69b0e63fe,B18 - Georgiou Griva Digeni Ave,Evagorou Ave,2
2026-09-04T13:11:32Z,2026-09-04T16:15:35.719460+03:00,_8,76dbed895c05,E165 - Themistokli Dervi,Evagorou Ave,0
2026-09-04T13:21:40Z,2026-09-04T16:25:35.972786+03:00,_0,f86f6e475723,E147 - Archiepiskopou Makariou III Ave,Vasileos Georgiou II,3
2026-09-04T13:21:40Z,2026-09-04T16:25:35.972786+03:00,_1,ec5eee792e7a,Agias Filaxeos,Steliou Kyriakidi,0
2026-09-04T13:21:40Z,2026-09-04T16:25:35.972786+03:00,_2,fbdd0e351f56,Ivykou,,4
2026-09-04T13:21:40Z,2026-09-04T16:25:35.972786+03:00,_3,58db42ee5329,Agias Filaxeos,E110 - 1 Apriliou,0
2026-09-04T13:21:40Z,2026-09-04T16:25:35.972786+03:00,_4,b8c777372286,E110 - 1 Apriliou,E110 - 1 Apriliou,3
2026-09-04T13:21:40Z,2026-09-04T16:25:35.972786+03:00,_5,15f60bb25351,E110 - 1 Apriliou,E110,0
2026-09-04T13:21:40Z,2026-09-04T16:25:35.972786+03:00,_0,fe72ea2b224f,Strovolos,Lemesou Ave,0
2026-09-04T13:21:40Z,2026-09-04T16:25:35.972786+03:00,_1,1c3025f6d361,Strovolos,Lemesou Ave,3
2026-09-04T13:21:40Z,2026-09-04T16:25:35.972786+03:00,_2,7c50b274239b,Aglantzia,E164 - Armenias,0
2026-09-04T13:21:40Z,2026-09-04T16:25:35.972786+03:00,_3,e9824d0075f7,Lemesou Ave,,3
2026-09-04T13:21:40Z,2026-09-04T16:25:35.972786+03:00,_4,91353c408128,,Lemesou Ave,0
2026-09-04T13:21:40Z,2026-09-04T16:25:35.972786+03:00,_0,56e499724d69,Georgiou Neofytou,Spyrou Kyprianou Ave,0
2026-09-04T13:21:40Z,2026-09-04T16:25:35.972786+03:00,_1,5262d7ae810b,Spyrou Kyprianou Ave,Spyrou Kyprianou Ave,3
2026-09-04T13:21:40Z,2026-09-04T16:25:35.972786+03:00,_2,170ca50cf9c5,Spyrou Kyprianou Ave,Angelou Vlachou,0
2026-09-04T13:21:40Z,2026-09-04T16:25:35.972786+03:00,_0,72b03ff9b5bc,E110,E110 - Agias Fylaxeos,0
2026-09-04T13:21:40Z,2026-09-04T16:25:35.972786+03:00,_1,e50ca2ecb1e0,E110 - 1 Apriliou,,4
2026-09-04T13:21:40Z,2026-09-04T16:25:35.972786+03:00,_2,2a1ca0037583,E110 - Agias Fylaxeos,Agias Filaxeos,0
2026-09-04T13:21:40Z,2026-09-04T16:25:35.972786+03:00,_3,02446ed5df97,Spyrou Kyprianou Ave,E147 - Archiepiskopou Makariou III Ave,2
2026-09-04T13:21:40Z,2026-09-04T16:25:35.972786+03:00,_0,d6074089d8ef,Exit 24 >E127 Germasogeia / E113 Lemesos-Centre,A6,2
2026-09-04T13:21:40Z,2026-09-04T16:25:35.972786+03:00,_1,ef93f4872b51,Lemesos,"to A6 > Pafos, Pafos Airport",0
2026-09-04T13:21:40Z,2026-09-04T16:25:35.972786+03:00,_0,f3fb9ec01e7d,Leoforos Strovolou,E902 - Proedrikou Megarou Ave,0
2026-09-04T13:21:40Z,2026-09-04T16:25:35.972786+03:00,_1,06b5c0014fcf,E122 - Athinon,E902 - Proedrikou Megarou Ave,2
2026-09-04T13:21:40Z,2026-09-04T16:25:35.972786+03:00,_2,96c3ee6a9698,Strovolou Ave,E902 - Proedrikou Megarou Ave,0
2026-09-04T13:21:40Z,2026-09-04T16:25:35.972786+03:00,_0,d0dc64f54734,,Lemesou Ave,0
2026-09-04T13:21:40Z,2026-09-04T16:25:35.972786+03:00,_1,1c3025f6d361,Strovolos,Lemesou Ave,3
2026-09-04T13:21:40Z,2026-09-04T16:25:35.972786+03:00,_2,7c50b274239b,Aglantzia,E164 - Armenias,0
2026-09-04T13:21:40Z,2026-09-04T16:25:35.972786+03:00,_3,e9824d0075f7,Lemesou Ave,,3
2026-09-04T13:21:40Z,2026-09-04T16:25:35.972786+03:00,_4,f5eaf6b60589,,E1302 - Nikis Ave,0
2026-09-04T13:21:40Z,2026-09-04T16:25:35.972786+03:00,_5,910016111853,B18 - Georgiou Griva Digeni Ave,B18 - Georgiou Griva Digeni Ave,4
2026-09-04T13:21:40Z,2026-09-04T16:25:35.972786+03:00,_6,bbf67e32aa17,B18 - Georgiou Griva Digeni Ave,Evagorou Ave,0
2026-09-04T13:31:49Z,2026-09-04T16:36:44.743844+03:00,_0,137f66eaa4ab,E147 - Archiepiskopou Makariou III Ave,Agias Filaxeos,3
2026-09-04T13:31:49Z,2026-09-04T16:36:44.743844+03:00,_1,9ba3069a753f,Agiou Artemiou,Agias Filaxeos,0
2026-09-04T13:31:49Z,2026-09-04T16:36:44.743844+03:00,_2,d279e6867a21,Agias Filaxeos,Vasileos Georgiou II,3
2026-09-04T13:31:49Z,2026-09-04T16:36:44.743844+03:00,_3,cfd611ccb05b,Agias Filaxeos,Agias Filaxeos,0
2026-09-04T13:31:49Z,2026-09-04T16:36:44.743844+03:00,_4,95579dbc01e3,Agias Filaxeos,Vasileos Georgiou II,4
2026-09-04T13:31:49Z,2026-09-04T16:36:44.743844+03:00,_5,f0692a22ef39,Agias Filaxeos,Agias Filaxeos,0
2026-09-04T13:31:49Z,2026-09-04T16:36:44.743844+03:00,_6,a4260c51b19c,Steliou Kyriakidi,,4
2026-09-04T13:31:49Z,2026-09-04T16:36:44.743844+03:00,_7,e863e9cd4881,Agias Filaxeos,E110 - Agias Fylaxeos,0
2026-09-04T13:31:49Z,2026-09-04T16:36:44.743844+03:00,_8,b12402f32100,E110 - Agias Fylaxeos,E110 - 1 Apriliou,2
2026-09-04T13:31:49Z,2026-09-04T16:36:44.743844+03:00,_9,31034e257ac9,E110 - Agias Fylaxeos,E110 - 1 Apriliou,0
2026-09-04T13:31:49Z,2026-09-04T16:36:44.743844+03:00,_10,9f4f77006632,E110 - 1 Apriliou,E110 - Eleftherias,2
2026-09-04T13:31:49Z,2026-09-04T16:36:44.743844+03:00,_11,c97b954fcb12,E110 - 1 Apriliou,E110,0
2026-09-04T13:31:49Z,2026-09-04T16:36:44.743844+03:00,_0,fe72ea2b224f,Strovolos,Lemesou Ave,0
2026-09-04T13:31:49Z,2026-09-04T16:36:44.743844+03:00,_1,1c3025f6d361,Strovolos,Lemesou Ave,4
2026-09-04T13:31:49Z,2026-09-04T16:36:44.743844+03:00,_2,7c50b274239b,Aglantzia,E164 - Armenias,0
2026-09-04T13:31:49Z,2026-09-04T16:36:44.743844+03:00,_3,c57daf65c80e,Lemesou Ave,Archiepiskopou Makariou III Ave,3
2026-09-04T13:31:49Z,2026-09-04T16:36:44.743844+03:00,_0,56e499724d69,Georgiou Neofytou,Spyrou Kyprianou Ave,0
2026-09-04T13:31:49Z,2026-09-04T16:36:44.743844+03:00,_1,81fe7edc69c5,Spyrou Kyprianou Ave,E114 - Archiepiskopou Makariou III Ave,4
2026-09-04T13:31:49Z,2026-09-04T16:36:44.743844+03:00,_2,b16f06e86626,Spyrou Kyprianou Ave,Angelou Vlachou,0
2026-09-04T13:31:49Z,2026-09-04T16:36:44.743844+03:00,_0,72b03ff9b5bc,E110,E110 - Agias Fylaxeos,0
2026-09-04T13:31:49Z,2026-09-04T16:36:44.743844+03:00,_1,e50ca2ecb1e0,E110 - 1 Apriliou,,4
2026-09-04T13:31:49Z,2026-09-04T16:36:44.743844+03:00,_2,94bd22476a9c,E110 - Agias Fylaxeos,E147 - Archiepiskopou Makariou III Ave,0
2026-09-04T13:31:49Z,2026-09-04T16:36:44.743844+03:00,_3,88697bca4b53,Agias Filaxeos,E147 - Archiepiskopou Makariou III Ave,3
2026-09-04T13:31:49Z,2026-09-04T16:36:44.743844+03:00,_0,d6074089d8ef,Exit 24 >E127 Germasogeia / E113 Lemesos-Centre,A6,2
2026-09-04T13:31:49Z,2026-09-04T16:36:44.743844+03:00,_1,7afa14916510,Lemesos,A6,0
2026-09-04T13:31:49Z,2026-09-04T16:36:44.743844+03:00,_2,fcc252ee8f23,A1,Kato Polemidia,1
2026-09-04T13:31:49Z,2026-09-04T16:36:44.743844+03:00,_3,5052820d4346,A1,"to A6 > Pafos, Pafos Airport",0
2026-09-04T13:31:49Z,2026-09-04T16:36:44.743844+03:00,_0,d0dc64f54734,,Lemesou Ave,0
2026-09-04T13:31:49Z,2026-09-04T16:36:44.743844+03:00,_1,1c3025f6d361,Strovolos,Lemesou Ave,4
2026-09-04T13:31:49Z,2026-09-04T16:36:44.743844+03:00,_2,7c50b274239b,Aglantzia,E164 - Armenias,0
2026-09-04T13:31:49Z,2026-09-04T16:36:44.743844+03:00,_3,43f05193c4b0,Lemesou Ave,Archiepiskopou Makariou III Ave,3
2026-09-04T13:31:49Z,2026-09-04T16:36:44.743844+03:00,_4,8fab7dfc83f0,Lemesou Ave,Evagorou Ave,0
2026-09-04T13:41:58Z,2026-09-04T16:46:54.759322+03:00,_0,21112a4dd623,E147 - Archiepiskopou Makariou III Ave,Agias Filaxeos,0
2026-09-04T13:41:58Z,2026-09-04T16:46:54.759322+03:00,_1,8f6f72da9cbe,E147 - Archiepiskopou Makariou III Ave,Vasileos Georgiou II,2
2026-09-04T13:41:58Z,2026-09-04T16:46:54.759322+03:00,_2,bbd3d4041441,Agias Filaxeos,Agias Filaxeos,0
2026-09-04T13:41:58Z,2026-09-04T16:46:54.759322+03:00,_3,a4260c51b19c,Steliou Kyriakidi,,4
2026-09-04T13:41:58Z,2026-09-04T16:46:54.759322+03:00,_4,f780373a5188,Agias Filaxeos,E110 - Agias Fylaxeos,0
2026-09-04T13:41:58Z,2026-09-04T16:46:54.759322+03:00,_5,6841a02a1258,,E110 - 1 Apriliou,3
2026-09-04T13:41:58Z,2026-09-04T16:46:54.759322+03:00,_6,f99b72a378a5,E110 - Agias Fylaxeos,E110,0
2026-09-04T13:41:58Z,2026-09-04T16:46:54.759322+03:00,_0,9637c1cd3244,Strovolos,Strovolos,0
2026-09-04T13:41:58Z,2026-09-04T16:46:54.759322+03:00,_1,d1bd4cd56cd8,Strovolos,Lemesou Ave,4
2026-09-04T13:41:58Z,2026-09-04T16:46:54.759322+03:00,_2,7c50b274239b,Aglantzia,E164 - Armenias,0
2026-09-04T13:41:58Z,2026-09-04T16:46:54.759322+03:00,_3,c57daf65c80e,Lemesou Ave,Archiepiskopou Makariou III Ave,3
2026-09-04T13:41:58Z,2026-09-04T16:46:54.759322+03:00,_0,db379abb1dc7,Georgiou Neofytou,Spyrou Kyprianou Ave,0
2026-09-04T13:41:58Z,2026-09-04T16:46:54.759322+03:00,_1,d485409681ec,Spyrou Kyprianou Ave,E114 - Archiepiskopou Makariou III Ave,4
2026-09-04T13:41:58Z,2026-09-04T16:46:54.759322+03:00,_2,b16f06e86626,Spyrou Kyprianou Ave,Angelou Vlachou,0
2026-09-04T13:41:58Z,2026-09-04T16:46:54.759322+03:00,_0,f2dad27e0b2c,E110,E110 - 1 Apriliou,0
2026-09-04T13:41:58Z,2026-09-04T16:46:54.759322+03:00,_1,0bc8a04884b8,E110 - 1 Apriliou,E110 - 1 Apriliou,3
2026-09-04T13:41:58Z,2026-09-04T16:46:54.759322+03:00,_2,6882b6607bcc,E110 - 1 Apriliou,E110 - 1 Apriliou,0
2026-09-04T13:41:58Z,2026-09-04T16:46:54.759322+03:00,_3,c12640e7facc,E110 - 1 Apriliou,E110 - Agias Fylaxeos,2
2026-09-04T13:41:58Z,2026-09-04T16:46:54.759322+03:00,_4,e50ca2ecb1e0,E110 - 1 Apriliou,,4
2026-09-04T13:41:58Z,2026-09-04T16:46:54.759322+03:00,_5,73c10e640ed1,E110 - Agias Fylaxeos,E147 - Archiepiskopou Makariou III Ave,0
2026-09-04T13:41:58Z,2026-09-04T16:46:54.759322+03:00,_6,676c339d8b55,Agias Filaxeos,E147 - Archiepiskopou Makariou III Ave,3
2026-09-04T13:41:58Z,2026-09-04T16:46:54.759322+03:00,_0,d6074089d8ef,Exit 24 >E127 Germasogeia / E113 Lemesos-Centre,A6,2
2026-09-04T13:41:58Z,2026-09-04T16:46:54.759322+03:00,_1,7afa14916510,Lemesos,A6,0
2026-09-04T13:41:58Z,2026-09-04T16:46:54.759322+03:00,_2,d7af27493189,A1,Kato Polemidia,1
2026-09-04T13:41:58Z,2026-09-04T16:46:54.759322+03:00,_3,35c11bfdc6c5,A1,"to A6 > Pafos, Pafos Airport",0
2026-09-04T13:41:58Z,2026-09-04T16:46:54.759322+03:00,_0,1561bafaf811,,Lemesou Ave,0
2026-09-04T13:41:58Z,2026-09-04T16:46:54.759322+03:00,_1,d1bd4cd56cd8,Strovolos,Lemesou Ave,4
2026-09-04T13:41:58Z,2026-09-04T16:46:54.759322+03:00,_2,7c50b274239b,Aglantzia,E164 - Armenias,0
2026-09-04T13:41:58Z,2026-09-04T16:46:54.759322+03:00,_3,43f05193c4b0,Lemesou Ave,Archiepiskopou Makariou III Ave,3
2026-09-04T13:41:58Z,2026-09-04T16:46:54.759322+03:00,_4,7e9e53411917,Lemesou Ave,E1302 - Nikis Ave,0
2026-09-04T13:41:58Z,2026-09-04T16:46:54.759322+03:00,_5,910016111853,B18 - Georgiou Griva Digeni Ave,B18 - Georgiou Griva Digeni Ave,4
2026-09-04T13:41:58Z,2026-09-04T16:46:54.759322+03:00,_6,bbf67e32aa17,B18 - Georgiou Griva Digeni Ave,Evagorou Ave,0
2026-09-04T16:15:53Z,2026-09-04T19:20:35.805579+03:00,_0,e32be8ebc438,E147 - Archiepiskopou Makariou III Ave,Agiou Artemiou,0
2026-09-04T16:15:53Z,2026-09-04T19:20:35.805579+03:00,_1,a50d5c3e3655,E147 - Archiepiskopou Makariou III Ave,Vasileos Georgiou II,2
2026-09-04T16:15:53Z,2026-09-04T19:20:35.805579+03:00,_2,bbd3d4041441,Agias Filaxeos,Agias Filaxeos,0
2026-09-04T16:15:53Z,2026-09-04T19:20:35.805579+03:00,_3,a4260c51b19c,Steliou Kyriakidi,,4
2026-09-04T16:15:53Z,2026-09-04T19:20:35.805579+03:00,_4,f5f94ff22484,Agias Filaxeos,E110,0
2026-09-04T16:15:53Z,2026-09-04T19:20:35.805579+03:00,_0,1cc902273d46,E110,E147 - Archiepiskopou Makariou III Ave,0
2026-09-04T16:15:53Z,2026-09-04T19:20:35.805579+03:00,_1,b1607c8a378f,Agias Filaxeos,E147 - Archiepiskopou Makariou III Ave,3
2026-09-04T16:25:58Z,2026-09-04T19:30:07.262766+03:00,_0,fe72ea2b224f,Strovolos,Lemesou Ave,0
2026-09-04T16:25:58Z,2026-09-04T19:30:07.262766+03:00,_1,1c3025f6d361,Strovolos,Lemesou Ave,3
2026-09-04T16:25:58Z,2026-09-04T19:30:07.262766+03:00,_2,c6e235d3222a,Aglantzia,Archiepiskopou Makariou III Ave,0
2026-09-04T16:25:58Z,2026-09-04T19:30:07.262766+03:00,_3,394713f228bd,Lemesou Ave,Lemesou Ave,3
2026-09-04T16:25:58Z,2026-09-04T19:30:07.262766+03:00,_0,920305ee9a1e,E147 - Archiepiskopou Makariou III Ave,Agias Filaxeos,0
2026-09-04T16:25:58Z,2026-09-04T19:30:07.262766+03:00,_1,a4260c51b19c,Steliou Kyriakidi,,4
2026-09-04T16:25:58Z,2026-09-04T19:30:07.262766+03:00,_2,f780373a5188,Agias Filaxeos,E110 - Agias Fylaxeos,0
2026-09-04T16:25:58Z,2026-09-04T19:30:07.262766+03:00,_3,6841a02a1258,,E110 - 1 Apriliou,2
2026-09-04T16:25:58Z,2026-09-04T19:30:07.262766+03:00,_4,f99b72a378a5,E110 - Agias Fylaxeos,E110,0
2026-09-04T16:25:58Z,2026-09-04T19:30:07.262766+03:00,_0,2e51d966c5a2,,Agios Athanasios,0
2026-09-04T16:25:58Z,2026-09-04T19:30:07.262766+03:00,_1,69e2abb27a41,Agios Athanasios,Agios Athanasios,2
2026-09-04T16:25:58Z,2026-09-04T19:30:07.262766+03:00,_2,d4dc62759e42,Germasogeia,Lemesou Ave,0
2026-09-04T16:25:58Z,2026-09-04T19:30:07.262766+03:00,_3,1c3025f6d361,Strovolos,Lemesou Ave,3
2026-09-04T16:25:58Z,2026-09-04T19:30:07.262766+03:00,_4,c6e235d3222a,Aglantzia,Archiepiskopou Makariou III Ave,0
2026-09-04T16:25:58Z,2026-09-04T19:30:07.262766+03:00,_5,6efde239cabf,Lemesou Ave,Archiepiskopou Makariou III Ave,3
2026-09-04T16:25:58Z,2026-09-04T19:30:07.262766+03:00,_6,8fab7dfc83f0,Lemesou Ave,Evagorou Ave,0
2026-09-04T16:25:58Z,2026-09-04T19:30:07.262766+03:00,_0,12364e237b9f,Episkopi,Agios Athanasios,0
2026-09-04T16:25:58Z,2026-09-04T19:30:07.262766+03:00,_1,69e2abb27a41,Agios Athanasios,Agios Athanasios,2
2026-09-04T16:25:58Z,2026-09-04T19:30:07.262766+03:00,_2,cafc026927d2,Germasogeia,Germasogeia,0
2026-09-04T16:36:04Z,2026-09-04T19:40:35.921780+03:00,_0,fe72ea2b224f,Strovolos,Lemesou Ave,0
2026-09-04T16:36:04Z,2026-09-04T19:40:35.921780+03:00,_1,1c3025f6d361,Strovolos,Lemesou Ave,3
2026-09-04T16:36:04Z,2026-09-04T19:40:35.921780+03:00,_2,7c50b274239b,Aglantzia,E164 - Armenias,0
2026-09-04T16:36:04Z,2026-09-04T19:40:35.921780+03:00,_3,c57daf65c80e,Lemesou Ave,Archiepiskopou Makariou III Ave,3
2026-09-04T16:36:04Z,2026-09-04T19:40:35.921780+03:00,_0,e840a4c3672b,E147 - Archiepiskopou Makariou III Ave,Steliou Kyriakidi,0
2026-09-04T16:36:04Z,2026-09-04T19:40:35.921780+03:00,_1,fbdd0e351f56,Ivykou,,4
2026-09-04T16:36:04Z,2026-09-04T19:40:35.921780+03:00,_2,f780373a5188,Agias Filaxeos,E110 - Agias Fylaxeos,0
2026-09-04T16:36:04Z,2026-09-04T19:40:35.921780+03:00,_3,6841a02a1258,,E110 - 1 Apriliou,2
2026-09-04T16:36:04Z,2026-09-04T19:40:35.921780+03:00,_4,f99b72a378a5,E110 - Agias Fylaxeos,E110,0
2026-09-04T16:36:04Z,2026-09-04T19:40:35.921780+03:00,_0,98b92b354812,,Agios Athanasios,0
2026-09-04T16:36:04Z,2026-09-04T19:40:35.921780+03:00,_1,1de4ba546278,Agios Athanasios,Agios Athanasios,1
2026-09-04T16:36:04Z,2026-09-04T19:40:35.921780+03:00,_2,d4dc62759e42,Germasogeia,Lemesou Ave,0
2026-09-04T16:36:04Z,2026-09-04T19:40:35.921780+03:00,_3,1c3025f6d361,Strovolos,Lemesou Ave,3
2026-09-04T16:36:04Z,2026-09-04T19:40:35.921780+03:00,_4,7c50b274239b,Aglantzia,E164 - Armenias,0
2026-09-04T16:36:04Z,2026-09-04T19:40:35.921780+03:00,_5,43f05193c4b0,Lemesou Ave,Archiepiskopou Makariou III Ave,3
2026-09-04T16:36:04Z,2026-09-04T19:40:35.921780+03:00,_6,8fab7dfc83f0,Lemesou Ave,Evagorou Ave,0
2026-09-04T16:36:04Z,2026-09-04T19:40:35.921780+03:00,_0,c2d7205db84d,Episkopi,Agios Athanasios,0
2026-09-04T16:36:04Z,2026-09-04T19:40:35.921780+03:00,_1,1de4ba546278,Agios Athanasios,Agios Athanasios,1
2026-09-04T16:36:04Z,2026-09-04T19:40:35.921780+03:00,_2,cafc026927d2,Germasogeia,Germasogeia,0
2026-09-04T16:46:11Z,2026-09-04T19:50:38.364803+03:00,_0,fe72ea2b224f,Strovolos,Lemesou Ave,0
2026-09-04T16:46:11Z,2026-09-04T19:50:38.364803+03:00,_1,1c3025f6d361,Strovolos,Lemesou Ave,3
2026-09-04T16:46:11Z,2026-09-04T19:50:38.364803+03:00,_2,7792802c8552,Aglantzia,Archiepiskopou Makariou III Ave,0
2026-09-04T16:46:11Z,2026-09-04T19:50:38.364803+03:00,_0,90311137b0fc,E147 - Archiepiskopou Makariou III Ave,Agias Filaxeos,0
2026-09-04T16:46:11Z,2026-09-04T19:50:38.364803+03:00,_1,57ae009fa94e,Agias Filaxeos,Agias Filaxeos,2
2026-09-04T16:46:11Z,2026-09-04T19:50:38.364803+03:00,_2,ec5eee792e7a,Agias Filaxeos,Steliou Kyriakidi,0
2026-09-04T16:46:11Z,2026-09-04T19:50:38.364803+03:00,_3,a80760be4702,Ivykou,Agias Filaxeos,3
2026-09-04T16:46:11Z,2026-09-04T19:50:38.364803+03:00,_4,a4260c51b19c,Steliou Kyriakidi,,4
2026-09-04T16:46:11Z,2026-09-04T19:50:38.364803+03:00,_5,f780373a5188,Agias Filaxeos,E110 - Agias Fylaxeos,0
2026-09-04T16:46:11Z,2026-09-04T19:50:38.364803+03:00,_6,6841a02a1258,,E110 - 1 Apriliou,2
2026-09-04T16:46:11Z,2026-09-04T19:50:38.364803+03:00,_7,f99b72a378a5,E110 - Agias Fylaxeos,E110,0
2026-09-04T16:46:11Z,2026-09-04T19:50:38.364803+03:00,_0,d0dc64f54734,,Lemesou Ave,0
2026-09-04T16:46:11Z,2026-09-04T19:50:38.364803+03:00,_1,1c3025f6d361,Strovolos,Lemesou Ave,3
2026-09-04T16:46:11Z,2026-09-04T19:50:38.364803+03:00,_2,cc8badd45da4,Aglantzia,Evagorou Ave,0
2026-09-04T16:46:11Z,2026-09-04T19:50:38.364803+03:00,_0,18d60f6950ba,Leoforos Strovolou,E122 - Athinon,0
2026-09-04T16:46:11Z,2026-09-04T19:50:38.364803+03:00,_1,58d093eca1cd,Strovolou Ave,Perikleous,2
2026-09-04T16:46:11Z,2026-09-04T19:50:38.364803+03:00,_2,b4e66db7c6bf,E122 - Athinon,E902 - Proedrikou Megarou Ave,0
2026-09-04T16:56:17Z,2026-09-04T20:00:35.849752+03:00,_0,9637c1cd3244,Strovolos,Strovolos,0
2026-09-04T16:56:17Z,2026-09-04T20:00:35.849752+03:00,_1,d1bd4cd56cd8,Strovolos,Lemesou Ave,4
2026-09-04T16:56:17Z,2026-09-04T20:00:35.849752+03:00,_2,2eeb7481ceda,Aglantzia,E164 - Armenias,0
2026-09-04T16:56:17Z,2026-09-04T20:00:35.849752+03:00,_3,8b530b355b26,Lemesou Ave,Archiepiskopou Makariou III Ave,2
2026-09-04T16:56:17Z,2026-09-04T20:00:35.849752+03:00,_0,e840a4c3672b,E147 - Archiepiskopou Makariou III Ave,Steliou Kyriakidi,0
2026-09-04T16:56:17Z,2026-09-04T20:00:35.849752+03:00,_1,a80760be4702,Ivykou,Agias Filaxeos,4
2026-09-04T16:56:17Z,2026-09-04T20:00:35.849752+03:00,_2,a4260c51b19c,Steliou Kyriakidi,,3
2026-09-04T16:56:17Z,2026-09-04T20:00:35.849752+03:00,_3,e863e9cd4881,Agias Filaxeos,E110 - Agias Fylaxeos,0
2026-09-04T16:56:17Z,2026-09-04T20:00:35.849752+03:00,_4,b12402f32100,E110 - Agias Fylaxeos,E110 - 1 Apriliou,2
2026-09-04T16:56:17Z,2026-09-04T20:00:35.849752+03:00,_5,31034e257ac9,E110 - Agias Fylaxeos,E110 - 1 Apriliou,0
2026-09-04T16:56:17Z,2026-09-04T20:00:35.849752+03:00,_6,9f4f77006632,E110 - 1 Apriliou,E110 - Eleftherias,2
2026-09-04T16:56:17Z,2026-09-04T20:00:35.849752+03:00,_7,c97b954fcb12,E110 - 1 Apriliou,E110,0
2026-09-04T16:56:17Z,2026-09-04T20:00:35.849752+03:00,_0,f2dad27e0b2c,E110,E110 - 1 Apriliou,0
2026-09-04T16:56:17Z,2026-09-04T20:00:35.849752+03:00,_1,0bc8a04884b8,E110 - 1 Apriliou,E110 - 1 Apriliou,3
2026-09-04T16:56:17Z,2026-09-04T20:00:35.849752+03:00,_2,3f327fcf98cf,E110 - Eleftherias,E110 - Agias Fylaxeos,0
2026-09-04T16:56:17Z,2026-09-04T20:00:35.849752+03:00,_3,e50ca2ecb1e0,E110 - 1 Apriliou,,2
2026-09-04T16:56:17Z,2026-09-04T20:00:35.849752+03:00,_4,a3ae4f10ebab,E110 - Agias Fylaxeos,E147 - Archiepiskopou Makariou III Ave,0
2026-09-04T16:56:17Z,2026-09-04T20:00:35.849752+03:00,_5,f8a1b1df72c7,Agias Filaxeos,E147 - Archiepiskopou Makariou III Ave,4
2026-09-04T16:56:17Z,2026-09-04T20:00:35.849752+03:00,_0,1561bafaf811,,Lemesou Ave,0
2026-09-04T16:56:17Z,2026-09-04T20:00:35.849752+03:00,_1,d1bd4cd56cd8,Strovolos,Lemesou Ave,4
2026-09-04T16:56:17Z,2026-09-04T20:00:35.849752+03:00,_2,2eeb7481ceda,Aglantzia,E164 - Armenias,0
2026-09-04T16:56:17Z,2026-09-04T20:00:35.849752+03:00,_3,3dec49aff703,E121 - RIK Ave,Archiepiskopou Makariou III Ave,2
2026-09-04T16:56:17Z,2026-09-04T20:00:35.849752+03:00,_4,50e4e4ad5979,Lemesou Ave,B18 - Georgiou Griva Digeni Ave,0
2026-09-04T16:56:17Z,2026-09-04T20:00:35.849752+03:00,_5,bd5c9c327179,B18 - Georgiou Griva Digeni Ave,Evagorou Ave,2
2026-09-04T16:56:17Z,2026-09-04T20:00:35.849752+03:00,_6,76dbed895c05,E165 - Themistokli Dervi,Evagorou Ave,0
2026-09-04T17:06:23Z,2026-09-04T20:11:13.326666+03:00,_0,9637c1cd3244,Strovolos,Strovolos,0
2026-09-04T17:06:23Z,2026-09-04T20:11:13.326666+03:00,_1,d1bd4cd56cd8,Strovolos,Lemesou Ave,4
2026-09-04T17:06:23Z,2026-09-04T20:11:13.326666+03:00,_2,7c50b274239b,Aglantzia,E164 - Armenias,0
2026-09-04T17:06:23Z,2026-09-04T20:11:13.326666+03:00,_3,c57daf65c80e,Lemesou Ave,Archiepiskopou Makariou III Ave,2
2026-09-04T17:06:23Z,2026-09-04T20:11:13.326666+03:00,_0,920305ee9a1e,E147 - Archiepiskopou Makariou III Ave,Agias Filaxeos,0
2026-09-04T17:06:23Z,2026-09-04T20:11:13.326666+03:00,_1,a4260c51b19c,Steliou Kyriakidi,,4
2026-09-04T17:06:23Z,2026-09-04T20:11:13.326666+03:00,_2,58db42ee5329,Agias Filaxeos,E110 - 1 Apriliou,0
2026-09-04T17:06:23Z,2026-09-04T20:11:13.326666+03:00,_3,9f4f77006632,E110 - 1 Apriliou,E110 - Eleftherias,2
2026-09-04T17:06:23Z,2026-09-04T20:11:13.326666+03:00,_4,c97b954fcb12,E110 - 1 Apriliou,E110,0
2026-09-04T17:06:23Z,2026-09-04T20:11:13.326666+03:00,_0,f2dad27e0b2c,E110,E110 - 1 Apriliou,0
2026-09-04T17:06:23Z,2026-09-04T20:11:13.326666+03:00,_1,0bc8a04884b8,E110 - 1 Apriliou,E110 - 1 Apriliou,3
2026-09-04T17:06:23Z,2026-09-04T20:11:13.326666+03:00,_2,5db56daafe99,E110 - 1 Apriliou,E110 - 1 Apriliou,0
2026-09-04T17:06:23Z,2026-09-04T20:11:13.326666+03:00,_3,9c4725fc3c63,E110 - 1 Apriliou,E110 - Agias Fylaxeos,1
2026-09-04T17:06:23Z,2026-09-04T20:11:13.326666+03:00,_4,e50ca2ecb1e0,E110 - 1 Apriliou,,2
2026-09-04T17:06:23Z,2026-09-04T20:11:13.326666+03:00,_5,eb1b85c39780,E110 - Agias Fylaxeos,Spyrou Kyprianou Ave,0
2026-09-04T17:06:23Z,2026-09-04T20:11:13.326666+03:00,_6,9196d4917ec7,Vasileos Georgiou II,E147 - Archiepiskopou Makariou III Ave,3
2026-09-04T17:06:23Z,2026-09-04T20:11:13.326666+03:00,_0,1561bafaf811,,Lemesou Ave,0
2026-09-04T17:06:23Z,2026-09-04T20:11:13.326666+03:00,_1,d1bd4cd56cd8,Strovolos,Lemesou Ave,4
2026-09-04T17:06:23Z,2026-09-04T20:11:13.326666+03:00,_2,7c50b274239b,Aglantzia,E164 - Armenias,0
2026-09-04T17:06:23Z,2026-09-04T20:11:13.326666+03:00,_3,43f05193c4b0,Lemesou Ave,Archiepiskopou Makariou III Ave,2
2026-09-04T17:06:23Z,2026-09-04T20:11:13.326666+03:00,_4,7e9e53411917,Lemesou Ave,E1302 - Nikis Ave,0
2026-09-04T17:06:23Z,2026-09-04T20:11:13.326666+03:00,_5,910016111853,B18 - Georgiou Griva Digeni Ave,B18 - Georgiou Griva Digeni Ave,4
2026-09-04T17:06:23Z,2026-09-04T20:11:13.326666+03:00,_6,be1978e23bd0,B18 - Georgiou Griva Digeni Ave,E165 - Themistokli Dervi,0
2026-09-04T17:06:23Z,2026-09-04T20:11:13.326666+03:00,_7,06a69b0e63fe,B18 - Georgiou Griva Digeni Ave,Evagorou Ave,2
2026-09-04T17:06:23Z,2026-09-04T20:11:13.326666+03:00,_8,76dbed895c05,E165 - Themistokli Dervi,Evagorou Ave,0
2026-09-04T17:16:34Z,2026-09-04T20:20:35.821460+03:00,_0,9637c1cd3244,Strovolos,Strovolos,0
2026-09-04T17:16:34Z,2026-09-04T20:20:35.821460+03:00,_1,d1bd4cd56cd8,Strovolos,Lemesou Ave,4
2026-09-04T17:16:34Z,2026-09-04T20:20:35.821460+03:00,_2,7c50b274239b,Aglantzia,E164 - Armenias,0
2026-09-04T17:16:34Z,2026-09-04T20:20:35.821460+03:00,_3,c57daf65c80e,Lemesou Ave,Archiepiskopou Makariou III Ave,3
2026-09-04T17:16:34Z,2026-09-04T20:20:35.821460+03:00,_0,920305ee9a1e,E147 - Archiepiskopou Makariou III Ave,Agias Filaxeos,0
2026-09-04T17:16:34Z,2026-09-04T20:20:35.821460+03:00,_1,a4260c51b19c,Steliou Kyriakidi,,3
2026-09-04T17:16:34Z,2026-09-04T20:20:35.821460+03:00,_2,58db42ee5329,Agias Filaxeos,E110 - 1 Apriliou,0
2026-09-04T17:16:34Z,2026-09-04T20:20:35.821460+03:00,_3,9f4f77006632,E110 - 1 Apriliou,E110 - Eleftherias,2
2026-09-04T17:16:34Z,2026-09-04T20:20:35.821460+03:00,_4,c97b954fcb12,E110 - 1 Apriliou,E110,0
2026-09-04T17:16:34Z,2026-09-04T20:20:35.821460+03:00,_0,39496f0cfb84,E110,Agias Filaxeos,0
2026-09-04T17:16:34Z,2026-09-04T20:20:35.821460+03:00,_1,8efecb847652,Spyrou Kyprianou Ave,E147 - Archiepiskopou Makariou III Ave,3
2026-09-04T17:16:34Z,2026-09-04T20:20:35.821460+03:00,_0,1561bafaf811,,Lemesou Ave,0
2026-09-04T17:16:34Z,2026-09-04T20:20:35.821460+03:00,_1,d1bd4cd56cd8,Strovolos,Lemesou Ave,4
2026-09-04T17:16:34Z,2026-09-04T20:20:35.821460+03:00,_2,7c50b274239b,Aglantzia,E164 - Armenias,0
2026-09-04T17:16:34Z,2026-09-04T20:20:35.821460+03:00,_3,43f05193c4b0,Lemesou Ave,Archiepiskopou Makariou III Ave,3
2026-09-04T17:16:34Z,2026-09-04T20:20:35.821460+03:00,_4,7e9e53411917,Lemesou Ave,E1302 - Nikis Ave,0
2026-09-04T17:16:34Z,2026-09-04T20:20:35.821460+03:00,_5,910016111853,B18 - Georgiou Griva Digeni Ave,B18 - Georgiou Griva Digeni Ave,4
2026-09-04T17:16:34Z,2026-09-04T20:20:35.821460+03:00,_6,bbf67e32aa17,B18 - Georgiou Griva Digeni Ave,Evagorou Ave,0
2026-09-04T17:26:40Z,2026-09-04T20:31:13.294231+03:00,_0,d7fa998be72c,Strovolos,Strovolos,0
2026-09-04T17:26:40Z,2026-09-04T20:31:13.294231+03:00,_1,56258ee4f147,Strovolos,Lemesou Ave,4
2026-09-04T17:26:40Z,2026-09-04T20:31:13.294231+03:00,_2,7c50b274239b,Aglantzia,E164 - Armenias,0
2026-09-04T17:26:40Z,2026-09-04T20:31:13.294231+03:00,_3,c57daf65c80e,Lemesou Ave,Archiepiskopou Makariou III Ave,2
2026-09-04T17:26:40Z,2026-09-04T20:31:13.294231+03:00,_0,920305ee9a1e,E147 - Archiepiskopou Makariou III Ave,Agias Filaxeos,0
2026-09-04T17:26:40Z,2026-09-04T20:31:13.294231+03:00,_1,a4260c51b19c,Steliou Kyriakidi,,3
2026-09-04T17:26:40Z,2026-09-04T20:31:13.294231+03:00,_2,c0517c09c155,Agias Filaxeos,E110 - 1 Apriliou,0
2026-09-04T17:26:40Z,2026-09-04T20:31:13.294231+03:00,_3,4c51c2731156,E110 - Agias Fylaxeos,E110 - 1 Apriliou,2
2026-09-04T17:26:40Z,2026-09-04T20:31:13.294231+03:00,_4,28dbcad1bfe4,E110 - 1 Apriliou,E110,0
2026-09-04T17:26:40Z,2026-09-04T20:31:13.294231+03:00,_0,c367476144f8,E110,E147 - Archiepiskopou Makariou III Ave,0
2026-09-04T17:26:40Z,2026-09-04T20:31:13.294231+03:00,_1,0047479cf4c6,Agias Filaxeos,E147 - Archiepiskopou Makariou III Ave,4
2026-09-04T17:26:40Z,2026-09-04T20:31:13.294231+03:00,_0,37e913d03e44,,Strovolos,0
2026-09-04T17:26:40Z,2026-09-04T20:31:13.294231+03:00,_1,56258ee4f147,Strovolos,Lemesou Ave,4
2026-09-04T17:26:40Z,2026-09-04T20:31:13.294231+03:00,_2,7c50b274239b,Aglantzia,E164 - Armenias,0
2026-09-04T17:26:40Z,2026-09-04T20:31:13.294231+03:00,_3,43f05193c4b0,Lemesou Ave,Archiepiskopou Makariou III Ave,2
2026-09-04T17:26:40Z,2026-09-04T20:31:13.294231+03:00,_4,7e9e53411917,Lemesou Ave,E1302 - Nikis Ave,0
2026-09-04T17:26:40Z,2026-09-04T20:31:13.294231+03:00,_5,910016111853,B18 - Georgiou Griva Digeni Ave,B18 - Georgiou Griva Digeni Ave,4
2026-09-04T17:26:40Z,2026-09-04T20:31:13.294231+03:00,_6,bd5c9c327179,B18 - Georgiou Griva Digeni Ave,Evagorou Ave,2
2026-09-04T17:26:40Z,2026-09-04T20:31:13.294231+03:00,_7,76dbed895c05,E165 - Themistokli Dervi,Evagorou Ave,0
2026-09-04T17:36:45Z,2026-09-04T20:41:41.285779+03:00,_0,9637c1cd3244,Strovolos,Strovolos,0
2026-09-04T17:36:45Z,2026-09-04T20:41:41.285779+03:00,_1,d1bd4cd56cd8,Strovolos,Lemesou Ave,4
2026-09-04T17:36:45Z,2026-09-04T20:41:41.285779+03:00,_2,7c50b274239b,Aglantzia,E164 - Armenias,0
2026-09-04T17:36:45Z,2026-09-04T20:41:41.285779+03:00,_3,c57daf65c80e,Lemesou Ave,Archiepiskopou Makariou III Ave,3
2026-09-04T17:36:45Z,2026-09-04T20:41:41.285779+03:00,_0,1561bafaf811,,Lemesou Ave,0
2026-09-04T17:36:45Z,2026-09-04T20:41:41.285779+03:00,_1,d1bd4cd56cd8,Strovolos,Lemesou Ave,4
2026-09-04T17:36:45Z,2026-09-04T20:41:41.285779+03:00,_2,7c50b274239b,Aglantzia,E164 - Armenias,0
2026-09-04T17:36:45Z,2026-09-04T20:41:41.285779+03:00,_3,43f05193c4b0,Lemesou Ave,Archiepiskopou Makariou III Ave,3
2026-09-04T17:36:45Z,2026-09-04T20:41:41.285779+03:00,_4,7e9e53411917,Lemesou Ave,E1302 - Nikis Ave,0
2026-09-04T17:36:45Z,2026-09-04T20:41:41.285779+03:00,_5,910016111853,B18 - Georgiou Griva Digeni Ave,B18 - Georgiou Griva Digeni Ave,4
2026-09-04T17:36:45Z,2026-09-04T20:41:41.285779+03:00,_6,be1978e23bd0,B18 - Georgiou Griva Digeni Ave,E165 - Themistokli Dervi,0
2026-09-04T17:36:45Z,2026-09-04T20:41:41.285779+03:00,_7,06a69b0e63fe,B18 - Georgiou Griva Digeni Ave,Evagorou Ave,3
2026-09-04T17:36:45Z,2026-09-04T20:41:41.285779+03:00,_8,76dbed895c05,E165 - Themistokli Dervi,Evagorou Ave,0
2026-09-04T17:46:54Z,2026-09-04T20:51:13.418448+03:00,_0,9637c1cd3244,Strovolos,Strovolos,0
2026-09-04T17:46:54Z,2026-09-04T20:51:13.418448+03:00,_1,d1bd4cd56cd8,Strovolos,Lemesou Ave,4
2026-09-04T17:46:54Z,2026-09-04T20:51:13.418448+03:00,_2,7c50b274239b,Aglantzia,E164 - Armenias,0
2026-09-04T17:46:54Z,2026-09-04T20:51:13.418448+03:00,_3,c57daf65c80e,Lemesou Ave,Archiepiskopou Makariou III Ave,2
2026-09-04T17:46:54Z,2026-09-04T20:51:13.418448+03:00,_0,320e7f883c81,E110,E147 - Archiepiskopou Makariou III Ave,0
2026-09-04T17:46:54Z,2026-09-04T20:51:13.418448+03:00,_1,88697bca4b53,Agias Filaxeos,E147 - Archiepiskopou Makariou III Ave,4
2026-09-04T17:46:54Z,2026-09-04T20:51:13.418448+03:00,_0,1561bafaf811,,Lemesou Ave,0
2026-09-04T17:46:54Z,2026-09-04T20:51:13.418448+03:00,_1,d1bd4cd56cd8,Strovolos,Lemesou Ave,4
2026-09-04T17:46:54Z,2026-09-04T20:51:13.418448+03:00,_2,7c50b274239b,Aglantzia,E164 - Armenias,0
2026-09-04T17:46:54Z,2026-09-04T20:51:13.418448+03:00,_3,43f05193c4b0,Lemesou Ave,Archiepiskopou Makariou III Ave,2
2026-09-04T17:46:54Z,2026-09-04T20:51:13.418448+03:00,_4,7e9e53411917,Lemesou Ave,E1302 - Nikis Ave,0
2026-09-04T17:46:54Z,2026-09-04T20:51:13.418448+03:00,_5,910016111853,B18 - Georgiou Griva Digeni Ave,B18 - Georgiou Griva Digeni Ave,4
2026-09-04T17:46:54Z,2026-09-04T20:51:13.418448+03:00,_6,be1978e23bd0,B18 - Georgiou Griva Digeni Ave,E165 - Themistokli Dervi,0
2026-09-04T17:46:54Z,2026-09-04T20:51:13.418448+03:00,_7,06a69b0e63fe,B18 - Georgiou Griva Digeni Ave,Evagorou Ave,3
2026-09-04T17:46:54Z,2026-09-04T20:51:13.418448+03:00,_8,76dbed895c05,E165 - Themistokli Dervi,Evagorou Ave,0
2026-09-04T17:57:00Z,2026-09-04T21:01:55.978445+03:00,_0,9637c1cd3244,Strovolos,Strovolos,0
2026-09-04T17:57:00Z,2026-09-04T21:01:55.978445+03:00,_1,d1bd4cd56cd8,Strovolos,Lemesou Ave,4
2026-09-04T17:57:00Z,2026-09-04T21:01:55.978445+03:00,_2,7c50b274239b,Aglantzia,E164 - Armenias,0
2026-09-04T17:57:00Z,2026-09-04T21:01:55.978445+03:00,_3,e9824d0075f7,Lemesou Ave,,2
2026-09-04T17:57:00Z,2026-09-04T21:01:55.978445+03:00,_4,91353c408128,,Lemesou Ave,0
2026-09-04T17:57:00Z,2026-09-04T21:01:55.978445+03:00,_0,320e7f883c81,E110,E147 - Archiepiskopou Makariou III Ave,0
2026-09-04T17:57:00Z,2026-09-04T21:01:55.978445+03:00,_1,88697bca4b53,Agias Filaxeos,E147 - Archiepiskopou Makariou III Ave,4
2026-09-04T17:57:00Z,2026-09-04T21:01:55.978445+03:00,_0,1561bafaf811,,Lemesou Ave,0
2026-09-04T17:57:00Z,2026-09-04T21:01:55.978445+03:00,_1,d1bd4cd56cd8,Strovolos,Lemesou Ave,4
2026-09-04T17:57:00Z,2026-09-04T21:01:55.978445+03:00,_2,7c50b274239b,Aglantzia,E164 - Armenias,0
2026-09-04T17:57:00Z,2026-09-04T21:01:55.978445+03:00,_3,e9824d0075f7,Lemesou Ave,,2
2026-09-04T17:57:00Z,2026-09-04T21:01:55.978445+03:00,_4,f5eaf6b60589,,E1302 - Nikis Ave,0
2026-09-04T17:57:00Z,2026-09-04T21:01:55.978445+03:00,_5,910016111853,B18 - Georgiou Griva Digeni Ave,B18 - Georgiou Griva Digeni Ave,4
2026-09-04T17:57:00Z,2026-09-04T21:01:55.978445+03:00,_6,be1978e23bd0,B18 - Georgiou Griva Digeni Ave,E165 - Themistokli Dervi,0
2026-09-04T17:57:00Z,2026-09-04T21:01:55.978445+03:00,_7,06a69b0e63fe,B18 - Georgiou Griva Digeni Ave,Evagorou Ave,3
2026-09-04T17:57:00Z,2026-09-04T21:01:55.978445+03:00,_8,76dbed895c05,E165 - Themistokli Dervi,Evagorou Ave,0
2026-09-04T18:07:07Z,2026-09-04T21:11:13.367501+03:00,_0,9637c1cd3244,Strovolos,Strovolos,0
2026-09-04T18:07:07Z,2026-09-04T21:11:13.367501+03:00,_1,d1bd4cd56cd8,Strovolos,Lemesou Ave,4
2026-09-04T18:07:07Z,2026-09-04T21:11:13.367501+03:00,_2,c6e235d3222a,Aglantzia,Archiepiskopou Makariou III Ave,0
2026-09-04T18:07:07Z,2026-09-04T21:11:13.367501+03:00,_3,394713f228bd,Lemesou Ave,Lemesou Ave,2
2026-09-04T18:07:07Z,2026-09-04T21:11:13.367501+03:00,_0,9047fb30c8db,E110,E147 - Archiepiskopou Makariou III Ave,0
2026-09-04T18:07:07Z,2026-09-04T21:11:13.367501+03:00,_1,535964c57235,Agias Filaxeos,E147 - Archiepiskopou Makariou III Ave,4
2026-09-04T18:07:07Z,2026-09-04T21:11:13.367501+03:00,_0,1561bafaf811,,Lemesou Ave,0
2026-09-04T18:07:07Z,2026-09-04T21:11:13.367501+03:00,_1,d1bd4cd56cd8,Strovolos,Lemesou Ave,4
2026-09-04T18:07:07Z,2026-09-04T21:11:13.367501+03:00,_2,c6e235d3222a,Aglantzia,Archiepiskopou Makariou III Ave,0
2026-09-04T18:07:07Z,2026-09-04T21:11:13.367501+03:00,_3,6efde239cabf,Lemesou Ave,Archiepiskopou Makariou III Ave,2
2026-09-04T18:07:07Z,2026-09-04T21:11:13.367501+03:00,_4,d24a3a76cb5c,Lemesou Ave,Evagorou Ave,0
2026-09-04T18:07:07Z,2026-09-04T21:11:13.367501+03:00,_5,d6ddef54d08e,E165 - Themistokli Dervi,Evagorou Ave,3
2026-09-04T18:07:07Z,2026-09-04T21:11:13.367501+03:00,_6,76dbed895c05,E165 - Themistokli Dervi,Evagorou Ave,0
2026-09-04T18:17:18Z,2026-09-04T21:22:07.383298+03:00,_0,9637c1cd3244,Strovolos,Strovolos,0
2026-09-04T18:17:18Z,2026-09-04T21:22:07.383298+03:00,_1,d1bd4cd56cd8,Strovolos,Lemesou Ave,4
2026-09-04T18:17:18Z,2026-09-04T21:22:07.383298+03:00,_2,7c50b274239b,Aglantzia,E164 - Armenias,0
2026-09-04T18:17:18Z,2026-09-04T21:22:07.383298+03:00,_3,c57daf65c80e,Lemesou Ave,Archiepiskopou Makariou III Ave,3
2026-09-04T18:17:18Z,2026-09-04T21:22:07.383298+03:00,_0,1561bafaf811,,Lemesou Ave,0
2026-09-04T18:17:18Z,2026-09-04T21:22:07.383298+03:00,_1,d1bd4cd56cd8,Strovolos,Lemesou Ave,4
2026-09-04T18:17:18Z,2026-09-04T21:22:07.383298+03:00,_2,7c50b274239b,Aglantzia,E164 - Armenias,0
2026-09-04T18:17:18Z,2026-09-04T21:22:07.383298+03:00,_3,43f05193c4b0,Lemesou Ave,Archiepiskopou Makariou III Ave,3
2026-09-04T18:17:18Z,2026-09-04T21:22:07.383298+03:00,_4,7e9e53411917,Lemesou Ave,E1302 - Nikis Ave,0
2026-09-04T18:17:18Z,2026-09-04T21:22:07.383298+03:00,_5,910016111853,B18 - Georgiou Griva Digeni Ave,B18 - Georgiou Griva Digeni Ave,4
2026-09-04T18:17:18Z,2026-09-04T21:22:07.383298+03:00,_6,bbf67e32aa17,B18 - Georgiou Griva Digeni Ave,Evagorou Ave,0
2026-09-04T18:27:24Z,2026-09-04T21:32:20.574156+03:00,_0,fe72ea2b224f,Strovolos,Lemesou Ave,0
2026-09-04T18:27:24Z,2026-09-04T21:32:20.574156+03:00,_1,1c3025f6d361,Strovolos,Lemesou Ave,4
2026-09-04T18:27:24Z,2026-09-04T21:32:20.574156+03:00,_2,7c50b274239b,Aglantzia,E164 - Armenias,0
2026-09-04T18:27:24Z,2026-09-04T21:32:20.574156+03:00,_3,c57daf65c80e,Lemesou Ave,Archiepiskopou Makariou III Ave,2
2026-09-04T18:27:24Z,2026-09-04T21:32:20.574156+03:00,_0,d0dc64f54734,,Lemesou Ave,0
2026-09-04T18:27:24Z,2026-09-04T21:32:20.574156+03:00,_1,1c3025f6d361,Strovolos,Lemesou Ave,4
2026-09-04T18:27:24Z,2026-09-04T21:32:20.574156+03:00,_2,7c50b274239b,Aglantzia,E164 - Armenias,0
2026-09-04T18:27:24Z,2026-09-04T21:32:20.574156+03:00,_3,43f05193c4b0,Lemesou Ave,Archiepiskopou Makariou III Ave,2
2026-09-04T18:27:24Z,2026-09-04T21:32:20.574156+03:00,_4,8fab7dfc83f0,Lemesou Ave,Evagorou Ave,0
2026-09-04T18:37:31Z,2026-09-04T21:42:07.411415+03:00,_0,fe72ea2b224f,Strovolos,Lemesou Ave,0
2026-09-04T18:37:31Z,2026-09-04T21:42:07.411415+03:00,_1,1c3025f6d361,Strovolos,Lemesou Ave,4
2026-09-04T18:37:31Z,2026-09-04T21:42:07.411415+03:00,_2,7c50b274239b,Aglantzia,E164 - Armenias,0
2026-09-04T18:37:31Z,2026-09-04T21:42:07.411415+03:00,_3,c57daf65c80e,Lemesou Ave,Archiepiskopou Makariou III Ave,2
2026-09-04T18:37:31Z,2026-09-04T21:42:07.411415+03:00,_0,d0dc64f54734,,Lemesou Ave,0
2026-09-04T18:37:31Z,2026-09-04T21:42:07.411415+03:00,_1,1c3025f6d361,Strovolos,Lemesou Ave,4
2026-09-04T18:37:31Z,2026-09-04T21:42:07.411415+03:00,_2,7c50b274239b,Aglantzia,E164 - Armenias,0
2026-09-04T18:37:31Z,2026-09-04T21:42:07.411415+03:00,_3,43f05193c4b0,Lemesou Ave,Archiepiskopou Makariou III Ave,2
2026-09-04T18:37:31Z,2026-09-04T21:42:07.411415+03:00,_4,8fab7dfc83f0,Lemesou Ave,Evagorou Ave,0
2026-09-04T18:47:38Z,2026-09-04T21:52:34.632277+03:00,_0,fe72ea2b224f,Strovolos,Lemesou Ave,0
2026-09-04T18:47:38Z,2026-09-04T21:52:34.632277+03:00,_1,1c3025f6d361,Strovolos,Lemesou Ave,4
2026-09-04T18:47:38Z,2026-09-04T21:52:34.632277+03:00,_2,7792802c8552,Aglantzia,Archiepiskopou Makariou III Ave,0
2026-09-04T18:47:38Z,2026-09-04T21:52:34.632277+03:00,_0,d0dc64f54734,,Lemesou Ave,0
2026-09-04T18:47:38Z,2026-09-04T21:52:34.632277+03:00,_1,1c3025f6d361,Strovolos,Lemesou Ave,4
2026-09-04T18:47:38Z,2026-09-04T21:52:34.632277+03:00,_2,cc8badd45da4,Aglantzia,Evagorou Ave,0
2026-09-04T21:32:34Z,2026-09-05T00:37:02.186658+03:00,_0,f2dad27e0b2c,E110,E110 - 1 Apriliou,0
2026-09-04T21:32:34Z,2026-09-05T00:37:02.186658+03:00,_1,0bc8a04884b8,E110 - 1 Apriliou,E110 - 1 Apriliou,3
2026-09-04T21:32:34Z,2026-09-05T00:37:02.186658+03:00,_2,c9decce66ab6,E110 - Eleftherias,E147 - Archiepiskopou Makariou III Ave,0
2026-09-04T21:42:38Z,2026-09-05T00:47:34.367288+03:00,_0,8d9c361207fd,,E164 - Armenias,0
2026-09-04T21:42:38Z,2026-09-05T00:47:34.367288+03:00,_1,e9550772caa3,Lemesou Ave,Lemesou Ave,4
2026-09-04T21:42:38Z,2026-09-05T00:47:34.367288+03:00,_2,42e8917c1e04,A1,Evagorou Ave,0
2026-09-04T21:42:38Z,2026-09-05T00:47:34.367288+03:00,_0,86ca3f119319,Strovolos,E164 - Armenias,0
2026-09-04T21:42:38Z,2026-09-05T00:47:34.367288+03:00,_1,e9550772caa3,Lemesou Ave,Lemesou Ave,4
2026-09-04T21:42:38Z,2026-09-05T00:47:34.367288+03:00,_2,85b99fc6d959,A1,Archiepiskopou Makariou III Ave,0
2026-09-04T21:52:44Z,2026-09-05T00:57:02.156478+03:00,_0,8d9c361207fd,,E164 - Armenias,0
2026-09-04T21:52:44Z,2026-09-05T00:57:02.156478+03:00,_1,e9550772caa3,Lemesou Ave,Lemesou Ave,2
2026-09-04T21:52:44Z,2026-09-05T00:57:02.156478+03:00,_2,42e8917c1e04,A1,Evagorou Ave,0
2026-09-04T21:52:44Z,2026-09-05T00:57:02.156478+03:00,_0,86ca3f119319,Strovolos,E164 - Armenias,0
2026-09-04T21:52:44Z,2026-09-05T00:57:02.156478+03:00,_1,e9550772caa3,Lemesou Ave,Lemesou Ave,2
2026-09-04T21:52:44Z,2026-09-05T00:57:02.156478+03:00,_2,85b99fc6d959,A1,Archiepiskopou Makariou III Ave,0
2026-09-05T00:04:26Z,2026-09-05T03:09:02.274810+03:00,_0,ef98e3955669,,Mandria,0
2026-09-05T00:04:26Z,2026-09-05T03:09:02.274810+03:00,_1,e9a663624ce2,Anarita,Anarita,4
2026-09-05T00:04:26Z,2026-09-05T03:09:02.274810+03:00,_2,5841f418448d,Kouklia,Evagorou Ave,0
2026-09-05T00:34:43Z,2026-09-05T03:39:39.152271+03:00,_0,07b7eb11e965,E147 - Archiepiskopou Makariou III Ave,E110 - 1 Apriliou,0
2026-09-05T00:34:43Z,2026-09-05T03:39:39.152271+03:00,_1,de7c5d112dc2,E110 - 1 Apriliou,E110 - Eleftherias,2
2026-09-05T00:34:43Z,2026-09-05T03:39:39.152271+03:00,_2,5f1fec2aa9f9,E110 - 1 Apriliou,E110,0
2026-09-05T05:07:13Z,2026-09-05T08:11:13.569775+03:00,_0,07b7eb11e965,E147 - Archiepiskopou Makariou III Ave,E110 - 1 Apriliou,0
2026-09-05T05:07:13Z,2026-09-05T08:11:13.569775+03:00,_1,b8c777372286,E110 - 1 Apriliou,E110 - 1 Apriliou,4
2026-09-05T05:07:13Z,2026-09-05T08:11:13.569775+03:00,_2,15f60bb25351,E110 - 1 Apriliou,E110,0
2026-09-05T05:17:21Z,2026-09-05T08:22:07.617745+03:00,_0,a13078e52136,E147 - Archiepiskopou Makariou III Ave,E110 - 1 Apriliou,0
2026-09-05T05:17:21Z,2026-09-05T08:22:07.617745+03:00,_1,2e8a70703250,E110 - 1 Apriliou,E110 - 1 Apriliou,2
2026-09-05T05:17:21Z,2026-09-05T08:22:07.617745+03:00,_2,15f60bb25351,E110 - 1 Apriliou,E110,0
2026-09-05T05:37:34Z,2026-09-05T08:42:07.678008+03:00,_0,1903b2559960,,Archiepiskopou Makariou III Ave,0
2026-09-05T05:37:34Z,2026-09-05T08:42:07.678008+03:00,_1,660d388bb733,Lemesou Ave,Archiepiskopou Makariou III Ave,2
2026-09-05T05:37:34Z,2026-09-05T08:42:07.678008+03:00,_2,8fab7dfc83f0,Lemesou Ave,Evagorou Ave,0
2026-09-05T05:47:42Z,2026-09-05T08:52:37.949215+03:00,_0,acb430b8e822,Strovolos,Archiepiskopou Makariou III Ave,0
2026-09-05T05:47:42Z,2026-09-05T08:52:37.949215+03:00,_1,394713f228bd,Lemesou Ave,Lemesou Ave,2
2026-09-05T05:47:42Z,2026-09-05T08:52:37.949215+03:00,_0,6311136a7b90,,Archiepiskopou Makariou III Ave,0
2026-09-05T05:47:42Z,2026-09-05T08:52:37.949215+03:00,_1,6efde239cabf,Lemesou Ave,Archiepiskopou Makariou III Ave,2
2026-09-05T05:47:42Z,2026-09-05T08:52:37.949215+03:00,_2,8fab7dfc83f0,Lemesou Ave,Evagorou Ave,0
2026-09-05T06:38:14Z,2026-09-05T09:43:10.022046+03:00,_0,6311136a7b90,,Archiepiskopou Makariou III Ave,0
2026-09-05T06:38:14Z,2026-09-05T09:43:10.022046+03:00,_1,6efde239cabf,Lemesou Ave,Archiepiskopou Makariou III Ave,2
2026-09-05T06:38:14Z,2026-09-05T09:43:10.022046+03:00,_2,8fab7dfc83f0,Lemesou Ave,Evagorou Ave,0
2026-09-05T06:38:14Z,2026-09-05T09:43:10.022046+03:00,_0,acb430b8e822,Strovolos,Archiepiskopou Makariou III Ave,0
2026-09-05T06:38:14Z,2026-09-05T09:43:10.022046+03:00,_1,394713f228bd,Lemesou Ave,Lemesou Ave,2
2026-09-05T10:28:45Z,2026-09-05T13:33:41.316784+03:00,_0,920305ee9a1e,E147 - Archiepiskopou Makariou III Ave,Agias Filaxeos,0
2026-09-05T10:28:45Z,2026-09-05T13:33:41.316784+03:00,_1,a4260c51b19c,Steliou Kyriakidi,,4
2026-09-05T10:28:45Z,2026-09-05T13:33:41.316784+03:00,_2,f780373a5188,Agias Filaxeos,E110 - Agias Fylaxeos,2
2026-09-05T10:28:45Z,2026-09-05T13:33:41.316784+03:00,_3,6841a02a1258,,E110 - 1 Apriliou,3
2026-09-05T10:28:45Z,2026-09-05T13:33:41.316784+03:00,_4,f99b72a378a5,E110 - Agias Fylaxeos,E110,0
2026-09-05T10:28:45Z,2026-09-05T13:33:41.316784+03:00,_0,78de8d33d4a4,E110,,0
2026-09-05T10:28:45Z,2026-09-05T13:33:41.316784+03:00,_1,a9a39a128bc3,E110 - Agias Fylaxeos,Agias Filaxeos,2
2026-09-05T10:28:45Z,2026-09-05T13:33:41.316784+03:00,_2,d32eb026a958,,E147 - Archiepiskopou Makariou III Ave,0
2026-09-05T10:28:45Z,2026-09-05T13:33:41.316784+03:00,_0,543dd67c0e60,,B18 - Georgiou Griva Digeni Ave,0
2026-09-05T10:28:45Z,2026-09-05T13:33:41.316784+03:00,_1,aabab5b0e87d,Archiepiskopou Makariou III Ave,B18 - Georgiou Griva Digeni Ave,2
2026-09-05T10:28:45Z,2026-09-05T13:33:41.316784+03:00,_2,e1beab30434a,Archiepiskopou Makariou III Ave,Evagorou Ave,0
2026-09-05T10:38:52Z,2026-09-05T13:43:47.783289+03:00,_0,0404ea780de8,E147 - Archiepiskopou Makariou III Ave,Vasileos Georgiou II,0
2026-09-05T10:38:52Z,2026-09-05T13:43:47.783289+03:00,_1,ded58892ae74,Agias Filaxeos,Vasileos Georgiou II,4
2026-09-05T10:38:52Z,2026-09-05T13:43:47.783289+03:00,_2,f0692a22ef39,Agias Filaxeos,Agias Filaxeos,0
2026-09-05T10:38:52Z,2026-09-05T13:43:47.783289+03:00,_3,a4260c51b19c,Steliou Kyriakidi,,4
2026-09-05T10:38:52Z,2026-09-05T13:43:47.783289+03:00,_4,f780373a5188,Agias Filaxeos,E110 - Agias Fylaxeos,0
2026-09-05T10:38:52Z,2026-09-05T13:43:47.783289+03:00,_5,6841a02a1258,,E110 - 1 Apriliou,2
2026-09-05T10:38:52Z,2026-09-05T13:43:47.783289+03:00,_6,f99b72a378a5,E110 - Agias Fylaxeos,E110,0
2026-09-05T10:48:57Z,2026-09-05T13:53:53.565468+03:00,_0,920305ee9a1e,E147 - Archiepiskopou Makariou III Ave,Agias Filaxeos,0
2026-09-05T10:48:57Z,2026-09-05T13:53:53.565468+03:00,_1,a4260c51b19c,Steliou Kyriakidi,,4
2026-09-05T10:48:57Z,2026-09-05T13:53:53.565468+03:00,_2,f780373a5188,Agias Filaxeos,E110 - Agias Fylaxeos,0
2026-09-05T10:48:57Z,2026-09-05T13:53:53.565468+03:00,_3,6841a02a1258,,E110 - 1 Apriliou,2
2026-09-05T10:48:57Z,2026-09-05T13:53:53.565468+03:00,_4,f99b72a378a5,E110 - Agias Fylaxeos,E110,0
2026-09-05T10:48:57Z,2026-09-05T13:53:53.565468+03:00,_0,320e7f883c81,E110,E147 - Archiepiskopou Makariou III Ave,0
2026-09-05T10:48:57Z,2026-09-05T13:53:53.565468+03:00,_1,88697bca4b53,Agias Filaxeos,E147 - Archiepiskopou Makariou III Ave,3
2026-09-05T10:48:57Z,2026-09-05T13:53:53.565468+03:00,_0,543dd67c0e60,,B18 - Georgiou Griva Digeni Ave,0
2026-09-05T10:48:57Z,2026-09-05T13:53:53.565468+03:00,_1,aabab5b0e87d,Archiepiskopou Makariou III Ave,B18 - Georgiou Griva Digeni Ave,3
2026-09-05T10:48:57Z,2026-09-05T13:53:53.565468+03:00,_2,e1beab30434a,Archiepiskopou Makariou III Ave,Evagorou Ave,0
2026-09-05T10:59:05Z,2026-09-05T14:04:01.654516+03:00,_0,920305ee9a1e,E147 - Archiepiskopou Makariou III Ave,Agias Filaxeos,0
2026-09-05T10:59:05Z,2026-09-05T14:04:01.654516+03:00,_1,a4260c51b19c,Steliou Kyriakidi,,4
2026-09-05T10:59:05Z,2026-09-05T14:04:01.654516+03:00,_2,f5f94ff22484,Agias Filaxeos,E110,0
2026-09-05T10:59:05Z,2026-09-05T14:04:01.654516+03:00,_0,543dd67c0e60,,B18 - Digeni Akrita Ave,0
2026-09-05T10:59:05Z,2026-09-05T14:04:01.654516+03:00,_1,aabab5b0e87d,Archiepiskopou Makariou III Ave,B18 - Georgiou Griva Digeni Ave,3
2026-09-05T10:59:05Z,2026-09-05T14:04:01.654516+03:00,_2,e1beab30434a,Archiepiskopou Makariou III Ave,Evagorou Ave,0
2026-09-05T10:59:05Z,2026-09-05T14:04:01.654516+03:00,_0,98b5261b31f5,E110,E147 - Archiepiskopou Makariou III Ave,0
2026-09-05T10:59:05Z,2026-09-05T14:04:01.654516+03:00,_1,676c339d8b55,Agias Filaxeos,E147 - Archiepiskopou Makariou III Ave,2
2026-09-05T11:09:12Z,2026-09-05T14:14:07.760330+03:00,_0,920305ee9a1e,E147 - Archiepiskopou Makariou III Ave,Agias Filaxeos,0
2026-09-05T11:09:12Z,2026-09-05T14:14:07.760330+03:00,_1,a4260c51b19c,Steliou Kyriakidi,,3
2026-09-05T11:09:12Z,2026-09-05T14:14:07.760330+03:00,_2,58db42ee5329,Agias Filaxeos,E110 - 1 Apriliou,0
2026-09-05T11:09:12Z,2026-09-05T14:14:07.760330+03:00,_3,9f4f77006632,E110 - 1 Apriliou,E110 - Eleftherias,2
2026-09-05T11:09:12Z,2026-09-05T14:14:07.760330+03:00,_4,c97b954fcb12,E110 - 1 Apriliou,E110,0
2026-09-05T11:09:12Z,2026-09-05T14:14:07.760330+03:00,_0,98b5261b31f5,E110,E147 - Archiepiskopou Makariou III Ave,0
2026-09-05T11:09:12Z,2026-09-05T14:14:07.760330+03:00,_1,676c339d8b55,Agias Filaxeos,E147 - Archiepiskopou Makariou III Ave,2
2026-09-05T11:29:25Z,2026-09-05T14:34:20.795588+03:00,_0,920305ee9a1e,E147 - Archiepiskopou Makariou III Ave,Agias Filaxeos,0
2026-09-05T11:29:25Z,2026-09-05T14:34:20.795588+03:00,_1,a4260c51b19c,Steliou Kyriakidi,,3
2026-09-05T11:29:25Z,2026-09-05T14:34:20.795588+03:00,_2,f5f94ff22484,Agias Filaxeos,E110,0
2026-09-05T11:29:25Z,2026-09-05T14:34:20.795588+03:00,_0,1903b2559960,,Archiepiskopou Makariou III Ave,0
2026-09-05T11:29:25Z,2026-09-05T14:34:20.795588+03:00,_1,660d388bb733,Lemesou Ave,Archiepiskopou Makariou III Ave,2
2026-09-05T11:29:25Z,2026-09-05T14:34:20.795588+03:00,_2,8fab7dfc83f0,Lemesou Ave,Evagorou Ave,0
2026-09-05T11:39:32Z,2026-09-05T14:44:27.969138+03:00,_0,07b7eb11e965,E147 - Archiepiskopou Makariou III Ave,E110 - 1 Apriliou,0
2026-09-05T11:39:32Z,2026-09-05T14:44:27.969138+03:00,_1,9f4f77006632,E110 - 1 Apriliou,E110 - Eleftherias,2
2026-09-05T11:39:32Z,2026-09-05T14:44:27.969138+03:00,_2,c97b954fcb12,E110 - 1 Apriliou,E110,0
2026-09-05T11:39:32Z,2026-09-05T14:44:27.969138+03:00,_0,1903b2559960,,Archiepiskopou Makariou III Ave,0
2026-09-05T11:39:32Z,2026-09-05T14:44:27.969138+03:00,_1,660d388bb733,Lemesou Ave,Archiepiskopou Makariou III Ave,2
2026-09-05T11:39:32Z,2026-09-05T14:44:27.969138+03:00,_2,8fab7dfc83f0,Lemesou Ave,Evagorou Ave,0
2026-09-05T11:49:38Z,2026-09-05T14:54:33.896752+03:00,_0,1903b2559960,,Archiepiskopou Makariou III Ave,0
2026-09-05T11:49:38Z,2026-09-05T14:54:33.896752+03:00,_1,660d388bb733,Lemesou Ave,Archiepiskopou Makariou III Ave,2
2026-09-05T11:49:38Z,2026-09-05T14:54:33.896752+03:00,_2,7e9e53411917,Lemesou Ave,E1302 - Nikis Ave,0
2026-09-05T11:49:38Z,2026-09-05T14:54:33.896752+03:00,_3,910016111853,B18 - Georgiou Griva Digeni Ave,B18 - Georgiou Griva Digeni Ave,3
2026-09-05T11:49:38Z,2026-09-05T14:54:33.896752+03:00,_4,bbf67e32aa17,B18 - Georgiou Griva Digeni Ave,Evagorou Ave,0
2026-09-05T12:50:13Z,2026-09-05T15:55:08.973001+03:00,_0,1903b2559960,,Archiepiskopou Makariou III Ave,0
2026-09-05T12:50:13Z,2026-09-05T15:55:08.973001+03:00,_1,660d388bb733,Lemesou Ave,Archiepiskopou Makariou III Ave,2
2026-09-05T12:50:13Z,2026-09-05T15:55:08.973001+03:00,_2,8fab7dfc83f0,Lemesou Ave,Evagorou Ave,0
2026-09-05T15:05:10Z,2026-09-05T18:09:58.884682+03:00,_0,6dea203d67e3,Exit 24 >E127 Germasogeia / E113 Lemesos-Centre,Kato Polemidia,0
2026-09-05T15:05:10Z,2026-09-05T18:09:58.884682+03:00,_1,3b920b3120b4,A1,Kato Polemidia,1
2026-09-05T15:05:10Z,2026-09-05T18:09:58.884682+03:00,_2,8e8cea011a58,Ypsonas,"to A6 > Pafos, Pafos Airport",0
2026-09-05T15:15:14Z,2026-09-05T18:20:10.414355+03:00,_0,a621b9829dc1,Exit 24 >E127 Germasogeia / E113 Lemesos-Centre,A6,0
2026-09-05T15:15:14Z,2026-09-05T18:20:10.414355+03:00,_1,fa5003ea4ff6,A1,Ypsonas,2
2026-09-05T15:15:14Z,2026-09-05T18:20:10.414355+03:00,_2,b0f2709c7ff8,Ypsonas,"to A6 > Pafos, Pafos Airport",0
2026-09-05T15:15:14Z,2026-09-05T18:20:10.414355+03:00,_0,1903b2559960,,Archiepiskopou Makariou III Ave,0
2026-09-05T15:15:14Z,2026-09-05T18:20:10.414355+03:00,_1,660d388bb733,Lemesou Ave,Archiepiskopou Makariou III Ave,2
2026-09-05T15:15:14Z,2026-09-05T18:20:10.414355+03:00,_2,8fab7dfc83f0,Lemesou Ave,Evagorou Ave,0
2026-09-05T15:25:20Z,2026-09-05T18:30:16.229361+03:00,_0,d6074089d8ef,Exit 24 >E127 Germasogeia / E113 Lemesos-Centre,A6,0
2026-09-05T15:25:20Z,2026-09-05T18:30:16.229361+03:00,_1,7afa14916510,Lemesos,A6,2
2026-09-05T15:25:20Z,2026-09-05T18:30:16.229361+03:00,_2,fa5003ea4ff6,A1,Ypsonas,3
2026-09-05T15:25:20Z,2026-09-05T18:30:16.229361+03:00,_3,b0f2709c7ff8,Ypsonas,"to A6 > Pafos, Pafos Airport",0
2026-09-05T15:35:27Z,2026-09-05T18:40:23.243367+03:00,_0,d6074089d8ef,Exit 24 >E127 Germasogeia / E113 Lemesos-Centre,A6,0
2026-09-05T15:35:27Z,2026-09-05T18:40:23.243367+03:00,_1,432b4826af6d,Lemesos,Ypsonas,2
2026-09-05T15:35:27Z,2026-09-05T18:40:23.243367+03:00,_2,b0f2709c7ff8,Ypsonas,"to A6 > Pafos, Pafos Airport",0
2026-09-05T15:45:33Z,2026-09-05T18:50:28.866734+03:00,_0,8fbca12857bb,E110,E147 - Archiepiskopou Makariou III Ave,0
2026-09-05T15:45:33Z,2026-09-05T18:50:28.866734+03:00,_1,97fd60761863,Agiou Artemiou,E147 - Archiepiskopou Makariou III Ave,2
2026-09-05T15:45:33Z,2026-09-05T18:50:28.866734+03:00,_0,0299ed13c1f9,Exit 24 >E127 Germasogeia / E113 Lemesos-Centre,Kato Polemidia,0
2026-09-05T15:45:33Z,2026-09-05T18:50:28.866734+03:00,_1,3c25dff6fe01,A1,Ypsonas,2
2026-09-05T15:45:33Z,2026-09-05T18:50:28.866734+03:00,_2,b0f2709c7ff8,Ypsonas,"to A6 > Pafos, Pafos Airport",0
2026-09-05T15:55:38Z,2026-09-05T19:00:34.760337+03:00,_0,1903b2559960,,Archiepiskopou Makariou III Ave,0
2026-09-05T15:55:38Z,2026-09-05T19:00:34.760337+03:00,_1,660d388bb733,Lemesou Ave,Archiepiskopou Makariou III Ave,2
2026-09-05T15:55:38Z,2026-09-05T19:00:34.760337+03:00,_2,8fab7dfc83f0,Lemesou Ave,Evagorou Ave,0
2026-09-05T16:15:50Z,2026-09-05T19:20:36.197665+03:00,_0,07b7eb11e965,E147 - Archiepiskopou Makariou III Ave,E110 - 1 Apriliou,0
2026-09-05T16:15:50Z,2026-09-05T19:20:36.197665+03:00,_1,de7c5d112dc2,E110 - 1 Apriliou,E110 - Eleftherias,2
2026-09-05T16:15:50Z,2026-09-05T19:20:36.197665+03:00,_2,5f1fec2aa9f9,E110 - 1 Apriliou,E110,0
2026-09-05T16:25:53Z,2026-09-05T19:30:36.238939+03:00,_0,fe72ea2b224f,Strovolos,Lemesou Ave,0
2026-09-05T16:25:53Z,2026-09-05T19:30:36.238939+03:00,_1,1c3025f6d361,Strovolos,Lemesou Ave,3
2026-09-05T16:25:53Z,2026-09-05T19:30:36.238939+03:00,_2,7792802c8552,Aglantzia,Archiepiskopou Makariou III Ave,0
2026-09-05T16:25:53Z,2026-09-05T19:30:36.238939+03:00,_0,d0dc64f54734,,Lemesou Ave,0
2026-09-05T16:25:53Z,2026-09-05T19:30:36.238939+03:00,_1,1c3025f6d361,Strovolos,Lemesou Ave,3
2026-09-05T16:25:53Z,2026-09-05T19:30:36.238939+03:00,_2,cc8badd45da4,Aglantzia,Evagorou Ave,0
2026-09-05T16:35:59Z,2026-09-05T19:40:36.395915+03:00,_0,fe72ea2b224f,Strovolos,Lemesou Ave,0
2026-09-05T16:35:59Z,2026-09-05T19:40:36.395915+03:00,_1,1c3025f6d361,Strovolos,Lemesou Ave,3
2026-09-05T16:35:59Z,2026-09-05T19:40:36.395915+03:00,_2,c6e235d3222a,Aglantzia,Archiepiskopou Makariou III Ave,0
2026-09-05T16:35:59Z,2026-09-05T19:40:36.395915+03:00,_3,394713f228bd,Lemesou Ave,Lemesou Ave,2
2026-09-05T16:35:59Z,2026-09-05T19:40:36.395915+03:00,_0,d0dc64f54734,,Lemesou Ave,0
2026-09-05T16:35:59Z,2026-09-05T19:40:36.395915+03:00,_1,1c3025f6d361,Strovolos,Lemesou Ave,3
2026-09-05T16:35:59Z,2026-09-05T19:40:36.395915+03:00,_2,c6e235d3222a,Aglantzia,Archiepiskopou Makariou III Ave,0
2026-09-05T16:35:59Z,2026-09-05T19:40:36.395915+03:00,_3,6efde239cabf,Lemesou Ave,Archiepiskopou Makariou III Ave,2
2026-09-05T16:35:59Z,2026-09-05T19:40:36.395915+03:00,_4,8fab7dfc83f0,Lemesou Ave,Evagorou Ave,0
2026-09-05T16:46:03Z,2026-09-05T19:50:36.312503+03:00,_0,fe72ea2b224f,Strovolos,Lemesou Ave,0
2026-09-05T16:46:03Z,2026-09-05T19:50:36.312503+03:00,_1,1c3025f6d361,Strovolos,Lemesou Ave,3
2026-09-05T16:46:03Z,2026-09-05T19:50:36.312503+03:00,_2,7792802c8552,Aglantzia,Archiepiskopou Makariou III Ave,0
2026-09-05T16:46:03Z,2026-09-05T19:50:36.312503+03:00,_0,1cc902273d46,E110,E147 - Archiepiskopou Makariou III Ave,0
2026-09-05T16:46:03Z,2026-09-05T19:50:36.312503+03:00,_1,b1607c8a378f,Agias Filaxeos,E147 - Archiepiskopou Makariou III Ave,3
2026-09-05T16:46:03Z,2026-09-05T19:50:36.312503+03:00,_0,d0dc64f54734,,Lemesou Ave,0
2026-09-05T16:46:03Z,2026-09-05T19:50:36.312503+03:00,_1,1c3025f6d361,Strovolos,Lemesou Ave,3
2026-09-05T16:46:03Z,2026-09-05T19:50:36.312503+03:00,_2,cc8badd45da4,Aglantzia,Evagorou Ave,0
2026-09-05T16:56:07Z,2026-09-05T20:00:36.272219+03:00,_0,9637c1cd3244,Strovolos,Strovolos,0
2026-09-05T16:56:07Z,2026-09-05T20:00:36.272219+03:00,_1,d1bd4cd56cd8,Strovolos,Lemesou Ave,3
2026-09-05T16:56:07Z,2026-09-05T20:00:36.272219+03:00,_2,7792802c8552,Aglantzia,Archiepiskopou Makariou III Ave,0
2026-09-05T16:56:07Z,2026-09-05T20:00:36.272219+03:00,_0,1561bafaf811,,Lemesou Ave,0
2026-09-05T16:56:07Z,2026-09-05T20:00:36.272219+03:00,_1,d1bd4cd56cd8,Strovolos,Lemesou Ave,3
2026-09-05T16:56:07Z,2026-09-05T20:00:36.272219+03:00,_2,cc8badd45da4,Aglantzia,Evagorou Ave,0
2026-09-05T17:37:05Z,2026-09-05T20:42:02.104555+03:00,_0,9637c1cd3244,Strovolos,Strovolos,0
2026-09-05T17:37:05Z,2026-09-05T20:42:02.104555+03:00,_1,d1bd4cd56cd8,Strovolos,Lemesou Ave,4
2026-09-05T17:37:05Z,2026-09-05T20:42:02.104555+03:00,_2,7c50b274239b,Aglantzia,E164 - Armenias,0
2026-09-05T17:37:05Z,2026-09-05T20:42:02.104555+03:00,_3,c57daf65c80e,Lemesou Ave,Archiepiskopou Makariou III Ave,2
2026-09-05T17:37:05Z,2026-09-05T20:42:02.104555+03:00,_0,320e7f883c81,E110,E147 - Archiepiskopou Makariou III Ave,0
2026-09-05T17:37:05Z,2026-09-05T20:42:02.104555+03:00,_1,88697bca4b53,Agias Filaxeos,E147 - Archiepiskopou Makariou III Ave,3
2026-09-05T17:37:05Z,2026-09-05T20:42:02.104555+03:00,_0,1561bafaf811,,Lemesou Ave,0
2026-09-05T17:37:05Z,2026-09-05T20:42:02.104555+03:00,_1,d1bd4cd56cd8,Strovolos,Lemesou Ave,4
2026-09-05T17:37:05Z,2026-09-05T20:42:02.104555+03:00,_2,7c50b274239b,Aglantzia,E164 - Armenias,0
2026-09-05T17:37:05Z,2026-09-05T20:42:02.104555+03:00,_3,43f05193c4b0,Lemesou Ave,Archiepiskopou Makariou III Ave,2
2026-09-05T17:37:05Z,2026-09-05T20:42:02.104555+03:00,_4,7e9e53411917,Lemesou Ave,E1302 - Nikis Ave,0
2026-09-05T17:37:05Z,2026-09-05T20:42:02.104555+03:00,_5,910016111853,B18 - Georgiou Griva Digeni Ave,B18 - Georgiou Griva Digeni Ave,3
2026-09-05T17:37:05Z,2026-09-05T20:42:02.104555+03:00,_6,f3ce7a5c0882,B18 - Georgiou Griva Digeni Ave,B19 - Omirou Ave,0
2026-09-05T17:37:05Z,2026-09-05T20:42:02.104555+03:00,_7,ecb8295957ab,Omirou Ave,Dionysiou Solomou Square,3
2026-09-05T17:37:05Z,2026-09-05T20:42:02.104555+03:00,_8,b94aa02d2a10,Dionysiou Solomou Square,Anastasiou Leventi,0
2026-09-05T17:47:16Z,2026-09-05T20:52:14.327006+03:00,_0,fe72ea2b224f,Strovolos,Lemesou Ave,0
2026-09-05T17:47:16Z,2026-09-05T20:52:14.327006+03:00,_1,1c3025f6d361,Strovolos,Lemesou Ave,4
2026-09-05T17:47:16Z,2026-09-05T20:52:14.327006+03:00,_2,7c50b274239b,Aglantzia,E164 - Armenias,0
2026-09-05T17:47:16Z,2026-09-05T20:52:14.327006+03:00,_3,c57daf65c80e,Lemesou Ave,Archiepiskopou Makariou III Ave,2
2026-09-05T17:47:16Z,2026-09-05T20:52:14.327006+03:00,_0,07b7eb11e965,E147 - Archiepiskopou Makariou III Ave,E110 - 1 Apriliou,0
2026-09-05T17:47:16Z,2026-09-05T20:52:14.327006+03:00,_1,9f4f77006632,E110 - 1 Apriliou,E110 - Eleftherias,2
2026-09-05T17:47:16Z,2026-09-05T20:52:14.327006+03:00,_2,c97b954fcb12,E110 - 1 Apriliou,E110,0
2026-09-05T17:47:16Z,2026-09-05T20:52:14.327006+03:00,_0,d0dc64f54734,,Lemesou Ave,0
2026-09-05T17:47:16Z,2026-09-05T20:52:14.327006+03:00,_1,1c3025f6d361,Strovolos,Lemesou Ave,4
2026-09-05T17:47:16Z,2026-09-05T20:52:14.327006+03:00,_2,7c50b274239b,Aglantzia,E164 - Armenias,0
2026-09-05T17:47:16Z,2026-09-05T20:52:14.327006+03:00,_3,43f05193c4b0,Lemesou Ave,Archiepiskopou Makariou III Ave,2
2026-09-05T17:47:16Z,2026-09-05T20:52:14.327006+03:00,_4,7e9e53411917,Lemesou Ave,E1302 - Nikis Ave,0
2026-09-05T17:47:16Z,2026-09-05T20:52:14.327006+03:00,_5,910016111853,B18 - Georgiou Griva Digeni Ave,B18 - Georgiou Griva Digeni Ave,4
2026-09-05T17:47:16Z,2026-09-05T20:52:14.327006+03:00,_6,f3ce7a5c0882,B18 - Georgiou Griva Digeni Ave,B19 - Omirou Ave,0
2026-09-05T17:47:16Z,2026-09-05T20:52:14.327006+03:00,_7,bf1edcb81968,Omirou Ave,B19 - Omirou Ave,3
2026-09-05T17:47:16Z,2026-09-05T20:52:14.327006+03:00,_8,322961766a35,B19 - Omirou Ave,Anastasiou Leventi,0
2026-09-05T17:47:16Z,2026-09-05T20:52:14.327006+03:00,_0,ecaddb19046c,E110,E147 - Archiepiskopou Makariou III Ave,0
2026-09-05T17:47:16Z,2026-09-05T20:52:14.327006+03:00,_1,f8a1b1df72c7,Agias Filaxeos,E147 - Archiepiskopou Makariou III Ave,4
2026-09-05T17:57:30Z,2026-09-05T21:02:30.266266+03:00,_0,fe72ea2b224f,Strovolos,Lemesou Ave,0
2026-09-05T17:57:30Z,2026-09-05T21:02:30.266266+03:00,_1,1c3025f6d361,Strovolos,Lemesou Ave,3
2026-09-05T17:57:30Z,2026-09-05T21:02:30.266266+03:00,_2,7792802c8552,Aglantzia,Archiepiskopou Makariou III Ave,0
2026-09-05T17:57:30Z,2026-09-05T21:02:30.266266+03:00,_0,d0dc64f54734,,Lemesou Ave,0
2026-09-05T17:57:30Z,2026-09-05T21:02:30.266266+03:00,_1,1c3025f6d361,Strovolos,Lemesou Ave,3
2026-09-05T17:57:30Z,2026-09-05T21:02:30.266266+03:00,_2,a4082cd3b8e8,Aglantzia,E1302 - Nikis Ave,0
2026-09-05T17:57:30Z,2026-09-05T21:02:30.266266+03:00,_3,910016111853,B18 - Georgiou Griva Digeni Ave,B18 - Georgiou Griva Digeni Ave,4
2026-09-05T17:57:30Z,2026-09-05T21:02:30.266266+03:00,_4,bbf67e32aa17,B18 - Georgiou Griva Digeni Ave,Evagorou Ave,0
2026-09-05T17:06:12Z,2026-09-05T20:10:36.306706+03:00,_0,9637c1cd3244,Strovolos,Strovolos,0
2026-09-05T17:06:12Z,2026-09-05T20:10:36.306706+03:00,_1,d1bd4cd56cd8,Strovolos,Lemesou Ave,4
2026-09-05T17:06:12Z,2026-09-05T20:10:36.306706+03:00,_2,c6e235d3222a,Aglantzia,Archiepiskopou Makariou III Ave,0
2026-09-05T17:06:12Z,2026-09-05T20:10:36.306706+03:00,_3,394713f228bd,Lemesou Ave,Lemesou Ave,3
2026-09-05T17:06:12Z,2026-09-05T20:10:36.306706+03:00,_0,07b7eb11e965,E147 - Archiepiskopou Makariou III Ave,E110 - 1 Apriliou,0
2026-09-05T17:06:12Z,2026-09-05T20:10:36.306706+03:00,_1,9f4f77006632,E110 - 1 Apriliou,E110 - Eleftherias,2
2026-09-05T17:06:12Z,2026-09-05T20:10:36.306706+03:00,_2,c97b954fcb12,E110 - 1 Apriliou,E110,0
2026-09-05T17:06:12Z,2026-09-05T20:10:36.306706+03:00,_0,fff94a557d24,E110,Agias Filaxeos,0
2026-09-05T17:06:12Z,2026-09-05T20:10:36.306706+03:00,_1,d83d600327c4,Vasileos Georgiou II,Agias Filaxeos,2
2026-09-05T17:06:12Z,2026-09-05T20:10:36.306706+03:00,_2,a159bdda0850,Agias Filaxeos,Agiou Artemiou,0
2026-09-05T17:06:12Z,2026-09-05T20:10:36.306706+03:00,_3,f8a1b1df72c7,Agias Filaxeos,E147 - Archiepiskopou Makariou III Ave,3
2026-09-05T17:06:12Z,2026-09-05T20:10:36.306706+03:00,_0,1561bafaf811,,Lemesou Ave,0
2026-09-05T17:06:12Z,2026-09-05T20:10:36.306706+03:00,_1,d1bd4cd56cd8,Strovolos,Lemesou Ave,4
2026-09-05T17:06:12Z,2026-09-05T20:10:36.306706+03:00,_2,c6e235d3222a,Aglantzia,Archiepiskopou Makariou III Ave,0
2026-09-05T17:06:12Z,2026-09-05T20:10:36.306706+03:00,_3,6efde239cabf,Lemesou Ave,Archiepiskopou Makariou III Ave,3
2026-09-05T17:06:12Z,2026-09-05T20:10:36.306706+03:00,_4,7e9e53411917,Lemesou Ave,E1302 - Nikis Ave,0
2026-09-05T17:06:12Z,2026-09-05T20:10:36.306706+03:00,_5,910016111853,B18 - Georgiou Griva Digeni Ave,B18 - Georgiou Griva Digeni Ave,4
2026-09-05T17:06:12Z,2026-09-05T20:10:36.306706+03:00,_6,bbf67e32aa17,B18 - Georgiou Griva Digeni Ave,Evagorou Ave,0
2026-09-05T17:16:17Z,2026-09-05T20:20:36.403090+03:00,_0,9637c1cd3244,Strovolos,Strovolos,0
2026-09-05T17:16:17Z,2026-09-05T20:20:36.403090+03:00,_1,d1bd4cd56cd8,Strovolos,Lemesou Ave,4
2026-09-05T17:16:17Z,2026-09-05T20:20:36.403090+03:00,_2,c6e235d3222a,Aglantzia,Archiepiskopou Makariou III Ave,0
2026-09-05T17:16:17Z,2026-09-05T20:20:36.403090+03:00,_3,394713f228bd,Lemesou Ave,Lemesou Ave,3
2026-09-05T17:16:17Z,2026-09-05T20:20:36.403090+03:00,_0,9047fb30c8db,E110,E147 - Archiepiskopou Makariou III Ave,0
2026-09-05T17:16:17Z,2026-09-05T20:20:36.403090+03:00,_1,535964c57235,Agias Filaxeos,E147 - Archiepiskopou Makariou III Ave,4
2026-09-05T17:16:17Z,2026-09-05T20:20:36.403090+03:00,_0,2e51d966c5a2,,Agios Athanasios,0
2026-09-05T17:16:17Z,2026-09-05T20:20:36.403090+03:00,_1,69e2abb27a41,Agios Athanasios,Agios Athanasios,1
2026-09-05T17:16:17Z,2026-09-05T20:20:36.403090+03:00,_2,cafc026927d2,Germasogeia,Germasogeia,0
2026-09-05T17:16:17Z,2026-09-05T20:20:36.403090+03:00,_3,79d35067812b,> A1 Lefkosia / (A5) Larnaka / (A5)(A3) Larnaka Airport,Mouttagiaka,1
2026-09-05T17:16:17Z,2026-09-05T20:20:36.403090+03:00,_4,2e419bc91154,Mouttagiaka,Agios Tychonas,0
2026-09-05T17:16:17Z,2026-09-05T20:20:36.403090+03:00,_5,9a21ab26dd7f,Agios Tychonas,Agios Tychonas,1
2026-09-05T17:16:17Z,2026-09-05T20:20:36.403090+03:00,_6,0b345d92a5cd,Parekklisia,Lemesou Ave,0
2026-09-05T17:16:17Z,2026-09-05T20:20:36.403090+03:00,_7,d1bd4cd56cd8,Strovolos,Lemesou Ave,4
2026-09-05T17:16:17Z,2026-09-05T20:20:36.403090+03:00,_8,c6e235d3222a,Aglantzia,Archiepiskopou Makariou III Ave,0
2026-09-05T17:16:17Z,2026-09-05T20:20:36.403090+03:00,_9,6efde239cabf,Lemesou Ave,Archiepiskopou Makariou III Ave,3
2026-09-05T17:16:17Z,2026-09-05T20:20:36.403090+03:00,_10,8fab7dfc83f0,Lemesou Ave,Evagorou Ave,0
2026-09-05T17:16:17Z,2026-09-05T20:20:36.403090+03:00,_0,12364e237b9f,Episkopi,Agios Athanasios,0
2026-09-05T17:16:17Z,2026-09-05T20:20:36.403090+03:00,_1,69e2abb27a41,Agios Athanasios,Agios Athanasios,1
2026-09-05T17:16:17Z,2026-09-05T20:20:36.403090+03:00,_2,cafc026927d2,Germasogeia,Germasogeia,0
2026-09-05T17:26:21Z,2026-09-05T20:30:36.393861+03:00,_0,9637c1cd3244,Strovolos,Strovolos,0
2026-09-05T17:26:21Z,2026-09-05T20:30:36.393861+03:00,_1,d1bd4cd56cd8,Strovolos,Lemesou Ave,4
2026-09-05T17:26:21Z,2026-09-05T20:30:36.393861+03:00,_2,7c50b274239b,Aglantzia,E164 - Armenias,0
2026-09-05T17:26:21Z,2026-09-05T20:30:36.393861+03:00,_3,c57daf65c80e,Lemesou Ave,Archiepiskopou Makariou III Ave,3
2026-09-05T17:26:21Z,2026-09-05T20:30:36.393861+03:00,_0,07b7eb11e965,E147 - Archiepiskopou Makariou III Ave,E110 - 1 Apriliou,0
2026-09-05T17:26:21Z,2026-09-05T20:30:36.393861+03:00,_1,9f4f77006632,E110 - 1 Apriliou,E110 - Eleftherias,2
2026-09-05T17:26:21Z,2026-09-05T20:30:36.393861+03:00,_2,c97b954fcb12,E110 - 1 Apriliou,E110,0
2026-09-05T17:26:21Z,2026-09-05T20:30:36.393861+03:00,_0,9047fb30c8db,E110,E147 - Archiepiskopou Makariou III Ave,0
2026-09-05T17:26:21Z,2026-09-05T20:30:36.393861+03:00,_1,535964c57235,Agias Filaxeos,E147 - Archiepiskopou Makariou III Ave,4
2026-09-05T17:26:21Z,2026-09-05T20:30:36.393861+03:00,_0,75fd352e3f66,,Mesa Geitonia,0
2026-09-05T17:26:21Z,2026-09-05T20:30:36.393861+03:00,_1,657130c99d75,Agios Athanasios,> A1 Lefkosia / (A5) Larnaka / (A5)(A3) Larnaka Airport,1
2026-09-05T17:26:21Z,2026-09-05T20:30:36.393861+03:00,_2,37c629cd359c,Germasogeia,Agios Tychonas,0
2026-09-05T17:26:21Z,2026-09-05T20:30:36.393861+03:00,_3,9a21ab26dd7f,Agios Tychonas,Agios Tychonas,1
2026-09-05T17:26:21Z,2026-09-05T20:30:36.393861+03:00,_4,0b345d92a5cd,Parekklisia,Lemesou Ave,0
2026-09-05T17:26:21Z,2026-09-05T20:30:36.393861+03:00,_5,d1bd4cd56cd8,Strovolos,Lemesou Ave,4
2026-09-05T17:26:21Z,2026-09-05T20:30:36.393861+03:00,_6,7c50b274239b,Aglantzia,E164 - Armenias,0
2026-09-05T17:26:21Z,2026-09-05T20:30:36.393861+03:00,_7,43f05193c4b0,Lemesou Ave,Archiepiskopou Makariou III Ave,3
2026-09-05T17:26:21Z,2026-09-05T20:30:36.393861+03:00,_8,7e9e53411917,Lemesou Ave,E1302 - Nikis Ave,0
2026-09-05T17:26:21Z,2026-09-05T20:30:36.393861+03:00,_9,910016111853,B18 - Georgiou Griva Digeni Ave,B18 - Georgiou Griva Digeni Ave,3
2026-09-05T17:26:21Z,2026-09-05T20:30:36.393861+03:00,_10,be1978e23bd0,B18 - Georgiou Griva Digeni Ave,E165 - Themistokli Dervi,0
2026-09-05T17:26:21Z,2026-09-05T20:30:36.393861+03:00,_11,06a69b0e63fe,B18 - Georgiou Griva Digeni Ave,Evagorou Ave,2
2026-09-05T17:26:21Z,2026-09-05T20:30:36.393861+03:00,_12,76dbed895c05,E165 - Themistokli Dervi,Evagorou Ave,0
2026-09-05T17:26:21Z,2026-09-05T20:30:36.393861+03:00,_0,311e555ee404,Episkopi,Mesa Geitonia,0
2026-09-05T17:26:21Z,2026-09-05T20:30:36.393861+03:00,_1,657130c99d75,Agios Athanasios,> A1 Lefkosia / (A5) Larnaka / (A5)(A3) Larnaka Airport,1
2026-09-05T17:26:21Z,2026-09-05T20:30:36.393861+03:00,_2,cafc026927d2,Germasogeia,Germasogeia,0
2026-09-05T17:36:27Z,2026-09-05T20:40:36.261322+03:00,_0,9637c1cd3244,Strovolos,Strovolos,0
2026-09-05T17:36:27Z,2026-09-05T20:40:36.261322+03:00,_1,d1bd4cd56cd8,Strovolos,Lemesou Ave,4
2026-09-05T17:36:27Z,2026-09-05T20:40:36.261322+03:00,_2,7c50b274239b,Aglantzia,E164 - Armenias,0
2026-09-05T17:36:27Z,2026-09-05T20:40:36.261322+03:00,_3,c57daf65c80e,Lemesou Ave,Archiepiskopou Makariou III Ave,2
2026-09-05T17:36:27Z,2026-09-05T20:40:36.261322+03:00,_0,320e7f883c81,E110,E147 - Archiepiskopou Makariou III Ave,0
2026-09-05T17:36:27Z,2026-09-05T20:40:36.261322+03:00,_1,88697bca4b53,Agias Filaxeos,E147 - Archiepiskopou Makariou III Ave,3
2026-09-05T17:36:27Z,2026-09-05T20:40:36.261322+03:00,_0,5c308ae9824f,,Germasogeia,0
2026-09-05T17:36:27Z,2026-09-05T20:40:36.261322+03:00,_1,613da88c9e19,> A1 Lefkosia / (A5) Larnaka / (A5)(A3) Larnaka Airport,Germasogeia,1
2026-09-05T17:36:27Z,2026-09-05T20:40:36.261322+03:00,_2,1b991b18261e,> A1 Lefkosia / (A5) Larnaka / (A5)(A3) Larnaka Airport,Lemesou Ave,0
2026-09-05T17:36:27Z,2026-09-05T20:40:36.261322+03:00,_3,d1bd4cd56cd8,Strovolos,Lemesou Ave,4
2026-09-05T17:36:27Z,2026-09-05T20:40:36.261322+03:00,_4,7c50b274239b,Aglantzia,E164 - Armenias,0
2026-09-05T17:36:27Z,2026-09-05T20:40:36.261322+03:00,_5,43f05193c4b0,Lemesou Ave,Archiepiskopou Makariou III Ave,2
2026-09-05T17:36:27Z,2026-09-05T20:40:36.261322+03:00,_6,7e9e53411917,Lemesou Ave,E1302 - Nikis Ave,0
2026-09-05T17:36:27Z,2026-09-05T20:40:36.261322+03:00,_7,910016111853,B18 - Georgiou Griva Digeni Ave,B18 - Georgiou Griva Digeni Ave,3
2026-09-05T17:36:27Z,2026-09-05T20:40:36.261322+03:00,_8,f3ce7a5c0882,B18 - Georgiou Griva Digeni Ave,B19 - Omirou Ave,0
2026-09-05T17:36:27Z,2026-09-05T20:40:36.261322+03:00,_9,ecb8295957ab,Omirou Ave,Dionysiou Solomou Square,3
2026-09-05T17:36:27Z,2026-09-05T20:40:36.261322+03:00,_10,b94aa02d2a10,Dionysiou Solomou Square,Anastasiou Leventi,0
2026-09-05T18:07:50Z,2026-09-05T21:12:47.542114+03:00,_0,fe72ea2b224f,Strovolos,Lemesou Ave,0
2026-09-05T18:07:50Z,2026-09-05T21:12:47.542114+03:00,_1,1c3025f6d361,Strovolos,Lemesou Ave,4
2026-09-05T18:07:50Z,2026-09-05T21:12:47.542114+03:00,_2,c6e235d3222a,Aglantzia,Archiepiskopou Makariou III Ave,0
2026-09-05T18:07:50Z,2026-09-05T21:12:47.542114+03:00,_3,394713f228bd,Lemesou Ave,Lemesou Ave,3
2026-09-05T18:07:50Z,2026-09-05T21:12:47.542114+03:00,_0,51516327098d,Georgiou Neofytou,Spyrou Kyprianou Ave,0
2026-09-05T18:07:50Z,2026-09-05T21:12:47.542114+03:00,_1,e47265de14fc,Spyrou Kyprianou Ave,Spyrou Kyprianou Ave,3
2026-09-05T18:07:50Z,2026-09-05T21:12:47.542114+03:00,_2,b16f06e86626,Spyrou Kyprianou Ave,Angelou Vlachou,0
2026-09-05T18:07:50Z,2026-09-05T21:12:47.542114+03:00,_0,07b7eb11e965,E147 - Archiepiskopou Makariou III Ave,E110 - 1 Apriliou,0
2026-09-05T18:07:50Z,2026-09-05T21:12:47.542114+03:00,_1,b8c777372286,E110 - 1 Apriliou,E110 - 1 Apriliou,4
2026-09-05T18:07:50Z,2026-09-05T21:12:47.542114+03:00,_2,15f60bb25351,E110 - 1 Apriliou,E110,0
2026-09-05T18:07:50Z,2026-09-05T21:12:47.542114+03:00,_0,d0dc64f54734,,Lemesou Ave,0
2026-09-05T18:07:50Z,2026-09-05T21:12:47.542114+03:00,_1,1c3025f6d361,Strovolos,Lemesou Ave,4
2026-09-05T18:07:50Z,2026-09-05T21:12:47.542114+03:00,_2,c6e235d3222a,Aglantzia,Archiepiskopou Makariou III Ave,0
2026-09-05T18:07:50Z,2026-09-05T21:12:47.542114+03:00,_3,6efde239cabf,Lemesou Ave,Archiepiskopou Makariou III Ave,3
2026-09-05T18:07:50Z,2026-09-05T21:12:47.542114+03:00,_4,8fab7dfc83f0,Lemesou Ave,Evagorou Ave,0
2026-09-05T18:18:06Z,2026-09-05T21:22:17.412462+03:00,_0,fe72ea2b224f,Strovolos,Lemesou Ave,0
2026-09-05T18:18:06Z,2026-09-05T21:22:17.412462+03:00,_1,1c3025f6d361,Strovolos,Lemesou Ave,4
2026-09-05T18:18:06Z,2026-09-05T21:22:17.412462+03:00,_2,c6e235d3222a,Aglantzia,Archiepiskopou Makariou III Ave,0
2026-09-05T18:18:06Z,2026-09-05T21:22:17.412462+03:00,_3,394713f228bd,Lemesou Ave,Lemesou Ave,3
2026-09-05T18:18:06Z,2026-09-05T21:22:17.412462+03:00,_0,07b7eb11e965,E147 - Archiepiskopou Makariou III Ave,E110 - 1 Apriliou,0
2026-09-05T18:18:06Z,2026-09-05T21:22:17.412462+03:00,_1,9f4f77006632,E110 - 1 Apriliou,E110 - Eleftherias,2
2026-09-05T18:18:06Z,2026-09-05T21:22:17.412462+03:00,_2,c97b954fcb12,E110 - 1 Apriliou,E110,0
2026-09-05T18:18:06Z,2026-09-05T21:22:17.412462+03:00,_0,d0dc64f54734,,Lemesou Ave,0
2026-09-05T18:18:06Z,2026-09-05T21:22:17.412462+03:00,_1,1c3025f6d361,Strovolos,Lemesou Ave,4
2026-09-05T18:18:06Z,2026-09-05T21:22:17.412462+03:00,_2,c6e235d3222a,Aglantzia,Archiepiskopou Makariou III Ave,0
2026-09-05T18:18:06Z,2026-09-05T21:22:17.412462+03:00,_3,6efde239cabf,Lemesou Ave,Archiepiskopou Makariou III Ave,3
2026-09-05T18:18:06Z,2026-09-05T21:22:17.412462+03:00,_4,8fab7dfc83f0,Lemesou Ave,Evagorou Ave,0
2026-09-05T18:18:06Z,2026-09-05T21:22:17.412462+03:00,_0,248866f2f861,E110,E147 - Archiepiskopou Makariou III Ave,0
2026-09-05T18:18:06Z,2026-09-05T21:22:17.412462+03:00,_1,e713c7488bdd,Agias Filaxeos,E147 - Archiepiskopou Makariou III Ave,3
2026-09-05T18:28:18Z,2026-09-05T21:33:16.142346+03:00,_0,fe72ea2b224f,Strovolos,Lemesou Ave,0
2026-09-05T18:28:18Z,2026-09-05T21:33:16.142346+03:00,_1,1c3025f6d361,Strovolos,Lemesou Ave,4
2026-09-05T18:28:18Z,2026-09-05T21:33:16.142346+03:00,_2,7792802c8552,Aglantzia,Archiepiskopou Makariou III Ave,0
2026-09-05T18:28:18Z,2026-09-05T21:33:16.142346+03:00,_0,d0dc64f54734,,Lemesou Ave,0
2026-09-05T18:28:18Z,2026-09-05T21:33:16.142346+03:00,_1,1c3025f6d361,Strovolos,Lemesou Ave,4
2026-09-05T18:28:18Z,2026-09-05T21:33:16.142346+03:00,_2,cc8badd45da4,Aglantzia,Evagorou Ave,0
2026-09-05T18:28:18Z,2026-09-05T21:33:16.142346+03:00,_0,1cc902273d46,E110,E147 - Archiepiskopou Makariou III Ave,0
2026-09-05T18:28:18Z,2026-09-05T21:33:16.142346+03:00,_1,b1607c8a378f,Agias Filaxeos,E147 - Archiepiskopou Makariou III Ave,3
2026-09-05T18:38:33Z,2026-09-05T21:43:31.879096+03:00,_0,a89f632a8881,Strovolos,Lemesou Ave,0
2026-09-05T18:38:33Z,2026-09-05T21:43:31.879096+03:00,_1,64039a076bda,Strovolos,Lemesou Ave,3
2026-09-05T18:38:33Z,2026-09-05T21:43:31.879096+03:00,_2,7792802c8552,Aglantzia,Archiepiskopou Makariou III Ave,0
2026-09-05T18:38:33Z,2026-09-05T21:43:31.879096+03:00,_0,23e9d057024d,,Lemesou Ave,0
2026-09-05T18:38:33Z,2026-09-05T21:43:31.879096+03:00,_1,64039a076bda,Strovolos,Lemesou Ave,3
2026-09-05T18:38:33Z,2026-09-05T21:43:31.879096+03:00,_2,cc8badd45da4,Aglantzia,Evagorou Ave,0
2026-09-05T18:48:46Z,2026-09-05T21:53:42.821681+03:00,_0,b307208e9521,,B18 - Digeni Akrita Ave,0
2026-09-05T18:48:46Z,2026-09-05T21:53:42.821681+03:00,_1,95344851cee7,Archiepiskopou Makariou III Ave,B18 - Georgiou Griva Digeni Ave,3
2026-09-05T18:48:46Z,2026-09-05T21:53:42.821681+03:00,_2,e1beab30434a,Archiepiskopou Makariou III Ave,Evagorou Ave,0
2026-09-05T18:58:57Z,2026-09-05T22:03:54.029417+03:00,_0,23e9d057024d,,Lemesou Ave,0
2026-09-05T18:58:57Z,2026-09-05T22:03:54.029417+03:00,_1,64039a076bda,Strovolos,Lemesou Ave,1
2026-09-05T18:58:57Z,2026-09-05T22:03:54.029417+03:00,_2,cc8badd45da4,Aglantzia,Evagorou Ave,0
2026-09-05T18:58:57Z,2026-09-05T22:03:54.029417+03:00,_0,a89f632a8881,Strovolos,Lemesou Ave,0
2026-09-05T18:58:57Z,2026-09-05T22:03:54.029417+03:00,_1,64039a076bda,Strovolos,Lemesou Ave,1
2026-09-05T18:58:57Z,2026-09-05T22:03:54.029417+03:00,_2,7792802c8552,Aglantzia,Archiepiskopou Makariou III Ave,0
2026-09-05T20:16:11Z,2026-09-05T23:20:36.359478+03:00,_0,543dd67c0e60,,B18 - Digeni Akrita Ave,0
2026-09-05T20:16:11Z,2026-09-05T23:20:36.359478+03:00,_1,aabab5b0e87d,Archiepiskopou Makariou III Ave,B18 - Georgiou Griva Digeni Ave,4
2026-09-05T20:16:11Z,2026-09-05T23:20:36.359478+03:00,_2,e1beab30434a,Archiepiskopou Makariou III Ave,Evagorou Ave,0
2026-09-05T20:36:18Z,2026-09-05T23:40:36.387018+03:00,_0,543dd67c0e60,,B18 - Digeni Akrita Ave,0
2026-09-05T20:36:18Z,2026-09-05T23:40:36.387018+03:00,_1,aabab5b0e87d,Archiepiskopou Makariou III Ave,B18 - Georgiou Griva Digeni Ave,3
2026-09-05T20:36:18Z,2026-09-05T23:40:36.387018+03:00,_2,e1beab30434a,Archiepiskopou Makariou III Ave,Evagorou Ave,0
2026-09-05T21:26:38Z,2026-09-06T00:30:36.182487+03:00,_0,199710dc4a27,Strovolos,E164 - Armenias,0
2026-09-05T21:26:38Z,2026-09-06T00:30:36.182487+03:00,_1,fedb3d094e5d,A1,Lemesou Ave,3
2026-09-05T21:26:38Z,2026-09-06T00:30:36.182487+03:00,_2,85b99fc6d959,A1,Archiepiskopou Makariou III Ave,0
2026-09-05T21:26:38Z,2026-09-06T00:30:36.182487+03:00,_0,8795792b1b04,,E164 - Armenias,0
2026-09-05T21:26:38Z,2026-09-06T00:30:36.182487+03:00,_1,fedb3d094e5d,A1,Lemesou Ave,3
2026-09-05T21:26:38Z,2026-09-06T00:30:36.182487+03:00,_2,42e8917c1e04,A1,Evagorou Ave,0
2026-09-06T04:57:04Z,2026-09-06T08:02:01.074246+03:00,_0,f2dad27e0b2c,E110,E110 - 1 Apriliou,0
2026-09-06T04:57:04Z,2026-09-06T08:02:01.074246+03:00,_1,0bc8a04884b8,E110 - 1 Apriliou,E110 - 1 Apriliou,3
2026-09-06T04:57:04Z,2026-09-06T08:02:01.074246+03:00,_2,c9decce66ab6,E110 - Eleftherias,E147 - Archiepiskopou Makariou III Ave,0
2026-09-06T05:07:11Z,2026-09-06T08:12:07.057972+03:00,_0,f2dad27e0b2c,E110,E110 - 1 Apriliou,0
2026-09-06T05:07:11Z,2026-09-06T08:12:07.057972+03:00,_1,0bc8a04884b8,E110 - 1 Apriliou,E110 - 1 Apriliou,3
2026-09-06T05:07:11Z,2026-09-06T08:12:07.057972+03:00,_2,c9decce66ab6,E110 - Eleftherias,E147 - Archiepiskopou Makariou III Ave,0
2026-09-06T05:27:24Z,2026-09-06T08:32:20.071085+03:00,_0,044a01c053a4,E147 - Archiepiskopou Makariou III Ave,Agias Filaxeos,0
2026-09-06T05:27:24Z,2026-09-06T08:32:20.071085+03:00,_1,4580130804a1,Agias Filaxeos,Vasileos Georgiou II,2
2026-09-06T05:27:24Z,2026-09-06T08:32:20.071085+03:00,_2,51d9285fca15,Agias Filaxeos,E110,0
2026-09-06T05:27:24Z,2026-09-06T08:32:20.071085+03:00,_0,1903b2559960,Pafos,Archiepiskopou Makariou III Ave,0
2026-09-06T05:27:24Z,2026-09-06T08:32:20.071085+03:00,_1,660d388bb733,Lemesou Ave,Archiepiskopou Makariou III Ave,2
2026-09-06T05:27:24Z,2026-09-06T08:32:20.071085+03:00,_2,8fab7dfc83f0,Lemesou Ave,B19 - Omirou Ave,0
2026-09-06T05:37:30Z,2026-09-06T08:42:26.334327+03:00,_0,18d60f6950ba,Leoforos Strovolou,Strovolou Ave,0
2026-09-06T05:37:30Z,2026-09-06T08:42:26.334327+03:00,_1,4e5ce962e6d4,Strovolou Ave,Strovolou Ave,3
2026-09-06T05:37:30Z,2026-09-06T08:42:26.334327+03:00,_2,7c69226e95ca,Strovolou Ave,E902 - Proedrikou Megarou Ave,0
2026-09-06T06:28:02Z,2026-09-06T09:32:58.328623+03:00,_0,1903b2559960,,Archiepiskopou Makariou III Ave,0
2026-09-06T06:28:02Z,2026-09-06T09:32:58.328623+03:00,_1,660d388bb733,Lemesou Ave,Archiepiskopou Makariou III Ave,2
2026-09-06T06:28:02Z,2026-09-06T09:32:58.328623+03:00,_2,8fab7dfc83f0,Lemesou Ave,Evagorou Ave,0
2026-09-06T06:58:19Z,2026-09-06T10:03:15.141452+03:00,_0,ae30b662f2e1,E147 - Archiepiskopou Makariou III Ave,Agias Filaxeos,0
2026-09-06T06:58:19Z,2026-09-06T10:03:15.141452+03:00,_1,ca24e7e62b57,Agias Filaxeos,Agias Filaxeos,5
2026-09-06T06:58:19Z,2026-09-06T10:03:15.141452+03:00,_2,04ca2efee987,Agiou Artemiou,E110,0
2026-09-06T10:48:54Z,2026-09-06T13:53:50.747433+03:00,_0,8d9c361207fd,,E164 - Armenias,0
2026-09-06T10:48:54Z,2026-09-06T13:53:50.747433+03:00,_1,e9550772caa3,Lemesou Ave,Lemesou Ave,2
2026-09-06T10:48:54Z,2026-09-06T13:53:50.747433+03:00,_2,42e8917c1e04,A1,Evagorou Ave,0
2026-09-06T10:48:54Z,2026-09-06T13:53:50.747433+03:00,_0,86ca3f119319,Strovolos,E164 - Armenias,0
2026-09-06T10:48:54Z,2026-09-06T13:53:50.747433+03:00,_1,e9550772caa3,Lemesou Ave,Lemesou Ave,2
2026-09-06T10:48:54Z,2026-09-06T13:53:50.747433+03:00,_2,85b99fc6d959,A1,Archiepiskopou Makariou III Ave,0
2026-09-06T11:49:25Z,2026-09-06T14:54:22.231359+03:00,_0,1903b2559960,,Archiepiskopou Makariou III Ave,0
2026-09-06T11:49:25Z,2026-09-06T14:54:22.231359+03:00,_1,660d388bb733,Lemesou Ave,Archiepiskopou Makariou III Ave,2
2026-09-06T11:49:25Z,2026-09-06T14:54:22.231359+03:00,_2,8fab7dfc83f0,Lemesou Ave,Evagorou Ave,0
2026-09-06T11:49:25Z,2026-09-06T14:54:22.231359+03:00,_0,bfc30b8ed2a7,E110,Agias Filaxeos,0
2026-09-06T11:49:25Z,2026-09-06T14:54:22.231359+03:00,_1,e5ffcfbb4e74,Agias Filaxeos,Agias Filaxeos,5
2026-09-06T11:49:25Z,2026-09-06T14:54:22.231359+03:00,_2,8efecb847652,Vasileos Georgiou II,E147 - Archiepiskopou Makariou III Ave,0
2026-09-06T11:59:31Z,2026-09-06T15:04:27.754489+03:00,_0,bfc30b8ed2a7,E110,Agias Filaxeos,0
2026-09-06T11:59:31Z,2026-09-06T15:04:27.754489+03:00,_1,e5ffcfbb4e74,Agias Filaxeos,Agias Filaxeos,5
2026-09-06T11:59:31Z,2026-09-06T15:04:27.754489+03:00,_2,49acd1a72602,Vasileos Georgiou II,E147 - Archiepiskopou Makariou III Ave,0
2026-09-06T12:09:36Z,2026-09-06T15:14:32.725271+03:00,_0,bfc30b8ed2a7,E110,Agias Filaxeos,0
2026-09-06T12:09:36Z,2026-09-06T15:14:32.725271+03:00,_1,e5ffcfbb4e74,Agias Filaxeos,Agias Filaxeos,5
2026-09-06T12:09:36Z,2026-09-06T15:14:32.725271+03:00,_2,49acd1a72602,Vasileos Georgiou II,E147 - Archiepiskopou Makariou III Ave,0
2026-09-06T12:19:43Z,2026-09-06T15:24:40.007202+03:00,_0,bfc30b8ed2a7,E110,Agias Filaxeos,0
2026-09-06T12:19:43Z,2026-09-06T15:24:40.007202+03:00,_1,e5ffcfbb4e74,Agias Filaxeos,Agias Filaxeos,5
2026-09-06T12:19:43Z,2026-09-06T15:24:40.007202+03:00,_2,49acd1a72602,Vasileos Georgiou II,E147 - Archiepiskopou Makariou III Ave,0
2026-09-06T12:29:48Z,2026-09-06T15:34:44.955087+03:00,_0,bfc30b8ed2a7,E110,Agias Filaxeos,0
2026-09-06T12:29:48Z,2026-09-06T15:34:44.955087+03:00,_1,e5ffcfbb4e74,Agias Filaxeos,Agias Filaxeos,5
2026-09-06T12:29:48Z,2026-09-06T15:34:44.955087+03:00,_2,8efecb847652,Vasileos Georgiou II,E147 - Archiepiskopou Makariou III Ave,0
2026-09-06T12:39:53Z,2026-09-06T15:44:49.741395+03:00,_0,bfc30b8ed2a7,E110,Agias Filaxeos,0
2026-09-06T12:39:53Z,2026-09-06T15:44:49.741395+03:00,_1,e5ffcfbb4e74,Agias Filaxeos,Agias Filaxeos,5
2026-09-06T12:39:53Z,2026-09-06T15:44:49.741395+03:00,_2,49acd1a72602,Vasileos Georgiou II,E147 - Archiepiskopou Makariou III Ave,0
2026-09-06T12:49:59Z,2026-09-06T15:54:57.498516+03:00,_0,bfc30b8ed2a7,E110,Agias Filaxeos,0
2026-09-06T12:49:59Z,2026-09-06T15:54:57.498516+03:00,_1,e5ffcfbb4e74,Agias Filaxeos,Agias Filaxeos,5
2026-09-06T12:49:59Z,2026-09-06T15:54:57.498516+03:00,_2,49acd1a72602,Vasileos Georgiou II,E147 - Archiepiskopou Makariou III Ave,0
2026-09-06T15:23:38Z,2026-09-06T18:28:35.122633+03:00,_0,4e76d1a3fa55,Strovolos,Strovolos,3
2026-09-06T15:23:38Z,2026-09-06T18:28:35.122633+03:00,_1,4c19d7768e18,Strovolos,Archiepiskopou Makariou III Ave,0
2026-09-06T15:23:38Z,2026-09-06T18:28:35.122633+03:00,_0,21071115abc5,,> A1 Lefkosia / (A5) Larnaka / (A5)(A3) Larnaka Airport,0
2026-09-06T15:23:38Z,2026-09-06T18:28:35.122633+03:00,_1,3d69df352bf6,Germasogeia,Agios Tychonas,3
2026-09-06T15:23:38Z,2026-09-06T18:28:35.122633+03:00,_2,79ac80fa96cd,Parekklisia,Latsia,0
2026-09-06T15:23:38Z,2026-09-06T18:28:35.122633+03:00,_3,4e76d1a3fa55,Latsia,Strovolos,3
2026-09-06T15:23:38Z,2026-09-06T18:28:35.122633+03:00,_4,87cf90f9f072,Strovolos,Evagorou Ave,0
2026-09-06T15:23:38Z,2026-09-06T18:28:35.122633+03:00,_0,391ae18682fa,Episkopi,> A1 Lefkosia / (A5) Larnaka / (A5)(A3) Larnaka Airport,0
2026-09-06T15:23:38Z,2026-09-06T18:28:35.122633+03:00,_1,cafc026927d2,Germasogeia,Germasogeia,3
2026-09-06T15:33:46Z,2026-09-06T18:38:43.196204+03:00,_0,fe72ea2b224f,Strovolos,Lemesou Ave,0
2026-09-06T15:33:46Z,2026-09-06T18:38:43.196204+03:00,_1,1c3025f6d361,Strovolos,Lemesou Ave,3
2026-09-06T15:33:46Z,2026-09-06T18:38:43.196204+03:00,_2,7792802c8552,Aglantzia,Archiepiskopou Makariou III Ave,0
2026-09-06T15:33:46Z,2026-09-06T18:38:43.196204+03:00,_0,21071115abc5,,> A1 Lefkosia / (A5) Larnaka / (A5)(A3) Larnaka Airport,0
2026-09-06T15:33:46Z,2026-09-06T18:38:43.196204+03:00,_1,37c629cd359c,Germasogeia,Agios Tychonas,2
2026-09-06T15:33:46Z,2026-09-06T18:38:43.196204+03:00,_2,aea718ed8810,Agios Tychonas,Lemesou Ave,0
2026-09-06T15:33:46Z,2026-09-06T18:38:43.196204+03:00,_3,1c3025f6d361,Strovolos,Lemesou Ave,3
2026-09-06T15:33:46Z,2026-09-06T18:38:43.196204+03:00,_4,7792802c8552,Aglantzia,Archiepiskopou Makariou III Ave,0
2026-09-06T15:33:46Z,2026-09-06T18:38:43.196204+03:00,_5,660d388bb733,Lemesou Ave,Archiepiskopou Makariou III Ave,2
2026-09-06T15:33:46Z,2026-09-06T18:38:43.196204+03:00,_6,8fab7dfc83f0,Lemesou Ave,Evagorou Ave,0
2026-09-06T15:33:46Z,2026-09-06T18:38:43.196204+03:00,_0,391ae18682fa,Episkopi,> A1 Lefkosia / (A5) Larnaka / (A5)(A3) Larnaka Airport,0
2026-09-06T15:33:46Z,2026-09-06T18:38:43.196204+03:00,_1,cafc026927d2,Germasogeia,Germasogeia,2
2026-09-06T15:43:54Z,2026-09-06T18:48:51.176719+03:00,_0,fe72ea2b224f,Strovolos,Lemesou Ave,0
2026-09-06T15:43:54Z,2026-09-06T18:48:51.176719+03:00,_1,1c3025f6d361,Strovolos,Lemesou Ave,4
2026-09-06T15:43:54Z,2026-09-06T18:48:51.176719+03:00,_2,7792802c8552,Aglantzia,Archiepiskopou Makariou III Ave,0
2026-09-06T15:43:54Z,2026-09-06T18:48:51.176719+03:00,_0,72b03ff9b5bc,E110,E110 - Agias Fylaxeos,0
2026-09-06T15:43:54Z,2026-09-06T18:48:51.176719+03:00,_1,e50ca2ecb1e0,E110 - 1 Apriliou,,2
2026-09-06T15:43:54Z,2026-09-06T18:48:51.176719+03:00,_2,c8792afe581d,E110 - Agias Fylaxeos,E147 - Archiepiskopou Makariou III Ave,0
2026-09-06T15:43:54Z,2026-09-06T18:48:51.176719+03:00,_0,5c308ae9824f,,Germasogeia,0
2026-09-06T15:43:54Z,2026-09-06T18:48:51.176719+03:00,_1,79d35067812b,> A1 Lefkosia / (A5) Larnaka / (A5)(A3) Larnaka Airport,Mouttagiaka,1
2026-09-06T15:43:54Z,2026-09-06T18:48:51.176719+03:00,_2,962e3c865440,Mouttagiaka,Pentakomo,0
2026-09-06T15:43:54Z,2026-09-06T18:48:51.176719+03:00,_3,a6fba54c2d89,Mari,Mari,1
2026-09-06T15:43:54Z,2026-09-06T18:48:51.176719+03:00,_4,01fd38cbcf25,Kalavasos,Lemesou Ave,0
2026-09-06T15:43:54Z,2026-09-06T18:48:51.176719+03:00,_5,1c3025f6d361,Strovolos,Lemesou Ave,4
2026-09-06T15:43:54Z,2026-09-06T18:48:51.176719+03:00,_6,a4082cd3b8e8,Aglantzia,E1302 - Nikis Ave,0
2026-09-06T15:43:54Z,2026-09-06T18:48:51.176719+03:00,_7,910016111853,B18 - Georgiou Griva Digeni Ave,E165 - Themistokli Dervi,4
2026-09-06T15:43:54Z,2026-09-06T18:48:51.176719+03:00,_8,bbf67e32aa17,B18 - Georgiou Griva Digeni Ave,Evagorou Ave,0
2026-09-06T15:54:04Z,2026-09-06T18:59:00.450633+03:00,_0,fe72ea2b224f,Strovolos,Lemesou Ave,0
2026-09-06T15:54:04Z,2026-09-06T18:59:00.450633+03:00,_1,1c3025f6d361,Strovolos,Lemesou Ave,3
2026-09-06T15:54:04Z,2026-09-06T18:59:00.450633+03:00,_2,7792802c8552,Aglantzia,Archiepiskopou Makariou III Ave,0
2026-09-06T15:54:04Z,2026-09-06T18:59:00.450633+03:00,_0,d0dc64f54734,,Lemesou Ave,0
2026-09-06T15:54:04Z,2026-09-06T18:59:00.450633+03:00,_1,1c3025f6d361,Strovolos,Lemesou Ave,3
2026-09-06T15:54:04Z,2026-09-06T18:59:00.450633+03:00,_2,cc8badd45da4,Aglantzia,Evagorou Ave,0
2026-09-06T16:04:11Z,2026-09-06T19:09:07.413874+03:00,_0,fe72ea2b224f,Strovolos,Lemesou Ave,0
2026-09-06T16:04:11Z,2026-09-06T19:09:07.413874+03:00,_1,1c3025f6d361,Strovolos,Lemesou Ave,3
2026-09-06T16:04:11Z,2026-09-06T19:09:07.413874+03:00,_2,7792802c8552,Aglantzia,Archiepiskopou Makariou III Ave,0
2026-09-06T16:04:11Z,2026-09-06T19:09:07.413874+03:00,_0,f2dad27e0b2c,E110,E110 - 1 Apriliou,0
2026-09-06T16:04:11Z,2026-09-06T19:09:07.413874+03:00,_1,0bc8a04884b8,E110 - 1 Apriliou,E110 - 1 Apriliou,3
2026-09-06T16:04:11Z,2026-09-06T19:09:07.413874+03:00,_2,c9decce66ab6,E110 - Eleftherias,E147 - Archiepiskopou Makariou III Ave,0
2026-09-06T16:04:11Z,2026-09-06T19:09:07.413874+03:00,_0,d0dc64f54734,,Lemesou Ave,0
2026-09-06T16:04:11Z,2026-09-06T19:09:07.413874+03:00,_1,1c3025f6d361,Strovolos,Lemesou Ave,3
2026-09-06T16:04:11Z,2026-09-06T19:09:07.413874+03:00,_2,cc8badd45da4,Aglantzia,Evagorou Ave,0
2026-09-06T16:14:18Z,2026-09-06T19:19:14.768488+03:00,_0,fe72ea2b224f,Strovolos,Lemesou Ave,0
2026-09-06T16:14:18Z,2026-09-06T19:19:14.768488+03:00,_1,1c3025f6d361,Strovolos,Lemesou Ave,3
2026-09-06T16:14:18Z,2026-09-06T19:19:14.768488+03:00,_2,7792802c8552,Aglantzia,Archiepiskopou Makariou III Ave,0
2026-09-06T16:14:18Z,2026-09-06T19:19:14.768488+03:00,_0,f2dad27e0b2c,E110,E110 - 1 Apriliou,0
2026-09-06T16:14:18Z,2026-09-06T19:19:14.768488+03:00,_1,0bc8a04884b8,E110 - 1 Apriliou,E110 - 1 Apriliou,3
2026-09-06T16:14:18Z,2026-09-06T19:19:14.768488+03:00,_2,c9decce66ab6,E110 - Eleftherias,E147 - Archiepiskopou Makariou III Ave,0
2026-09-06T16:14:18Z,2026-09-06T19:19:14.768488+03:00,_0,d0dc64f54734,,Lemesou Ave,0
2026-09-06T16:14:18Z,2026-09-06T19:19:14.768488+03:00,_1,1c3025f6d361,Strovolos,Lemesou Ave,3
2026-09-06T16:14:18Z,2026-09-06T19:19:14.768488+03:00,_2,cc8badd45da4,Aglantzia,Evagorou Ave,0
2026-09-06T16:24:27Z,2026-09-06T19:29:23.273542+03:00,_0,fe72ea2b224f,Strovolos,Lemesou Ave,0
2026-09-06T16:24:27Z,2026-09-06T19:29:23.273542+03:00,_1,1c3025f6d361,Strovolos,Lemesou Ave,3
2026-09-06T16:24:27Z,2026-09-06T19:29:23.273542+03:00,_2,7792802c8552,Aglantzia,Archiepiskopou Makariou III Ave,0
2026-09-06T16:24:27Z,2026-09-06T19:29:23.273542+03:00,_0,f2dad27e0b2c,E110,E110 - 1 Apriliou,0
2026-09-06T16:24:27Z,2026-09-06T19:29:23.273542+03:00,_1,0bc8a04884b8,E110 - 1 Apriliou,E110 - 1 Apriliou,2
2026-09-06T16:24:27Z,2026-09-06T19:29:23.273542+03:00,_2,c9decce66ab6,E110 - Eleftherias,E147 - Archiepiskopou Makariou III Ave,0
2026-09-06T16:24:27Z,2026-09-06T19:29:23.273542+03:00,_0,d0dc64f54734,,Lemesou Ave,0
2026-09-06T16:24:27Z,2026-09-06T19:29:23.273542+03:00,_1,1c3025f6d361,Strovolos,Lemesou Ave,3
2026-09-06T16:24:27Z,2026-09-06T19:29:23.273542+03:00,_2,cc8badd45da4,Aglantzia,Evagorou Ave,0
2026-09-06T16:34:32Z,2026-09-06T19:39:28.616397+03:00,_0,fe72ea2b224f,Strovolos,Lemesou Ave,0
2026-09-06T16:34:32Z,2026-09-06T19:39:28.616397+03:00,_1,1c3025f6d361,Strovolos,Lemesou Ave,4
2026-09-06T16:34:32Z,2026-09-06T19:39:28.616397+03:00,_2,7792802c8552,Aglantzia,Archiepiskopou Makariou III Ave,0
2026-09-06T16:34:32Z,2026-09-06T19:39:28.616397+03:00,_0,f2dad27e0b2c,E110,E110 - 1 Apriliou,0
2026-09-06T16:34:32Z,2026-09-06T19:39:28.616397+03:00,_1,0bc8a04884b8,E110 - 1 Apriliou,E110 - 1 Apriliou,3
2026-09-06T16:34:32Z,2026-09-06T19:39:28.616397+03:00,_2,c9decce66ab6,E110 - Eleftherias,E147 - Archiepiskopou Makariou III Ave,0
2026-09-06T16:34:32Z,2026-09-06T19:39:28.616397+03:00,_0,d0dc64f54734,,Lemesou Ave,0
2026-09-06T16:34:32Z,2026-09-06T19:39:28.616397+03:00,_1,1c3025f6d361,Strovolos,Lemesou Ave,4
2026-09-06T16:34:32Z,2026-09-06T19:39:28.616397+03:00,_2,cc8badd45da4,Aglantzia,Evagorou Ave,0
2026-09-06T16:44:37Z,2026-09-06T19:49:34.120408+03:00,_0,fe72ea2b224f,Strovolos,Lemesou Ave,0
2026-09-06T16:44:37Z,2026-09-06T19:49:34.120408+03:00,_1,1c3025f6d361,Strovolos,Lemesou Ave,4
2026-09-06T16:44:37Z,2026-09-06T19:49:34.120408+03:00,_2,7792802c8552,Aglantzia,Archiepiskopou Makariou III Ave,0
2026-09-06T16:44:37Z,2026-09-06T19:49:34.120408+03:00,_0,f2dad27e0b2c,E110,E110 - 1 Apriliou,0
2026-09-06T16:44:37Z,2026-09-06T19:49:34.120408+03:00,_1,0bc8a04884b8,E110 - 1 Apriliou,E110 - 1 Apriliou,2
2026-09-06T16:44:37Z,2026-09-06T19:49:34.120408+03:00,_2,c9decce66ab6,E110 - Eleftherias,E147 - Archiepiskopou Makariou III Ave,0
2026-09-06T16:44:37Z,2026-09-06T19:49:34.120408+03:00,_0,d0dc64f54734,,Lemesou Ave,0
2026-09-06T16:44:37Z,2026-09-06T19:49:34.120408+03:00,_1,1c3025f6d361,Strovolos,Lemesou Ave,4
2026-09-06T16:44:37Z,2026-09-06T19:49:34.120408+03:00,_2,cc8badd45da4,Aglantzia,Evagorou Ave,0
2026-09-06T16:54:44Z,2026-09-06T19:59:40.860251+03:00,_0,9637c1cd3244,Strovolos,Strovolos,0
2026-09-06T16:54:44Z,2026-09-06T19:59:40.860251+03:00,_1,d1bd4cd56cd8,Strovolos,Lemesou Ave,4
2026-09-06T16:54:44Z,2026-09-06T19:59:40.860251+03:00,_2,7792802c8552,Aglantzia,Archiepiskopou Makariou III Ave,0
2026-09-06T16:54:44Z,2026-09-06T19:59:40.860251+03:00,_0,07b7eb11e965,E147 - Archiepiskopou Makariou III Ave,E110 - 1 Apriliou,0
2026-09-06T16:54:44Z,2026-09-06T19:59:40.860251+03:00,_1,de7c5d112dc2,E110 - 1 Apriliou,E110 - Eleftherias,2
2026-09-06T16:54:44Z,2026-09-06T19:59:40.860251+03:00,_2,5f1fec2aa9f9,E110 - 1 Apriliou,E110,0
2026-09-06T16:54:44Z,2026-09-06T19:59:40.860251+03:00,_0,a33fa400cd80,E110,Agiou Artemiou,0
2026-09-06T16:54:44Z,2026-09-06T19:59:40.860251+03:00,_1,e47204e3dfbb,Agias Filaxeos,E147 - Archiepiskopou Makariou III Ave,3
2026-09-06T16:54:44Z,2026-09-06T19:59:40.860251+03:00,_0,1561bafaf811,,Lemesou Ave,0
2026-09-06T16:54:44Z,2026-09-06T19:59:40.860251+03:00,_1,d1bd4cd56cd8,Strovolos,Lemesou Ave,4
2026-09-06T16:54:44Z,2026-09-06T19:59:40.860251+03:00,_2,cc8badd45da4,Aglantzia,Evagorou Ave,0
2026-09-06T17:04:49Z,2026-09-06T20:09:42.284133+03:00,_0,9637c1cd3244,Strovolos,Strovolos,0
2026-09-06T17:04:49Z,2026-09-06T20:09:42.284133+03:00,_1,d1bd4cd56cd8,Strovolos,Lemesou Ave,4
2026-09-06T17:04:49Z,2026-09-06T20:09:42.284133+03:00,_2,7792802c8552,Aglantzia,Archiepiskopou Makariou III Ave,0
2026-09-06T17:04:49Z,2026-09-06T20:09:42.284133+03:00,_0,07b7eb11e965,E147 - Archiepiskopou Makariou III Ave,E110 - 1 Apriliou,0
2026-09-06T17:04:49Z,2026-09-06T20:09:42.284133+03:00,_1,de7c5d112dc2,E110 - 1 Apriliou,E110 - Eleftherias,2
2026-09-06T17:04:49Z,2026-09-06T20:09:42.284133+03:00,_2,5f1fec2aa9f9,E110 - 1 Apriliou,E110,0
2026-09-06T17:04:49Z,2026-09-06T20:09:42.284133+03:00,_0,248866f2f861,E110,E147 - Archiepiskopou Makariou III Ave,0
2026-09-06T17:04:49Z,2026-09-06T20:09:42.284133+03:00,_1,e713c7488bdd,Agias Filaxeos,E147 - Archiepiskopou Makariou III Ave,4
2026-09-06T17:04:49Z,2026-09-06T20:09:42.284133+03:00,_0,1561bafaf811,,Lemesou Ave,0
2026-09-06T17:04:49Z,2026-09-06T20:09:42.284133+03:00,_1,d1bd4cd56cd8,Strovolos,Lemesou Ave,4
2026-09-06T17:04:49Z,2026-09-06T20:09:42.284133+03:00,_2,cc8badd45da4,Aglantzia,Evagorou Ave,0
2026-09-06T17:14:55Z,2026-09-06T20:19:51.695619+03:00,_0,fe72ea2b224f,Strovolos,Lemesou Ave,0
2026-09-06T17:14:55Z,2026-09-06T20:19:51.695619+03:00,_1,1c3025f6d361,Strovolos,Lemesou Ave,4
2026-09-06T17:14:55Z,2026-09-06T20:19:51.695619+03:00,_2,7792802c8552,Aglantzia,Archiepiskopou Makariou III Ave,0
2026-09-06T17:14:55Z,2026-09-06T20:19:51.695619+03:00,_0,07b7eb11e965,E147 - Archiepiskopou Makariou III Ave,E110 - 1 Apriliou,0
2026-09-06T17:14:55Z,2026-09-06T20:19:51.695619+03:00,_1,de7c5d112dc2,E110 - 1 Apriliou,E110 - Eleftherias,2
2026-09-06T17:14:55Z,2026-09-06T20:19:51.695619+03:00,_2,5f1fec2aa9f9,E110 - 1 Apriliou,E110,0
2026-09-06T17:14:55Z,2026-09-06T20:19:51.695619+03:00,_0,978bfa547244,,> A1 Lefkosia / (A5) Larnaka / (A5)(A3) Larnaka Airport,0
2026-09-06T17:14:55Z,2026-09-06T20:19:51.695619+03:00,_1,afaa1d708fba,> A1 Lefkosia / (A5) Larnaka / (A5)(A3) Larnaka Airport,Mouttagiaka,1
2026-09-06T17:14:55Z,2026-09-06T20:19:51.695619+03:00,_2,2e419bc91154,Mouttagiaka,Agios Tychonas,0
2026-09-06T17:14:55Z,2026-09-06T20:19:51.695619+03:00,_3,afd98ea27af1,Agios Tychonas,Parekklisia,1
2026-09-06T17:14:55Z,2026-09-06T20:19:51.695619+03:00,_4,b3b0feaffbf5,Parekklisia,Lemesou Ave,0
2026-09-06T17:14:55Z,2026-09-06T20:19:51.695619+03:00,_5,1c3025f6d361,Strovolos,Lemesou Ave,4
2026-09-06T17:14:55Z,2026-09-06T20:19:51.695619+03:00,_6,cc8badd45da4,Aglantzia,Evagorou Ave,0
2026-09-06T17:14:55Z,2026-09-06T20:19:51.695619+03:00,_0,cf9421bed762,Episkopi,> A1 Lefkosia / (A5) Larnaka / (A5)(A3) Larnaka Airport,0
2026-09-06T17:14:55Z,2026-09-06T20:19:51.695619+03:00,_1,a0e0a7c1b318,> A1 Lefkosia / (A5) Larnaka / (A5)(A3) Larnaka Airport,Germasogeia,1
2026-09-06T17:25:03Z,2026-09-06T20:30:00.276237+03:00,_0,fe72ea2b224f,Strovolos,Lemesou Ave,0
2026-09-06T17:25:03Z,2026-09-06T20:30:00.276237+03:00,_1,1c3025f6d361,Strovolos,Lemesou Ave,3
2026-09-06T17:25:03Z,2026-09-06T20:30:00.276237+03:00,_2,7792802c8552,Aglantzia,Archiepiskopou Makariou III Ave,0
2026-09-06T17:25:03Z,2026-09-06T20:30:00.276237+03:00,_0,978bfa547244,,> A1 Lefkosia / (A5) Larnaka / (A5)(A3) Larnaka Airport,0
2026-09-06T17:25:03Z,2026-09-06T20:30:00.276237+03:00,_1,20e0a4fd0196,> A1 Lefkosia / (A5) Larnaka / (A5)(A3) Larnaka Airport,Germasogeia,1
2026-09-06T17:25:03Z,2026-09-06T20:30:00.276237+03:00,_2,37f77aa02bc1,> A1 Lefkosia / (A5) Larnaka / (A5)(A3) Larnaka Airport,Lemesou Ave,0
2026-09-06T17:25:03Z,2026-09-06T20:30:00.276237+03:00,_3,1c3025f6d361,Strovolos,Lemesou Ave,3
2026-09-06T17:25:03Z,2026-09-06T20:30:00.276237+03:00,_4,cc8badd45da4,Aglantzia,Evagorou Ave,0
2026-09-06T17:25:03Z,2026-09-06T20:30:00.276237+03:00,_0,cf9421bed762,Episkopi,> A1 Lefkosia / (A5) Larnaka / (A5)(A3) Larnaka Airport,0
2026-09-06T17:25:03Z,2026-09-06T20:30:00.276237+03:00,_1,a0e0a7c1b318,> A1 Lefkosia / (A5) Larnaka / (A5)(A3) Larnaka Airport,Germasogeia,1
2026-09-06T17:35:10Z,2026-09-06T20:40:06.701651+03:00,_0,fe72ea2b224f,Strovolos,Lemesou Ave,0
2026-09-06T17:35:10Z,2026-09-06T20:40:06.701651+03:00,_1,1c3025f6d361,Strovolos,Lemesou Ave,3
2026-09-06T17:35:10Z,2026-09-06T20:40:06.701651+03:00,_2,7792802c8552,Aglantzia,Archiepiskopou Makariou III Ave,0
2026-09-06T17:35:10Z,2026-09-06T20:40:06.701651+03:00,_0,07b7eb11e965,E147 - Archiepiskopou Makariou III Ave,E110 - 1 Apriliou,0
2026-09-06T17:35:10Z,2026-09-06T20:40:06.701651+03:00,_1,de7c5d112dc2,E110 - 1 Apriliou,E110 - Eleftherias,2
2026-09-06T17:35:10Z,2026-09-06T20:40:06.701651+03:00,_2,5f1fec2aa9f9,E110 - 1 Apriliou,E110,0
2026-09-06T17:35:10Z,2026-09-06T20:40:06.701651+03:00,_0,d0dc64f54734,,Lemesou Ave,0
2026-09-06T17:35:10Z,2026-09-06T20:40:06.701651+03:00,_1,1c3025f6d361,Strovolos,Lemesou Ave,3
2026-09-06T17:35:10Z,2026-09-06T20:40:06.701651+03:00,_2,cc8badd45da4,Aglantzia,Evagorou Ave,0
2026-09-06T17:45:15Z,2026-09-06T20:50:12.208227+03:00,_0,fe72ea2b224f,Strovolos,Lemesou Ave,0
2026-09-06T17:45:15Z,2026-09-06T20:50:12.208227+03:00,_1,1c3025f6d361,Strovolos,Lemesou Ave,3
2026-09-06T17:45:15Z,2026-09-06T20:50:12.208227+03:00,_2,7792802c8552,Aglantzia,Archiepiskopou Makariou III Ave,0
2026-09-06T17:45:15Z,2026-09-06T20:50:12.208227+03:00,_0,07b7eb11e965,E147 - Archiepiskopou Makariou III Ave,E110 - 1 Apriliou,0
2026-09-06T17:45:15Z,2026-09-06T20:50:12.208227+03:00,_1,9f4f77006632,E110 - 1 Apriliou,E110 - Eleftherias,2
2026-09-06T17:45:15Z,2026-09-06T20:50:12.208227+03:00,_2,c97b954fcb12,E110 - 1 Apriliou,E110,0
2026-09-06T17:45:15Z,2026-09-06T20:50:12.208227+03:00,_0,d0dc64f54734,,Lemesou Ave,0
2026-09-06T17:45:15Z,2026-09-06T20:50:12.208227+03:00,_1,1c3025f6d361,Strovolos,Lemesou Ave,3
2026-09-06T17:45:15Z,2026-09-06T20:50:12.208227+03:00,_2,cc8badd45da4,Aglantzia,Evagorou Ave,0
2026-09-06T17:55:22Z,2026-09-06T21:00:19.019984+03:00,_0,fe72ea2b224f,Strovolos,Lemesou Ave,0
2026-09-06T17:55:22Z,2026-09-06T21:00:19.019984+03:00,_1,1c3025f6d361,Strovolos,Lemesou Ave,3
2026-09-06T17:55:22Z,2026-09-06T21:00:19.019984+03:00,_2,7792802c8552,Aglantzia,Archiepiskopou Makariou III Ave,0
2026-09-06T17:55:22Z,2026-09-06T21:00:19.019984+03:00,_0,d0dc64f54734,,Lemesou Ave,0
2026-09-06T17:55:22Z,2026-09-06T21:00:19.019984+03:00,_1,1c3025f6d361,Strovolos,Lemesou Ave,3
2026-09-06T17:55:22Z,2026-09-06T21:00:19.019984+03:00,_2,7792802c8552,Aglantzia,Archiepiskopou Makariou III Ave,0
2026-09-06T17:55:22Z,2026-09-06T21:00:19.019984+03:00,_3,660d388bb733,Lemesou Ave,Archiepiskopou Makariou III Ave,2
2026-09-06T17:55:22Z,2026-09-06T21:00:19.019984+03:00,_4,8fab7dfc83f0,Lemesou Ave,Evagorou Ave,0
2026-09-06T20:30:46Z,2026-09-06T23:35:36.684740+03:00,_0,2122746d5a59,Agiou Athanasiou Ave,Spyrou Kyprianou Ave,0
2026-09-06T20:30:46Z,2026-09-06T23:35:36.684740+03:00,_1,f0fc85e67dfe,Spyrou Kyprianou Ave,Spyrou Kyprianou Ave,3
2026-09-06T20:30:46Z,2026-09-06T23:35:36.684740+03:00,_2,0efa495a7a2f,Spyrou Kyprianou Ave,Angelou Vlachou,0
2026-09-06T20:50:54Z,2026-09-06T23:55:36.724859+03:00,_0,2122746d5a59,Agiou Athanasiou Ave,Spyrou Kyprianou Ave,0
2026-09-06T20:50:54Z,2026-09-06T23:55:36.724859+03:00,_1,f0fc85e67dfe,Spyrou Kyprianou Ave,Spyrou Kyprianou Ave,2
2026-09-06T20:50:54Z,2026-09-06T23:55:36.724859+03:00,_2,0efa495a7a2f,Spyrou Kyprianou Ave,Angelou Vlachou,0
2026-09-06T22:31:34Z,2026-09-07T01:35:36.320613+03:00,_0,f2dad27e0b2c,E110,E110 - 1 Apriliou,0
2026-09-06T22:31:34Z,2026-09-07T01:35:36.320613+03:00,_1,0bc8a04884b8,E110 - 1 Apriliou,E110 - 1 Apriliou,3
2026-09-06T22:31:34Z,2026-09-07T01:35:36.320613+03:00,_2,8b86bdddc300,E110 - Eleftherias,E147 - Archiepiskopou Makariou III Ave,0
2026-09-07T00:02:51Z,2026-09-07T03:07:47.358563+03:00,_0,04e0d90cca46,Leoforos Strovolou,E902 - Proedrikou Megarou Ave,0
2026-09-07T00:02:51Z,2026-09-07T03:07:47.358563+03:00,_1,2e2860fdee90,Strovolou Ave,E902 - Proedrikou Megarou Ave,3
2026-09-07T00:02:51Z,2026-09-07T03:07:47.358563+03:00,_2,c6ac6530f2b9,Strovolou Ave,E902 - Proedrikou Megarou Ave,0
2026-09-07T04:25:33Z,2026-09-07T07:30:21.812812+03:00,_0,5465bb1b887b,Strovolos,Lemesou Ave,4
2026-09-07T04:25:33Z,2026-09-07T07:30:21.812812+03:00,_1,2eeb7481ceda,Aglantzia,E164 - Armenias,0
2026-09-07T04:25:33Z,2026-09-07T07:30:21.812812+03:00,_2,8b530b355b26,Lemesou Ave,Archiepiskopou Makariou III Ave,3
2026-09-07T04:25:33Z,2026-09-07T07:30:21.812812+03:00,_0,25cb63a39e8b,Leoforos Strovolou,E950 - Giannou Kranidioti,0
2026-09-07T04:25:33Z,2026-09-07T07:30:21.812812+03:00,_1,b0a28758e5a3,E950 - Giannou Kranidioti,,3
2026-09-07T04:25:33Z,2026-09-07T07:30:21.812812+03:00,_2,69a80f64d7a2,E148 - Melinas Merkouri,Arch. Makariou III,0
2026-09-07T04:25:33Z,2026-09-07T07:30:21.812812+03:00,_3,9811f6053db8,E902 - Archiepiskopou Makariou III,Strovolou Ave,3
2026-09-07T04:25:33Z,2026-09-07T07:30:21.812812+03:00,_4,9fc8278a9766,Arch. Makariou III,Strovolou Ave,4
2026-09-07T04:25:33Z,2026-09-07T07:30:21.812812+03:00,_5,e5228899d997,Strovolou Ave,Strovolou Ave,0
2026-09-07T04:25:33Z,2026-09-07T07:30:21.812812+03:00,_6,81fbbc01472d,Strovolou Ave,E902 - Proedrikou Megarou Ave,4
2026-09-07T04:25:33Z,2026-09-07T07:30:21.812812+03:00,_7,c6ac6530f2b9,Strovolou Ave,E902 - Proedrikou Megarou Ave,3
2026-09-07T04:25:33Z,2026-09-07T07:30:21.812812+03:00,_0,f2dad27e0b2c,E110,E110 - 1 Apriliou,0
2026-09-07T04:25:33Z,2026-09-07T07:30:21.812812+03:00,_1,0bc8a04884b8,E110 - 1 Apriliou,E110 - 1 Apriliou,3
2026-09-07T04:25:33Z,2026-09-07T07:30:21.812812+03:00,_2,261aaaee2b0e,E110 - 1 Apriliou,E110 - Agias Fylaxeos,0
2026-09-07T04:25:33Z,2026-09-07T07:30:21.812812+03:00,_3,977b92fdc886,E110 - 1 Apriliou,,4
2026-09-07T04:25:33Z,2026-09-07T07:30:21.812812+03:00,_4,a9a39a128bc3,E110 - Agias Fylaxeos,Agias Filaxeos,0
2026-09-07T04:25:33Z,2026-09-07T07:30:21.812812+03:00,_5,277c301a7f5b,,Agias Filaxeos,3
2026-09-07T04:25:33Z,2026-09-07T07:30:21.812812+03:00,_6,fd1ec1f2cdf4,Agias Filaxeos,E147 - Archiepiskopou Makariou III Ave,0
2026-09-07T04:25:33Z,2026-09-07T07:30:21.812812+03:00,_7,676c339d8b55,Agias Filaxeos,E147 - Archiepiskopou Makariou III Ave,3
2026-09-07T04:25:33Z,2026-09-07T07:30:21.812812+03:00,_0,63b203163634,Episkopi,Kolossi,0
2026-09-07T04:25:33Z,2026-09-07T07:30:21.812812+03:00,_1,8ce0f9ce0356,Kolossi,Lemesos,2
2026-09-07T04:25:33Z,2026-09-07T07:30:21.812812+03:00,_2,4cc85bcdea4b,Lemesos,Germasogeia,0
2026-09-07T04:25:33Z,2026-09-07T07:30:21.812812+03:00,_0,72bcef6f568e,,Kolossi,0
2026-09-07T04:25:33Z,2026-09-07T07:30:21.812812+03:00,_1,8ce0f9ce0356,Kolossi,Lemesos,2
2026-09-07T04:25:33Z,2026-09-07T07:30:21.812812+03:00,_2,0d3b47ff8a0a,Lemesos,Latsia,0
2026-09-07T04:25:33Z,2026-09-07T07:30:21.812812+03:00,_3,5465bb1b887b,Latsia,Lemesou Ave,4
2026-09-07T04:25:33Z,2026-09-07T07:30:21.812812+03:00,_4,2eeb7481ceda,Aglantzia,E164 - Armenias,0
2026-09-07T04:25:33Z,2026-09-07T07:30:21.812812+03:00,_5,3dec49aff703,Lemesou Ave,Archiepiskopou Makariou III Ave,3
2026-09-07T04:25:33Z,2026-09-07T07:30:21.812812+03:00,_6,7e9e53411917,Lemesou Ave,E1302 - Nikis Ave,0
2026-09-07T04:25:33Z,2026-09-07T07:30:21.812812+03:00,_7,910016111853,B18 - Georgiou Griva Digeni Ave,B18 - Georgiou Griva Digeni Ave,3
2026-09-07T04:25:33Z,2026-09-07T07:30:21.812812+03:00,_8,bbf67e32aa17,B18 - Georgiou Griva Digeni Ave,Evagorou Ave,0
2026-09-07T04:36:05Z,2026-09-07T07:40:23.300943+03:00,_0,5465bb1b887b,Strovolos,Lemesou Ave,4
2026-09-07T04:36:05Z,2026-09-07T07:40:23.300943+03:00,_1,2daef5aeccc3,Aglantzia,Lemesou Ave,0
2026-09-07T04:36:05Z,2026-09-07T07:40:23.300943+03:00,_2,ce775bebe806,Lemesou Ave,Archiepiskopou Makariou III Ave,3
2026-09-07T04:36:05Z,2026-09-07T07:40:23.300943+03:00,_0,92a354a8d94a,Leoforos Strovolou,E950 - Giannou Kranidioti,0
2026-09-07T04:36:05Z,2026-09-07T07:40:23.300943+03:00,_1,bc3172fccafa,E950 - Giannou Kranidioti,,3
2026-09-07T04:36:05Z,2026-09-07T07:40:23.300943+03:00,_2,69a80f64d7a2,E148 - Melinas Merkouri,Arch. Makariou III,0
2026-09-07T04:36:05Z,2026-09-07T07:40:23.300943+03:00,_3,9811f6053db8,E902 - Archiepiskopou Makariou III,Strovolou Ave,3
2026-09-07T04:36:05Z,2026-09-07T07:40:23.300943+03:00,_4,9fc8278a9766,Arch. Makariou III,Strovolou Ave,4
2026-09-07T04:36:05Z,2026-09-07T07:40:23.300943+03:00,_5,91fd952888ca,Strovolou Ave,Strovolou Ave,0
2026-09-07T04:36:05Z,2026-09-07T07:40:23.300943+03:00,_6,79031b7514a6,Arch. Makariou III,E902 - Proedrikou Megarou Ave,4
2026-09-07T04:36:05Z,2026-09-07T07:40:23.300943+03:00,_7,c6ac6530f2b9,Strovolou Ave,E902 - Proedrikou Megarou Ave,3
2026-09-07T04:36:05Z,2026-09-07T07:40:23.300943+03:00,_0,c7cc2624ec90,E110,E110 - Agias Fylaxeos,0
2026-09-07T04:36:05Z,2026-09-07T07:40:23.300943+03:00,_1,977b92fdc886,E110 - 1 Apriliou,,4
2026-09-07T04:36:05Z,2026-09-07T07:40:23.300943+03:00,_2,e33776a3a190,E110 - Agias Fylaxeos,Agias Filaxeos,0
2026-09-07T04:36:05Z,2026-09-07T07:40:23.300943+03:00,_3,0a5c4761a6b4,Agias Filaxeos,Agias Filaxeos,3
2026-09-07T04:36:05Z,2026-09-07T07:40:23.300943+03:00,_4,63550abc2b0b,Agias Filaxeos,Agiou Artemiou,0
2026-09-07T04:36:05Z,2026-09-07T07:40:23.300943+03:00,_5,88697bca4b53,Agias Filaxeos,E147 - Archiepiskopou Makariou III Ave,4
2026-09-07T04:36:05Z,2026-09-07T07:40:23.300943+03:00,_0,b76325a3f599,Episkopi,Kolossi,0
2026-09-07T04:36:05Z,2026-09-07T07:40:23.300943+03:00,_1,4df261beeb51,Ypsonas,A1,3
2026-09-07T04:36:05Z,2026-09-07T07:40:23.300943+03:00,_2,ae3a9bb54763,A6,Lemesos,1
2026-09-07T04:36:05Z,2026-09-07T07:40:23.300943+03:00,_3,d73a04fc5195,Mesa Geitonia,Germasogeia,0
2026-09-07T04:36:05Z,2026-09-07T07:40:23.300943+03:00,_0,07b7eb11e965,E147 - Archiepiskopou Makariou III Ave,E110 - 1 Apriliou,0
2026-09-07T04:36:05Z,2026-09-07T07:40:23.300943+03:00,_1,de7c5d112dc2,E110 - 1 Apriliou,E110 - Eleftherias,2
2026-09-07T04:36:05Z,2026-09-07T07:40:23.300943+03:00,_2,5f1fec2aa9f9,E110 - 1 Apriliou,E110,0
2026-09-07T04:36:05Z,2026-09-07T07:40:23.300943+03:00,_0,8a6c0d25f14e,,Kolossi,0
2026-09-07T04:36:05Z,2026-09-07T07:40:23.300943+03:00,_1,4df261beeb51,Ypsonas,A1,3
2026-09-07T04:36:05Z,2026-09-07T07:40:23.300943+03:00,_2,ae3a9bb54763,A6,Lemesos,1
2026-09-07T04:36:05Z,2026-09-07T07:40:23.300943+03:00,_3,a26f2977dc2f,Mesa Geitonia,Latsia,0
2026-09-07T04:36:05Z,2026-09-07T07:40:23.300943+03:00,_4,5465bb1b887b,Latsia,Lemesou Ave,4
2026-09-07T04:36:05Z,2026-09-07T07:40:23.300943+03:00,_5,2daef5aeccc3,Aglantzia,Lemesou Ave,0
2026-09-07T04:36:05Z,2026-09-07T07:40:23.300943+03:00,_6,1c8a2af02150,Lemesou Ave,Archiepiskopou Makariou III Ave,3
2026-09-07T04:36:05Z,2026-09-07T07:40:23.300943+03:00,_7,7e9e53411917,Lemesou Ave,E1302 - Nikis Ave,0
2026-09-07T04:36:05Z,2026-09-07T07:40:23.300943+03:00,_8,910016111853,B18 - Georgiou Griva Digeni Ave,B18 - Georgiou Griva Digeni Ave,3
2026-09-07T04:36:05Z,2026-09-07T07:40:23.300943+03:00,_9,bbf67e32aa17,B18 - Georgiou Griva Digeni Ave,Evagorou Ave,0
2026-09-07T04:46:12Z,2026-09-07T07:50:22.255956+03:00,_0,5465bb1b887b,Strovolos,Lemesou Ave,4
2026-09-07T04:46:12Z,2026-09-07T07:50:22.255956+03:00,_1,2daef5aeccc3,Aglantzia,Lemesou Ave,0
2026-09-07T04:46:12Z,2026-09-07T07:50:22.255956+03:00,_2,ce775bebe806,Lemesou Ave,Archiepiskopou Makariou III Ave,3
2026-09-07T04:46:12Z,2026-09-07T07:50:22.255956+03:00,_0,2b7ce8a61652,Leoforos Strovolou,Arch. Makariou III,0
2026-09-07T04:46:12Z,2026-09-07T07:50:22.255956+03:00,_1,9811f6053db8,E902 - Archiepiskopou Makariou III,Strovolou Ave,2
2026-09-07T04:46:12Z,2026-09-07T07:50:22.255956+03:00,_2,9fc8278a9766,Arch. Makariou III,Strovolou Ave,4
2026-09-07T04:46:12Z,2026-09-07T07:50:22.255956+03:00,_3,c20c93882358,Strovolou Ave,Strovolou Ave,0
2026-09-07T04:46:12Z,2026-09-07T07:50:22.255956+03:00,_4,f284eb09f957,Arch. Makariou III,E902 - Proedrikou Megarou Ave,4
2026-09-07T04:46:12Z,2026-09-07T07:50:22.255956+03:00,_0,b76325a3f599,Episkopi,Kolossi,0
2026-09-07T04:46:12Z,2026-09-07T07:50:22.255956+03:00,_1,4df261beeb51,Ypsonas,A1,3
2026-09-07T04:46:12Z,2026-09-07T07:50:22.255956+03:00,_2,51a87f29a8d7,A6,Lemesos,2
2026-09-07T04:46:12Z,2026-09-07T07:50:22.255956+03:00,_3,4cc85bcdea4b,Lemesos,Germasogeia,0
2026-09-07T04:46:12Z,2026-09-07T07:50:22.255956+03:00,_0,07b7eb11e965,E147 - Archiepiskopou Makariou III Ave,E110 - 1 Apriliou,0
2026-09-07T04:46:12Z,2026-09-07T07:50:22.255956+03:00,_1,9f4f77006632,E110 - 1 Apriliou,E110 - Eleftherias,2
2026-09-07T04:46:12Z,2026-09-07T07:50:22.255956+03:00,_2,c97b954fcb12,E110 - 1 Apriliou,E110,0
2026-09-07T04:46:12Z,2026-09-07T07:50:22.255956+03:00,_0,8a6c0d25f14e,,Kolossi,0
2026-09-07T04:46:12Z,2026-09-07T07:50:22.255956+03:00,_1,4df261beeb51,Ypsonas,A1,3
2026-09-07T04:46:12Z,2026-09-07T07:50:22.255956+03:00,_2,51a87f29a8d7,A6,Lemesos,2
2026-09-07T04:46:12Z,2026-09-07T07:50:22.255956+03:00,_3,0d3b47ff8a0a,Lemesos,Latsia,0
2026-09-07T04:46:12Z,2026-09-07T07:50:22.255956+03:00,_4,5465bb1b887b,Latsia,Lemesou Ave,4
2026-09-07T04:46:12Z,2026-09-07T07:50:22.255956+03:00,_5,2daef5aeccc3,Aglantzia,Lemesou Ave,0
2026-09-07T04:46:12Z,2026-09-07T07:50:22.255956+03:00,_6,1c8a2af02150,Lemesou Ave,Archiepiskopou Makariou III Ave,3
2026-09-07T04:46:12Z,2026-09-07T07:50:22.255956+03:00,_7,7e9e53411917,Lemesou Ave,E1302 - Nikis Ave,0
2026-09-07T04:46:12Z,2026-09-07T07:50:22.255956+03:00,_8,910016111853,B18 - Georgiou Griva Digeni Ave,B18 - Georgiou Griva Digeni Ave,3
2026-09-07T04:46:12Z,2026-09-07T07:50:22.255956+03:00,_9,bbf67e32aa17,B18 - Georgiou Griva Digeni Ave,Evagorou Ave,0
2026-09-07T04:46:12Z,2026-09-07T07:50:22.255956+03:00,_0,06afc6492b14,Germasogeia,Germasogeia,1
2026-09-07T04:46:12Z,2026-09-07T07:50:22.255956+03:00,_1,3e1d75b9e16e,Agios Athanasios,Episkopi,0
2026-09-07T04:56:47Z,2026-09-07T08:01:44.318668+03:00,_0,5465bb1b887b,Strovolos,Lemesou Ave,4
2026-09-07T04:56:47Z,2026-09-07T08:01:44.318668+03:00,_1,2daef5aeccc3,Aglantzia,Lemesou Ave,0
2026-09-07T04:56:47Z,2026-09-07T08:01:44.318668+03:00,_2,ce775bebe806,Lemesou Ave,Archiepiskopou Makariou III Ave,3
2026-09-07T04:56:47Z,2026-09-07T08:01:44.318668+03:00,_0,7938a8813069,Leoforos Strovolou,Strovolou Ave,0
2026-09-07T04:56:47Z,2026-09-07T08:01:44.318668+03:00,_1,1c1544913564,Arch. Makariou III,Strovolou Ave,4
2026-09-07T04:56:47Z,2026-09-07T08:01:44.318668+03:00,_2,e0baa7fff3a7,Strovolou Ave,Strovolou Ave,0
2026-09-07T04:56:47Z,2026-09-07T08:01:44.318668+03:00,_3,4ac50b0a9ed5,Arch. Makariou III,E902 - Proedrikou Megarou Ave,4
2026-09-07T04:56:47Z,2026-09-07T08:01:44.318668+03:00,_0,3d0e4e0e5abe,E110,E110 - Agias Fylaxeos,0
2026-09-07T04:56:47Z,2026-09-07T08:01:44.318668+03:00,_1,2c0f8a50493b,E110 - 1 Apriliou,E110 - Agias Fylaxeos,4
2026-09-07T04:56:47Z,2026-09-07T08:01:44.318668+03:00,_2,e50ca2ecb1e0,E110 - 1 Apriliou,,3
2026-09-07T04:56:47Z,2026-09-07T08:01:44.318668+03:00,_3,bbe9f6312861,E110 - Agias Fylaxeos,Agias Filaxeos,0
2026-09-07T04:56:47Z,2026-09-07T08:01:44.318668+03:00,_4,c7626fee6f30,Agias Filaxeos,Agias Filaxeos,3
2026-09-07T04:56:47Z,2026-09-07T08:01:44.318668+03:00,_5,61d23de61c0a,Agias Filaxeos,Agias Filaxeos,0
2026-09-07T04:56:47Z,2026-09-07T08:01:44.318668+03:00,_6,02446ed5df97,Agias Filaxeos,E147 - Archiepiskopou Makariou III Ave,4
2026-09-07T04:56:47Z,2026-09-07T08:01:44.318668+03:00,_0,93ebb3fbad08,Episkopi,Ypsonas,0
2026-09-07T04:56:47Z,2026-09-07T08:01:44.318668+03:00,_1,efa8d7b03d38,Ypsonas,A1,3
2026-09-07T04:56:47Z,2026-09-07T08:01:44.318668+03:00,_2,ae3a9bb54763,A6,Lemesos,2
2026-09-07T04:56:47Z,2026-09-07T08:01:44.318668+03:00,_3,d73a04fc5195,Mesa Geitonia,Germasogeia,0
2026-09-07T04:56:47Z,2026-09-07T08:01:44.318668+03:00,_0,920305ee9a1e,E147 - Archiepiskopou Makariou III Ave,Agias Filaxeos,0
2026-09-07T04:56:47Z,2026-09-07T08:01:44.318668+03:00,_1,a4260c51b19c,Steliou Kyriakidi,,4
2026-09-07T04:56:47Z,2026-09-07T08:01:44.318668+03:00,_2,f5f94ff22484,Agias Filaxeos,E110,0
2026-09-07T04:56:47Z,2026-09-07T08:01:44.318668+03:00,_0,c75f4551c6ff,,Ypsonas,0
2026-09-07T04:56:47Z,2026-09-07T08:01:44.318668+03:00,_1,efa8d7b03d38,Ypsonas,A1,3
2026-09-07T04:56:47Z,2026-09-07T08:01:44.318668+03:00,_2,ae3a9bb54763,A6,Lemesos,2
2026-09-07T04:56:47Z,2026-09-07T08:01:44.318668+03:00,_3,a26f2977dc2f,Mesa Geitonia,Latsia,0
2026-09-07T04:56:47Z,2026-09-07T08:01:44.318668+03:00,_4,5465bb1b887b,Latsia,Lemesou Ave,4
2026-09-07T04:56:47Z,2026-09-07T08:01:44.318668+03:00,_5,2daef5aeccc3,Aglantzia,Lemesou Ave,0
2026-09-07T04:56:47Z,2026-09-07T08:01:44.318668+03:00,_6,1c8a2af02150,Lemesou Ave,Archiepiskopou Makariou III Ave,3
2026-09-07T04:56:47Z,2026-09-07T08:01:44.318668+03:00,_7,7e9e53411917,Lemesou Ave,E1302 - Nikis Ave,0
2026-09-07T04:56:47Z,2026-09-07T08:01:44.318668+03:00,_8,910016111853,B18 - Georgiou Griva Digeni Ave,B18 - Georgiou Griva Digeni Ave,4
2026-09-07T04:56:47Z,2026-09-07T08:01:44.318668+03:00,_9,bbf67e32aa17,B18 - Georgiou Griva Digeni Ave,Evagorou Ave,0
2026-09-07T04:56:47Z,2026-09-07T08:01:44.318668+03:00,_0,06afc6492b14,Exit 24 >E127 Germasogeia / E113 Lemesos-Centre,Germasogeia,1
2026-09-07T04:56:47Z,2026-09-07T08:01:44.318668+03:00,_1,307257218b8f,Agios Athanasios,Lemesos,0
2026-09-07T04:56:47Z,2026-09-07T08:01:44.318668+03:00,_2,e1dac3423766,Lemesos,Lemesos,4
2026-09-07T04:56:47Z,2026-09-07T08:01:44.318668+03:00,_3,ef93f4872b51,Lemesos,"to A6 > Pafos, Pafos Airport",0
2026-09-07T05:06:54Z,2026-09-07T08:11:52.523221+03:00,_0,5465bb1b887b,Strovolos,Lemesou Ave,4
2026-09-07T05:06:54Z,2026-09-07T08:11:52.523221+03:00,_1,2daef5aeccc3,Aglantzia,Lemesou Ave,0
2026-09-07T05:06:54Z,2026-09-07T08:11:52.523221+03:00,_2,ce775bebe806,Lemesou Ave,Archiepiskopou Makariou III Ave,3
2026-09-07T05:06:54Z,2026-09-07T08:11:52.523221+03:00,_0,2b7ce8a61652,Leoforos Strovolou,Arch. Makariou III,0
2026-09-07T05:06:54Z,2026-09-07T08:11:52.523221+03:00,_1,9811f6053db8,E902 - Archiepiskopou Makariou III,Strovolou Ave,2
2026-09-07T05:06:54Z,2026-09-07T08:11:52.523221+03:00,_2,9fc8278a9766,Arch. Makariou III,Strovolou Ave,4
2026-09-07T05:06:54Z,2026-09-07T08:11:52.523221+03:00,_3,91fd952888ca,Strovolou Ave,Strovolou Ave,0
2026-09-07T05:06:54Z,2026-09-07T08:11:52.523221+03:00,_4,4ac50b0a9ed5,Arch. Makariou III,E902 - Proedrikou Megarou Ave,4
2026-09-07T05:06:54Z,2026-09-07T08:11:52.523221+03:00,_0,9e4085f29919,E110,E110 - Agias Fylaxeos,0
2026-09-07T05:06:54Z,2026-09-07T08:11:52.523221+03:00,_1,6234e3942395,E110 - 1 Apriliou,,3
2026-09-07T05:06:54Z,2026-09-07T08:11:52.523221+03:00,_2,e33776a3a190,E110 - Agias Fylaxeos,Agias Filaxeos,0
2026-09-07T05:06:54Z,2026-09-07T08:11:52.523221+03:00,_3,0a5c4761a6b4,Agias Filaxeos,Agias Filaxeos,3
2026-09-07T05:06:54Z,2026-09-07T08:11:52.523221+03:00,_4,61d23de61c0a,Agias Filaxeos,Agias Filaxeos,0
2026-09-07T05:06:54Z,2026-09-07T08:11:52.523221+03:00,_5,02446ed5df97,Agias Filaxeos,E147 - Archiepiskopou Makariou III Ave,4
2026-09-07T05:06:54Z,2026-09-07T08:11:52.523221+03:00,_0,68ba8c9365ac,Exit 24 >E127 Germasogeia / E113 Lemesos-Centre,Germasogeia,4
2026-09-07T05:06:54Z,2026-09-07T08:11:52.523221+03:00,_1,8b546572ad4b,Exit 24 >E127 Germasogeia / E113 Lemesos-Centre,Lemesos,0
2026-09-07T05:06:54Z,2026-09-07T08:11:52.523221+03:00,_2,e1dac3423766,Lemesos,Lemesos,2
2026-09-07T05:06:54Z,2026-09-07T08:11:52.523221+03:00,_3,ef93f4872b51,Lemesos,"to A6 > Pafos, Pafos Airport",0
2026-09-07T05:06:54Z,2026-09-07T08:11:52.523221+03:00,_0,12584efa288c,Episkopi,Ypsonas,0
2026-09-07T05:06:54Z,2026-09-07T08:11:52.523221+03:00,_1,1008abf33e26,Ypsonas,Lemesos,2
2026-09-07T05:06:54Z,2026-09-07T08:11:52.523221+03:00,_2,d73a04fc5195,Mesa Geitonia,Germasogeia,0
2026-09-07T05:06:54Z,2026-09-07T08:11:52.523221+03:00,_0,8f4656a3b06e,,Ypsonas,0
2026-09-07T05:06:54Z,2026-09-07T08:11:52.523221+03:00,_1,1008abf33e26,Ypsonas,Lemesos,2
2026-09-07T05:06:54Z,2026-09-07T08:11:52.523221+03:00,_2,a26f2977dc2f,Mesa Geitonia,Latsia,0
2026-09-07T05:06:54Z,2026-09-07T08:11:52.523221+03:00,_3,5465bb1b887b,Latsia,Lemesou Ave,4
2026-09-07T05:06:54Z,2026-09-07T08:11:52.523221+03:00,_4,2daef5aeccc3,Aglantzia,Lemesou Ave,0
2026-09-07T05:06:54Z,2026-09-07T08:11:52.523221+03:00,_5,1c8a2af02150,Lemesou Ave,Archiepiskopou Makariou III Ave,3
2026-09-07T05:06:54Z,2026-09-07T08:11:52.523221+03:00,_6,bd22ecc10d1b,Lemesou Ave,Archiepiskopou Makariou III Ave,0
2026-09-07T05:06:54Z,2026-09-07T08:11:52.523221+03:00,_7,798c594a6669,Archiepiskopou Makariou III Ave,B18 - Georgiou Griva Digeni Ave,3
2026-09-07T05:06:54Z,2026-09-07T08:11:52.523221+03:00,_8,7c1a88e2db2c,Archiepiskopou Makariou III Ave,E1302 - Nikis Ave,0
2026-09-07T05:06:54Z,2026-09-07T08:11:52.523221+03:00,_9,910016111853,B18 - Georgiou Griva Digeni Ave,B18 - Georgiou Griva Digeni Ave,3
2026-09-07T05:06:54Z,2026-09-07T08:11:52.523221+03:00,_10,bbf67e32aa17,B18 - Georgiou Griva Digeni Ave,Evagorou Ave,0
2026-09-07T05:17:29Z,2026-09-07T08:22:26.286935+03:00,_0,a73ceba901e1,Strovolos,Strovolos,0
2026-09-07T05:17:29Z,2026-09-07T08:22:26.286935+03:00,_1,0b0229e2fb21,Strovolos,Lemesou Ave,4
2026-09-07T05:17:29Z,2026-09-07T08:22:26.286935+03:00,_2,2eeb7481ceda,Aglantzia,E164 - Armenias,0
2026-09-07T05:17:29Z,2026-09-07T08:22:26.286935+03:00,_3,8b530b355b26,Lemesou Ave,Archiepiskopou Makariou III Ave,3
2026-09-07T05:17:29Z,2026-09-07T08:22:26.286935+03:00,_0,7938a8813069,Leoforos Strovolou,Strovolou Ave,0
2026-09-07T05:17:29Z,2026-09-07T08:22:26.286935+03:00,_1,d9e69a901108,Arch. Makariou III,E902 - Proedrikou Megarou Ave,4
2026-09-07T05:17:29Z,2026-09-07T08:22:26.286935+03:00,_2,96c3ee6a9698,Strovolou Ave,E902 - Proedrikou Megarou Ave,0
2026-09-07T05:17:29Z,2026-09-07T08:22:26.286935+03:00,_0,72b03ff9b5bc,E110,E110 - Agias Fylaxeos,0
2026-09-07T05:17:29Z,2026-09-07T08:22:26.286935+03:00,_1,e50ca2ecb1e0,E110 - 1 Apriliou,,3
2026-09-07T05:17:29Z,2026-09-07T08:22:26.286935+03:00,_2,e33776a3a190,E110 - Agias Fylaxeos,Agias Filaxeos,0
2026-09-07T05:17:29Z,2026-09-07T08:22:26.286935+03:00,_3,0a5c4761a6b4,Agias Filaxeos,Agias Filaxeos,3
2026-09-07T05:17:29Z,2026-09-07T08:22:26.286935+03:00,_4,61d23de61c0a,Agias Filaxeos,Agias Filaxeos,0
2026-09-07T05:17:29Z,2026-09-07T08:22:26.286935+03:00,_5,02446ed5df97,Agias Filaxeos,E147 - Archiepiskopou Makariou III Ave,4
2026-09-07T05:17:29Z,2026-09-07T08:22:26.286935+03:00,_0,12584efa288c,Episkopi,Ypsonas,0
2026-09-07T05:17:29Z,2026-09-07T08:22:26.286935+03:00,_1,6b44bac9314e,Ypsonas,Lemesos,2
2026-09-07T05:17:29Z,2026-09-07T08:22:26.286935+03:00,_2,4cc85bcdea4b,Lemesos,Germasogeia,0
2026-09-07T05:17:29Z,2026-09-07T08:22:26.286935+03:00,_0,8f4656a3b06e,,Ypsonas,0
2026-09-07T05:17:29Z,2026-09-07T08:22:26.286935+03:00,_1,6b44bac9314e,Ypsonas,Lemesos,2
2026-09-07T05:17:29Z,2026-09-07T08:22:26.286935+03:00,_2,6a6cc8d05a98,Lemesos,Latsia,0
2026-09-07T05:17:29Z,2026-09-07T08:22:26.286935+03:00,_3,0b0229e2fb21,Strovolos,Lemesou Ave,4
2026-09-07T05:17:29Z,2026-09-07T08:22:26.286935+03:00,_4,2eeb7481ceda,Aglantzia,E164 - Armenias,0
2026-09-07T05:17:29Z,2026-09-07T08:22:26.286935+03:00,_5,3dec49aff703,Lemesou Ave,Archiepiskopou Makariou III Ave,3
2026-09-07T05:17:29Z,2026-09-07T08:22:26.286935+03:00,_6,bd22ecc10d1b,Lemesou Ave,Archiepiskopou Makariou III Ave,0
2026-09-07T05:17:29Z,2026-09-07T08:22:26.286935+03:00,_7,798c594a6669,Archiepiskopou Makariou III Ave,B18 - Georgiou Griva Digeni Ave,3
2026-09-07T05:17:29Z,2026-09-07T08:22:26.286935+03:00,_8,7c1a88e2db2c,Archiepiskopou Makariou III Ave,E1302 - Nikis Ave,0
2026-09-07T05:17:29Z,2026-09-07T08:22:26.286935+03:00,_9,910016111853,B18 - Georgiou Griva Digeni Ave,B18 - Georgiou Griva Digeni Ave,3
2026-09-07T05:17:29Z,2026-09-07T08:22:26.286935+03:00,_10,bbf67e32aa17,B18 - Georgiou Griva Digeni Ave,Evagorou Ave,0
2026-09-07T05:17:29Z,2026-09-07T08:22:26.286935+03:00,_0,06afc6492b14,Exit 24 >E127 Germasogeia / E113 Lemesos-Centre,Germasogeia,3
2026-09-07T05:17:29Z,2026-09-07T08:22:26.286935+03:00,_1,307257218b8f,> A1 Lemesos Port / (A6) Pafos / (A6) Pafos Airport,Lemesos,0
2026-09-07T05:17:29Z,2026-09-07T08:22:26.286935+03:00,_2,e1dac3423766,Lemesos,Lemesos,1
2026-09-07T05:17:29Z,2026-09-07T08:22:26.286935+03:00,_3,581ff92bc02e,Lemesos,Kato Polemidia,0
2026-09-07T05:17:29Z,2026-09-07T08:22:26.286935+03:00,_4,2e4e38273012,Kato Polemidia,Kato Polemidia,2
2026-09-07T05:17:29Z,2026-09-07T08:22:26.286935+03:00,_5,5052820d4346,A1,"to A6 > Pafos, Pafos Airport",0
2026-09-07T05:27:39Z,2026-09-07T08:32:36.485480+03:00,_0,a73ceba901e1,Strovolos,Strovolos,0
2026-09-07T05:27:39Z,2026-09-07T08:32:36.485480+03:00,_1,0b0229e2fb21,Strovolos,Lemesou Ave,4
2026-09-07T05:27:39Z,2026-09-07T08:32:36.485480+03:00,_2,2daef5aeccc3,Aglantzia,Lemesou Ave,0
2026-09-07T05:27:39Z,2026-09-07T08:32:36.485480+03:00,_3,ce775bebe806,Lemesou Ave,Archiepiskopou Makariou III Ave,4
2026-09-07T05:27:39Z,2026-09-07T08:32:36.485480+03:00,_0,7938a8813069,Leoforos Strovolou,Strovolou Ave,0
2026-09-07T05:27:39Z,2026-09-07T08:32:36.485480+03:00,_1,f393f341ee1a,Arch. Makariou III,E902 - Proedrikou Megarou Ave,4
2026-09-07T05:27:39Z,2026-09-07T08:32:36.485480+03:00,_2,c6ac6530f2b9,Strovolou Ave,E902 - Proedrikou Megarou Ave,0
2026-09-07T05:27:39Z,2026-09-07T08:32:36.485480+03:00,_0,390a534e7e4c,E110,Apostolon Petrou kai Pavlou,0
2026-09-07T05:27:39Z,2026-09-07T08:32:36.485480+03:00,_1,02446ed5df97,Agias Filaxeos,E147 - Archiepiskopou Makariou III Ave,3
2026-09-07T05:27:39Z,2026-09-07T08:32:36.485480+03:00,_0,07b7eb11e965,E147 - Archiepiskopou Makariou III Ave,E110 - 1 Apriliou,0
2026-09-07T05:27:39Z,2026-09-07T08:32:36.485480+03:00,_1,de7c5d112dc2,E110 - 1 Apriliou,E110 - Eleftherias,2
2026-09-07T05:27:39Z,2026-09-07T08:32:36.485480+03:00,_2,5f1fec2aa9f9,E110 - 1 Apriliou,E110,0
2026-09-07T05:27:39Z,2026-09-07T08:32:36.485480+03:00,_0,f885a0fb098a,Episkopi,Kato Polemidia,0
2026-09-07T05:27:39Z,2026-09-07T08:32:36.485480+03:00,_1,c99a2a503a5c,Kato Polemidia,A1,3
2026-09-07T05:27:39Z,2026-09-07T08:32:36.485480+03:00,_2,ae3a9bb54763,A6,Lemesos,2
2026-09-07T05:27:39Z,2026-09-07T08:32:36.485480+03:00,_3,d73a04fc5195,Mesa Geitonia,Germasogeia,0
2026-09-07T05:27:39Z,2026-09-07T08:32:36.485480+03:00,_0,a3a211317758,,Kato Polemidia,0
2026-09-07T05:27:39Z,2026-09-07T08:32:36.485480+03:00,_1,c99a2a503a5c,Kato Polemidia,A1,3
2026-09-07T05:27:39Z,2026-09-07T08:32:36.485480+03:00,_2,ae3a9bb54763,A6,Lemesos,2
2026-09-07T05:27:39Z,2026-09-07T08:32:36.485480+03:00,_3,dbc31dbdee37,Mesa Geitonia,Latsia,0
2026-09-07T05:27:39Z,2026-09-07T08:32:36.485480+03:00,_4,0b0229e2fb21,Strovolos,Lemesou Ave,4
2026-09-07T05:27:39Z,2026-09-07T08:32:36.485480+03:00,_5,2daef5aeccc3,Aglantzia,Lemesou Ave,0
2026-09-07T05:27:39Z,2026-09-07T08:32:36.485480+03:00,_6,1c8a2af02150,Lemesou Ave,Archiepiskopou Makariou III Ave,4
2026-09-07T05:27:39Z,2026-09-07T08:32:36.485480+03:00,_7,19b5cd40e1bc,Lemesou Ave,Archiepiskopou Makariou III Ave,0
2026-09-07T05:27:39Z,2026-09-07T08:32:36.485480+03:00,_8,47dc1257bff6,Lemesou Ave,B18 - Georgiou Griva Digeni Ave,2
2026-09-07T05:27:39Z,2026-09-07T08:32:36.485480+03:00,_9,e1beab30434a,Archiepiskopou Makariou III Ave,Evagorou Ave,0
2026-09-07T05:27:39Z,2026-09-07T08:32:36.485480+03:00,_0,2459eb632a9a,Exit 24 >E127 Germasogeia / E113 Lemesos-Centre,Lemesos,0
2026-09-07T05:27:39Z,2026-09-07T08:32:36.485480+03:00,_1,e1dac3423766,Lemesos,Lemesos,3
2026-09-07T05:27:39Z,2026-09-07T08:32:36.485480+03:00,_2,ef93f4872b51,Lemesos,"to A6 > Pafos, Pafos Airport",0
2026-09-07T05:38:13Z,2026-09-07T08:43:10.079235+03:00,_0,4e76d1a3fa55,Strovolos,Strovolos,0
2026-09-07T05:38:13Z,2026-09-07T08:43:10.079235+03:00,_1,347fb184acdc,Strovolos,Lemesou Ave,4
2026-09-07T05:38:13Z,2026-09-07T08:43:10.079235+03:00,_2,2daef5aeccc3,Aglantzia,Lemesou Ave,0
2026-09-07T05:38:13Z,2026-09-07T08:43:10.079235+03:00,_3,ce775bebe806,Lemesou Ave,Archiepiskopou Makariou III Ave,4
2026-09-07T05:38:13Z,2026-09-07T08:43:10.079235+03:00,_0,7938a8813069,Leoforos Strovolou,Strovolou Ave,0
2026-09-07T05:38:13Z,2026-09-07T08:43:10.079235+03:00,_1,5d9caaed0d63,Arch. Makariou III,E902 - Proedrikou Megarou Ave,4
2026-09-07T05:38:13Z,2026-09-07T08:43:10.079235+03:00,_2,5dc6cad47a31,Strovolou Ave,Strovolou Ave,0
2026-09-07T05:38:13Z,2026-09-07T08:43:10.079235+03:00,_3,1e7665234fdc,Strovolou Ave,E902 - Proedrikou Megarou Ave,2
2026-09-07T05:38:13Z,2026-09-07T08:43:10.079235+03:00,_4,c6ac6530f2b9,Strovolou Ave,E902 - Proedrikou Megarou Ave,0
2026-09-07T05:38:13Z,2026-09-07T08:43:10.079235+03:00,_0,9047fb30c8db,E110,E147 - Archiepiskopou Makariou III Ave,0
2026-09-07T05:38:13Z,2026-09-07T08:43:10.079235+03:00,_1,535964c57235,Apostolon Petrou kai Pavlou,E147 - Archiepiskopou Makariou III Ave,4
2026-09-07T05:38:13Z,2026-09-07T08:43:10.079235+03:00,_0,15ae2e1d5817,E147 - Archiepiskopou Makariou III Ave,Agias Filaxeos,0
2026-09-07T05:38:13Z,2026-09-07T08:43:10.079235+03:00,_1,1683a4b44bb7,Agias Filaxeos,Agias Filaxeos,3
2026-09-07T05:38:13Z,2026-09-07T08:43:10.079235+03:00,_2,51d9285fca15,Agias Filaxeos,E110,0
2026-09-07T05:38:13Z,2026-09-07T08:43:10.079235+03:00,_0,e7f960841113,Episkopi,A1,0
2026-09-07T05:38:13Z,2026-09-07T08:43:10.079235+03:00,_1,51a87f29a8d7,A6,Lemesos,2
2026-09-07T05:38:13Z,2026-09-07T08:43:10.079235+03:00,_2,4cc85bcdea4b,Lemesos,Germasogeia,0
2026-09-07T05:38:13Z,2026-09-07T08:43:10.079235+03:00,_0,cf0d166c0008,,A1,0
2026-09-07T05:38:13Z,2026-09-07T08:43:10.079235+03:00,_1,51a87f29a8d7,A6,Lemesos,2
2026-09-07T05:38:13Z,2026-09-07T08:43:10.079235+03:00,_2,004d237177ba,Lemesos,Strovolos,0
2026-09-07T05:38:13Z,2026-09-07T08:43:10.079235+03:00,_3,347fb184acdc,Strovolos,Lemesou Ave,4
2026-09-07T05:38:13Z,2026-09-07T08:43:10.079235+03:00,_4,2daef5aeccc3,Aglantzia,Lemesou Ave,0
2026-09-07T05:38:13Z,2026-09-07T08:43:10.079235+03:00,_5,1c8a2af02150,Lemesou Ave,Archiepiskopou Makariou III Ave,4
2026-09-07T05:38:13Z,2026-09-07T08:43:10.079235+03:00,_6,8fab7dfc83f0,Lemesou Ave,Evagorou Ave,0
2026-09-07T05:38:13Z,2026-09-07T08:43:10.079235+03:00,_0,2459eb632a9a,Exit 24 >E127 Germasogeia / E113 Lemesos-Centre,Lemesos,0
2026-09-07T05:38:13Z,2026-09-07T08:43:10.079235+03:00,_1,e1dac3423766,Lemesos,Lemesos,2
2026-09-07T05:38:13Z,2026-09-07T08:43:10.079235+03:00,_2,ef93f4872b51,Lemesos,"to A6 > Pafos, Pafos Airport",0
2026-09-07T05:48:22Z,2026-09-07T08:53:18.753285+03:00,_0,4e76d1a3fa55,Strovolos,Strovolos,0
2026-09-07T05:48:22Z,2026-09-07T08:53:18.753285+03:00,_1,347fb184acdc,Strovolos,Lemesou Ave,4
2026-09-07T05:48:22Z,2026-09-07T08:53:18.753285+03:00,_2,2eeb7481ceda,Aglantzia,E164 - Armenias,0
2026-09-07T05:48:22Z,2026-09-07T08:53:18.753285+03:00,_3,8b530b355b26,Lemesou Ave,Archiepiskopou Makariou III Ave,3
2026-09-07T05:48:22Z,2026-09-07T08:53:18.753285+03:00,_0,d42abe0fedf4,E147 - Archiepiskopou Makariou III Ave,Agias Filaxeos,0
2026-09-07T05:48:22Z,2026-09-07T08:53:18.753285+03:00,_1,7a327987b414,Agias Filaxeos,Agias Filaxeos,4
2026-09-07T05:48:22Z,2026-09-07T08:53:18.753285+03:00,_2,bbd3d4041441,Agias Filaxeos,Agias Filaxeos,0
2026-09-07T05:48:22Z,2026-09-07T08:53:18.753285+03:00,_3,a4260c51b19c,Steliou Kyriakidi,,4
2026-09-07T05:48:22Z,2026-09-07T08:53:18.753285+03:00,_4,f5f94ff22484,Agias Filaxeos,E110,0
2026-09-07T05:48:22Z,2026-09-07T08:53:18.753285+03:00,_0,7938a8813069,Leoforos Strovolou,Strovolou Ave,0
2026-09-07T05:48:22Z,2026-09-07T08:53:18.753285+03:00,_1,d9e69a901108,Arch. Makariou III,E902 - Proedrikou Megarou Ave,4
2026-09-07T05:48:22Z,2026-09-07T08:53:18.753285+03:00,_2,96c3ee6a9698,Strovolou Ave,E902 - Proedrikou Megarou Ave,0
2026-09-07T05:48:22Z,2026-09-07T08:53:18.753285+03:00,_0,df567d5dbf59,E110,E110 - Agias Fylaxeos,0
2026-09-07T05:48:22Z,2026-09-07T08:53:18.753285+03:00,_1,883ce04f7136,E110 - 1 Apriliou,,2
2026-09-07T05:48:22Z,2026-09-07T08:53:18.753285+03:00,_2,e33776a3a190,E110 - Agias Fylaxeos,Agias Filaxeos,0
2026-09-07T05:48:22Z,2026-09-07T08:53:18.753285+03:00,_3,0a5c4761a6b4,Agias Filaxeos,Agias Filaxeos,3
2026-09-07T05:48:22Z,2026-09-07T08:53:18.753285+03:00,_4,fd1ec1f2cdf4,Agias Filaxeos,E147 - Archiepiskopou Makariou III Ave,0
2026-09-07T05:48:22Z,2026-09-07T08:53:18.753285+03:00,_5,676c339d8b55,Agias Filaxeos,E147 - Archiepiskopou Makariou III Ave,4
2026-09-07T05:48:22Z,2026-09-07T08:53:18.753285+03:00,_0,cf0d166c0008,,A1,0
2026-09-07T05:48:22Z,2026-09-07T08:53:18.753285+03:00,_1,51a87f29a8d7,A6,Lemesos,2
2026-09-07T05:48:22Z,2026-09-07T08:53:18.753285+03:00,_2,004d237177ba,Lemesos,Strovolos,0
2026-09-07T05:48:22Z,2026-09-07T08:53:18.753285+03:00,_3,347fb184acdc,Strovolos,Lemesou Ave,4
2026-09-07T05:48:22Z,2026-09-07T08:53:18.753285+03:00,_4,2eeb7481ceda,Aglantzia,E164 - Armenias,0
2026-09-07T05:48:22Z,2026-09-07T08:53:18.753285+03:00,_5,3dec49aff703,Lemesou Ave,Archiepiskopou Makariou III Ave,3
2026-09-07T05:48:22Z,2026-09-07T08:53:18.753285+03:00,_6,7e9e53411917,Lemesou Ave,E1302 - Nikis Ave,0
2026-09-07T05:48:22Z,2026-09-07T08:53:18.753285+03:00,_7,910016111853,B18 - Georgiou Griva Digeni Ave,B18 - Georgiou Griva Digeni Ave,4
2026-09-07T05:48:22Z,2026-09-07T08:53:18.753285+03:00,_8,bbf67e32aa17,B18 - Georgiou Griva Digeni Ave,Evagorou Ave,0
2026-09-07T05:48:22Z,2026-09-07T08:53:18.753285+03:00,_0,e7f960841113,Episkopi,A1,0
2026-09-07T05:48:22Z,2026-09-07T08:53:18.753285+03:00,_1,51a87f29a8d7,A6,Lemesos,2
2026-09-07T05:48:22Z,2026-09-07T08:53:18.753285+03:00,_2,4cc85bcdea4b,Lemesos,Germasogeia,0
2026-09-07T05:58:57Z,2026-09-07T09:03:54.067394+03:00,_0,d7fa998be72c,Strovolos,Strovolos,0
2026-09-07T05:58:57Z,2026-09-07T09:03:54.067394+03:00,_1,56258ee4f147,Strovolos,Lemesou Ave,4
2026-09-07T05:58:57Z,2026-09-07T09:03:54.067394+03:00,_2,c6e235d3222a,Aglantzia,Archiepiskopou Makariou III Ave,0
2026-09-07T05:58:57Z,2026-09-07T09:03:54.067394+03:00,_3,394713f228bd,Lemesou Ave,Lemesou Ave,4
2026-09-07T05:58:57Z,2026-09-07T09:03:54.067394+03:00,_0,15ae2e1d5817,E147 - Archiepiskopou Makariou III Ave,Agias Filaxeos,0
2026-09-07T05:58:57Z,2026-09-07T09:03:54.067394+03:00,_1,e0103df7d76d,Agias Filaxeos,Agias Filaxeos,4
2026-09-07T05:58:57Z,2026-09-07T09:03:54.067394+03:00,_2,bbd3d4041441,Agias Filaxeos,Agias Filaxeos,0
2026-09-07T05:58:57Z,2026-09-07T09:03:54.067394+03:00,_3,a4260c51b19c,Steliou Kyriakidi,,4
2026-09-07T05:58:57Z,2026-09-07T09:03:54.067394+03:00,_4,f5f94ff22484,Agias Filaxeos,E110,0
2026-09-07T05:58:57Z,2026-09-07T09:03:54.067394+03:00,_0,7938a8813069,Leoforos Strovolou,Strovolou Ave,0
2026-09-07T05:58:57Z,2026-09-07T09:03:54.067394+03:00,_1,1c1544913564,Arch. Makariou III,Strovolou Ave,3
2026-09-07T05:58:57Z,2026-09-07T09:03:54.067394+03:00,_2,e0baa7fff3a7,Strovolou Ave,Strovolou Ave,0
2026-09-07T05:58:57Z,2026-09-07T09:03:54.067394+03:00,_3,867d7d746488,Arch. Makariou III,E902 - Proedrikou Megarou Ave,4
2026-09-07T05:58:57Z,2026-09-07T09:03:54.067394+03:00,_4,96c3ee6a9698,Strovolou Ave,E902 - Proedrikou Megarou Ave,0
2026-09-07T05:58:57Z,2026-09-07T09:03:54.067394+03:00,_0,72b03ff9b5bc,E110,E110 - Agias Fylaxeos,0
2026-09-07T05:58:57Z,2026-09-07T09:03:54.067394+03:00,_1,e50ca2ecb1e0,E110 - 1 Apriliou,,2
2026-09-07T05:58:57Z,2026-09-07T09:03:54.067394+03:00,_2,e33776a3a190,E110 - Agias Fylaxeos,Agias Filaxeos,0
2026-09-07T05:58:57Z,2026-09-07T09:03:54.067394+03:00,_3,0a5c4761a6b4,Agias Filaxeos,Agias Filaxeos,4
2026-09-07T05:58:57Z,2026-09-07T09:03:54.067394+03:00,_4,8effdcb26c23,Agias Filaxeos,Apostolon Petrou kai Pavlou,0
2026-09-07T05:58:57Z,2026-09-07T09:03:54.067394+03:00,_5,e459f17491f5,Agias Filaxeos,Apostolon Petrou kai Pavlou,4
2026-09-07T05:58:57Z,2026-09-07T09:03:54.067394+03:00,_6,0e24a111cecd,Agias Filaxeos,Agias Filaxeos,0
2026-09-07T05:58:57Z,2026-09-07T09:03:54.067394+03:00,_7,e713c7488bdd,Apostolon Petrou kai Pavlou,E147 - Archiepiskopou Makariou III Ave,4
2026-09-07T05:58:57Z,2026-09-07T09:03:54.067394+03:00,_0,06afc6492b14,Exit 24 >E127 Germasogeia / E113 Lemesos-Centre,Germasogeia,2
2026-09-07T05:58:57Z,2026-09-07T09:03:54.067394+03:00,_1,307257218b8f,> A1 Lemesos Port / (A6) Pafos / (A6) Pafos Airport,Lemesos,0
2026-09-07T05:58:57Z,2026-09-07T09:03:54.067394+03:00,_2,e1dac3423766,Lemesos,Lemesos,3
2026-09-07T05:58:57Z,2026-09-07T09:03:54.067394+03:00,_3,ef93f4872b51,Lemesos,"to A6 > Pafos, Pafos Airport",0
2026-09-07T05:58:57Z,2026-09-07T09:03:54.067394+03:00,_0,cf0d166c0008,,A1,0
2026-09-07T05:58:57Z,2026-09-07T09:03:54.067394+03:00,_1,ae3a9bb54763,A6,Lemesos,2
2026-09-07T05:58:57Z,2026-09-07T09:03:54.067394+03:00,_2,fa250bca0f31,Mesa Geitonia,Strovolos,0
2026-09-07T05:58:57Z,2026-09-07T09:03:54.067394+03:00,_3,56258ee4f147,Strovolos,Lemesou Ave,4
2026-09-07T05:58:57Z,2026-09-07T09:03:54.067394+03:00,_4,c6e235d3222a,Aglantzia,Archiepiskopou Makariou III Ave,0
2026-09-07T05:58:57Z,2026-09-07T09:03:54.067394+03:00,_5,6efde239cabf,Lemesou Ave,Archiepiskopou Makariou III Ave,4
2026-09-07T05:58:57Z,2026-09-07T09:03:54.067394+03:00,_6,bd22ecc10d1b,Lemesou Ave,Archiepiskopou Makariou III Ave,0
2026-09-07T05:58:57Z,2026-09-07T09:03:54.067394+03:00,_7,798c594a6669,Archiepiskopou Makariou III Ave,B18 - Georgiou Griva Digeni Ave,3
2026-09-07T05:58:57Z,2026-09-07T09:03:54.067394+03:00,_8,e1beab30434a,Archiepiskopou Makariou III Ave,Evagorou Ave,0
2026-09-07T05:58:57Z,2026-09-07T09:03:54.067394+03:00,_0,e7f960841113,Episkopi,A1,0
2026-09-07T05:58:57Z,2026-09-07T09:03:54.067394+03:00,_1,ae3a9bb54763,A6,Lemesos,2
2026-09-07T05:58:57Z,2026-09-07T09:03:54.067394+03:00,_2,d73a04fc5195,Mesa Geitonia,Germasogeia,0
2026-09-07T06:09:04Z,2026-09-07T09:14:01.178797+03:00,_0,d7fa998be72c,Strovolos,Strovolos,0
2026-09-07T06:09:04Z,2026-09-07T09:14:01.178797+03:00,_1,56258ee4f147,Strovolos,Lemesou Ave,4
2026-09-07T06:09:04Z,2026-09-07T09:14:01.178797+03:00,_2,c6e235d3222a,Aglantzia,Archiepiskopou Makariou III Ave,0
2026-09-07T06:09:04Z,2026-09-07T09:14:01.178797+03:00,_3,394713f228bd,Lemesou Ave,Lemesou Ave,4
2026-09-07T06:09:04Z,2026-09-07T09:14:01.178797+03:00,_0,ab8ac493c4ab,Leoforos Strovolou,Strovolou Ave,0
2026-09-07T06:09:04Z,2026-09-07T09:14:01.178797+03:00,_1,8437698fe599,Arch. Makariou III,E902 - Proedrikou Megarou Ave,4
2026-09-07T06:09:04Z,2026-09-07T09:14:01.178797+03:00,_2,c6ac6530f2b9,Strovolou Ave,E902 - Proedrikou Megarou Ave,0
2026-09-07T06:09:04Z,2026-09-07T09:14:01.178797+03:00,_0,72b03ff9b5bc,E110,E110 - Agias Fylaxeos,0
2026-09-07T06:09:04Z,2026-09-07T09:14:01.178797+03:00,_1,e50ca2ecb1e0,E110 - 1 Apriliou,,3
2026-09-07T06:09:04Z,2026-09-07T09:14:01.178797+03:00,_2,e33776a3a190,E110 - Agias Fylaxeos,Agias Filaxeos,0
2026-09-07T06:09:04Z,2026-09-07T09:14:01.178797+03:00,_3,0a5c4761a6b4,Agias Filaxeos,Agias Filaxeos,3
2026-09-07T06:09:04Z,2026-09-07T09:14:01.178797+03:00,_4,11a2026dc49c,Agias Filaxeos,Agias Filaxeos,0
2026-09-07T06:09:04Z,2026-09-07T09:14:01.178797+03:00,_5,8efecb847652,Agias Filaxeos,E147 - Archiepiskopou Makariou III Ave,3
2026-09-07T06:09:04Z,2026-09-07T09:14:01.178797+03:00,_0,e785a34e8cbd,E147 - Archiepiskopou Makariou III Ave,Agias Filaxeos,0
2026-09-07T06:09:04Z,2026-09-07T09:14:01.178797+03:00,_1,a3a2fe07dd87,Agias Filaxeos,Agias Filaxeos,3
2026-09-07T06:09:04Z,2026-09-07T09:14:01.178797+03:00,_2,3c822276d5cc,Agias Filaxeos,Agias Filaxeos,0
2026-09-07T06:09:04Z,2026-09-07T09:14:01.178797+03:00,_3,a4260c51b19c,Steliou Kyriakidi,,3
2026-09-07T06:09:04Z,2026-09-07T09:14:01.178797+03:00,_4,f5f94ff22484,Agias Filaxeos,E110,0
2026-09-07T06:09:04Z,2026-09-07T09:14:01.178797+03:00,_0,cf0d166c0008,,A1,0
2026-09-07T06:09:04Z,2026-09-07T09:14:01.178797+03:00,_1,ae3a9bb54763,A6,Lemesos,1
2026-09-07T06:09:04Z,2026-09-07T09:14:01.178797+03:00,_2,fa250bca0f31,Mesa Geitonia,Strovolos,0
2026-09-07T06:09:04Z,2026-09-07T09:14:01.178797+03:00,_3,56258ee4f147,Strovolos,Lemesou Ave,4
2026-09-07T06:09:04Z,2026-09-07T09:14:01.178797+03:00,_4,c6e235d3222a,Aglantzia,Archiepiskopou Makariou III Ave,0
2026-09-07T06:09:04Z,2026-09-07T09:14:01.178797+03:00,_5,6efde239cabf,Lemesou Ave,Archiepiskopou Makariou III Ave,4
2026-09-07T06:09:04Z,2026-09-07T09:14:01.178797+03:00,_6,c2a4baaefb06,Lemesou Ave,Archiepiskopou Makariou III Ave,0
2026-09-07T06:09:04Z,2026-09-07T09:14:01.178797+03:00,_7,b66f0bbf2823,Archiepiskopou Makariou III Ave,B18 - Georgiou Griva Digeni Ave,3
2026-09-07T06:09:04Z,2026-09-07T09:14:01.178797+03:00,_8,7c1a88e2db2c,Archiepiskopou Makariou III Ave,E1302 - Nikis Ave,0
2026-09-07T06:09:04Z,2026-09-07T09:14:01.178797+03:00,_9,910016111853,B18 - Georgiou Griva Digeni Ave,B18 - Georgiou Griva Digeni Ave,3
2026-09-07T06:09:04Z,2026-09-07T09:14:01.178797+03:00,_10,bbf67e32aa17,B18 - Georgiou Griva Digeni Ave,Evagorou Ave,0
2026-09-07T06:09:04Z,2026-09-07T09:14:01.178797+03:00,_0,e7f960841113,Episkopi,A1,0
2026-09-07T06:09:04Z,2026-09-07T09:14:01.178797+03:00,_1,ae3a9bb54763,A6,Lemesos,1
2026-09-07T06:09:04Z,2026-09-07T09:14:01.178797+03:00,_2,d73a04fc5195,Mesa Geitonia,Germasogeia,0
2026-09-07T06:09:04Z,2026-09-07T09:14:01.178797+03:00,_0,06afc6492b14,Exit 24 >E127 Germasogeia / E113 Lemesos-Centre,Germasogeia,2
2026-09-07T06:09:04Z,2026-09-07T09:14:01.178797+03:00,_1,3e1d75b9e16e,> A1 Lemesos Port / (A6) Pafos / (A6) Pafos Airport,"to A6 > Pafos, Pafos Airport",0
2026-09-07T06:19:15Z,2026-09-07T09:24:11.771422+03:00,_0,d7fa998be72c,Strovolos,Strovolos,0
2026-09-07T06:19:15Z,2026-09-07T09:24:11.771422+03:00,_1,56258ee4f147,Strovolos,Lemesou Ave,4
2026-09-07T06:19:15Z,2026-09-07T09:24:11.771422+03:00,_2,7c50b274239b,Aglantzia,E164 - Armenias,0
2026-09-07T06:19:15Z,2026-09-07T09:24:11.771422+03:00,_3,c57daf65c80e,Lemesou Ave,Archiepiskopou Makariou III Ave,3
2026-09-07T06:19:15Z,2026-09-07T09:24:11.771422+03:00,_0,72b03ff9b5bc,E110,E110 - Agias Fylaxeos,0
2026-09-07T06:19:15Z,2026-09-07T09:24:11.771422+03:00,_1,e50ca2ecb1e0,E110 - 1 Apriliou,,3
2026-09-07T06:19:15Z,2026-09-07T09:24:11.771422+03:00,_2,bbe9f6312861,E110 - Agias Fylaxeos,Agias Filaxeos,0
2026-09-07T06:19:15Z,2026-09-07T09:24:11.771422+03:00,_3,c7626fee6f30,Agias Filaxeos,Agias Filaxeos,3
2026-09-07T06:19:15Z,2026-09-07T09:24:11.771422+03:00,_4,61d23de61c0a,Agias Filaxeos,Agias Filaxeos,0
2026-09-07T06:19:15Z,2026-09-07T09:24:11.771422+03:00,_5,02446ed5df97,Agias Filaxeos,E147 - Archiepiskopou Makariou III Ave,4
2026-09-07T06:19:15Z,2026-09-07T09:24:11.771422+03:00,_0,920305ee9a1e,E147 - Archiepiskopou Makariou III Ave,Agias Filaxeos,0
2026-09-07T06:19:15Z,2026-09-07T09:24:11.771422+03:00,_1,a4260c51b19c,Steliou Kyriakidi,,4
2026-09-07T06:19:15Z,2026-09-07T09:24:11.771422+03:00,_2,f5f94ff22484,Agias Filaxeos,E110,0
2026-09-07T06:19:15Z,2026-09-07T09:24:11.771422+03:00,_0,5661b3f9cb72,Leoforos Strovolou,E122 - Athinon,0
2026-09-07T06:19:15Z,2026-09-07T09:24:11.771422+03:00,_1,f1781d10861a,Strovolou Ave,E902 - Proedrikou Megarou Ave,3
2026-09-07T06:19:15Z,2026-09-07T09:24:11.771422+03:00,_2,96c3ee6a9698,Strovolou Ave,E902 - Proedrikou Megarou Ave,0
2026-09-07T06:19:15Z,2026-09-07T09:24:11.771422+03:00,_0,37e913d03e44,,Strovolos,0
2026-09-07T06:19:15Z,2026-09-07T09:24:11.771422+03:00,_1,56258ee4f147,Strovolos,Lemesou Ave,4
2026-09-07T06:19:15Z,2026-09-07T09:24:11.771422+03:00,_2,7c50b274239b,Aglantzia,E164 - Armenias,0
2026-09-07T06:19:15Z,2026-09-07T09:24:11.771422+03:00,_3,43f05193c4b0,Lemesou Ave,Archiepiskopou Makariou III Ave,3
2026-09-07T06:19:15Z,2026-09-07T09:24:11.771422+03:00,_4,7e9e53411917,Lemesou Ave,E1302 - Nikis Ave,0
2026-09-07T06:19:15Z,2026-09-07T09:24:11.771422+03:00,_5,910016111853,B18 - Georgiou Griva Digeni Ave,B18 - Georgiou Griva Digeni Ave,4
2026-09-07T06:19:15Z,2026-09-07T09:24:11.771422+03:00,_6,bbf67e32aa17,B18 - Georgiou Griva Digeni Ave,Evagorou Ave,0
2026-09-07T06:19:15Z,2026-09-07T09:24:11.771422+03:00,_0,06afc6492b14,Exit 24 >E127 Germasogeia / E113 Lemesos-Centre,Germasogeia,2
2026-09-07T06:19:15Z,2026-09-07T09:24:11.771422+03:00,_1,3e1d75b9e16e,> A1 Lemesos Port / (A6) Pafos / (A6) Pafos Airport,"to A6 > Pafos, Pafos Airport",0
2026-09-07T06:29:24Z,2026-09-07T09:34:21.324040+03:00,_0,d7fa998be72c,Strovolos,Strovolos,0
2026-09-07T06:29:24Z,2026-09-07T09:34:21.324040+03:00,_1,56258ee4f147,Strovolos,Lemesou Ave,4
2026-09-07T06:29:24Z,2026-09-07T09:34:21.324040+03:00,_2,e0e20f68c5b9,Aglantzia,Lemesou Ave,0
2026-09-07T06:29:24Z,2026-09-07T09:34:21.324040+03:00,_3,e9550772caa3,Lemesou Ave,Lemesou Ave,2
2026-09-07T06:29:24Z,2026-09-07T09:34:21.324040+03:00,_4,d2028a2a4d9d,Lemesou Ave,E164 - Armenias,0
2026-09-07T06:29:24Z,2026-09-07T09:34:21.324040+03:00,_5,c57daf65c80e,Lemesou Ave,Archiepiskopou Makariou III Ave,3
2026-09-07T06:29:24Z,2026-09-07T09:34:21.324040+03:00,_0,72b03ff9b5bc,E110,E110 - Agias Fylaxeos,0
2026-09-07T06:29:24Z,2026-09-07T09:34:21.324040+03:00,_1,e50ca2ecb1e0,E110 - 1 Apriliou,,2
2026-09-07T06:29:24Z,2026-09-07T09:34:21.324040+03:00,_2,bbe9f6312861,E110 - Agias Fylaxeos,Agias Filaxeos,0
2026-09-07T06:29:24Z,2026-09-07T09:34:21.324040+03:00,_3,c7626fee6f30,Agias Filaxeos,Agias Filaxeos,3
2026-09-07T06:29:24Z,2026-09-07T09:34:21.324040+03:00,_4,055cc4b78365,Agias Filaxeos,Agias Filaxeos,0
2026-09-07T06:29:24Z,2026-09-07T09:34:21.324040+03:00,_5,3e658df8ca2c,Agias Filaxeos,E147 - Archiepiskopou Makariou III Ave,4
2026-09-07T06:29:24Z,2026-09-07T09:34:21.324040+03:00,_0,79d176024e30,Leoforos Strovolou,E122 - Athinon,0
2026-09-07T06:29:24Z,2026-09-07T09:34:21.324040+03:00,_1,a29dea198f8c,Strovolou Ave,E122 - Athinon,3
2026-09-07T06:29:24Z,2026-09-07T09:34:21.324040+03:00,_2,97b571391188,Strovolou Ave,Perikleous,0
2026-09-07T06:29:24Z,2026-09-07T09:34:21.324040+03:00,_3,4f1c142f8f3c,E122 - Athinon,E902 - Proedrikou Megarou Ave,3
2026-09-07T06:29:24Z,2026-09-07T09:34:21.324040+03:00,_4,96c3ee6a9698,Strovolou Ave,E902 - Proedrikou Megarou Ave,0
2026-09-07T06:29:24Z,2026-09-07T09:34:21.324040+03:00,_0,37e913d03e44,,Strovolos,0
2026-09-07T06:29:24Z,2026-09-07T09:34:21.324040+03:00,_1,56258ee4f147,Strovolos,Lemesou Ave,4
2026-09-07T06:29:24Z,2026-09-07T09:34:21.324040+03:00,_2,e0e20f68c5b9,Aglantzia,Lemesou Ave,0
2026-09-07T06:29:24Z,2026-09-07T09:34:21.324040+03:00,_3,e9550772caa3,Lemesou Ave,Lemesou Ave,2
2026-09-07T06:29:24Z,2026-09-07T09:34:21.324040+03:00,_4,d2028a2a4d9d,Lemesou Ave,E164 - Armenias,0
2026-09-07T06:29:24Z,2026-09-07T09:34:21.324040+03:00,_5,43f05193c4b0,Lemesou Ave,Archiepiskopou Makariou III Ave,3
2026-09-07T06:29:24Z,2026-09-07T09:34:21.324040+03:00,_6,b7e53b03dff3,Lemesou Ave,Archiepiskopou Makariou III Ave,0
2026-09-07T06:29:24Z,2026-09-07T09:34:21.324040+03:00,_7,8056ae80b71f,Archiepiskopou Makariou III Ave,B18 - Georgiou Griva Digeni Ave,3
2026-09-07T06:29:24Z,2026-09-07T09:34:21.324040+03:00,_8,7c1a88e2db2c,Archiepiskopou Makariou III Ave,E1302 - Nikis Ave,0
2026-09-07T06:29:24Z,2026-09-07T09:34:21.324040+03:00,_9,910016111853,B18 - Georgiou Griva Digeni Ave,B18 - Georgiou Griva Digeni Ave,3
2026-09-07T06:29:24Z,2026-09-07T09:34:21.324040+03:00,_10,bbf67e32aa17,B18 - Georgiou Griva Digeni Ave,Evagorou Ave,0
2026-09-07T06:29:24Z,2026-09-07T09:34:21.324040+03:00,_0,06afc6492b14,Exit 24 >E127 Germasogeia / E113 Lemesos-Centre,Germasogeia,1
2026-09-07T06:29:24Z,2026-09-07T09:34:21.324040+03:00,_1,3e1d75b9e16e,> A1 Lemesos Port / (A6) Pafos / (A6) Pafos Airport,"to A6 > Pafos, Pafos Airport",0
2026-09-07T06:39:32Z,2026-09-07T09:44:24.727775+03:00,_0,9637c1cd3244,Strovolos,Strovolos,0
2026-09-07T06:39:32Z,2026-09-07T09:44:24.727775+03:00,_1,d1bd4cd56cd8,Strovolos,Lemesou Ave,4
2026-09-07T06:39:32Z,2026-09-07T09:44:24.727775+03:00,_2,e0e20f68c5b9,Aglantzia,Lemesou Ave,0
2026-09-07T06:39:32Z,2026-09-07T09:44:24.727775+03:00,_3,e9550772caa3,Lemesou Ave,Lemesou Ave,1
2026-09-07T06:39:32Z,2026-09-07T09:44:24.727775+03:00,_4,d6df578c88ea,Lemesou Ave,Lemesou Ave,0
2026-09-07T06:39:32Z,2026-09-07T09:44:24.727775+03:00,_5,8b530b355b26,Lemesou Ave,Archiepiskopou Makariou III Ave,3
2026-09-07T06:39:32Z,2026-09-07T09:44:24.727775+03:00,_0,18d60f6950ba,Leoforos Strovolou,E122 - Athinon,0
2026-09-07T06:39:32Z,2026-09-07T09:44:24.727775+03:00,_1,05dfd4427a44,Strovolou Ave,E116 - Athalassis Ave,2
2026-09-07T06:39:32Z,2026-09-07T09:44:24.727775+03:00,_2,92d65c298345,E116 - Athalassis Ave,E902 - Proedrikou Megarou Ave,0
2026-09-07T06:39:32Z,2026-09-07T09:44:24.727775+03:00,_0,35653bf66474,E110,Agias Filaxeos,0
2026-09-07T06:39:32Z,2026-09-07T09:44:24.727775+03:00,_1,0a5c4761a6b4,Agias Filaxeos,Agias Filaxeos,3
2026-09-07T06:39:32Z,2026-09-07T09:44:24.727775+03:00,_2,8effdcb26c23,Agias Filaxeos,Apostolon Petrou kai Pavlou,0
2026-09-07T06:39:32Z,2026-09-07T09:44:24.727775+03:00,_3,0047479cf4c6,Agias Filaxeos,E147 - Archiepiskopou Makariou III Ave,3
2026-09-07T06:39:32Z,2026-09-07T09:44:24.727775+03:00,_0,1561bafaf811,,Lemesou Ave,0
2026-09-07T06:39:32Z,2026-09-07T09:44:24.727775+03:00,_1,d1bd4cd56cd8,Strovolos,Lemesou Ave,4
2026-09-07T06:39:32Z,2026-09-07T09:44:24.727775+03:00,_2,e0e20f68c5b9,Aglantzia,Lemesou Ave,0
2026-09-07T06:39:32Z,2026-09-07T09:44:24.727775+03:00,_3,e9550772caa3,Lemesou Ave,Lemesou Ave,1
2026-09-07T06:39:32Z,2026-09-07T09:44:24.727775+03:00,_4,d6df578c88ea,Lemesou Ave,Lemesou Ave,0
2026-09-07T06:39:32Z,2026-09-07T09:44:24.727775+03:00,_5,3dec49aff703,Lemesou Ave,Archiepiskopou Makariou III Ave,3
2026-09-07T06:39:32Z,2026-09-07T09:44:24.727775+03:00,_6,7e9e53411917,Lemesou Ave,E1302 - Nikis Ave,0
2026-09-07T06:39:32Z,2026-09-07T09:44:24.727775+03:00,_7,910016111853,B18 - Georgiou Griva Digeni Ave,B18 - Georgiou Griva Digeni Ave,4
2026-09-07T06:39:32Z,2026-09-07T09:44:24.727775+03:00,_8,bbf67e32aa17,B18 - Georgiou Griva Digeni Ave,Evagorou Ave,0
2026-09-07T06:49:37Z,2026-09-07T09:53:39.162711+03:00,_0,9637c1cd3244,Strovolos,Strovolos,0
2026-09-07T06:49:37Z,2026-09-07T09:53:39.162711+03:00,_1,d1bd4cd56cd8,Strovolos,Lemesou Ave,3
2026-09-07T06:49:37Z,2026-09-07T09:53:39.162711+03:00,_2,7c50b274239b,Aglantzia,E164 - Armenias,0
2026-09-07T06:49:37Z,2026-09-07T09:53:39.162711+03:00,_3,c57daf65c80e,Lemesou Ave,Archiepiskopou Makariou III Ave,3
2026-09-07T06:49:37Z,2026-09-07T09:53:39.162711+03:00,_0,35653bf66474,E110,Agias Filaxeos,0
2026-09-07T06:49:37Z,2026-09-07T09:53:39.162711+03:00,_1,0a5c4761a6b4,Agias Filaxeos,Agias Filaxeos,3
2026-09-07T06:49:37Z,2026-09-07T09:53:39.162711+03:00,_2,3f489e45468a,Agias Filaxeos,Agias Filaxeos,0
2026-09-07T06:49:37Z,2026-09-07T09:53:39.162711+03:00,_3,e93ba5af1ef3,Agias Filaxeos,E147 - Archiepiskopou Makariou III Ave,3
2026-09-07T06:49:37Z,2026-09-07T09:53:39.162711+03:00,_0,044a01c053a4,E147 - Archiepiskopou Makariou III Ave,Agias Filaxeos,2
2026-09-07T06:49:37Z,2026-09-07T09:53:39.162711+03:00,_1,a16a3f4bac66,E147 - Archiepiskopou Makariou III Ave,E110,0
2026-09-07T06:49:37Z,2026-09-07T09:53:39.162711+03:00,_0,738886ba96d1,,Aphrodite Hills,0
2026-09-07T06:49:37Z,2026-09-07T09:53:39.162711+03:00,_1,b54b740a9d54,Aphrodite Hills,Aphrodite Hills,1
2026-09-07T06:49:37Z,2026-09-07T09:53:39.162711+03:00,_2,a8eae7163704,Pissouri,Lemesou Ave,0
2026-09-07T06:49:37Z,2026-09-07T09:53:39.162711+03:00,_3,d1bd4cd56cd8,Strovolos,Lemesou Ave,3
2026-09-07T06:49:37Z,2026-09-07T09:53:39.162711+03:00,_4,7c50b274239b,Aglantzia,E164 - Armenias,0
2026-09-07T06:49:37Z,2026-09-07T09:53:39.162711+03:00,_5,43f05193c4b0,Lemesou Ave,Archiepiskopou Makariou III Ave,3
2026-09-07T06:49:37Z,2026-09-07T09:53:39.162711+03:00,_6,7e9e53411917,Lemesou Ave,E1302 - Nikis Ave,0
2026-09-07T06:49:37Z,2026-09-07T09:53:39.162711+03:00,_7,910016111853,B18 - Georgiou Griva Digeni Ave,B18 - Georgiou Griva Digeni Ave,4
2026-09-07T06:49:37Z,2026-09-07T09:53:39.162711+03:00,_8,bbf67e32aa17,B18 - Georgiou Griva Digeni Ave,Evagorou Ave,0
2026-09-07T06:59:44Z,2026-09-07T10:03:52.329107+03:00,_0,fe72ea2b224f,Strovolos,Lemesou Ave,0
2026-09-07T06:59:44Z,2026-09-07T10:03:52.329107+03:00,_1,1c3025f6d361,Strovolos,Lemesou Ave,3
2026-09-07T06:59:44Z,2026-09-07T10:03:52.329107+03:00,_2,e0e20f68c5b9,Aglantzia,Lemesou Ave,0
2026-09-07T06:59:44Z,2026-09-07T10:03:52.329107+03:00,_3,e9550772caa3,Lemesou Ave,Lemesou Ave,2
2026-09-07T06:59:44Z,2026-09-07T10:03:52.329107+03:00,_4,d6df578c88ea,Lemesou Ave,Lemesou Ave,0
2026-09-07T06:59:44Z,2026-09-07T10:03:52.329107+03:00,_5,8b530b355b26,Lemesou Ave,Archiepiskopou Makariou III Ave,3
2026-09-07T06:59:44Z,2026-09-07T10:03:52.329107+03:00,_0,72b03ff9b5bc,E110,E110 - Agias Fylaxeos,0
2026-09-07T06:59:44Z,2026-09-07T10:03:52.329107+03:00,_1,e50ca2ecb1e0,E110 - 1 Apriliou,,2
2026-09-07T06:59:44Z,2026-09-07T10:03:52.329107+03:00,_2,2e9ffee5c9c5,E110 - Agias Fylaxeos,E147 - Archiepiskopou Makariou III Ave,0
2026-09-07T06:59:44Z,2026-09-07T10:03:52.329107+03:00,_3,0047479cf4c6,Agias Filaxeos,E147 - Archiepiskopou Makariou III Ave,3
2026-09-07T06:59:44Z,2026-09-07T10:03:52.329107+03:00,_0,d0dc64f54734,,Lemesou Ave,0
2026-09-07T06:59:44Z,2026-09-07T10:03:52.329107+03:00,_1,1c3025f6d361,Strovolos,Lemesou Ave,3
2026-09-07T06:59:44Z,2026-09-07T10:03:52.329107+03:00,_2,e0e20f68c5b9,Aglantzia,Lemesou Ave,0
2026-09-07T06:59:44Z,2026-09-07T10:03:52.329107+03:00,_3,e9550772caa3,Lemesou Ave,Lemesou Ave,2
2026-09-07T06:59:44Z,2026-09-07T10:03:52.329107+03:00,_4,d6df578c88ea,Lemesou Ave,Lemesou Ave,0
2026-09-07T06:59:44Z,2026-09-07T10:03:52.329107+03:00,_5,3dec49aff703,Lemesou Ave,Archiepiskopou Makariou III Ave,3
2026-09-07T06:59:44Z,2026-09-07T10:03:52.329107+03:00,_6,bd22ecc10d1b,Lemesou Ave,Archiepiskopou Makariou III Ave,0
2026-09-07T06:59:44Z,2026-09-07T10:03:52.329107+03:00,_7,798c594a6669,Archiepiskopou Makariou III Ave,B18 - Georgiou Griva Digeni Ave,3
2026-09-07T06:59:44Z,2026-09-07T10:03:52.329107+03:00,_8,7c1a88e2db2c,Archiepiskopou Makariou III Ave,E1302 - Nikis Ave,0
2026-09-07T06:59:44Z,2026-09-07T10:03:52.329107+03:00,_9,910016111853,B18 - Georgiou Griva Digeni Ave,B18 - Georgiou Griva Digeni Ave,4
2026-09-07T06:59:44Z,2026-09-07T10:03:52.329107+03:00,_10,bbf67e32aa17,B18 - Georgiou Griva Digeni Ave,Evagorou Ave,0
2026-09-07T06:59:44Z,2026-09-07T10:03:52.329107+03:00,_0,5661b3f9cb72,Leoforos Strovolou,E122 - Athinon,0
2026-09-07T06:59:44Z,2026-09-07T10:03:52.329107+03:00,_1,0cee833d191b,Strovolou Ave,E122 - Athinon,2
2026-09-07T06:59:44Z,2026-09-07T10:03:52.329107+03:00,_2,7c69226e95ca,Strovolou Ave,E902 - Proedrikou Megarou Ave,0
2026-09-07T06:59:44Z,2026-09-07T10:03:52.329107+03:00,_0,68ba8c9365ac,Exit 24 >E127 Germasogeia / E113 Lemesos-Centre,> A1 Lemesos Port / (A6) Pafos / (A6) Pafos Airport,0
2026-09-07T06:59:44Z,2026-09-07T10:03:52.329107+03:00,_1,ce32023c9f0b,> A1 Lemesos Port / (A6) Pafos / (A6) Pafos Airport,Germasogeia,1
2026-09-07T06:59:44Z,2026-09-07T10:03:52.329107+03:00,_2,307257218b8f,> A1 Lemesos Port / (A6) Pafos / (A6) Pafos Airport,Lemesos,0
2026-09-07T06:59:44Z,2026-09-07T10:03:52.329107+03:00,_3,e1dac3423766,Lemesos,Lemesos,2
2026-09-07T06:59:44Z,2026-09-07T10:03:52.329107+03:00,_4,ef93f4872b51,Lemesos,"to A6 > Pafos, Pafos Airport",0
2026-09-07T12:19:33Z,2026-09-07T15:23:43.554491+03:00,_0,e840a4c3672b,E147 - Archiepiskopou Makariou III Ave,Steliou Kyriakidi,0
2026-09-07T12:19:33Z,2026-09-07T15:23:43.554491+03:00,_1,fbdd0e351f56,Ivykou,,4
2026-09-07T12:19:33Z,2026-09-07T15:23:43.554491+03:00,_2,58db42ee5329,Agias Filaxeos,E110 - 1 Apriliou,0
2026-09-07T12:19:33Z,2026-09-07T15:23:43.554491+03:00,_3,de7c5d112dc2,E110 - 1 Apriliou,E110 - Eleftherias,1
2026-09-07T12:19:33Z,2026-09-07T15:23:43.554491+03:00,_4,5f1fec2aa9f9,E110 - 1 Apriliou,E110,0
2026-09-07T12:19:33Z,2026-09-07T15:23:43.554491+03:00,_0,a89f632a8881,Strovolos,Lemesou Ave,0
2026-09-07T12:19:33Z,2026-09-07T15:23:43.554491+03:00,_1,64039a076bda,Strovolos,Lemesou Ave,3
2026-09-07T12:19:33Z,2026-09-07T15:23:43.554491+03:00,_2,2eeb7481ceda,Aglantzia,E164 - Armenias,0
2026-09-07T12:19:33Z,2026-09-07T15:23:43.554491+03:00,_3,8b530b355b26,Lemesou Ave,Archiepiskopou Makariou III Ave,2
2026-09-07T12:19:33Z,2026-09-07T15:23:43.554491+03:00,_0,4e1a525422f6,E110,E110 - Agias Fylaxeos,0
2026-09-07T12:19:33Z,2026-09-07T15:23:43.554491+03:00,_1,81e40e2e4db5,E110 - Agias Fylaxeos,,3
2026-09-07T12:19:33Z,2026-09-07T15:23:43.554491+03:00,_2,c8792afe581d,E110 - Agias Fylaxeos,E147 - Archiepiskopou Makariou III Ave,0
2026-09-07T12:19:33Z,2026-09-07T15:23:43.554491+03:00,_0,23e9d057024d,,Lemesou Ave,0
2026-09-07T12:19:33Z,2026-09-07T15:23:43.554491+03:00,_1,64039a076bda,Strovolos,Lemesou Ave,3
2026-09-07T12:19:33Z,2026-09-07T15:23:43.554491+03:00,_2,2eeb7481ceda,Aglantzia,E164 - Armenias,0
2026-09-07T12:19:33Z,2026-09-07T15:23:43.554491+03:00,_3,3dec49aff703,Lemesou Ave,Archiepiskopou Makariou III Ave,2
2026-09-07T12:19:33Z,2026-09-07T15:23:43.554491+03:00,_4,585aa61a46fa,Lemesou Ave,B18 - Digeni Akrita Ave,0
2026-09-07T12:19:33Z,2026-09-07T15:23:43.554491+03:00,_5,055237d5336a,Archiepiskopou Makariou III Ave,B18 - Georgiou Griva Digeni Ave,3
2026-09-07T12:19:33Z,2026-09-07T15:23:43.554491+03:00,_6,e1beab30434a,Archiepiskopou Makariou III Ave,Evagorou Ave,0
2026-09-07T12:40:43Z,2026-09-07T15:45:25.499142+03:00,_0,fe72ea2b224f,Exit 4 >E148 Latsia / GSP Stadium,Lemesou Ave,0
2026-09-07T12:40:43Z,2026-09-07T15:45:25.499142+03:00,_1,1c3025f6d361,Strovolos,Lemesou Ave,3
2026-09-07T12:40:43Z,2026-09-07T15:45:25.499142+03:00,_2,7c50b274239b,Aglantzia,E164 - Armenias,0
2026-09-07T12:40:43Z,2026-09-07T15:45:25.499142+03:00,_3,c57daf65c80e,Lemesou Ave,Archiepiskopou Makariou III Ave,3
2026-09-07T12:40:43Z,2026-09-07T15:45:25.499142+03:00,_0,c7cc2624ec90,E110,E110 - Agias Fylaxeos,0
2026-09-07T12:40:43Z,2026-09-07T15:45:25.499142+03:00,_1,ee59d0c74402,E110 - 1 Apriliou,E110 - Agias Fylaxeos,3
2026-09-07T12:40:43Z,2026-09-07T15:45:25.499142+03:00,_2,e50ca2ecb1e0,E110 - 1 Apriliou,,4
2026-09-07T12:40:43Z,2026-09-07T15:45:25.499142+03:00,_3,94bd22476a9c,E110 - Agias Fylaxeos,E147 - Archiepiskopou Makariou III Ave,0
2026-09-07T12:40:43Z,2026-09-07T15:45:25.499142+03:00,_4,88697bca4b53,Agias Filaxeos,E147 - Archiepiskopou Makariou III Ave,3
2026-09-07T12:40:43Z,2026-09-07T15:45:25.499142+03:00,_0,e840a4c3672b,E147 - Archiepiskopou Makariou III Ave,Steliou Kyriakidi,0
2026-09-07T12:40:43Z,2026-09-07T15:45:25.499142+03:00,_1,fbdd0e351f56,Ivykou,,4
2026-09-07T12:40:43Z,2026-09-07T15:45:25.499142+03:00,_2,f5f94ff22484,Agias Filaxeos,E110,0
2026-09-07T12:40:43Z,2026-09-07T15:45:25.499142+03:00,_0,51516327098d,Georgiou Neofytou,E114 - Archiepiskopou Makariou III Ave,0
2026-09-07T12:40:43Z,2026-09-07T15:45:25.499142+03:00,_1,e47265de14fc,Spyrou Kyprianou Ave,E114 - Archiepiskopou Makariou III Ave,3
2026-09-07T12:40:43Z,2026-09-07T15:45:25.499142+03:00,_2,b16f06e86626,Spyrou Kyprianou Ave,Angelou Vlachou,0
2026-09-07T12:40:43Z,2026-09-07T15:45:25.499142+03:00,_0,d0dc64f54734,,Lemesou Ave,0
2026-09-07T12:40:43Z,2026-09-07T15:45:25.499142+03:00,_1,1c3025f6d361,Strovolos,Lemesou Ave,3
2026-09-07T12:40:43Z,2026-09-07T15:45:25.499142+03:00,_2,7c50b274239b,Aglantzia,E164 - Armenias,0
2026-09-07T12:40:43Z,2026-09-07T15:45:25.499142+03:00,_3,43f05193c4b0,Lemesou Ave,Archiepiskopou Makariou III Ave,3
2026-09-07T12:40:43Z,2026-09-07T15:45:25.499142+03:00,_4,8fab7dfc83f0,Lemesou Ave,Evagorou Ave,0
2026-09-07T12:40:43Z,2026-09-07T15:45:25.499142+03:00,_0,06afc6492b14,Exit 24 >E127 Germasogeia / E113 Lemesos-Centre,Germasogeia,2
2026-09-07T12:40:43Z,2026-09-07T15:45:25.499142+03:00,_1,3e1d75b9e16e,Agios Athanasios,"to A6 > Pafos, Pafos Airport",0
2026-09-07T12:50:49Z,2026-09-07T15:55:37.807577+03:00,_0,dd4be8784553,E147 - Archiepiskopou Makariou III Ave,Agias Filaxeos,0
2026-09-07T12:50:49Z,2026-09-07T15:55:37.807577+03:00,_1,c5ba13ded7f2,Agias Filaxeos,Agias Filaxeos,2
2026-09-07T12:50:49Z,2026-09-07T15:55:37.807577+03:00,_2,a8156bc46118,Agias Filaxeos,Agias Filaxeos,0
2026-09-07T12:50:49Z,2026-09-07T15:55:37.807577+03:00,_3,1683a4b44bb7,Agias Filaxeos,Agias Filaxeos,3
2026-09-07T12:50:49Z,2026-09-07T15:55:37.807577+03:00,_4,ada2853a7b9f,Agias Filaxeos,Steliou Kyriakidi,0
2026-09-07T12:50:49Z,2026-09-07T15:55:37.807577+03:00,_5,a80760be4702,Ivykou,Agias Filaxeos,3
2026-09-07T12:50:49Z,2026-09-07T15:55:37.807577+03:00,_6,a4260c51b19c,Steliou Kyriakidi,,4
2026-09-07T12:50:49Z,2026-09-07T15:55:37.807577+03:00,_7,f5f94ff22484,Agias Filaxeos,E110,0
2026-09-07T12:50:49Z,2026-09-07T15:55:37.807577+03:00,_0,fe72ea2b224f,Exit 4 >E148 Latsia / GSP Stadium,Lemesou Ave,0
2026-09-07T12:50:49Z,2026-09-07T15:55:37.807577+03:00,_1,1c3025f6d361,Strovolos,Lemesou Ave,3
2026-09-07T12:50:49Z,2026-09-07T15:55:37.807577+03:00,_2,7c50b274239b,Aglantzia,E164 - Armenias,0
2026-09-07T12:50:49Z,2026-09-07T15:55:37.807577+03:00,_3,c57daf65c80e,Lemesou Ave,Archiepiskopou Makariou III Ave,3
2026-09-07T12:50:49Z,2026-09-07T15:55:37.807577+03:00,_0,db379abb1dc7,Georgiou Neofytou,Spyrou Kyprianou Ave,0
2026-09-07T12:50:49Z,2026-09-07T15:55:37.807577+03:00,_1,d485409681ec,Spyrou Kyprianou Ave,E114 - Archiepiskopou Makariou III Ave,3
2026-09-07T12:50:49Z,2026-09-07T15:55:37.807577+03:00,_2,b16f06e86626,Spyrou Kyprianou Ave,Angelou Vlachou,0
2026-09-07T12:50:49Z,2026-09-07T15:55:37.807577+03:00,_0,06afc6492b14,Exit 24 >E127 Germasogeia / E113 Lemesos-Centre,Germasogeia,2
2026-09-07T12:50:49Z,2026-09-07T15:55:37.807577+03:00,_1,307257218b8f,Agios Athanasios,Lemesos,0
2026-09-07T12:50:49Z,2026-09-07T15:55:37.807577+03:00,_2,e1dac3423766,Lemesos,Lemesos,3
2026-09-07T12:50:49Z,2026-09-07T15:55:37.807577+03:00,_3,ef93f4872b51,Lemesos,"to A6 > Pafos, Pafos Airport",0
2026-09-07T12:50:49Z,2026-09-07T15:55:37.807577+03:00,_0,d0dc64f54734,,Lemesou Ave,0
2026-09-07T12:50:49Z,2026-09-07T15:55:37.807577+03:00,_1,1c3025f6d361,Strovolos,Lemesou Ave,3
2026-09-07T12:50:49Z,2026-09-07T15:55:37.807577+03:00,_2,7c50b274239b,Aglantzia,E164 - Armenias,0
2026-09-07T12:50:49Z,2026-09-07T15:55:37.807577+03:00,_3,43f05193c4b0,Lemesou Ave,Archiepiskopou Makariou III Ave,3
2026-09-07T12:50:49Z,2026-09-07T15:55:37.807577+03:00,_4,8fab7dfc83f0,Lemesou Ave,Evagorou Ave,0
2026-09-07T12:50:49Z,2026-09-07T15:55:37.807577+03:00,_0,8722f7172fdb,Leoforos Strovolou,E902 - Proedrikou Megarou Ave,0
2026-09-07T12:50:49Z,2026-09-07T15:55:37.807577+03:00,_1,b7cf26a3ebd1,Strovolou Ave,Strovolou Ave,1
2026-09-07T12:50:49Z,2026-09-07T15:55:37.807577+03:00,_2,5dc6cad47a31,Strovolou Ave,Strovolou Ave,0
2026-09-07T12:50:49Z,2026-09-07T15:55:37.807577+03:00,_3,1e7665234fdc,Strovolou Ave,E902 - Proedrikou Megarou Ave,3
2026-09-07T12:50:49Z,2026-09-07T15:55:37.807577+03:00,_4,c6ac6530f2b9,Strovolou Ave,E902 - Proedrikou Megarou Ave,0
2026-09-07T13:00:53Z,2026-09-07T16:04:49.576292+03:00,_0,8d2065e6031d,E147 - Archiepiskopou Makariou III Ave,Faidonos,0
2026-09-07T13:00:53Z,2026-09-07T16:04:49.576292+03:00,_1,f38856b8f195,Agias Filaxeos,Spyrou Kyprianou Ave,3
2026-09-07T13:00:53Z,2026-09-07T16:04:49.576292+03:00,_2,ec5eee792e7a,Spyrou Kyprianou Ave,Steliou Kyriakidi,0
2026-09-07T13:00:53Z,2026-09-07T16:04:49.576292+03:00,_3,a80760be4702,Ivykou,Agias Filaxeos,3
2026-09-07T13:00:53Z,2026-09-07T16:04:49.576292+03:00,_4,a4260c51b19c,Steliou Kyriakidi,,4
2026-09-07T13:00:53Z,2026-09-07T16:04:49.576292+03:00,_5,f5f94ff22484,Agias Filaxeos,E110,0
2026-09-07T13:00:53Z,2026-09-07T16:04:49.576292+03:00,_0,fe72ea2b224f,Exit 4 >E148 Latsia / GSP Stadium,Lemesou Ave,0
2026-09-07T13:00:53Z,2026-09-07T16:04:49.576292+03:00,_1,1c3025f6d361,Strovolos,Lemesou Ave,3
2026-09-07T13:00:53Z,2026-09-07T16:04:49.576292+03:00,_2,7c50b274239b,Exit 1 > E116 Athalassis Ave.,E164 - Armenias,0
2026-09-07T13:00:53Z,2026-09-07T16:04:49.576292+03:00,_3,c57daf65c80e,Chrysanthou Mylona,Archiepiskopou Makariou III Ave,3
2026-09-07T13:00:53Z,2026-09-07T16:04:49.576292+03:00,_0,377a3d877abc,Exit 24 >E127 Germasogeia / E113 Lemesos-Centre,Exit 27 >E110 Agia Fylaxi / Agros / Tsirio Stadium / Lemesos-Centre,2
2026-09-07T13:00:53Z,2026-09-07T16:04:49.576292+03:00,_1,5f071a5847f6,Mesa Geitonia,"to A1 > Lemesos Port, Pafos, Pafos Airport",0
2026-09-07T13:00:53Z,2026-09-07T16:04:49.576292+03:00,_2,e1dac3423766,"to A1 > Lemesos Port, Pafos, Pafos Airport",Exit 28 >B8 Troodos / Lemesos Centre / E142 Polemidia,1
2026-09-07T13:00:53Z,2026-09-07T16:04:49.576292+03:00,_3,ef93f4872b51,Exit 28 >B8 Troodos / Lemesos Centre / E142 Polemidia,"to A6 > Pafos, Pafos Airport",0
2026-09-07T13:00:53Z,2026-09-07T16:04:49.576292+03:00,_0,d0dc64f54734,,Lemesou Ave,0
2026-09-07T13:00:53Z,2026-09-07T16:04:49.576292+03:00,_1,1c3025f6d361,Strovolos,Lemesou Ave,3
2026-09-07T13:00:53Z,2026-09-07T16:04:49.576292+03:00,_2,7c50b274239b,Exit 1 > E116 Athalassis Ave.,E164 - Armenias,0
2026-09-07T13:00:53Z,2026-09-07T16:04:49.576292+03:00,_3,43f05193c4b0,Chrysanthou Mylona,Archiepiskopou Makariou III Ave,3
2026-09-07T13:00:53Z,2026-09-07T16:04:49.576292+03:00,_4,404b3c67b759,Lemesou Ave,Omirou Ave,0
2026-09-07T13:00:53Z,2026-09-07T16:04:49.576292+03:00,_5,34c1a4955017,E165 - Diagorou,Omirou Ave,3
2026-09-07T13:00:53Z,2026-09-07T16:04:49.576292+03:00,_6,be61879007bb,E165 - Diagorou,Anastasiou Leventi,0
2026-09-07T13:10:59Z,2026-09-07T16:15:07.810559+03:00,_0,90311137b0fc,E147 - Archiepiskopou Makariou III Ave,Agias Filaxeos,0
2026-09-07T13:10:59Z,2026-09-07T16:15:07.810559+03:00,_1,57ae009fa94e,Agias Filaxeos,Agias Filaxeos,3
2026-09-07T13:10:59Z,2026-09-07T16:15:07.810559+03:00,_2,ec5eee792e7a,Agias Filaxeos,Steliou Kyriakidi,0
2026-09-07T13:10:59Z,2026-09-07T16:15:07.810559+03:00,_3,a80760be4702,Ivykou,Agias Filaxeos,3
2026-09-07T13:10:59Z,2026-09-07T16:15:07.810559+03:00,_4,a4260c51b19c,Steliou Kyriakidi,,4
2026-09-07T13:10:59Z,2026-09-07T16:15:07.810559+03:00,_5,f780373a5188,Agias Filaxeos,E110 - Agias Fylaxeos,0
2026-09-07T13:10:59Z,2026-09-07T16:15:07.810559+03:00,_6,6841a02a1258,,E110 - 1 Apriliou,2
2026-09-07T13:10:59Z,2026-09-07T16:15:07.810559+03:00,_7,f99b72a378a5,E110 - Agias Fylaxeos,E110,0
2026-09-07T13:10:59Z,2026-09-07T16:15:07.810559+03:00,_0,fe72ea2b224f,Exit 4 >E148 Latsia / GSP Stadium,Lemesou Ave,0
2026-09-07T13:10:59Z,2026-09-07T16:15:07.810559+03:00,_1,1c3025f6d361,Strovolos,Lemesou Ave,4
2026-09-07T13:10:59Z,2026-09-07T16:15:07.810559+03:00,_2,7c50b274239b,Aglantzia,E164 - Armenias,0
2026-09-07T13:10:59Z,2026-09-07T16:15:07.810559+03:00,_3,c57daf65c80e,Chrysanthou Mylona,Archiepiskopou Makariou III Ave,3
2026-09-07T13:10:59Z,2026-09-07T16:15:07.810559+03:00,_0,72b03ff9b5bc,E110,E110 - Agias Fylaxeos,0
2026-09-07T13:10:59Z,2026-09-07T16:15:07.810559+03:00,_1,e50ca2ecb1e0,E110 - 1 Apriliou,,4
2026-09-07T13:10:59Z,2026-09-07T16:15:07.810559+03:00,_2,94bd22476a9c,E110 - Agias Fylaxeos,E147 - Archiepiskopou Makariou III Ave,0
2026-09-07T13:10:59Z,2026-09-07T16:15:07.810559+03:00,_3,88697bca4b53,Agias Filaxeos,E147 - Archiepiskopou Makariou III Ave,4
2026-09-07T13:10:59Z,2026-09-07T16:15:07.810559+03:00,_0,377a3d877abc,Exit 24 >E127 Germasogeia / E113 Lemesos-Centre,Agios Athanasios,2
2026-09-07T13:10:59Z,2026-09-07T16:15:07.810559+03:00,_1,5f071a5847f6,Mesa Geitonia,Lemesos,0
2026-09-07T13:10:59Z,2026-09-07T16:15:07.810559+03:00,_2,e1dac3423766,Lemesos,Lemesos,2
2026-09-07T13:10:59Z,2026-09-07T16:15:07.810559+03:00,_3,ef93f4872b51,Lemesos,"to A6 > Pafos, Pafos Airport",0
2026-09-07T13:10:59Z,2026-09-07T16:15:07.810559+03:00,_0,cb3af67cb06c,,Kato Polemidia,0
2026-09-07T13:10:59Z,2026-09-07T16:15:07.810559+03:00,_1,c1b4363fadaa,Lemesos,Lemesos,2
2026-09-07T13:10:59Z,2026-09-07T16:15:07.810559+03:00,_2,7adfefecaf30,Lemesos,Lemesou Ave,0
2026-09-07T13:10:59Z,2026-09-07T16:15:07.810559+03:00,_3,1c3025f6d361,Strovolos,Lemesou Ave,4
2026-09-07T13:10:59Z,2026-09-07T16:15:07.810559+03:00,_4,7c50b274239b,Aglantzia,E164 - Armenias,0
2026-09-07T13:10:59Z,2026-09-07T16:15:07.810559+03:00,_5,43f05193c4b0,Chrysanthou Mylona,Archiepiskopou Makariou III Ave,3
2026-09-07T13:10:59Z,2026-09-07T16:15:07.810559+03:00,_6,b7e53b03dff3,Lemesou Ave,Karpenisiou,0
2026-09-07T13:10:59Z,2026-09-07T16:15:07.810559+03:00,_7,8056ae80b71f,Archiepiskopou Makariou III Ave,B18 - Georgiou Griva Digeni Ave,3
2026-09-07T13:10:59Z,2026-09-07T16:15:07.810559+03:00,_8,9a3353e7c8b6,Archiepiskopou Makariou III Ave,Omirou Ave,0
2026-09-07T13:10:59Z,2026-09-07T16:15:07.810559+03:00,_9,3b24bde2136c,E165 - Diagorou,Omirou Ave,3
2026-09-07T13:10:59Z,2026-09-07T16:15:07.810559+03:00,_10,be61879007bb,E165 - Diagorou,Anastasiou Leventi,0
2026-09-07T13:10:59Z,2026-09-07T16:15:07.810559+03:00,_0,9b57a1fd19bb,Episkopi,Kato Polemidia,0
2026-09-07T13:10:59Z,2026-09-07T16:15:07.810559+03:00,_1,c1b4363fadaa,Lemesos,Lemesos,2
2026-09-07T13:10:59Z,2026-09-07T16:15:07.810559+03:00,_2,e7aa3fa7d4d2,Lemesos,Germasogeia,0
2026-09-07T13:21:06Z,2026-09-07T16:25:22.948152+03:00,_0,a955553ad43f,E147 - Archiepiskopou Makariou III Ave,Agias Filaxeos,3
2026-09-07T13:21:06Z,2026-09-07T16:25:22.948152+03:00,_1,a8156bc46118,Agias Filaxeos,Agias Filaxeos,0
2026-09-07T13:21:06Z,2026-09-07T16:25:22.948152+03:00,_2,e0103df7d76d,Agias Filaxeos,Agias Filaxeos,3
2026-09-07T13:21:06Z,2026-09-07T16:25:22.948152+03:00,_3,bbd3d4041441,Agias Filaxeos,Agias Filaxeos,0
2026-09-07T13:21:06Z,2026-09-07T16:25:22.948152+03:00,_4,a4260c51b19c,Steliou Kyriakidi,,4
2026-09-07T13:21:06Z,2026-09-07T16:25:22.948152+03:00,_5,f780373a5188,Agias Filaxeos,E110 - Agias Fylaxeos,0
2026-09-07T13:21:06Z,2026-09-07T16:25:22.948152+03:00,_6,6841a02a1258,,E110 - 1 Apriliou,2
2026-09-07T13:21:06Z,2026-09-07T16:25:22.948152+03:00,_7,f99b72a378a5,E110 - Agias Fylaxeos,E110,0
2026-09-07T13:21:06Z,2026-09-07T16:25:22.948152+03:00,_0,fe72ea2b224f,Exit 4 >E148 Latsia / GSP Stadium,Lemesou Ave,0
2026-09-07T13:21:06Z,2026-09-07T16:25:22.948152+03:00,_1,1c3025f6d361,Strovolos,Lemesou Ave,4
2026-09-07T13:21:06Z,2026-09-07T16:25:22.948152+03:00,_2,7c50b274239b,Aglantzia,E164 - Armenias,0
2026-09-07T13:21:06Z,2026-09-07T16:25:22.948152+03:00,_3,c57daf65c80e,Lemesou Ave,Archiepiskopou Makariou III Ave,2
2026-09-07T13:21:06Z,2026-09-07T16:25:22.948152+03:00,_0,db379abb1dc7,Georgiou Neofytou,Spyrou Kyprianou Ave,0
2026-09-07T13:21:06Z,2026-09-07T16:25:22.948152+03:00,_1,d485409681ec,Spyrou Kyprianou Ave,E114 - Archiepiskopou Makariou III Ave,3
2026-09-07T13:21:06Z,2026-09-07T16:25:22.948152+03:00,_2,b16f06e86626,Spyrou Kyprianou Ave,Angelou Vlachou,0
2026-09-07T13:21:06Z,2026-09-07T16:25:22.948152+03:00,_0,72b03ff9b5bc,E110,E110 - Agias Fylaxeos,0
2026-09-07T13:21:06Z,2026-09-07T16:25:22.948152+03:00,_1,e50ca2ecb1e0,E110 - 1 Apriliou,,4
2026-09-07T13:21:06Z,2026-09-07T16:25:22.948152+03:00,_2,94bd22476a9c,E110 - Agias Fylaxeos,E147 - Archiepiskopou Makariou III Ave,0
2026-09-07T13:21:06Z,2026-09-07T16:25:22.948152+03:00,_3,88697bca4b53,Agias Filaxeos,E147 - Archiepiskopou Makariou III Ave,3
2026-09-07T13:21:06Z,2026-09-07T16:25:22.948152+03:00,_0,078bc587a921,Exit 24 >E127 Germasogeia / E113 Lemesos-Centre,Agios Athanasios,3
2026-09-07T13:21:06Z,2026-09-07T16:25:22.948152+03:00,_1,f75977d2b4e3,Agios Athanasios,Mesa Geitonia,0
2026-09-07T13:21:06Z,2026-09-07T16:25:22.948152+03:00,_2,1bfd048d5d78,Lemesos,Lemesos,2
2026-09-07T13:21:06Z,2026-09-07T16:25:22.948152+03:00,_3,ef93f4872b51,Lemesos,"to A6 > Pafos, Pafos Airport",0
2026-09-07T13:21:06Z,2026-09-07T16:25:22.948152+03:00,_0,e7f960841113,Episkopi,A1,0
2026-09-07T13:21:06Z,2026-09-07T16:25:22.948152+03:00,_1,c6626472cfe7,A6,Lemesos,3
2026-09-07T13:21:06Z,2026-09-07T16:25:22.948152+03:00,_2,e7aa3fa7d4d2,Lemesos,Germasogeia,0
2026-09-07T13:21:06Z,2026-09-07T16:25:22.948152+03:00,_0,cf0d166c0008,,A1,0
2026-09-07T13:21:06Z,2026-09-07T16:25:22.948152+03:00,_1,c6626472cfe7,A6,Lemesos,3
2026-09-07T13:21:06Z,2026-09-07T16:25:22.948152+03:00,_2,7adfefecaf30,Lemesos,Lemesou Ave,0
2026-09-07T13:21:06Z,2026-09-07T16:25:22.948152+03:00,_3,1c3025f6d361,Strovolos,Lemesou Ave,4
2026-09-07T13:21:06Z,2026-09-07T16:25:22.948152+03:00,_4,7c50b274239b,Aglantzia,E164 - Armenias,0
2026-09-07T13:21:06Z,2026-09-07T16:25:22.948152+03:00,_5,43f05193c4b0,Lemesou Ave,Archiepiskopou Makariou III Ave,2
2026-09-07T13:21:06Z,2026-09-07T16:25:22.948152+03:00,_6,585aa61a46fa,Lemesou Ave,B18 - Digeni Akrita Ave,0
2026-09-07T13:21:06Z,2026-09-07T16:25:22.948152+03:00,_7,055237d5336a,Karpenisiou,B18 - Georgiou Griva Digeni Ave,3
2026-09-07T13:21:06Z,2026-09-07T16:25:22.948152+03:00,_8,7c1a88e2db2c,Archiepiskopou Makariou III Ave,E1302 - Nikis Ave,0
2026-09-07T13:21:06Z,2026-09-07T16:25:22.948152+03:00,_9,910016111853,B18 - Georgiou Griva Digeni Ave,B18 - Georgiou Griva Digeni Ave,3
2026-09-07T13:21:06Z,2026-09-07T16:25:22.948152+03:00,_10,b2b582794c92,B18 - Georgiou Griva Digeni Ave,Omirou Ave,0
2026-09-07T13:21:06Z,2026-09-07T16:25:22.948152+03:00,_11,3b24bde2136c,E165 - Diagorou,Omirou Ave,2
2026-09-07T13:21:06Z,2026-09-07T16:25:22.948152+03:00,_12,be61879007bb,E165 - Diagorou,Anastasiou Leventi,0
2026-09-07T13:31:10Z,2026-09-07T16:35:36.553271+03:00,_0,90311137b0fc,E147 - Archiepiskopou Makariou III Ave,Agias Filaxeos,0
2026-09-07T13:31:10Z,2026-09-07T16:35:36.553271+03:00,_1,57ae009fa94e,Agias Filaxeos,Agias Filaxeos,3
2026-09-07T13:31:10Z,2026-09-07T16:35:36.553271+03:00,_2,bbd3d4041441,Agias Filaxeos,Agias Filaxeos,0
2026-09-07T13:31:10Z,2026-09-07T16:35:36.553271+03:00,_3,a4260c51b19c,Steliou Kyriakidi,,4
2026-09-07T13:31:10Z,2026-09-07T16:35:36.553271+03:00,_4,f780373a5188,Agias Filaxeos,E110 - Agias Fylaxeos,0
2026-09-07T13:31:10Z,2026-09-07T16:35:36.553271+03:00,_5,6841a02a1258,,E110 - 1 Apriliou,2
2026-09-07T13:31:10Z,2026-09-07T16:35:36.553271+03:00,_6,f99b72a378a5,E110 - Agias Fylaxeos,E110,0
2026-09-07T13:31:10Z,2026-09-07T16:35:36.553271+03:00,_0,fe72ea2b224f,Exit 4 >E148 Latsia / GSP Stadium,Lemesou Ave,0
2026-09-07T13:31:10Z,2026-09-07T16:35:36.553271+03:00,_1,1c3025f6d361,Strovolos,Lemesou Ave,3
2026-09-07T13:31:10Z,2026-09-07T16:35:36.553271+03:00,_2,7c50b274239b,Aglantzia,E164 - Armenias,0
2026-09-07T13:31:10Z,2026-09-07T16:35:36.553271+03:00,_3,c57daf65c80e,Lemesou Ave,Archiepiskopou Makariou III Ave,3
2026-09-07T13:31:10Z,2026-09-07T16:35:36.553271+03:00,_0,db379abb1dc7,Georgiou Neofytou,Spyrou Kyprianou Ave,0
2026-09-07T13:31:10Z,2026-09-07T16:35:36.553271+03:00,_1,d485409681ec,Spyrou Kyprianou Ave,E114 - Archiepiskopou Makariou III Ave,3
2026-09-07T13:31:10Z,2026-09-07T16:35:36.553271+03:00,_2,b16f06e86626,Spyrou Kyprianou Ave,Angelou Vlachou,0
2026-09-07T13:31:10Z,2026-09-07T16:35:36.553271+03:00,_0,518c5df216c1,E110,E110 - Agias Fylaxeos,0
2026-09-07T13:31:10Z,2026-09-07T16:35:36.553271+03:00,_1,cbcc23476907,E110 - 1 Apriliou,E110 - Agias Fylaxeos,3
2026-09-07T13:31:10Z,2026-09-07T16:35:36.553271+03:00,_2,e50ca2ecb1e0,E110 - 1 Apriliou,,4
2026-09-07T13:31:10Z,2026-09-07T16:35:36.553271+03:00,_3,9e95bc80ebae,E110 - Agias Fylaxeos,E147 - Archiepiskopou Makariou III Ave,0
2026-09-07T13:31:10Z,2026-09-07T16:35:36.553271+03:00,_4,afcda84a293b,Agias Filaxeos,E147 - Archiepiskopou Makariou III Ave,3
2026-09-07T13:31:10Z,2026-09-07T16:35:36.553271+03:00,_0,8c897419fd45,Episkopi,A1,0
2026-09-07T13:31:10Z,2026-09-07T16:35:36.553271+03:00,_1,14ebf2a237a8,Kato Polemidia,Lemesos,3
2026-09-07T13:31:10Z,2026-09-07T16:35:36.553271+03:00,_2,e7aa3fa7d4d2,Lemesos,Germasogeia,0
2026-09-07T13:31:10Z,2026-09-07T16:35:36.553271+03:00,_0,377a3d877abc,Exit 24 >E127 Germasogeia / E113 Lemesos-Centre,Agios Athanasios,3
2026-09-07T13:31:10Z,2026-09-07T16:35:36.553271+03:00,_1,e532d87a661f,Mesa Geitonia,"to A6 > Pafos, Pafos Airport",0
2026-09-07T13:31:10Z,2026-09-07T16:35:36.553271+03:00,_0,c9115613470a,,A1,0
2026-09-07T13:31:10Z,2026-09-07T16:35:36.553271+03:00,_1,14ebf2a237a8,Kato Polemidia,Lemesos,3
2026-09-07T13:31:10Z,2026-09-07T16:35:36.553271+03:00,_2,7adfefecaf30,Lemesos,Lemesou Ave,0
2026-09-07T13:31:10Z,2026-09-07T16:35:36.553271+03:00,_3,1c3025f6d361,Strovolos,Lemesou Ave,3
2026-09-07T13:31:10Z,2026-09-07T16:35:36.553271+03:00,_4,7c50b274239b,Aglantzia,E164 - Armenias,0
2026-09-07T13:31:10Z,2026-09-07T16:35:36.553271+03:00,_5,43f05193c4b0,Lemesou Ave,Archiepiskopou Makariou III Ave,3
2026-09-07T13:31:10Z,2026-09-07T16:35:36.553271+03:00,_6,8fab7dfc83f0,Lemesou Ave,Evagorou Ave,0
2026-09-07T13:41:14Z,2026-09-07T16:45:50.854233+03:00,_0,dd4be8784553,E147 - Archiepiskopou Makariou III Ave,Agias Filaxeos,0
2026-09-07T13:41:14Z,2026-09-07T16:45:50.854233+03:00,_1,931dd79e324a,E147 - Archiepiskopou Makariou III Ave,Vasileos Georgiou II,2
2026-09-07T13:41:14Z,2026-09-07T16:45:50.854233+03:00,_2,ec5eee792e7a,Agias Filaxeos,Steliou Kyriakidi,0
2026-09-07T13:41:14Z,2026-09-07T16:45:50.854233+03:00,_3,a80760be4702,Ivykou,Agias Filaxeos,3
2026-09-07T13:41:14Z,2026-09-07T16:45:50.854233+03:00,_4,a4260c51b19c,Steliou Kyriakidi,,4
2026-09-07T13:41:14Z,2026-09-07T16:45:50.854233+03:00,_5,f780373a5188,Agias Filaxeos,E110 - Agias Fylaxeos,0
2026-09-07T13:41:14Z,2026-09-07T16:45:50.854233+03:00,_6,6841a02a1258,,E110 - 1 Apriliou,2
2026-09-07T13:41:14Z,2026-09-07T16:45:50.854233+03:00,_7,31034e257ac9,E110 - Agias Fylaxeos,E110 - 1 Apriliou,0
2026-09-07T13:41:14Z,2026-09-07T16:45:50.854233+03:00,_8,b8c777372286,E110 - 1 Apriliou,E110 - 1 Apriliou,3
2026-09-07T13:41:14Z,2026-09-07T16:45:50.854233+03:00,_9,15f60bb25351,E110 - 1 Apriliou,E110,0
2026-09-07T13:41:14Z,2026-09-07T16:45:50.854233+03:00,_0,fe72ea2b224f,Exit 4 >E148 Latsia / GSP Stadium,Lemesou Ave,0
2026-09-07T13:41:14Z,2026-09-07T16:45:50.854233+03:00,_1,1c3025f6d361,Strovolos,Lemesou Ave,3
2026-09-07T13:41:14Z,2026-09-07T16:45:50.854233+03:00,_2,7c50b274239b,Aglantzia,E164 - Armenias,0
2026-09-07T13:41:14Z,2026-09-07T16:45:50.854233+03:00,_3,c57daf65c80e,Chrysanthou Mylona,Archiepiskopou Makariou III Ave,3
2026-09-07T13:41:14Z,2026-09-07T16:45:50.854233+03:00,_0,db379abb1dc7,Georgiou Neofytou,Grigori Afxentiou,0
2026-09-07T13:41:14Z,2026-09-07T16:45:50.854233+03:00,_1,d485409681ec,Spyrou Kyprianou Ave,E114 - Archiepiskopou Makariou III Ave,3
2026-09-07T13:41:14Z,2026-09-07T16:45:50.854233+03:00,_2,b16f06e86626,E114 - Archiepiskopou Makariou III Ave,Angelou Vlachou,0
2026-09-07T13:41:14Z,2026-09-07T16:45:50.854233+03:00,_0,518c5df216c1,E110,E110 - Agias Fylaxeos,0
2026-09-07T13:41:14Z,2026-09-07T16:45:50.854233+03:00,_1,56bc0b79e714,E110 - 1 Apriliou,,3
2026-09-07T13:41:14Z,2026-09-07T16:45:50.854233+03:00,_2,73c10e640ed1,E110 - Agias Fylaxeos,E147 - Archiepiskopou Makariou III Ave,0
2026-09-07T13:41:14Z,2026-09-07T16:45:50.854233+03:00,_3,676c339d8b55,Agias Filaxeos,E147 - Archiepiskopou Makariou III Ave,2
2026-09-07T13:41:14Z,2026-09-07T16:45:50.854233+03:00,_0,8c897419fd45,Episkopi,A1,0
2026-09-07T13:41:14Z,2026-09-07T16:45:50.854233+03:00,_1,959139d664f6,Kato Polemidia,A1,3
2026-09-07T13:41:14Z,2026-09-07T16:45:50.854233+03:00,_2,c6626472cfe7,A6,Lemesos,4
2026-09-07T13:41:14Z,2026-09-07T16:45:50.854233+03:00,_3,e7aa3fa7d4d2,Lemesos,Germasogeia,0
2026-09-07T13:41:14Z,2026-09-07T16:45:50.854233+03:00,_0,aaf73b6e9007,Leoforos Strovolou,E902 - Proedrikou Megarou Ave,0
2026-09-07T13:41:14Z,2026-09-07T16:45:50.854233+03:00,_1,73e3e7cf90a1,Omirou,E902 - Proedrikou Megarou Ave,3
2026-09-07T13:41:14Z,2026-09-07T16:45:50.854233+03:00,_2,c6ac6530f2b9,Strovolou Ave,E902 - Proedrikou Megarou Ave,0
2026-09-07T13:41:14Z,2026-09-07T16:45:50.854233+03:00,_0,68ba8c9365ac,Exit 24 >E127 Germasogeia / E113 Lemesos-Centre,Germasogeia,0
2026-09-07T13:41:14Z,2026-09-07T16:45:50.854233+03:00,_1,4a555a8a8b32,Exit 24 >E127 Germasogeia / E113 Lemesos-Centre,Mesa Geitonia,2
2026-09-07T13:41:14Z,2026-09-07T16:45:50.854233+03:00,_2,0df26c3b855b,Lemesos,"to A6 > Pafos, Pafos Airport",0
2026-09-07T13:41:14Z,2026-09-07T16:45:50.854233+03:00,_0,c9115613470a,,A1,0
2026-09-07T13:41:14Z,2026-09-07T16:45:50.854233+03:00,_1,959139d664f6,Kato Polemidia,A1,3
2026-09-07T13:41:14Z,2026-09-07T16:45:50.854233+03:00,_2,c6626472cfe7,A6,Lemesos,4
2026-09-07T13:41:14Z,2026-09-07T16:45:50.854233+03:00,_3,7adfefecaf30,Lemesos,Lemesou Ave,0
2026-09-07T13:41:14Z,2026-09-07T16:45:50.854233+03:00,_4,1c3025f6d361,Strovolos,Lemesou Ave,3
2026-09-07T13:41:14Z,2026-09-07T16:45:50.854233+03:00,_5,7c50b274239b,Aglantzia,E164 - Armenias,0
2026-09-07T13:41:14Z,2026-09-07T16:45:50.854233+03:00,_6,43f05193c4b0,Chrysanthou Mylona,Archiepiskopou Makariou III Ave,3
2026-09-07T13:41:14Z,2026-09-07T16:45:50.854233+03:00,_7,7e9e53411917,Lemesou Ave,E1302 - Nikis Ave,0
2026-09-07T13:41:14Z,2026-09-07T16:45:50.854233+03:00,_8,910016111853,B18 - Georgiou Griva Digeni Ave,B18 - Georgiou Griva Digeni Ave,4
2026-09-07T13:41:14Z,2026-09-07T16:45:50.854233+03:00,_9,bbf67e32aa17,B18 - Georgiou Griva Digeni Ave,Evagorou Ave,0
2026-09-07T13:51:20Z,2026-09-07T16:56:08.190930+03:00,_0,2455e8639f1b,E147 - Archiepiskopou Makariou III Ave,Agias Filaxeos,0
2026-09-07T13:51:20Z,2026-09-07T16:56:08.190930+03:00,_1,6001ef7d617d,E147 - Archiepiskopou Makariou III Ave,Vasileos Georgiou II,2
2026-09-07T13:51:20Z,2026-09-07T16:56:08.190930+03:00,_2,a68ab8316526,Agias Filaxeos,Vasileos Georgiou II,0
2026-09-07T13:51:20Z,2026-09-07T16:56:08.190930+03:00,_3,ded58892ae74,Agias Filaxeos,Vasileos Georgiou II,4
2026-09-07T13:51:20Z,2026-09-07T16:56:08.190930+03:00,_4,f74602cafe9b,Agias Filaxeos,Steliou Kyriakidi,0
2026-09-07T13:51:20Z,2026-09-07T16:56:08.190930+03:00,_5,fbdd0e351f56,Ivykou,,4
2026-09-07T13:51:20Z,2026-09-07T16:56:08.190930+03:00,_6,f5f94ff22484,Agias Filaxeos,E110,0
2026-09-07T13:51:20Z,2026-09-07T16:56:08.190930+03:00,_0,fe72ea2b224f,Exit 4 >E148 Latsia / GSP Stadium,Lemesou Ave,0
2026-09-07T13:51:20Z,2026-09-07T16:56:08.190930+03:00,_1,1c3025f6d361,Strovolos,Lemesou Ave,3
2026-09-07T13:51:20Z,2026-09-07T16:56:08.190930+03:00,_2,7c50b274239b,Aglantzia,E164 - Armenias,0
2026-09-07T13:51:20Z,2026-09-07T16:56:08.190930+03:00,_3,c57daf65c80e,Lemesou Ave,Archiepiskopou Makariou III Ave,3
2026-09-07T13:51:20Z,2026-09-07T16:56:08.190930+03:00,_0,db379abb1dc7,Georgiou Neofytou,Spyrou Kyprianou Ave,0
2026-09-07T13:51:20Z,2026-09-07T16:56:08.190930+03:00,_1,7f8fd09564a5,Spyrou Kyprianou Ave,Spyrou Kyprianou Ave,3
2026-09-07T13:51:20Z,2026-09-07T16:56:08.190930+03:00,_2,0efa495a7a2f,Spyrou Kyprianou Ave,Angelou Vlachou,0
2026-09-07T13:51:20Z,2026-09-07T16:56:08.190930+03:00,_0,0ad2cc0d654b,Episkopi,A1,0
2026-09-07T13:51:20Z,2026-09-07T16:56:08.190930+03:00,_1,6ad9b0176d85,Kato Polemidia,A1,3
2026-09-07T13:51:20Z,2026-09-07T16:56:08.190930+03:00,_2,c6626472cfe7,A6,Lemesos,4
2026-09-07T13:51:20Z,2026-09-07T16:56:08.190930+03:00,_3,e7aa3fa7d4d2,Lemesos,Germasogeia,0
2026-09-07T13:51:20Z,2026-09-07T16:56:08.190930+03:00,_0,92a354a8d94a,Leoforos Strovolou,E950 - Giannou Kranidioti,0
2026-09-07T13:51:20Z,2026-09-07T16:56:08.190930+03:00,_1,bc3172fccafa,E950 - Giannou Kranidioti,,4
2026-09-07T13:51:20Z,2026-09-07T16:56:08.190930+03:00,_2,61bee28c7466,E148 - Melinas Merkouri,Perikleous,0
2026-09-07T13:51:20Z,2026-09-07T16:56:08.190930+03:00,_3,58d093eca1cd,Strovolou Ave,Perikleous,2
2026-09-07T13:51:20Z,2026-09-07T16:56:08.190930+03:00,_4,b4e66db7c6bf,Perikleous,E902 - Proedrikou Megarou Ave,0
2026-09-07T13:51:20Z,2026-09-07T16:56:08.190930+03:00,_0,72b03ff9b5bc,E110,E110 - Agias Fylaxeos,0
2026-09-07T13:51:20Z,2026-09-07T16:56:08.190930+03:00,_1,e50ca2ecb1e0,E110 - 1 Apriliou,,2
2026-09-07T13:51:20Z,2026-09-07T16:56:08.190930+03:00,_2,c8792afe581d,E110 - Agias Fylaxeos,E147 - Archiepiskopou Makariou III Ave,0
2026-09-07T13:51:20Z,2026-09-07T16:56:08.190930+03:00,_0,68ba8c9365ac,Exit 24 >E127 Germasogeia / E113 Lemesos-Centre,Germasogeia,0
2026-09-07T13:51:20Z,2026-09-07T16:56:08.190930+03:00,_1,4a555a8a8b32,Exit 24 >E127 Germasogeia / E113 Lemesos-Centre,Mesa Geitonia,2
2026-09-07T13:51:20Z,2026-09-07T16:56:08.190930+03:00,_2,0df26c3b855b,Lemesos,"to A6 > Pafos, Pafos Airport",0
2026-09-07T13:51:20Z,2026-09-07T16:56:08.190930+03:00,_0,e51d07f99c0a,,A1,0
2026-09-07T13:51:20Z,2026-09-07T16:56:08.190930+03:00,_1,6ad9b0176d85,Kato Polemidia,A1,3
2026-09-07T13:51:20Z,2026-09-07T16:56:08.190930+03:00,_2,c6626472cfe7,A6,Lemesos,4
2026-09-07T13:51:20Z,2026-09-07T16:56:08.190930+03:00,_3,7adfefecaf30,Lemesos,Lemesou Ave,0
2026-09-07T13:51:20Z,2026-09-07T16:56:08.190930+03:00,_4,1c3025f6d361,Strovolos,Lemesou Ave,3
2026-09-07T13:51:20Z,2026-09-07T16:56:08.190930+03:00,_5,7c50b274239b,Aglantzia,E164 - Armenias,0
2026-09-07T13:51:20Z,2026-09-07T16:56:08.190930+03:00,_6,43f05193c4b0,Lemesou Ave,Archiepiskopou Makariou III Ave,3
2026-09-07T13:51:20Z,2026-09-07T16:56:08.190930+03:00,_7,7e9e53411917,Lemesou Ave,E1302 - Nikis Ave,0
2026-09-07T13:51:20Z,2026-09-07T16:56:08.190930+03:00,_8,910016111853,B18 - Georgiou Griva Digeni Ave,B18 - Georgiou Griva Digeni Ave,4
2026-09-07T13:51:20Z,2026-09-07T16:56:08.190930+03:00,_9,bbf67e32aa17,B18 - Georgiou Griva Digeni Ave,Evagorou Ave,0
2026-09-07T14:01:25Z,2026-09-07T17:06:22.542608+03:00,_0,15ae2e1d5817,E147 - Archiepiskopou Makariou III Ave,Agias Filaxeos,0
2026-09-07T14:01:25Z,2026-09-07T17:06:22.542608+03:00,_1,e0103df7d76d,Agias Filaxeos,Agias Filaxeos,3
2026-09-07T14:01:25Z,2026-09-07T17:06:22.542608+03:00,_2,a68ab8316526,Agias Filaxeos,Vasileos Georgiou II,0
2026-09-07T14:01:25Z,2026-09-07T17:06:22.542608+03:00,_3,ded58892ae74,Agias Filaxeos,Vasileos Georgiou II,4
2026-09-07T14:01:25Z,2026-09-07T17:06:22.542608+03:00,_4,f74602cafe9b,Agias Filaxeos,Steliou Kyriakidi,0
2026-09-07T14:01:25Z,2026-09-07T17:06:22.542608+03:00,_5,fbdd0e351f56,Ivykou,,4
2026-09-07T14:01:25Z,2026-09-07T17:06:22.542608+03:00,_6,f5f94ff22484,Agias Filaxeos,E110,0
2026-09-07T14:01:25Z,2026-09-07T17:06:22.542608+03:00,_0,fe72ea2b224f,Exit 4 >E148 Latsia / GSP Stadium,Lemesou Ave,0
2026-09-07T14:01:25Z,2026-09-07T17:06:22.542608+03:00,_1,1c3025f6d361,Strovolos,Lemesou Ave,4
2026-09-07T14:01:25Z,2026-09-07T17:06:22.542608+03:00,_2,7c50b274239b,Aglantzia,E164 - Armenias,0
2026-09-07T14:01:25Z,2026-09-07T17:06:22.542608+03:00,_3,c57daf65c80e,Lemesou Ave,Archiepiskopou Makariou III Ave,3
2026-09-07T14:01:25Z,2026-09-07T17:06:22.542608+03:00,_0,56e499724d69,Georgiou Neofytou,Spyrou Kyprianou Ave,0
2026-09-07T14:01:25Z,2026-09-07T17:06:22.542608+03:00,_1,81fe7edc69c5,Spyrou Kyprianou Ave,E114 - Archiepiskopou Makariou III Ave,3
2026-09-07T14:01:25Z,2026-09-07T17:06:22.542608+03:00,_2,6c5a5d840bb0,Spyrou Kyprianou Ave,Spyrou Kyprianou Ave,0
2026-09-07T14:01:25Z,2026-09-07T17:06:22.542608+03:00,_3,f5d4a5e20d87,Spyrou Kyprianou Ave,Spyrou Kyprianou Ave,3
2026-09-07T14:01:25Z,2026-09-07T17:06:22.542608+03:00,_4,0efa495a7a2f,Spyrou Kyprianou Ave,Angelou Vlachou,0
2026-09-07T14:01:25Z,2026-09-07T17:06:22.542608+03:00,_0,0ad2cc0d654b,Episkopi,A1,0
2026-09-07T14:01:25Z,2026-09-07T17:06:22.542608+03:00,_1,6ad9b0176d85,Kato Polemidia,A1,3
2026-09-07T14:01:25Z,2026-09-07T17:06:22.542608+03:00,_2,c6626472cfe7,A6,Lemesos,4
2026-09-07T14:01:25Z,2026-09-07T17:06:22.542608+03:00,_3,e7aa3fa7d4d2,Lemesos,Germasogeia,0
2026-09-07T14:01:25Z,2026-09-07T17:06:22.542608+03:00,_0,e374d9d627ea,Leoforos Strovolou,E950 - Giannou Kranidioti,0
2026-09-07T14:01:25Z,2026-09-07T17:06:22.542608+03:00,_1,2031c67f67cf,E950 - Giannou Kranidioti,,4
2026-09-07T14:01:25Z,2026-09-07T17:06:22.542608+03:00,_2,3d4bb6787bac,E148 - Melinas Merkouri,E902 - Proedrikou Megarou Ave,0
2026-09-07T14:01:25Z,2026-09-07T17:06:22.542608+03:00,_0,68ba8c9365ac,Exit 24 >E127 Germasogeia / E113 Lemesos-Centre,Germasogeia,0
2026-09-07T14:01:25Z,2026-09-07T17:06:22.542608+03:00,_1,54d6f53ce72c,Exit 24 >E127 Germasogeia / E113 Lemesos-Centre,Agios Athanasios,2
2026-09-07T14:01:25Z,2026-09-07T17:06:22.542608+03:00,_2,e532d87a661f,Mesa Geitonia,"to A6 > Pafos, Pafos Airport",0
2026-09-07T14:01:25Z,2026-09-07T17:06:22.542608+03:00,_0,e51d07f99c0a,,A1,0
2026-09-07T14:01:25Z,2026-09-07T17:06:22.542608+03:00,_1,6ad9b0176d85,Kato Polemidia,A1,3
2026-09-07T14:01:25Z,2026-09-07T17:06:22.542608+03:00,_2,c6626472cfe7,A6,Lemesos,4
2026-09-07T14:01:25Z,2026-09-07T17:06:22.542608+03:00,_3,7adfefecaf30,Lemesos,Lemesou Ave,0
2026-09-07T14:01:25Z,2026-09-07T17:06:22.542608+03:00,_4,1c3025f6d361,Strovolos,Lemesou Ave,4
2026-09-07T14:01:25Z,2026-09-07T17:06:22.542608+03:00,_5,7c50b274239b,Aglantzia,E164 - Armenias,0
2026-09-07T14:01:25Z,2026-09-07T17:06:22.542608+03:00,_6,43f05193c4b0,Lemesou Ave,Archiepiskopou Makariou III Ave,3
2026-09-07T14:01:25Z,2026-09-07T17:06:22.542608+03:00,_7,585aa61a46fa,Lemesou Ave,B18 - Digeni Akrita Ave,0
2026-09-07T14:01:25Z,2026-09-07T17:06:22.542608+03:00,_8,055237d5336a,Karpenisiou,B18 - Georgiou Griva Digeni Ave,3
2026-09-07T14:01:25Z,2026-09-07T17:06:22.542608+03:00,_9,e1beab30434a,Archiepiskopou Makariou III Ave,Evagorou Ave,0
2026-09-07T14:11:53Z,2026-09-07T17:16:36.769495+03:00,_0,f86f6e475723,E147 - Archiepiskopou Makariou III Ave,Vasileos Georgiou II,3
2026-09-07T14:11:53Z,2026-09-07T17:16:36.769495+03:00,_1,4d6c741f90f1,Agias Filaxeos,Vasileos Georgiou II,0
2026-09-07T14:11:53Z,2026-09-07T17:16:36.769495+03:00,_2,e07ed380dedf,Agias Filaxeos,Vasileos Georgiou II,4
2026-09-07T14:11:53Z,2026-09-07T17:16:36.769495+03:00,_3,f74602cafe9b,Agias Filaxeos,Steliou Kyriakidi,0
2026-09-07T14:11:53Z,2026-09-07T17:16:36.769495+03:00,_4,fbdd0e351f56,Ivykou,,4
2026-09-07T14:11:53Z,2026-09-07T17:16:36.769495+03:00,_5,f780373a5188,Agias Filaxeos,E110 - Agias Fylaxeos,0
2026-09-07T14:11:53Z,2026-09-07T17:16:36.769495+03:00,_6,6841a02a1258,,E110 - 1 Apriliou,2
2026-09-07T14:11:53Z,2026-09-07T17:16:36.769495+03:00,_7,f99b72a378a5,E110 - Agias Fylaxeos,E110,0
2026-09-07T14:11:53Z,2026-09-07T17:16:36.769495+03:00,_0,fe72ea2b224f,Exit 4 >E148 Latsia / GSP Stadium,Lemesou Ave,0
2026-09-07T14:11:53Z,2026-09-07T17:16:36.769495+03:00,_1,1c3025f6d361,Strovolos,Lemesou Ave,4
2026-09-07T14:11:53Z,2026-09-07T17:16:36.769495+03:00,_2,7c50b274239b,Aglantzia,E164 - Armenias,0
2026-09-07T14:11:53Z,2026-09-07T17:16:36.769495+03:00,_3,c57daf65c80e,Lemesou Ave,Archiepiskopou Makariou III Ave,3
2026-09-07T14:11:53Z,2026-09-07T17:16:36.769495+03:00,_0,0ad2cc0d654b,Episkopi,A1,0
2026-09-07T14:11:53Z,2026-09-07T17:16:36.769495+03:00,_1,e6e2f8137e9b,Kato Polemidia,Lemesos,3
2026-09-07T14:11:53Z,2026-09-07T17:16:36.769495+03:00,_2,e7aa3fa7d4d2,Lemesos,Germasogeia,0
2026-09-07T14:11:53Z,2026-09-07T17:16:36.769495+03:00,_0,e374d9d627ea,Leoforos Strovolou,E950 - Giannou Kranidioti,0
2026-09-07T14:11:53Z,2026-09-07T17:16:36.769495+03:00,_1,2031c67f67cf,E950 - Giannou Kranidioti,,4
2026-09-07T14:11:53Z,2026-09-07T17:16:36.769495+03:00,_2,3d4bb6787bac,E148 - Melinas Merkouri,E902 - Proedrikou Megarou Ave,0
2026-09-07T14:11:53Z,2026-09-07T17:16:36.769495+03:00,_0,68ba8c9365ac,Exit 24 >E127 Germasogeia / E113 Lemesos-Centre,Germasogeia,0
2026-09-07T14:11:53Z,2026-09-07T17:16:36.769495+03:00,_1,54d6f53ce72c,Exit 24 >E127 Germasogeia / E113 Lemesos-Centre,Agios Athanasios,2
2026-09-07T14:11:53Z,2026-09-07T17:16:36.769495+03:00,_2,e532d87a661f,Mesa Geitonia,"to A6 > Pafos, Pafos Airport",0
2026-09-07T14:11:53Z,2026-09-07T17:16:36.769495+03:00,_0,e51d07f99c0a,,A1,0
2026-09-07T14:11:53Z,2026-09-07T17:16:36.769495+03:00,_1,e6e2f8137e9b,Kato Polemidia,Lemesos,3
2026-09-07T14:11:53Z,2026-09-07T17:16:36.769495+03:00,_2,7adfefecaf30,Lemesos,Lemesou Ave,0
2026-09-07T14:11:53Z,2026-09-07T17:16:36.769495+03:00,_3,1c3025f6d361,Strovolos,Lemesou Ave,4
2026-09-07T14:11:53Z,2026-09-07T17:16:36.769495+03:00,_4,7c50b274239b,Aglantzia,E164 - Armenias,0
2026-09-07T14:11:53Z,2026-09-07T17:16:36.769495+03:00,_5,43f05193c4b0,Lemesou Ave,Archiepiskopou Makariou III Ave,3
2026-09-07T14:11:53Z,2026-09-07T17:16:36.769495+03:00,_6,8fab7dfc83f0,Lemesou Ave,Evagorou Ave,0
2026-09-07T14:22:00Z,2026-09-07T17:26:49.851138+03:00,_0,56e499724d69,Georgiou Neofytou,Spyrou Kyprianou Ave,0
2026-09-07T14:22:00Z,2026-09-07T17:26:49.851138+03:00,_1,81fe7edc69c5,Spyrou Kyprianou Ave,E114 - Archiepiskopou Makariou III Ave,4
2026-09-07T14:22:00Z,2026-09-07T17:26:49.851138+03:00,_2,6c5a5d840bb0,E114 - Archiepiskopou Makariou III Ave,Spyrou Kyprianou Ave,0
2026-09-07T14:22:00Z,2026-09-07T17:26:49.851138+03:00,_3,f5d4a5e20d87,Spyrou Kyprianou Ave,Spyrou Kyprianou Ave,3
2026-09-07T14:22:00Z,2026-09-07T17:26:49.851138+03:00,_4,0efa495a7a2f,Spyrou Kyprianou Ave,Angelou Vlachou,0
2026-09-07T14:22:00Z,2026-09-07T17:26:49.851138+03:00,_0,dd4be8784553,E147 - Archiepiskopou Makariou III Ave,Agias Filaxeos,0
2026-09-07T14:22:00Z,2026-09-07T17:26:49.851138+03:00,_1,931dd79e324a,E147 - Archiepiskopou Makariou III Ave,Vasileos Georgiou II,2
2026-09-07T14:22:00Z,2026-09-07T17:26:49.851138+03:00,_2,ec5eee792e7a,Agias Filaxeos,Steliou Kyriakidi,0
2026-09-07T14:22:00Z,2026-09-07T17:26:49.851138+03:00,_3,fbdd0e351f56,Ivykou,,4
2026-09-07T14:22:00Z,2026-09-07T17:26:49.851138+03:00,_4,f5f94ff22484,Agias Filaxeos,E110,0
2026-09-07T14:22:00Z,2026-09-07T17:26:49.851138+03:00,_0,fe72ea2b224f,Exit 4 >E148 Latsia / GSP Stadium,Lemesou Ave,0
2026-09-07T14:22:00Z,2026-09-07T17:26:49.851138+03:00,_1,1c3025f6d361,Strovolos,Lemesou Ave,3
2026-09-07T14:22:00Z,2026-09-07T17:26:49.851138+03:00,_2,7c50b274239b,Aglantzia,E164 - Armenias,0
2026-09-07T14:22:00Z,2026-09-07T17:26:49.851138+03:00,_3,c57daf65c80e,Chrysanthou Mylona,Archiepiskopou Makariou III Ave,3
2026-09-07T14:22:00Z,2026-09-07T17:26:49.851138+03:00,_0,0ad2cc0d654b,Episkopi,A1,0
2026-09-07T14:22:00Z,2026-09-07T17:26:49.851138+03:00,_1,6ad9b0176d85,Kato Polemidia,A1,3
2026-09-07T14:22:00Z,2026-09-07T17:26:49.851138+03:00,_2,c6626472cfe7,A6,Lemesos,4
2026-09-07T14:22:00Z,2026-09-07T17:26:49.851138+03:00,_3,e7aa3fa7d4d2,Lemesos,Germasogeia,0
2026-09-07T14:22:00Z,2026-09-07T17:26:49.851138+03:00,_0,25cb63a39e8b,Leoforos Strovolou,E950 - Giannou Kranidioti,0
2026-09-07T14:22:00Z,2026-09-07T17:26:49.851138+03:00,_1,b0a28758e5a3,E950 - Giannou Kranidioti,,4
2026-09-07T14:22:00Z,2026-09-07T17:26:49.851138+03:00,_2,411c7a4f8660,E148 - Melinas Merkouri,Perikleous,0
2026-09-07T14:22:00Z,2026-09-07T17:26:49.851138+03:00,_3,ba7acf4b9a4a,Strovolou Ave,E902 - Proedrikou Megarou Ave,2
2026-09-07T14:22:00Z,2026-09-07T17:26:49.851138+03:00,_4,c6ac6530f2b9,Strovolou Ave,E902 - Proedrikou Megarou Ave,0
2026-09-07T14:22:00Z,2026-09-07T17:26:49.851138+03:00,_0,72b03ff9b5bc,E110,E110 - Agias Fylaxeos,0
2026-09-07T14:22:00Z,2026-09-07T17:26:49.851138+03:00,_1,e50ca2ecb1e0,E110 - 1 Apriliou,,2
2026-09-07T14:22:00Z,2026-09-07T17:26:49.851138+03:00,_2,2572617aaf75,E110 - Agias Fylaxeos,E147 - Archiepiskopou Makariou III Ave,0
2026-09-07T14:22:00Z,2026-09-07T17:26:49.851138+03:00,_3,7d91212c9f28,Agiou Artemiou,E147 - Archiepiskopou Makariou III Ave,2
2026-09-07T14:22:00Z,2026-09-07T17:26:49.851138+03:00,_0,68ba8c9365ac,Exit 24 >E127 Germasogeia / E113 Lemesos-Centre,Germasogeia,0
2026-09-07T14:22:00Z,2026-09-07T17:26:49.851138+03:00,_1,54d6f53ce72c,Exit 24 >E127 Germasogeia / E113 Lemesos-Centre,Agios Athanasios,3
2026-09-07T14:22:00Z,2026-09-07T17:26:49.851138+03:00,_2,e532d87a661f,Mesa Geitonia,"to A6 > Pafos, Pafos Airport",0
2026-09-07T14:22:00Z,2026-09-07T17:26:49.851138+03:00,_0,e51d07f99c0a,,A1,0
2026-09-07T14:22:00Z,2026-09-07T17:26:49.851138+03:00,_1,6ad9b0176d85,Kato Polemidia,A1,3
2026-09-07T14:22:00Z,2026-09-07T17:26:49.851138+03:00,_2,c6626472cfe7,A6,Lemesos,4
2026-09-07T14:22:00Z,2026-09-07T17:26:49.851138+03:00,_3,7adfefecaf30,Lemesos,Lemesou Ave,0
2026-09-07T14:22:00Z,2026-09-07T17:26:49.851138+03:00,_4,1c3025f6d361,Strovolos,Lemesou Ave,3
2026-09-07T14:22:00Z,2026-09-07T17:26:49.851138+03:00,_5,7c50b274239b,Aglantzia,E164 - Armenias,0
2026-09-07T14:22:00Z,2026-09-07T17:26:49.851138+03:00,_6,43f05193c4b0,Chrysanthou Mylona,Archiepiskopou Makariou III Ave,3
2026-09-07T14:22:00Z,2026-09-07T17:26:49.851138+03:00,_7,585aa61a46fa,Lemesou Ave,B18 - Digeni Akrita Ave,0
2026-09-07T14:22:00Z,2026-09-07T17:26:49.851138+03:00,_8,055237d5336a,Karpenisiou,B18 - Georgiou Griva Digeni Ave,3
2026-09-07T14:22:00Z,2026-09-07T17:26:49.851138+03:00,_9,e1beab30434a,Archiepiskopou Makariou III Ave,Evagorou Ave,0
2026-09-07T14:32:26Z,2026-09-07T17:37:05.266514+03:00,_0,db379abb1dc7,Georgiou Neofytou,Spyrou Kyprianou Ave,0
2026-09-07T14:32:26Z,2026-09-07T17:37:05.266514+03:00,_1,bb8e26f01eed,Spyrou Kyprianou Ave,E114 - Archiepiskopou Makariou III Ave,4
2026-09-07T14:32:26Z,2026-09-07T17:37:05.266514+03:00,_2,24179f8dc1a1,E114 - Archiepiskopou Makariou III Ave,Spyrou Kyprianou Ave,0
2026-09-07T14:32:26Z,2026-09-07T17:37:05.266514+03:00,_3,23cf5f9b773d,E114 - Archiepiskopou Makariou III Ave,Spyrou Kyprianou Ave,4
2026-09-07T14:32:26Z,2026-09-07T17:37:05.266514+03:00,_4,0efa495a7a2f,Spyrou Kyprianou Ave,Angelou Vlachou,0
2026-09-07T14:32:26Z,2026-09-07T17:37:05.266514+03:00,_0,2455e8639f1b,E147 - Archiepiskopou Makariou III Ave,Agias Filaxeos,0
2026-09-07T14:32:26Z,2026-09-07T17:37:05.266514+03:00,_1,6001ef7d617d,E147 - Archiepiskopou Makariou III Ave,Vasileos Georgiou II,2
2026-09-07T14:32:26Z,2026-09-07T17:37:05.266514+03:00,_2,ec5eee792e7a,Agias Filaxeos,Steliou Kyriakidi,0
2026-09-07T14:32:26Z,2026-09-07T17:37:05.266514+03:00,_3,fbdd0e351f56,Ivykou,,4
2026-09-07T14:32:26Z,2026-09-07T17:37:05.266514+03:00,_4,f5f94ff22484,Agias Filaxeos,E110,0
2026-09-07T14:32:26Z,2026-09-07T17:37:05.266514+03:00,_0,fe72ea2b224f,Exit 4 >E148 Latsia / GSP Stadium,Lemesou Ave,0
2026-09-07T14:32:26Z,2026-09-07T17:37:05.266514+03:00,_1,1c3025f6d361,Strovolos,Lemesou Ave,3
2026-09-07T14:32:26Z,2026-09-07T17:37:05.266514+03:00,_2,3909c4aec98f,Aglantzia,Lemesou Ave,0
2026-09-07T14:32:26Z,2026-09-07T17:37:05.266514+03:00,_3,fedb3d094e5d,A1,Lemesou Ave,1
2026-09-07T14:32:26Z,2026-09-07T17:37:05.266514+03:00,_4,d2028a2a4d9d,Lemesou Ave,E164 - Armenias,0
2026-09-07T14:32:26Z,2026-09-07T17:37:05.266514+03:00,_5,c57daf65c80e,Lemesou Ave,Archiepiskopou Makariou III Ave,3
2026-09-07T14:32:26Z,2026-09-07T17:37:05.266514+03:00,_0,0ad2cc0d654b,Episkopi,A1,0
2026-09-07T14:32:26Z,2026-09-07T17:37:05.266514+03:00,_1,e6e2f8137e9b,Kato Polemidia,Lemesos,4
2026-09-07T14:32:26Z,2026-09-07T17:37:05.266514+03:00,_2,e7aa3fa7d4d2,Lemesos,Germasogeia,0
2026-09-07T14:32:26Z,2026-09-07T17:37:05.266514+03:00,_0,8d77f87328bf,Leoforos Strovolou,E902 - Proedrikou Megarou Ave,0
2026-09-07T14:32:26Z,2026-09-07T17:37:05.266514+03:00,_1,1e7665234fdc,Strovolou Ave,E902 - Proedrikou Megarou Ave,3
2026-09-07T14:32:26Z,2026-09-07T17:37:05.266514+03:00,_2,c6ac6530f2b9,Strovolou Ave,E902 - Proedrikou Megarou Ave,0
2026-09-07T14:32:26Z,2026-09-07T17:37:05.266514+03:00,_0,98b5261b31f5,E110,E147 - Archiepiskopou Makariou III Ave,0
2026-09-07T14:32:26Z,2026-09-07T17:37:05.266514+03:00,_1,676c339d8b55,Agias Filaxeos,E147 - Archiepiskopou Makariou III Ave,2
2026-09-07T14:32:26Z,2026-09-07T17:37:05.266514+03:00,_0,68ba8c9365ac,Exit 24 >E127 Germasogeia / E113 Lemesos-Centre,Germasogeia,0
2026-09-07T14:32:26Z,2026-09-07T17:37:05.266514+03:00,_1,54d6f53ce72c,Exit 24 >E127 Germasogeia / E113 Lemesos-Centre,Agios Athanasios,3
2026-09-07T14:32:26Z,2026-09-07T17:37:05.266514+03:00,_2,5f071a5847f6,Mesa Geitonia,Lemesos,0
2026-09-07T14:32:26Z,2026-09-07T17:37:05.266514+03:00,_3,e1dac3423766,Lemesos,Lemesos,2
2026-09-07T14:32:26Z,2026-09-07T17:37:05.266514+03:00,_4,ef93f4872b51,Lemesos,"to A6 > Pafos, Pafos Airport",0
2026-09-07T14:32:26Z,2026-09-07T17:37:05.266514+03:00,_0,e51d07f99c0a,,A1,0
2026-09-07T14:32:26Z,2026-09-07T17:37:05.266514+03:00,_1,e6e2f8137e9b,Kato Polemidia,Lemesos,4
2026-09-07T14:32:26Z,2026-09-07T17:37:05.266514+03:00,_2,7adfefecaf30,Lemesos,Lemesou Ave,0
2026-09-07T14:32:26Z,2026-09-07T17:37:05.266514+03:00,_3,1c3025f6d361,Strovolos,Lemesou Ave,3
2026-09-07T14:32:26Z,2026-09-07T17:37:05.266514+03:00,_4,3909c4aec98f,Aglantzia,Lemesou Ave,0
2026-09-07T14:32:26Z,2026-09-07T17:37:05.266514+03:00,_5,fedb3d094e5d,A1,Lemesou Ave,1
2026-09-07T14:32:26Z,2026-09-07T17:37:05.266514+03:00,_6,d2028a2a4d9d,Lemesou Ave,E164 - Armenias,0
2026-09-07T14:32:26Z,2026-09-07T17:37:05.266514+03:00,_7,43f05193c4b0,Lemesou Ave,Archiepiskopou Makariou III Ave,3
2026-09-07T14:32:26Z,2026-09-07T17:37:05.266514+03:00,_8,a0e4b80d6127,Lemesou Ave,B18 - Digeni Akrita Ave,0
2026-09-07T14:32:26Z,2026-09-07T17:37:05.266514+03:00,_9,241b0c1c9aaf,Karpenisiou,B18 - Georgiou Griva Digeni Ave,3
2026-09-07T14:32:26Z,2026-09-07T17:37:05.266514+03:00,_10,e1beab30434a,Archiepiskopou Makariou III Ave,Evagorou Ave,0
2026-09-07T14:42:31Z,2026-09-07T17:47:20.639971+03:00,_0,56e499724d69,Georgiou Neofytou,Spyrou Kyprianou Ave,0
2026-09-07T14:42:31Z,2026-09-07T17:47:20.639971+03:00,_1,e5492e8c1850,Georgiou Neofytou,Spyrou Kyprianou Ave,4
2026-09-07T14:42:31Z,2026-09-07T17:47:20.639971+03:00,_2,0efa495a7a2f,Spyrou Kyprianou Ave,Angelou Vlachou,0
2026-09-07T14:42:31Z,2026-09-07T17:47:20.639971+03:00,_0,137f66eaa4ab,E147 - Archiepiskopou Makariou III Ave,Agias Filaxeos,4
2026-09-07T14:42:31Z,2026-09-07T17:47:20.639971+03:00,_1,5bc2ffbd512a,Agiou Artemiou,Agias Filaxeos,0
2026-09-07T14:42:31Z,2026-09-07T17:47:20.639971+03:00,_2,57ae009fa94e,Agias Filaxeos,Agias Filaxeos,3
2026-09-07T14:42:31Z,2026-09-07T17:47:20.639971+03:00,_3,ec5eee792e7a,Agias Filaxeos,Steliou Kyriakidi,0
2026-09-07T14:42:31Z,2026-09-07T17:47:20.639971+03:00,_4,fbdd0e351f56,Ivykou,,4
2026-09-07T14:42:31Z,2026-09-07T17:47:20.639971+03:00,_5,f5f94ff22484,Agias Filaxeos,E110,0
2026-09-07T14:42:31Z,2026-09-07T17:47:20.639971+03:00,_0,fe72ea2b224f,Exit 4 >E148 Latsia / GSP Stadium,Lemesou Ave,0
2026-09-07T14:42:31Z,2026-09-07T17:47:20.639971+03:00,_1,1c3025f6d361,Strovolos,Lemesou Ave,3
2026-09-07T14:42:31Z,2026-09-07T17:47:20.639971+03:00,_2,7c50b274239b,Aglantzia,E164 - Armenias,0
2026-09-07T14:42:31Z,2026-09-07T17:47:20.639971+03:00,_3,c57daf65c80e,Lemesou Ave,Archiepiskopou Makariou III Ave,3
2026-09-07T14:42:31Z,2026-09-07T17:47:20.639971+03:00,_0,0ad2cc0d654b,Episkopi,A1,0
2026-09-07T14:42:31Z,2026-09-07T17:47:20.639971+03:00,_1,e6e2f8137e9b,Kato Polemidia,Lemesos,4
2026-09-07T14:42:31Z,2026-09-07T17:47:20.639971+03:00,_2,e7aa3fa7d4d2,Lemesos,Germasogeia,0
2026-09-07T14:42:31Z,2026-09-07T17:47:20.639971+03:00,_0,aaf73b6e9007,Leoforos Strovolou,E902 - Proedrikou Megarou Ave,0
2026-09-07T14:42:31Z,2026-09-07T17:47:20.639971+03:00,_1,73e3e7cf90a1,Omirou,E902 - Proedrikou Megarou Ave,3
2026-09-07T14:42:31Z,2026-09-07T17:47:20.639971+03:00,_2,c6ac6530f2b9,Strovolou Ave,E902 - Proedrikou Megarou Ave,0
2026-09-07T14:42:31Z,2026-09-07T17:47:20.639971+03:00,_0,320e7f883c81,E110,E147 - Archiepiskopou Makariou III Ave,0
2026-09-07T14:42:31Z,2026-09-07T17:47:20.639971+03:00,_1,88697bca4b53,Agias Filaxeos,E147 - Archiepiskopou Makariou III Ave,3
2026-09-07T14:42:31Z,2026-09-07T17:47:20.639971+03:00,_0,68ba8c9365ac,Exit 24 >E127 Germasogeia / E113 Lemesos-Centre,Germasogeia,0
2026-09-07T14:42:31Z,2026-09-07T17:47:20.639971+03:00,_1,54d6f53ce72c,Exit 24 >E127 Germasogeia / E113 Lemesos-Centre,Agios Athanasios,3
2026-09-07T14:42:31Z,2026-09-07T17:47:20.639971+03:00,_2,5f071a5847f6,Mesa Geitonia,Lemesos,0
2026-09-07T14:42:31Z,2026-09-07T17:47:20.639971+03:00,_3,e1dac3423766,Lemesos,Lemesos,1
2026-09-07T14:42:31Z,2026-09-07T17:47:20.639971+03:00,_4,ef93f4872b51,Lemesos,"to A6 > Pafos, Pafos Airport",0
2026-09-07T14:42:31Z,2026-09-07T17:47:20.639971+03:00,_0,e51d07f99c0a,,A1,0
2026-09-07T14:42:31Z,2026-09-07T17:47:20.639971+03:00,_1,e6e2f8137e9b,Kato Polemidia,Lemesos,4
2026-09-07T14:42:31Z,2026-09-07T17:47:20.639971+03:00,_2,7adfefecaf30,Lemesos,Lemesou Ave,0
2026-09-07T14:42:31Z,2026-09-07T17:47:20.639971+03:00,_3,1c3025f6d361,Strovolos,Lemesou Ave,3
2026-09-07T14:42:31Z,2026-09-07T17:47:20.639971+03:00,_4,7c50b274239b,Aglantzia,E164 - Armenias,0
2026-09-07T14:42:31Z,2026-09-07T17:47:20.639971+03:00,_5,43f05193c4b0,Lemesou Ave,Archiepiskopou Makariou III Ave,3
2026-09-07T14:42:31Z,2026-09-07T17:47:20.639971+03:00,_6,706a59856a4f,Lemesou Ave,E1302 - Nikis Ave,0
2026-09-07T14:42:31Z,2026-09-07T17:47:20.639971+03:00,_7,8d8a4326f75d,E1302 - Nikis Ave,E1302 - Nikis Ave,4
2026-09-07T14:42:31Z,2026-09-07T17:47:20.639971+03:00,_8,53725b50c7e6,B18 - Georgiou Griva Digeni Ave,Evagorou Ave,0
2026-09-07T14:52:59Z,2026-09-07T17:57:34.141396+03:00,_0,db379abb1dc7,Georgiou Neofytou,Grigori Afxentiou,0
2026-09-07T14:52:59Z,2026-09-07T17:57:34.141396+03:00,_1,7f8fd09564a5,Spyrou Kyprianou Ave,Spyrou Kyprianou Ave,4
2026-09-07T14:52:59Z,2026-09-07T17:57:34.141396+03:00,_2,0efa495a7a2f,Spyrou Kyprianou Ave,Angelou Vlachou,0
2026-09-07T14:52:59Z,2026-09-07T17:57:34.141396+03:00,_0,f86f6e475723,E147 - Archiepiskopou Makariou III Ave,Vasileos Georgiou II,3
2026-09-07T14:52:59Z,2026-09-07T17:57:34.141396+03:00,_1,ec5eee792e7a,Agias Filaxeos,Steliou Kyriakidi,0
2026-09-07T14:52:59Z,2026-09-07T17:57:34.141396+03:00,_2,fbdd0e351f56,Ivykou,,4
2026-09-07T14:52:59Z,2026-09-07T17:57:34.141396+03:00,_3,f5f94ff22484,Agias Filaxeos,E110,0
2026-09-07T14:52:59Z,2026-09-07T17:57:34.141396+03:00,_0,fe72ea2b224f,Exit 4 >E148 Latsia / GSP Stadium,Lemesou Ave,0
2026-09-07T14:52:59Z,2026-09-07T17:57:34.141396+03:00,_1,1c3025f6d361,Strovolos,Lemesou Ave,3
2026-09-07T14:52:59Z,2026-09-07T17:57:34.141396+03:00,_2,7c50b274239b,Aglantzia,E164 - Armenias,0
2026-09-07T14:52:59Z,2026-09-07T17:57:34.141396+03:00,_3,c57daf65c80e,Chrysanthou Mylona,Archiepiskopou Makariou III Ave,3
2026-09-07T14:52:59Z,2026-09-07T17:57:34.141396+03:00,_0,8c897419fd45,Episkopi,A1,0
2026-09-07T14:52:59Z,2026-09-07T17:57:34.141396+03:00,_1,14ebf2a237a8,Kato Polemidia,Lemesos,4
2026-09-07T14:52:59Z,2026-09-07T17:57:34.141396+03:00,_2,e7aa3fa7d4d2,Lemesos,Germasogeia,0
2026-09-07T14:52:59Z,2026-09-07T17:57:34.141396+03:00,_0,92a354a8d94a,Leoforos Strovolou,E950 - Giannou Kranidioti,0
2026-09-07T14:52:59Z,2026-09-07T17:57:34.141396+03:00,_1,bc3172fccafa,E950 - Giannou Kranidioti,,4
2026-09-07T14:52:59Z,2026-09-07T17:57:34.141396+03:00,_2,7395962828a3,E148 - Melinas Merkouri,E902 - Proedrikou Megarou Ave,0
2026-09-07T14:52:59Z,2026-09-07T17:57:34.141396+03:00,_3,9806b23dbdae,Omirou,E902 - Proedrikou Megarou Ave,3
2026-09-07T14:52:59Z,2026-09-07T17:57:34.141396+03:00,_4,96c3ee6a9698,Strovolou Ave,E902 - Proedrikou Megarou Ave,0
2026-09-07T14:52:59Z,2026-09-07T17:57:34.141396+03:00,_0,f2dad27e0b2c,E110,E110 - 1 Apriliou,0
2026-09-07T14:52:59Z,2026-09-07T17:57:34.141396+03:00,_1,0bc8a04884b8,E110 - 1 Apriliou,E110 - 1 Apriliou,3
2026-09-07T14:52:59Z,2026-09-07T17:57:34.141396+03:00,_2,af5db59a7a9b,E110 - Eleftherias,E147 - Archiepiskopou Makariou III Ave,0
2026-09-07T14:52:59Z,2026-09-07T17:57:34.141396+03:00,_3,22c1b863fda9,Agias Filaxeos,Aiglis,3
2026-09-07T14:52:59Z,2026-09-07T17:57:34.141396+03:00,_0,68ba8c9365ac,Exit 24 >E127 Germasogeia / E113 Lemesos-Centre,Germasogeia,0
2026-09-07T14:52:59Z,2026-09-07T17:57:34.141396+03:00,_1,54d6f53ce72c,Exit 24 >E127 Germasogeia / E113 Lemesos-Centre,Agios Athanasios,3
2026-09-07T14:52:59Z,2026-09-07T17:57:34.141396+03:00,_2,e532d87a661f,Mesa Geitonia,"to A6 > Pafos, Pafos Airport",0
2026-09-07T14:52:59Z,2026-09-07T17:57:34.141396+03:00,_0,c9115613470a,,A1,0
2026-09-07T14:52:59Z,2026-09-07T17:57:34.141396+03:00,_1,14ebf2a237a8,Kato Polemidia,Lemesos,4
2026-09-07T14:52:59Z,2026-09-07T17:57:34.141396+03:00,_2,7adfefecaf30,Lemesos,Lemesou Ave,0
2026-09-07T14:52:59Z,2026-09-07T17:57:34.141396+03:00,_3,1c3025f6d361,Strovolos,Lemesou Ave,3
2026-09-07T14:52:59Z,2026-09-07T17:57:34.141396+03:00,_4,7c50b274239b,Aglantzia,E164 - Armenias,0
2026-09-07T14:52:59Z,2026-09-07T17:57:34.141396+03:00,_5,43f05193c4b0,Chrysanthou Mylona,Archiepiskopou Makariou III Ave,3
2026-09-07T14:52:59Z,2026-09-07T17:57:34.141396+03:00,_6,706a59856a4f,Lemesou Ave,E1302 - Nikis Ave,0
2026-09-07T14:52:59Z,2026-09-07T17:57:34.141396+03:00,_7,8d8a4326f75d,E1302 - Nikis Ave,E1302 - Nikis Ave,4
2026-09-07T14:52:59Z,2026-09-07T17:57:34.141396+03:00,_8,53725b50c7e6,B18 - Georgiou Griva Digeni Ave,Evagorou Ave,0
2026-09-07T19:06:53Z,2026-09-07T22:11:03.257990+03:00,_0,07b7eb11e965,E147 - Archiepiskopou Makariou III Ave,E110 - 1 Apriliou,0
2026-09-07T19:06:53Z,2026-09-07T22:11:03.257990+03:00,_1,9f4f77006632,E110 - 1 Apriliou,E110 - Eleftherias,3
2026-09-07T19:06:53Z,2026-09-07T22:11:03.257990+03:00,_2,c97b954fcb12,E110 - 1 Apriliou,E110,0
2026-09-07T19:06:53Z,2026-09-07T22:11:03.257990+03:00,_0,f2dad27e0b2c,E110,E110 - 1 Apriliou,0
2026-09-07T19:06:53Z,2026-09-07T22:11:03.257990+03:00,_1,0bc8a04884b8,E110 - 1 Apriliou,E110 - 1 Apriliou,3
2026-09-07T19:06:53Z,2026-09-07T22:11:03.257990+03:00,_2,c9decce66ab6,E110 - Eleftherias,E147 - Archiepiskopou Makariou III Ave,0
2026-09-07T19:27:03Z,2026-09-07T22:31:27.431150+03:00,_0,f2dad27e0b2c,E110,E110 - 1 Apriliou,0
2026-09-07T19:27:03Z,2026-09-07T22:31:27.431150+03:00,_1,0bc8a04884b8,E110 - 1 Apriliou,E110 - 1 Apriliou,3
2026-09-07T19:27:03Z,2026-09-07T22:31:27.431150+03:00,_2,8b86bdddc300,E110 - Eleftherias,E147 - Archiepiskopou Makariou III Ave,0
2026-09-07T19:47:14Z,2026-09-07T22:51:49.874019+03:00,_0,07b7eb11e965,E147 - Archiepiskopou Makariou III Ave,E110 - 1 Apriliou,0
2026-09-07T19:47:14Z,2026-09-07T22:51:49.874019+03:00,_1,b8c777372286,E110 - 1 Apriliou,E110 - 1 Apriliou,3
2026-09-07T19:47:14Z,2026-09-07T22:51:49.874019+03:00,_2,15f60bb25351,E110 - 1 Apriliou,E110,0
2026-09-07T19:57:19Z,2026-09-07T23:02:03.679429+03:00,_0,07b7eb11e965,E147 - Archiepiskopou Makariou III Ave,E110 - 1 Apriliou,0
2026-09-07T19:57:19Z,2026-09-07T23:02:03.679429+03:00,_1,b8c777372286,E110 - 1 Apriliou,E110 - 1 Apriliou,4
2026-09-07T19:57:19Z,2026-09-07T23:02:03.679429+03:00,_2,15f60bb25351,E110 - 1 Apriliou,E110,0
2026-09-08T04:25:17Z,2026-09-08T07:29:55.314429+03:00,_0,5465bb1b887b,Strovolos,Lemesou Ave,4
2026-09-08T04:25:17Z,2026-09-08T07:29:55.314429+03:00,_1,2daef5aeccc3,Aglantzia,Lemesou Ave,0
2026-09-08T04:25:17Z,2026-09-08T07:29:55.314429+03:00,_2,ce775bebe806,Lemesou Ave,Archiepiskopou Makariou III Ave,3
2026-09-08T04:25:17Z,2026-09-08T07:29:55.314429+03:00,_0,a6ffa0c14263,Leoforos Strovolou,E950 - Panteli Katellari,0
2026-09-08T04:25:17Z,2026-09-08T07:29:55.314429+03:00,_1,da0f3c9ed04e,E950 - Orfeos,E950 - Panteli Katellari,2
2026-09-08T04:25:17Z,2026-09-08T07:29:55.314429+03:00,_2,39190f423d09,E950 - Orfeos,Arch. Makariou III,0
2026-09-08T04:25:17Z,2026-09-08T07:29:55.314429+03:00,_3,f2487a7199bb,E902 - Archiepiskopou Makariou III,Strovolou Ave,4
2026-09-08T04:25:17Z,2026-09-08T07:29:55.314429+03:00,_4,e5228899d997,to E902 Strovolou Ave / Lefkosia,Strovolou Ave,0
2026-09-08T04:25:17Z,2026-09-08T07:29:55.314429+03:00,_5,81fbbc01472d,to E902 Strovolou Ave / Lefkosia,E902 - Proedrikou Megarou Ave,4
2026-09-08T04:25:17Z,2026-09-08T07:29:55.314429+03:00,_6,c6ac6530f2b9,Strovolou Ave,E902 - Proedrikou Megarou Ave,0
2026-09-08T04:25:17Z,2026-09-08T07:29:55.314429+03:00,_0,f2dad27e0b2c,E110,E110 - 1 Apriliou,0
2026-09-08T04:25:17Z,2026-09-08T07:29:55.314429+03:00,_1,0bc8a04884b8,E110 - 1 Apriliou,E110 - 1 Apriliou,2
2026-09-08T04:25:17Z,2026-09-08T07:29:55.314429+03:00,_2,5db56daafe99,E110 - 1 Apriliou,E110 - 1 Apriliou,0
2026-09-08T04:25:17Z,2026-09-08T07:29:55.314429+03:00,_3,9c4725fc3c63,E110 - 1 Apriliou,E110 - Agias Fylaxeos,4
2026-09-08T04:25:17Z,2026-09-08T07:29:55.314429+03:00,_4,e50ca2ecb1e0,E110 - 1 Apriliou,,3
2026-09-08T04:25:17Z,2026-09-08T07:29:55.314429+03:00,_5,bbe9f6312861,E110 - Agias Fylaxeos,Agias Filaxeos,0
2026-09-08T04:25:17Z,2026-09-08T07:29:55.314429+03:00,_6,c7626fee6f30,Agias Filaxeos,Agias Filaxeos,3
2026-09-08T04:25:17Z,2026-09-08T07:29:55.314429+03:00,_7,63550abc2b0b,Agias Filaxeos,Agiou Artemiou,0
2026-09-08T04:25:17Z,2026-09-08T07:29:55.314429+03:00,_8,88697bca4b53,Agias Filaxeos,E147 - Archiepiskopou Makariou III Ave,3
2026-09-08T04:25:17Z,2026-09-08T07:29:55.314429+03:00,_0,b76325a3f599,Episkopi,Kolossi,0
2026-09-08T04:25:17Z,2026-09-08T07:29:55.314429+03:00,_1,4df261beeb51,Ypsonas,A1,3
2026-09-08T04:25:17Z,2026-09-08T07:29:55.314429+03:00,_2,51a87f29a8d7,A6,Lemesos,2
2026-09-08T04:25:17Z,2026-09-08T07:29:55.314429+03:00,_3,4cc85bcdea4b,Lemesos,Germasogeia,0
2026-09-08T04:25:17Z,2026-09-08T07:29:55.314429+03:00,_0,07b7eb11e965,E147 - Archiepiskopou Makariou III Ave,E110 - 1 Apriliou,0
2026-09-08T04:25:17Z,2026-09-08T07:29:55.314429+03:00,_1,de7c5d112dc2,E110 - 1 Apriliou,E110 - Eleftherias,2
2026-09-08T04:25:17Z,2026-09-08T07:29:55.314429+03:00,_2,5f1fec2aa9f9,E110 - 1 Apriliou,E110,0
2026-09-08T04:25:17Z,2026-09-08T07:29:55.314429+03:00,_0,8a6c0d25f14e,,Kolossi,0
2026-09-08T04:25:17Z,2026-09-08T07:29:55.314429+03:00,_1,4df261beeb51,Ypsonas,A1,3
2026-09-08T04:25:17Z,2026-09-08T07:29:55.314429+03:00,_2,51a87f29a8d7,A6,Lemesos,2
2026-09-08T04:25:17Z,2026-09-08T07:29:55.314429+03:00,_3,0d3b47ff8a0a,Lemesos,Latsia,0
2026-09-08T04:25:17Z,2026-09-08T07:29:55.314429+03:00,_4,5465bb1b887b,Latsia,Lemesou Ave,4
2026-09-08T04:25:17Z,2026-09-08T07:29:55.314429+03:00,_5,2daef5aeccc3,Aglantzia,Lemesou Ave,0
2026-09-08T04:25:17Z,2026-09-08T07:29:55.314429+03:00,_6,1c8a2af02150,Lemesou Ave,Archiepiskopou Makariou III Ave,3
2026-09-08T04:25:17Z,2026-09-08T07:29:55.314429+03:00,_7,585aa61a46fa,Lemesou Ave,B18 - Digeni Akrita Ave,0
2026-09-08T04:25:17Z,2026-09-08T07:29:55.314429+03:00,_8,055237d5336a,Archiepiskopou Makariou III Ave,B18 - Georgiou Griva Digeni Ave,3
2026-09-08T04:25:17Z,2026-09-08T07:29:55.314429+03:00,_9,e1beab30434a,Archiepiskopou Makariou III Ave,Evagorou Ave,0
2026-09-08T04:35:49Z,2026-09-08T07:40:09.630779+03:00,_0,5465bb1b887b,Strovolos,Lemesou Ave,4
2026-09-08T04:35:49Z,2026-09-08T07:40:09.630779+03:00,_1,6aa61fa1d622,Aglantzia,Lemesou Ave,0
2026-09-08T04:35:49Z,2026-09-08T07:40:09.630779+03:00,_2,05299fe0a3f3,Lemesou Ave,Archiepiskopou Makariou III Ave,3
2026-09-08T04:35:49Z,2026-09-08T07:40:09.630779+03:00,_0,25cb63a39e8b,Leoforos Strovolou,E950 - Giannou Kranidioti,0
2026-09-08T04:35:49Z,2026-09-08T07:40:09.630779+03:00,_1,b0a28758e5a3,E950 - Giannou Kranidioti,,4
2026-09-08T04:35:49Z,2026-09-08T07:40:09.630779+03:00,_2,e2926c957b6c,E148 - Melinas Merkouri,E950 - Orfeos,0
2026-09-08T04:35:49Z,2026-09-08T07:40:09.630779+03:00,_3,da0f3c9ed04e,E950 - Orfeos,E950 - Panteli Katellari,2
2026-09-08T04:35:49Z,2026-09-08T07:40:09.630779+03:00,_4,39190f423d09,E950 - Orfeos,Arch. Makariou III,0
2026-09-08T04:35:49Z,2026-09-08T07:40:09.630779+03:00,_5,f2487a7199bb,E902 - Archiepiskopou Makariou III,Strovolou Ave,3
2026-09-08T04:35:49Z,2026-09-08T07:40:09.630779+03:00,_6,91fd952888ca,Strovolou Ave,Strovolou Ave,0
2026-09-08T04:35:49Z,2026-09-08T07:40:09.630779+03:00,_7,79031b7514a6,Arch. Makariou III,E902 - Proedrikou Megarou Ave,4
2026-09-08T04:35:49Z,2026-09-08T07:40:09.630779+03:00,_8,c6ac6530f2b9,Strovolou Ave,E902 - Proedrikou Megarou Ave,3
2026-09-08T04:35:49Z,2026-09-08T07:40:09.630779+03:00,_0,b5a935136798,E110,E110 - 1 Apriliou,0
2026-09-08T04:35:49Z,2026-09-08T07:40:09.630779+03:00,_1,1d675a07ed2a,E110 - 1 Apriliou,,4
2026-09-08T04:35:49Z,2026-09-08T07:40:09.630779+03:00,_2,bbe9f6312861,E110 - Agias Fylaxeos,Agias Filaxeos,0
2026-09-08T04:35:49Z,2026-09-08T07:40:09.630779+03:00,_3,c7626fee6f30,Agias Filaxeos,Agias Filaxeos,3
2026-09-08T04:35:49Z,2026-09-08T07:40:09.630779+03:00,_4,8effdcb26c23,Agias Filaxeos,Agiou Artemiou,0
2026-09-08T04:35:49Z,2026-09-08T07:40:09.630779+03:00,_5,0047479cf4c6,Agias Filaxeos,E147 - Archiepiskopou Makariou III Ave,4
2026-09-08T04:35:49Z,2026-09-08T07:40:09.630779+03:00,_0,63b203163634,Episkopi,Kolossi,0
2026-09-08T04:35:49Z,2026-09-08T07:40:09.630779+03:00,_1,7bc63612acfb,Kolossi,A1,3
2026-09-08T04:35:49Z,2026-09-08T07:40:09.630779+03:00,_2,ae3a9bb54763,A6,Lemesos,2
2026-09-08T04:35:49Z,2026-09-08T07:40:09.630779+03:00,_3,d73a04fc5195,Mesa Geitonia,Germasogeia,0
2026-09-08T04:35:49Z,2026-09-08T07:40:09.630779+03:00,_0,044a01c053a4,E147 - Archiepiskopou Makariou III Ave,Agias Filaxeos,3
2026-09-08T04:35:49Z,2026-09-08T07:40:09.630779+03:00,_1,a944933599b1,E147 - Archiepiskopou Makariou III Ave,E110 - 1 Apriliou,0
2026-09-08T04:35:49Z,2026-09-08T07:40:09.630779+03:00,_2,da07aeb453d2,E110 - 1 Apriliou,E110 - Eleftherias,2
2026-09-08T04:35:49Z,2026-09-08T07:40:09.630779+03:00,_3,c97b954fcb12,E110 - 1 Apriliou,E110,0
2026-09-08T04:35:49Z,2026-09-08T07:40:09.630779+03:00,_0,72bcef6f568e,,Kolossi,0
2026-09-08T04:35:49Z,2026-09-08T07:40:09.630779+03:00,_1,7bc63612acfb,Kolossi,A1,3
2026-09-08T04:35:49Z,2026-09-08T07:40:09.630779+03:00,_2,ae3a9bb54763,A6,Lemesos,2
2026-09-08T04:35:49Z,2026-09-08T07:40:09.630779+03:00,_3,a26f2977dc2f,Mesa Geitonia,Latsia,0
2026-09-08T04:35:49Z,2026-09-08T07:40:09.630779+03:00,_4,5465bb1b887b,Latsia,Lemesou Ave,4
2026-09-08T04:35:49Z,2026-09-08T07:40:09.630779+03:00,_5,6aa61fa1d622,Aglantzia,Lemesou Ave,0
2026-09-08T04:35:49Z,2026-09-08T07:40:09.630779+03:00,_6,69161427715a,A1,Archiepiskopou Makariou III Ave,3
2026-09-08T04:35:49Z,2026-09-08T07:40:09.630779+03:00,_7,585aa61a46fa,Lemesou Ave,B18 - Digeni Akrita Ave,0
2026-09-08T04:35:49Z,2026-09-08T07:40:09.630779+03:00,_8,055237d5336a,Archiepiskopou Makariou III Ave,B18 - Georgiou Griva Digeni Ave,3
2026-09-08T04:35:49Z,2026-09-08T07:40:09.630779+03:00,_9,e1beab30434a,Archiepiskopou Makariou III Ave,Evagorou Ave,0
2026-09-08T04:35:49Z,2026-09-08T07:40:09.630779+03:00,_0,06afc6492b14,Exit 24 >E127 Germasogeia / E113 Lemesos-Centre,Germasogeia,2
2026-09-08T04:35:49Z,2026-09-08T07:40:09.630779+03:00,_1,3e1d75b9e16e,Agios Athanasios,"to A6 > Pafos, Pafos Airport",0
2026-09-08T04:45:57Z,2026-09-08T07:50:24.777548+03:00,_0,5465bb1b887b,Strovolos,Lemesou Ave,4
2026-09-08T04:45:57Z,2026-09-08T07:50:24.777548+03:00,_1,e0e20f68c5b9,Aglantzia,Lemesou Ave,0
2026-09-08T04:45:57Z,2026-09-08T07:50:24.777548+03:00,_2,aa153912c8d2,A1,Archiepiskopou Makariou III Ave,3
2026-09-08T04:45:57Z,2026-09-08T07:50:24.777548+03:00,_0,25cb63a39e8b,Leoforos Strovolou,E950 - Giannou Kranidioti,0
2026-09-08T04:45:57Z,2026-09-08T07:50:24.777548+03:00,_1,b0a28758e5a3,E950 - Giannou Kranidioti,,3
2026-09-08T04:45:57Z,2026-09-08T07:50:24.777548+03:00,_2,69a80f64d7a2,E148 - Melinas Merkouri,Arch. Makariou III,0
2026-09-08T04:45:57Z,2026-09-08T07:50:24.777548+03:00,_3,9811f6053db8,E902 - Archiepiskopou Makariou III,Strovolou Ave,2
2026-09-08T04:45:57Z,2026-09-08T07:50:24.777548+03:00,_4,1c1544913564,Arch. Makariou III,Strovolou Ave,4
2026-09-08T04:45:57Z,2026-09-08T07:50:24.777548+03:00,_5,e0baa7fff3a7,Strovolou Ave,Strovolou Ave,0
2026-09-08T04:45:57Z,2026-09-08T07:50:24.777548+03:00,_6,867d7d746488,Arch. Makariou III,E902 - Proedrikou Megarou Ave,4
2026-09-08T04:45:57Z,2026-09-08T07:50:24.777548+03:00,_7,2e2860fdee90,Strovolou Ave,E902 - Proedrikou Megarou Ave,0
2026-09-08T04:45:57Z,2026-09-08T07:50:24.777548+03:00,_8,c6ac6530f2b9,Strovolou Ave,E902 - Proedrikou Megarou Ave,3
2026-09-08T04:45:57Z,2026-09-08T07:50:24.777548+03:00,_0,ed0f8536366e,E110,E110 - 1 Apriliou,0
2026-09-08T04:45:57Z,2026-09-08T07:50:24.777548+03:00,_1,32c2745803b6,E110 - Eleftherias,E110 - 1 Apriliou,2
2026-09-08T04:45:57Z,2026-09-08T07:50:24.777548+03:00,_2,5db56daafe99,E110 - 1 Apriliou,E110 - 1 Apriliou,0
2026-09-08T04:45:57Z,2026-09-08T07:50:24.777548+03:00,_3,1d675a07ed2a,E110 - 1 Apriliou,,4
2026-09-08T04:45:57Z,2026-09-08T07:50:24.777548+03:00,_4,bbe9f6312861,E110 - Agias Fylaxeos,Agias Filaxeos,0
2026-09-08T04:45:57Z,2026-09-08T07:50:24.777548+03:00,_5,c7626fee6f30,Agias Filaxeos,Agias Filaxeos,3
2026-09-08T04:45:57Z,2026-09-08T07:50:24.777548+03:00,_6,8effdcb26c23,Agias Filaxeos,Agiou Artemiou,0
2026-09-08T04:45:57Z,2026-09-08T07:50:24.777548+03:00,_7,0047479cf4c6,Agias Filaxeos,E147 - Archiepiskopou Makariou III Ave,4
2026-09-08T04:45:57Z,2026-09-08T07:50:24.777548+03:00,_0,93ebb3fbad08,Episkopi,Ypsonas,0
2026-09-08T04:45:57Z,2026-09-08T07:50:24.777548+03:00,_1,efa8d7b03d38,Ypsonas,A1,3
2026-09-08T04:45:57Z,2026-09-08T07:50:24.777548+03:00,_2,ae3a9bb54763,A6,Lemesos,2
2026-09-08T04:45:57Z,2026-09-08T07:50:24.777548+03:00,_3,d73a04fc5195,Mesa Geitonia,Germasogeia,0
2026-09-08T04:45:57Z,2026-09-08T07:50:24.777548+03:00,_0,044a01c053a4,E147 - Archiepiskopou Makariou III Ave,Agias Filaxeos,2
2026-09-08T04:45:57Z,2026-09-08T07:50:24.777548+03:00,_1,16032a2b8c83,E147 - Archiepiskopou Makariou III Ave,E110 - 1 Apriliou,0
2026-09-08T04:45:57Z,2026-09-08T07:50:24.777548+03:00,_2,e9536df79869,E110 - Agias Fylaxeos,E110 - 1 Apriliou,1
2026-09-08T04:45:57Z,2026-09-08T07:50:24.777548+03:00,_3,b319fbc589e5,E110 - 1 Apriliou,E110 - 1 Apriliou,0
2026-09-08T04:45:57Z,2026-09-08T07:50:24.777548+03:00,_4,9f4f77006632,E110 - 1 Apriliou,E110 - Eleftherias,2
2026-09-08T04:45:57Z,2026-09-08T07:50:24.777548+03:00,_5,c97b954fcb12,E110 - 1 Apriliou,E110,0
2026-09-08T04:45:57Z,2026-09-08T07:50:24.777548+03:00,_0,06afc6492b14,Exit 24 >E127 Germasogeia / E113 Lemesos-Centre,Germasogeia,2
2026-09-08T04:45:57Z,2026-09-08T07:50:24.777548+03:00,_1,307257218b8f,Agios Athanasios,Lemesos,0
2026-09-08T04:45:57Z,2026-09-08T07:50:24.777548+03:00,_2,e1dac3423766,Lemesos,Lemesos,1
2026-09-08T04:45:57Z,2026-09-08T07:50:24.777548+03:00,_3,ef93f4872b51,Lemesos,"to A6 > Pafos, Pafos Airport",0
2026-09-08T04:45:57Z,2026-09-08T07:50:24.777548+03:00,_0,c75f4551c6ff,,Ypsonas,0
2026-09-08T04:45:57Z,2026-09-08T07:50:24.777548+03:00,_1,efa8d7b03d38,Ypsonas,A1,3
2026-09-08T04:45:57Z,2026-09-08T07:50:24.777548+03:00,_2,ae3a9bb54763,A6,Lemesos,2
2026-09-08T04:45:57Z,2026-09-08T07:50:24.777548+03:00,_3,a26f2977dc2f,Mesa Geitonia,Latsia,0
2026-09-08T04:45:57Z,2026-09-08T07:50:24.777548+03:00,_4,5465bb1b887b,Latsia,Lemesou Ave,4
2026-09-08T04:45:57Z,2026-09-08T07:50:24.777548+03:00,_5,e0e20f68c5b9,Aglantzia,Lemesou Ave,0
2026-09-08T04:45:57Z,2026-09-08T07:50:24.777548+03:00,_6,0b2dd42a8bf5,A1,Archiepiskopou Makariou III Ave,3
2026-09-08T04:45:57Z,2026-09-08T07:50:24.777548+03:00,_7,b7e53b03dff3,Lemesou Ave,Archiepiskopou Makariou III Ave,0
2026-09-08T04:45:57Z,2026-09-08T07:50:24.777548+03:00,_8,8056ae80b71f,Archiepiskopou Makariou III Ave,B18 - Georgiou Griva Digeni Ave,3
2026-09-08T04:45:57Z,2026-09-08T07:50:24.777548+03:00,_9,e1beab30434a,Archiepiskopou Makariou III Ave,Evagorou Ave,0
2026-09-08T04:56:32Z,2026-09-08T08:00:39.078283+03:00,_0,a73ceba901e1,Strovolos,Strovolos,0
2026-09-08T04:56:32Z,2026-09-08T08:00:39.078283+03:00,_1,0b0229e2fb21,Strovolos,Lemesou Ave,4
2026-09-08T04:56:32Z,2026-09-08T08:00:39.078283+03:00,_2,6aa61fa1d622,Aglantzia,Lemesou Ave,0
2026-09-08T04:56:32Z,2026-09-08T08:00:39.078283+03:00,_3,f65a0e5c7b05,Lemesou Ave,Archiepiskopou Makariou III Ave,3
2026-09-08T04:56:32Z,2026-09-08T08:00:39.078283+03:00,_4,d75540164264,Lemesou Ave,,0
2026-09-08T04:56:32Z,2026-09-08T08:00:39.078283+03:00,_5,91353c408128,,Lemesou Ave,4
2026-09-08T04:56:32Z,2026-09-08T08:00:39.078283+03:00,_0,7938a8813069,Leoforos Strovolou,Strovolou Ave,0
2026-09-08T04:56:32Z,2026-09-08T08:00:39.078283+03:00,_1,f393f341ee1a,Arch. Makariou III,E902 - Proedrikou Megarou Ave,4
2026-09-08T04:56:32Z,2026-09-08T08:00:39.078283+03:00,_2,c6ac6530f2b9,Strovolou Ave,E902 - Proedrikou Megarou Ave,3
2026-09-08T04:56:32Z,2026-09-08T08:00:39.078283+03:00,_0,93ebb3fbad08,Episkopi,Ypsonas,0
2026-09-08T04:56:32Z,2026-09-08T08:00:39.078283+03:00,_1,efa8d7b03d38,Ypsonas,A1,3
2026-09-08T04:56:32Z,2026-09-08T08:00:39.078283+03:00,_2,20bf25aa10a7,A6,Agios Athanasios,2
2026-09-08T04:56:32Z,2026-09-08T08:00:39.078283+03:00,_3,5fdfcdfdd36d,Agios Athanasios,Germasogeia,0
2026-09-08T04:56:32Z,2026-09-08T08:00:39.078283+03:00,_0,920305ee9a1e,E147 - Archiepiskopou Makariou III Ave,Agias Filaxeos,0
2026-09-08T04:56:32Z,2026-09-08T08:00:39.078283+03:00,_1,a4260c51b19c,Steliou Kyriakidi,,4
2026-09-08T04:56:32Z,2026-09-08T08:00:39.078283+03:00,_2,f5f94ff22484,Agias Filaxeos,E110,0
2026-09-08T04:56:32Z,2026-09-08T08:00:39.078283+03:00,_0,06afc6492b14,Exit 24 >E127 Germasogeia / E113 Lemesos-Centre,Germasogeia,2
2026-09-08T04:56:32Z,2026-09-08T08:00:39.078283+03:00,_1,307257218b8f,Agios Athanasios,Lemesos,0
2026-09-08T04:56:32Z,2026-09-08T08:00:39.078283+03:00,_2,e1dac3423766,Lemesos,Lemesos,3
2026-09-08T04:56:32Z,2026-09-08T08:00:39.078283+03:00,_3,ef93f4872b51,Lemesos,"to A6 > Pafos, Pafos Airport",0
2026-09-08T04:56:32Z,2026-09-08T08:00:39.078283+03:00,_0,c75f4551c6ff,,Ypsonas,0
2026-09-08T04:56:32Z,2026-09-08T08:00:39.078283+03:00,_1,efa8d7b03d38,Ypsonas,A1,3
2026-09-08T04:56:32Z,2026-09-08T08:00:39.078283+03:00,_2,20bf25aa10a7,A6,Agios Athanasios,2
2026-09-08T04:56:32Z,2026-09-08T08:00:39.078283+03:00,_3,dd7ac45992bf,Agios Athanasios,Latsia,0
2026-09-08T04:56:32Z,2026-09-08T08:00:39.078283+03:00,_4,0b0229e2fb21,Strovolos,Lemesou Ave,4
2026-09-08T04:56:32Z,2026-09-08T08:00:39.078283+03:00,_5,6aa61fa1d622,Aglantzia,Lemesou Ave,0
2026-09-08T04:56:32Z,2026-09-08T08:00:39.078283+03:00,_6,f65a0e5c7b05,Lemesou Ave,Archiepiskopou Makariou III Ave,3
2026-09-08T04:56:32Z,2026-09-08T08:00:39.078283+03:00,_7,d75540164264,Lemesou Ave,,0
2026-09-08T04:56:32Z,2026-09-08T08:00:39.078283+03:00,_8,200b71b93054,,Archiepiskopou Makariou III Ave,4
2026-09-08T04:56:32Z,2026-09-08T08:00:39.078283+03:00,_9,bd22ecc10d1b,Lemesou Ave,Archiepiskopou Makariou III Ave,0
2026-09-08T04:56:32Z,2026-09-08T08:00:39.078283+03:00,_10,798c594a6669,Archiepiskopou Makariou III Ave,B18 - Georgiou Griva Digeni Ave,3
2026-09-08T04:56:32Z,2026-09-08T08:00:39.078283+03:00,_11,7c1a88e2db2c,Archiepiskopou Makariou III Ave,E1302 - Nikis Ave,0
2026-09-08T04:56:32Z,2026-09-08T08:00:39.078283+03:00,_12,910016111853,B18 - Georgiou Griva Digeni Ave,B18 - Georgiou Griva Digeni Ave,4
2026-09-08T04:56:32Z,2026-09-08T08:00:39.078283+03:00,_13,bbf67e32aa17,B18 - Georgiou Griva Digeni Ave,Evagorou Ave,0
2026-09-08T05:06:40Z,2026-09-08T08:10:57.928737+03:00,_0,a73ceba901e1,Strovolos,Strovolos,0
2026-09-08T05:06:40Z,2026-09-08T08:10:57.928737+03:00,_1,0b0229e2fb21,Strovolos,Lemesou Ave,4
2026-09-08T05:06:40Z,2026-09-08T08:10:57.928737+03:00,_2,6aa61fa1d622,Aglantzia,Lemesou Ave,0
2026-09-08T05:06:40Z,2026-09-08T08:10:57.928737+03:00,_3,05299fe0a3f3,Lemesou Ave,Archiepiskopou Makariou III Ave,3
2026-09-08T05:06:40Z,2026-09-08T08:10:57.928737+03:00,_0,7938a8813069,Leoforos Strovolou,Strovolou Ave,0
2026-09-08T05:06:40Z,2026-09-08T08:10:57.928737+03:00,_1,e9f646c8d0b2,Arch. Makariou III,Strovolou Ave,4
2026-09-08T05:06:40Z,2026-09-08T08:10:57.928737+03:00,_2,d275e3004dbd,Strovolou Ave,Strovolou Ave,0
2026-09-08T05:06:40Z,2026-09-08T08:10:57.928737+03:00,_3,4da7af6ca4f7,Arch. Makariou III,E902 - Proedrikou Megarou Ave,4
2026-09-08T05:06:40Z,2026-09-08T08:10:57.928737+03:00,_4,2e2860fdee90,Strovolou Ave,E902 - Proedrikou Megarou Ave,0
2026-09-08T05:06:40Z,2026-09-08T08:10:57.928737+03:00,_5,c6ac6530f2b9,Strovolou Ave,E902 - Proedrikou Megarou Ave,1
2026-09-08T05:06:40Z,2026-09-08T08:10:57.928737+03:00,_0,c7cc2624ec90,E110,E110 - Agias Fylaxeos,0
2026-09-08T05:06:40Z,2026-09-08T08:10:57.928737+03:00,_1,977b92fdc886,E110 - 1 Apriliou,,4
2026-09-08T05:06:40Z,2026-09-08T08:10:57.928737+03:00,_2,2e9ffee5c9c5,E110 - Agias Fylaxeos,E147 - Archiepiskopou Makariou III Ave,0
2026-09-08T05:06:40Z,2026-09-08T08:10:57.928737+03:00,_3,7870796e4039,Agias Filaxeos,E147 - Archiepiskopou Makariou III Ave,3
2026-09-08T05:06:40Z,2026-09-08T08:10:57.928737+03:00,_0,67becf3879a0,Episkopi,Ypsonas,0
2026-09-08T05:06:40Z,2026-09-08T08:10:57.928737+03:00,_1,ff5747c22875,Ypsonas,A1,3
2026-09-08T05:06:40Z,2026-09-08T08:10:57.928737+03:00,_2,51a87f29a8d7,A6,Lemesos,1
2026-09-08T05:06:40Z,2026-09-08T08:10:57.928737+03:00,_3,4cc85bcdea4b,Lemesos,Germasogeia,0
2026-09-08T05:06:40Z,2026-09-08T08:10:57.928737+03:00,_0,920305ee9a1e,E147 - Archiepiskopou Makariou III Ave,Agias Filaxeos,0
2026-09-08T05:06:40Z,2026-09-08T08:10:57.928737+03:00,_1,a4260c51b19c,Steliou Kyriakidi,,4
2026-09-08T05:06:40Z,2026-09-08T08:10:57.928737+03:00,_2,58db42ee5329,Agias Filaxeos,E110 - 1 Apriliou,0
2026-09-08T05:06:40Z,2026-09-08T08:10:57.928737+03:00,_3,de7c5d112dc2,E110 - 1 Apriliou,E110 - Eleftherias,2
2026-09-08T05:06:40Z,2026-09-08T08:10:57.928737+03:00,_4,5f1fec2aa9f9,E110 - 1 Apriliou,E110,0
2026-09-08T05:06:40Z,2026-09-08T08:10:57.928737+03:00,_0,06afc6492b14,Exit 24 >E127 Germasogeia / E113 Lemesos-Centre,Germasogeia,2
2026-09-08T05:06:40Z,2026-09-08T08:10:57.928737+03:00,_1,307257218b8f,Agios Athanasios,Lemesos,0
2026-09-08T05:06:40Z,2026-09-08T08:10:57.928737+03:00,_2,e1dac3423766,Lemesos,Lemesos,2
2026-09-08T05:06:40Z,2026-09-08T08:10:57.928737+03:00,_3,ef93f4872b51,Lemesos,"to A6 > Pafos, Pafos Airport",0
2026-09-08T05:06:40Z,2026-09-08T08:10:57.928737+03:00,_0,4696d5c3edda,,Ypsonas,0
2026-09-08T05:06:40Z,2026-09-08T08:10:57.928737+03:00,_1,ff5747c22875,Ypsonas,A1,3
2026-09-08T05:06:40Z,2026-09-08T08:10:57.928737+03:00,_2,51a87f29a8d7,A6,Lemesos,1
2026-09-08T05:06:40Z,2026-09-08T08:10:57.928737+03:00,_3,6a6cc8d05a98,Lemesos,Latsia,0
2026-09-08T05:06:40Z,2026-09-08T08:10:57.928737+03:00,_4,0b0229e2fb21,Strovolos,Lemesou Ave,4
2026-09-08T05:06:40Z,2026-09-08T08:10:57.928737+03:00,_5,6aa61fa1d622,Aglantzia,Lemesou Ave,0
2026-09-08T05:06:40Z,2026-09-08T08:10:57.928737+03:00,_6,69161427715a,A1,Archiepiskopou Makariou III Ave,3
2026-09-08T05:06:40Z,2026-09-08T08:10:57.928737+03:00,_7,c2a4baaefb06,Lemesou Ave,Archiepiskopou Makariou III Ave,0
2026-09-08T05:06:40Z,2026-09-08T08:10:57.928737+03:00,_8,b66f0bbf2823,Archiepiskopou Makariou III Ave,B18 - Georgiou Griva Digeni Ave,3
2026-09-08T05:06:40Z,2026-09-08T08:10:57.928737+03:00,_9,7c1a88e2db2c,Archiepiskopou Makariou III Ave,E1302 - Nikis Ave,0
2026-09-08T05:06:40Z,2026-09-08T08:10:57.928737+03:00,_10,910016111853,B18 - Georgiou Griva Digeni Ave,B18 - Georgiou Griva Digeni Ave,4
2026-09-08T05:06:40Z,2026-09-08T08:10:57.928737+03:00,_11,bbf67e32aa17,B18 - Georgiou Griva Digeni Ave,Evagorou Ave,0
2026-09-08T05:17:13Z,2026-09-08T08:21:11.826852+03:00,_0,a73ceba901e1,Strovolos,Strovolos,0
2026-09-08T05:17:13Z,2026-09-08T08:21:11.826852+03:00,_1,0b0229e2fb21,Strovolos,Lemesou Ave,4
2026-09-08T05:17:13Z,2026-09-08T08:21:11.826852+03:00,_2,2daef5aeccc3,Aglantzia,Lemesou Ave,0
2026-09-08T05:17:13Z,2026-09-08T08:21:11.826852+03:00,_3,ce775bebe806,Lemesou Ave,Archiepiskopou Makariou III Ave,4
2026-09-08T05:17:13Z,2026-09-08T08:21:11.826852+03:00,_0,7938a8813069,Leoforos Strovolou,Strovolou Ave,0
2026-09-08T05:17:13Z,2026-09-08T08:21:11.826852+03:00,_1,9fc8278a9766,Arch. Makariou III,Strovolou Ave,4
2026-09-08T05:17:13Z,2026-09-08T08:21:11.826852+03:00,_2,91fd952888ca,Strovolou Ave,Strovolou Ave,0
2026-09-08T05:17:13Z,2026-09-08T08:21:11.826852+03:00,_3,867d7d746488,Arch. Makariou III,E902 - Proedrikou Megarou Ave,4
2026-09-08T05:17:13Z,2026-09-08T08:21:11.826852+03:00,_4,2e2860fdee90,Strovolou Ave,E902 - Proedrikou Megarou Ave,0
2026-09-08T05:17:13Z,2026-09-08T08:21:11.826852+03:00,_5,c6ac6530f2b9,Strovolou Ave,E902 - Proedrikou Megarou Ave,2
2026-09-08T05:17:13Z,2026-09-08T08:21:11.826852+03:00,_0,920305ee9a1e,E147 - Archiepiskopou Makariou III Ave,Agias Filaxeos,0
2026-09-08T05:17:13Z,2026-09-08T08:21:11.826852+03:00,_1,a4260c51b19c,Steliou Kyriakidi,,4
2026-09-08T05:17:13Z,2026-09-08T08:21:11.826852+03:00,_2,f5f94ff22484,Agias Filaxeos,E110,0
2026-09-08T05:17:13Z,2026-09-08T08:21:11.826852+03:00,_0,12584efa288c,Episkopi,Ypsonas,0
2026-09-08T05:17:13Z,2026-09-08T08:21:11.826852+03:00,_1,4253853f3d46,Ypsonas,A1,3
2026-09-08T05:17:13Z,2026-09-08T08:21:11.826852+03:00,_2,ae3a9bb54763,A6,Lemesos,2
2026-09-08T05:17:13Z,2026-09-08T08:21:11.826852+03:00,_3,d73a04fc5195,Mesa Geitonia,Germasogeia,0
2026-09-08T05:17:13Z,2026-09-08T08:21:11.826852+03:00,_0,8f4656a3b06e,,Ypsonas,0
2026-09-08T05:17:13Z,2026-09-08T08:21:11.826852+03:00,_1,4253853f3d46,Ypsonas,A1,3
2026-09-08T05:17:13Z,2026-09-08T08:21:11.826852+03:00,_2,ae3a9bb54763,A6,Lemesos,2
2026-09-08T05:17:13Z,2026-09-08T08:21:11.826852+03:00,_3,dbc31dbdee37,Mesa Geitonia,Latsia,0
2026-09-08T05:17:13Z,2026-09-08T08:21:11.826852+03:00,_4,0b0229e2fb21,Strovolos,Lemesou Ave,4
2026-09-08T05:17:13Z,2026-09-08T08:21:11.826852+03:00,_5,2daef5aeccc3,Aglantzia,Lemesou Ave,0
2026-09-08T05:17:13Z,2026-09-08T08:21:11.826852+03:00,_6,1c8a2af02150,Lemesou Ave,Archiepiskopou Makariou III Ave,4
2026-09-08T05:17:13Z,2026-09-08T08:21:11.826852+03:00,_7,bd22ecc10d1b,Lemesou Ave,Archiepiskopou Makariou III Ave,0
2026-09-08T05:17:13Z,2026-09-08T08:21:11.826852+03:00,_8,798c594a6669,Archiepiskopou Makariou III Ave,B18 - Georgiou Griva Digeni Ave,3
2026-09-08T05:17:13Z,2026-09-08T08:21:11.826852+03:00,_9,7c1a88e2db2c,Archiepiskopou Makariou III Ave,E1302 - Nikis Ave,0
2026-09-08T05:17:13Z,2026-09-08T08:21:11.826852+03:00,_10,910016111853,B18 - Georgiou Griva Digeni Ave,B18 - Georgiou Griva Digeni Ave,4
2026-09-08T05:17:13Z,2026-09-08T08:21:11.826852+03:00,_11,bbf67e32aa17,B18 - Georgiou Griva Digeni Ave,Evagorou Ave,0
2026-09-08T05:17:13Z,2026-09-08T08:21:11.826852+03:00,_0,06afc6492b14,Exit 24 >E127 Germasogeia / E113 Lemesos-Centre,Germasogeia,2
2026-09-08T05:17:13Z,2026-09-08T08:21:11.826852+03:00,_1,307257218b8f,Agios Athanasios,Lemesos,0
2026-09-08T05:17:13Z,2026-09-08T08:21:11.826852+03:00,_2,e1dac3423766,Lemesos,Lemesos,2
2026-09-08T05:17:13Z,2026-09-08T08:21:11.826852+03:00,_3,ef93f4872b51,Lemesos,"to A6 > Pafos, Pafos Airport",0
2026-09-08T05:27:22Z,2026-09-08T08:31:25.420123+03:00,_0,a73ceba901e1,Strovolos,Strovolos,0
2026-09-08T05:27:22Z,2026-09-08T08:31:25.420123+03:00,_1,0b0229e2fb21,Strovolos,Lemesou Ave,4
2026-09-08T05:27:22Z,2026-09-08T08:31:25.420123+03:00,_2,e0e20f68c5b9,Aglantzia,Lemesou Ave,0
2026-09-08T05:27:22Z,2026-09-08T08:31:25.420123+03:00,_3,aa153912c8d2,A1,Archiepiskopou Makariou III Ave,4
2026-09-08T05:27:22Z,2026-09-08T08:31:25.420123+03:00,_0,7938a8813069,Leoforos Strovolou,Strovolou Ave,0
2026-09-08T05:27:22Z,2026-09-08T08:31:25.420123+03:00,_1,9fc8278a9766,Arch. Makariou III,Strovolou Ave,3
2026-09-08T05:27:22Z,2026-09-08T08:31:25.420123+03:00,_2,e5228899d997,to E902 Strovolou Ave / Lefkosia,Strovolou Ave,0
2026-09-08T05:27:22Z,2026-09-08T08:31:25.420123+03:00,_3,81fbbc01472d,to E902 Strovolou Ave / Lefkosia,E902 - Proedrikou Megarou Ave,4
2026-09-08T05:27:22Z,2026-09-08T08:31:25.420123+03:00,_4,c6ac6530f2b9,Strovolou Ave,E902 - Proedrikou Megarou Ave,1
2026-09-08T05:27:22Z,2026-09-08T08:31:25.420123+03:00,_0,e785a34e8cbd,E147 - Archiepiskopou Makariou III Ave,Agias Filaxeos,0
2026-09-08T05:27:22Z,2026-09-08T08:31:25.420123+03:00,_1,a3a2fe07dd87,Agias Filaxeos,Agias Filaxeos,3
2026-09-08T05:27:22Z,2026-09-08T08:31:25.420123+03:00,_2,51d9285fca15,Agias Filaxeos,E110,0
2026-09-08T05:27:22Z,2026-09-08T08:31:25.420123+03:00,_0,12584efa288c,Episkopi,Ypsonas,0
2026-09-08T05:27:22Z,2026-09-08T08:31:25.420123+03:00,_1,4253853f3d46,Ypsonas,A1,3
2026-09-08T05:27:22Z,2026-09-08T08:31:25.420123+03:00,_2,fff43c710005,A6,Mesa Geitonia,1
2026-09-08T05:27:22Z,2026-09-08T08:31:25.420123+03:00,_3,68e80ae678c2,Agios Athanasios,Germasogeia,0
2026-09-08T05:27:22Z,2026-09-08T08:31:25.420123+03:00,_0,8f4656a3b06e,,Ypsonas,0
2026-09-08T05:27:22Z,2026-09-08T08:31:25.420123+03:00,_1,4253853f3d46,Ypsonas,A1,3
2026-09-08T05:27:22Z,2026-09-08T08:31:25.420123+03:00,_2,fff43c710005,A6,Mesa Geitonia,1
2026-09-08T05:27:22Z,2026-09-08T08:31:25.420123+03:00,_3,c795ebb71464,Agios Athanasios,Latsia,0
2026-09-08T05:27:22Z,2026-09-08T08:31:25.420123+03:00,_4,0b0229e2fb21,Strovolos,Lemesou Ave,4
2026-09-08T05:27:22Z,2026-09-08T08:31:25.420123+03:00,_5,e0e20f68c5b9,Aglantzia,Lemesou Ave,0
2026-09-08T05:27:22Z,2026-09-08T08:31:25.420123+03:00,_6,0b2dd42a8bf5,A1,Archiepiskopou Makariou III Ave,4
2026-09-08T05:27:22Z,2026-09-08T08:31:25.420123+03:00,_7,5b037bbaa992,Lemesou Ave,Archiepiskopou Makariou III Ave,0
2026-09-08T05:27:22Z,2026-09-08T08:31:25.420123+03:00,_8,91f4f4624f42,Archiepiskopou Makariou III Ave,B18 - Georgiou Griva Digeni Ave,3
2026-09-08T05:27:22Z,2026-09-08T08:31:25.420123+03:00,_9,7c1a88e2db2c,Archiepiskopou Makariou III Ave,E1302 - Nikis Ave,0
2026-09-08T05:27:22Z,2026-09-08T08:31:25.420123+03:00,_10,910016111853,B18 - Georgiou Griva Digeni Ave,B18 - Georgiou Griva Digeni Ave,4
2026-09-08T05:27:22Z,2026-09-08T08:31:25.420123+03:00,_11,bbf67e32aa17,B18 - Georgiou Griva Digeni Ave,Evagorou Ave,0
2026-09-08T05:27:22Z,2026-09-08T08:31:25.420123+03:00,_0,06afc6492b14,Exit 24 >E127 Germasogeia / E113 Lemesos-Centre,Germasogeia,1
2026-09-08T05:27:22Z,2026-09-08T08:31:25.420123+03:00,_1,3e1d75b9e16e,Agios Athanasios,"to A6 > Pafos, Pafos Airport",0
2026-09-08T05:37:55Z,2026-09-08T08:42:39.447353+03:00,_0,a73ceba901e1,Strovolos,Strovolos,0
2026-09-08T05:37:55Z,2026-09-08T08:42:39.447353+03:00,_1,0b0229e2fb21,Strovolos,Lemesou Ave,4
2026-09-08T05:37:55Z,2026-09-08T08:42:39.447353+03:00,_2,3909c4aec98f,Aglantzia,Lemesou Ave,0
2026-09-08T05:37:55Z,2026-09-08T08:42:39.447353+03:00,_3,5f190207056b,A1,Archiepiskopou Makariou III Ave,4
2026-09-08T05:37:55Z,2026-09-08T08:42:39.447353+03:00,_0,ab8ac493c4ab,Leoforos Strovolou,Strovolou Ave,0
2026-09-08T05:37:55Z,2026-09-08T08:42:39.447353+03:00,_1,8437698fe599,Arch. Makariou III,E902 - Proedrikou Megarou Ave,3
2026-09-08T05:37:55Z,2026-09-08T08:42:39.447353+03:00,_2,c6ac6530f2b9,Strovolou Ave,E902 - Proedrikou Megarou Ave,1
2026-09-08T05:37:55Z,2026-09-08T08:42:39.447353+03:00,_0,72b03ff9b5bc,E110,E110 - Agias Fylaxeos,0
2026-09-08T05:37:55Z,2026-09-08T08:42:39.447353+03:00,_1,e50ca2ecb1e0,E110 - 1 Apriliou,,3
2026-09-08T05:37:55Z,2026-09-08T08:42:39.447353+03:00,_2,e33776a3a190,E110 - Agias Fylaxeos,Agias Filaxeos,0
2026-09-08T05:37:55Z,2026-09-08T08:42:39.447353+03:00,_3,0a5c4761a6b4,Agias Filaxeos,Agias Filaxeos,3
2026-09-08T05:37:55Z,2026-09-08T08:42:39.447353+03:00,_4,fd1ec1f2cdf4,Agias Filaxeos,E147 - Archiepiskopou Makariou III Ave,0
2026-09-08T05:37:55Z,2026-09-08T08:42:39.447353+03:00,_5,676c339d8b55,Agias Filaxeos,E147 - Archiepiskopou Makariou III Ave,3
2026-09-08T05:37:55Z,2026-09-08T08:42:39.447353+03:00,_0,15ae2e1d5817,E147 - Archiepiskopou Makariou III Ave,Agias Filaxeos,0
2026-09-08T05:37:55Z,2026-09-08T08:42:39.447353+03:00,_1,1683a4b44bb7,Agias Filaxeos,Agias Filaxeos,3
2026-09-08T05:37:55Z,2026-09-08T08:42:39.447353+03:00,_2,3c822276d5cc,Agias Filaxeos,Agias Filaxeos,0
2026-09-08T05:37:55Z,2026-09-08T08:42:39.447353+03:00,_3,a4260c51b19c,Steliou Kyriakidi,,3
2026-09-08T05:37:55Z,2026-09-08T08:42:39.447353+03:00,_4,f5f94ff22484,Agias Filaxeos,E110,0
2026-09-08T05:37:55Z,2026-09-08T08:42:39.447353+03:00,_0,12584efa288c,Episkopi,Ypsonas,0
2026-09-08T05:37:55Z,2026-09-08T08:42:39.447353+03:00,_1,4f3c454a71c5,Ypsonas,Mesa Geitonia,2
2026-09-08T05:37:55Z,2026-09-08T08:42:39.447353+03:00,_2,68e80ae678c2,Agios Athanasios,Germasogeia,0
2026-09-08T05:37:55Z,2026-09-08T08:42:39.447353+03:00,_0,8f4656a3b06e,,Ypsonas,0
2026-09-08T05:37:55Z,2026-09-08T08:42:39.447353+03:00,_1,4f3c454a71c5,Ypsonas,Mesa Geitonia,2
2026-09-08T05:37:55Z,2026-09-08T08:42:39.447353+03:00,_2,c795ebb71464,Agios Athanasios,Latsia,0
2026-09-08T05:37:55Z,2026-09-08T08:42:39.447353+03:00,_3,0b0229e2fb21,Strovolos,Lemesou Ave,4
2026-09-08T05:37:55Z,2026-09-08T08:42:39.447353+03:00,_4,3909c4aec98f,Aglantzia,Lemesou Ave,0
2026-09-08T05:37:55Z,2026-09-08T08:42:39.447353+03:00,_5,ef1d0c228af2,A1,Archiepiskopou Makariou III Ave,4
2026-09-08T05:37:55Z,2026-09-08T08:42:39.447353+03:00,_6,5b037bbaa992,Lemesou Ave,Archiepiskopou Makariou III Ave,0
2026-09-08T05:37:55Z,2026-09-08T08:42:39.447353+03:00,_7,91f4f4624f42,Archiepiskopou Makariou III Ave,B18 - Georgiou Griva Digeni Ave,3
2026-09-08T05:37:55Z,2026-09-08T08:42:39.447353+03:00,_8,7c1a88e2db2c,Archiepiskopou Makariou III Ave,E1302 - Nikis Ave,0
2026-09-08T05:37:55Z,2026-09-08T08:42:39.447353+03:00,_9,910016111853,B18 - Georgiou Griva Digeni Ave,B18 - Georgiou Griva Digeni Ave,3
2026-09-08T05:37:55Z,2026-09-08T08:42:39.447353+03:00,_10,bbf67e32aa17,B18 - Georgiou Griva Digeni Ave,Evagorou Ave,0
2026-09-08T05:37:55Z,2026-09-08T08:42:39.447353+03:00,_0,68ba8c9365ac,Exit 24 >E127 Germasogeia / E113 Lemesos-Centre,Germasogeia,0
2026-09-08T05:37:55Z,2026-09-08T08:42:39.447353+03:00,_1,ce32023c9f0b,Germasogeia,Germasogeia,1
2026-09-08T05:37:55Z,2026-09-08T08:42:39.447353+03:00,_2,3e1d75b9e16e,Agios Athanasios,"to A6 > Pafos, Pafos Airport",0
2026-09-08T05:48:03Z,2026-09-08T08:52:56.131809+03:00,_0,d7fa998be72c,Strovolos,Strovolos,0
2026-09-08T05:48:03Z,2026-09-08T08:52:56.131809+03:00,_1,56258ee4f147,Strovolos,Lemesou Ave,4
2026-09-08T05:48:03Z,2026-09-08T08:52:56.131809+03:00,_2,6aa61fa1d622,Aglantzia,Lemesou Ave,0
2026-09-08T05:48:03Z,2026-09-08T08:52:56.131809+03:00,_3,05299fe0a3f3,Lemesou Ave,Archiepiskopou Makariou III Ave,4
2026-09-08T05:48:03Z,2026-09-08T08:52:56.131809+03:00,_0,72b03ff9b5bc,E110,E110 - Agias Fylaxeos,0
2026-09-08T05:48:03Z,2026-09-08T08:52:56.131809+03:00,_1,e50ca2ecb1e0,E110 - 1 Apriliou,,3
2026-09-08T05:48:03Z,2026-09-08T08:52:56.131809+03:00,_2,e33776a3a190,E110 - Agias Fylaxeos,Agias Filaxeos,0
2026-09-08T05:48:03Z,2026-09-08T08:52:56.131809+03:00,_3,bb6b59580991,Agias Filaxeos,Agias Filaxeos,3
2026-09-08T05:48:03Z,2026-09-08T08:52:56.131809+03:00,_4,9d328f0122af,Agias Filaxeos,Agias Filaxeos,0
2026-09-08T05:48:03Z,2026-09-08T08:52:56.131809+03:00,_5,3e658df8ca2c,Agias Filaxeos,E147 - Archiepiskopou Makariou III Ave,3
2026-09-08T05:48:03Z,2026-09-08T08:52:56.131809+03:00,_0,d42abe0fedf4,E147 - Archiepiskopou Makariou III Ave,Agias Filaxeos,0
2026-09-08T05:48:03Z,2026-09-08T08:52:56.131809+03:00,_1,5bbc13ff3408,Agias Filaxeos,Agias Filaxeos,3
2026-09-08T05:48:03Z,2026-09-08T08:52:56.131809+03:00,_2,0490afae28ce,Agias Filaxeos,E110 - 1 Apriliou,0
2026-09-08T05:48:03Z,2026-09-08T08:52:56.131809+03:00,_3,9f4f77006632,E110 - 1 Apriliou,E110 - Eleftherias,2
2026-09-08T05:48:03Z,2026-09-08T08:52:56.131809+03:00,_4,c97b954fcb12,E110 - 1 Apriliou,E110,0
2026-09-08T05:48:03Z,2026-09-08T08:52:56.131809+03:00,_0,5661b3f9cb72,Leoforos Strovolou,E122 - Athinon,0
2026-09-08T05:48:03Z,2026-09-08T08:52:56.131809+03:00,_1,81fbbc01472d,to E902 Strovolou Ave / Lefkosia,E902 - Proedrikou Megarou Ave,3
2026-09-08T05:48:03Z,2026-09-08T08:52:56.131809+03:00,_2,c6ac6530f2b9,Strovolou Ave,E902 - Proedrikou Megarou Ave,1
2026-09-08T05:48:03Z,2026-09-08T08:52:56.131809+03:00,_0,4626c4ed9c71,Episkopi,Episkopi,0
2026-09-08T05:48:03Z,2026-09-08T08:52:56.131809+03:00,_1,714413406c0b,Episkopi,Episkopi,1
2026-09-08T05:48:03Z,2026-09-08T08:52:56.131809+03:00,_2,76f90dc165da,Erimi,A1,0
2026-09-08T05:48:03Z,2026-09-08T08:52:56.131809+03:00,_3,6ad9b0176d85,Kato Polemidia,A1,3
2026-09-08T05:48:03Z,2026-09-08T08:52:56.131809+03:00,_4,20bf25aa10a7,A6,Agios Athanasios,2
2026-09-08T05:48:03Z,2026-09-08T08:52:56.131809+03:00,_5,5fdfcdfdd36d,Agios Athanasios,Germasogeia,0
2026-09-08T05:48:03Z,2026-09-08T08:52:56.131809+03:00,_0,72d03be418ea,,Episkopi,0
2026-09-08T05:48:03Z,2026-09-08T08:52:56.131809+03:00,_1,714413406c0b,Episkopi,Episkopi,1
2026-09-08T05:48:03Z,2026-09-08T08:52:56.131809+03:00,_2,76f90dc165da,Erimi,A1,0
2026-09-08T05:48:03Z,2026-09-08T08:52:56.131809+03:00,_3,6ad9b0176d85,Kato Polemidia,A1,3
2026-09-08T05:48:03Z,2026-09-08T08:52:56.131809+03:00,_4,20bf25aa10a7,A6,Agios Athanasios,2
2026-09-08T05:48:03Z,2026-09-08T08:52:56.131809+03:00,_5,873ce68d2cb7,Agios Athanasios,Strovolos,0
2026-09-08T05:48:03Z,2026-09-08T08:52:56.131809+03:00,_6,56258ee4f147,Strovolos,Lemesou Ave,4
2026-09-08T05:48:03Z,2026-09-08T08:52:56.131809+03:00,_7,6aa61fa1d622,Aglantzia,Lemesou Ave,0
2026-09-08T05:48:03Z,2026-09-08T08:52:56.131809+03:00,_8,69161427715a,A1,Archiepiskopou Makariou III Ave,4
2026-09-08T05:48:03Z,2026-09-08T08:52:56.131809+03:00,_9,5aa9f8d8c10c,Lemesou Ave,Archiepiskopou Makariou III Ave,0
2026-09-08T05:48:03Z,2026-09-08T08:52:56.131809+03:00,_10,e416e06b7bb8,Archiepiskopou Makariou III Ave,B18 - Georgiou Griva Digeni Ave,3
2026-09-08T05:48:03Z,2026-09-08T08:52:56.131809+03:00,_11,7c1a88e2db2c,Archiepiskopou Makariou III Ave,E1302 - Nikis Ave,0
2026-09-08T05:48:03Z,2026-09-08T08:52:56.131809+03:00,_12,910016111853,B18 - Georgiou Griva Digeni Ave,B18 - Georgiou Griva Digeni Ave,4
2026-09-08T05:48:03Z,2026-09-08T08:52:56.131809+03:00,_13,f3ce7a5c0882,B18 - Georgiou Griva Digeni Ave,B19 - Omirou Ave,0
2026-09-08T05:48:03Z,2026-09-08T08:52:56.131809+03:00,_14,bf1edcb81968,Omirou Ave,B19 - Omirou Ave,3
2026-09-08T05:48:03Z,2026-09-08T08:52:56.131809+03:00,_15,322961766a35,B19 - Omirou Ave,Anastasiou Leventi,0
2026-09-08T05:48:03Z,2026-09-08T08:52:56.131809+03:00,_0,06afc6492b14,Exit 24 >E127 Germasogeia / E113 Lemesos-Centre,Germasogeia,2
2026-09-08T05:48:03Z,2026-09-08T08:52:56.131809+03:00,_1,3e1d75b9e16e,Agios Athanasios,"to A6 > Pafos, Pafos Airport",0
2026-09-08T05:58:38Z,2026-09-08T09:03:11.111087+03:00,_0,d7fa998be72c,Strovolos,Strovolos,0
2026-09-08T05:58:38Z,2026-09-08T09:03:11.111087+03:00,_1,56258ee4f147,Strovolos,Lemesou Ave,4
2026-09-08T05:58:38Z,2026-09-08T09:03:11.111087+03:00,_2,6aa61fa1d622,Aglantzia,Lemesou Ave,0
2026-09-08T05:58:38Z,2026-09-08T09:03:11.111087+03:00,_3,05299fe0a3f3,Lemesou Ave,Archiepiskopou Makariou III Ave,4
2026-09-08T05:58:38Z,2026-09-08T09:03:11.111087+03:00,_0,72b03ff9b5bc,E110,E110 - Agias Fylaxeos,0
2026-09-08T05:58:38Z,2026-09-08T09:03:11.111087+03:00,_1,e50ca2ecb1e0,E110 - 1 Apriliou,,3
2026-09-08T05:58:38Z,2026-09-08T09:03:11.111087+03:00,_2,e33776a3a190,E110 - Agias Fylaxeos,Agias Filaxeos,0
2026-09-08T05:58:38Z,2026-09-08T09:03:11.111087+03:00,_3,0a5c4761a6b4,Agias Filaxeos,Agias Filaxeos,3
2026-09-08T05:58:38Z,2026-09-08T09:03:11.111087+03:00,_4,61d23de61c0a,Agias Filaxeos,Agias Filaxeos,0
2026-09-08T05:58:38Z,2026-09-08T09:03:11.111087+03:00,_5,02446ed5df97,Agias Filaxeos,E147 - Archiepiskopou Makariou III Ave,3
2026-09-08T05:58:38Z,2026-09-08T09:03:11.111087+03:00,_0,178e737f043b,E147 - Archiepiskopou Makariou III Ave,Agias Filaxeos,2
2026-09-08T05:58:38Z,2026-09-08T09:03:11.111087+03:00,_1,84b7f1715b2f,Agias Filaxeos,Agias Filaxeos,0
2026-09-08T05:58:38Z,2026-09-08T09:03:11.111087+03:00,_2,342b55b262ce,Agias Filaxeos,Agias Filaxeos,3
2026-09-08T05:58:38Z,2026-09-08T09:03:11.111087+03:00,_3,bbd3d4041441,Agias Filaxeos,Agias Filaxeos,0
2026-09-08T05:58:38Z,2026-09-08T09:03:11.111087+03:00,_4,a4260c51b19c,Steliou Kyriakidi,,4
2026-09-08T05:58:38Z,2026-09-08T09:03:11.111087+03:00,_5,58db42ee5329,Agias Filaxeos,E110 - 1 Apriliou,0
2026-09-08T05:58:38Z,2026-09-08T09:03:11.111087+03:00,_6,9f4f77006632,E110 - 1 Apriliou,E110 - Eleftherias,2
2026-09-08T05:58:38Z,2026-09-08T09:03:11.111087+03:00,_7,c97b954fcb12,E110 - 1 Apriliou,E110,0
2026-09-08T05:58:38Z,2026-09-08T09:03:11.111087+03:00,_0,18d60f6950ba,Leoforos Strovolou,E122 - Athinon,0
2026-09-08T05:58:38Z,2026-09-08T09:03:11.111087+03:00,_1,b54de865a9d0,Strovolou Ave,E902 - Proedrikou Megarou Ave,3
2026-09-08T05:58:38Z,2026-09-08T09:03:11.111087+03:00,_2,96c3ee6a9698,Strovolou Ave,E902 - Proedrikou Megarou Ave,0
2026-09-08T05:58:38Z,2026-09-08T09:03:11.111087+03:00,_0,e7f960841113,Episkopi,A1,0
2026-09-08T05:58:38Z,2026-09-08T09:03:11.111087+03:00,_1,51a87f29a8d7,A6,Lemesos,2
2026-09-08T05:58:38Z,2026-09-08T09:03:11.111087+03:00,_2,4cc85bcdea4b,Lemesos,Germasogeia,0
2026-09-08T05:58:38Z,2026-09-08T09:03:11.111087+03:00,_0,cf0d166c0008,,A1,0
2026-09-08T05:58:38Z,2026-09-08T09:03:11.111087+03:00,_1,51a87f29a8d7,A6,Lemesos,2
2026-09-08T05:58:38Z,2026-09-08T09:03:11.111087+03:00,_2,3a2463aa3801,Lemesos,Strovolos,0
2026-09-08T05:58:38Z,2026-09-08T09:03:11.111087+03:00,_3,56258ee4f147,Strovolos,Lemesou Ave,4
2026-09-08T05:58:38Z,2026-09-08T09:03:11.111087+03:00,_4,6aa61fa1d622,Aglantzia,Lemesou Ave,0
2026-09-08T05:58:38Z,2026-09-08T09:03:11.111087+03:00,_5,69161427715a,A1,Archiepiskopou Makariou III Ave,4
2026-09-08T05:58:38Z,2026-09-08T09:03:11.111087+03:00,_6,5b037bbaa992,Lemesou Ave,Archiepiskopou Makariou III Ave,0
2026-09-08T05:58:38Z,2026-09-08T09:03:11.111087+03:00,_7,91f4f4624f42,Archiepiskopou Makariou III Ave,B18 - Georgiou Griva Digeni Ave,3
2026-09-08T05:58:38Z,2026-09-08T09:03:11.111087+03:00,_8,7c1a88e2db2c,Archiepiskopou Makariou III Ave,E1302 - Nikis Ave,0
2026-09-08T05:58:38Z,2026-09-08T09:03:11.111087+03:00,_9,910016111853,B18 - Georgiou Griva Digeni Ave,B18 - Georgiou Griva Digeni Ave,4
2026-09-08T05:58:38Z,2026-09-08T09:03:11.111087+03:00,_10,f3ce7a5c0882,B18 - Georgiou Griva Digeni Ave,B19 - Omirou Ave,0
2026-09-08T05:58:38Z,2026-09-08T09:03:11.111087+03:00,_11,ecb8295957ab,Omirou Ave,Dionysiou Solomou Square,3
2026-09-08T05:58:38Z,2026-09-08T09:03:11.111087+03:00,_12,b94aa02d2a10,Dionysiou Solomou Square,Anastasiou Leventi,0
2026-09-08T05:58:38Z,2026-09-08T09:03:11.111087+03:00,_0,06afc6492b14,Exit 24 >E127 Germasogeia / E113 Lemesos-Centre,Germasogeia,1
2026-09-08T05:58:38Z,2026-09-08T09:03:11.111087+03:00,_1,9800ef0abc36,Agios Athanasios,Agios Athanasios,0
2026-09-08T05:58:38Z,2026-09-08T09:03:11.111087+03:00,_2,1f9e4309220a,Agios Athanasios,Agios Athanasios,1
2026-09-08T05:58:38Z,2026-09-08T09:03:11.111087+03:00,_3,e532d87a661f,Mesa Geitonia,"to A6 > Pafos, Pafos Airport",0
2026-09-08T06:08:45Z,2026-09-08T09:13:26.659442+03:00,_0,d7fa998be72c,Strovolos,Strovolos,0
2026-09-08T06:08:45Z,2026-09-08T09:13:26.659442+03:00,_1,56258ee4f147,Strovolos,Lemesou Ave,4
2026-09-08T06:08:45Z,2026-09-08T09:13:26.659442+03:00,_2,2daef5aeccc3,Aglantzia,Lemesou Ave,0
2026-09-08T06:08:45Z,2026-09-08T09:13:26.659442+03:00,_3,ce775bebe806,Lemesou Ave,Archiepiskopou Makariou III Ave,3
2026-09-08T06:08:45Z,2026-09-08T09:13:26.659442+03:00,_0,72b03ff9b5bc,E110,E110 - Agias Fylaxeos,0
2026-09-08T06:08:45Z,2026-09-08T09:13:26.659442+03:00,_1,e50ca2ecb1e0,E110 - 1 Apriliou,,3
2026-09-08T06:08:45Z,2026-09-08T09:13:26.659442+03:00,_2,e33776a3a190,E110 - Agias Fylaxeos,Agias Filaxeos,0
2026-09-08T06:08:45Z,2026-09-08T09:13:26.659442+03:00,_3,0a5c4761a6b4,Agias Filaxeos,Agias Filaxeos,3
2026-09-08T06:08:45Z,2026-09-08T09:13:26.659442+03:00,_4,fd1ec1f2cdf4,Agias Filaxeos,E147 - Archiepiskopou Makariou III Ave,0
2026-09-08T06:08:45Z,2026-09-08T09:13:26.659442+03:00,_5,676c339d8b55,Agias Filaxeos,E147 - Archiepiskopou Makariou III Ave,4
2026-09-08T06:08:45Z,2026-09-08T09:13:26.659442+03:00,_0,044a01c053a4,E147 - Archiepiskopou Makariou III Ave,Agias Filaxeos,2
2026-09-08T06:08:45Z,2026-09-08T09:13:26.659442+03:00,_1,9274154e9b34,Agias Filaxeos,Agias Filaxeos,0
2026-09-08T06:08:45Z,2026-09-08T09:13:26.659442+03:00,_2,7502efc8a7db,Agias Filaxeos,Agias Filaxeos,2
2026-09-08T06:08:45Z,2026-09-08T09:13:26.659442+03:00,_3,3c822276d5cc,Agias Filaxeos,Agias Filaxeos,0
2026-09-08T06:08:45Z,2026-09-08T09:13:26.659442+03:00,_4,a4260c51b19c,Steliou Kyriakidi,,4
2026-09-08T06:08:45Z,2026-09-08T09:13:26.659442+03:00,_5,f5f94ff22484,Agias Filaxeos,E110,0
2026-09-08T06:08:45Z,2026-09-08T09:13:26.659442+03:00,_0,e8af1a494c38,Leoforos Strovolou,E122 - Athinon,0
2026-09-08T06:08:45Z,2026-09-08T09:13:26.659442+03:00,_1,5645e85762d2,Strovolou Ave,E902 - Proedrikou Megarou Ave,3
2026-09-08T06:08:45Z,2026-09-08T09:13:26.659442+03:00,_2,96c3ee6a9698,Strovolou Ave,E902 - Proedrikou Megarou Ave,0
2026-09-08T06:08:45Z,2026-09-08T09:13:26.659442+03:00,_0,d8107e5457ff,,Episkopi,0
2026-09-08T06:08:45Z,2026-09-08T09:13:26.659442+03:00,_1,84e05835ec5f,Episkopi,Erimi,1
2026-09-08T06:08:45Z,2026-09-08T09:13:26.659442+03:00,_2,4c7a77df0cc9,Erimi,A1,0
2026-09-08T06:08:45Z,2026-09-08T09:13:26.659442+03:00,_3,51a87f29a8d7,A6,Lemesos,1
2026-09-08T06:08:45Z,2026-09-08T09:13:26.659442+03:00,_4,3a2463aa3801,Lemesos,Strovolos,0
2026-09-08T06:08:45Z,2026-09-08T09:13:26.659442+03:00,_5,56258ee4f147,Strovolos,Lemesou Ave,4
2026-09-08T06:08:45Z,2026-09-08T09:13:26.659442+03:00,_6,2daef5aeccc3,Aglantzia,Lemesou Ave,0
2026-09-08T06:08:45Z,2026-09-08T09:13:26.659442+03:00,_7,1c8a2af02150,Lemesou Ave,Archiepiskopou Makariou III Ave,3
2026-09-08T06:08:45Z,2026-09-08T09:13:26.659442+03:00,_8,bd22ecc10d1b,Lemesou Ave,Archiepiskopou Makariou III Ave,0
2026-09-08T06:08:45Z,2026-09-08T09:13:26.659442+03:00,_9,798c594a6669,Archiepiskopou Makariou III Ave,B18 - Georgiou Griva Digeni Ave,3
2026-09-08T06:08:45Z,2026-09-08T09:13:26.659442+03:00,_10,7c1a88e2db2c,Archiepiskopou Makariou III Ave,E1302 - Nikis Ave,0
2026-09-08T06:08:45Z,2026-09-08T09:13:26.659442+03:00,_11,910016111853,B18 - Georgiou Griva Digeni Ave,B18 - Georgiou Griva Digeni Ave,4
2026-09-08T06:08:45Z,2026-09-08T09:13:26.659442+03:00,_12,f3ce7a5c0882,B18 - Georgiou Griva Digeni Ave,B19 - Omirou Ave,0
2026-09-08T06:08:45Z,2026-09-08T09:13:26.659442+03:00,_13,c500d15577b1,Omirou Ave,Anastasiou Leventi,3
2026-09-08T06:08:45Z,2026-09-08T09:13:26.659442+03:00,_0,5c271f2dd89a,Episkopi,Episkopi,0
2026-09-08T06:08:45Z,2026-09-08T09:13:26.659442+03:00,_1,84e05835ec5f,Episkopi,Erimi,1
2026-09-08T06:08:45Z,2026-09-08T09:13:26.659442+03:00,_2,4c7a77df0cc9,Erimi,A1,0
2026-09-08T06:08:45Z,2026-09-08T09:13:26.659442+03:00,_3,51a87f29a8d7,A6,Lemesos,1
2026-09-08T06:08:45Z,2026-09-08T09:13:26.659442+03:00,_4,4cc85bcdea4b,Lemesos,Germasogeia,0
2026-09-08T06:18:55Z,2026-09-08T09:23:40.873300+03:00,_0,9637c1cd3244,Strovolos,Strovolos,0
2026-09-08T06:18:55Z,2026-09-08T09:23:40.873300+03:00,_1,d1bd4cd56cd8,Strovolos,Lemesou Ave,4
2026-09-08T06:18:55Z,2026-09-08T09:23:40.873300+03:00,_2,2daef5aeccc3,Aglantzia,Lemesou Ave,0
2026-09-08T06:18:55Z,2026-09-08T09:23:40.873300+03:00,_3,abf8e3df943e,Lemesou Ave,E164 - Armenias,4
2026-09-08T06:18:55Z,2026-09-08T09:23:40.873300+03:00,_4,c1a51b861706,E164 - Armenias,Lemesou Ave,0
2026-09-08T06:18:55Z,2026-09-08T09:23:40.873300+03:00,_5,394713f228bd,Lemesou Ave,Lemesou Ave,4
2026-09-08T06:18:55Z,2026-09-08T09:23:40.873300+03:00,_0,3d52ec8fd86d,E110,E110 - Agias Fylaxeos,0
2026-09-08T06:18:55Z,2026-09-08T09:23:40.873300+03:00,_1,9797b6c3d425,E110 - 1 Apriliou,E110 - Agias Fylaxeos,2
2026-09-08T06:18:55Z,2026-09-08T09:23:40.873300+03:00,_2,e50ca2ecb1e0,E110 - 1 Apriliou,,3
2026-09-08T06:18:55Z,2026-09-08T09:23:40.873300+03:00,_3,bbe9f6312861,E110 - Agias Fylaxeos,Agias Filaxeos,0
2026-09-08T06:18:55Z,2026-09-08T09:23:40.873300+03:00,_4,c7626fee6f30,Agias Filaxeos,Vasileos Georgiou II,3
2026-09-08T06:18:55Z,2026-09-08T09:23:40.873300+03:00,_5,fd1ec1f2cdf4,Agias Filaxeos,E147 - Archiepiskopou Makariou III Ave,0
2026-09-08T06:18:55Z,2026-09-08T09:23:40.873300+03:00,_6,676c339d8b55,Agias Filaxeos,E147 - Archiepiskopou Makariou III Ave,2
2026-09-08T06:18:55Z,2026-09-08T09:23:40.873300+03:00,_0,8d2065e6031d,E147 - Archiepiskopou Makariou III Ave,Agias Filaxeos,0
2026-09-08T06:18:55Z,2026-09-08T09:23:40.873300+03:00,_1,1b4b6cd8b625,Agias Filaxeos,Agias Filaxeos,2
2026-09-08T06:18:55Z,2026-09-08T09:23:40.873300+03:00,_2,3c822276d5cc,Agias Filaxeos,Agias Filaxeos,0
2026-09-08T06:18:55Z,2026-09-08T09:23:40.873300+03:00,_3,a4260c51b19c,Steliou Kyriakidi,,4
2026-09-08T06:18:55Z,2026-09-08T09:23:40.873300+03:00,_4,f5f94ff22484,Agias Filaxeos,E110,0
2026-09-08T06:18:55Z,2026-09-08T09:23:40.873300+03:00,_0,1561bafaf811,,Lemesou Ave,0
2026-09-08T06:18:55Z,2026-09-08T09:23:40.873300+03:00,_1,d1bd4cd56cd8,Strovolos,Lemesou Ave,4
2026-09-08T06:18:55Z,2026-09-08T09:23:40.873300+03:00,_2,2daef5aeccc3,Aglantzia,Lemesou Ave,0
2026-09-08T06:18:55Z,2026-09-08T09:23:40.873300+03:00,_3,abf8e3df943e,Lemesou Ave,E164 - Armenias,4
2026-09-08T06:18:55Z,2026-09-08T09:23:40.873300+03:00,_4,c1a51b861706,E164 - Armenias,Lemesou Ave,0
2026-09-08T06:18:55Z,2026-09-08T09:23:40.873300+03:00,_5,6efde239cabf,Lemesou Ave,Archiepiskopou Makariou III Ave,4
2026-09-08T06:18:55Z,2026-09-08T09:23:40.873300+03:00,_6,5aa9f8d8c10c,Lemesou Ave,Archiepiskopou Makariou III Ave,0
2026-09-08T06:18:55Z,2026-09-08T09:23:40.873300+03:00,_7,e416e06b7bb8,Archiepiskopou Makariou III Ave,B18 - Georgiou Griva Digeni Ave,3
2026-09-08T06:18:55Z,2026-09-08T09:23:40.873300+03:00,_8,7c1a88e2db2c,Archiepiskopou Makariou III Ave,E1302 - Nikis Ave,0
2026-09-08T06:18:55Z,2026-09-08T09:23:40.873300+03:00,_9,910016111853,B18 - Georgiou Griva Digeni Ave,B18 - Georgiou Griva Digeni Ave,4
2026-09-08T06:18:55Z,2026-09-08T09:23:40.873300+03:00,_10,bbf67e32aa17,B18 - Georgiou Griva Digeni Ave,Evagorou Ave,0
2026-09-08T06:18:55Z,2026-09-08T09:23:40.873300+03:00,_0,68c80e5ac67b,Leoforos Strovolou,E116 - Athalassis Ave,0
2026-09-08T06:18:55Z,2026-09-08T09:23:40.873300+03:00,_1,25beebc1d5d8,Perikleous,E902 - Proedrikou Megarou Ave,3
2026-09-08T06:18:55Z,2026-09-08T09:23:40.873300+03:00,_2,c6ac6530f2b9,Strovolou Ave,E902 - Proedrikou Megarou Ave,0
2026-09-08T06:18:55Z,2026-09-08T09:23:40.873300+03:00,_0,06afc6492b14,Exit 24 >E127 Germasogeia / E113 Lemesos-Centre,Germasogeia,2
2026-09-08T06:18:55Z,2026-09-08T09:23:40.873300+03:00,_1,3e1d75b9e16e,Agios Athanasios,"to A6 > Pafos, Pafos Airport",0
2026-09-08T06:29:03Z,2026-09-08T09:33:54.746937+03:00,_0,9637c1cd3244,Strovolos,Strovolos,0
2026-09-08T06:29:03Z,2026-09-08T09:33:54.746937+03:00,_1,d1bd4cd56cd8,Strovolos,Lemesou Ave,3
2026-09-08T06:29:03Z,2026-09-08T09:33:54.746937+03:00,_2,3909c4aec98f,Aglantzia,Lemesou Ave,0
2026-09-08T06:29:03Z,2026-09-08T09:33:54.746937+03:00,_3,afb45941e5c2,A1,E164 - Armenias,4
2026-09-08T06:29:03Z,2026-09-08T09:33:54.746937+03:00,_4,c1a51b861706,E164 - Armenias,Lemesou Ave,0
2026-09-08T06:29:03Z,2026-09-08T09:33:54.746937+03:00,_5,394713f228bd,Lemesou Ave,Lemesou Ave,3
2026-09-08T06:29:03Z,2026-09-08T09:33:54.746937+03:00,_0,db379abb1dc7,Georgiou Neofytou,Spyrou Kyprianou Ave,0
2026-09-08T06:29:03Z,2026-09-08T09:33:54.746937+03:00,_1,bb8e26f01eed,Spyrou Kyprianou Ave,Spyrou Kyprianou Ave,3
2026-09-08T06:29:03Z,2026-09-08T09:33:54.746937+03:00,_2,170ca50cf9c5,Spyrou Kyprianou Ave,Angelou Vlachou,0
2026-09-08T06:29:03Z,2026-09-08T09:33:54.746937+03:00,_0,3d52ec8fd86d,E110,E110 - Agias Fylaxeos,0
2026-09-08T06:29:03Z,2026-09-08T09:33:54.746937+03:00,_1,9797b6c3d425,E110 - 1 Apriliou,E110 - Agias Fylaxeos,1
2026-09-08T06:29:03Z,2026-09-08T09:33:54.746937+03:00,_2,e50ca2ecb1e0,E110 - 1 Apriliou,,3
2026-09-08T06:29:03Z,2026-09-08T09:33:54.746937+03:00,_3,73c10e640ed1,E110 - Agias Fylaxeos,E147 - Archiepiskopou Makariou III Ave,0
2026-09-08T06:29:03Z,2026-09-08T09:33:54.746937+03:00,_4,676c339d8b55,Agias Filaxeos,E147 - Archiepiskopou Makariou III Ave,3
2026-09-08T06:29:03Z,2026-09-08T09:33:54.746937+03:00,_0,ae30b662f2e1,E147 - Archiepiskopou Makariou III Ave,Agias Filaxeos,2
2026-09-08T06:29:03Z,2026-09-08T09:33:54.746937+03:00,_1,d8a1c3a707eb,E147 - Archiepiskopou Makariou III Ave,Agias Filaxeos,0
2026-09-08T06:29:03Z,2026-09-08T09:33:54.746937+03:00,_2,a4260c51b19c,Steliou Kyriakidi,,4
2026-09-08T06:29:03Z,2026-09-08T09:33:54.746937+03:00,_3,f5f94ff22484,Agias Filaxeos,E110,0
2026-09-08T06:29:03Z,2026-09-08T09:33:54.746937+03:00,_0,1561bafaf811,,Lemesou Ave,0
2026-09-08T06:29:03Z,2026-09-08T09:33:54.746937+03:00,_1,d1bd4cd56cd8,Strovolos,Lemesou Ave,3
2026-09-08T06:29:03Z,2026-09-08T09:33:54.746937+03:00,_2,3909c4aec98f,Aglantzia,Lemesou Ave,0
2026-09-08T06:29:03Z,2026-09-08T09:33:54.746937+03:00,_3,afb45941e5c2,A1,E164 - Armenias,4
2026-09-08T06:29:03Z,2026-09-08T09:33:54.746937+03:00,_4,c1a51b861706,E164 - Armenias,Lemesou Ave,0
2026-09-08T06:29:03Z,2026-09-08T09:33:54.746937+03:00,_5,6efde239cabf,Lemesou Ave,Archiepiskopou Makariou III Ave,3
2026-09-08T06:29:03Z,2026-09-08T09:33:54.746937+03:00,_6,bd22ecc10d1b,Lemesou Ave,Archiepiskopou Makariou III Ave,0
2026-09-08T06:29:03Z,2026-09-08T09:33:54.746937+03:00,_7,798c594a6669,Archiepiskopou Makariou III Ave,B18 - Georgiou Griva Digeni Ave,3
2026-09-08T06:29:03Z,2026-09-08T09:33:54.746937+03:00,_8,7c1a88e2db2c,Archiepiskopou Makariou III Ave,E1302 - Nikis Ave,0
2026-09-08T06:29:03Z,2026-09-08T09:33:54.746937+03:00,_9,910016111853,B18 - Georgiou Griva Digeni Ave,B18 - Georgiou Griva Digeni Ave,4
2026-09-08T06:29:03Z,2026-09-08T09:33:54.746937+03:00,_10,bbf67e32aa17,B18 - Georgiou Griva Digeni Ave,Evagorou Ave,0
2026-09-08T06:29:03Z,2026-09-08T09:33:54.746937+03:00,_0,68c80e5ac67b,Leoforos Strovolou,E116 - Athalassis Ave,0
2026-09-08T06:29:03Z,2026-09-08T09:33:54.746937+03:00,_1,25beebc1d5d8,Perikleous,E902 - Proedrikou Megarou Ave,3
2026-09-08T06:29:03Z,2026-09-08T09:33:54.746937+03:00,_2,c6ac6530f2b9,Strovolou Ave,E902 - Proedrikou Megarou Ave,0
2026-09-08T06:29:03Z,2026-09-08T09:33:54.746937+03:00,_0,06afc6492b14,Exit 24 >E127 Germasogeia / E113 Lemesos-Centre,Germasogeia,2
2026-09-08T06:29:03Z,2026-09-08T09:33:54.746937+03:00,_1,3e1d75b9e16e,Agios Athanasios,"to A6 > Pafos, Pafos Airport",0
2026-09-08T06:39:09Z,2026-09-08T09:43:07.161965+03:00,_0,fe72ea2b224f,Strovolos,Lemesou Ave,0
2026-09-08T06:39:09Z,2026-09-08T09:43:07.161965+03:00,_1,1c3025f6d361,Strovolos,Lemesou Ave,3
2026-09-08T06:39:09Z,2026-09-08T09:43:07.161965+03:00,_2,3909c4aec98f,Aglantzia,Lemesou Ave,0
2026-09-08T06:39:09Z,2026-09-08T09:43:07.161965+03:00,_3,afb45941e5c2,A1,E164 - Armenias,4
2026-09-08T06:39:09Z,2026-09-08T09:43:07.161965+03:00,_4,c1a51b861706,E164 - Armenias,Lemesou Ave,0
2026-09-08T06:39:09Z,2026-09-08T09:43:07.161965+03:00,_5,394713f228bd,Lemesou Ave,Lemesou Ave,3
2026-09-08T06:39:09Z,2026-09-08T09:43:07.161965+03:00,_0,db379abb1dc7,Georgiou Neofytou,Spyrou Kyprianou Ave,0
2026-09-08T06:39:09Z,2026-09-08T09:43:07.161965+03:00,_1,d485409681ec,Spyrou Kyprianou Ave,Spyrou Kyprianou Ave,3
2026-09-08T06:39:09Z,2026-09-08T09:43:07.161965+03:00,_2,b16f06e86626,Spyrou Kyprianou Ave,Angelou Vlachou,0
2026-09-08T06:39:09Z,2026-09-08T09:43:07.161965+03:00,_0,3d52ec8fd86d,E110,E110 - Agias Fylaxeos,0
2026-09-08T06:39:09Z,2026-09-08T09:43:07.161965+03:00,_1,9797b6c3d425,E110 - 1 Apriliou,E110 - Agias Fylaxeos,1
2026-09-08T06:39:09Z,2026-09-08T09:43:07.161965+03:00,_2,e50ca2ecb1e0,E110 - 1 Apriliou,,3
2026-09-08T06:39:09Z,2026-09-08T09:43:07.161965+03:00,_3,2a1ca0037583,E110 - Agias Fylaxeos,Agias Filaxeos,0
2026-09-08T06:39:09Z,2026-09-08T09:43:07.161965+03:00,_4,02446ed5df97,Spyrou Kyprianou Ave,E147 - Archiepiskopou Makariou III Ave,3
2026-09-08T06:39:09Z,2026-09-08T09:43:07.161965+03:00,_0,920305ee9a1e,E147 - Archiepiskopou Makariou III Ave,Agias Filaxeos,0
2026-09-08T06:39:09Z,2026-09-08T09:43:07.161965+03:00,_1,a4260c51b19c,Steliou Kyriakidi,,3
2026-09-08T06:39:09Z,2026-09-08T09:43:07.161965+03:00,_2,f5f94ff22484,Agias Filaxeos,E110,0
2026-09-08T06:39:09Z,2026-09-08T09:43:07.161965+03:00,_0,d8107e5457ff,,Episkopi,0
2026-09-08T06:39:09Z,2026-09-08T09:43:07.161965+03:00,_1,56e3e5f6bedc,Episkopi,Erimi,1
2026-09-08T06:39:09Z,2026-09-08T09:43:07.161965+03:00,_2,f898637a0899,Kolossi,Lemesou Ave,0
2026-09-08T06:39:09Z,2026-09-08T09:43:07.161965+03:00,_3,1c3025f6d361,Strovolos,Lemesou Ave,3
2026-09-08T06:39:09Z,2026-09-08T09:43:07.161965+03:00,_4,3909c4aec98f,Aglantzia,Lemesou Ave,0
2026-09-08T06:39:09Z,2026-09-08T09:43:07.161965+03:00,_5,afb45941e5c2,A1,E164 - Armenias,4
2026-09-08T06:39:09Z,2026-09-08T09:43:07.161965+03:00,_6,c1a51b861706,E164 - Armenias,Lemesou Ave,0
2026-09-08T06:39:09Z,2026-09-08T09:43:07.161965+03:00,_7,6efde239cabf,Lemesou Ave,Archiepiskopou Makariou III Ave,3
2026-09-08T06:39:09Z,2026-09-08T09:43:07.161965+03:00,_8,7e9e53411917,Lemesou Ave,E1302 - Nikis Ave,0
2026-09-08T06:39:09Z,2026-09-08T09:43:07.161965+03:00,_9,910016111853,B18 - Georgiou Griva Digeni Ave,B18 - Georgiou Griva Digeni Ave,4
2026-09-08T06:39:09Z,2026-09-08T09:43:07.161965+03:00,_10,bbf67e32aa17,B18 - Georgiou Griva Digeni Ave,Evagorou Ave,0
2026-09-08T06:39:09Z,2026-09-08T09:43:07.161965+03:00,_0,5c271f2dd89a,Episkopi,Episkopi,0
2026-09-08T06:39:09Z,2026-09-08T09:43:07.161965+03:00,_1,56e3e5f6bedc,Episkopi,Erimi,1
2026-09-08T06:39:09Z,2026-09-08T09:43:07.161965+03:00,_2,2900c00e1300,Kolossi,Germasogeia,0
2026-09-08T06:39:09Z,2026-09-08T09:43:07.161965+03:00,_0,06afc6492b14,Exit 24 >E127 Germasogeia / E113 Lemesos-Centre,Germasogeia,2
2026-09-08T06:39:09Z,2026-09-08T09:43:07.161965+03:00,_1,3e1d75b9e16e,Agios Athanasios,"to A6 > Pafos, Pafos Airport",0
2026-09-08T06:49:15Z,2026-09-08T09:53:21.340448+03:00,_0,fe72ea2b224f,Strovolos,Lemesou Ave,0
2026-09-08T06:49:15Z,2026-09-08T09:53:21.340448+03:00,_1,1c3025f6d361,Strovolos,Lemesou Ave,3
2026-09-08T06:49:15Z,2026-09-08T09:53:21.340448+03:00,_2,3909c4aec98f,Aglantzia,Lemesou Ave,0
2026-09-08T06:49:15Z,2026-09-08T09:53:21.340448+03:00,_3,afb45941e5c2,A1,E164 - Armenias,4
2026-09-08T06:49:15Z,2026-09-08T09:53:21.340448+03:00,_4,a95604920bd3,E164 - Armenias,Archiepiskopou Makariou III Ave,0
2026-09-08T06:49:15Z,2026-09-08T09:53:21.340448+03:00,_0,72b03ff9b5bc,E110,E110 - Agias Fylaxeos,0
2026-09-08T06:49:15Z,2026-09-08T09:53:21.340448+03:00,_1,e50ca2ecb1e0,E110 - 1 Apriliou,,3
2026-09-08T06:49:15Z,2026-09-08T09:53:21.340448+03:00,_2,94bd22476a9c,E110 - Agias Fylaxeos,E147 - Archiepiskopou Makariou III Ave,0
2026-09-08T06:49:15Z,2026-09-08T09:53:21.340448+03:00,_3,88697bca4b53,Agias Filaxeos,E147 - Archiepiskopou Makariou III Ave,4
2026-09-08T06:49:15Z,2026-09-08T09:53:21.340448+03:00,_0,07b7eb11e965,E147 - Archiepiskopou Makariou III Ave,E110 - 1 Apriliou,0
2026-09-08T06:49:15Z,2026-09-08T09:53:21.340448+03:00,_1,de7c5d112dc2,E110 - 1 Apriliou,E110 - Eleftherias,2
2026-09-08T06:49:15Z,2026-09-08T09:53:21.340448+03:00,_2,5f1fec2aa9f9,E110 - 1 Apriliou,E110,0
2026-09-08T06:49:15Z,2026-09-08T09:53:21.340448+03:00,_0,06afc6492b14,Exit 24 >E127 Germasogeia / E113 Lemesos-Centre,Germasogeia,2
2026-09-08T06:49:15Z,2026-09-08T09:53:21.340448+03:00,_1,3e1d75b9e16e,Agios Athanasios,"to A6 > Pafos, Pafos Airport",0
2026-09-08T06:49:15Z,2026-09-08T09:53:21.340448+03:00,_0,d0dc64f54734,,Lemesou Ave,0
2026-09-08T06:49:15Z,2026-09-08T09:53:21.340448+03:00,_1,1c3025f6d361,Strovolos,Lemesou Ave,3
2026-09-08T06:49:15Z,2026-09-08T09:53:21.340448+03:00,_2,3909c4aec98f,Aglantzia,Lemesou Ave,0
2026-09-08T06:49:15Z,2026-09-08T09:53:21.340448+03:00,_3,afb45941e5c2,A1,E164 - Armenias,4
2026-09-08T06:49:15Z,2026-09-08T09:53:21.340448+03:00,_4,49ccf1893428,E164 - Armenias,E1302 - Nikis Ave,0
2026-09-08T06:49:15Z,2026-09-08T09:53:21.340448+03:00,_5,910016111853,B18 - Georgiou Griva Digeni Ave,B18 - Georgiou Griva Digeni Ave,4
2026-09-08T06:49:15Z,2026-09-08T09:53:21.340448+03:00,_6,bbf67e32aa17,B18 - Georgiou Griva Digeni Ave,Evagorou Ave,0
2026-09-08T06:59:23Z,2026-09-08T10:03:34.866795+03:00,_0,fe72ea2b224f,Strovolos,Lemesou Ave,0
2026-09-08T06:59:23Z,2026-09-08T10:03:34.866795+03:00,_1,1c3025f6d361,Strovolos,Lemesou Ave,4
2026-09-08T06:59:23Z,2026-09-08T10:03:34.866795+03:00,_2,3909c4aec98f,Aglantzia,Lemesou Ave,0
2026-09-08T06:59:23Z,2026-09-08T10:03:34.866795+03:00,_3,afb45941e5c2,A1,E164 - Armenias,4
2026-09-08T06:59:23Z,2026-09-08T10:03:34.866795+03:00,_4,a95604920bd3,E164 - Armenias,Archiepiskopou Makariou III Ave,0
2026-09-08T06:59:23Z,2026-09-08T10:03:34.866795+03:00,_0,431f99d1e0ab,E110,E110 - Agias Fylaxeos,0
2026-09-08T06:59:23Z,2026-09-08T10:03:34.866795+03:00,_1,b8e1983f3a68,E110 - Agias Fylaxeos,,3
2026-09-08T06:59:23Z,2026-09-08T10:03:34.866795+03:00,_2,e33776a3a190,E110 - Agias Fylaxeos,Agias Filaxeos,0
2026-09-08T06:59:23Z,2026-09-08T10:03:34.866795+03:00,_3,0a5c4761a6b4,Agias Filaxeos,Vasileos Georgiou II,3
2026-09-08T06:59:23Z,2026-09-08T10:03:34.866795+03:00,_4,fd1ec1f2cdf4,Agias Filaxeos,E147 - Archiepiskopou Makariou III Ave,0
2026-09-08T06:59:23Z,2026-09-08T10:03:34.866795+03:00,_5,676c339d8b55,Agias Filaxeos,E147 - Archiepiskopou Makariou III Ave,4
2026-09-08T06:59:23Z,2026-09-08T10:03:34.866795+03:00,_0,06afc6492b14,Exit 24 >E127 Germasogeia / E113 Lemesos-Centre,Germasogeia,2
2026-09-08T06:59:23Z,2026-09-08T10:03:34.866795+03:00,_1,3e1d75b9e16e,Agios Athanasios,"to A6 > Pafos, Pafos Airport",0
2026-09-08T06:59:23Z,2026-09-08T10:03:34.866795+03:00,_0,d0dc64f54734,,Lemesou Ave,0
2026-09-08T06:59:23Z,2026-09-08T10:03:34.866795+03:00,_1,1c3025f6d361,Strovolos,Lemesou Ave,4
2026-09-08T06:59:23Z,2026-09-08T10:03:34.866795+03:00,_2,3909c4aec98f,Aglantzia,Lemesou Ave,0
2026-09-08T06:59:23Z,2026-09-08T10:03:34.866795+03:00,_3,afb45941e5c2,A1,E164 - Armenias,4
2026-09-08T06:59:23Z,2026-09-08T10:03:34.866795+03:00,_4,49ccf1893428,E164 - Armenias,E1302 - Nikis Ave,0
2026-09-08T06:59:23Z,2026-09-08T10:03:34.866795+03:00,_5,910016111853,B18 - Georgiou Griva Digeni Ave,B18 - Georgiou Griva Digeni Ave,4
2026-09-08T06:59:23Z,2026-09-08T10:03:34.866795+03:00,_6,bbf67e32aa17,B18 - Georgiou Griva Digeni Ave,Evagorou Ave,0
2026-09-08T11:09:02Z,2026-09-08T14:13:18.296123+03:00,_0,69fc3b9dbbdd,Strovolos,Archiepiskopou Makariou III Ave,0
2026-09-08T11:09:02Z,2026-09-08T14:13:18.296123+03:00,_1,e9824d0075f7,Lemesou Ave,,3
2026-09-08T11:09:02Z,2026-09-08T14:13:18.296123+03:00,_2,91353c408128,,Lemesou Ave,0
2026-09-08T11:09:02Z,2026-09-08T14:13:18.296123+03:00,_0,9e81f5db7a01,E147 - Archiepiskopou Makariou III Ave,Agias Filaxeos,4
2026-09-08T11:09:02Z,2026-09-08T14:13:18.296123+03:00,_1,6d361d6b81cd,E147 - Archiepiskopou Makariou III Ave,Agias Filaxeos,0
2026-09-08T11:09:02Z,2026-09-08T14:13:18.296123+03:00,_2,7a327987b414,Agias Filaxeos,Agias Filaxeos,2
2026-09-08T11:09:02Z,2026-09-08T14:13:18.296123+03:00,_3,62f9e9861a53,Agias Filaxeos,E110,0
2026-09-08T11:09:02Z,2026-09-08T14:13:18.296123+03:00,_0,72b03ff9b5bc,E110,E110 - Agias Fylaxeos,0
2026-09-08T11:09:02Z,2026-09-08T14:13:18.296123+03:00,_1,e50ca2ecb1e0,E110 - 1 Apriliou,,2
2026-09-08T11:09:02Z,2026-09-08T14:13:18.296123+03:00,_2,f8441603e171,E110 - Agias Fylaxeos,Agias Filaxeos,0
2026-09-08T11:09:02Z,2026-09-08T14:13:18.296123+03:00,_3,ebd1dcd2b2a6,Agias Filaxeos,E147 - Archiepiskopou Makariou III Ave,3
2026-09-08T11:09:02Z,2026-09-08T14:13:18.296123+03:00,_0,daca33dbcb0d,,Archiepiskopou Makariou III Ave,0
2026-09-08T11:09:02Z,2026-09-08T14:13:18.296123+03:00,_1,e9824d0075f7,Lemesou Ave,,3
2026-09-08T11:09:02Z,2026-09-08T14:13:18.296123+03:00,_2,a84133578e83,,Evagorou Ave,0
2026-09-08T11:19:28Z,2026-09-08T14:23:29.978489+03:00,_0,044a01c053a4,E147 - Archiepiskopou Makariou III Ave,Agias Filaxeos,3
2026-09-08T11:19:28Z,2026-09-08T14:23:29.978489+03:00,_1,c600f51b74cd,Agias Filaxeos,Agias Filaxeos,0
2026-09-08T11:19:28Z,2026-09-08T14:23:29.978489+03:00,_2,e0103df7d76d,Agias Filaxeos,Agias Filaxeos,2
2026-09-08T11:19:28Z,2026-09-08T14:23:29.978489+03:00,_3,bbd3d4041441,Agias Filaxeos,Agias Filaxeos,0
2026-09-08T11:19:28Z,2026-09-08T14:23:29.978489+03:00,_4,a4260c51b19c,Steliou Kyriakidi,,3
2026-09-08T11:19:28Z,2026-09-08T14:23:29.978489+03:00,_5,f5f94ff22484,Agias Filaxeos,E110,0
2026-09-08T11:19:28Z,2026-09-08T14:23:29.978489+03:00,_0,df567d5dbf59,E110,E110 - Agias Fylaxeos,0
2026-09-08T11:19:28Z,2026-09-08T14:23:29.978489+03:00,_1,883ce04f7136,E110 - 1 Apriliou,,3
2026-09-08T11:19:28Z,2026-09-08T14:23:29.978489+03:00,_2,94bd22476a9c,E110 - Agias Fylaxeos,E147 - Archiepiskopou Makariou III Ave,0
2026-09-08T11:19:28Z,2026-09-08T14:23:29.978489+03:00,_3,88697bca4b53,Agias Filaxeos,E147 - Archiepiskopou Makariou III Ave,3
2026-09-08T11:19:28Z,2026-09-08T14:23:29.978489+03:00,_0,1903b2559960,,Archiepiskopou Makariou III Ave,0
2026-09-08T11:19:28Z,2026-09-08T14:23:29.978489+03:00,_1,660d388bb733,Lemesou Ave,Archiepiskopou Makariou III Ave,2
2026-09-08T11:19:28Z,2026-09-08T14:23:29.978489+03:00,_2,8fab7dfc83f0,Lemesou Ave,Evagorou Ave,0
2026-09-08T11:29:33Z,2026-09-08T14:33:43.416956+03:00,_0,920305ee9a1e,E147 - Archiepiskopou Makariou III Ave,Agias Filaxeos,0
2026-09-08T11:29:33Z,2026-09-08T14:33:43.416956+03:00,_1,a4260c51b19c,Steliou Kyriakidi,,4
2026-09-08T11:29:33Z,2026-09-08T14:33:43.416956+03:00,_2,f5f94ff22484,Agias Filaxeos,E110,0
2026-09-08T11:29:33Z,2026-09-08T14:33:43.416956+03:00,_0,431f99d1e0ab,E110,E110 - Agias Fylaxeos,0
2026-09-08T11:29:33Z,2026-09-08T14:33:43.416956+03:00,_1,b8e1983f3a68,E110 - Agias Fylaxeos,,3
2026-09-08T11:29:33Z,2026-09-08T14:33:43.416956+03:00,_2,c8792afe581d,E110 - Agias Fylaxeos,E147 - Archiepiskopou Makariou III Ave,0
2026-09-08T11:29:33Z,2026-09-08T14:33:43.416956+03:00,_0,1903b2559960,,Archiepiskopou Makariou III Ave,0
2026-09-08T11:29:33Z,2026-09-08T14:33:43.416956+03:00,_1,660d388bb733,Lemesou Ave,Archiepiskopou Makariou III Ave,2
2026-09-08T11:29:33Z,2026-09-08T14:33:43.416956+03:00,_2,8fab7dfc83f0,Lemesou Ave,Evagorou Ave,0
2026-09-08T11:40:01Z,2026-09-08T14:44:58.147025+03:00,_0,69fc3b9dbbdd,Strovolos,Archiepiskopou Makariou III Ave,0
2026-09-08T11:40:01Z,2026-09-08T14:44:58.147025+03:00,_1,c57daf65c80e,Lemesou Ave,Archiepiskopou Makariou III Ave,2
2026-09-08T11:40:01Z,2026-09-08T14:44:58.147025+03:00,_0,72b03ff9b5bc,E110,E110 - Agias Fylaxeos,0
2026-09-08T11:40:01Z,2026-09-08T14:44:58.147025+03:00,_1,e50ca2ecb1e0,E110 - 1 Apriliou,,3
2026-09-08T11:40:01Z,2026-09-08T14:44:58.147025+03:00,_2,c8792afe581d,E110 - Agias Fylaxeos,E147 - Archiepiskopou Makariou III Ave,0
2026-09-08T11:40:01Z,2026-09-08T14:44:58.147025+03:00,_0,daca33dbcb0d,,Archiepiskopou Makariou III Ave,0
2026-09-08T11:40:01Z,2026-09-08T14:44:58.147025+03:00,_1,43f05193c4b0,Lemesou Ave,Archiepiskopou Makariou III Ave,2
2026-09-08T11:40:01Z,2026-09-08T14:44:58.147025+03:00,_2,8fab7dfc83f0,Lemesou Ave,Evagorou Ave,0
2026-09-08T11:50:06Z,2026-09-08T14:54:10.476394+03:00,_0,69fc3b9dbbdd,Strovolos,Archiepiskopou Makariou III Ave,0
2026-09-08T11:50:06Z,2026-09-08T14:54:10.476394+03:00,_1,c57daf65c80e,Lemesou Ave,Archiepiskopou Makariou III Ave,3
2026-09-08T11:50:06Z,2026-09-08T14:54:10.476394+03:00,_0,920305ee9a1e,E147 - Archiepiskopou Makariou III Ave,Agias Filaxeos,0
2026-09-08T11:50:06Z,2026-09-08T14:54:10.476394+03:00,_1,a4260c51b19c,Steliou Kyriakidi,,4
2026-09-08T11:50:06Z,2026-09-08T14:54:10.476394+03:00,_2,58db42ee5329,Agias Filaxeos,E110 - 1 Apriliou,0
2026-09-08T11:50:06Z,2026-09-08T14:54:10.476394+03:00,_3,9f4f77006632,E110 - 1 Apriliou,E110 - Eleftherias,3
2026-09-08T11:50:06Z,2026-09-08T14:54:10.476394+03:00,_4,c97b954fcb12,E110 - 1 Apriliou,E110,0
2026-09-08T11:50:06Z,2026-09-08T14:54:10.476394+03:00,_0,72b03ff9b5bc,E110,E110 - Agias Fylaxeos,0
2026-09-08T11:50:06Z,2026-09-08T14:54:10.476394+03:00,_1,e50ca2ecb1e0,E110 - 1 Apriliou,,2
2026-09-08T11:50:06Z,2026-09-08T14:54:10.476394+03:00,_2,c8792afe581d,E110 - Agias Fylaxeos,E147 - Archiepiskopou Makariou III Ave,0
2026-09-08T11:50:06Z,2026-09-08T14:54:10.476394+03:00,_0,daca33dbcb0d,,Archiepiskopou Makariou III Ave,0
2026-09-08T11:50:06Z,2026-09-08T14:54:10.476394+03:00,_1,43f05193c4b0,Lemesou Ave,Archiepiskopou Makariou III Ave,3
2026-09-08T11:50:06Z,2026-09-08T14:54:10.476394+03:00,_2,7e9e53411917,Lemesou Ave,E1302 - Nikis Ave,0
2026-09-08T11:50:06Z,2026-09-08T14:54:10.476394+03:00,_3,910016111853,B18 - Georgiou Griva Digeni Ave,B18 - Georgiou Griva Digeni Ave,4
2026-09-08T11:50:06Z,2026-09-08T14:54:10.476394+03:00,_4,bbf67e32aa17,B18 - Georgiou Griva Digeni Ave,Evagorou Ave,0
2026-09-08T11:50:06Z,2026-09-08T14:54:10.476394+03:00,_0,06afc6492b14,Exit 24 >E127 Germasogeia / E113 Lemesos-Centre,Germasogeia,1
2026-09-08T11:50:06Z,2026-09-08T14:54:10.476394+03:00,_1,3e1d75b9e16e,Agios Athanasios,"to A6 > Pafos, Pafos Airport",0
2026-09-08T12:00:10Z,2026-09-08T15:04:21.886712+03:00,_0,fe72ea2b224f,Strovolos,Lemesou Ave,0
2026-09-08T12:00:10Z,2026-09-08T15:04:21.886712+03:00,_1,1c3025f6d361,Strovolos,Lemesou Ave,4
2026-09-08T12:00:10Z,2026-09-08T15:04:21.886712+03:00,_2,7c50b274239b,Aglantzia,E164 - Armenias,0
2026-09-08T12:00:10Z,2026-09-08T15:04:21.886712+03:00,_3,c57daf65c80e,Lemesou Ave,Archiepiskopou Makariou III Ave,3
2026-09-08T12:00:10Z,2026-09-08T15:04:21.886712+03:00,_0,e840a4c3672b,E147 - Archiepiskopou Makariou III Ave,Steliou Kyriakidi,0
2026-09-08T12:00:10Z,2026-09-08T15:04:21.886712+03:00,_1,a80760be4702,Ivykou,Agias Filaxeos,4
2026-09-08T12:00:10Z,2026-09-08T15:04:21.886712+03:00,_2,87a7ea39e613,Steliou Kyriakidi,E110,0
2026-09-08T12:00:10Z,2026-09-08T15:04:21.886712+03:00,_0,72b03ff9b5bc,E110,E110 - Agias Fylaxeos,0
2026-09-08T12:00:10Z,2026-09-08T15:04:21.886712+03:00,_1,e50ca2ecb1e0,E110 - 1 Apriliou,,3
2026-09-08T12:00:10Z,2026-09-08T15:04:21.886712+03:00,_2,c8792afe581d,E110 - Agias Fylaxeos,E147 - Archiepiskopou Makariou III Ave,0
2026-09-08T12:00:10Z,2026-09-08T15:04:21.886712+03:00,_0,d0dc64f54734,,Lemesou Ave,0
2026-09-08T12:00:10Z,2026-09-08T15:04:21.886712+03:00,_1,1c3025f6d361,Strovolos,Lemesou Ave,4
2026-09-08T12:00:10Z,2026-09-08T15:04:21.886712+03:00,_2,7c50b274239b,Aglantzia,E164 - Armenias,0
2026-09-08T12:00:10Z,2026-09-08T15:04:21.886712+03:00,_3,43f05193c4b0,Lemesou Ave,Archiepiskopou Makariou III Ave,3
2026-09-08T12:00:10Z,2026-09-08T15:04:21.886712+03:00,_4,7e9e53411917,Lemesou Ave,E1302 - Nikis Ave,0
2026-09-08T12:00:10Z,2026-09-08T15:04:21.886712+03:00,_5,910016111853,B18 - Georgiou Griva Digeni Ave,B18 - Georgiou Griva Digeni Ave,4
2026-09-08T12:00:10Z,2026-09-08T15:04:21.886712+03:00,_6,bbf67e32aa17,B18 - Georgiou Griva Digeni Ave,Evagorou Ave,0
2026-09-08T12:00:10Z,2026-09-08T15:04:21.886712+03:00,_0,8722f7172fdb,Leoforos Strovolou,E116 - Athalassis Ave,0
2026-09-08T12:00:10Z,2026-09-08T15:04:21.886712+03:00,_1,27e6462ca64f,Strovolou Ave,Strovolou Ave,1
2026-09-08T12:00:10Z,2026-09-08T15:04:21.886712+03:00,_2,9c34e9b9062e,Strovolou Ave,E902 - Proedrikou Megarou Ave,0
2026-09-08T12:00:10Z,2026-09-08T15:04:21.886712+03:00,_3,c04a316c4fdd,Strovolou Ave,E902 - Proedrikou Megarou Ave,2
2026-09-08T12:00:10Z,2026-09-08T15:04:21.886712+03:00,_4,c6ac6530f2b9,Strovolou Ave,E902 - Proedrikou Megarou Ave,0
2026-09-08T12:10:18Z,2026-09-08T15:14:35.609567+03:00,_0,e840a4c3672b,E147 - Archiepiskopou Makariou III Ave,Steliou Kyriakidi,0
2026-09-08T12:10:18Z,2026-09-08T15:14:35.609567+03:00,_1,a80760be4702,Ivykou,Agias Filaxeos,4
2026-09-08T12:10:18Z,2026-09-08T15:14:35.609567+03:00,_2,a4260c51b19c,Steliou Kyriakidi,,3
2026-09-08T12:10:18Z,2026-09-08T15:14:35.609567+03:00,_3,f5f94ff22484,Agias Filaxeos,E110,0
2026-09-08T12:10:18Z,2026-09-08T15:14:35.609567+03:00,_0,69fc3b9dbbdd,Strovolos,Archiepiskopou Makariou III Ave,0
2026-09-08T12:10:18Z,2026-09-08T15:14:35.609567+03:00,_1,c57daf65c80e,Lemesou Ave,Archiepiskopou Makariou III Ave,3
2026-09-08T12:10:18Z,2026-09-08T15:14:35.609567+03:00,_0,72b03ff9b5bc,E110,E110 - Agias Fylaxeos,0
2026-09-08T12:10:18Z,2026-09-08T15:14:35.609567+03:00,_1,e50ca2ecb1e0,E110 - 1 Apriliou,,3
2026-09-08T12:10:18Z,2026-09-08T15:14:35.609567+03:00,_2,c8792afe581d,E110 - Agias Fylaxeos,E147 - Archiepiskopou Makariou III Ave,0
2026-09-08T12:10:18Z,2026-09-08T15:14:35.609567+03:00,_0,daca33dbcb0d,,Archiepiskopou Makariou III Ave,0
2026-09-08T12:10:18Z,2026-09-08T15:14:35.609567+03:00,_1,43f05193c4b0,Lemesou Ave,Archiepiskopou Makariou III Ave,3
2026-09-08T12:10:18Z,2026-09-08T15:14:35.609567+03:00,_2,7e9e53411917,Lemesou Ave,E1302 - Nikis Ave,0
2026-09-08T12:10:18Z,2026-09-08T15:14:35.609567+03:00,_3,910016111853,B18 - Georgiou Griva Digeni Ave,B18 - Georgiou Griva Digeni Ave,4
2026-09-08T12:10:18Z,2026-09-08T15:14:35.609567+03:00,_4,f3ce7a5c0882,B18 - Georgiou Griva Digeni Ave,B19 - Omirou Ave,0
2026-09-08T12:10:18Z,2026-09-08T15:14:35.609567+03:00,_5,ecb8295957ab,Omirou Ave,Dionysiou Solomou Square,4
2026-09-08T12:10:18Z,2026-09-08T15:14:35.609567+03:00,_6,b94aa02d2a10,Dionysiou Solomou Square,Anastasiou Leventi,0
2026-09-08T12:20:22Z,2026-09-08T15:24:48.078308+03:00,_0,e840a4c3672b,E147 - Archiepiskopou Makariou III Ave,Steliou Kyriakidi,0
2026-09-08T12:20:22Z,2026-09-08T15:24:48.078308+03:00,_1,fbdd0e351f56,Ivykou,,4
2026-09-08T12:20:22Z,2026-09-08T15:24:48.078308+03:00,_2,f5f94ff22484,Agias Filaxeos,E110,0
2026-09-08T12:20:22Z,2026-09-08T15:24:48.078308+03:00,_0,af4b6e415491,Georgiou Neofytou,Spyrou Kyprianou Ave,0
2026-09-08T12:20:22Z,2026-09-08T15:24:48.078308+03:00,_1,b767bbb73e7a,Spyrou Kyprianou Ave,Spyrou Kyprianou Ave,3
2026-09-08T12:20:22Z,2026-09-08T15:24:48.078308+03:00,_2,b16f06e86626,Spyrou Kyprianou Ave,Angelou Vlachou,0
2026-09-08T12:20:22Z,2026-09-08T15:24:48.078308+03:00,_0,717e390521ff,Strovolos,Archiepiskopou Makariou III Ave,0
2026-09-08T12:20:22Z,2026-09-08T15:24:48.078308+03:00,_1,a95604920bd3,E164 - Armenias,Archiepiskopou Makariou III Ave,3
2026-09-08T12:20:22Z,2026-09-08T15:24:48.078308+03:00,_0,72b03ff9b5bc,E110,E110 - Agias Fylaxeos,0
2026-09-08T12:20:22Z,2026-09-08T15:24:48.078308+03:00,_1,e50ca2ecb1e0,E110 - 1 Apriliou,,2
2026-09-08T12:20:22Z,2026-09-08T15:24:48.078308+03:00,_2,73c10e640ed1,E110 - Agias Fylaxeos,E147 - Archiepiskopou Makariou III Ave,0
2026-09-08T12:20:22Z,2026-09-08T15:24:48.078308+03:00,_3,676c339d8b55,Agias Filaxeos,E147 - Archiepiskopou Makariou III Ave,2
2026-09-08T12:20:22Z,2026-09-08T15:24:48.078308+03:00,_0,c130c98e78f5,,Archiepiskopou Makariou III Ave,0
2026-09-08T12:20:22Z,2026-09-08T15:24:48.078308+03:00,_1,265266c3e024,E164 - Armenias,Archiepiskopou Makariou III Ave,3
2026-09-08T12:20:22Z,2026-09-08T15:24:48.078308+03:00,_2,5aa9f8d8c10c,Lemesou Ave,Archiepiskopou Makariou III Ave,0
2026-09-08T12:20:22Z,2026-09-08T15:24:48.078308+03:00,_3,e416e06b7bb8,Archiepiskopou Makariou III Ave,B18 - Georgiou Griva Digeni Ave,3
2026-09-08T12:20:22Z,2026-09-08T15:24:48.078308+03:00,_4,7c1a88e2db2c,Archiepiskopou Makariou III Ave,E1302 - Nikis Ave,0
2026-09-08T12:20:22Z,2026-09-08T15:24:48.078308+03:00,_5,910016111853,B18 - Georgiou Griva Digeni Ave,B18 - Georgiou Griva Digeni Ave,3
2026-09-08T12:20:22Z,2026-09-08T15:24:48.078308+03:00,_6,83a6d874f3a1,B18 - Georgiou Griva Digeni Ave,Omirou Ave,0
2026-09-08T12:20:22Z,2026-09-08T15:24:48.078308+03:00,_7,34c1a4955017,E165 - Diagorou,Omirou Ave,3
2026-09-08T12:20:22Z,2026-09-08T15:24:48.078308+03:00,_8,fd6ba7526a4f,E165 - Diagorou,B19 - Omirou Ave,0
2026-09-08T12:20:22Z,2026-09-08T15:24:48.078308+03:00,_9,c500d15577b1,Omirou Ave,Anastasiou Leventi,3
2026-09-08T12:30:26Z,2026-09-08T15:35:02.797921+03:00,_0,137f66eaa4ab,E147 - Archiepiskopou Makariou III Ave,Agias Filaxeos,4
2026-09-08T12:30:26Z,2026-09-08T15:35:02.797921+03:00,_1,fa4a61cc12e7,E147 - Archiepiskopou Makariou III Ave,Steliou Kyriakidi,0
2026-09-08T12:30:26Z,2026-09-08T15:35:02.797921+03:00,_2,fbdd0e351f56,Ivykou,,4
2026-09-08T12:30:26Z,2026-09-08T15:35:02.797921+03:00,_3,f5f94ff22484,Agias Filaxeos,E110,0
2026-09-08T12:30:26Z,2026-09-08T15:35:02.797921+03:00,_0,69fc3b9dbbdd,Strovolos,Archiepiskopou Makariou III Ave,0
2026-09-08T12:30:26Z,2026-09-08T15:35:02.797921+03:00,_1,c57daf65c80e,Lemesou Ave,Archiepiskopou Makariou III Ave,3
2026-09-08T12:30:26Z,2026-09-08T15:35:02.797921+03:00,_0,af4b6e415491,Georgiou Neofytou,Spyrou Kyprianou Ave,0
2026-09-08T12:30:26Z,2026-09-08T15:35:02.797921+03:00,_1,b767bbb73e7a,Spyrou Kyprianou Ave,Spyrou Kyprianou Ave,3
2026-09-08T12:30:26Z,2026-09-08T15:35:02.797921+03:00,_2,b16f06e86626,Spyrou Kyprianou Ave,Angelou Vlachou,0
2026-09-08T12:30:26Z,2026-09-08T15:35:02.797921+03:00,_0,72b03ff9b5bc,E110,E110 - Agias Fylaxeos,0
2026-09-08T12:30:26Z,2026-09-08T15:35:02.797921+03:00,_1,e50ca2ecb1e0,E110 - 1 Apriliou,,3
2026-09-08T12:30:26Z,2026-09-08T15:35:02.797921+03:00,_2,f8441603e171,E110 - Agias Fylaxeos,Agias Filaxeos,0
2026-09-08T12:30:26Z,2026-09-08T15:35:02.797921+03:00,_3,e215cb2d5309,Agias Filaxeos,Agias Filaxeos,1
2026-09-08T12:30:26Z,2026-09-08T15:35:02.797921+03:00,_4,3c3f633ce8a4,Agias Filaxeos,Agias Filaxeos,0
2026-09-08T12:30:26Z,2026-09-08T15:35:02.797921+03:00,_5,95682b7f2663,Agias Filaxeos,E147 - Archiepiskopou Makariou III Ave,3
2026-09-08T12:30:26Z,2026-09-08T15:35:02.797921+03:00,_0,daca33dbcb0d,,Archiepiskopou Makariou III Ave,0
2026-09-08T12:30:26Z,2026-09-08T15:35:02.797921+03:00,_1,43f05193c4b0,Lemesou Ave,Archiepiskopou Makariou III Ave,3
2026-09-08T12:30:26Z,2026-09-08T15:35:02.797921+03:00,_2,5aa9f8d8c10c,Lemesou Ave,Archiepiskopou Makariou III Ave,0
2026-09-08T12:30:26Z,2026-09-08T15:35:02.797921+03:00,_3,e416e06b7bb8,Archiepiskopou Makariou III Ave,B18 - Georgiou Griva Digeni Ave,3
2026-09-08T12:30:26Z,2026-09-08T15:35:02.797921+03:00,_4,7c1a88e2db2c,Archiepiskopou Makariou III Ave,E1302 - Nikis Ave,0
2026-09-08T12:30:26Z,2026-09-08T15:35:02.797921+03:00,_5,910016111853,B18 - Georgiou Griva Digeni Ave,B18 - Georgiou Griva Digeni Ave,4
2026-09-08T12:30:26Z,2026-09-08T15:35:02.797921+03:00,_6,83a6d874f3a1,B18 - Georgiou Griva Digeni Ave,Omirou Ave,0
2026-09-08T12:30:26Z,2026-09-08T15:35:02.797921+03:00,_7,34c1a4955017,E165 - Diagorou,Omirou Ave,3
2026-09-08T12:30:26Z,2026-09-08T15:35:02.797921+03:00,_8,fd6ba7526a4f,E165 - Diagorou,B19 - Omirou Ave,0
2026-09-08T12:30:26Z,2026-09-08T15:35:02.797921+03:00,_9,c500d15577b1,Omirou Ave,Anastasiou Leventi,3
2026-09-08T12:30:26Z,2026-09-08T15:35:02.797921+03:00,_0,860a91c0b7e8,Leoforos Strovolou,E116 - Athalassis Ave,0
2026-09-08T12:30:26Z,2026-09-08T15:35:02.797921+03:00,_1,f7e3a498d80e,Strovolou Ave,E902 - Proedrikou Megarou Ave,2
2026-09-08T12:30:26Z,2026-09-08T15:35:02.797921+03:00,_2,c6ac6530f2b9,Strovolou Ave,E902 - Proedrikou Megarou Ave,0
2026-09-08T12:40:32Z,2026-09-08T15:45:16.102749+03:00,_0,15ae2e1d5817,E147 - Archiepiskopou Makariou III Ave,Agias Filaxeos,0
2026-09-08T12:40:32Z,2026-09-08T15:45:16.102749+03:00,_1,e0103df7d76d,Agias Filaxeos,Agias Filaxeos,3
2026-09-08T12:40:32Z,2026-09-08T15:45:16.102749+03:00,_2,ec5eee792e7a,Agias Filaxeos,Steliou Kyriakidi,0
2026-09-08T12:40:32Z,2026-09-08T15:45:16.102749+03:00,_3,fbdd0e351f56,Ivykou,,4
2026-09-08T12:40:32Z,2026-09-08T15:45:16.102749+03:00,_4,f5f94ff22484,Agias Filaxeos,E110,0
2026-09-08T12:40:32Z,2026-09-08T15:45:16.102749+03:00,_0,69fc3b9dbbdd,Strovolos,Archiepiskopou Makariou III Ave,0
2026-09-08T12:40:32Z,2026-09-08T15:45:16.102749+03:00,_1,c57daf65c80e,Lemesou Ave,Archiepiskopou Makariou III Ave,3
2026-09-08T12:40:32Z,2026-09-08T15:45:16.102749+03:00,_0,72b03ff9b5bc,E110,E110 - Agias Fylaxeos,0
2026-09-08T12:40:32Z,2026-09-08T15:45:16.102749+03:00,_1,e50ca2ecb1e0,E110 - 1 Apriliou,,3
2026-09-08T12:40:32Z,2026-09-08T15:45:16.102749+03:00,_2,a3ae4f10ebab,E110 - Agias Fylaxeos,E147 - Archiepiskopou Makariou III Ave,0
2026-09-08T12:40:32Z,2026-09-08T15:45:16.102749+03:00,_3,0bea6912983e,Agias Filaxeos,E147 - Archiepiskopou Makariou III Ave,4
2026-09-08T12:40:32Z,2026-09-08T15:45:16.102749+03:00,_0,56e499724d69,Georgiou Neofytou,Spyrou Kyprianou Ave,0
2026-09-08T12:40:32Z,2026-09-08T15:45:16.102749+03:00,_1,81fe7edc69c5,Spyrou Kyprianou Ave,Spyrou Kyprianou Ave,3
2026-09-08T12:40:32Z,2026-09-08T15:45:16.102749+03:00,_2,b16f06e86626,Spyrou Kyprianou Ave,Angelou Vlachou,0
2026-09-08T12:40:32Z,2026-09-08T15:45:16.102749+03:00,_0,06afc6492b14,Exit 24 >E127 Germasogeia / E113 Lemesos-Centre,Germasogeia,1
2026-09-08T12:40:32Z,2026-09-08T15:45:16.102749+03:00,_1,9800ef0abc36,Agios Athanasios,Agios Athanasios,0
2026-09-08T12:40:32Z,2026-09-08T15:45:16.102749+03:00,_2,dacc6d517419,Agios Athanasios,Mesa Geitonia,1
2026-09-08T12:40:32Z,2026-09-08T15:45:16.102749+03:00,_3,e217100ddcd4,Lemesos,Lemesos,0
2026-09-08T12:40:32Z,2026-09-08T15:45:16.102749+03:00,_4,e1dac3423766,Lemesos,Lemesos,3
2026-09-08T12:40:32Z,2026-09-08T15:45:16.102749+03:00,_5,ef93f4872b51,Lemesos,"to A6 > Pafos, Pafos Airport",0
2026-09-08T12:40:32Z,2026-09-08T15:45:16.102749+03:00,_0,daca33dbcb0d,,Archiepiskopou Makariou III Ave,0
2026-09-08T12:40:32Z,2026-09-08T15:45:16.102749+03:00,_1,43f05193c4b0,Lemesou Ave,Archiepiskopou Makariou III Ave,3
2026-09-08T12:40:32Z,2026-09-08T15:45:16.102749+03:00,_2,5aa9f8d8c10c,Lemesou Ave,Archiepiskopou Makariou III Ave,0
2026-09-08T12:40:32Z,2026-09-08T15:45:16.102749+03:00,_3,e416e06b7bb8,Archiepiskopou Makariou III Ave,B18 - Georgiou Griva Digeni Ave,3
2026-09-08T12:40:32Z,2026-09-08T15:45:16.102749+03:00,_4,7c1a88e2db2c,Archiepiskopou Makariou III Ave,E1302 - Nikis Ave,0
2026-09-08T12:40:32Z,2026-09-08T15:45:16.102749+03:00,_5,910016111853,B18 - Georgiou Griva Digeni Ave,B18 - Georgiou Griva Digeni Ave,4
2026-09-08T12:40:32Z,2026-09-08T15:45:16.102749+03:00,_6,b2b582794c92,B18 - Georgiou Griva Digeni Ave,Omirou Ave,0
2026-09-08T12:40:32Z,2026-09-08T15:45:16.102749+03:00,_7,3b24bde2136c,E165 - Diagorou,Omirou Ave,2
2026-09-08T12:40:32Z,2026-09-08T15:45:16.102749+03:00,_8,be61879007bb,E165 - Diagorou,Anastasiou Leventi,0
2026-09-08T12:50:36Z,2026-09-08T15:55:30.154422+03:00,_0,e840a4c3672b,E147 - Archiepiskopou Makariou III Ave,Steliou Kyriakidi,0
2026-09-08T12:50:36Z,2026-09-08T15:55:30.154422+03:00,_1,fbdd0e351f56,Ivykou,,4
2026-09-08T12:50:36Z,2026-09-08T15:55:30.154422+03:00,_2,da3e19c838d1,Agias Filaxeos,,0
2026-09-08T12:50:36Z,2026-09-08T15:55:30.154422+03:00,_3,3085fde8fe93,Agias Filaxeos,E110 - Agias Fylaxeos,1
2026-09-08T12:50:36Z,2026-09-08T15:55:30.154422+03:00,_4,b1959e6f4216,,E110 - 1 Apriliou,0
2026-09-08T12:50:36Z,2026-09-08T15:55:30.154422+03:00,_5,de7c5d112dc2,E110 - 1 Apriliou,E110 - Eleftherias,2
2026-09-08T12:50:36Z,2026-09-08T15:55:30.154422+03:00,_6,5f1fec2aa9f9,E110 - 1 Apriliou,E110,0
2026-09-08T12:50:36Z,2026-09-08T15:55:30.154422+03:00,_0,69fc3b9dbbdd,Strovolos,Archiepiskopou Makariou III Ave,0
2026-09-08T12:50:36Z,2026-09-08T15:55:30.154422+03:00,_1,c57daf65c80e,Lemesou Ave,Archiepiskopou Makariou III Ave,3
2026-09-08T12:50:36Z,2026-09-08T15:55:30.154422+03:00,_0,db379abb1dc7,Georgiou Neofytou,Spyrou Kyprianou Ave,0
2026-09-08T12:50:36Z,2026-09-08T15:55:30.154422+03:00,_1,d485409681ec,Spyrou Kyprianou Ave,Spyrou Kyprianou Ave,3
2026-09-08T12:50:36Z,2026-09-08T15:55:30.154422+03:00,_2,b16f06e86626,Spyrou Kyprianou Ave,Angelou Vlachou,0
2026-09-08T12:50:36Z,2026-09-08T15:55:30.154422+03:00,_0,72b03ff9b5bc,E110,E110 - Agias Fylaxeos,0
2026-09-08T12:50:36Z,2026-09-08T15:55:30.154422+03:00,_1,e50ca2ecb1e0,E110 - 1 Apriliou,,4
2026-09-08T12:50:36Z,2026-09-08T15:55:30.154422+03:00,_2,a9a39a128bc3,E110 - Agias Fylaxeos,Agias Filaxeos,1
2026-09-08T12:50:36Z,2026-09-08T15:55:30.154422+03:00,_3,c40f98bbc82c,,E147 - Archiepiskopou Makariou III Ave,0
2026-09-08T12:50:36Z,2026-09-08T15:55:30.154422+03:00,_4,f8a1b1df72c7,Agias Filaxeos,E147 - Archiepiskopou Makariou III Ave,3
2026-09-08T12:50:36Z,2026-09-08T15:55:30.154422+03:00,_0,d6074089d8ef,Exit 24 >E127 Germasogeia / E113 Lemesos-Centre,A6,2
2026-09-08T12:50:36Z,2026-09-08T15:55:30.154422+03:00,_1,7afa14916510,Lemesos,A6,0
2026-09-08T12:50:36Z,2026-09-08T15:55:30.154422+03:00,_2,d7af27493189,A1,Kato Polemidia,2
2026-09-08T12:50:36Z,2026-09-08T15:55:30.154422+03:00,_3,35c11bfdc6c5,A1,"to A6 > Pafos, Pafos Airport",0
2026-09-08T12:50:36Z,2026-09-08T15:55:30.154422+03:00,_0,daca33dbcb0d,,Archiepiskopou Makariou III Ave,0
2026-09-08T12:50:36Z,2026-09-08T15:55:30.154422+03:00,_1,43f05193c4b0,Lemesou Ave,Archiepiskopou Makariou III Ave,3
2026-09-08T12:50:36Z,2026-09-08T15:55:30.154422+03:00,_2,585aa61a46fa,Lemesou Ave,B18 - Digeni Akrita Ave,0
2026-09-08T12:50:36Z,2026-09-08T15:55:30.154422+03:00,_3,055237d5336a,Archiepiskopou Makariou III Ave,B18 - Georgiou Griva Digeni Ave,3
2026-09-08T12:50:36Z,2026-09-08T15:55:30.154422+03:00,_4,7c1a88e2db2c,Archiepiskopou Makariou III Ave,E1302 - Nikis Ave,0
2026-09-08T12:50:36Z,2026-09-08T15:55:30.154422+03:00,_5,910016111853,B18 - Georgiou Griva Digeni Ave,B18 - Georgiou Griva Digeni Ave,4
2026-09-08T12:50:36Z,2026-09-08T15:55:30.154422+03:00,_6,bbf67e32aa17,B18 - Georgiou Griva Digeni Ave,Evagorou Ave,0
2026-09-08T13:00:40Z,2026-09-08T16:04:41.988038+03:00,_0,26ee8f360113,E147 - Archiepiskopou Makariou III Ave,Agias Filaxeos,2
2026-09-08T13:00:40Z,2026-09-08T16:04:41.988038+03:00,_1,ff57dd77b425,E147 - Archiepiskopou Makariou III Ave,Steliou Kyriakidi,0
2026-09-08T13:00:40Z,2026-09-08T16:04:41.988038+03:00,_2,fbdd0e351f56,Ivykou,,4
2026-09-08T13:00:40Z,2026-09-08T16:04:41.988038+03:00,_3,f5f94ff22484,Agias Filaxeos,E110,0
2026-09-08T13:00:40Z,2026-09-08T16:04:41.988038+03:00,_0,69fc3b9dbbdd,Strovolos,Archiepiskopou Makariou III Ave,0
2026-09-08T13:00:40Z,2026-09-08T16:04:41.988038+03:00,_1,c57daf65c80e,Lemesou Ave,Archiepiskopou Makariou III Ave,3
2026-09-08T13:00:40Z,2026-09-08T16:04:41.988038+03:00,_0,f2e7dbbab450,Exit 24 >E127 Germasogeia / E113 Lemesos-Centre,Mesa Geitonia,2
2026-09-08T13:00:40Z,2026-09-08T16:04:41.988038+03:00,_1,e217100ddcd4,Lemesos,Lemesos,0
2026-09-08T13:00:40Z,2026-09-08T16:04:41.988038+03:00,_2,e1dac3423766,Lemesos,Lemesos,3
2026-09-08T13:00:40Z,2026-09-08T16:04:41.988038+03:00,_3,ef93f4872b51,Lemesos,"to A6 > Pafos, Pafos Airport",0
2026-09-08T13:00:40Z,2026-09-08T16:04:41.988038+03:00,_0,daca33dbcb0d,,Archiepiskopou Makariou III Ave,0
2026-09-08T13:00:40Z,2026-09-08T16:04:41.988038+03:00,_1,43f05193c4b0,Lemesou Ave,Archiepiskopou Makariou III Ave,3
2026-09-08T13:00:40Z,2026-09-08T16:04:41.988038+03:00,_2,5074993633a6,Lemesou Ave,B19 - Omirou Ave,0
2026-09-08T13:00:40Z,2026-09-08T16:04:41.988038+03:00,_3,c500d15577b1,Omirou Ave,Anastasiou Leventi,3
2026-09-08T13:10:49Z,2026-09-08T16:14:55.859853+03:00,_0,15ae2e1d5817,E147 - Archiepiskopou Makariou III Ave,Agias Filaxeos,0
2026-09-08T13:10:49Z,2026-09-08T16:14:55.859853+03:00,_1,e0103df7d76d,Agias Filaxeos,Agias Filaxeos,3
2026-09-08T13:10:49Z,2026-09-08T16:14:55.859853+03:00,_2,bbd3d4041441,Agias Filaxeos,Agias Filaxeos,0
2026-09-08T13:10:49Z,2026-09-08T16:14:55.859853+03:00,_3,a4260c51b19c,Steliou Kyriakidi,,4
2026-09-08T13:10:49Z,2026-09-08T16:14:55.859853+03:00,_4,da3e19c838d1,Agias Filaxeos,,0
2026-09-08T13:10:49Z,2026-09-08T16:14:55.859853+03:00,_5,3085fde8fe93,Agias Filaxeos,E110 - Agias Fylaxeos,2
2026-09-08T13:10:49Z,2026-09-08T16:14:55.859853+03:00,_6,3e0cf08e2535,,E110,0
2026-09-08T13:10:49Z,2026-09-08T16:14:55.859853+03:00,_0,fe72ea2b224f,Strovolos,Lemesou Ave,0
2026-09-08T13:10:49Z,2026-09-08T16:14:55.859853+03:00,_1,1c3025f6d361,Strovolos,Lemesou Ave,4
2026-09-08T13:10:49Z,2026-09-08T16:14:55.859853+03:00,_2,7c50b274239b,Aglantzia,E164 - Armenias,0
2026-09-08T13:10:49Z,2026-09-08T16:14:55.859853+03:00,_3,c57daf65c80e,Lemesou Ave,Archiepiskopou Makariou III Ave,3
2026-09-08T13:10:49Z,2026-09-08T16:14:55.859853+03:00,_0,db379abb1dc7,Georgiou Neofytou,Spyrou Kyprianou Ave,0
2026-09-08T13:10:49Z,2026-09-08T16:14:55.859853+03:00,_1,bb8e26f01eed,Spyrou Kyprianou Ave,E114 - Archiepiskopou Makariou III Ave,3
2026-09-08T13:10:49Z,2026-09-08T16:14:55.859853+03:00,_2,170ca50cf9c5,E114 - Archiepiskopou Makariou III Ave,Angelou Vlachou,0
2026-09-08T13:10:49Z,2026-09-08T16:14:55.859853+03:00,_0,43286710d8e6,E110,E110 - 1 Apriliou,0
2026-09-08T13:10:49Z,2026-09-08T16:14:55.859853+03:00,_1,55eb501b9a43,E110 - 1 Apriliou,,3
2026-09-08T13:10:49Z,2026-09-08T16:14:55.859853+03:00,_2,fe74d39c2bdb,E110 - Agias Fylaxeos,Agias Filaxeos,2
2026-09-08T13:10:49Z,2026-09-08T16:14:55.859853+03:00,_3,ff936816b11c,Agias Filaxeos,E147 - Archiepiskopou Makariou III Ave,0
2026-09-08T13:10:49Z,2026-09-08T16:14:55.859853+03:00,_4,88697bca4b53,Agias Filaxeos,E147 - Archiepiskopou Makariou III Ave,3
2026-09-08T13:10:49Z,2026-09-08T16:14:55.859853+03:00,_0,f2e7dbbab450,Exit 24 >E127 Germasogeia / E113 Lemesos-Centre,Mesa Geitonia,1
2026-09-08T13:10:49Z,2026-09-08T16:14:55.859853+03:00,_1,0df26c3b855b,Lemesos,"to A6 > Pafos, Pafos Airport",0
2026-09-08T13:10:49Z,2026-09-08T16:14:55.859853+03:00,_0,d0dc64f54734,,Lemesou Ave,0
2026-09-08T13:10:49Z,2026-09-08T16:14:55.859853+03:00,_1,1c3025f6d361,Strovolos,Lemesou Ave,4
2026-09-08T13:10:49Z,2026-09-08T16:14:55.859853+03:00,_2,7c50b274239b,Aglantzia,E164 - Armenias,0
2026-09-08T13:10:49Z,2026-09-08T16:14:55.859853+03:00,_3,43f05193c4b0,Lemesou Ave,Archiepiskopou Makariou III Ave,3
2026-09-08T13:10:49Z,2026-09-08T16:14:55.859853+03:00,_4,585aa61a46fa,Lemesou Ave,B18 - Digeni Akrita Ave,0
2026-09-08T13:10:49Z,2026-09-08T16:14:55.859853+03:00,_5,055237d5336a,Archiepiskopou Makariou III Ave,B18 - Georgiou Griva Digeni Ave,3
2026-09-08T13:10:49Z,2026-09-08T16:14:55.859853+03:00,_6,91de5cc5bed2,Archiepiskopou Makariou III Ave,B18 - Georgiou Griva Digeni Ave,0
2026-09-08T13:10:49Z,2026-09-08T16:14:55.859853+03:00,_7,bd5c9c327179,B18 - Georgiou Griva Digeni Ave,Evagorou Ave,2
2026-09-08T13:10:49Z,2026-09-08T16:14:55.859853+03:00,_8,410e79c4a82f,E165 - Themistokli Dervi,B19 - Omirou Ave,0
2026-09-08T13:10:49Z,2026-09-08T16:14:55.859853+03:00,_9,ecb8295957ab,Omirou Ave,Dionysiou Solomou Square,3
2026-09-08T13:10:49Z,2026-09-08T16:14:55.859853+03:00,_10,b94aa02d2a10,Dionysiou Solomou Square,Anastasiou Leventi,0
2026-09-08T13:20:53Z,2026-09-08T16:25:09.852211+03:00,_0,137f66eaa4ab,E147 - Archiepiskopou Makariou III Ave,Agias Filaxeos,3
2026-09-08T13:20:53Z,2026-09-08T16:25:09.852211+03:00,_1,163a73e29f51,Agiou Artemiou,Agias Filaxeos,0
2026-09-08T13:20:53Z,2026-09-08T16:25:09.852211+03:00,_2,e0103df7d76d,Agias Filaxeos,Agias Filaxeos,3
2026-09-08T13:20:53Z,2026-09-08T16:25:09.852211+03:00,_3,ec5eee792e7a,Agias Filaxeos,Steliou Kyriakidi,0
2026-09-08T13:20:53Z,2026-09-08T16:25:09.852211+03:00,_4,fbdd0e351f56,Ivykou,,4
2026-09-08T13:20:53Z,2026-09-08T16:25:09.852211+03:00,_5,f780373a5188,Agias Filaxeos,E110 - Agias Fylaxeos,0
2026-09-08T13:20:53Z,2026-09-08T16:25:09.852211+03:00,_6,6841a02a1258,,E110 - 1 Apriliou,2
2026-09-08T13:20:53Z,2026-09-08T16:25:09.852211+03:00,_7,f99b72a378a5,E110 - Agias Fylaxeos,E110,0
2026-09-08T13:20:53Z,2026-09-08T16:25:09.852211+03:00,_0,fe72ea2b224f,Strovolos,Lemesou Ave,0
2026-09-08T13:20:53Z,2026-09-08T16:25:09.852211+03:00,_1,1c3025f6d361,Strovolos,Lemesou Ave,3
2026-09-08T13:20:53Z,2026-09-08T16:25:09.852211+03:00,_2,7c50b274239b,Aglantzia,E164 - Armenias,0
2026-09-08T13:20:53Z,2026-09-08T16:25:09.852211+03:00,_3,c57daf65c80e,Lemesou Ave,Archiepiskopou Makariou III Ave,3
2026-09-08T13:20:53Z,2026-09-08T16:25:09.852211+03:00,_0,56e499724d69,Georgiou Neofytou,Spyrou Kyprianou Ave,0
2026-09-08T13:20:53Z,2026-09-08T16:25:09.852211+03:00,_1,81fe7edc69c5,Spyrou Kyprianou Ave,E114 - Archiepiskopou Makariou III Ave,3
2026-09-08T13:20:53Z,2026-09-08T16:25:09.852211+03:00,_2,b16f06e86626,Grigori Afxentiou,Angelou Vlachou,0
2026-09-08T13:20:53Z,2026-09-08T16:25:09.852211+03:00,_0,5571d2934d78,E110,E110 - Agias Fylaxeos,0
2026-09-08T13:20:53Z,2026-09-08T16:25:09.852211+03:00,_1,0067285e4956,E110 - 1 Apriliou,E110 - Agias Fylaxeos,3
2026-09-08T13:20:53Z,2026-09-08T16:25:09.852211+03:00,_2,e50ca2ecb1e0,E110 - 1 Apriliou,,4
2026-09-08T13:20:53Z,2026-09-08T16:25:09.852211+03:00,_3,a3ae4f10ebab,E110 - Agias Fylaxeos,E147 - Archiepiskopou Makariou III Ave,0
2026-09-08T13:20:53Z,2026-09-08T16:25:09.852211+03:00,_4,f8a1b1df72c7,Agias Filaxeos,E147 - Archiepiskopou Makariou III Ave,3
2026-09-08T13:20:53Z,2026-09-08T16:25:09.852211+03:00,_0,92a354a8d94a,Leoforos Strovolou,E950 - Giannou Kranidioti,0
2026-09-08T13:20:53Z,2026-09-08T16:25:09.852211+03:00,_1,bc3172fccafa,E950 - Giannou Kranidioti,,4
2026-09-08T13:20:53Z,2026-09-08T16:25:09.852211+03:00,_2,3d4bb6787bac,E148 - Melinas Merkouri,E902 - Proedrikou Megarou Ave,0
2026-09-08T13:20:53Z,2026-09-08T16:25:09.852211+03:00,_0,f2e7dbbab450,Exit 24 >E127 Germasogeia / E113 Lemesos-Centre,Mesa Geitonia,1
2026-09-08T13:20:53Z,2026-09-08T16:25:09.852211+03:00,_1,0df26c3b855b,Lemesos,"to A6 > Pafos, Pafos Airport",0
2026-09-08T13:20:53Z,2026-09-08T16:25:09.852211+03:00,_0,d0dc64f54734,,Lemesou Ave,0
2026-09-08T13:20:53Z,2026-09-08T16:25:09.852211+03:00,_1,1c3025f6d361,Strovolos,Lemesou Ave,3
2026-09-08T13:20:53Z,2026-09-08T16:25:09.852211+03:00,_2,7c50b274239b,Aglantzia,E164 - Armenias,0
2026-09-08T13:20:53Z,2026-09-08T16:25:09.852211+03:00,_3,43f05193c4b0,Lemesou Ave,Archiepiskopou Makariou III Ave,3
2026-09-08T13:20:53Z,2026-09-08T16:25:09.852211+03:00,_4,5aa9f8d8c10c,Lemesou Ave,Archiepiskopou Makariou III Ave,0
2026-09-08T13:20:53Z,2026-09-08T16:25:09.852211+03:00,_5,e416e06b7bb8,Archiepiskopou Makariou III Ave,B18 - Georgiou Griva Digeni Ave,3
2026-09-08T13:20:53Z,2026-09-08T16:25:09.852211+03:00,_6,3a6b86a7635c,Archiepiskopou Makariou III Ave,B19 - Omirou Ave,0
2026-09-08T13:20:53Z,2026-09-08T16:25:09.852211+03:00,_7,ecb8295957ab,Omirou Ave,Dionysiou Solomou Square,3
2026-09-08T13:20:53Z,2026-09-08T16:25:09.852211+03:00,_8,b94aa02d2a10,Dionysiou Solomou Square,Anastasiou Leventi,0
2026-09-08T13:30:57Z,2026-09-08T16:35:22.874634+03:00,_0,137f66eaa4ab,E147 - Archiepiskopou Makariou III Ave,Agias Filaxeos,3
2026-09-08T13:30:57Z,2026-09-08T16:35:22.874634+03:00,_1,163a73e29f51,Agiou Artemiou,Agias Filaxeos,0
2026-09-08T13:30:57Z,2026-09-08T16:35:22.874634+03:00,_2,e0103df7d76d,Agias Filaxeos,Agias Filaxeos,3
2026-09-08T13:30:57Z,2026-09-08T16:35:22.874634+03:00,_3,ec5eee792e7a,Agias Filaxeos,Steliou Kyriakidi,0
2026-09-08T13:30:57Z,2026-09-08T16:35:22.874634+03:00,_4,fbdd0e351f56,Ivykou,,4
2026-09-08T13:30:57Z,2026-09-08T16:35:22.874634+03:00,_5,f780373a5188,Agias Filaxeos,E110 - Agias Fylaxeos,0
2026-09-08T13:30:57Z,2026-09-08T16:35:22.874634+03:00,_6,6841a02a1258,,E110 - 1 Apriliou,2
2026-09-08T13:30:57Z,2026-09-08T16:35:22.874634+03:00,_7,f99b72a378a5,E110 - Agias Fylaxeos,E110,0
2026-09-08T13:30:57Z,2026-09-08T16:35:22.874634+03:00,_0,fe72ea2b224f,Strovolos,Lemesou Ave,0
2026-09-08T13:30:57Z,2026-09-08T16:35:22.874634+03:00,_1,1c3025f6d361,Strovolos,Lemesou Ave,4
2026-09-08T13:30:57Z,2026-09-08T16:35:22.874634+03:00,_2,7c50b274239b,Aglantzia,E164 - Armenias,0
2026-09-08T13:30:57Z,2026-09-08T16:35:22.874634+03:00,_3,c57daf65c80e,Lemesou Ave,Archiepiskopou Makariou III Ave,3
2026-09-08T13:30:57Z,2026-09-08T16:35:22.874634+03:00,_0,518c5df216c1,E110,E110 - Agias Fylaxeos,0
2026-09-08T13:30:57Z,2026-09-08T16:35:22.874634+03:00,_1,cbcc23476907,E110 - 1 Apriliou,E110 - Agias Fylaxeos,2
2026-09-08T13:30:57Z,2026-09-08T16:35:22.874634+03:00,_2,e50ca2ecb1e0,E110 - 1 Apriliou,,4
2026-09-08T13:30:57Z,2026-09-08T16:35:22.874634+03:00,_3,c8792afe581d,E110 - Agias Fylaxeos,E147 - Archiepiskopou Makariou III Ave,0
2026-09-08T13:30:57Z,2026-09-08T16:35:22.874634+03:00,_0,92a354a8d94a,Leoforos Strovolou,E950 - Giannou Kranidioti,0
2026-09-08T13:30:57Z,2026-09-08T16:35:22.874634+03:00,_1,bc3172fccafa,E950 - Giannou Kranidioti,,4
2026-09-08T13:30:57Z,2026-09-08T16:35:22.874634+03:00,_2,3d4bb6787bac,E148 - Melinas Merkouri,E902 - Proedrikou Megarou Ave,0
2026-09-08T13:30:57Z,2026-09-08T16:35:22.874634+03:00,_0,d0dc64f54734,,Lemesou Ave,0
2026-09-08T13:30:57Z,2026-09-08T16:35:22.874634+03:00,_1,1c3025f6d361,Strovolos,Lemesou Ave,4
2026-09-08T13:30:57Z,2026-09-08T16:35:22.874634+03:00,_2,7c50b274239b,Aglantzia,E164 - Armenias,0
2026-09-08T13:30:57Z,2026-09-08T16:35:22.874634+03:00,_3,43f05193c4b0,Lemesou Ave,Archiepiskopou Makariou III Ave,3
2026-09-08T13:30:57Z,2026-09-08T16:35:22.874634+03:00,_4,8fab7dfc83f0,Lemesou Ave,Evagorou Ave,0
2026-09-08T13:30:57Z,2026-09-08T16:35:22.874634+03:00,_0,68ba8c9365ac,Exit 24 >E127 Germasogeia / E113 Lemesos-Centre,Germasogeia,0
2026-09-08T13:30:57Z,2026-09-08T16:35:22.874634+03:00,_1,4a555a8a8b32,Exit 24 >E127 Germasogeia / E113 Lemesos-Centre,Mesa Geitonia,1
2026-09-08T13:30:57Z,2026-09-08T16:35:22.874634+03:00,_2,0df26c3b855b,Lemesos,"to A6 > Pafos, Pafos Airport",0
2026-09-08T13:41:03Z,2026-09-08T16:45:36.609635+03:00,_0,d42abe0fedf4,E147 - Archiepiskopou Makariou III Ave,Agias Filaxeos,0
2026-09-08T13:41:03Z,2026-09-08T16:45:36.609635+03:00,_1,7a327987b414,Agias Filaxeos,Agias Filaxeos,3
2026-09-08T13:41:03Z,2026-09-08T16:45:36.609635+03:00,_2,ec5eee792e7a,Agias Filaxeos,Steliou Kyriakidi,0
2026-09-08T13:41:03Z,2026-09-08T16:45:36.609635+03:00,_3,fbdd0e351f56,Ivykou,,4
2026-09-08T13:41:03Z,2026-09-08T16:45:36.609635+03:00,_4,f780373a5188,Agias Filaxeos,E110 - Agias Fylaxeos,0
2026-09-08T13:41:03Z,2026-09-08T16:45:36.609635+03:00,_5,6841a02a1258,,E110 - 1 Apriliou,2
2026-09-08T13:41:03Z,2026-09-08T16:45:36.609635+03:00,_6,f99b72a378a5,E110 - Agias Fylaxeos,E110,0
2026-09-08T13:41:03Z,2026-09-08T16:45:36.609635+03:00,_0,fe72ea2b224f,Strovolos,Lemesou Ave,0
2026-09-08T13:41:03Z,2026-09-08T16:45:36.609635+03:00,_1,1c3025f6d361,Strovolos,Lemesou Ave,4
2026-09-08T13:41:03Z,2026-09-08T16:45:36.609635+03:00,_2,7c50b274239b,Aglantzia,E164 - Armenias,0
2026-09-08T13:41:03Z,2026-09-08T16:45:36.609635+03:00,_3,c57daf65c80e,Lemesou Ave,Archiepiskopou Makariou III Ave,3
2026-09-08T13:41:03Z,2026-09-08T16:45:36.609635+03:00,_0,72b03ff9b5bc,E110,E110 - Agias Fylaxeos,0
2026-09-08T13:41:03Z,2026-09-08T16:45:36.609635+03:00,_1,e50ca2ecb1e0,E110 - 1 Apriliou,,3
2026-09-08T13:41:03Z,2026-09-08T16:45:36.609635+03:00,_2,94bd22476a9c,E110 - Agias Fylaxeos,E147 - Archiepiskopou Makariou III Ave,0
2026-09-08T13:41:03Z,2026-09-08T16:45:36.609635+03:00,_3,88697bca4b53,Agias Filaxeos,E147 - Archiepiskopou Makariou III Ave,3
2026-09-08T13:41:03Z,2026-09-08T16:45:36.609635+03:00,_0,92a354a8d94a,Leoforos Strovolou,E950 - Giannou Kranidioti,0
2026-09-08T13:41:03Z,2026-09-08T16:45:36.609635+03:00,_1,bc3172fccafa,E950 - Giannou Kranidioti,,4
2026-09-08T13:41:03Z,2026-09-08T16:45:36.609635+03:00,_2,468a71de0cb1,E148 - Melinas Merkouri,E116 - Athalassis Ave,0
2026-09-08T13:41:03Z,2026-09-08T16:45:36.609635+03:00,_3,5da069711715,E122 - Athinon,E902 - Proedrikou Megarou Ave,3
2026-09-08T13:41:03Z,2026-09-08T16:45:36.609635+03:00,_4,c6ac6530f2b9,Strovolou Ave,E902 - Proedrikou Megarou Ave,0
2026-09-08T13:41:03Z,2026-09-08T16:45:36.609635+03:00,_0,5c308ae9824f,,Germasogeia,0
2026-09-08T13:41:03Z,2026-09-08T16:45:36.609635+03:00,_1,613da88c9e19,> A1 Lefkosia / (A5) Larnaka / (A5)(A3) Larnaka Airport,Germasogeia,1
2026-09-08T13:41:03Z,2026-09-08T16:45:36.609635+03:00,_2,37f77aa02bc1,> A1 Lefkosia / (A5) Larnaka / (A5)(A3) Larnaka Airport,Lemesou Ave,0
2026-09-08T13:41:03Z,2026-09-08T16:45:36.609635+03:00,_3,1c3025f6d361,Strovolos,Lemesou Ave,4
2026-09-08T13:41:03Z,2026-09-08T16:45:36.609635+03:00,_4,7c50b274239b,Aglantzia,E164 - Armenias,0
2026-09-08T13:41:03Z,2026-09-08T16:45:36.609635+03:00,_5,43f05193c4b0,Lemesou Ave,Archiepiskopou Makariou III Ave,3
2026-09-08T13:41:03Z,2026-09-08T16:45:36.609635+03:00,_6,a4548539654b,Lemesou Ave,B18 - Digeni Akrita Ave,0
2026-09-08T13:41:03Z,2026-09-08T16:45:36.609635+03:00,_7,0767c1bb57ab,Archiepiskopou Makariou III Ave,B18 - Georgiou Griva Digeni Ave,3
2026-09-08T13:41:03Z,2026-09-08T16:45:36.609635+03:00,_8,e1beab30434a,Archiepiskopou Makariou III Ave,Evagorou Ave,0
2026-09-08T16:33:32Z,2026-09-08T19:37:29.538516+03:00,_0,e840a4c3672b,E147 - Archiepiskopou Makariou III Ave,Steliou Kyriakidi,0
2026-09-08T16:33:32Z,2026-09-08T19:37:29.538516+03:00,_1,fbdd0e351f56,Ivykou,,4
2026-09-08T16:33:32Z,2026-09-08T19:37:29.538516+03:00,_2,f780373a5188,Agias Filaxeos,E110 - Agias Fylaxeos,0
2026-09-08T16:33:32Z,2026-09-08T19:37:29.538516+03:00,_3,6841a02a1258,,E110 - 1 Apriliou,2
2026-09-08T16:33:32Z,2026-09-08T19:37:29.538516+03:00,_4,f99b72a378a5,E110 - Agias Fylaxeos,E110,0
2026-09-08T16:33:32Z,2026-09-08T19:37:29.538516+03:00,_0,69fc3b9dbbdd,Strovolos,Archiepiskopou Makariou III Ave,0
2026-09-08T16:33:32Z,2026-09-08T19:37:29.538516+03:00,_1,c57daf65c80e,Lemesou Ave,Archiepiskopou Makariou III Ave,3
2026-09-08T16:33:32Z,2026-09-08T19:37:29.538516+03:00,_0,72b03ff9b5bc,E110,E110 - Agias Fylaxeos,0
2026-09-08T16:33:32Z,2026-09-08T19:37:29.538516+03:00,_1,e50ca2ecb1e0,E110 - 1 Apriliou,,2
2026-09-08T16:33:32Z,2026-09-08T19:37:29.538516+03:00,_2,94bd22476a9c,E110 - Agias Fylaxeos,E147 - Archiepiskopou Makariou III Ave,0
2026-09-08T16:33:32Z,2026-09-08T19:37:29.538516+03:00,_3,88697bca4b53,Agias Filaxeos,E147 - Archiepiskopou Makariou III Ave,2
2026-09-08T16:33:32Z,2026-09-08T19:37:29.538516+03:00,_0,daca33dbcb0d,,Archiepiskopou Makariou III Ave,0
2026-09-08T16:33:32Z,2026-09-08T19:37:29.538516+03:00,_1,43f05193c4b0,Lemesou Ave,Archiepiskopou Makariou III Ave,3
2026-09-08T16:33:32Z,2026-09-08T19:37:29.538516+03:00,_2,8fab7dfc83f0,Lemesou Ave,Evagorou Ave,0
2026-09-08T16:33:32Z,2026-09-08T19:37:29.538516+03:00,_0,078bc587a921,Exit 24 >E127 Germasogeia / E113 Lemesos-Centre,Agios Athanasios,0
2026-09-08T16:33:32Z,2026-09-08T19:37:29.538516+03:00,_1,f75977d2b4e3,Agios Athanasios,Exit 27 >E110 Agia Fylaxi / Agros / Tsirio Stadium / Lemesos-Centre,3
2026-09-08T16:33:32Z,2026-09-08T19:37:29.538516+03:00,_2,e217100ddcd4,Exit 27 >E110 Agia Fylaxi / Agros / Tsirio Stadium / Lemesos-Centre,Lemesos,0
2026-09-08T16:33:32Z,2026-09-08T19:37:29.538516+03:00,_3,e1dac3423766,Lemesos,Lemesos,2
2026-09-08T16:33:32Z,2026-09-08T19:37:29.538516+03:00,_4,ef93f4872b51,Lemesos,"to A6 > Pafos, Pafos Airport",0
2026-09-08T16:43:36Z,2026-09-08T19:47:42.837945+03:00,_0,147fe49810cf,E147 - Archiepiskopou Makariou III Ave,Vasileos Georgiou II,0
2026-09-08T16:43:36Z,2026-09-08T19:47:42.837945+03:00,_1,95579dbc01e3,Agias Filaxeos,Vasileos Georgiou II,4
2026-09-08T16:43:36Z,2026-09-08T19:47:42.837945+03:00,_2,f74602cafe9b,Agias Filaxeos,Steliou Kyriakidi,0
2026-09-08T16:43:36Z,2026-09-08T19:47:42.837945+03:00,_3,fbdd0e351f56,Ivykou,,4
2026-09-08T16:43:36Z,2026-09-08T19:47:42.837945+03:00,_4,f5f94ff22484,Agias Filaxeos,E110,0
2026-09-08T16:43:36Z,2026-09-08T19:47:42.837945+03:00,_0,acb430b8e822,Strovolos,Archiepiskopou Makariou III Ave,0
2026-09-08T16:43:36Z,2026-09-08T19:47:42.837945+03:00,_1,394713f228bd,Lemesou Ave,Lemesou Ave,3
2026-09-08T16:43:36Z,2026-09-08T19:47:42.837945+03:00,_0,6311136a7b90,,Archiepiskopou Makariou III Ave,0
2026-09-08T16:43:36Z,2026-09-08T19:47:42.837945+03:00,_1,6efde239cabf,Lemesou Ave,Archiepiskopou Makariou III Ave,3
2026-09-08T16:43:36Z,2026-09-08T19:47:42.837945+03:00,_2,5b037bbaa992,Lemesou Ave,Karpenisiou,0
2026-09-08T16:43:36Z,2026-09-08T19:47:42.837945+03:00,_3,91f4f4624f42,Archiepiskopou Makariou III Ave,B18 - Georgiou Griva Digeni Ave,3
2026-09-08T16:43:36Z,2026-09-08T19:47:42.837945+03:00,_4,7c1a88e2db2c,Archiepiskopou Makariou III Ave,E1302 - Nikis Ave,0
2026-09-08T16:43:36Z,2026-09-08T19:47:42.837945+03:00,_5,910016111853,B18 - Georgiou Griva Digeni Ave,B18 - Georgiou Griva Digeni Ave,3
2026-09-08T16:43:36Z,2026-09-08T19:47:42.837945+03:00,_6,bbf67e32aa17,B18 - Georgiou Griva Digeni Ave,Evagorou Ave,0
2026-09-08T16:43:36Z,2026-09-08T19:47:42.837945+03:00,_0,2459eb632a9a,Exit 24 >E127 Germasogeia / E113 Lemesos-Centre,Lemesos,0
2026-09-08T16:43:36Z,2026-09-08T19:47:42.837945+03:00,_1,e1dac3423766,Lemesos,Lemesos,2
2026-09-08T16:43:36Z,2026-09-08T19:47:42.837945+03:00,_2,ef93f4872b51,Lemesos,"to A6 > Pafos, Pafos Airport",0
2026-09-08T16:53:40Z,2026-09-08T19:57:54.327096+03:00,_0,147fe49810cf,E147 - Archiepiskopou Makariou III Ave,Vasileos Georgiou II,0
2026-09-08T16:53:40Z,2026-09-08T19:57:54.327096+03:00,_1,95579dbc01e3,Agias Filaxeos,Vasileos Georgiou II,4
2026-09-08T16:53:40Z,2026-09-08T19:57:54.327096+03:00,_2,f74602cafe9b,Agias Filaxeos,Steliou Kyriakidi,0
2026-09-08T16:53:40Z,2026-09-08T19:57:54.327096+03:00,_3,fbdd0e351f56,Ivykou,,4
2026-09-08T16:53:40Z,2026-09-08T19:57:54.327096+03:00,_4,e863e9cd4881,Agias Filaxeos,E110 - Agias Fylaxeos,0
2026-09-08T16:53:40Z,2026-09-08T19:57:54.327096+03:00,_5,b12402f32100,E110 - Agias Fylaxeos,E110 - 1 Apriliou,2
2026-09-08T16:53:40Z,2026-09-08T19:57:54.327096+03:00,_6,f99b72a378a5,E110 - Agias Fylaxeos,E110,0
2026-09-08T17:03:46Z,2026-09-08T20:08:07.621000+03:00,_0,e840a4c3672b,E147 - Archiepiskopou Makariou III Ave,Steliou Kyriakidi,0
2026-09-08T17:03:46Z,2026-09-08T20:08:07.621000+03:00,_1,fbdd0e351f56,Ivykou,,4
2026-09-08T17:03:46Z,2026-09-08T20:08:07.621000+03:00,_2,f780373a5188,Agias Filaxeos,E110 - Agias Fylaxeos,0
2026-09-08T17:03:46Z,2026-09-08T20:08:07.621000+03:00,_3,6841a02a1258,,E110 - 1 Apriliou,2
2026-09-08T17:03:46Z,2026-09-08T20:08:07.621000+03:00,_4,f99b72a378a5,E110 - Agias Fylaxeos,E110,0
2026-09-08T17:03:46Z,2026-09-08T20:08:07.621000+03:00,_0,377a3d877abc,Exit 24 >E127 Germasogeia / E113 Lemesos-Centre,Exit 27 >E110 Agia Fylaxi / Agros / Tsirio Stadium / Lemesos-Centre,0
2026-09-08T17:03:46Z,2026-09-08T20:08:07.621000+03:00,_1,3e45a7ca4cd6,Mesa Geitonia,Exit 27 >E110 Agia Fylaxi / Agros / Tsirio Stadium / Lemesos-Centre,1
2026-09-08T17:03:46Z,2026-09-08T20:08:07.621000+03:00,_2,e217100ddcd4,Exit 27 >E110 Agia Fylaxi / Agros / Tsirio Stadium / Lemesos-Centre,Lemesos,0
2026-09-08T17:03:46Z,2026-09-08T20:08:07.621000+03:00,_3,e1dac3423766,Lemesos,Lemesos,1
2026-09-08T17:03:46Z,2026-09-08T20:08:07.621000+03:00,_4,ef93f4872b51,Lemesos,"to A6 > Pafos, Pafos Airport",0
2026-09-08T17:13:51Z,2026-09-08T20:18:18.715682+03:00,_0,147fe49810cf,E147 - Archiepiskopou Makariou III Ave,Vasileos Georgiou II,0
2026-09-08T17:13:51Z,2026-09-08T20:18:18.715682+03:00,_1,95579dbc01e3,Agias Filaxeos,Vasileos Georgiou II,4
2026-09-08T17:13:51Z,2026-09-08T20:18:18.715682+03:00,_2,f74602cafe9b,Agias Filaxeos,Steliou Kyriakidi,0
2026-09-08T17:13:51Z,2026-09-08T20:18:18.715682+03:00,_3,fbdd0e351f56,Ivykou,,4
2026-09-08T17:13:51Z,2026-09-08T20:18:18.715682+03:00,_4,f780373a5188,Agias Filaxeos,E110 - Agias Fylaxeos,0
2026-09-08T17:13:51Z,2026-09-08T20:18:18.715682+03:00,_5,6841a02a1258,,E110 - 1 Apriliou,2
2026-09-08T17:13:51Z,2026-09-08T20:18:18.715682+03:00,_6,9fa3ba27c775,E110 - Agias Fylaxeos,E110 - 1 Apriliou,1
2026-09-08T17:13:51Z,2026-09-08T20:18:18.715682+03:00,_7,4acaef97cfb7,E110 - 1 Apriliou,E110,0
2026-09-08T17:13:51Z,2026-09-08T20:18:18.715682+03:00,_0,a89f632a8881,Strovolos,Lemesou Ave,0
2026-09-08T17:13:51Z,2026-09-08T20:18:18.715682+03:00,_1,64039a076bda,Strovolos,Lemesou Ave,3
2026-09-08T17:13:51Z,2026-09-08T20:18:18.715682+03:00,_2,7792802c8552,Aglantzia,Archiepiskopou Makariou III Ave,0
2026-09-08T17:13:51Z,2026-09-08T20:18:18.715682+03:00,_0,23e9d057024d,,Lemesou Ave,0
2026-09-08T17:13:51Z,2026-09-08T20:18:18.715682+03:00,_1,64039a076bda,Strovolos,Lemesou Ave,3
2026-09-08T17:13:51Z,2026-09-08T20:18:18.715682+03:00,_2,cc8badd45da4,Aglantzia,Evagorou Ave,0
2026-09-08T17:23:55Z,2026-09-08T20:28:30.763162+03:00,_0,920305ee9a1e,E147 - Archiepiskopou Makariou III Ave,Agias Filaxeos,0
2026-09-08T17:23:55Z,2026-09-08T20:28:30.763162+03:00,_1,a4260c51b19c,Steliou Kyriakidi,,4
2026-09-08T17:23:55Z,2026-09-08T20:28:30.763162+03:00,_2,f780373a5188,Agias Filaxeos,E110 - Agias Fylaxeos,0
2026-09-08T17:23:55Z,2026-09-08T20:28:30.763162+03:00,_3,6841a02a1258,,E110 - 1 Apriliou,2
2026-09-08T17:23:55Z,2026-09-08T20:28:30.763162+03:00,_4,31034e257ac9,E110 - Agias Fylaxeos,E110 - 1 Apriliou,0
2026-09-08T17:23:55Z,2026-09-08T20:28:30.763162+03:00,_5,9f4f77006632,E110 - 1 Apriliou,E110 - Eleftherias,2
2026-09-08T17:23:55Z,2026-09-08T20:28:30.763162+03:00,_6,c97b954fcb12,E110 - 1 Apriliou,E110,0
2026-09-08T17:23:55Z,2026-09-08T20:28:30.763162+03:00,_0,a89f632a8881,Strovolos,Lemesou Ave,0
2026-09-08T17:23:55Z,2026-09-08T20:28:30.763162+03:00,_1,64039a076bda,Strovolos,Lemesou Ave,3
2026-09-08T17:23:55Z,2026-09-08T20:28:30.763162+03:00,_2,7792802c8552,Aglantzia,Archiepiskopou Makariou III Ave,0
2026-09-08T17:23:55Z,2026-09-08T20:28:30.763162+03:00,_0,23e9d057024d,,Lemesou Ave,0
2026-09-08T17:23:55Z,2026-09-08T20:28:30.763162+03:00,_1,64039a076bda,Strovolos,Lemesou Ave,3
2026-09-08T17:23:55Z,2026-09-08T20:28:30.763162+03:00,_2,cc8badd45da4,Aglantzia,Evagorou Ave,0
2026-09-08T17:34:01Z,2026-09-08T20:38:45.097088+03:00,_0,920305ee9a1e,E147 - Archiepiskopou Makariou III Ave,Agias Filaxeos,0
2026-09-08T17:34:01Z,2026-09-08T20:38:45.097088+03:00,_1,a4260c51b19c,Steliou Kyriakidi,,4
2026-09-08T17:34:01Z,2026-09-08T20:38:45.097088+03:00,_2,0597b76e4028,Agias Filaxeos,E110 - Agias Fylaxeos,0
2026-09-08T17:34:01Z,2026-09-08T20:38:45.097088+03:00,_3,8d1435727a35,E110 - Agias Fylaxeos,E110 - 1 Apriliou,1
2026-09-08T17:34:01Z,2026-09-08T20:38:45.097088+03:00,_4,f99b72a378a5,E110 - Agias Fylaxeos,E110,0
2026-09-08T17:34:01Z,2026-09-08T20:38:45.097088+03:00,_0,a89f632a8881,Strovolos,Lemesou Ave,0
2026-09-08T17:34:01Z,2026-09-08T20:38:45.097088+03:00,_1,64039a076bda,Strovolos,Lemesou Ave,3
2026-09-08T17:34:01Z,2026-09-08T20:38:45.097088+03:00,_2,7792802c8552,Aglantzia,Archiepiskopou Makariou III Ave,0
2026-09-08T17:34:01Z,2026-09-08T20:38:45.097088+03:00,_0,23e9d057024d,,Lemesou Ave,0
2026-09-08T17:34:01Z,2026-09-08T20:38:45.097088+03:00,_1,64039a076bda,Strovolos,Lemesou Ave,3
2026-09-08T17:34:01Z,2026-09-08T20:38:45.097088+03:00,_2,cc8badd45da4,Aglantzia,Evagorou Ave,0
2026-09-08T17:44:05Z,2026-09-08T20:48:57.489367+03:00,_0,920305ee9a1e,E147 - Archiepiskopou Makariou III Ave,Agias Filaxeos,0
2026-09-08T17:44:05Z,2026-09-08T20:48:57.489367+03:00,_1,a4260c51b19c,Steliou Kyriakidi,,3
2026-09-08T17:44:05Z,2026-09-08T20:48:57.489367+03:00,_2,f5f94ff22484,Agias Filaxeos,E110,0
2026-09-08T18:54:34Z,2026-09-08T21:58:34.289903+03:00,_0,f2dad27e0b2c,E110,E110 - 1 Apriliou,0
2026-09-08T18:54:34Z,2026-09-08T21:58:34.289903+03:00,_1,0bc8a04884b8,E110 - 1 Apriliou,E110 - 1 Apriliou,3
2026-09-08T18:54:34Z,2026-09-08T21:58:34.289903+03:00,_2,c9decce66ab6,E110 - Eleftherias,E147 - Archiepiskopou Makariou III Ave,0
2026-09-08T19:04:39Z,2026-09-08T22:08:46.160860+03:00,_0,f2dad27e0b2c,E110,E110 - 1 Apriliou,0
2026-09-08T19:04:39Z,2026-09-08T22:08:46.160860+03:00,_1,0bc8a04884b8,E110 - 1 Apriliou,E110 - 1 Apriliou,3
2026-09-08T19:04:39Z,2026-09-08T22:08:46.160860+03:00,_2,c9decce66ab6,E110 - Eleftherias,E147 - Archiepiskopou Makariou III Ave,0
2026-09-08T22:15:16Z,2026-09-09T01:19:35.022859+03:00,_0,c367476144f8,E110,E147 - Archiepiskopou Makariou III Ave,0
2026-09-08T22:15:16Z,2026-09-09T01:19:35.022859+03:00,_1,0047479cf4c6,Agias Filaxeos,E147 - Archiepiskopou Makariou III Ave,2
2026-09-08T23:15:46Z,2026-09-09T02:20:43.549568+03:00,_0,f2dad27e0b2c,E110,E110 - 1 Apriliou,0
2026-09-08T23:15:46Z,2026-09-09T02:20:43.549568+03:00,_1,0bc8a04884b8,E110 - 1 Apriliou,E110 - 1 Apriliou,3
2026-09-08T23:15:46Z,2026-09-09T02:20:43.549568+03:00,_2,c9decce66ab6,E110 - Eleftherias,E147 - Archiepiskopou Makariou III Ave,0
2026-09-08T23:25:51Z,2026-09-09T02:29:53.719318+03:00,_0,f2dad27e0b2c,E110,E110 - 1 Apriliou,0
2026-09-08T23:25:51Z,2026-09-09T02:29:53.719318+03:00,_1,0bc8a04884b8,E110 - 1 Apriliou,E110 - 1 Apriliou,3
2026-09-08T23:25:51Z,2026-09-09T02:29:53.719318+03:00,_2,c9decce66ab6,E110 - Eleftherias,E147 - Archiepiskopou Makariou III Ave,0
2026-09-09T00:27:04Z,2026-09-09T03:32:02.382011+03:00,_0,be8db5e51abd,,Archiepiskopou Makariou III Ave,0
2026-09-09T00:27:04Z,2026-09-09T03:32:02.382011+03:00,_1,1d51107d3dc9,Lemesou Ave,B18 - Georgiou Griva Digeni Ave,2
2026-09-09T00:27:04Z,2026-09-09T03:32:02.382011+03:00,_2,e1beab30434a,Archiepiskopou Makariou III Ave,Evagorou Ave,0
2026-09-09T00:57:21Z,2026-09-09T04:01:30.794287+03:00,_0,be8db5e51abd,,Archiepiskopou Makariou III Ave,0
2026-09-09T00:57:21Z,2026-09-09T04:01:30.794287+03:00,_1,1d51107d3dc9,Lemesou Ave,B18 - Georgiou Griva Digeni Ave,3
2026-09-09T00:57:21Z,2026-09-09T04:01:30.794287+03:00,_2,e1beab30434a,Archiepiskopou Makariou III Ave,Evagorou Ave,0
2026-09-09T02:07:57Z,2026-09-09T05:12:48.019941+03:00,_0,35653bf66474,E110,Agias Filaxeos,0
2026-09-09T02:07:57Z,2026-09-09T05:12:48.019941+03:00,_1,bb6b59580991,Agias Filaxeos,Agias Filaxeos,3
2026-09-09T02:07:57Z,2026-09-09T05:12:48.019941+03:00,_2,7872f6dd8dda,Agias Filaxeos,E147 - Archiepiskopou Makariou III Ave,0
2026-09-09T04:30:46Z,2026-09-09T07:35:39.279978+03:00,_0,5465bb1b887b,Strovolos,Lemesou Ave,4
2026-09-09T04:30:46Z,2026-09-09T07:35:39.279978+03:00,_1,3909c4aec98f,Aglantzia,Lemesou Ave,0
2026-09-09T04:30:46Z,2026-09-09T07:35:39.279978+03:00,_2,5f190207056b,A1,Archiepiskopou Makariou III Ave,3
2026-09-09T04:30:46Z,2026-09-09T07:35:39.279978+03:00,_0,92a354a8d94a,Leoforos Strovolou,E950 - Giannou Kranidioti,0
2026-09-09T04:30:46Z,2026-09-09T07:35:39.279978+03:00,_1,bc3172fccafa,E950 - Giannou Kranidioti,,3
2026-09-09T04:30:46Z,2026-09-09T07:35:39.279978+03:00,_2,69a80f64d7a2,E148 - Melinas Merkouri,Arch. Makariou III,0
2026-09-09T04:30:46Z,2026-09-09T07:35:39.279978+03:00,_3,3ddaed01715f,E902 - Archiepiskopou Makariou III,Strovolou Ave,3
2026-09-09T04:30:46Z,2026-09-09T07:35:39.279978+03:00,_4,e0baa7fff3a7,Strovolou Ave,Strovolou Ave,0
2026-09-09T04:30:46Z,2026-09-09T07:35:39.279978+03:00,_5,79031b7514a6,Arch. Makariou III,E902 - Proedrikou Megarou Ave,4
2026-09-09T04:30:46Z,2026-09-09T07:35:39.279978+03:00,_6,c6ac6530f2b9,Strovolou Ave,E902 - Proedrikou Megarou Ave,0
2026-09-09T04:30:46Z,2026-09-09T07:35:39.279978+03:00,_0,f2dad27e0b2c,E110,E110 - 1 Apriliou,0
2026-09-09T04:30:46Z,2026-09-09T07:35:39.279978+03:00,_1,67cf9a4d8008,E110 - Eleftherias,E110 - 1 Apriliou,1
2026-09-09T04:30:46Z,2026-09-09T07:35:39.279978+03:00,_2,af05e6e8791b,E110 - 1 Apriliou,E110 - 1 Apriliou,0
2026-09-09T04:30:46Z,2026-09-09T07:35:39.279978+03:00,_3,4d40b5fe9ec1,E110 - 1 Apriliou,,4
2026-09-09T04:30:46Z,2026-09-09T07:35:39.279978+03:00,_4,bbe9f6312861,E110 - Agias Fylaxeos,Agias Filaxeos,0
2026-09-09T04:30:46Z,2026-09-09T07:35:39.279978+03:00,_5,c7626fee6f30,Agias Filaxeos,Agias Filaxeos,3
2026-09-09T04:30:46Z,2026-09-09T07:35:39.279978+03:00,_6,8effdcb26c23,Agias Filaxeos,Agiou Artemiou,0
2026-09-09T04:30:46Z,2026-09-09T07:35:39.279978+03:00,_7,0047479cf4c6,Agias Filaxeos,E147 - Archiepiskopou Makariou III Ave,3
2026-09-09T04:30:46Z,2026-09-09T07:35:39.279978+03:00,_0,b76325a3f599,Episkopi,Kolossi,0
2026-09-09T04:30:46Z,2026-09-09T07:35:39.279978+03:00,_1,4df261beeb51,Ypsonas,A1,3
2026-09-09T04:30:46Z,2026-09-09T07:35:39.279978+03:00,_2,51a87f29a8d7,A6,Lemesos,2
2026-09-09T04:30:46Z,2026-09-09T07:35:39.279978+03:00,_3,ee531a6a7ac9,Lemesos,Lemesos,0
2026-09-09T04:30:46Z,2026-09-09T07:35:39.279978+03:00,_4,3c5daf12ec7e,Mesa Geitonia,> A1 Lefkosia / (A5) Larnaka / (A5)(A3) Larnaka Airport,1
2026-09-09T04:30:46Z,2026-09-09T07:35:39.279978+03:00,_5,cafc026927d2,Germasogeia,Germasogeia,0
2026-09-09T04:30:46Z,2026-09-09T07:35:39.279978+03:00,_0,2455e8639f1b,E147 - Archiepiskopou Makariou III Ave,Agias Filaxeos,4
2026-09-09T04:30:46Z,2026-09-09T07:35:39.279978+03:00,_1,9d5a5aeccfed,E147 - Archiepiskopou Makariou III Ave,Agias Filaxeos,0
2026-09-09T04:30:46Z,2026-09-09T07:35:39.279978+03:00,_2,a4260c51b19c,Steliou Kyriakidi,,4
2026-09-09T04:30:46Z,2026-09-09T07:35:39.279978+03:00,_3,c0517c09c155,Agias Filaxeos,E110 - 1 Apriliou,0
2026-09-09T04:30:46Z,2026-09-09T07:35:39.279978+03:00,_4,594bd02ea5d2,E110 - Agias Fylaxeos,E110 - Eleftherias,3
2026-09-09T04:30:46Z,2026-09-09T07:35:39.279978+03:00,_5,c97b954fcb12,E110 - 1 Apriliou,E110,0
2026-09-09T04:30:46Z,2026-09-09T07:35:39.279978+03:00,_0,06afc6492b14,Exit 24 >E127 Germasogeia / E113 Lemesos-Centre,Germasogeia,2
2026-09-09T04:30:46Z,2026-09-09T07:35:39.279978+03:00,_1,9800ef0abc36,Agios Athanasios,Agios Athanasios,0
2026-09-09T04:30:46Z,2026-09-09T07:35:39.279978+03:00,_2,fa3cc47a2379,Agios Athanasios,A6,3
2026-09-09T04:30:46Z,2026-09-09T07:35:39.279978+03:00,_3,ef93f4872b51,Lemesos,"to A6 > Pafos, Pafos Airport",0
2026-09-09T04:30:46Z,2026-09-09T07:35:39.279978+03:00,_0,8a6c0d25f14e,,Kolossi,0
2026-09-09T04:30:46Z,2026-09-09T07:35:39.279978+03:00,_1,4df261beeb51,Ypsonas,A1,3
2026-09-09T04:30:46Z,2026-09-09T07:35:39.279978+03:00,_2,51a87f29a8d7,A6,Lemesos,2
2026-09-09T04:30:46Z,2026-09-09T07:35:39.279978+03:00,_3,ee531a6a7ac9,Lemesos,Lemesos,0
2026-09-09T04:30:46Z,2026-09-09T07:35:39.279978+03:00,_4,3c5daf12ec7e,Mesa Geitonia,> A1 Lefkosia / (A5) Larnaka / (A5)(A3) Larnaka Airport,1
2026-09-09T04:30:46Z,2026-09-09T07:35:39.279978+03:00,_5,82f28492cdea,Germasogeia,Latsia,0
2026-09-09T04:30:46Z,2026-09-09T07:35:39.279978+03:00,_6,5465bb1b887b,Latsia,Lemesou Ave,4
2026-09-09T04:30:46Z,2026-09-09T07:35:39.279978+03:00,_7,3909c4aec98f,Aglantzia,Lemesou Ave,0
2026-09-09T04:30:46Z,2026-09-09T07:35:39.279978+03:00,_8,ef1d0c228af2,A1,Archiepiskopou Makariou III Ave,3
2026-09-09T04:30:46Z,2026-09-09T07:35:39.279978+03:00,_9,8fab7dfc83f0,Lemesou Ave,Evagorou Ave,0
2026-09-09T04:40:51Z,2026-09-09T07:44:56.662138+03:00,_0,5465bb1b887b,Strovolos,Lemesou Ave,4
2026-09-09T04:40:51Z,2026-09-09T07:44:56.662138+03:00,_1,8edbadfd3320,Aglantzia,Lemesou Ave,0
2026-09-09T04:40:51Z,2026-09-09T07:44:56.662138+03:00,_2,41184ea51257,A1,Archiepiskopou Makariou III Ave,3
2026-09-09T04:40:51Z,2026-09-09T07:44:56.662138+03:00,_0,25cb63a39e8b,Leoforos Strovolou,E950 - Giannou Kranidioti,0
2026-09-09T04:40:51Z,2026-09-09T07:44:56.662138+03:00,_1,b0a28758e5a3,E950 - Giannou Kranidioti,,4
2026-09-09T04:40:51Z,2026-09-09T07:44:56.662138+03:00,_2,69a80f64d7a2,E148 - Melinas Merkouri,Arch. Makariou III,0
2026-09-09T04:40:51Z,2026-09-09T07:44:56.662138+03:00,_3,11b79e118fe6,E902 - Archiepiskopou Makariou III,Arch. Makariou III,2
2026-09-09T04:40:51Z,2026-09-09T07:44:56.662138+03:00,_4,53cd99a5e74c,Arch. Makariou III,Strovolou Ave,0
2026-09-09T04:40:51Z,2026-09-09T07:44:56.662138+03:00,_5,9fc8278a9766,Arch. Makariou III,Strovolou Ave,3
2026-09-09T04:40:51Z,2026-09-09T07:44:56.662138+03:00,_6,91fd952888ca,Strovolou Ave,Strovolou Ave,0
2026-09-09T04:40:51Z,2026-09-09T07:44:56.662138+03:00,_7,79031b7514a6,Arch. Makariou III,E902 - Proedrikou Megarou Ave,4
2026-09-09T04:40:51Z,2026-09-09T07:44:56.662138+03:00,_8,c6ac6530f2b9,Strovolou Ave,E902 - Proedrikou Megarou Ave,3
2026-09-09T04:40:51Z,2026-09-09T07:44:56.662138+03:00,_0,d378a61872b1,E110,E110 - 1 Apriliou,0
2026-09-09T04:40:51Z,2026-09-09T07:44:56.662138+03:00,_1,d80a0ef12b4a,E110 - 1 Apriliou,,4
2026-09-09T04:40:51Z,2026-09-09T07:44:56.662138+03:00,_2,204715d11c2a,E110 - Agias Fylaxeos,Agias Filaxeos,0
2026-09-09T04:40:51Z,2026-09-09T07:44:56.662138+03:00,_3,764c4fed0e46,Agias Filaxeos,Agias Filaxeos,4
2026-09-09T04:40:51Z,2026-09-09T07:44:56.662138+03:00,_4,8effdcb26c23,Agias Filaxeos,Agiou Artemiou,0
2026-09-09T04:40:51Z,2026-09-09T07:44:56.662138+03:00,_5,0047479cf4c6,Agias Filaxeos,E147 - Archiepiskopou Makariou III Ave,3
2026-09-09T04:40:51Z,2026-09-09T07:44:56.662138+03:00,_0,63b203163634,Episkopi,Kolossi,0
2026-09-09T04:40:51Z,2026-09-09T07:44:56.662138+03:00,_1,7bc63612acfb,Kolossi,A1,3
2026-09-09T04:40:51Z,2026-09-09T07:44:56.662138+03:00,_2,ae3a9bb54763,A6,Lemesos,2
2026-09-09T04:40:51Z,2026-09-09T07:44:56.662138+03:00,_3,18205aa5cdae,Mesa Geitonia,> A1 Lefkosia / (A5) Larnaka / (A5)(A3) Larnaka Airport,0
2026-09-09T04:40:51Z,2026-09-09T07:44:56.662138+03:00,_4,a0e0a7c1b318,> A1 Lefkosia / (A5) Larnaka / (A5)(A3) Larnaka Airport,Germasogeia,1
2026-09-09T04:40:51Z,2026-09-09T07:44:56.662138+03:00,_0,9e81f5db7a01,E147 - Archiepiskopou Makariou III Ave,Agias Filaxeos,3
2026-09-09T04:40:51Z,2026-09-09T07:44:56.662138+03:00,_1,6d361d6b81cd,E147 - Archiepiskopou Makariou III Ave,Agias Filaxeos,0
2026-09-09T04:40:51Z,2026-09-09T07:44:56.662138+03:00,_2,7a327987b414,Agias Filaxeos,Agias Filaxeos,3
2026-09-09T04:40:51Z,2026-09-09T07:44:56.662138+03:00,_3,bbd3d4041441,Agias Filaxeos,Agias Filaxeos,0
2026-09-09T04:40:51Z,2026-09-09T07:44:56.662138+03:00,_4,a4260c51b19c,Steliou Kyriakidi,,4
2026-09-09T04:40:51Z,2026-09-09T07:44:56.662138+03:00,_5,0441aeb6e4a5,Agias Filaxeos,E110 - 1 Apriliou,0
2026-09-09T04:40:51Z,2026-09-09T07:44:56.662138+03:00,_6,345980027179,E110 - Agias Fylaxeos,E110 - Eleftherias,3
2026-09-09T04:40:51Z,2026-09-09T07:44:56.662138+03:00,_7,c97b954fcb12,E110 - 1 Apriliou,E110,0
2026-09-09T04:40:51Z,2026-09-09T07:44:56.662138+03:00,_0,06afc6492b14,Exit 24 >E127 Germasogeia / E113 Lemesos-Centre,Germasogeia,2
2026-09-09T04:40:51Z,2026-09-09T07:44:56.662138+03:00,_1,3820b78daf56,Agios Athanasios,Agios Athanasios,0
2026-09-09T04:40:51Z,2026-09-09T07:44:56.662138+03:00,_2,1b1395341511,Agios Athanasios,A6,2
2026-09-09T04:40:51Z,2026-09-09T07:44:56.662138+03:00,_3,ef93f4872b51,Lemesos,"to A6 > Pafos, Pafos Airport",0
2026-09-09T04:40:51Z,2026-09-09T07:44:56.662138+03:00,_0,72bcef6f568e,,Kolossi,0
2026-09-09T04:40:51Z,2026-09-09T07:44:56.662138+03:00,_1,7bc63612acfb,Kolossi,A1,3
2026-09-09T04:40:51Z,2026-09-09T07:44:56.662138+03:00,_2,ae3a9bb54763,A6,Lemesos,2
2026-09-09T04:40:51Z,2026-09-09T07:44:56.662138+03:00,_3,18205aa5cdae,Mesa Geitonia,> A1 Lefkosia / (A5) Larnaka / (A5)(A3) Larnaka Airport,0
2026-09-09T04:40:51Z,2026-09-09T07:44:56.662138+03:00,_4,cdee84f11209,> A1 Lefkosia / (A5) Larnaka / (A5)(A3) Larnaka Airport,Agios Tychonas,1
2026-09-09T04:40:51Z,2026-09-09T07:44:56.662138+03:00,_5,79ac80fa96cd,Parekklisia,Latsia,0
2026-09-09T04:40:51Z,2026-09-09T07:44:56.662138+03:00,_6,5465bb1b887b,Latsia,Lemesou Ave,4
2026-09-09T04:40:51Z,2026-09-09T07:44:56.662138+03:00,_7,8edbadfd3320,Aglantzia,Lemesou Ave,0
2026-09-09T04:40:51Z,2026-09-09T07:44:56.662138+03:00,_8,d89cc8aa71a4,A1,Archiepiskopou Makariou III Ave,3
2026-09-09T04:40:51Z,2026-09-09T07:44:56.662138+03:00,_9,7e9e53411917,Lemesou Ave,E1302 - Nikis Ave,0
2026-09-09T04:40:51Z,2026-09-09T07:44:56.662138+03:00,_10,910016111853,B18 - Georgiou Griva Digeni Ave,B18 - Georgiou Griva Digeni Ave,3
2026-09-09T04:40:51Z,2026-09-09T07:44:56.662138+03:00,_11,bbf67e32aa17,B18 - Georgiou Griva Digeni Ave,Evagorou Ave,0
2026-09-09T04:51:17Z,2026-09-09T07:56:12.218553+03:00,_0,a73ceba901e1,Strovolos,Strovolos,0
2026-09-09T04:51:17Z,2026-09-09T07:56:12.218553+03:00,_1,0b0229e2fb21,Strovolos,Lemesou Ave,4
2026-09-09T04:51:17Z,2026-09-09T07:56:12.218553+03:00,_2,6aa61fa1d622,Aglantzia,Lemesou Ave,0
2026-09-09T04:51:17Z,2026-09-09T07:56:12.218553+03:00,_3,05299fe0a3f3,Lemesou Ave,Archiepiskopou Makariou III Ave,3
2026-09-09T04:51:17Z,2026-09-09T07:56:12.218553+03:00,_0,7938a8813069,Leoforos Strovolou,Strovolou Ave,0
2026-09-09T04:51:17Z,2026-09-09T07:56:12.218553+03:00,_1,9fc8278a9766,Arch. Makariou III,Strovolou Ave,3
2026-09-09T04:51:17Z,2026-09-09T07:56:12.218553+03:00,_2,5e5a16b6785e,Strovolou Ave,Strovolou Ave,0
2026-09-09T04:51:17Z,2026-09-09T07:56:12.218553+03:00,_3,cb3b67111230,Arch. Makariou III,E902 - Proedrikou Megarou Ave,4
2026-09-09T04:51:17Z,2026-09-09T07:56:12.218553+03:00,_0,5571d2934d78,E110,E110 - Agias Fylaxeos,0
2026-09-09T04:51:17Z,2026-09-09T07:56:12.218553+03:00,_1,4d40b5fe9ec1,E110 - 1 Apriliou,,4
2026-09-09T04:51:17Z,2026-09-09T07:56:12.218553+03:00,_2,2a1ca0037583,E110 - Agias Fylaxeos,Agias Filaxeos,0
2026-09-09T04:51:17Z,2026-09-09T07:56:12.218553+03:00,_3,02446ed5df97,Spyrou Kyprianou Ave,E147 - Archiepiskopou Makariou III Ave,4
2026-09-09T04:51:17Z,2026-09-09T07:56:12.218553+03:00,_0,b76325a3f599,Episkopi,Kolossi,0
2026-09-09T04:51:17Z,2026-09-09T07:56:12.218553+03:00,_1,4df261beeb51,Ypsonas,A1,4
2026-09-09T04:51:17Z,2026-09-09T07:56:12.218553+03:00,_2,ae3a9bb54763,A6,Lemesos,2
2026-09-09T04:51:17Z,2026-09-09T07:56:12.218553+03:00,_3,d73a04fc5195,Mesa Geitonia,Germasogeia,0
2026-09-09T04:51:17Z,2026-09-09T07:56:12.218553+03:00,_0,e785a34e8cbd,E147 - Archiepiskopou Makariou III Ave,Agias Filaxeos,0
2026-09-09T04:51:17Z,2026-09-09T07:56:12.218553+03:00,_1,6e97765473b5,Agias Filaxeos,Agias Filaxeos,3
2026-09-09T04:51:17Z,2026-09-09T07:56:12.218553+03:00,_2,bbd3d4041441,Agias Filaxeos,Agias Filaxeos,0
2026-09-09T04:51:17Z,2026-09-09T07:56:12.218553+03:00,_3,a4260c51b19c,Steliou Kyriakidi,,4
2026-09-09T04:51:17Z,2026-09-09T07:56:12.218553+03:00,_4,6450b658a1b7,Agias Filaxeos,E110 - 1 Apriliou,0
2026-09-09T04:51:17Z,2026-09-09T07:56:12.218553+03:00,_5,da07aeb453d2,E110 - 1 Apriliou,E110 - Eleftherias,3
2026-09-09T04:51:17Z,2026-09-09T07:56:12.218553+03:00,_6,c97b954fcb12,E110 - 1 Apriliou,E110,0
2026-09-09T04:51:17Z,2026-09-09T07:56:12.218553+03:00,_0,06afc6492b14,Exit 24 >E127 Germasogeia / E113 Lemesos-Centre,Germasogeia,2
2026-09-09T04:51:17Z,2026-09-09T07:56:12.218553+03:00,_1,3f63ee02f860,Agios Athanasios,Agios Athanasios,0
2026-09-09T04:51:17Z,2026-09-09T07:56:12.218553+03:00,_2,8c702d8e8c01,Mesa Geitonia,Lemesos,2
2026-09-09T04:51:17Z,2026-09-09T07:56:12.218553+03:00,_3,c2a7d640bfe5,Lemesos,Kato Polemidia,0
2026-09-09T04:51:17Z,2026-09-09T07:56:12.218553+03:00,_4,088e367122ec,Kato Polemidia,Kato Polemidia,3
2026-09-09T04:51:17Z,2026-09-09T07:56:12.218553+03:00,_5,5052820d4346,A1,"to A6 > Pafos, Pafos Airport",0
2026-09-09T04:51:17Z,2026-09-09T07:56:12.218553+03:00,_0,8a6c0d25f14e,,Kolossi,0
2026-09-09T04:51:17Z,2026-09-09T07:56:12.218553+03:00,_1,4df261beeb51,Ypsonas,A1,4
2026-09-09T04:51:17Z,2026-09-09T07:56:12.218553+03:00,_2,ae3a9bb54763,A6,Lemesos,2
2026-09-09T04:51:17Z,2026-09-09T07:56:12.218553+03:00,_3,88b024b1c7b6,Mesa Geitonia,Parekklisia,0
2026-09-09T04:51:17Z,2026-09-09T07:56:12.218553+03:00,_4,2d080147909d,Parekklisia,Moni,2
2026-09-09T04:51:17Z,2026-09-09T07:56:12.218553+03:00,_5,e7bb6db0a34d,Moni,Latsia,0
2026-09-09T04:51:17Z,2026-09-09T07:56:12.218553+03:00,_6,0b0229e2fb21,Strovolos,Lemesou Ave,4
2026-09-09T04:51:17Z,2026-09-09T07:56:12.218553+03:00,_7,6aa61fa1d622,Aglantzia,Lemesou Ave,0
2026-09-09T04:51:17Z,2026-09-09T07:56:12.218553+03:00,_8,69161427715a,A1,Archiepiskopou Makariou III Ave,3
2026-09-09T04:51:17Z,2026-09-09T07:56:12.218553+03:00,_9,7e9e53411917,Lemesou Ave,E1302 - Nikis Ave,0
2026-09-09T04:51:17Z,2026-09-09T07:56:12.218553+03:00,_10,910016111853,B18 - Georgiou Griva Digeni Ave,B18 - Georgiou Griva Digeni Ave,3
2026-09-09T04:51:17Z,2026-09-09T07:56:12.218553+03:00,_11,bbf67e32aa17,B18 - Georgiou Griva Digeni Ave,Evagorou Ave,0
2026-09-09T05:01:24Z,2026-09-09T08:05:24.897371+03:00,_0,a73ceba901e1,Strovolos,Strovolos,0
2026-09-09T05:01:24Z,2026-09-09T08:05:24.897371+03:00,_1,0b0229e2fb21,Strovolos,Lemesou Ave,4
2026-09-09T05:01:24Z,2026-09-09T08:05:24.897371+03:00,_2,2daef5aeccc3,Aglantzia,Lemesou Ave,0
2026-09-09T05:01:24Z,2026-09-09T08:05:24.897371+03:00,_3,ce775bebe806,Lemesou Ave,Archiepiskopou Makariou III Ave,3
2026-09-09T05:01:24Z,2026-09-09T08:05:24.897371+03:00,_0,7938a8813069,Leoforos Strovolou,Strovolou Ave,0
2026-09-09T05:01:24Z,2026-09-09T08:05:24.897371+03:00,_1,1c1544913564,Arch. Makariou III,Strovolou Ave,3
2026-09-09T05:01:24Z,2026-09-09T08:05:24.897371+03:00,_2,af29ff8a9d6d,Strovolou Ave,Strovolou Ave,0
2026-09-09T05:01:24Z,2026-09-09T08:05:24.897371+03:00,_3,7eaf8fb168be,Arch. Makariou III,E902 - Proedrikou Megarou Ave,4
2026-09-09T05:01:24Z,2026-09-09T08:05:24.897371+03:00,_4,c6ac6530f2b9,Strovolou Ave,E902 - Proedrikou Megarou Ave,3
2026-09-09T05:01:24Z,2026-09-09T08:05:24.897371+03:00,_0,c7cc2624ec90,E110,E110 - Agias Fylaxeos,0
2026-09-09T05:01:24Z,2026-09-09T08:05:24.897371+03:00,_1,977b92fdc886,E110 - 1 Apriliou,,4
2026-09-09T05:01:24Z,2026-09-09T08:05:24.897371+03:00,_2,2e9ffee5c9c5,E110 - Agias Fylaxeos,E147 - Archiepiskopou Makariou III Ave,0
2026-09-09T05:01:24Z,2026-09-09T08:05:24.897371+03:00,_3,0047479cf4c6,Agias Filaxeos,E147 - Archiepiskopou Makariou III Ave,4
2026-09-09T05:01:24Z,2026-09-09T08:05:24.897371+03:00,_0,b76325a3f599,Episkopi,Kolossi,0
2026-09-09T05:01:24Z,2026-09-09T08:05:24.897371+03:00,_1,4df261beeb51,Ypsonas,A1,3
2026-09-09T05:01:24Z,2026-09-09T08:05:24.897371+03:00,_2,20bf25aa10a7,A6,Agios Athanasios,2
2026-09-09T05:01:24Z,2026-09-09T08:05:24.897371+03:00,_3,5fdfcdfdd36d,Agios Athanasios,Germasogeia,0
2026-09-09T05:01:24Z,2026-09-09T08:05:24.897371+03:00,_0,e840a4c3672b,E147 - Archiepiskopou Makariou III Ave,Steliou Kyriakidi,0
2026-09-09T05:01:24Z,2026-09-09T08:05:24.897371+03:00,_1,fbdd0e351f56,Ivykou,,4
2026-09-09T05:01:24Z,2026-09-09T08:05:24.897371+03:00,_2,b2ae9f739889,Agias Filaxeos,E110 - 1 Apriliou,0
2026-09-09T05:01:24Z,2026-09-09T08:05:24.897371+03:00,_3,d9753e119f0e,E110 - 1 Apriliou,E110 - Eleftherias,3
2026-09-09T05:01:24Z,2026-09-09T08:05:24.897371+03:00,_4,c97b954fcb12,E110 - 1 Apriliou,E110,0
2026-09-09T05:01:24Z,2026-09-09T08:05:24.897371+03:00,_0,8a6c0d25f14e,,Kolossi,0
2026-09-09T05:01:24Z,2026-09-09T08:05:24.897371+03:00,_1,4df261beeb51,Ypsonas,A1,3
2026-09-09T05:01:24Z,2026-09-09T08:05:24.897371+03:00,_2,20bf25aa10a7,A6,Agios Athanasios,2
2026-09-09T05:01:24Z,2026-09-09T08:05:24.897371+03:00,_3,dd7ac45992bf,Agios Athanasios,Latsia,0
2026-09-09T05:01:24Z,2026-09-09T08:05:24.897371+03:00,_4,0b0229e2fb21,Strovolos,Lemesou Ave,4
2026-09-09T05:01:24Z,2026-09-09T08:05:24.897371+03:00,_5,2daef5aeccc3,Aglantzia,Lemesou Ave,0
2026-09-09T05:01:24Z,2026-09-09T08:05:24.897371+03:00,_6,1c8a2af02150,Lemesou Ave,Archiepiskopou Makariou III Ave,3
2026-09-09T05:01:24Z,2026-09-09T08:05:24.897371+03:00,_7,7e9e53411917,Lemesou Ave,E1302 - Nikis Ave,0
2026-09-09T05:01:24Z,2026-09-09T08:05:24.897371+03:00,_8,910016111853,B18 - Georgiou Griva Digeni Ave,B18 - Georgiou Griva Digeni Ave,3
2026-09-09T05:01:24Z,2026-09-09T08:05:24.897371+03:00,_9,bbf67e32aa17,B18 - Georgiou Griva Digeni Ave,Evagorou Ave,0
2026-09-09T05:01:24Z,2026-09-09T08:05:24.897371+03:00,_0,078bc587a921,Exit 24 >E127 Germasogeia / E113 Lemesos-Centre,Agios Athanasios,0
2026-09-09T05:01:24Z,2026-09-09T08:05:24.897371+03:00,_1,1b1395341511,Agios Athanasios,A6,2
2026-09-09T05:01:24Z,2026-09-09T08:05:24.897371+03:00,_2,c2a7d640bfe5,Lemesos,Kato Polemidia,0
2026-09-09T05:01:24Z,2026-09-09T08:05:24.897371+03:00,_3,088e367122ec,Kato Polemidia,Kato Polemidia,3
2026-09-09T05:01:24Z,2026-09-09T08:05:24.897371+03:00,_4,5052820d4346,A1,"to A6 > Pafos, Pafos Airport",0
2026-09-09T05:11:50Z,2026-09-09T08:16:45.425219+03:00,_0,4e76d1a3fa55,Strovolos,Strovolos,0
2026-09-09T05:11:50Z,2026-09-09T08:16:45.425219+03:00,_1,bb81480ce9a9,Strovolos,Lemesou Ave,4
2026-09-09T05:11:50Z,2026-09-09T08:16:45.425219+03:00,_2,a9b7fbe4ad39,A1,E164 - Armenias,0
2026-09-09T05:11:50Z,2026-09-09T08:16:45.425219+03:00,_3,8b530b355b26,Lemesou Ave,Archiepiskopou Makariou III Ave,3
2026-09-09T05:11:50Z,2026-09-09T08:16:45.425219+03:00,_0,e840a4c3672b,E147 - Archiepiskopou Makariou III Ave,Steliou Kyriakidi,0
2026-09-09T05:11:50Z,2026-09-09T08:16:45.425219+03:00,_1,fbdd0e351f56,Ivykou,,4
2026-09-09T05:11:50Z,2026-09-09T08:16:45.425219+03:00,_2,58db42ee5329,Agias Filaxeos,E110 - 1 Apriliou,0
2026-09-09T05:11:50Z,2026-09-09T08:16:45.425219+03:00,_3,de7c5d112dc2,E110 - 1 Apriliou,E110 - Eleftherias,2
2026-09-09T05:11:50Z,2026-09-09T08:16:45.425219+03:00,_4,5f1fec2aa9f9,E110 - 1 Apriliou,E110,0
2026-09-09T05:11:50Z,2026-09-09T08:16:45.425219+03:00,_0,52da7317e46e,Leoforos Strovolou,Strovolou Ave,0
2026-09-09T05:11:50Z,2026-09-09T08:16:45.425219+03:00,_1,79031b7514a6,Arch. Makariou III,E902 - Proedrikou Megarou Ave,4
2026-09-09T05:11:50Z,2026-09-09T08:16:45.425219+03:00,_2,c6ac6530f2b9,Strovolou Ave,E902 - Proedrikou Megarou Ave,0
2026-09-09T05:11:50Z,2026-09-09T08:16:45.425219+03:00,_0,9e4085f29919,E110,E110 - Agias Fylaxeos,0
2026-09-09T05:11:50Z,2026-09-09T08:16:45.425219+03:00,_1,6234e3942395,E110 - 1 Apriliou,,4
2026-09-09T05:11:50Z,2026-09-09T08:16:45.425219+03:00,_2,e33776a3a190,E110 - Agias Fylaxeos,Agias Filaxeos,0
2026-09-09T05:11:50Z,2026-09-09T08:16:45.425219+03:00,_3,0a5c4761a6b4,Agias Filaxeos,Agias Filaxeos,3
2026-09-09T05:11:50Z,2026-09-09T08:16:45.425219+03:00,_4,8effdcb26c23,Agias Filaxeos,Agiou Artemiou,0
2026-09-09T05:11:50Z,2026-09-09T08:16:45.425219+03:00,_5,0047479cf4c6,Agias Filaxeos,E147 - Archiepiskopou Makariou III Ave,4
2026-09-09T05:11:50Z,2026-09-09T08:16:45.425219+03:00,_0,93ebb3fbad08,Episkopi,Ypsonas,0
2026-09-09T05:11:50Z,2026-09-09T08:16:45.425219+03:00,_1,efa8d7b03d38,Ypsonas,A1,3
2026-09-09T05:11:50Z,2026-09-09T08:16:45.425219+03:00,_2,51a87f29a8d7,A6,Lemesos,2
2026-09-09T05:11:50Z,2026-09-09T08:16:45.425219+03:00,_3,ee531a6a7ac9,Lemesos,Lemesos,0
2026-09-09T05:11:50Z,2026-09-09T08:16:45.425219+03:00,_4,50dc42de3530,Mesa Geitonia,Agios Athanasios,1
2026-09-09T05:11:50Z,2026-09-09T08:16:45.425219+03:00,_5,5fdfcdfdd36d,Agios Athanasios,Germasogeia,0
2026-09-09T05:11:50Z,2026-09-09T08:16:45.425219+03:00,_0,c75f4551c6ff,,Ypsonas,0
2026-09-09T05:11:50Z,2026-09-09T08:16:45.425219+03:00,_1,efa8d7b03d38,Ypsonas,A1,3
2026-09-09T05:11:50Z,2026-09-09T08:16:45.425219+03:00,_2,51a87f29a8d7,A6,Lemesos,2
2026-09-09T05:11:50Z,2026-09-09T08:16:45.425219+03:00,_3,ee531a6a7ac9,Lemesos,Lemesos,0
2026-09-09T05:11:50Z,2026-09-09T08:16:45.425219+03:00,_4,50dc42de3530,Mesa Geitonia,Agios Athanasios,1
2026-09-09T05:11:50Z,2026-09-09T08:16:45.425219+03:00,_5,54102838a310,Agios Athanasios,Strovolos,0
2026-09-09T05:11:50Z,2026-09-09T08:16:45.425219+03:00,_6,bb81480ce9a9,Strovolos,Lemesou Ave,4
2026-09-09T05:11:50Z,2026-09-09T08:16:45.425219+03:00,_7,a9b7fbe4ad39,A1,E164 - Armenias,0
2026-09-09T05:11:50Z,2026-09-09T08:16:45.425219+03:00,_8,3dec49aff703,Lemesou Ave,Archiepiskopou Makariou III Ave,3
2026-09-09T05:11:50Z,2026-09-09T08:16:45.425219+03:00,_9,fa2fd78f5eb3,Lemesou Ave,Archiepiskopou Makariou III Ave,0
2026-09-09T05:11:50Z,2026-09-09T08:16:45.425219+03:00,_10,2f70270e55a2,Lemesou Ave,B18 - Georgiou Griva Digeni Ave,2
2026-09-09T05:11:50Z,2026-09-09T08:16:45.425219+03:00,_11,7c1a88e2db2c,Archiepiskopou Makariou III Ave,E1302 - Nikis Ave,0
2026-09-09T05:11:50Z,2026-09-09T08:16:45.425219+03:00,_12,910016111853,B18 - Georgiou Griva Digeni Ave,B18 - Georgiou Griva Digeni Ave,3
2026-09-09T05:11:50Z,2026-09-09T08:16:45.425219+03:00,_13,bbf67e32aa17,B18 - Georgiou Griva Digeni Ave,Evagorou Ave,0
2026-09-09T05:11:50Z,2026-09-09T08:16:45.425219+03:00,_0,68ba8c9365ac,Exit 24 >E127 Germasogeia / E113 Lemesos-Centre,Germasogeia,0
2026-09-09T05:11:50Z,2026-09-09T08:16:45.425219+03:00,_1,ce32023c9f0b,Germasogeia,Germasogeia,1
2026-09-09T05:11:50Z,2026-09-09T08:16:45.425219+03:00,_2,c0f129731113,Agios Athanasios,Mesa Geitonia,0
2026-09-09T05:11:50Z,2026-09-09T08:16:45.425219+03:00,_3,1bfd048d5d78,Lemesos,Lemesos,2
2026-09-09T05:11:50Z,2026-09-09T08:16:45.425219+03:00,_4,c2a7d640bfe5,Lemesos,Kato Polemidia,0
2026-09-09T05:11:50Z,2026-09-09T08:16:45.425219+03:00,_5,088e367122ec,Kato Polemidia,Kato Polemidia,2
2026-09-09T05:11:50Z,2026-09-09T08:16:45.425219+03:00,_6,5052820d4346,A1,"to A6 > Pafos, Pafos Airport",0
2026-09-09T05:21:56Z,2026-09-09T08:25:57.228682+03:00,_0,d7fa998be72c,Strovolos,Strovolos,0
2026-09-09T05:21:56Z,2026-09-09T08:25:57.228682+03:00,_1,56258ee4f147,Strovolos,Lemesou Ave,4
2026-09-09T05:21:56Z,2026-09-09T08:25:57.228682+03:00,_2,2daef5aeccc3,Aglantzia,Lemesou Ave,0
2026-09-09T05:21:56Z,2026-09-09T08:25:57.228682+03:00,_3,ce775bebe806,Lemesou Ave,Archiepiskopou Makariou III Ave,4
2026-09-09T05:21:56Z,2026-09-09T08:25:57.228682+03:00,_0,920305ee9a1e,E147 - Archiepiskopou Makariou III Ave,Agias Filaxeos,0
2026-09-09T05:21:56Z,2026-09-09T08:25:57.228682+03:00,_1,a4260c51b19c,Steliou Kyriakidi,,4
2026-09-09T05:21:56Z,2026-09-09T08:25:57.228682+03:00,_2,58db42ee5329,Agias Filaxeos,E110 - 1 Apriliou,0
2026-09-09T05:21:56Z,2026-09-09T08:25:57.228682+03:00,_3,de7c5d112dc2,E110 - 1 Apriliou,E110 - Eleftherias,2
2026-09-09T05:21:56Z,2026-09-09T08:25:57.228682+03:00,_4,5f1fec2aa9f9,E110 - 1 Apriliou,E110,0
2026-09-09T05:21:56Z,2026-09-09T08:25:57.228682+03:00,_0,52da7317e46e,Leoforos Strovolou,Strovolou Ave,0
2026-09-09T05:21:56Z,2026-09-09T08:25:57.228682+03:00,_1,867d7d746488,Arch. Makariou III,E902 - Proedrikou Megarou Ave,4
2026-09-09T05:21:56Z,2026-09-09T08:25:57.228682+03:00,_2,2e2860fdee90,Strovolou Ave,E902 - Proedrikou Megarou Ave,0
2026-09-09T05:21:56Z,2026-09-09T08:25:57.228682+03:00,_3,c6ac6530f2b9,Strovolou Ave,E902 - Proedrikou Megarou Ave,1
2026-09-09T05:21:56Z,2026-09-09T08:25:57.228682+03:00,_0,72b03ff9b5bc,E110,E110 - Agias Fylaxeos,0
2026-09-09T05:21:56Z,2026-09-09T08:25:57.228682+03:00,_1,e50ca2ecb1e0,E110 - 1 Apriliou,,3
2026-09-09T05:21:56Z,2026-09-09T08:25:57.228682+03:00,_2,bbe9f6312861,E110 - Agias Fylaxeos,Agias Filaxeos,0
2026-09-09T05:21:56Z,2026-09-09T08:25:57.228682+03:00,_3,c7626fee6f30,Agias Filaxeos,Agias Filaxeos,3
2026-09-09T05:21:56Z,2026-09-09T08:25:57.228682+03:00,_4,63550abc2b0b,Agias Filaxeos,Agiou Artemiou,0
2026-09-09T05:21:56Z,2026-09-09T08:25:57.228682+03:00,_5,88697bca4b53,Agias Filaxeos,E147 - Archiepiskopou Makariou III Ave,4
2026-09-09T05:21:56Z,2026-09-09T08:25:57.228682+03:00,_0,93ebb3fbad08,Episkopi,Ypsonas,0
2026-09-09T05:21:56Z,2026-09-09T08:25:57.228682+03:00,_1,efa8d7b03d38,Ypsonas,A1,3
2026-09-09T05:21:56Z,2026-09-09T08:25:57.228682+03:00,_2,20bf25aa10a7,A6,Agios Athanasios,2
2026-09-09T05:21:56Z,2026-09-09T08:25:57.228682+03:00,_3,5fdfcdfdd36d,Agios Athanasios,Germasogeia,0
2026-09-09T05:21:56Z,2026-09-09T08:25:57.228682+03:00,_0,c75f4551c6ff,,Ypsonas,0
2026-09-09T05:21:56Z,2026-09-09T08:25:57.228682+03:00,_1,efa8d7b03d38,Ypsonas,A1,3
2026-09-09T05:21:56Z,2026-09-09T08:25:57.228682+03:00,_2,20bf25aa10a7,A6,Agios Athanasios,2
2026-09-09T05:21:56Z,2026-09-09T08:25:57.228682+03:00,_3,873ce68d2cb7,Agios Athanasios,Strovolos,0
2026-09-09T05:21:56Z,2026-09-09T08:25:57.228682+03:00,_4,56258ee4f147,Strovolos,Lemesou Ave,4
2026-09-09T05:21:56Z,2026-09-09T08:25:57.228682+03:00,_5,2daef5aeccc3,Aglantzia,Lemesou Ave,0
2026-09-09T05:21:56Z,2026-09-09T08:25:57.228682+03:00,_6,1c8a2af02150,Lemesou Ave,Archiepiskopou Makariou III Ave,4
2026-09-09T05:21:56Z,2026-09-09T08:25:57.228682+03:00,_7,5aa9f8d8c10c,Lemesou Ave,Archiepiskopou Makariou III Ave,0
2026-09-09T05:21:56Z,2026-09-09T08:25:57.228682+03:00,_8,e416e06b7bb8,Archiepiskopou Makariou III Ave,B18 - Georgiou Griva Digeni Ave,3
2026-09-09T05:21:56Z,2026-09-09T08:25:57.228682+03:00,_9,7c1a88e2db2c,Archiepiskopou Makariou III Ave,E1302 - Nikis Ave,0
2026-09-09T05:21:56Z,2026-09-09T08:25:57.228682+03:00,_10,910016111853,B18 - Georgiou Griva Digeni Ave,B18 - Georgiou Griva Digeni Ave,3
2026-09-09T05:21:56Z,2026-09-09T08:25:57.228682+03:00,_11,bbf67e32aa17,B18 - Georgiou Griva Digeni Ave,Evagorou Ave,0
2026-09-09T05:21:56Z,2026-09-09T08:25:57.228682+03:00,_0,2459eb632a9a,Exit 24 >E127 Germasogeia / E113 Lemesos-Centre,Lemesos,0
2026-09-09T05:21:56Z,2026-09-09T08:25:57.228682+03:00,_1,e1dac3423766,Lemesos,Lemesos,2
2026-09-09T05:21:56Z,2026-09-09T08:25:57.228682+03:00,_2,c2a7d640bfe5,Lemesos,Kato Polemidia,0
2026-09-09T05:21:56Z,2026-09-09T08:25:57.228682+03:00,_3,088e367122ec,Kato Polemidia,Kato Polemidia,2
2026-09-09T05:21:56Z,2026-09-09T08:25:57.228682+03:00,_4,5052820d4346,A1,"to A6 > Pafos, Pafos Airport",0
2026-09-09T05:32:24Z,2026-09-09T08:37:13.629981+03:00,_0,d7fa998be72c,Strovolos,Strovolos,0
2026-09-09T05:32:24Z,2026-09-09T08:37:13.629981+03:00,_1,56258ee4f147,Strovolos,Lemesou Ave,4
2026-09-09T05:32:24Z,2026-09-09T08:37:13.629981+03:00,_2,2daef5aeccc3,Aglantzia,Lemesou Ave,0
2026-09-09T05:32:24Z,2026-09-09T08:37:13.629981+03:00,_3,ce775bebe806,Lemesou Ave,Archiepiskopou Makariou III Ave,4
2026-09-09T05:32:24Z,2026-09-09T08:37:13.629981+03:00,_0,5661b3f9cb72,Leoforos Strovolou,E122 - Athinon,0
2026-09-09T05:32:24Z,2026-09-09T08:37:13.629981+03:00,_1,f1781d10861a,to E902 Strovolou Ave / Lefkosia,E902 - Proedrikou Megarou Ave,4
2026-09-09T05:32:24Z,2026-09-09T08:37:13.629981+03:00,_2,2e2860fdee90,Strovolou Ave,E902 - Proedrikou Megarou Ave,0
2026-09-09T05:32:24Z,2026-09-09T08:37:13.629981+03:00,_3,c6ac6530f2b9,Strovolou Ave,E902 - Proedrikou Megarou Ave,1
2026-09-09T05:32:24Z,2026-09-09T08:37:13.629981+03:00,_0,f2dad27e0b2c,E110,E110 - 1 Apriliou,0
2026-09-09T05:32:24Z,2026-09-09T08:37:13.629981+03:00,_1,0bc8a04884b8,E110 - 1 Apriliou,E110 - 1 Apriliou,3
2026-09-09T05:32:24Z,2026-09-09T08:37:13.629981+03:00,_2,3f327fcf98cf,E110 - Eleftherias,E110 - Agias Fylaxeos,0
2026-09-09T05:32:24Z,2026-09-09T08:37:13.629981+03:00,_3,e50ca2ecb1e0,E110 - 1 Apriliou,,3
2026-09-09T05:32:24Z,2026-09-09T08:37:13.629981+03:00,_4,19d45cd96312,E110 - Agias Fylaxeos,E147 - Archiepiskopou Makariou III Ave,0
2026-09-09T05:32:24Z,2026-09-09T08:37:13.629981+03:00,_5,535964c57235,Agias Filaxeos,E147 - Archiepiskopou Makariou III Ave,3
2026-09-09T05:32:24Z,2026-09-09T08:37:13.629981+03:00,_0,93ebb3fbad08,Episkopi,Ypsonas,0
2026-09-09T05:32:24Z,2026-09-09T08:37:13.629981+03:00,_1,efa8d7b03d38,Ypsonas,A1,3
2026-09-09T05:32:24Z,2026-09-09T08:37:13.629981+03:00,_2,ae3a9bb54763,A6,Lemesos,2
2026-09-09T05:32:24Z,2026-09-09T08:37:13.629981+03:00,_3,d73a04fc5195,Mesa Geitonia,Germasogeia,0
2026-09-09T05:32:24Z,2026-09-09T08:37:13.629981+03:00,_0,920305ee9a1e,E147 - Archiepiskopou Makariou III Ave,Agias Filaxeos,0
2026-09-09T05:32:24Z,2026-09-09T08:37:13.629981+03:00,_1,a4260c51b19c,Steliou Kyriakidi,,4
2026-09-09T05:32:24Z,2026-09-09T08:37:13.629981+03:00,_2,f5f94ff22484,Agias Filaxeos,E110,0
2026-09-09T05:32:24Z,2026-09-09T08:37:13.629981+03:00,_0,667f2bde0b2c,,Paramali,0
2026-09-09T05:32:24Z,2026-09-09T08:37:13.629981+03:00,_1,9d6939cfc68e,Paramali,Episkopi Garrison,2
2026-09-09T05:32:24Z,2026-09-09T08:37:13.629981+03:00,_2,a3e2f604b6ee,Episkopi Garrison,Ypsonas,0
2026-09-09T05:32:24Z,2026-09-09T08:37:13.629981+03:00,_3,efa8d7b03d38,Ypsonas,A1,3
2026-09-09T05:32:24Z,2026-09-09T08:37:13.629981+03:00,_4,ae3a9bb54763,A6,Lemesos,2
2026-09-09T05:32:24Z,2026-09-09T08:37:13.629981+03:00,_5,fa250bca0f31,Mesa Geitonia,Strovolos,0
2026-09-09T05:32:24Z,2026-09-09T08:37:13.629981+03:00,_6,56258ee4f147,Strovolos,Lemesou Ave,4
2026-09-09T05:32:24Z,2026-09-09T08:37:13.629981+03:00,_7,2daef5aeccc3,Aglantzia,Lemesou Ave,0
2026-09-09T05:32:24Z,2026-09-09T08:37:13.629981+03:00,_8,1c8a2af02150,Lemesou Ave,Archiepiskopou Makariou III Ave,4
2026-09-09T05:32:24Z,2026-09-09T08:37:13.629981+03:00,_9,5b037bbaa992,Lemesou Ave,Archiepiskopou Makariou III Ave,0
2026-09-09T05:32:24Z,2026-09-09T08:37:13.629981+03:00,_10,91f4f4624f42,Archiepiskopou Makariou III Ave,B18 - Georgiou Griva Digeni Ave,3
2026-09-09T05:32:24Z,2026-09-09T08:37:13.629981+03:00,_11,7c1a88e2db2c,Archiepiskopou Makariou III Ave,E1302 - Nikis Ave,0
2026-09-09T05:32:24Z,2026-09-09T08:37:13.629981+03:00,_12,910016111853,B18 - Georgiou Griva Digeni Ave,B18 - Georgiou Griva Digeni Ave,3
2026-09-09T05:32:24Z,2026-09-09T08:37:13.629981+03:00,_13,bbf67e32aa17,B18 - Georgiou Griva Digeni Ave,Evagorou Ave,0
2026-09-09T05:42:30Z,2026-09-09T08:47:27.508318+03:00,_0,d7fa998be72c,Strovolos,Strovolos,0
2026-09-09T05:42:30Z,2026-09-09T08:47:27.508318+03:00,_1,56258ee4f147,Strovolos,Lemesou Ave,4
2026-09-09T05:42:30Z,2026-09-09T08:47:27.508318+03:00,_2,2eeb7481ceda,Aglantzia,E164 - Armenias,0
2026-09-09T05:42:30Z,2026-09-09T08:47:27.508318+03:00,_3,8b530b355b26,Lemesou Ave,Archiepiskopou Makariou III Ave,3
2026-09-09T05:42:30Z,2026-09-09T08:47:27.508318+03:00,_0,72b03ff9b5bc,E110,E110 - Agias Fylaxeos,0
2026-09-09T05:42:30Z,2026-09-09T08:47:27.508318+03:00,_1,e50ca2ecb1e0,E110 - 1 Apriliou,,3
2026-09-09T05:42:30Z,2026-09-09T08:47:27.508318+03:00,_2,73c10e640ed1,E110 - Agias Fylaxeos,E147 - Archiepiskopou Makariou III Ave,0
2026-09-09T05:42:30Z,2026-09-09T08:47:27.508318+03:00,_3,676c339d8b55,Agias Filaxeos,E147 - Archiepiskopou Makariou III Ave,3
2026-09-09T05:42:30Z,2026-09-09T08:47:27.508318+03:00,_0,67becf3879a0,Episkopi,Ypsonas,0
2026-09-09T05:42:30Z,2026-09-09T08:47:27.508318+03:00,_1,ff5747c22875,Ypsonas,A1,3
2026-09-09T05:42:30Z,2026-09-09T08:47:27.508318+03:00,_2,51a87f29a8d7,A6,Lemesos,2
2026-09-09T05:42:30Z,2026-09-09T08:47:27.508318+03:00,_3,4cc85bcdea4b,Lemesos,Germasogeia,0
2026-09-09T05:42:30Z,2026-09-09T08:47:27.508318+03:00,_0,920305ee9a1e,E147 - Archiepiskopou Makariou III Ave,Agias Filaxeos,0
2026-09-09T05:42:30Z,2026-09-09T08:47:27.508318+03:00,_1,a4260c51b19c,Steliou Kyriakidi,,4
2026-09-09T05:42:30Z,2026-09-09T08:47:27.508318+03:00,_2,58db42ee5329,Agias Filaxeos,E110 - 1 Apriliou,0
2026-09-09T05:42:30Z,2026-09-09T08:47:27.508318+03:00,_3,9f4f77006632,E110 - 1 Apriliou,E110 - Eleftherias,2
2026-09-09T05:42:30Z,2026-09-09T08:47:27.508318+03:00,_4,c97b954fcb12,E110 - 1 Apriliou,E110,0
2026-09-09T05:42:30Z,2026-09-09T08:47:27.508318+03:00,_0,5661b3f9cb72,Leoforos Strovolou,E122 - Athinon,0
2026-09-09T05:42:30Z,2026-09-09T08:47:27.508318+03:00,_1,81fbbc01472d,to E902 Strovolou Ave / Lefkosia,E902 - Proedrikou Megarou Ave,3
2026-09-09T05:42:30Z,2026-09-09T08:47:27.508318+03:00,_2,c6ac6530f2b9,Strovolou Ave,E902 - Proedrikou Megarou Ave,0
2026-09-09T05:42:30Z,2026-09-09T08:47:27.508318+03:00,_0,dceccf313a06,Georgiou Neofytou,Spyrou Kyprianou Ave,2
2026-09-09T05:42:30Z,2026-09-09T08:47:27.508318+03:00,_1,6ec68c86e931,Spyrou Kyprianou Ave,Agias Filaxeos,0
2026-09-09T05:42:30Z,2026-09-09T08:47:27.508318+03:00,_0,667f2bde0b2c,,Paramali,0
2026-09-09T05:42:30Z,2026-09-09T08:47:27.508318+03:00,_1,9d6939cfc68e,Paramali,Episkopi Garrison,3
2026-09-09T05:42:30Z,2026-09-09T08:47:27.508318+03:00,_2,3992deac4ed0,Episkopi Garrison,Ypsonas,0
2026-09-09T05:42:30Z,2026-09-09T08:47:27.508318+03:00,_3,ff5747c22875,Ypsonas,A1,3
2026-09-09T05:42:30Z,2026-09-09T08:47:27.508318+03:00,_4,51a87f29a8d7,A6,Lemesos,2
2026-09-09T05:42:30Z,2026-09-09T08:47:27.508318+03:00,_5,3a2463aa3801,Lemesos,Strovolos,0
2026-09-09T05:42:30Z,2026-09-09T08:47:27.508318+03:00,_6,56258ee4f147,Strovolos,Lemesou Ave,4
2026-09-09T05:42:30Z,2026-09-09T08:47:27.508318+03:00,_7,2eeb7481ceda,Aglantzia,E164 - Armenias,0
2026-09-09T05:42:30Z,2026-09-09T08:47:27.508318+03:00,_8,3dec49aff703,Lemesou Ave,Archiepiskopou Makariou III Ave,3
2026-09-09T05:42:30Z,2026-09-09T08:47:27.508318+03:00,_9,5b037bbaa992,Lemesou Ave,Archiepiskopou Makariou III Ave,0
2026-09-09T05:42:30Z,2026-09-09T08:47:27.508318+03:00,_10,91f4f4624f42,Archiepiskopou Makariou III Ave,B18 - Georgiou Griva Digeni Ave,3
2026-09-09T05:42:30Z,2026-09-09T08:47:27.508318+03:00,_11,7c1a88e2db2c,Archiepiskopou Makariou III Ave,E1302 - Nikis Ave,0
2026-09-09T05:42:30Z,2026-09-09T08:47:27.508318+03:00,_12,910016111853,B18 - Georgiou Griva Digeni Ave,B18 - Georgiou Griva Digeni Ave,3
2026-09-09T05:42:30Z,2026-09-09T08:47:27.508318+03:00,_13,bbf67e32aa17,B18 - Georgiou Griva Digeni Ave,Evagorou Ave,0
2026-09-09T05:42:30Z,2026-09-09T08:47:27.508318+03:00,_0,06afc6492b14,Exit 24 >E127 Germasogeia / E113 Lemesos-Centre,Germasogeia,1
2026-09-09T05:42:30Z,2026-09-09T08:47:27.508318+03:00,_1,3e1d75b9e16e,Agios Athanasios,"to A6 > Pafos, Pafos Airport",0
2026-09-09T05:52:58Z,2026-09-09T08:57:41.295271+03:00,_0,d7fa998be72c,Strovolos,Strovolos,0
2026-09-09T05:52:58Z,2026-09-09T08:57:41.295271+03:00,_1,56258ee4f147,Strovolos,Lemesou Ave,4
2026-09-09T05:52:58Z,2026-09-09T08:57:41.295271+03:00,_2,2eeb7481ceda,Aglantzia,E164 - Armenias,0
2026-09-09T05:52:58Z,2026-09-09T08:57:41.295271+03:00,_3,8b530b355b26,Lemesou Ave,Archiepiskopou Makariou III Ave,3
2026-09-09T05:52:58Z,2026-09-09T08:57:41.295271+03:00,_0,72b03ff9b5bc,E110,E110 - Agias Fylaxeos,0
2026-09-09T05:52:58Z,2026-09-09T08:57:41.295271+03:00,_1,e50ca2ecb1e0,E110 - 1 Apriliou,,4
2026-09-09T05:52:58Z,2026-09-09T08:57:41.295271+03:00,_2,e33776a3a190,E110 - Agias Fylaxeos,Agias Filaxeos,0
2026-09-09T05:52:58Z,2026-09-09T08:57:41.295271+03:00,_3,bb6b59580991,Agias Filaxeos,Spyrou Kyprianou Ave,3
2026-09-09T05:52:58Z,2026-09-09T08:57:41.295271+03:00,_4,0b5eaea2be2c,Agias Filaxeos,E147 - Archiepiskopou Makariou III Ave,0
2026-09-09T05:52:58Z,2026-09-09T08:57:41.295271+03:00,_5,afcda84a293b,Agias Filaxeos,E147 - Archiepiskopou Makariou III Ave,3
2026-09-09T05:52:58Z,2026-09-09T08:57:41.295271+03:00,_0,12584efa288c,Episkopi,Ypsonas,0
2026-09-09T05:52:58Z,2026-09-09T08:57:41.295271+03:00,_1,4253853f3d46,Ypsonas,A1,3
2026-09-09T05:52:58Z,2026-09-09T08:57:41.295271+03:00,_2,fff43c710005,A6,Mesa Geitonia,2
2026-09-09T05:52:58Z,2026-09-09T08:57:41.295271+03:00,_3,68e80ae678c2,Agios Athanasios,Germasogeia,0
2026-09-09T05:52:58Z,2026-09-09T08:57:41.295271+03:00,_0,920305ee9a1e,E147 - Archiepiskopou Makariou III Ave,Agias Filaxeos,0
2026-09-09T05:52:58Z,2026-09-09T08:57:41.295271+03:00,_1,a4260c51b19c,Steliou Kyriakidi,,4
2026-09-09T05:52:58Z,2026-09-09T08:57:41.295271+03:00,_2,f5f94ff22484,Agias Filaxeos,E110,0
2026-09-09T05:52:58Z,2026-09-09T08:57:41.295271+03:00,_0,d624d2c1050e,Leoforos Strovolou,E122 - Athinon,0
2026-09-09T05:52:58Z,2026-09-09T08:57:41.295271+03:00,_1,e547950b5d5e,Strovolou Ave,E902 - Proedrikou Megarou Ave,3
2026-09-09T05:52:58Z,2026-09-09T08:57:41.295271+03:00,_2,96c3ee6a9698,Strovolou Ave,E902 - Proedrikou Megarou Ave,0
2026-09-09T05:52:58Z,2026-09-09T08:57:41.295271+03:00,_0,dceccf313a06,Georgiou Neofytou,Spyrou Kyprianou Ave,2
2026-09-09T05:52:58Z,2026-09-09T08:57:41.295271+03:00,_1,6ec68c86e931,Spyrou Kyprianou Ave,Agias Filaxeos,0
2026-09-09T05:52:58Z,2026-09-09T08:57:41.295271+03:00,_0,667f2bde0b2c,,Paramali,0
2026-09-09T05:52:58Z,2026-09-09T08:57:41.295271+03:00,_1,e0e1ccab5390,Paramali,Episkopi Garrison,3
2026-09-09T05:52:58Z,2026-09-09T08:57:41.295271+03:00,_2,a0c2f5d3a941,Episkopi,Ypsonas,0
2026-09-09T05:52:58Z,2026-09-09T08:57:41.295271+03:00,_3,4253853f3d46,Ypsonas,A1,3
2026-09-09T05:52:58Z,2026-09-09T08:57:41.295271+03:00,_4,fff43c710005,A6,Mesa Geitonia,2
2026-09-09T05:52:58Z,2026-09-09T08:57:41.295271+03:00,_5,45164d2228ac,Agios Athanasios,Strovolos,0
2026-09-09T05:52:58Z,2026-09-09T08:57:41.295271+03:00,_6,56258ee4f147,Strovolos,Lemesou Ave,4
2026-09-09T05:52:58Z,2026-09-09T08:57:41.295271+03:00,_7,2eeb7481ceda,Aglantzia,E164 - Armenias,0
2026-09-09T05:52:58Z,2026-09-09T08:57:41.295271+03:00,_8,3dec49aff703,Lemesou Ave,Archiepiskopou Makariou III Ave,3
2026-09-09T05:52:58Z,2026-09-09T08:57:41.295271+03:00,_9,d7c6c735ba17,Lemesou Ave,B18 - Georgiou Griva Digeni Ave,2
2026-09-09T05:52:58Z,2026-09-09T08:57:41.295271+03:00,_10,7c1a88e2db2c,Archiepiskopou Makariou III Ave,E1302 - Nikis Ave,0
2026-09-09T05:52:58Z,2026-09-09T08:57:41.295271+03:00,_11,910016111853,B18 - Georgiou Griva Digeni Ave,B18 - Georgiou Griva Digeni Ave,4
2026-09-09T05:52:58Z,2026-09-09T08:57:41.295271+03:00,_12,bbf67e32aa17,B18 - Georgiou Griva Digeni Ave,Evagorou Ave,0
2026-09-09T05:52:58Z,2026-09-09T08:57:41.295271+03:00,_0,06afc6492b14,Exit 24 >E127 Germasogeia / E113 Lemesos-Centre,Germasogeia,2
2026-09-09T05:52:58Z,2026-09-09T08:57:41.295271+03:00,_1,3e1d75b9e16e,Agios Athanasios,"to A6 > Pafos, Pafos Airport",0
2026-09-09T06:03:06Z,2026-09-09T09:07:57.725304+03:00,_0,9637c1cd3244,Strovolos,Strovolos,0
2026-09-09T06:03:06Z,2026-09-09T09:07:57.725304+03:00,_1,d1bd4cd56cd8,Strovolos,Lemesou Ave,4
2026-09-09T06:03:06Z,2026-09-09T09:07:57.725304+03:00,_2,c6e235d3222a,Aglantzia,Archiepiskopou Makariou III Ave,0
2026-09-09T06:03:06Z,2026-09-09T09:07:57.725304+03:00,_3,394713f228bd,Lemesou Ave,Lemesou Ave,4
2026-09-09T06:03:06Z,2026-09-09T09:07:57.725304+03:00,_0,3d0e4e0e5abe,E110,E110 - Agias Fylaxeos,0
2026-09-09T06:03:06Z,2026-09-09T09:07:57.725304+03:00,_1,2c0f8a50493b,E110 - 1 Apriliou,E110 - Agias Fylaxeos,3
2026-09-09T06:03:06Z,2026-09-09T09:07:57.725304+03:00,_2,e50ca2ecb1e0,E110 - 1 Apriliou,,4
2026-09-09T06:03:06Z,2026-09-09T09:07:57.725304+03:00,_3,e33776a3a190,E110 - Agias Fylaxeos,Agias Filaxeos,0
2026-09-09T06:03:06Z,2026-09-09T09:07:57.725304+03:00,_4,0a5c4761a6b4,Agias Filaxeos,Agias Filaxeos,3
2026-09-09T06:03:06Z,2026-09-09T09:07:57.725304+03:00,_5,fd1ec1f2cdf4,Agias Filaxeos,E147 - Archiepiskopou Makariou III Ave,0
2026-09-09T06:03:06Z,2026-09-09T09:07:57.725304+03:00,_6,676c339d8b55,Agias Filaxeos,E147 - Archiepiskopou Makariou III Ave,3
2026-09-09T06:03:06Z,2026-09-09T09:07:57.725304+03:00,_0,920305ee9a1e,E147 - Archiepiskopou Makariou III Ave,Agias Filaxeos,0
2026-09-09T06:03:06Z,2026-09-09T09:07:57.725304+03:00,_1,a4260c51b19c,Steliou Kyriakidi,,3
2026-09-09T06:03:06Z,2026-09-09T09:07:57.725304+03:00,_2,f5f94ff22484,Agias Filaxeos,E110,0
2026-09-09T06:03:06Z,2026-09-09T09:07:57.725304+03:00,_0,d624d2c1050e,Leoforos Strovolou,E122 - Athinon,0
2026-09-09T06:03:06Z,2026-09-09T09:07:57.725304+03:00,_1,17b3fede191c,Strovolou Ave,E902 - Proedrikou Megarou Ave,3
2026-09-09T06:03:06Z,2026-09-09T09:07:57.725304+03:00,_2,c6ac6530f2b9,Strovolou Ave,E902 - Proedrikou Megarou Ave,0
2026-09-09T06:03:06Z,2026-09-09T09:07:57.725304+03:00,_0,67becf3879a0,Episkopi,Ypsonas,0
2026-09-09T06:03:06Z,2026-09-09T09:07:57.725304+03:00,_1,93b93ca1ebdd,Ypsonas,Lemesos,2
2026-09-09T06:03:06Z,2026-09-09T09:07:57.725304+03:00,_2,d73a04fc5195,Mesa Geitonia,Germasogeia,0
2026-09-09T06:03:06Z,2026-09-09T09:07:57.725304+03:00,_0,06afc6492b14,Exit 24 >E127 Germasogeia / E113 Lemesos-Centre,Germasogeia,2
2026-09-09T06:03:06Z,2026-09-09T09:07:57.725304+03:00,_1,3e1d75b9e16e,Agios Athanasios,"to A6 > Pafos, Pafos Airport",0
2026-09-09T06:03:06Z,2026-09-09T09:07:57.725304+03:00,_0,4696d5c3edda,,Ypsonas,0
2026-09-09T06:03:06Z,2026-09-09T09:07:57.725304+03:00,_1,93b93ca1ebdd,Ypsonas,Lemesos,2
2026-09-09T06:03:06Z,2026-09-09T09:07:57.725304+03:00,_2,b39a06b9f0e6,Mesa Geitonia,Lemesou Ave,0
2026-09-09T06:03:06Z,2026-09-09T09:07:57.725304+03:00,_3,d1bd4cd56cd8,Strovolos,Lemesou Ave,4
2026-09-09T06:03:06Z,2026-09-09T09:07:57.725304+03:00,_4,c6e235d3222a,Aglantzia,Archiepiskopou Makariou III Ave,0
2026-09-09T06:03:06Z,2026-09-09T09:07:57.725304+03:00,_5,6efde239cabf,Lemesou Ave,Archiepiskopou Makariou III Ave,4
2026-09-09T06:03:06Z,2026-09-09T09:07:57.725304+03:00,_6,bd22ecc10d1b,Lemesou Ave,Archiepiskopou Makariou III Ave,0
2026-09-09T06:03:06Z,2026-09-09T09:07:57.725304+03:00,_7,798c594a6669,Archiepiskopou Makariou III Ave,B18 - Georgiou Griva Digeni Ave,3
2026-09-09T06:03:06Z,2026-09-09T09:07:57.725304+03:00,_8,7c1a88e2db2c,Archiepiskopou Makariou III Ave,E1302 - Nikis Ave,0
2026-09-09T06:03:06Z,2026-09-09T09:07:57.725304+03:00,_9,910016111853,B18 - Georgiou Griva Digeni Ave,B18 - Georgiou Griva Digeni Ave,4
2026-09-09T06:03:06Z,2026-09-09T09:07:57.725304+03:00,_10,bbf67e32aa17,B18 - Georgiou Griva Digeni Ave,Evagorou Ave,0
2026-09-09T06:13:12Z,2026-09-09T09:17:09.636868+03:00,_0,9637c1cd3244,Strovolos,Strovolos,0
2026-09-09T06:13:12Z,2026-09-09T09:17:09.636868+03:00,_1,d1bd4cd56cd8,Strovolos,Lemesou Ave,3
2026-09-09T06:13:12Z,2026-09-09T09:17:09.636868+03:00,_2,c6e235d3222a,Aglantzia,Archiepiskopou Makariou III Ave,0
2026-09-09T06:13:12Z,2026-09-09T09:17:09.636868+03:00,_3,394713f228bd,Lemesou Ave,Lemesou Ave,4
2026-09-09T06:13:12Z,2026-09-09T09:17:09.636868+03:00,_0,5571d2934d78,E110,E110 - Agias Fylaxeos,0
2026-09-09T06:13:12Z,2026-09-09T09:17:09.636868+03:00,_1,0067285e4956,E110 - 1 Apriliou,E110 - Agias Fylaxeos,3
2026-09-09T06:13:12Z,2026-09-09T09:17:09.636868+03:00,_2,e50ca2ecb1e0,E110 - 1 Apriliou,,4
2026-09-09T06:13:12Z,2026-09-09T09:17:09.636868+03:00,_3,bbe9f6312861,E110 - Agias Fylaxeos,Agias Filaxeos,0
2026-09-09T06:13:12Z,2026-09-09T09:17:09.636868+03:00,_4,c7626fee6f30,Agias Filaxeos,Agias Filaxeos,3
2026-09-09T06:13:12Z,2026-09-09T09:17:09.636868+03:00,_5,fd1ec1f2cdf4,Agias Filaxeos,E147 - Archiepiskopou Makariou III Ave,0
2026-09-09T06:13:12Z,2026-09-09T09:17:09.636868+03:00,_6,73f1fb07d476,Agias Filaxeos,E147 - Archiepiskopou Makariou III Ave,2
2026-09-09T06:13:12Z,2026-09-09T09:17:09.636868+03:00,_0,137f66eaa4ab,E147 - Archiepiskopou Makariou III Ave,Apostolon Petrou kai Pavlou,3
2026-09-09T06:13:12Z,2026-09-09T09:17:09.636868+03:00,_1,01294ef49009,E147 - Archiepiskopou Makariou III Ave,Agias Filaxeos,0
2026-09-09T06:13:12Z,2026-09-09T09:17:09.636868+03:00,_2,a4260c51b19c,Steliou Kyriakidi,,4
2026-09-09T06:13:12Z,2026-09-09T09:17:09.636868+03:00,_3,f5f94ff22484,Agias Filaxeos,E110,0
2026-09-09T06:13:12Z,2026-09-09T09:17:09.636868+03:00,_0,0ad2cc0d654b,Episkopi,A1,0
2026-09-09T06:13:12Z,2026-09-09T09:17:09.636868+03:00,_1,69eb52c3cf09,Kato Polemidia,Agios Athanasios,2
2026-09-09T06:13:12Z,2026-09-09T09:17:09.636868+03:00,_2,5fdfcdfdd36d,Agios Athanasios,Germasogeia,0
2026-09-09T06:13:12Z,2026-09-09T09:17:09.636868+03:00,_0,06afc6492b14,Exit 24 >E127 Germasogeia / E113 Lemesos-Centre,Germasogeia,2
2026-09-09T06:13:12Z,2026-09-09T09:17:09.636868+03:00,_1,3e1d75b9e16e,Agios Athanasios,"to A6 > Pafos, Pafos Airport",0
2026-09-09T06:13:12Z,2026-09-09T09:17:09.636868+03:00,_0,e51d07f99c0a,,A1,0
2026-09-09T06:13:12Z,2026-09-09T09:17:09.636868+03:00,_1,69eb52c3cf09,Kato Polemidia,Agios Athanasios,2
2026-09-09T06:13:12Z,2026-09-09T09:17:09.636868+03:00,_2,dd53dd4dd140,Agios Athanasios,Lemesou Ave,0
2026-09-09T06:13:12Z,2026-09-09T09:17:09.636868+03:00,_3,d1bd4cd56cd8,Strovolos,Lemesou Ave,3
2026-09-09T06:13:12Z,2026-09-09T09:17:09.636868+03:00,_4,c6e235d3222a,Aglantzia,Archiepiskopou Makariou III Ave,0
2026-09-09T06:13:12Z,2026-09-09T09:17:09.636868+03:00,_5,6efde239cabf,Lemesou Ave,Archiepiskopou Makariou III Ave,4
2026-09-09T06:13:12Z,2026-09-09T09:17:09.636868+03:00,_6,585aa61a46fa,Lemesou Ave,B18 - Digeni Akrita Ave,0
2026-09-09T06:13:12Z,2026-09-09T09:17:09.636868+03:00,_7,055237d5336a,Archiepiskopou Makariou III Ave,B18 - Georgiou Griva Digeni Ave,3
2026-09-09T06:13:12Z,2026-09-09T09:17:09.636868+03:00,_8,7c1a88e2db2c,Archiepiskopou Makariou III Ave,E1302 - Nikis Ave,0
2026-09-09T06:13:12Z,2026-09-09T09:17:09.636868+03:00,_9,910016111853,B18 - Georgiou Griva Digeni Ave,B18 - Georgiou Griva Digeni Ave,4
2026-09-09T06:13:12Z,2026-09-09T09:17:09.636868+03:00,_10,bbf67e32aa17,B18 - Georgiou Griva Digeni Ave,Evagorou Ave,0
2026-09-09T06:13:12Z,2026-09-09T09:17:09.636868+03:00,_0,e01898b31a49,Leoforos Strovolou,E122 - Athinon,0
2026-09-09T06:13:12Z,2026-09-09T09:17:09.636868+03:00,_1,22efabd24088,E122 - Athinon,E902 - Proedrikou Megarou Ave,2
2026-09-09T06:13:12Z,2026-09-09T09:17:09.636868+03:00,_2,96c3ee6a9698,Strovolou Ave,E902 - Proedrikou Megarou Ave,0
2026-09-09T06:23:16Z,2026-09-09T09:27:22.846404+03:00,_0,fe72ea2b224f,Strovolos,Lemesou Ave,0
2026-09-09T06:23:16Z,2026-09-09T09:27:22.846404+03:00,_1,1c3025f6d361,Strovolos,Lemesou Ave,4
2026-09-09T06:23:16Z,2026-09-09T09:27:22.846404+03:00,_2,7c50b274239b,Aglantzia,E164 - Armenias,0
2026-09-09T06:23:16Z,2026-09-09T09:27:22.846404+03:00,_3,c57daf65c80e,Lemesou Ave,Archiepiskopou Makariou III Ave,3
2026-09-09T06:23:16Z,2026-09-09T09:27:22.846404+03:00,_0,c7cc2624ec90,E110,E110 - Agias Fylaxeos,0
2026-09-09T06:23:16Z,2026-09-09T09:27:22.846404+03:00,_1,977b92fdc886,E110 - 1 Apriliou,,3
2026-09-09T06:23:16Z,2026-09-09T09:27:22.846404+03:00,_2,bbe9f6312861,E110 - Agias Fylaxeos,Agias Filaxeos,0
2026-09-09T06:23:16Z,2026-09-09T09:27:22.846404+03:00,_3,c7626fee6f30,Agias Filaxeos,Agias Filaxeos,3
2026-09-09T06:23:16Z,2026-09-09T09:27:22.846404+03:00,_4,fd1ec1f2cdf4,Agias Filaxeos,E147 - Archiepiskopou Makariou III Ave,0
2026-09-09T06:23:16Z,2026-09-09T09:27:22.846404+03:00,_5,676c339d8b55,Agias Filaxeos,E147 - Archiepiskopou Makariou III Ave,3
2026-09-09T06:23:16Z,2026-09-09T09:27:22.846404+03:00,_0,920305ee9a1e,E147 - Archiepiskopou Makariou III Ave,Agias Filaxeos,0
2026-09-09T06:23:16Z,2026-09-09T09:27:22.846404+03:00,_1,a4260c51b19c,Steliou Kyriakidi,,4
2026-09-09T06:23:16Z,2026-09-09T09:27:22.846404+03:00,_2,f5f94ff22484,Agias Filaxeos,E110,0
2026-09-09T06:23:16Z,2026-09-09T09:27:22.846404+03:00,_0,22ab44e87e33,Exit 24 >E127 Germasogeia / E113 Lemesos-Centre,Agios Athanasios,2
2026-09-09T06:23:16Z,2026-09-09T09:27:22.846404+03:00,_1,d543869c3a59,Agios Athanasios,"to A6 > Pafos, Pafos Airport",0
2026-09-09T06:23:16Z,2026-09-09T09:27:22.846404+03:00,_0,cf0d166c0008,,A1,0
2026-09-09T06:23:16Z,2026-09-09T09:27:22.846404+03:00,_1,51a87f29a8d7,A6,Lemesos,2
2026-09-09T06:23:16Z,2026-09-09T09:27:22.846404+03:00,_2,ef8c874a82c0,Lemesos,Lemesou Ave,0
2026-09-09T06:23:16Z,2026-09-09T09:27:22.846404+03:00,_3,1c3025f6d361,Strovolos,Lemesou Ave,4
2026-09-09T06:23:16Z,2026-09-09T09:27:22.846404+03:00,_4,7c50b274239b,Aglantzia,E164 - Armenias,0
2026-09-09T06:23:16Z,2026-09-09T09:27:22.846404+03:00,_5,43f05193c4b0,Lemesou Ave,Archiepiskopou Makariou III Ave,3
2026-09-09T06:23:16Z,2026-09-09T09:27:22.846404+03:00,_6,7e9e53411917,Lemesou Ave,E1302 - Nikis Ave,0
2026-09-09T06:23:16Z,2026-09-09T09:27:22.846404+03:00,_7,910016111853,B18 - Georgiou Griva Digeni Ave,B18 - Georgiou Griva Digeni Ave,4
2026-09-09T06:23:16Z,2026-09-09T09:27:22.846404+03:00,_8,bbf67e32aa17,B18 - Georgiou Griva Digeni Ave,Evagorou Ave,0
2026-09-09T06:23:16Z,2026-09-09T09:27:22.846404+03:00,_0,e7f960841113,Episkopi,A1,0
2026-09-09T06:23:16Z,2026-09-09T09:27:22.846404+03:00,_1,51a87f29a8d7,A6,Lemesos,2
2026-09-09T06:23:16Z,2026-09-09T09:27:22.846404+03:00,_2,4cc85bcdea4b,Lemesos,Germasogeia,0
2026-09-09T06:33:22Z,2026-09-09T09:37:35.392385+03:00,_0,fe72ea2b224f,Strovolos,Lemesou Ave,0
2026-09-09T06:33:22Z,2026-09-09T09:37:35.392385+03:00,_1,1c3025f6d361,Strovolos,Lemesou Ave,4
2026-09-09T06:33:22Z,2026-09-09T09:37:35.392385+03:00,_2,7c50b274239b,Aglantzia,E164 - Armenias,0
2026-09-09T06:33:22Z,2026-09-09T09:37:35.392385+03:00,_3,c57daf65c80e,Lemesou Ave,Archiepiskopou Makariou III Ave,3
2026-09-09T06:33:22Z,2026-09-09T09:37:35.392385+03:00,_0,2307db0caa09,E110,E110 - 1 Apriliou,0
2026-09-09T06:33:22Z,2026-09-09T09:37:35.392385+03:00,_1,218444f02773,E110 - 1 Apriliou,,3
2026-09-09T06:33:22Z,2026-09-09T09:37:35.392385+03:00,_2,73c10e640ed1,E110 - Agias Fylaxeos,E147 - Archiepiskopou Makariou III Ave,0
2026-09-09T06:33:22Z,2026-09-09T09:37:35.392385+03:00,_3,676c339d8b55,Agias Filaxeos,E147 - Archiepiskopou Makariou III Ave,3
2026-09-09T06:33:22Z,2026-09-09T09:37:35.392385+03:00,_0,06afc6492b14,Exit 24 >E127 Germasogeia / E113 Lemesos-Centre,Germasogeia,2
2026-09-09T06:33:22Z,2026-09-09T09:37:35.392385+03:00,_1,307257218b8f,Agios Athanasios,Lemesos,0
2026-09-09T06:33:22Z,2026-09-09T09:37:35.392385+03:00,_2,e1dac3423766,Lemesos,Lemesos,3
2026-09-09T06:33:22Z,2026-09-09T09:37:35.392385+03:00,_3,ef93f4872b51,Lemesos,"to A6 > Pafos, Pafos Airport",0
2026-09-09T06:33:22Z,2026-09-09T09:37:35.392385+03:00,_0,d0dc64f54734,,Lemesou Ave,0
2026-09-09T06:33:22Z,2026-09-09T09:37:35.392385+03:00,_1,1c3025f6d361,Strovolos,Lemesou Ave,4
2026-09-09T06:33:22Z,2026-09-09T09:37:35.392385+03:00,_2,7c50b274239b,Aglantzia,E164 - Armenias,0
2026-09-09T06:33:22Z,2026-09-09T09:37:35.392385+03:00,_3,43f05193c4b0,Lemesou Ave,Archiepiskopou Makariou III Ave,3
2026-09-09T06:33:22Z,2026-09-09T09:37:35.392385+03:00,_4,7e9e53411917,Lemesou Ave,E1302 - Nikis Ave,0
2026-09-09T06:33:22Z,2026-09-09T09:37:35.392385+03:00,_5,910016111853,B18 - Georgiou Griva Digeni Ave,B18 - Georgiou Griva Digeni Ave,4
2026-09-09T06:33:22Z,2026-09-09T09:37:35.392385+03:00,_6,bbf67e32aa17,B18 - Georgiou Griva Digeni Ave,Evagorou Ave,0
2026-09-09T06:33:22Z,2026-09-09T09:37:35.392385+03:00,_0,db379abb1dc7,Georgiou Neofytou,Spyrou Kyprianou Ave,0
2026-09-09T06:33:22Z,2026-09-09T09:37:35.392385+03:00,_1,d485409681ec,Spyrou Kyprianou Ave,Spyrou Kyprianou Ave,3
2026-09-09T06:33:22Z,2026-09-09T09:37:35.392385+03:00,_2,b16f06e86626,Spyrou Kyprianou Ave,Angelou Vlachou,0
2026-09-09T06:43:27Z,2026-09-09T09:47:48.473335+03:00,_0,9637c1cd3244,Strovolos,Strovolos,0
2026-09-09T06:43:27Z,2026-09-09T09:47:48.473335+03:00,_1,d1bd4cd56cd8,Strovolos,Lemesou Ave,4
2026-09-09T06:43:27Z,2026-09-09T09:47:48.473335+03:00,_2,c6e235d3222a,Aglantzia,Archiepiskopou Makariou III Ave,0
2026-09-09T06:43:27Z,2026-09-09T09:47:48.473335+03:00,_3,394713f228bd,Lemesou Ave,Lemesou Ave,3
2026-09-09T06:43:27Z,2026-09-09T09:47:48.473335+03:00,_0,f2dad27e0b2c,E110,E110 - 1 Apriliou,0
2026-09-09T06:43:27Z,2026-09-09T09:47:48.473335+03:00,_1,0bc8a04884b8,E110 - 1 Apriliou,E110 - 1 Apriliou,3
2026-09-09T06:43:27Z,2026-09-09T09:47:48.473335+03:00,_2,2c09272a5a94,E110 - 1 Apriliou,E110 - Agias Fylaxeos,0
2026-09-09T06:43:27Z,2026-09-09T09:47:48.473335+03:00,_3,4d40b5fe9ec1,E110 - 1 Apriliou,,3
2026-09-09T06:43:27Z,2026-09-09T09:47:48.473335+03:00,_4,e33776a3a190,E110 - Agias Fylaxeos,Agias Filaxeos,0
2026-09-09T06:43:27Z,2026-09-09T09:47:48.473335+03:00,_5,0a5c4761a6b4,Agias Filaxeos,Agias Filaxeos,3
2026-09-09T06:43:27Z,2026-09-09T09:47:48.473335+03:00,_6,fd1ec1f2cdf4,Agias Filaxeos,E147 - Archiepiskopou Makariou III Ave,0
2026-09-09T06:43:27Z,2026-09-09T09:47:48.473335+03:00,_7,676c339d8b55,Agias Filaxeos,E147 - Archiepiskopou Makariou III Ave,3
2026-09-09T06:43:27Z,2026-09-09T09:47:48.473335+03:00,_0,1561bafaf811,,Lemesou Ave,0
2026-09-09T06:43:27Z,2026-09-09T09:47:48.473335+03:00,_1,d1bd4cd56cd8,Strovolos,Lemesou Ave,4
2026-09-09T06:43:27Z,2026-09-09T09:47:48.473335+03:00,_2,c6e235d3222a,Aglantzia,Archiepiskopou Makariou III Ave,0
2026-09-09T06:43:27Z,2026-09-09T09:47:48.473335+03:00,_3,6efde239cabf,Lemesou Ave,Archiepiskopou Makariou III Ave,3
2026-09-09T06:43:27Z,2026-09-09T09:47:48.473335+03:00,_4,7e9e53411917,Lemesou Ave,E1302 - Nikis Ave,0
2026-09-09T06:43:27Z,2026-09-09T09:47:48.473335+03:00,_5,910016111853,B18 - Georgiou Griva Digeni Ave,B18 - Georgiou Griva Digeni Ave,3
2026-09-09T06:43:27Z,2026-09-09T09:47:48.473335+03:00,_6,bbf67e32aa17,B18 - Georgiou Griva Digeni Ave,Evagorou Ave,0
2026-09-09T06:43:27Z,2026-09-09T09:47:48.473335+03:00,_0,06afc6492b14,Exit 24 >E127 Germasogeia / E113 Lemesos-Centre,Germasogeia,2
2026-09-09T06:43:27Z,2026-09-09T09:47:48.473335+03:00,_1,307257218b8f,Agios Athanasios,Lemesos,0
2026-09-09T06:43:27Z,2026-09-09T09:47:48.473335+03:00,_2,e1dac3423766,Lemesos,Lemesos,3
2026-09-09T06:43:27Z,2026-09-09T09:47:48.473335+03:00,_3,ef93f4872b51,Lemesos,"to A6 > Pafos, Pafos Airport",0
2026-09-09T06:53:32Z,2026-09-09T09:58:03.181890+03:00,_0,fe72ea2b224f,Strovolos,Lemesou Ave,0
2026-09-09T06:53:32Z,2026-09-09T09:58:03.181890+03:00,_1,1c3025f6d361,Strovolos,Lemesou Ave,4
2026-09-09T06:53:32Z,2026-09-09T09:58:03.181890+03:00,_2,c6e235d3222a,Aglantzia,Archiepiskopou Makariou III Ave,0
2026-09-09T06:53:32Z,2026-09-09T09:58:03.181890+03:00,_3,394713f228bd,Lemesou Ave,Lemesou Ave,3
2026-09-09T06:53:32Z,2026-09-09T09:58:03.181890+03:00,_0,f2dad27e0b2c,E110,E110 - 1 Apriliou,0
2026-09-09T06:53:32Z,2026-09-09T09:58:03.181890+03:00,_1,0bc8a04884b8,E110 - 1 Apriliou,E110 - 1 Apriliou,3
2026-09-09T06:53:32Z,2026-09-09T09:58:03.181890+03:00,_2,2c09272a5a94,E110 - 1 Apriliou,E110 - Agias Fylaxeos,0
2026-09-09T06:53:32Z,2026-09-09T09:58:03.181890+03:00,_3,4d40b5fe9ec1,E110 - 1 Apriliou,,3
2026-09-09T06:53:32Z,2026-09-09T09:58:03.181890+03:00,_4,bbe9f6312861,E110 - Agias Fylaxeos,Agias Filaxeos,0
2026-09-09T06:53:32Z,2026-09-09T09:58:03.181890+03:00,_5,c7626fee6f30,Agias Filaxeos,Agias Filaxeos,3
2026-09-09T06:53:32Z,2026-09-09T09:58:03.181890+03:00,_6,4e06deec9c04,Agias Filaxeos,Agias Filaxeos,0
2026-09-09T06:53:32Z,2026-09-09T09:58:03.181890+03:00,_7,fe38cd6fb3fa,Spyrou Kyprianou Ave,E147 - Archiepiskopou Makariou III Ave,3
2026-09-09T06:53:32Z,2026-09-09T09:58:03.181890+03:00,_0,d0dc64f54734,,Lemesou Ave,0
2026-09-09T06:53:32Z,2026-09-09T09:58:03.181890+03:00,_1,1c3025f6d361,Strovolos,Lemesou Ave,4
2026-09-09T06:53:32Z,2026-09-09T09:58:03.181890+03:00,_2,c6e235d3222a,Aglantzia,Archiepiskopou Makariou III Ave,0
2026-09-09T06:53:32Z,2026-09-09T09:58:03.181890+03:00,_3,6efde239cabf,Lemesou Ave,Archiepiskopou Makariou III Ave,3
2026-09-09T06:53:32Z,2026-09-09T09:58:03.181890+03:00,_4,bd22ecc10d1b,Lemesou Ave,Archiepiskopou Makariou III Ave,0
2026-09-09T06:53:32Z,2026-09-09T09:58:03.181890+03:00,_5,798c594a6669,Archiepiskopou Makariou III Ave,B18 - Georgiou Griva Digeni Ave,3
2026-09-09T06:53:32Z,2026-09-09T09:58:03.181890+03:00,_6,e1beab30434a,Archiepiskopou Makariou III Ave,Evagorou Ave,0
2026-09-09T06:53:32Z,2026-09-09T09:58:03.181890+03:00,_0,68ba8c9365ac,Exit 24 >E127 Germasogeia / E113 Lemesos-Centre,Germasogeia,0
2026-09-09T06:53:32Z,2026-09-09T09:58:03.181890+03:00,_1,ce32023c9f0b,Germasogeia,Germasogeia,1
2026-09-09T06:53:32Z,2026-09-09T09:58:03.181890+03:00,_2,c0f129731113,Agios Athanasios,Mesa Geitonia,0
2026-09-09T06:53:32Z,2026-09-09T09:58:03.181890+03:00,_3,1bfd048d5d78,Lemesos,Lemesos,2
2026-09-09T06:53:32Z,2026-09-09T09:58:03.181890+03:00,_4,ef93f4872b51,Lemesos,"to A6 > Pafos, Pafos Airport",0
2026-09-09T07:03:37Z,2026-09-09T10:08:16.359690+03:00,_0,fe72ea2b224f,Strovolos,Lemesou Ave,0
2026-09-09T07:03:37Z,2026-09-09T10:08:16.359690+03:00,_1,1c3025f6d361,Strovolos,Lemesou Ave,4
2026-09-09T07:03:37Z,2026-09-09T10:08:16.359690+03:00,_2,7c50b274239b,Aglantzia,E164 - Armenias,0
2026-09-09T07:03:37Z,2026-09-09T10:08:16.359690+03:00,_3,c57daf65c80e,Lemesou Ave,Archiepiskopou Makariou III Ave,3
2026-09-09T07:03:37Z,2026-09-09T10:08:16.359690+03:00,_0,5571d2934d78,E110,E110 - Agias Fylaxeos,0
2026-09-09T07:03:37Z,2026-09-09T10:08:16.359690+03:00,_1,4d40b5fe9ec1,E110 - 1 Apriliou,,3
2026-09-09T07:03:37Z,2026-09-09T10:08:16.359690+03:00,_2,e33776a3a190,E110 - Agias Fylaxeos,Agias Filaxeos,0
2026-09-09T07:03:37Z,2026-09-09T10:08:16.359690+03:00,_3,0a5c4761a6b4,Agias Filaxeos,Agias Filaxeos,4
2026-09-09T07:03:37Z,2026-09-09T10:08:16.359690+03:00,_4,63550abc2b0b,Agias Filaxeos,Apostolon Petrou kai Pavlou,0
2026-09-09T07:03:37Z,2026-09-09T10:08:16.359690+03:00,_5,88697bca4b53,Agias Filaxeos,E147 - Archiepiskopou Makariou III Ave,3
2026-09-09T07:03:37Z,2026-09-09T10:08:16.359690+03:00,_0,ac12f8d67450,Georgiou Neofytou,Spyrou Kyprianou Ave,2
2026-09-09T07:03:37Z,2026-09-09T10:08:16.359690+03:00,_1,b16f06e86626,Spyrou Kyprianou Ave,Angelou Vlachou,0
2026-09-09T07:03:37Z,2026-09-09T10:08:16.359690+03:00,_0,06afc6492b14,Exit 24 >E127 Germasogeia / E113 Lemesos-Centre,Germasogeia,2
2026-09-09T07:03:37Z,2026-09-09T10:08:16.359690+03:00,_1,c0f129731113,Agios Athanasios,Mesa Geitonia,0
2026-09-09T07:03:37Z,2026-09-09T10:08:16.359690+03:00,_2,1bfd048d5d78,Lemesos,Lemesos,3
2026-09-09T07:03:37Z,2026-09-09T10:08:16.359690+03:00,_3,ef93f4872b51,Lemesos,"to A6 > Pafos, Pafos Airport",0
2026-09-09T07:03:37Z,2026-09-09T10:08:16.359690+03:00,_0,d0dc64f54734,,Lemesou Ave,0
2026-09-09T07:03:37Z,2026-09-09T10:08:16.359690+03:00,_1,1c3025f6d361,Strovolos,Lemesou Ave,4
2026-09-09T07:03:37Z,2026-09-09T10:08:16.359690+03:00,_2,7c50b274239b,Aglantzia,E164 - Armenias,0
2026-09-09T07:03:37Z,2026-09-09T10:08:16.359690+03:00,_3,43f05193c4b0,Lemesou Ave,Archiepiskopou Makariou III Ave,3
2026-09-09T07:03:37Z,2026-09-09T10:08:16.359690+03:00,_4,d6b7fcb8774d,Lemesou Ave,Archiepiskopou Makariou III Ave,0
2026-09-09T07:03:37Z,2026-09-09T10:08:16.359690+03:00,_5,c1da992e502e,Archiepiskopou Makariou III Ave,B18 - Georgiou Griva Digeni Ave,3
2026-09-09T07:03:37Z,2026-09-09T10:08:16.359690+03:00,_6,7c1a88e2db2c,Archiepiskopou Makariou III Ave,E1302 - Nikis Ave,0
2026-09-09T07:03:37Z,2026-09-09T10:08:16.359690+03:00,_7,910016111853,B18 - Georgiou Griva Digeni Ave,B18 - Georgiou Griva Digeni Ave,4
2026-09-09T07:03:37Z,2026-09-09T10:08:16.359690+03:00,_8,bbf67e32aa17,B18 - Georgiou Griva Digeni Ave,Evagorou Ave,0
2026-09-09T07:03:37Z,2026-09-09T10:08:16.359690+03:00,_0,18d60f6950ba,Leoforos Strovolou,E122 - Athinon,0
2026-09-09T07:03:37Z,2026-09-09T10:08:16.359690+03:00,_1,956232f49bc0,Strovolou Ave,E122 - Athinon,2
2026-09-09T07:03:37Z,2026-09-09T10:08:16.359690+03:00,_2,122e7b93a517,E122 - Athinon,E902 - Proedrikou Megarou Ave,0
2026-09-09T11:13:12Z,2026-09-09T14:17:56.751730+03:00,_0,044a01c053a4,E147 - Archiepiskopou Makariou III Ave,Agias Filaxeos,3
2026-09-09T11:13:12Z,2026-09-09T14:17:56.751730+03:00,_1,e69ca3492710,E147 - Archiepiskopou Makariou III Ave,Steliou Kyriakidi,0
2026-09-09T11:13:12Z,2026-09-09T14:17:56.751730+03:00,_2,fbdd0e351f56,Ivykou,,4
2026-09-09T11:13:12Z,2026-09-09T14:17:56.751730+03:00,_3,f5f94ff22484,Agias Filaxeos,E110,0
2026-09-09T11:13:12Z,2026-09-09T14:17:56.751730+03:00,_0,a89f632a8881,Strovolos,Lemesou Ave,0
2026-09-09T11:13:12Z,2026-09-09T14:17:56.751730+03:00,_1,64039a076bda,Strovolos,Lemesou Ave,3
2026-09-09T11:13:12Z,2026-09-09T14:17:56.751730+03:00,_2,3909c4aec98f,Aglantzia,Lemesou Ave,0
2026-09-09T11:13:12Z,2026-09-09T14:17:56.751730+03:00,_3,fedb3d094e5d,A1,Lemesou Ave,3
2026-09-09T11:13:12Z,2026-09-09T14:17:56.751730+03:00,_4,d2028a2a4d9d,Lemesou Ave,E164 - Armenias,0
2026-09-09T11:13:12Z,2026-09-09T14:17:56.751730+03:00,_5,c57daf65c80e,Lemesou Ave,Archiepiskopou Makariou III Ave,3
2026-09-09T11:13:12Z,2026-09-09T14:17:56.751730+03:00,_0,320e7f883c81,E110,E147 - Archiepiskopou Makariou III Ave,0
2026-09-09T11:13:12Z,2026-09-09T14:17:56.751730+03:00,_1,88697bca4b53,Agias Filaxeos,E147 - Archiepiskopou Makariou III Ave,3
2026-09-09T11:13:12Z,2026-09-09T14:17:56.751730+03:00,_0,23e9d057024d,,Lemesou Ave,0
2026-09-09T11:13:12Z,2026-09-09T14:17:56.751730+03:00,_1,64039a076bda,Strovolos,Lemesou Ave,3
2026-09-09T11:13:12Z,2026-09-09T14:17:56.751730+03:00,_2,3909c4aec98f,Aglantzia,Lemesou Ave,0
2026-09-09T11:13:12Z,2026-09-09T14:17:56.751730+03:00,_3,fedb3d094e5d,A1,Lemesou Ave,3
2026-09-09T11:13:12Z,2026-09-09T14:17:56.751730+03:00,_4,d2028a2a4d9d,Lemesou Ave,E164 - Armenias,0
2026-09-09T11:13:12Z,2026-09-09T14:17:56.751730+03:00,_5,43f05193c4b0,Lemesou Ave,Archiepiskopou Makariou III Ave,3
2026-09-09T11:13:12Z,2026-09-09T14:17:56.751730+03:00,_6,8fab7dfc83f0,Lemesou Ave,Evagorou Ave,0
2026-09-09T11:23:19Z,2026-09-09T14:28:09.205454+03:00,_0,fe72ea2b224f,Strovolos,Lemesou Ave,0
2026-09-09T11:23:19Z,2026-09-09T14:28:09.205454+03:00,_1,1c3025f6d361,Strovolos,Lemesou Ave,3
2026-09-09T11:23:19Z,2026-09-09T14:28:09.205454+03:00,_2,add4a150dbdb,Aglantzia,Lemesou Ave,0
2026-09-09T11:23:19Z,2026-09-09T14:28:09.205454+03:00,_3,de5c4da2e830,A1,Lemesou Ave,3
2026-09-09T11:23:19Z,2026-09-09T14:28:09.205454+03:00,_4,d2028a2a4d9d,Lemesou Ave,E164 - Armenias,0
2026-09-09T11:23:19Z,2026-09-09T14:28:09.205454+03:00,_5,e9824d0075f7,Lemesou Ave,,3
2026-09-09T11:23:19Z,2026-09-09T14:28:09.205454+03:00,_6,91353c408128,,Lemesou Ave,0
2026-09-09T11:23:19Z,2026-09-09T14:28:09.205454+03:00,_0,e840a4c3672b,E147 - Archiepiskopou Makariou III Ave,Steliou Kyriakidi,0
2026-09-09T11:23:19Z,2026-09-09T14:28:09.205454+03:00,_1,fbdd0e351f56,Ivykou,,4
2026-09-09T11:23:19Z,2026-09-09T14:28:09.205454+03:00,_2,f5f94ff22484,Agias Filaxeos,E110,0
2026-09-09T11:23:19Z,2026-09-09T14:28:09.205454+03:00,_0,320e7f883c81,E110,E147 - Archiepiskopou Makariou III Ave,0
2026-09-09T11:23:19Z,2026-09-09T14:28:09.205454+03:00,_1,88697bca4b53,Agias Filaxeos,E147 - Archiepiskopou Makariou III Ave,2
2026-09-09T11:23:19Z,2026-09-09T14:28:09.205454+03:00,_0,d0dc64f54734,,Lemesou Ave,0
2026-09-09T11:23:19Z,2026-09-09T14:28:09.205454+03:00,_1,1c3025f6d361,Strovolos,Lemesou Ave,3
2026-09-09T11:23:19Z,2026-09-09T14:28:09.205454+03:00,_2,add4a150dbdb,Aglantzia,Lemesou Ave,0
2026-09-09T11:23:19Z,2026-09-09T14:28:09.205454+03:00,_3,de5c4da2e830,A1,Lemesou Ave,3
2026-09-09T11:23:19Z,2026-09-09T14:28:09.205454+03:00,_4,d2028a2a4d9d,Lemesou Ave,E164 - Armenias,0
2026-09-09T11:23:19Z,2026-09-09T14:28:09.205454+03:00,_5,e9824d0075f7,Lemesou Ave,,3
2026-09-09T11:23:19Z,2026-09-09T14:28:09.205454+03:00,_6,a84133578e83,,Evagorou Ave,0
2026-09-09T11:33:55Z,2026-09-09T14:38:21.175651+03:00,_0,fe72ea2b224f,Strovolos,Lemesou Ave,0
2026-09-09T11:33:55Z,2026-09-09T14:38:21.175651+03:00,_1,1c3025f6d361,Strovolos,Lemesou Ave,4
2026-09-09T11:33:55Z,2026-09-09T14:38:21.175651+03:00,_2,add4a150dbdb,Aglantzia,Lemesou Ave,0
2026-09-09T11:33:55Z,2026-09-09T14:38:21.175651+03:00,_3,de5c4da2e830,A1,Lemesou Ave,3
2026-09-09T11:33:55Z,2026-09-09T14:38:21.175651+03:00,_4,d2028a2a4d9d,Lemesou Ave,E164 - Armenias,0
2026-09-09T11:33:55Z,2026-09-09T14:38:21.175651+03:00,_5,e9824d0075f7,Lemesou Ave,,3
2026-09-09T11:33:55Z,2026-09-09T14:38:21.175651+03:00,_6,91353c408128,,Lemesou Ave,0
2026-09-09T11:33:55Z,2026-09-09T14:38:21.175651+03:00,_0,920305ee9a1e,E147 - Archiepiskopou Makariou III Ave,Agias Filaxeos,0
2026-09-09T11:33:55Z,2026-09-09T14:38:21.175651+03:00,_1,a4260c51b19c,Steliou Kyriakidi,,4
2026-09-09T11:33:55Z,2026-09-09T14:38:21.175651+03:00,_2,f5f94ff22484,Agias Filaxeos,E110,0
2026-09-09T11:33:55Z,2026-09-09T14:38:21.175651+03:00,_0,d0dc64f54734,,Lemesou Ave,0
2026-09-09T11:33:55Z,2026-09-09T14:38:21.175651+03:00,_1,1c3025f6d361,Strovolos,Lemesou Ave,4
2026-09-09T11:33:55Z,2026-09-09T14:38:21.175651+03:00,_2,add4a150dbdb,Aglantzia,Lemesou Ave,0
2026-09-09T11:33:55Z,2026-09-09T14:38:21.175651+03:00,_3,de5c4da2e830,A1,Lemesou Ave,3
2026-09-09T11:33:55Z,2026-09-09T14:38:21.175651+03:00,_4,d2028a2a4d9d,Lemesou Ave,E164 - Armenias,0
2026-09-09T11:33:55Z,2026-09-09T14:38:21.175651+03:00,_5,e9824d0075f7,Lemesou Ave,,3
2026-09-09T11:33:55Z,2026-09-09T14:38:21.175651+03:00,_6,91353c408128,,Lemesou Ave,0
2026-09-09T11:33:55Z,2026-09-09T14:38:21.175651+03:00,_7,660d388bb733,Lemesou Ave,Archiepiskopou Makariou III Ave,3
2026-09-09T11:33:55Z,2026-09-09T14:38:21.175651+03:00,_8,8fab7dfc83f0,Lemesou Ave,Evagorou Ave,0
2026-09-09T11:44:03Z,2026-09-09T14:48:33.409086+03:00,_0,fe72ea2b224f,Strovolos,Lemesou Ave,0
2026-09-09T11:44:03Z,2026-09-09T14:48:33.409086+03:00,_1,1c3025f6d361,Strovolos,Lemesou Ave,4
2026-09-09T11:44:03Z,2026-09-09T14:48:33.409086+03:00,_2,3909c4aec98f,Aglantzia,Lemesou Ave,0
2026-09-09T11:44:03Z,2026-09-09T14:48:33.409086+03:00,_3,fedb3d094e5d,A1,Lemesou Ave,3
2026-09-09T11:44:03Z,2026-09-09T14:48:33.409086+03:00,_4,db8515d9425b,A1,Archiepiskopou Makariou III Ave,0
2026-09-09T11:44:03Z,2026-09-09T14:48:33.409086+03:00,_5,394713f228bd,Lemesou Ave,Lemesou Ave,3
2026-09-09T11:44:03Z,2026-09-09T14:48:33.409086+03:00,_0,920305ee9a1e,E147 - Archiepiskopou Makariou III Ave,Agias Filaxeos,0
2026-09-09T11:44:03Z,2026-09-09T14:48:33.409086+03:00,_1,a4260c51b19c,Steliou Kyriakidi,,4
2026-09-09T11:44:03Z,2026-09-09T14:48:33.409086+03:00,_2,f5f94ff22484,Agias Filaxeos,E110,0
2026-09-09T11:44:03Z,2026-09-09T14:48:33.409086+03:00,_0,df567d5dbf59,E110,E110 - Agias Fylaxeos,0
2026-09-09T11:44:03Z,2026-09-09T14:48:33.409086+03:00,_1,883ce04f7136,E110 - 1 Apriliou,,2
2026-09-09T11:44:03Z,2026-09-09T14:48:33.409086+03:00,_2,73c10e640ed1,E110 - Agias Fylaxeos,E147 - Archiepiskopou Makariou III Ave,0
2026-09-09T11:44:03Z,2026-09-09T14:48:33.409086+03:00,_3,676c339d8b55,Agias Filaxeos,E147 - Archiepiskopou Makariou III Ave,3
2026-09-09T11:44:03Z,2026-09-09T14:48:33.409086+03:00,_0,d0dc64f54734,,Lemesou Ave,0
2026-09-09T11:44:03Z,2026-09-09T14:48:33.409086+03:00,_1,1c3025f6d361,Strovolos,Lemesou Ave,4
2026-09-09T11:44:03Z,2026-09-09T14:48:33.409086+03:00,_2,3909c4aec98f,Aglantzia,Lemesou Ave,0
2026-09-09T11:44:03Z,2026-09-09T14:48:33.409086+03:00,_3,fedb3d094e5d,A1,Lemesou Ave,3
2026-09-09T11:44:03Z,2026-09-09T14:48:33.409086+03:00,_4,db8515d9425b,A1,Archiepiskopou Makariou III Ave,0
2026-09-09T11:44:03Z,2026-09-09T14:48:33.409086+03:00,_5,6efde239cabf,Lemesou Ave,Archiepiskopou Makariou III Ave,3
2026-09-09T11:44:03Z,2026-09-09T14:48:33.409086+03:00,_6,8fab7dfc83f0,Lemesou Ave,Evagorou Ave,0
2026-09-09T11:54:08Z,2026-09-09T14:58:46.106048+03:00,_0,fe72ea2b224f,Strovolos,Lemesou Ave,0
2026-09-09T11:54:08Z,2026-09-09T14:58:46.106048+03:00,_1,1c3025f6d361,Strovolos,Lemesou Ave,4
2026-09-09T11:54:08Z,2026-09-09T14:58:46.106048+03:00,_2,7c50b274239b,Aglantzia,E164 - Armenias,0
2026-09-09T11:54:08Z,2026-09-09T14:58:46.106048+03:00,_3,c57daf65c80e,Lemesou Ave,Archiepiskopou Makariou III Ave,3
2026-09-09T11:54:08Z,2026-09-09T14:58:46.106048+03:00,_0,920305ee9a1e,E147 - Archiepiskopou Makariou III Ave,Agias Filaxeos,0
2026-09-09T11:54:08Z,2026-09-09T14:58:46.106048+03:00,_1,a4260c51b19c,Steliou Kyriakidi,,4
2026-09-09T11:54:08Z,2026-09-09T14:58:46.106048+03:00,_2,f5f94ff22484,Agias Filaxeos,E110,0
2026-09-09T11:54:08Z,2026-09-09T14:58:46.106048+03:00,_0,72b03ff9b5bc,E110,E110 - Agias Fylaxeos,0
2026-09-09T11:54:08Z,2026-09-09T14:58:46.106048+03:00,_1,e50ca2ecb1e0,E110 - 1 Apriliou,,3
2026-09-09T11:54:08Z,2026-09-09T14:58:46.106048+03:00,_2,c8792afe581d,E110 - Agias Fylaxeos,E147 - Archiepiskopou Makariou III Ave,0
2026-09-09T11:54:08Z,2026-09-09T14:58:46.106048+03:00,_0,d0dc64f54734,,Lemesou Ave,0
2026-09-09T11:54:08Z,2026-09-09T14:58:46.106048+03:00,_1,1c3025f6d361,Strovolos,Lemesou Ave,4
2026-09-09T11:54:08Z,2026-09-09T14:58:46.106048+03:00,_2,7c50b274239b,Aglantzia,E164 - Armenias,0
2026-09-09T11:54:08Z,2026-09-09T14:58:46.106048+03:00,_3,43f05193c4b0,Lemesou Ave,Archiepiskopou Makariou III Ave,3
2026-09-09T11:54:08Z,2026-09-09T14:58:46.106048+03:00,_4,8fab7dfc83f0,Lemesou Ave,Evagorou Ave,0
2026-09-09T11:54:08Z,2026-09-09T14:58:46.106048+03:00,_0,8d77f87328bf,Leoforos Strovolou,E116 - Athalassis Ave,0
2026-09-09T11:54:08Z,2026-09-09T14:58:46.106048+03:00,_1,1e7665234fdc,E116 - Athalassis Ave,E902 - Proedrikou Megarou Ave,3
2026-09-09T11:54:08Z,2026-09-09T14:58:46.106048+03:00,_2,c6ac6530f2b9,Strovolou Ave,E902 - Proedrikou Megarou Ave,0
2026-09-09T12:04:14Z,2026-09-09T15:08:58.304779+03:00,_0,fe72ea2b224f,Strovolos,Lemesou Ave,0
2026-09-09T12:04:14Z,2026-09-09T15:08:58.304779+03:00,_1,1c3025f6d361,Strovolos,Lemesou Ave,4
2026-09-09T12:04:14Z,2026-09-09T15:08:58.304779+03:00,_2,7c50b274239b,Aglantzia,E164 - Armenias,0
2026-09-09T12:04:14Z,2026-09-09T15:08:58.304779+03:00,_3,c57daf65c80e,Lemesou Ave,Archiepiskopou Makariou III Ave,4
2026-09-09T12:04:14Z,2026-09-09T15:08:58.304779+03:00,_0,920305ee9a1e,E147 - Archiepiskopou Makariou III Ave,Agias Filaxeos,0
2026-09-09T12:04:14Z,2026-09-09T15:08:58.304779+03:00,_1,a4260c51b19c,Steliou Kyriakidi,,4
2026-09-09T12:04:14Z,2026-09-09T15:08:58.304779+03:00,_2,f5f94ff22484,Agias Filaxeos,E110,0
2026-09-09T12:04:14Z,2026-09-09T15:08:58.304779+03:00,_0,72b03ff9b5bc,E110,E110 - Agias Fylaxeos,0
2026-09-09T12:04:14Z,2026-09-09T15:08:58.304779+03:00,_1,e50ca2ecb1e0,E110 - 1 Apriliou,,3
2026-09-09T12:04:14Z,2026-09-09T15:08:58.304779+03:00,_2,c8792afe581d,E110 - Agias Fylaxeos,E147 - Archiepiskopou Makariou III Ave,0
2026-09-09T12:04:14Z,2026-09-09T15:08:58.304779+03:00,_0,81774b74bf05,,Agios Tychonas,0
2026-09-09T12:04:14Z,2026-09-09T15:08:58.304779+03:00,_1,9a21ab26dd7f,Agios Tychonas,Agios Tychonas,1
2026-09-09T12:04:14Z,2026-09-09T15:08:58.304779+03:00,_2,50bd3aca06d8,Parekklisia,Lemesou Ave,0
2026-09-09T12:04:14Z,2026-09-09T15:08:58.304779+03:00,_3,1c3025f6d361,Strovolos,Lemesou Ave,4
2026-09-09T12:04:14Z,2026-09-09T15:08:58.304779+03:00,_4,7c50b274239b,Aglantzia,E164 - Armenias,0
2026-09-09T12:04:14Z,2026-09-09T15:08:58.304779+03:00,_5,43f05193c4b0,Lemesou Ave,Archiepiskopou Makariou III Ave,4
2026-09-09T12:04:14Z,2026-09-09T15:08:58.304779+03:00,_6,8fab7dfc83f0,Lemesou Ave,Evagorou Ave,0
2026-09-09T12:04:14Z,2026-09-09T15:08:58.304779+03:00,_0,8722f7172fdb,Leoforos Strovolou,E116 - Athalassis Ave,0
2026-09-09T12:04:14Z,2026-09-09T15:08:58.304779+03:00,_1,886b339bc694,Strovolou Ave,E902 - Proedrikou Megarou Ave,3
2026-09-09T12:04:14Z,2026-09-09T15:08:58.304779+03:00,_2,c6ac6530f2b9,Strovolou Ave,E902 - Proedrikou Megarou Ave,0
2026-09-09T12:14:27Z,2026-09-09T15:19:23.832194+03:00,_0,fe72ea2b224f,Strovolos,Lemesou Ave,0
2026-09-09T12:14:27Z,2026-09-09T15:19:23.832194+03:00,_1,1c3025f6d361,Strovolos,Lemesou Ave,4
2026-09-09T12:14:27Z,2026-09-09T15:19:23.832194+03:00,_2,3909c4aec98f,Aglantzia,Lemesou Ave,0
2026-09-09T12:14:27Z,2026-09-09T15:19:23.832194+03:00,_3,fedb3d094e5d,A1,Lemesou Ave,3
2026-09-09T12:14:27Z,2026-09-09T15:19:23.832194+03:00,_4,d2028a2a4d9d,Lemesou Ave,E164 - Armenias,0
2026-09-09T12:14:27Z,2026-09-09T15:19:23.832194+03:00,_5,c57daf65c80e,Lemesou Ave,Archiepiskopou Makariou III Ave,3
2026-09-09T12:14:27Z,2026-09-09T15:19:23.832194+03:00,_0,377a3d877abc,Exit 24 >E127 Germasogeia / E113 Lemesos-Centre,Agios Athanasios,0
2026-09-09T12:14:27Z,2026-09-09T15:19:23.832194+03:00,_1,8c702d8e8c01,Mesa Geitonia,Lemesos,3
2026-09-09T12:14:27Z,2026-09-09T15:19:23.832194+03:00,_2,ef93f4872b51,Lemesos,"to A6 > Pafos, Pafos Airport",0
2026-09-09T12:14:27Z,2026-09-09T15:19:23.832194+03:00,_0,920305ee9a1e,E147 - Archiepiskopou Makariou III Ave,Agias Filaxeos,0
2026-09-09T12:14:27Z,2026-09-09T15:19:23.832194+03:00,_1,a4260c51b19c,Steliou Kyriakidi,,4
2026-09-09T12:14:27Z,2026-09-09T15:19:23.832194+03:00,_2,f5f94ff22484,Agias Filaxeos,E110,0
2026-09-09T12:14:27Z,2026-09-09T15:19:23.832194+03:00,_0,431f99d1e0ab,E110,E110 - Agias Fylaxeos,0
2026-09-09T12:14:27Z,2026-09-09T15:19:23.832194+03:00,_1,b8e1983f3a68,E110 - Agias Fylaxeos,,3
2026-09-09T12:14:27Z,2026-09-09T15:19:23.832194+03:00,_2,a00391c2d0b8,E110 - Agias Fylaxeos,E147 - Archiepiskopou Makariou III Ave,0
2026-09-09T12:14:27Z,2026-09-09T15:19:23.832194+03:00,_0,d0dc64f54734,,Lemesou Ave,0
2026-09-09T12:14:27Z,2026-09-09T15:19:23.832194+03:00,_1,1c3025f6d361,Strovolos,Lemesou Ave,4
2026-09-09T12:14:27Z,2026-09-09T15:19:23.832194+03:00,_2,3909c4aec98f,Aglantzia,Lemesou Ave,0
2026-09-09T12:14:27Z,2026-09-09T15:19:23.832194+03:00,_3,fedb3d094e5d,A1,Lemesou Ave,3
2026-09-09T12:14:27Z,2026-09-09T15:19:23.832194+03:00,_4,d2028a2a4d9d,Lemesou Ave,E164 - Armenias,0
2026-09-09T12:14:27Z,2026-09-09T15:19:23.832194+03:00,_5,43f05193c4b0,Lemesou Ave,Archiepiskopou Makariou III Ave,3
2026-09-09T12:14:27Z,2026-09-09T15:19:23.832194+03:00,_6,7e9e53411917,Lemesou Ave,E1302 - Nikis Ave,0
2026-09-09T12:14:27Z,2026-09-09T15:19:23.832194+03:00,_7,910016111853,B18 - Georgiou Griva Digeni Ave,B18 - Georgiou Griva Digeni Ave,4
2026-09-09T12:14:27Z,2026-09-09T15:19:23.832194+03:00,_8,bd5c9c327179,B18 - Georgiou Griva Digeni Ave,Evagorou Ave,2
2026-09-09T12:14:27Z,2026-09-09T15:19:23.832194+03:00,_9,76dbed895c05,E165 - Themistokli Dervi,Evagorou Ave,0
2026-09-09T12:14:27Z,2026-09-09T15:19:23.832194+03:00,_0,8722f7172fdb,Leoforos Strovolou,E116 - Athalassis Ave,0
2026-09-09T12:14:27Z,2026-09-09T15:19:23.832194+03:00,_1,886b339bc694,Strovolou Ave,E902 - Proedrikou Megarou Ave,3
2026-09-09T12:14:27Z,2026-09-09T15:19:23.832194+03:00,_2,c6ac6530f2b9,Strovolou Ave,E902 - Proedrikou Megarou Ave,0
2026-09-09T12:24:33Z,2026-09-09T15:28:35.054337+03:00,_0,fe72ea2b224f,Strovolos,Lemesou Ave,0
2026-09-09T12:24:33Z,2026-09-09T15:28:35.054337+03:00,_1,1c3025f6d361,Strovolos,Lemesou Ave,4
2026-09-09T12:24:33Z,2026-09-09T15:28:35.054337+03:00,_2,3909c4aec98f,Aglantzia,Lemesou Ave,0
2026-09-09T12:24:33Z,2026-09-09T15:28:35.054337+03:00,_3,fedb3d094e5d,A1,Lemesou Ave,3
2026-09-09T12:24:33Z,2026-09-09T15:28:35.054337+03:00,_4,d2028a2a4d9d,Lemesou Ave,E164 - Armenias,0
2026-09-09T12:24:33Z,2026-09-09T15:28:35.054337+03:00,_5,c57daf65c80e,Lemesou Ave,Archiepiskopou Makariou III Ave,3
2026-09-09T12:24:33Z,2026-09-09T15:28:35.054337+03:00,_0,920305ee9a1e,E147 - Archiepiskopou Makariou III Ave,Agias Filaxeos,0
2026-09-09T12:24:33Z,2026-09-09T15:28:35.054337+03:00,_1,a4260c51b19c,Steliou Kyriakidi,,4
2026-09-09T12:24:33Z,2026-09-09T15:28:35.054337+03:00,_2,f5f94ff22484,Agias Filaxeos,E110,0
2026-09-09T12:24:33Z,2026-09-09T15:28:35.054337+03:00,_0,0160eeb5c4a6,E110,E110 - Agias Fylaxeos,0
2026-09-09T12:24:33Z,2026-09-09T15:28:35.054337+03:00,_1,a70c5abc879e,E110 - Agias Fylaxeos,,3
2026-09-09T12:24:33Z,2026-09-09T15:28:35.054337+03:00,_2,a00391c2d0b8,E110 - Agias Fylaxeos,E114 - Agias Zonis,0
2026-09-09T12:24:33Z,2026-09-09T15:28:35.054337+03:00,_0,22ab44e87e33,Exit 24 >E127 Germasogeia / E113 Lemesos-Centre,Agios Athanasios,0
2026-09-09T12:24:33Z,2026-09-09T15:28:35.054337+03:00,_1,fa3cc47a2379,Agios Athanasios,A6,3
2026-09-09T12:24:33Z,2026-09-09T15:28:35.054337+03:00,_2,ef93f4872b51,Lemesos,"to A6 > Pafos, Pafos Airport",0
2026-09-09T12:24:33Z,2026-09-09T15:28:35.054337+03:00,_0,d0dc64f54734,,Lemesou Ave,0
2026-09-09T12:24:33Z,2026-09-09T15:28:35.054337+03:00,_1,1c3025f6d361,Strovolos,Lemesou Ave,4
2026-09-09T12:24:33Z,2026-09-09T15:28:35.054337+03:00,_2,3909c4aec98f,Aglantzia,Lemesou Ave,0
2026-09-09T12:24:33Z,2026-09-09T15:28:35.054337+03:00,_3,fedb3d094e5d,A1,Lemesou Ave,3
2026-09-09T12:24:33Z,2026-09-09T15:28:35.054337+03:00,_4,d2028a2a4d9d,Lemesou Ave,E164 - Armenias,0
2026-09-09T12:24:33Z,2026-09-09T15:28:35.054337+03:00,_5,43f05193c4b0,Lemesou Ave,Archiepiskopou Makariou III Ave,3
2026-09-09T12:24:33Z,2026-09-09T15:28:35.054337+03:00,_6,8fab7dfc83f0,Lemesou Ave,Evagorou Ave,0
2026-09-09T12:24:33Z,2026-09-09T15:28:35.054337+03:00,_0,8722f7172fdb,Leoforos Strovolou,E116 - Athalassis Ave,0
2026-09-09T12:24:33Z,2026-09-09T15:28:35.054337+03:00,_1,b7cf26a3ebd1,Strovolou Ave,E116 - Athalassis Ave,3
2026-09-09T12:24:33Z,2026-09-09T15:28:35.054337+03:00,_2,5dc6cad47a31,E116 - Athalassis Ave,Strovolou Ave,0
2026-09-09T12:24:33Z,2026-09-09T15:28:35.054337+03:00,_3,1e7665234fdc,E116 - Athalassis Ave,E902 - Proedrikou Megarou Ave,3
2026-09-09T12:24:33Z,2026-09-09T15:28:35.054337+03:00,_4,c6ac6530f2b9,Strovolou Ave,E902 - Proedrikou Megarou Ave,0
2026-09-09T12:34:39Z,2026-09-09T15:38:48.727440+03:00,_0,137f66eaa4ab,E147 - Archiepiskopou Makariou III Ave,Apostolon Petrou kai Pavlou,2
2026-09-09T12:34:39Z,2026-09-09T15:38:48.727440+03:00,_1,fa4a61cc12e7,E147 - Archiepiskopou Makariou III Ave,Steliou Kyriakidi,0
2026-09-09T12:34:39Z,2026-09-09T15:38:48.727440+03:00,_2,fbdd0e351f56,Ivykou,,4
2026-09-09T12:34:39Z,2026-09-09T15:38:48.727440+03:00,_3,f5f94ff22484,Agias Filaxeos,E110,0
2026-09-09T12:34:39Z,2026-09-09T15:38:48.727440+03:00,_0,a89f632a8881,Strovolos,Lemesou Ave,0
2026-09-09T12:34:39Z,2026-09-09T15:38:48.727440+03:00,_1,64039a076bda,Strovolos,Lemesou Ave,3
2026-09-09T12:34:39Z,2026-09-09T15:38:48.727440+03:00,_2,2eeb7481ceda,Aglantzia,E164 - Armenias,0
2026-09-09T12:34:39Z,2026-09-09T15:38:48.727440+03:00,_3,8b530b355b26,Lemesou Ave,Archiepiskopou Makariou III Ave,3
2026-09-09T12:34:39Z,2026-09-09T15:38:48.727440+03:00,_0,db379abb1dc7,Georgiou Neofytou,Spyrou Kyprianou Ave,0
2026-09-09T12:34:39Z,2026-09-09T15:38:48.727440+03:00,_1,d485409681ec,Spyrou Kyprianou Ave,E114 - Archiepiskopou Makariou III Ave,3
2026-09-09T12:34:39Z,2026-09-09T15:38:48.727440+03:00,_2,b16f06e86626,Grigori Afxentiou,Angelou Vlachou,0
2026-09-09T12:34:39Z,2026-09-09T15:38:48.727440+03:00,_0,0160eeb5c4a6,E110,E110 - Agias Fylaxeos,0
2026-09-09T12:34:39Z,2026-09-09T15:38:48.727440+03:00,_1,a70c5abc879e,E110 - Agias Fylaxeos,,3
2026-09-09T12:34:39Z,2026-09-09T15:38:48.727440+03:00,_2,c8792afe581d,E110 - Agias Fylaxeos,E147 - Archiepiskopou Makariou III Ave,0
2026-09-09T12:34:39Z,2026-09-09T15:38:48.727440+03:00,_0,d6074089d8ef,Exit 24 >E127 Germasogeia / E113 Lemesos-Centre,A6,2
2026-09-09T12:34:39Z,2026-09-09T15:38:48.727440+03:00,_1,ef93f4872b51,Lemesos,"to A6 > Pafos, Pafos Airport",0
2026-09-09T12:34:39Z,2026-09-09T15:38:48.727440+03:00,_0,23e9d057024d,,Lemesou Ave,0
2026-09-09T12:34:39Z,2026-09-09T15:38:48.727440+03:00,_1,64039a076bda,Strovolos,Lemesou Ave,3
2026-09-09T12:34:39Z,2026-09-09T15:38:48.727440+03:00,_2,2eeb7481ceda,Aglantzia,E164 - Armenias,0
2026-09-09T12:34:39Z,2026-09-09T15:38:48.727440+03:00,_3,3dec49aff703,Lemesou Ave,Archiepiskopou Makariou III Ave,3
2026-09-09T12:34:39Z,2026-09-09T15:38:48.727440+03:00,_4,585aa61a46fa,Lemesou Ave,B18 - Digeni Akrita Ave,0
2026-09-09T12:34:39Z,2026-09-09T15:38:48.727440+03:00,_5,055237d5336a,Archiepiskopou Makariou III Ave,B18 - Georgiou Griva Digeni Ave,3
2026-09-09T12:34:39Z,2026-09-09T15:38:48.727440+03:00,_6,e1beab30434a,Archiepiskopou Makariou III Ave,Evagorou Ave,0
2026-09-09T12:34:39Z,2026-09-09T15:38:48.727440+03:00,_0,8722f7172fdb,Leoforos Strovolou,E116 - Athalassis Ave,0
2026-09-09T12:34:39Z,2026-09-09T15:38:48.727440+03:00,_1,5904eff8485c,Strovolou Ave,E902 - Proedrikou Megarou Ave,3
2026-09-09T12:34:39Z,2026-09-09T15:38:48.727440+03:00,_2,96c3ee6a9698,Strovolou Ave,E902 - Proedrikou Megarou Ave,0
2026-09-09T12:44:46Z,2026-09-09T15:49:06.236442+03:00,_0,9e81f5db7a01,E147 - Archiepiskopou Makariou III Ave,Agias Filaxeos,0
2026-09-09T12:44:46Z,2026-09-09T15:49:06.236442+03:00,_1,7feb589c7752,E147 - Archiepiskopou Makariou III Ave,Vasileos Georgiou II,3
2026-09-09T12:44:46Z,2026-09-09T15:49:06.236442+03:00,_2,ada2853a7b9f,Spyrou Kyprianou Ave,Steliou Kyriakidi,0
2026-09-09T12:44:46Z,2026-09-09T15:49:06.236442+03:00,_3,fbdd0e351f56,Ivykou,,4
2026-09-09T12:44:46Z,2026-09-09T15:49:06.236442+03:00,_4,f780373a5188,Agias Filaxeos,E110 - Agias Fylaxeos,0
2026-09-09T12:44:46Z,2026-09-09T15:49:06.236442+03:00,_5,6841a02a1258,,E110 - 1 Apriliou,2
2026-09-09T12:44:46Z,2026-09-09T15:49:06.236442+03:00,_6,f99b72a378a5,E110 - Agias Fylaxeos,E110,0
2026-09-09T12:44:46Z,2026-09-09T15:49:06.236442+03:00,_0,5b27c50fa078,Strovolos,Archiepiskopou Makariou III Ave,0
2026-09-09T12:44:46Z,2026-09-09T15:49:06.236442+03:00,_1,8b530b355b26,Lemesou Ave,Archiepiskopou Makariou III Ave,3
2026-09-09T12:44:46Z,2026-09-09T15:49:06.236442+03:00,_0,db379abb1dc7,Georgiou Neofytou,Spyrou Kyprianou Ave,0
2026-09-09T12:44:46Z,2026-09-09T15:49:06.236442+03:00,_1,d485409681ec,Spyrou Kyprianou Ave,E114 - Archiepiskopou Makariou III Ave,3
2026-09-09T12:44:46Z,2026-09-09T15:49:06.236442+03:00,_2,b16f06e86626,Grigori Afxentiou,Angelou Vlachou,0
2026-09-09T12:44:46Z,2026-09-09T15:49:06.236442+03:00,_0,df567d5dbf59,E110,E110 - Agias Fylaxeos,0
2026-09-09T12:44:46Z,2026-09-09T15:49:06.236442+03:00,_1,883ce04f7136,E110 - 1 Apriliou,,3
2026-09-09T12:44:46Z,2026-09-09T15:49:06.236442+03:00,_2,c8792afe581d,E110 - Agias Fylaxeos,E147 - Archiepiskopou Makariou III Ave,0
2026-09-09T12:44:46Z,2026-09-09T15:49:06.236442+03:00,_0,d6074089d8ef,Exit 24 >E127 Germasogeia / E113 Lemesos-Centre,A6,2
2026-09-09T12:44:46Z,2026-09-09T15:49:06.236442+03:00,_1,ef93f4872b51,Lemesos,"to A6 > Pafos, Pafos Airport",0
2026-09-09T12:44:46Z,2026-09-09T15:49:06.236442+03:00,_0,39864853c88c,,Archiepiskopou Makariou III Ave,0
2026-09-09T12:44:46Z,2026-09-09T15:49:06.236442+03:00,_1,3dec49aff703,Lemesou Ave,Archiepiskopou Makariou III Ave,3
2026-09-09T12:44:46Z,2026-09-09T15:49:06.236442+03:00,_2,7e9e53411917,Lemesou Ave,E1302 - Nikis Ave,0
2026-09-09T12:44:46Z,2026-09-09T15:49:06.236442+03:00,_3,910016111853,B18 - Georgiou Griva Digeni Ave,B18 - Georgiou Griva Digeni Ave,3
2026-09-09T12:44:46Z,2026-09-09T15:49:06.236442+03:00,_4,77882f54bb36,B18 - Georgiou Griva Digeni Ave,Evagorou Ave,2
2026-09-09T12:44:46Z,2026-09-09T15:49:06.236442+03:00,_5,bd60eb46198f,E165 - Themistokli Dervi,Evagorou Ave,0
2026-09-09T12:54:52Z,2026-09-09T15:59:19.568384+03:00,_0,920305ee9a1e,E147 - Archiepiskopou Makariou III Ave,Agias Filaxeos,0
2026-09-09T12:54:52Z,2026-09-09T15:59:19.568384+03:00,_1,a4260c51b19c,Steliou Kyriakidi,,4
2026-09-09T12:54:52Z,2026-09-09T15:59:19.568384+03:00,_2,f780373a5188,Agias Filaxeos,E110 - Agias Fylaxeos,0
2026-09-09T12:54:52Z,2026-09-09T15:59:19.568384+03:00,_3,6841a02a1258,,E110 - 1 Apriliou,2
2026-09-09T12:54:52Z,2026-09-09T15:59:19.568384+03:00,_4,f99b72a378a5,E110 - Agias Fylaxeos,E110,0
2026-09-09T12:54:52Z,2026-09-09T15:59:19.568384+03:00,_0,fe72ea2b224f,Strovolos,Lemesou Ave,0
2026-09-09T12:54:52Z,2026-09-09T15:59:19.568384+03:00,_1,1c3025f6d361,Strovolos,Lemesou Ave,3
2026-09-09T12:54:52Z,2026-09-09T15:59:19.568384+03:00,_2,7c50b274239b,Aglantzia,E164 - Armenias,0
2026-09-09T12:54:52Z,2026-09-09T15:59:19.568384+03:00,_3,c57daf65c80e,Lemesou Ave,Archiepiskopou Makariou III Ave,3
2026-09-09T12:54:52Z,2026-09-09T15:59:19.568384+03:00,_0,72b03ff9b5bc,E110,E110 - Agias Fylaxeos,0
2026-09-09T12:54:52Z,2026-09-09T15:59:19.568384+03:00,_1,e50ca2ecb1e0,E110 - 1 Apriliou,,3
2026-09-09T12:54:52Z,2026-09-09T15:59:19.568384+03:00,_2,c8792afe581d,E110 - Agias Fylaxeos,E147 - Archiepiskopou Makariou III Ave,0
2026-09-09T12:54:52Z,2026-09-09T15:59:19.568384+03:00,_0,d6074089d8ef,Exit 24 >E127 Germasogeia / E113 Lemesos-Centre,A6,2
2026-09-09T12:54:52Z,2026-09-09T15:59:19.568384+03:00,_1,ef93f4872b51,Lemesos,"to A6 > Pafos, Pafos Airport",0
2026-09-09T12:54:52Z,2026-09-09T15:59:19.568384+03:00,_0,d0dc64f54734,,Lemesou Ave,0
2026-09-09T12:54:52Z,2026-09-09T15:59:19.568384+03:00,_1,1c3025f6d361,Strovolos,Lemesou Ave,3
2026-09-09T12:54:52Z,2026-09-09T15:59:19.568384+03:00,_2,7c50b274239b,Aglantzia,E164 - Armenias,0
2026-09-09T12:54:52Z,2026-09-09T15:59:19.568384+03:00,_3,43f05193c4b0,Lemesou Ave,Archiepiskopou Makariou III Ave,3
2026-09-09T12:54:52Z,2026-09-09T15:59:19.568384+03:00,_4,8fab7dfc83f0,Lemesou Ave,Evagorou Ave,0
2026-09-09T13:04:57Z,2026-09-09T16:09:33.066855+03:00,_0,fe72ea2b224f,Strovolos,Lemesou Ave,0
2026-09-09T13:04:57Z,2026-09-09T16:09:33.066855+03:00,_1,1c3025f6d361,Strovolos,Lemesou Ave,3
2026-09-09T13:04:57Z,2026-09-09T16:09:33.066855+03:00,_2,c6e235d3222a,Aglantzia,Archiepiskopou Makariou III Ave,0
2026-09-09T13:04:57Z,2026-09-09T16:09:33.066855+03:00,_3,394713f228bd,Lemesou Ave,Lemesou Ave,3
2026-09-09T13:04:57Z,2026-09-09T16:09:33.066855+03:00,_0,72b03ff9b5bc,E110,E110 - Agias Fylaxeos,0
2026-09-09T13:04:57Z,2026-09-09T16:09:33.066855+03:00,_1,e50ca2ecb1e0,E110 - 1 Apriliou,,3
2026-09-09T13:04:57Z,2026-09-09T16:09:33.066855+03:00,_2,c8792afe581d,E110 - Agias Fylaxeos,E147 - Archiepiskopou Makariou III Ave,0
2026-09-09T13:04:57Z,2026-09-09T16:09:33.066855+03:00,_0,920305ee9a1e,E147 - Archiepiskopou Makariou III Ave,Agias Filaxeos,0
2026-09-09T13:04:57Z,2026-09-09T16:09:33.066855+03:00,_1,a4260c51b19c,Steliou Kyriakidi,,4
2026-09-09T13:04:57Z,2026-09-09T16:09:33.066855+03:00,_2,f780373a5188,Agias Filaxeos,E110 - Agias Fylaxeos,0
2026-09-09T13:04:57Z,2026-09-09T16:09:33.066855+03:00,_3,6841a02a1258,,E110 - 1 Apriliou,2
2026-09-09T13:04:57Z,2026-09-09T16:09:33.066855+03:00,_4,f99b72a378a5,E110 - Agias Fylaxeos,E110,0
2026-09-09T13:04:57Z,2026-09-09T16:09:33.066855+03:00,_0,d6074089d8ef,Exit 24 >E127 Germasogeia / E113 Lemesos-Centre,A6,2
2026-09-09T13:04:57Z,2026-09-09T16:09:33.066855+03:00,_1,ef93f4872b51,Lemesos,"to A6 > Pafos, Pafos Airport",0
2026-09-09T13:04:57Z,2026-09-09T16:09:33.066855+03:00,_0,d0dc64f54734,,Lemesou Ave,0
2026-09-09T13:04:57Z,2026-09-09T16:09:33.066855+03:00,_1,1c3025f6d361,Strovolos,Lemesou Ave,3
2026-09-09T13:04:57Z,2026-09-09T16:09:33.066855+03:00,_2,c6e235d3222a,Aglantzia,Archiepiskopou Makariou III Ave,0
2026-09-09T13:04:57Z,2026-09-09T16:09:33.066855+03:00,_3,6efde239cabf,Lemesou Ave,Archiepiskopou Makariou III Ave,3
2026-09-09T13:04:57Z,2026-09-09T16:09:33.066855+03:00,_4,8fab7dfc83f0,Lemesou Ave,Evagorou Ave,0
2026-09-09T13:15:10Z,2026-09-09T16:19:45.792163+03:00,_0,920305ee9a1e,E147 - Archiepiskopou Makariou III Ave,Agias Filaxeos,0
2026-09-09T13:15:10Z,2026-09-09T16:19:45.792163+03:00,_1,a4260c51b19c,Steliou Kyriakidi,,4
2026-09-09T13:15:10Z,2026-09-09T16:19:45.792163+03:00,_2,e863e9cd4881,Agias Filaxeos,E110 - Agias Fylaxeos,0
2026-09-09T13:15:10Z,2026-09-09T16:19:45.792163+03:00,_3,b12402f32100,E110 - Agias Fylaxeos,E110 - 1 Apriliou,2
2026-09-09T13:15:10Z,2026-09-09T16:19:45.792163+03:00,_4,f99b72a378a5,E110 - Agias Fylaxeos,E110,0
2026-09-09T13:15:10Z,2026-09-09T16:19:45.792163+03:00,_0,fe72ea2b224f,Strovolos,Lemesou Ave,0
2026-09-09T13:15:10Z,2026-09-09T16:19:45.792163+03:00,_1,1c3025f6d361,Strovolos,Lemesou Ave,4
2026-09-09T13:15:10Z,2026-09-09T16:19:45.792163+03:00,_2,7c50b274239b,Aglantzia,E164 - Armenias,0
2026-09-09T13:15:10Z,2026-09-09T16:19:45.792163+03:00,_3,c57daf65c80e,Lemesou Ave,Archiepiskopou Makariou III Ave,3
2026-09-09T13:15:10Z,2026-09-09T16:19:45.792163+03:00,_0,db379abb1dc7,Georgiou Neofytou,Spyrou Kyprianou Ave,0
2026-09-09T13:15:10Z,2026-09-09T16:19:45.792163+03:00,_1,d485409681ec,Spyrou Kyprianou Ave,E114 - Archiepiskopou Makariou III Ave,3
2026-09-09T13:15:10Z,2026-09-09T16:19:45.792163+03:00,_2,b16f06e86626,Grigori Afxentiou,Angelou Vlachou,0
2026-09-09T13:15:10Z,2026-09-09T16:19:45.792163+03:00,_0,f2dad27e0b2c,E110,E110 - 1 Apriliou,0
2026-09-09T13:15:10Z,2026-09-09T16:19:45.792163+03:00,_1,0bc8a04884b8,E110 - 1 Apriliou,E110 - 1 Apriliou,3
2026-09-09T13:15:10Z,2026-09-09T16:19:45.792163+03:00,_2,3f327fcf98cf,E110 - Eleftherias,E110 - Agias Fylaxeos,0
2026-09-09T13:15:10Z,2026-09-09T16:19:45.792163+03:00,_3,e50ca2ecb1e0,E110 - 1 Apriliou,,3
2026-09-09T13:15:10Z,2026-09-09T16:19:45.792163+03:00,_4,c8792afe581d,E110 - Agias Fylaxeos,E147 - Archiepiskopou Makariou III Ave,0
2026-09-09T13:15:10Z,2026-09-09T16:19:45.792163+03:00,_0,d6074089d8ef,Exit 24 >E127 Germasogeia / E113 Lemesos-Centre,A6,1
2026-09-09T13:15:10Z,2026-09-09T16:19:45.792163+03:00,_1,ef93f4872b51,Lemesos,"to A6 > Pafos, Pafos Airport",0
2026-09-09T13:15:10Z,2026-09-09T16:19:45.792163+03:00,_0,d0dc64f54734,,Lemesou Ave,0
2026-09-09T13:15:10Z,2026-09-09T16:19:45.792163+03:00,_1,1c3025f6d361,Strovolos,Lemesou Ave,4
2026-09-09T13:15:10Z,2026-09-09T16:19:45.792163+03:00,_2,7c50b274239b,Aglantzia,E164 - Armenias,0
2026-09-09T13:15:10Z,2026-09-09T16:19:45.792163+03:00,_3,43f05193c4b0,Lemesou Ave,Archiepiskopou Makariou III Ave,3
2026-09-09T13:15:10Z,2026-09-09T16:19:45.792163+03:00,_4,b7e53b03dff3,Lemesou Ave,Archiepiskopou Makariou III Ave,0
2026-09-09T13:15:10Z,2026-09-09T16:19:45.792163+03:00,_5,8056ae80b71f,Archiepiskopou Makariou III Ave,B18 - Georgiou Griva Digeni Ave,3
2026-09-09T13:15:10Z,2026-09-09T16:19:45.792163+03:00,_6,e1beab30434a,Archiepiskopou Makariou III Ave,Evagorou Ave,0
2026-09-09T13:15:10Z,2026-09-09T16:19:45.792163+03:00,_0,e8af1a494c38,Leoforos Strovolou,E122 - Athinon,0
2026-09-09T13:15:10Z,2026-09-09T16:19:45.792163+03:00,_1,ba7acf4b9a4a,Strovolou Ave,E902 - Proedrikou Megarou Ave,3
2026-09-09T13:15:10Z,2026-09-09T16:19:45.792163+03:00,_2,c6ac6530f2b9,Strovolou Ave,E902 - Proedrikou Megarou Ave,0
2026-09-09T13:25:16Z,2026-09-09T16:30:01.428271+03:00,_0,dd4be8784553,E147 - Archiepiskopou Makariou III Ave,Agias Filaxeos,0
2026-09-09T13:25:16Z,2026-09-09T16:30:01.428271+03:00,_1,c5ba13ded7f2,Agias Filaxeos,Agias Filaxeos,2
2026-09-09T13:25:16Z,2026-09-09T16:30:01.428271+03:00,_2,8eb1dd7cbd00,E147 - Archiepiskopou Makariou III Ave,Agias Filaxeos,0
2026-09-09T13:25:16Z,2026-09-09T16:30:01.428271+03:00,_3,a4260c51b19c,Steliou Kyriakidi,,4
2026-09-09T13:25:16Z,2026-09-09T16:30:01.428271+03:00,_4,f5f94ff22484,Agias Filaxeos,E110,0
2026-09-09T13:25:16Z,2026-09-09T16:30:01.428271+03:00,_0,fe72ea2b224f,Strovolos,Lemesou Ave,0
2026-09-09T13:25:16Z,2026-09-09T16:30:01.428271+03:00,_1,1c3025f6d361,Strovolos,Lemesou Ave,3
2026-09-09T13:25:16Z,2026-09-09T16:30:01.428271+03:00,_2,7c50b274239b,Aglantzia,E164 - Armenias,0
2026-09-09T13:25:16Z,2026-09-09T16:30:01.428271+03:00,_3,c57daf65c80e,Lemesou Ave,Archiepiskopou Makariou III Ave,3
2026-09-09T13:25:16Z,2026-09-09T16:30:01.428271+03:00,_0,51516327098d,Georgiou Neofytou,E114 - Archiepiskopou Makariou III Ave,0
2026-09-09T13:25:16Z,2026-09-09T16:30:01.428271+03:00,_1,f53c43abff4f,Spyrou Kyprianou Ave,E114 - Archiepiskopou Makariou III Ave,3
2026-09-09T13:25:16Z,2026-09-09T16:30:01.428271+03:00,_2,170ca50cf9c5,E114 - Archiepiskopou Makariou III Ave,Angelou Vlachou,0
2026-09-09T13:25:16Z,2026-09-09T16:30:01.428271+03:00,_0,72b03ff9b5bc,E110,E110 - Agias Fylaxeos,0
2026-09-09T13:25:16Z,2026-09-09T16:30:01.428271+03:00,_1,e50ca2ecb1e0,E110 - 1 Apriliou,,4
2026-09-09T13:25:16Z,2026-09-09T16:30:01.428271+03:00,_2,73c10e640ed1,E110 - Agias Fylaxeos,E147 - Archiepiskopou Makariou III Ave,0
2026-09-09T13:25:16Z,2026-09-09T16:30:01.428271+03:00,_3,676c339d8b55,Agias Filaxeos,E147 - Archiepiskopou Makariou III Ave,3
2026-09-09T13:25:16Z,2026-09-09T16:30:01.428271+03:00,_0,68c80e5ac67b,Leoforos Strovolou,E116 - Athalassis Ave,0
2026-09-09T13:25:16Z,2026-09-09T16:30:01.428271+03:00,_1,25beebc1d5d8,Perikleous,E902 - Proedrikou Megarou Ave,3
2026-09-09T13:25:16Z,2026-09-09T16:30:01.428271+03:00,_2,c6ac6530f2b9,Strovolou Ave,E902 - Proedrikou Megarou Ave,0
2026-09-09T13:25:16Z,2026-09-09T16:30:01.428271+03:00,_0,06afc6492b14,Exit 24 >E127 Germasogeia / E113 Lemesos-Centre,Germasogeia,2
2026-09-09T13:25:16Z,2026-09-09T16:30:01.428271+03:00,_1,3e1d75b9e16e,Agios Athanasios,"to A6 > Pafos, Pafos Airport",0
2026-09-09T13:25:16Z,2026-09-09T16:30:01.428271+03:00,_0,cb3af67cb06c,,Kato Polemidia,0
2026-09-09T13:25:16Z,2026-09-09T16:30:01.428271+03:00,_1,c1b4363fadaa,Lemesos,Lemesos,1
2026-09-09T13:25:16Z,2026-09-09T16:30:01.428271+03:00,_2,7adfefecaf30,Lemesos,Lemesou Ave,0
2026-09-09T13:25:16Z,2026-09-09T16:30:01.428271+03:00,_3,1c3025f6d361,Strovolos,Lemesou Ave,3
2026-09-09T13:25:16Z,2026-09-09T16:30:01.428271+03:00,_4,7c50b274239b,Aglantzia,E164 - Armenias,0
2026-09-09T13:25:16Z,2026-09-09T16:30:01.428271+03:00,_5,43f05193c4b0,Lemesou Ave,Archiepiskopou Makariou III Ave,3
2026-09-09T13:25:16Z,2026-09-09T16:30:01.428271+03:00,_6,8fab7dfc83f0,Lemesou Ave,Evagorou Ave,0
2026-09-09T13:25:16Z,2026-09-09T16:30:01.428271+03:00,_0,9b57a1fd19bb,Episkopi,Kato Polemidia,0
2026-09-09T13:25:16Z,2026-09-09T16:30:01.428271+03:00,_1,c1b4363fadaa,Lemesos,Lemesos,1
2026-09-09T13:25:16Z,2026-09-09T16:30:01.428271+03:00,_2,e7aa3fa7d4d2,Lemesos,Germasogeia,0
2026-09-09T13:35:22Z,2026-09-09T16:40:15.289681+03:00,_0,8d2065e6031d,E147 - Archiepiskopou Makariou III Ave,Agias Filaxeos,0
2026-09-09T13:35:22Z,2026-09-09T16:40:15.289681+03:00,_1,f38856b8f195,Agias Filaxeos,Spyrou Kyprianou Ave,3
2026-09-09T13:35:22Z,2026-09-09T16:40:15.289681+03:00,_2,ec5eee792e7a,Spyrou Kyprianou Ave,Steliou Kyriakidi,0
2026-09-09T13:35:22Z,2026-09-09T16:40:15.289681+03:00,_3,a80760be4702,Ivykou,Agias Filaxeos,3
2026-09-09T13:35:22Z,2026-09-09T16:40:15.289681+03:00,_4,a4260c51b19c,Steliou Kyriakidi,,4
2026-09-09T13:35:22Z,2026-09-09T16:40:15.289681+03:00,_5,f5f94ff22484,Agias Filaxeos,E110,0
2026-09-09T13:35:22Z,2026-09-09T16:40:15.289681+03:00,_0,fe72ea2b224f,Strovolos,Lemesou Ave,0
2026-09-09T13:35:22Z,2026-09-09T16:40:15.289681+03:00,_1,1c3025f6d361,Strovolos,Lemesou Ave,3
2026-09-09T13:35:22Z,2026-09-09T16:40:15.289681+03:00,_2,7c50b274239b,Aglantzia,E164 - Armenias,0
2026-09-09T13:35:22Z,2026-09-09T16:40:15.289681+03:00,_3,c57daf65c80e,Lemesou Ave,Archiepiskopou Makariou III Ave,3
2026-09-09T13:35:22Z,2026-09-09T16:40:15.289681+03:00,_0,db379abb1dc7,Georgiou Neofytou,Spyrou Kyprianou Ave,0
2026-09-09T13:35:22Z,2026-09-09T16:40:15.289681+03:00,_1,d485409681ec,Spyrou Kyprianou Ave,E114 - Archiepiskopou Makariou III Ave,3
2026-09-09T13:35:22Z,2026-09-09T16:40:15.289681+03:00,_2,b16f06e86626,Grigori Afxentiou,Angelou Vlachou,0
2026-09-09T13:35:22Z,2026-09-09T16:40:15.289681+03:00,_0,72b03ff9b5bc,E110,E110 - Agias Fylaxeos,0
2026-09-09T13:35:22Z,2026-09-09T16:40:15.289681+03:00,_1,e50ca2ecb1e0,E110 - 1 Apriliou,,3
2026-09-09T13:35:22Z,2026-09-09T16:40:15.289681+03:00,_2,94bd22476a9c,E110 - Agias Fylaxeos,E147 - Archiepiskopou Makariou III Ave,0
2026-09-09T13:35:22Z,2026-09-09T16:40:15.289681+03:00,_3,88697bca4b53,Agias Filaxeos,E147 - Archiepiskopou Makariou III Ave,3
2026-09-09T13:35:22Z,2026-09-09T16:40:15.289681+03:00,_0,d0dc64f54734,,Lemesou Ave,0
2026-09-09T13:35:22Z,2026-09-09T16:40:15.289681+03:00,_1,1c3025f6d361,Strovolos,Lemesou Ave,3
2026-09-09T13:35:22Z,2026-09-09T16:40:15.289681+03:00,_2,7c50b274239b,Aglantzia,E164 - Armenias,0
2026-09-09T13:35:22Z,2026-09-09T16:40:15.289681+03:00,_3,43f05193c4b0,Lemesou Ave,Archiepiskopou Makariou III Ave,3
2026-09-09T13:35:22Z,2026-09-09T16:40:15.289681+03:00,_4,7e9e53411917,Lemesou Ave,E1302 - Nikis Ave,0
2026-09-09T13:35:22Z,2026-09-09T16:40:15.289681+03:00,_5,910016111853,B18 - Georgiou Griva Digeni Ave,B18 - Georgiou Griva Digeni Ave,4
2026-09-09T13:35:22Z,2026-09-09T16:40:15.289681+03:00,_6,bbf67e32aa17,B18 - Georgiou Griva Digeni Ave,Evagorou Ave,0
2026-09-09T13:35:22Z,2026-09-09T16:40:15.289681+03:00,_0,68ba8c9365ac,Exit 24 >E127 Germasogeia / E113 Lemesos-Centre,Germasogeia,0
2026-09-09T13:35:22Z,2026-09-09T16:40:15.289681+03:00,_1,ce32023c9f0b,Germasogeia,Germasogeia,1
2026-09-09T13:35:22Z,2026-09-09T16:40:15.289681+03:00,_2,3e1d75b9e16e,Agios Athanasios,"to A6 > Pafos, Pafos Airport",0
2026-09-09T13:45:29Z,2026-09-09T16:50:27.578580+03:00,_0,e840a4c3672b,E147 - Archiepiskopou Makariou III Ave,Steliou Kyriakidi,0
2026-09-09T13:45:29Z,2026-09-09T16:50:27.578580+03:00,_1,a80760be4702,Ivykou,Agias Filaxeos,3
2026-09-09T13:45:29Z,2026-09-09T16:50:27.578580+03:00,_2,a4260c51b19c,Steliou Kyriakidi,,4
2026-09-09T13:45:29Z,2026-09-09T16:50:27.578580+03:00,_3,58db42ee5329,Agias Filaxeos,E110 - 1 Apriliou,0
2026-09-09T13:45:29Z,2026-09-09T16:50:27.578580+03:00,_4,9f4f77006632,E110 - 1 Apriliou,E110 - Eleftherias,2
2026-09-09T13:45:29Z,2026-09-09T16:50:27.578580+03:00,_5,c97b954fcb12,E110 - 1 Apriliou,E110,0
2026-09-09T13:45:29Z,2026-09-09T16:50:27.578580+03:00,_0,fe72ea2b224f,Strovolos,Lemesou Ave,0
2026-09-09T13:45:29Z,2026-09-09T16:50:27.578580+03:00,_1,1c3025f6d361,Strovolos,Lemesou Ave,3
2026-09-09T13:45:29Z,2026-09-09T16:50:27.578580+03:00,_2,7c50b274239b,Aglantzia,E164 - Armenias,0
2026-09-09T13:45:29Z,2026-09-09T16:50:27.578580+03:00,_3,c57daf65c80e,Lemesou Ave,Archiepiskopou Makariou III Ave,3
2026-09-09T13:45:29Z,2026-09-09T16:50:27.578580+03:00,_0,aaf73b6e9007,Leoforos Strovolou,E116 - Athalassis Ave,0
2026-09-09T13:45:29Z,2026-09-09T16:50:27.578580+03:00,_1,73e3e7cf90a1,Omirou,E902 - Proedrikou Megarou Ave,2
2026-09-09T13:45:29Z,2026-09-09T16:50:27.578580+03:00,_2,c6ac6530f2b9,Strovolou Ave,E902 - Proedrikou Megarou Ave,0
2026-09-09T13:45:29Z,2026-09-09T16:50:27.578580+03:00,_0,72b03ff9b5bc,E110,E110 - Agias Fylaxeos,0
2026-09-09T13:45:29Z,2026-09-09T16:50:27.578580+03:00,_1,e50ca2ecb1e0,E110 - 1 Apriliou,,3
2026-09-09T13:45:29Z,2026-09-09T16:50:27.578580+03:00,_2,c8792afe581d,E110 - Agias Fylaxeos,E147 - Archiepiskopou Makariou III Ave,0
2026-09-09T13:45:29Z,2026-09-09T16:50:27.578580+03:00,_0,d0dc64f54734,,Lemesou Ave,0
2026-09-09T13:45:29Z,2026-09-09T16:50:27.578580+03:00,_1,1c3025f6d361,Strovolos,Lemesou Ave,3
2026-09-09T13:45:29Z,2026-09-09T16:50:27.578580+03:00,_2,7c50b274239b,Aglantzia,E164 - Armenias,0
2026-09-09T13:45:29Z,2026-09-09T16:50:27.578580+03:00,_3,43f05193c4b0,Lemesou Ave,Archiepiskopou Makariou III Ave,3
2026-09-09T13:45:29Z,2026-09-09T16:50:27.578580+03:00,_4,7e9e53411917,Lemesou Ave,E1302 - Nikis Ave,0
2026-09-09T13:45:29Z,2026-09-09T16:50:27.578580+03:00,_5,910016111853,B18 - Georgiou Griva Digeni Ave,B18 - Georgiou Griva Digeni Ave,4
2026-09-09T13:45:29Z,2026-09-09T16:50:27.578580+03:00,_6,bbf67e32aa17,B18 - Georgiou Griva Digeni Ave,Evagorou Ave,0
2026-09-09T13:45:29Z,2026-09-09T16:50:27.578580+03:00,_0,68ba8c9365ac,Exit 24 >E127 Germasogeia / E113 Lemesos-Centre,Germasogeia,0
2026-09-09T13:45:29Z,2026-09-09T16:50:27.578580+03:00,_1,ce32023c9f0b,Germasogeia,Germasogeia,1
2026-09-09T13:45:29Z,2026-09-09T16:50:27.578580+03:00,_2,9800ef0abc36,Agios Athanasios,Agios Athanasios,0
2026-09-09T13:45:29Z,2026-09-09T16:50:27.578580+03:00,_3,1f9e4309220a,Agios Athanasios,Agios Athanasios,1
2026-09-09T13:45:29Z,2026-09-09T16:50:27.578580+03:00,_4,e532d87a661f,Mesa Geitonia,"to A6 > Pafos, Pafos Airport",0
2026-09-09T16:32:19Z,2026-09-09T19:37:11.606126+03:00,_0,0404ea780de8,E147 - Archiepiskopou Makariou III Ave,Vasileos Georgiou II,0
2026-09-09T16:32:19Z,2026-09-09T19:37:11.606126+03:00,_1,ded58892ae74,Agias Filaxeos,Vasileos Georgiou II,4
2026-09-09T16:32:19Z,2026-09-09T19:37:11.606126+03:00,_2,f0692a22ef39,Agias Filaxeos,Agias Filaxeos,0
2026-09-09T16:32:19Z,2026-09-09T19:37:11.606126+03:00,_3,a4260c51b19c,Steliou Kyriakidi,,4
2026-09-09T16:32:19Z,2026-09-09T19:37:11.606126+03:00,_4,f780373a5188,Agias Filaxeos,E110 - Agias Fylaxeos,0
2026-09-09T16:32:19Z,2026-09-09T19:37:11.606126+03:00,_5,6841a02a1258,,E110 - 1 Apriliou,2
2026-09-09T16:32:19Z,2026-09-09T19:37:11.606126+03:00,_6,f99b72a378a5,E110 - Agias Fylaxeos,E110,0
2026-09-09T16:32:19Z,2026-09-09T19:37:11.606126+03:00,_0,fe72ea2b224f,Strovolos,Lemesou Ave,0
2026-09-09T16:32:19Z,2026-09-09T19:37:11.606126+03:00,_1,1c3025f6d361,Strovolos,Lemesou Ave,4
2026-09-09T16:32:19Z,2026-09-09T19:37:11.606126+03:00,_2,c6e235d3222a,Aglantzia,Archiepiskopou Makariou III Ave,0
2026-09-09T16:32:19Z,2026-09-09T19:37:11.606126+03:00,_3,394713f228bd,Lemesou Ave,Lemesou Ave,3
2026-09-09T16:32:19Z,2026-09-09T19:37:11.606126+03:00,_0,d0dc64f54734,,Lemesou Ave,0
2026-09-09T16:32:19Z,2026-09-09T19:37:11.606126+03:00,_1,1c3025f6d361,Strovolos,Lemesou Ave,4
2026-09-09T16:32:19Z,2026-09-09T19:37:11.606126+03:00,_2,c6e235d3222a,Aglantzia,Archiepiskopou Makariou III Ave,0
2026-09-09T16:32:19Z,2026-09-09T19:37:11.606126+03:00,_3,6efde239cabf,Lemesou Ave,Archiepiskopou Makariou III Ave,3
2026-09-09T16:32:19Z,2026-09-09T19:37:11.606126+03:00,_4,585aa61a46fa,Lemesou Ave,B18 - Digeni Akrita Ave,0
2026-09-09T16:32:19Z,2026-09-09T19:37:11.606126+03:00,_5,055237d5336a,Archiepiskopou Makariou III Ave,B18 - Georgiou Griva Digeni Ave,2
2026-09-09T16:32:19Z,2026-09-09T19:37:11.606126+03:00,_6,e1beab30434a,Archiepiskopou Makariou III Ave,Evagorou Ave,0
2026-09-09T16:32:19Z,2026-09-09T19:37:11.606126+03:00,_0,2459eb632a9a,Exit 24 >E127 Germasogeia / E113 Lemesos-Centre,Lemesos,0
2026-09-09T16:32:19Z,2026-09-09T19:37:11.606126+03:00,_1,e1dac3423766,Lemesos,Lemesos,3
2026-09-09T16:32:19Z,2026-09-09T19:37:11.606126+03:00,_2,ef93f4872b51,Lemesos,"to A6 > Pafos, Pafos Airport",0
2026-09-09T16:42:25Z,2026-09-09T19:47:23.192162+03:00,_0,0404ea780de8,E147 - Archiepiskopou Makariou III Ave,Vasileos Georgiou II,0
2026-09-09T16:42:25Z,2026-09-09T19:47:23.192162+03:00,_1,ded58892ae74,Agias Filaxeos,Vasileos Georgiou II,4
2026-09-09T16:42:25Z,2026-09-09T19:47:23.192162+03:00,_2,f74602cafe9b,Agias Filaxeos,Steliou Kyriakidi,0
2026-09-09T16:42:25Z,2026-09-09T19:47:23.192162+03:00,_3,a80760be4702,Ivykou,Agias Filaxeos,3
2026-09-09T16:42:25Z,2026-09-09T19:47:23.192162+03:00,_4,a4260c51b19c,Steliou Kyriakidi,,4
2026-09-09T16:42:25Z,2026-09-09T19:47:23.192162+03:00,_5,f5f94ff22484,Agias Filaxeos,E110,0
2026-09-09T16:42:25Z,2026-09-09T19:47:23.192162+03:00,_0,fe72ea2b224f,Strovolos,Lemesou Ave,0
2026-09-09T16:42:25Z,2026-09-09T19:47:23.192162+03:00,_1,1c3025f6d361,Strovolos,Lemesou Ave,3
2026-09-09T16:42:25Z,2026-09-09T19:47:23.192162+03:00,_2,7c50b274239b,Aglantzia,E164 - Armenias,0
2026-09-09T16:42:25Z,2026-09-09T19:47:23.192162+03:00,_3,c57daf65c80e,Lemesou Ave,Archiepiskopou Makariou III Ave,2
2026-09-09T16:42:25Z,2026-09-09T19:47:23.192162+03:00,_0,d0dc64f54734,,Lemesou Ave,0
2026-09-09T16:42:25Z,2026-09-09T19:47:23.192162+03:00,_1,1c3025f6d361,Strovolos,Lemesou Ave,3
2026-09-09T16:42:25Z,2026-09-09T19:47:23.192162+03:00,_2,7c50b274239b,Aglantzia,E164 - Armenias,0
2026-09-09T16:42:25Z,2026-09-09T19:47:23.192162+03:00,_3,43f05193c4b0,Lemesou Ave,Archiepiskopou Makariou III Ave,2
2026-09-09T16:42:25Z,2026-09-09T19:47:23.192162+03:00,_4,8fab7dfc83f0,Lemesou Ave,Evagorou Ave,0
2026-09-09T16:42:25Z,2026-09-09T19:47:23.192162+03:00,_0,2459eb632a9a,Exit 24 >E127 Germasogeia / E113 Lemesos-Centre,Lemesos,0
2026-09-09T16:42:25Z,2026-09-09T19:47:23.192162+03:00,_1,e1dac3423766,Lemesos,Lemesos,3
2026-09-09T16:42:25Z,2026-09-09T19:47:23.192162+03:00,_2,ef93f4872b51,Lemesos,"to A6 > Pafos, Pafos Airport",0
2026-09-09T16:52:32Z,2026-09-09T19:56:33.840847+03:00,_0,9fd95393c6f9,E147 - Archiepiskopou Makariou III Ave,Vasileos Georgiou II,0
2026-09-09T16:52:32Z,2026-09-09T19:56:33.840847+03:00,_1,e07ed380dedf,Agias Filaxeos,Vasileos Georgiou II,4
2026-09-09T16:52:32Z,2026-09-09T19:56:33.840847+03:00,_2,f74602cafe9b,Agias Filaxeos,Steliou Kyriakidi,0
2026-09-09T16:52:32Z,2026-09-09T19:56:33.840847+03:00,_3,a80760be4702,Ivykou,Agias Filaxeos,3
2026-09-09T16:52:32Z,2026-09-09T19:56:33.840847+03:00,_4,a4260c51b19c,Steliou Kyriakidi,,4
2026-09-09T16:52:32Z,2026-09-09T19:56:33.840847+03:00,_5,f780373a5188,Agias Filaxeos,E110 - Agias Fylaxeos,0
2026-09-09T16:52:32Z,2026-09-09T19:56:33.840847+03:00,_6,e23f2072c2f4,,E110 - 1 Apriliou,2
2026-09-09T16:52:32Z,2026-09-09T19:56:33.840847+03:00,_7,12555517fc38,E110 - 1 Apriliou,E110 - 1 Apriliou,0
2026-09-09T16:52:32Z,2026-09-09T19:56:33.840847+03:00,_8,de7c5d112dc2,E110 - 1 Apriliou,E110 - Eleftherias,1
2026-09-09T16:52:32Z,2026-09-09T19:56:33.840847+03:00,_9,5f1fec2aa9f9,E110 - 1 Apriliou,E110,0
2026-09-09T16:52:32Z,2026-09-09T19:56:33.840847+03:00,_0,2459eb632a9a,Exit 24 >E127 Germasogeia / E113 Lemesos-Centre,Lemesos,0
2026-09-09T16:52:32Z,2026-09-09T19:56:33.840847+03:00,_1,e1dac3423766,Lemesos,Lemesos,2
2026-09-09T16:52:32Z,2026-09-09T19:56:33.840847+03:00,_2,ef93f4872b51,Lemesos,"to A6 > Pafos, Pafos Airport",0
2026-09-09T17:02:39Z,2026-09-09T20:06:45.301133+03:00,_0,0404ea780de8,E147 - Archiepiskopou Makariou III Ave,Vasileos Georgiou II,0
2026-09-09T17:02:39Z,2026-09-09T20:06:45.301133+03:00,_1,ded58892ae74,Agias Filaxeos,Vasileos Georgiou II,4
2026-09-09T17:02:39Z,2026-09-09T20:06:45.301133+03:00,_2,f74602cafe9b,Agias Filaxeos,Steliou Kyriakidi,0
2026-09-09T17:02:39Z,2026-09-09T20:06:45.301133+03:00,_3,a80760be4702,Ivykou,Agias Filaxeos,3
2026-09-09T17:02:39Z,2026-09-09T20:06:45.301133+03:00,_4,a4260c51b19c,Steliou Kyriakidi,,4
2026-09-09T17:02:39Z,2026-09-09T20:06:45.301133+03:00,_5,c0517c09c155,Agias Filaxeos,E110 - 1 Apriliou,0
2026-09-09T17:02:39Z,2026-09-09T20:06:45.301133+03:00,_6,9fa3ba27c775,E110 - Agias Fylaxeos,E110 - 1 Apriliou,2
2026-09-09T17:02:39Z,2026-09-09T20:06:45.301133+03:00,_7,4acaef97cfb7,E110 - 1 Apriliou,E110,0
2026-09-09T17:12:48Z,2026-09-09T20:16:57.781336+03:00,_0,0404ea780de8,E147 - Archiepiskopou Makariou III Ave,Vasileos Georgiou II,0
2026-09-09T17:12:48Z,2026-09-09T20:16:57.781336+03:00,_1,ded58892ae74,Agias Filaxeos,Vasileos Georgiou II,4
2026-09-09T17:12:48Z,2026-09-09T20:16:57.781336+03:00,_2,f0692a22ef39,Agias Filaxeos,Agias Filaxeos,0
2026-09-09T17:12:48Z,2026-09-09T20:16:57.781336+03:00,_3,a4260c51b19c,Steliou Kyriakidi,,4
2026-09-09T17:12:48Z,2026-09-09T20:16:57.781336+03:00,_4,c0517c09c155,Agias Filaxeos,E110 - 1 Apriliou,0
2026-09-09T17:12:48Z,2026-09-09T20:16:57.781336+03:00,_5,9fa3ba27c775,E110 - Agias Fylaxeos,E110 - 1 Apriliou,1
2026-09-09T17:12:48Z,2026-09-09T20:16:57.781336+03:00,_6,12555517fc38,E110 - 1 Apriliou,E110 - 1 Apriliou,0
2026-09-09T17:12:48Z,2026-09-09T20:16:57.781336+03:00,_7,de7c5d112dc2,E110 - 1 Apriliou,E110 - Eleftherias,2
2026-09-09T17:12:48Z,2026-09-09T20:16:57.781336+03:00,_8,5f1fec2aa9f9,E110 - 1 Apriliou,E110,0
2026-09-09T17:12:48Z,2026-09-09T20:16:57.781336+03:00,_0,69fc3b9dbbdd,Strovolos,Archiepiskopou Makariou III Ave,0
2026-09-09T17:12:48Z,2026-09-09T20:16:57.781336+03:00,_1,c57daf65c80e,Lemesou Ave,Archiepiskopou Makariou III Ave,2
2026-09-09T17:12:48Z,2026-09-09T20:16:57.781336+03:00,_0,c7cc2624ec90,E110,E110 - Agias Fylaxeos,0
2026-09-09T17:12:48Z,2026-09-09T20:16:57.781336+03:00,_1,b84d78da062a,E110 - 1 Apriliou,E110 - 1 Apriliou,1
2026-09-09T17:12:48Z,2026-09-09T20:16:57.781336+03:00,_2,ce553bf36720,E110 - 1 Apriliou,E147 - Archiepiskopou Makariou III Ave,0
2026-09-09T17:12:48Z,2026-09-09T20:16:57.781336+03:00,_0,daca33dbcb0d,,Archiepiskopou Makariou III Ave,0
2026-09-09T17:12:48Z,2026-09-09T20:16:57.781336+03:00,_1,43f05193c4b0,Lemesou Ave,Archiepiskopou Makariou III Ave,2
2026-09-09T17:12:48Z,2026-09-09T20:16:57.781336+03:00,_2,8fab7dfc83f0,Lemesou Ave,Evagorou Ave,0
2026-09-09T17:22:54Z,2026-09-09T20:27:10.628850+03:00,_0,920305ee9a1e,E147 - Archiepiskopou Makariou III Ave,Agias Filaxeos,0
2026-09-09T17:22:54Z,2026-09-09T20:27:10.628850+03:00,_1,a4260c51b19c,Steliou Kyriakidi,,4
2026-09-09T17:22:54Z,2026-09-09T20:27:10.628850+03:00,_2,f5f94ff22484,Agias Filaxeos,E110,0
2026-09-09T17:22:54Z,2026-09-09T20:27:10.628850+03:00,_0,f2dad27e0b2c,E110,E110 - 1 Apriliou,0
2026-09-09T17:22:54Z,2026-09-09T20:27:10.628850+03:00,_1,0bc8a04884b8,E110 - 1 Apriliou,E110 - 1 Apriliou,3
2026-09-09T17:22:54Z,2026-09-09T20:27:10.628850+03:00,_2,261aaaee2b0e,E110 - 1 Apriliou,E110 - Agias Fylaxeos,0
2026-09-09T17:22:54Z,2026-09-09T20:27:10.628850+03:00,_3,be8f380c6acc,E110 - 1 Apriliou,E110 - 1 Apriliou,1
2026-09-09T17:22:54Z,2026-09-09T20:27:10.628850+03:00,_4,b6c994f673eb,E110 - 1 Apriliou,E114 - Agias Zonis,0
2026-09-09T17:22:54Z,2026-09-09T20:27:10.628850+03:00,_0,f914fff2547b,Leoforos Strovolou,E902 - Proedrikou Megarou Ave,0
2026-09-09T17:22:54Z,2026-09-09T20:27:10.628850+03:00,_1,568786a5b245,Strovolou Ave,Strovolou Ave,3
2026-09-09T17:22:54Z,2026-09-09T20:27:10.628850+03:00,_2,96c3ee6a9698,Strovolou Ave,E902 - Proedrikou Megarou Ave,0
2026-09-09T17:33:01Z,2026-09-09T20:37:22.698864+03:00,_0,920305ee9a1e,E147 - Archiepiskopou Makariou III Ave,Agias Filaxeos,0
2026-09-09T17:33:01Z,2026-09-09T20:37:22.698864+03:00,_1,a4260c51b19c,Steliou Kyriakidi,,4
2026-09-09T17:33:01Z,2026-09-09T20:37:22.698864+03:00,_2,f5f94ff22484,Agias Filaxeos,E110,0
2026-09-09T17:33:01Z,2026-09-09T20:37:22.698864+03:00,_0,c7cc2624ec90,E110,E110 - Agias Fylaxeos,0
2026-09-09T17:33:01Z,2026-09-09T20:37:22.698864+03:00,_1,ec321dd0289a,E110 - 1 Apriliou,E110 - 1 Apriliou,1
2026-09-09T17:33:01Z,2026-09-09T20:37:22.698864+03:00,_2,f006dd9a6675,E110 - 1 Apriliou,E114 - Agias Zonis,0
2026-09-09T17:33:01Z,2026-09-09T20:37:22.698864+03:00,_0,f914fff2547b,Leoforos Strovolou,E902 - Proedrikou Megarou Ave,0
2026-09-09T17:33:01Z,2026-09-09T20:37:22.698864+03:00,_1,568786a5b245,Strovolou Ave,Strovolou Ave,2
2026-09-09T17:33:01Z,2026-09-09T20:37:22.698864+03:00,_2,96c3ee6a9698,Strovolou Ave,E902 - Proedrikou Megarou Ave,0
2026-09-09T17:43:06Z,2026-09-09T20:47:35.533665+03:00,_0,920305ee9a1e,E147 - Archiepiskopou Makariou III Ave,Agias Filaxeos,0
2026-09-09T17:43:06Z,2026-09-09T20:47:35.533665+03:00,_1,a4260c51b19c,Steliou Kyriakidi,,2
2026-09-09T17:43:06Z,2026-09-09T20:47:35.533665+03:00,_2,f5f94ff22484,Agias Filaxeos,E110,0
2026-09-09T17:43:06Z,2026-09-09T20:47:35.533665+03:00,_0,f914fff2547b,Leoforos Strovolou,E902 - Proedrikou Megarou Ave,0
2026-09-09T17:43:06Z,2026-09-09T20:47:35.533665+03:00,_1,c04a316c4fdd,Strovolou Ave,E902 - Proedrikou Megarou Ave,3
2026-09-09T17:43:06Z,2026-09-09T20:47:35.533665+03:00,_2,c6ac6530f2b9,Strovolou Ave,E902 - Proedrikou Megarou Ave,0
2026-09-09T17:53:11Z,2026-09-09T20:57:48.772542+03:00,_0,f914fff2547b,Leoforos Strovolou,E902 - Proedrikou Megarou Ave,0
2026-09-09T17:53:11Z,2026-09-09T20:57:48.772542+03:00,_1,568786a5b245,Strovolou Ave,Strovolou Ave,1
2026-09-09T17:53:11Z,2026-09-09T20:57:48.772542+03:00,_2,96c3ee6a9698,Strovolou Ave,E902 - Proedrikou Megarou Ave,0
2026-09-09T22:03:44Z,2026-09-10T01:07:41.642690+03:00,_0,07b7eb11e965,E147 - Archiepiskopou Makariou III Ave,E110 - 1 Apriliou,0
2026-09-09T22:03:44Z,2026-09-10T01:07:41.642690+03:00,_1,9f4f77006632,E110 - 1 Apriliou,E110 - Eleftherias,3
2026-09-09T22:03:44Z,2026-09-10T01:07:41.642690+03:00,_2,c97b954fcb12,E110 - 1 Apriliou,E110,0
2026-09-09T22:23:53Z,2026-09-10T01:28:09.935457+03:00,_0,eec02322d00c,E147 - Archiepiskopou Makariou III Ave,E110 - 1 Apriliou,0
2026-09-09T22:23:53Z,2026-09-10T01:28:09.935457+03:00,_1,3a270783b031,E110 - 1 Apriliou,E110 - 1 Apriliou,2
2026-09-09T22:23:53Z,2026-09-10T01:28:09.935457+03:00,_2,15f60bb25351,E110 - 1 Apriliou,E110,0
2026-09-09T22:33:57Z,2026-09-10T01:38:22.131228+03:00,_0,eec02322d00c,E147 - Archiepiskopou Makariou III Ave,E110 - 1 Apriliou,0
2026-09-09T22:33:57Z,2026-09-10T01:38:22.131228+03:00,_1,3a270783b031,E110 - 1 Apriliou,E110 - 1 Apriliou,2
2026-09-09T22:33:57Z,2026-09-10T01:38:22.131228+03:00,_2,15f60bb25351,E110 - 1 Apriliou,E110,0
2026-09-10T04:30:00Z,2026-09-10T07:34:58.966412+03:00,_0,5465bb1b887b,Strovolos,Lemesou Ave,4
2026-09-10T04:30:00Z,2026-09-10T07:34:58.966412+03:00,_1,2daef5aeccc3,Aglantzia,Lemesou Ave,0
2026-09-10T04:30:00Z,2026-09-10T07:34:58.966412+03:00,_2,ce775bebe806,Lemesou Ave,Archiepiskopou Makariou III Ave,3
2026-09-10T04:30:00Z,2026-09-10T07:34:58.966412+03:00,_0,e374d9d627ea,Leoforos Strovolou,E950 - Giannou Kranidioti,0
2026-09-10T04:30:00Z,2026-09-10T07:34:58.966412+03:00,_1,2031c67f67cf,E950 - Giannou Kranidioti,,4
2026-09-10T04:30:00Z,2026-09-10T07:34:58.966412+03:00,_2,69a80f64d7a2,E148 - Melinas Merkouri,Arch. Makariou III,0
2026-09-10T04:30:00Z,2026-09-10T07:34:58.966412+03:00,_3,616edd02de8a,E902 - Archiepiskopou Makariou III,Strovolou Ave,3
2026-09-10T04:30:00Z,2026-09-10T07:34:58.966412+03:00,_4,d9a357b56fe4,Strovolou Ave,Strovolou Ave,0
2026-09-10T04:30:00Z,2026-09-10T07:34:58.966412+03:00,_5,bdbe6bad6c04,Strovolou Ave,Strovolou Ave,2
2026-09-10T04:30:00Z,2026-09-10T07:34:58.966412+03:00,_6,b8f642ad4d94,Strovolou Ave,Strovolou Ave,0
2026-09-10T04:30:00Z,2026-09-10T07:34:58.966412+03:00,_7,3d2102da1e55,Strovolou Ave,E902 - Proedrikou Megarou Ave,4
2026-09-10T04:30:00Z,2026-09-10T07:34:58.966412+03:00,_8,c6ac6530f2b9,Strovolou Ave,E902 - Proedrikou Megarou Ave,3
2026-09-10T04:30:00Z,2026-09-10T07:34:58.966412+03:00,_0,2307db0caa09,E110,E110 - 1 Apriliou,0
2026-09-10T04:30:00Z,2026-09-10T07:34:58.966412+03:00,_1,218444f02773,E110 - 1 Apriliou,,4
2026-09-10T04:30:00Z,2026-09-10T07:34:58.966412+03:00,_2,3f45623fe452,E110 - Agias Fylaxeos,Spyrou Kyprianou Ave,0
2026-09-10T04:30:00Z,2026-09-10T07:34:58.966412+03:00,_3,5de66cbb9100,Spyrou Kyprianou Ave,E147 - Archiepiskopou Makariou III Ave,3
2026-09-10T04:30:00Z,2026-09-10T07:34:58.966412+03:00,_0,63b203163634,Episkopi,Kolossi,0
2026-09-10T04:30:00Z,2026-09-10T07:34:58.966412+03:00,_1,7bc63612acfb,Kolossi,A1,3
2026-09-10T04:30:00Z,2026-09-10T07:34:58.966412+03:00,_2,ae3a9bb54763,A6,Lemesos,2
2026-09-10T04:30:00Z,2026-09-10T07:34:58.966412+03:00,_3,d73a04fc5195,Mesa Geitonia,Germasogeia,0
2026-09-10T04:30:00Z,2026-09-10T07:34:58.966412+03:00,_0,d42abe0fedf4,E147 - Archiepiskopou Makariou III Ave,Agias Filaxeos,0
2026-09-10T04:30:00Z,2026-09-10T07:34:58.966412+03:00,_1,5bbc13ff3408,Agias Filaxeos,Agias Filaxeos,4
2026-09-10T04:30:00Z,2026-09-10T07:34:58.966412+03:00,_2,3c822276d5cc,Spyrou Kyprianou Ave,Agias Filaxeos,0
2026-09-10T04:30:00Z,2026-09-10T07:34:58.966412+03:00,_3,a4260c51b19c,Steliou Kyriakidi,,4
2026-09-10T04:30:00Z,2026-09-10T07:34:58.966412+03:00,_4,6450b658a1b7,Agias Filaxeos,E110 - 1 Apriliou,0
2026-09-10T04:30:00Z,2026-09-10T07:34:58.966412+03:00,_5,da07aeb453d2,E110 - 1 Apriliou,E110 - Eleftherias,3
2026-09-10T04:30:00Z,2026-09-10T07:34:58.966412+03:00,_6,c97b954fcb12,E110 - 1 Apriliou,E110,0
2026-09-10T04:30:00Z,2026-09-10T07:34:58.966412+03:00,_0,078bc587a921,Exit 24 >E127 Germasogeia / E113 Lemesos-Centre,Agios Athanasios,0
2026-09-10T04:30:00Z,2026-09-10T07:34:58.966412+03:00,_1,8c2f2606ebf9,Agios Athanasios,A6,2
2026-09-10T04:30:00Z,2026-09-10T07:34:58.966412+03:00,_2,fcc252ee8f23,A1,Kato Polemidia,3
2026-09-10T04:30:00Z,2026-09-10T07:34:58.966412+03:00,_3,5052820d4346,A1,"to A6 > Pafos, Pafos Airport",0
2026-09-10T04:30:00Z,2026-09-10T07:34:58.966412+03:00,_0,72bcef6f568e,,Kolossi,0
2026-09-10T04:30:00Z,2026-09-10T07:34:58.966412+03:00,_1,7bc63612acfb,Kolossi,A1,3
2026-09-10T04:30:00Z,2026-09-10T07:34:58.966412+03:00,_2,ae3a9bb54763,A6,Lemesos,2
2026-09-10T04:30:00Z,2026-09-10T07:34:58.966412+03:00,_3,a26f2977dc2f,Mesa Geitonia,Latsia,0
2026-09-10T04:30:00Z,2026-09-10T07:34:58.966412+03:00,_4,5465bb1b887b,Latsia,Lemesou Ave,4
2026-09-10T04:30:00Z,2026-09-10T07:34:58.966412+03:00,_5,2daef5aeccc3,Aglantzia,Lemesou Ave,0
2026-09-10T04:30:00Z,2026-09-10T07:34:58.966412+03:00,_6,1c8a2af02150,Lemesou Ave,Archiepiskopou Makariou III Ave,3
2026-09-10T04:30:00Z,2026-09-10T07:34:58.966412+03:00,_7,8fab7dfc83f0,Lemesou Ave,Evagorou Ave,0
2026-09-10T04:40:10Z,2026-09-10T07:45:08.705623+03:00,_0,5465bb1b887b,Strovolos,Lemesou Ave,4
2026-09-10T04:40:10Z,2026-09-10T07:45:08.705623+03:00,_1,2daef5aeccc3,Aglantzia,Lemesou Ave,0
2026-09-10T04:40:10Z,2026-09-10T07:45:08.705623+03:00,_2,ce775bebe806,E121 - RIK Ave,Archiepiskopou Makariou III Ave,3
2026-09-10T04:40:10Z,2026-09-10T07:45:08.705623+03:00,_0,e374d9d627ea,Leoforos Strovolou,E950 - Giannou Kranidioti,0
2026-09-10T04:40:10Z,2026-09-10T07:45:08.705623+03:00,_1,2031c67f67cf,E950 - Giannou Kranidioti,,3
2026-09-10T04:40:10Z,2026-09-10T07:45:08.705623+03:00,_2,69a80f64d7a2,E148 - Melinas Merkouri,Arch. Makariou III,0
2026-09-10T04:40:10Z,2026-09-10T07:45:08.705623+03:00,_3,96604797984e,E902 - Archiepiskopou Makariou III,Arch. Makariou III,2
2026-09-10T04:40:10Z,2026-09-10T07:45:08.705623+03:00,_4,ce715814aa0e,Arch. Makariou III,Strovolou Ave,0
2026-09-10T04:40:10Z,2026-09-10T07:45:08.705623+03:00,_5,e9f646c8d0b2,Arch. Makariou III,Strovolou Ave,4
2026-09-10T04:40:10Z,2026-09-10T07:45:08.705623+03:00,_6,93fe8e2c54fe,to E902 Strovolou Ave / Lefkosia,Strovolou Ave,0
2026-09-10T04:40:10Z,2026-09-10T07:45:08.705623+03:00,_7,81fbbc01472d,to E902 Strovolou Ave / Lefkosia,E902 - Proedrikou Megarou Ave,4
2026-09-10T04:40:10Z,2026-09-10T07:45:08.705623+03:00,_8,c6ac6530f2b9,Strovolou Ave,E902 - Proedrikou Megarou Ave,3
2026-09-10T04:40:10Z,2026-09-10T07:45:08.705623+03:00,_0,b5a935136798,E110,E110 - 1 Apriliou,0
2026-09-10T04:40:10Z,2026-09-10T07:45:08.705623+03:00,_1,1d675a07ed2a,E110 - 1 Apriliou,,4
2026-09-10T04:40:10Z,2026-09-10T07:45:08.705623+03:00,_2,fa4ea973ce7c,E110 - Agias Fylaxeos,Agias Filaxeos,0
2026-09-10T04:40:10Z,2026-09-10T07:45:08.705623+03:00,_3,e20cb72a4d8d,Agias Filaxeos,E147 - Archiepiskopou Makariou III Ave,4
2026-09-10T04:40:10Z,2026-09-10T07:45:08.705623+03:00,_0,63b203163634,Episkopi,Kolossi,0
2026-09-10T04:40:10Z,2026-09-10T07:45:08.705623+03:00,_1,7bc63612acfb,Kolossi,A1,3
2026-09-10T04:40:10Z,2026-09-10T07:45:08.705623+03:00,_2,51a87f29a8d7,A6,Lemesos,2
2026-09-10T04:40:10Z,2026-09-10T07:45:08.705623+03:00,_3,4cc85bcdea4b,Lemesos,Germasogeia,0
2026-09-10T04:40:10Z,2026-09-10T07:45:08.705623+03:00,_0,178e737f043b,E147 - Archiepiskopou Makariou III Ave,Spyrou Kyprianou Ave,0
2026-09-10T04:40:10Z,2026-09-10T07:45:08.705623+03:00,_1,7e10077af08e,Agias Filaxeos,Spyrou Kyprianou Ave,3
2026-09-10T04:40:10Z,2026-09-10T07:45:08.705623+03:00,_2,bbd3d4041441,Spyrou Kyprianou Ave,Agias Filaxeos,0
2026-09-10T04:40:10Z,2026-09-10T07:45:08.705623+03:00,_3,a4260c51b19c,Steliou Kyriakidi,,4
2026-09-10T04:40:10Z,2026-09-10T07:45:08.705623+03:00,_4,2d3bbe3db6bd,Agias Filaxeos,E110 - 1 Apriliou,0
2026-09-10T04:40:10Z,2026-09-10T07:45:08.705623+03:00,_5,623ef58f32f7,E110 - 1 Apriliou,E110 - Eleftherias,3
2026-09-10T04:40:10Z,2026-09-10T07:45:08.705623+03:00,_6,c97b954fcb12,E110 - 1 Apriliou,E110,0
2026-09-10T04:40:10Z,2026-09-10T07:45:08.705623+03:00,_0,2459eb632a9a,Exit 24 >E127 Germasogeia / E113 Lemesos-Centre,Lemesos,0
2026-09-10T04:40:10Z,2026-09-10T07:45:08.705623+03:00,_1,830dda577c6e,Lemesos,A6,3
2026-09-10T04:40:10Z,2026-09-10T07:45:08.705623+03:00,_2,fcc252ee8f23,A1,Kato Polemidia,4
2026-09-10T04:40:10Z,2026-09-10T07:45:08.705623+03:00,_3,5052820d4346,A1,"to A6 > Pafos, Pafos Airport",0
2026-09-10T04:40:10Z,2026-09-10T07:45:08.705623+03:00,_0,72bcef6f568e,,Kolossi,0
2026-09-10T04:40:10Z,2026-09-10T07:45:08.705623+03:00,_1,7bc63612acfb,Kolossi,A1,3
2026-09-10T04:40:10Z,2026-09-10T07:45:08.705623+03:00,_2,51a87f29a8d7,A6,Lemesos,2
2026-09-10T04:40:10Z,2026-09-10T07:45:08.705623+03:00,_3,0d3b47ff8a0a,Lemesos,Latsia,0
2026-09-10T04:40:10Z,2026-09-10T07:45:08.705623+03:00,_4,5465bb1b887b,Latsia,Lemesou Ave,4
2026-09-10T04:40:10Z,2026-09-10T07:45:08.705623+03:00,_5,2daef5aeccc3,Aglantzia,Lemesou Ave,0
2026-09-10T04:40:10Z,2026-09-10T07:45:08.705623+03:00,_6,1c8a2af02150,E121 - RIK Ave,Archiepiskopou Makariou III Ave,3
2026-09-10T04:40:10Z,2026-09-10T07:45:08.705623+03:00,_7,8fab7dfc83f0,Lemesou Ave,Evagorou Ave,0
2026-09-10T04:50:40Z,2026-09-10T07:55:11.149365+03:00,_0,5465bb1b887b,Strovolos,Lemesou Ave,4
2026-09-10T04:50:40Z,2026-09-10T07:55:11.149365+03:00,_1,2daef5aeccc3,Aglantzia,Lemesou Ave,0
2026-09-10T04:50:40Z,2026-09-10T07:55:11.149365+03:00,_2,ce775bebe806,E121 - RIK Ave,Archiepiskopou Makariou III Ave,3
2026-09-10T04:50:40Z,2026-09-10T07:55:11.149365+03:00,_0,2b7ce8a61652,Leoforos Strovolou,Arch. Makariou III,0
2026-09-10T04:50:40Z,2026-09-10T07:55:11.149365+03:00,_1,7cd237968878,E902 - Archiepiskopou Makariou III,Strovolou Ave,2
2026-09-10T04:50:40Z,2026-09-10T07:55:11.149365+03:00,_2,f3d4fffbc3fc,Arch. Makariou III,Strovolou Ave,0
2026-09-10T04:50:40Z,2026-09-10T07:55:11.149365+03:00,_3,d6f130de8df2,to E902 Strovolou Ave / Lefkosia,Strovolou Ave,4
2026-09-10T04:50:40Z,2026-09-10T07:55:11.149365+03:00,_4,e5228899d997,to E902 Strovolou Ave / Lefkosia,Strovolou Ave,0
2026-09-10T04:50:40Z,2026-09-10T07:55:11.149365+03:00,_5,6cfab94cc192,to E902 Strovolou Ave / Lefkosia,E902 - Proedrikou Megarou Ave,4
2026-09-10T04:50:40Z,2026-09-10T07:55:11.149365+03:00,_0,c7cc2624ec90,E110,E110 - Agias Fylaxeos,0
2026-09-10T04:50:40Z,2026-09-10T07:55:11.149365+03:00,_1,977b92fdc886,E110 - 1 Apriliou,,4
2026-09-10T04:50:40Z,2026-09-10T07:55:11.149365+03:00,_2,94bd22476a9c,E110 - Agias Fylaxeos,E147 - Archiepiskopou Makariou III Ave,0
2026-09-10T04:50:40Z,2026-09-10T07:55:11.149365+03:00,_3,88697bca4b53,Agias Filaxeos,E147 - Archiepiskopou Makariou III Ave,4
2026-09-10T04:50:40Z,2026-09-10T07:55:11.149365+03:00,_0,63b203163634,Episkopi,Kolossi,0
2026-09-10T04:50:40Z,2026-09-10T07:55:11.149365+03:00,_1,7bc63612acfb,Kolossi,A1,4
2026-09-10T04:50:40Z,2026-09-10T07:55:11.149365+03:00,_2,ae3a9bb54763,A6,Lemesos,2
2026-09-10T04:50:40Z,2026-09-10T07:55:11.149365+03:00,_3,d73a04fc5195,Mesa Geitonia,Germasogeia,0
2026-09-10T04:50:40Z,2026-09-10T07:55:11.149365+03:00,_0,920305ee9a1e,E147 - Archiepiskopou Makariou III Ave,Agias Filaxeos,0
2026-09-10T04:50:40Z,2026-09-10T07:55:11.149365+03:00,_1,a4260c51b19c,Steliou Kyriakidi,,4
2026-09-10T04:50:40Z,2026-09-10T07:55:11.149365+03:00,_2,58db42ee5329,Agias Filaxeos,E110 - 1 Apriliou,0
2026-09-10T04:50:40Z,2026-09-10T07:55:11.149365+03:00,_3,b8c777372286,E110 - 1 Apriliou,E110 - 1 Apriliou,4
2026-09-10T04:50:40Z,2026-09-10T07:55:11.149365+03:00,_4,15f60bb25351,E110 - 1 Apriliou,E110,0
2026-09-10T04:50:40Z,2026-09-10T07:55:11.149365+03:00,_0,06afc6492b14,Exit 24 >E127 Germasogeia / E113 Lemesos-Centre,Germasogeia,3
2026-09-10T04:50:40Z,2026-09-10T07:55:11.149365+03:00,_1,307257218b8f,Agios Athanasios,Lemesos,0
2026-09-10T04:50:40Z,2026-09-10T07:55:11.149365+03:00,_2,3900eff701dc,Lemesos,Kato Polemidia,4
2026-09-10T04:50:40Z,2026-09-10T07:55:11.149365+03:00,_3,5052820d4346,A1,"to A6 > Pafos, Pafos Airport",0
2026-09-10T04:50:40Z,2026-09-10T07:55:11.149365+03:00,_0,72bcef6f568e,,Kolossi,0
2026-09-10T04:50:40Z,2026-09-10T07:55:11.149365+03:00,_1,7bc63612acfb,Kolossi,A1,4
2026-09-10T04:50:40Z,2026-09-10T07:55:11.149365+03:00,_2,ae3a9bb54763,A6,Lemesos,2
2026-09-10T04:50:40Z,2026-09-10T07:55:11.149365+03:00,_3,a26f2977dc2f,Mesa Geitonia,Latsia,0
2026-09-10T04:50:40Z,2026-09-10T07:55:11.149365+03:00,_4,5465bb1b887b,Latsia,Lemesou Ave,4
2026-09-10T04:50:40Z,2026-09-10T07:55:11.149365+03:00,_5,2daef5aeccc3,Aglantzia,Lemesou Ave,0
2026-09-10T04:50:40Z,2026-09-10T07:55:11.149365+03:00,_6,1c8a2af02150,E121 - RIK Ave,Archiepiskopou Makariou III Ave,3
2026-09-10T04:50:40Z,2026-09-10T07:55:11.149365+03:00,_7,7e9e53411917,Lemesou Ave,E1302 - Nikis Ave,0
2026-09-10T04:50:40Z,2026-09-10T07:55:11.149365+03:00,_8,910016111853,B18 - Georgiou Griva Digeni Ave,B18 - Georgiou Griva Digeni Ave,3
2026-09-10T04:50:40Z,2026-09-10T07:55:11.149365+03:00,_9,bbf67e32aa17,B18 - Georgiou Griva Digeni Ave,Evagorou Ave,0
2026-09-10T05:00:51Z,2026-09-10T08:05:15.387703+03:00,_0,5465bb1b887b,Strovolos,Lemesou Ave,4
2026-09-10T05:00:51Z,2026-09-10T08:05:15.387703+03:00,_1,2daef5aeccc3,Aglantzia,Lemesou Ave,0
2026-09-10T05:00:51Z,2026-09-10T08:05:15.387703+03:00,_2,ce775bebe806,E121 - RIK Ave,Archiepiskopou Makariou III Ave,3
2026-09-10T05:00:51Z,2026-09-10T08:05:15.387703+03:00,_0,c7cc2624ec90,E110,E110 - Agias Fylaxeos,0
2026-09-10T05:00:51Z,2026-09-10T08:05:15.387703+03:00,_1,977b92fdc886,E110 - 1 Apriliou,,4
2026-09-10T05:00:51Z,2026-09-10T08:05:15.387703+03:00,_2,bbe9f6312861,E110 - Agias Fylaxeos,Agias Filaxeos,0
2026-09-10T05:00:51Z,2026-09-10T08:05:15.387703+03:00,_3,b0dfb377a4d5,Agias Filaxeos,Agias Filaxeos,3
2026-09-10T05:00:51Z,2026-09-10T08:05:15.387703+03:00,_4,db3daaf94336,Agias Filaxeos,Agiou Artemiou,0
2026-09-10T05:00:51Z,2026-09-10T08:05:15.387703+03:00,_5,88697bca4b53,Agias Filaxeos,E147 - Archiepiskopou Makariou III Ave,3
2026-09-10T05:00:51Z,2026-09-10T08:05:15.387703+03:00,_0,b76325a3f599,Episkopi,Kolossi,0
2026-09-10T05:00:51Z,2026-09-10T08:05:15.387703+03:00,_1,4df261beeb51,Ypsonas,A1,3
2026-09-10T05:00:51Z,2026-09-10T08:05:15.387703+03:00,_2,fff43c710005,A6,Mesa Geitonia,2
2026-09-10T05:00:51Z,2026-09-10T08:05:15.387703+03:00,_3,68e80ae678c2,Agios Athanasios,Germasogeia,0
2026-09-10T05:00:51Z,2026-09-10T08:05:15.387703+03:00,_0,920305ee9a1e,E147 - Archiepiskopou Makariou III Ave,Agias Filaxeos,0
2026-09-10T05:00:51Z,2026-09-10T08:05:15.387703+03:00,_1,a4260c51b19c,Steliou Kyriakidi,,4
2026-09-10T05:00:51Z,2026-09-10T08:05:15.387703+03:00,_2,58db42ee5329,Agias Filaxeos,E110 - 1 Apriliou,0
2026-09-10T05:00:51Z,2026-09-10T08:05:15.387703+03:00,_3,9f4f77006632,E110 - 1 Apriliou,E110 - Eleftherias,3
2026-09-10T05:00:51Z,2026-09-10T08:05:15.387703+03:00,_4,c97b954fcb12,E110 - 1 Apriliou,E110,0
2026-09-10T05:00:51Z,2026-09-10T08:05:15.387703+03:00,_0,8e4859af249f,Leoforos Strovolou,Strovolou Ave,0
2026-09-10T05:00:51Z,2026-09-10T08:05:15.387703+03:00,_1,9bf214878f2a,to E902 Strovolou Ave / Lefkosia,Strovolou Ave,4
2026-09-10T05:00:51Z,2026-09-10T08:05:15.387703+03:00,_2,93fe8e2c54fe,to E902 Strovolou Ave / Lefkosia,Strovolou Ave,0
2026-09-10T05:00:51Z,2026-09-10T08:05:15.387703+03:00,_3,81fbbc01472d,to E902 Strovolou Ave / Lefkosia,E902 - Proedrikou Megarou Ave,4
2026-09-10T05:00:51Z,2026-09-10T08:05:15.387703+03:00,_4,c6ac6530f2b9,Strovolou Ave,E902 - Proedrikou Megarou Ave,3
2026-09-10T05:00:51Z,2026-09-10T08:05:15.387703+03:00,_0,06afc6492b14,Exit 24 >E127 Germasogeia / E113 Lemesos-Centre,Germasogeia,3
2026-09-10T05:00:51Z,2026-09-10T08:05:15.387703+03:00,_1,307257218b8f,Agios Athanasios,Lemesos,0
2026-09-10T05:00:51Z,2026-09-10T08:05:15.387703+03:00,_2,3900eff701dc,Lemesos,Kato Polemidia,4
2026-09-10T05:00:51Z,2026-09-10T08:05:15.387703+03:00,_3,5052820d4346,A1,"to A6 > Pafos, Pafos Airport",0
2026-09-10T05:00:51Z,2026-09-10T08:05:15.387703+03:00,_0,8a6c0d25f14e,,Kolossi,0
2026-09-10T05:00:51Z,2026-09-10T08:05:15.387703+03:00,_1,4df261beeb51,Ypsonas,A1,3
2026-09-10T05:00:51Z,2026-09-10T08:05:15.387703+03:00,_2,fff43c710005,A6,Mesa Geitonia,2
2026-09-10T05:00:51Z,2026-09-10T08:05:15.387703+03:00,_3,1447eb577a79,Agios Athanasios,Latsia,0
2026-09-10T05:00:51Z,2026-09-10T08:05:15.387703+03:00,_4,5465bb1b887b,Latsia,Lemesou Ave,4
2026-09-10T05:00:51Z,2026-09-10T08:05:15.387703+03:00,_5,2daef5aeccc3,Aglantzia,Lemesou Ave,0
2026-09-10T05:00:51Z,2026-09-10T08:05:15.387703+03:00,_6,1c8a2af02150,E121 - RIK Ave,Archiepiskopou Makariou III Ave,3
2026-09-10T05:00:51Z,2026-09-10T08:05:15.387703+03:00,_7,7e9e53411917,Lemesou Ave,E1302 - Nikis Ave,0
2026-09-10T05:00:51Z,2026-09-10T08:05:15.387703+03:00,_8,910016111853,B18 - Georgiou Griva Digeni Ave,B18 - Georgiou Griva Digeni Ave,3
2026-09-10T05:00:51Z,2026-09-10T08:05:15.387703+03:00,_9,bbf67e32aa17,B18 - Georgiou Griva Digeni Ave,Evagorou Ave,0
2026-09-10T05:11:19Z,2026-09-10T08:16:15.843715+03:00,_0,a73ceba901e1,Strovolos,Strovolos,0
2026-09-10T05:11:19Z,2026-09-10T08:16:15.843715+03:00,_1,0b0229e2fb21,Strovolos,Lemesou Ave,4
2026-09-10T05:11:19Z,2026-09-10T08:16:15.843715+03:00,_2,2daef5aeccc3,Aglantzia,Lemesou Ave,0
2026-09-10T05:11:19Z,2026-09-10T08:16:15.843715+03:00,_3,ce775bebe806,E121 - RIK Ave,Archiepiskopou Makariou III Ave,4
2026-09-10T05:11:19Z,2026-09-10T08:16:15.843715+03:00,_0,5571d2934d78,E110,E110 - Agias Fylaxeos,0
2026-09-10T05:11:19Z,2026-09-10T08:16:15.843715+03:00,_1,9772dc616dfc,E110 - 1 Apriliou,E110 - 1 Apriliou,4
2026-09-10T05:11:19Z,2026-09-10T08:16:15.843715+03:00,_2,6a0e473fae9c,E110 - 1 Apriliou,E110 - 1 Apriliou,0
2026-09-10T05:11:19Z,2026-09-10T08:16:15.843715+03:00,_3,56bc0b79e714,E110 - 1 Apriliou,,4
2026-09-10T05:11:19Z,2026-09-10T08:16:15.843715+03:00,_4,bbe9f6312861,E110 - Agias Fylaxeos,Agias Filaxeos,0
2026-09-10T05:11:19Z,2026-09-10T08:16:15.843715+03:00,_5,c7626fee6f30,Agias Filaxeos,Agias Filaxeos,3
2026-09-10T05:11:19Z,2026-09-10T08:16:15.843715+03:00,_6,452c10cf0816,Agias Filaxeos,E147 - Archiepiskopou Makariou III Ave,0
2026-09-10T05:11:19Z,2026-09-10T08:16:15.843715+03:00,_7,535964c57235,Agias Filaxeos,E147 - Archiepiskopou Makariou III Ave,3
2026-09-10T05:11:19Z,2026-09-10T08:16:15.843715+03:00,_0,920305ee9a1e,E147 - Archiepiskopou Makariou III Ave,Agias Filaxeos,0
2026-09-10T05:11:19Z,2026-09-10T08:16:15.843715+03:00,_1,a4260c51b19c,Steliou Kyriakidi,,4
2026-09-10T05:11:19Z,2026-09-10T08:16:15.843715+03:00,_2,c0517c09c155,Agias Filaxeos,E110 - 1 Apriliou,0
2026-09-10T05:11:19Z,2026-09-10T08:16:15.843715+03:00,_3,9fa3ba27c775,E110 - Agias Fylaxeos,E110 - 1 Apriliou,2
2026-09-10T05:11:19Z,2026-09-10T08:16:15.843715+03:00,_4,12555517fc38,E110 - 1 Apriliou,E110 - 1 Apriliou,0
2026-09-10T05:11:19Z,2026-09-10T08:16:15.843715+03:00,_5,b8c777372286,E110 - 1 Apriliou,E110 - 1 Apriliou,3
2026-09-10T05:11:19Z,2026-09-10T08:16:15.843715+03:00,_6,15f60bb25351,E110 - 1 Apriliou,E110,0
2026-09-10T05:11:19Z,2026-09-10T08:16:15.843715+03:00,_0,7938a8813069,Leoforos Strovolou,Strovolou Ave,0
2026-09-10T05:11:19Z,2026-09-10T08:16:15.843715+03:00,_1,9fc8278a9766,Arch. Makariou III,Strovolou Ave,3
2026-09-10T05:11:19Z,2026-09-10T08:16:15.843715+03:00,_2,e5228899d997,to E902 Strovolou Ave / Lefkosia,Strovolou Ave,0
2026-09-10T05:11:19Z,2026-09-10T08:16:15.843715+03:00,_3,f1781d10861a,to E902 Strovolou Ave / Lefkosia,E902 - Proedrikou Megarou Ave,4
2026-09-10T05:11:19Z,2026-09-10T08:16:15.843715+03:00,_4,2e2860fdee90,Strovolou Ave,E902 - Proedrikou Megarou Ave,0
2026-09-10T05:11:19Z,2026-09-10T08:16:15.843715+03:00,_5,c6ac6530f2b9,Strovolou Ave,E902 - Proedrikou Megarou Ave,2
2026-09-10T05:11:19Z,2026-09-10T08:16:15.843715+03:00,_0,93ebb3fbad08,Episkopi,Ypsonas,0
2026-09-10T05:11:19Z,2026-09-10T08:16:15.843715+03:00,_1,efa8d7b03d38,Ypsonas,A1,3
2026-09-10T05:11:19Z,2026-09-10T08:16:15.843715+03:00,_2,51a87f29a8d7,A6,Lemesos,2
2026-09-10T05:11:19Z,2026-09-10T08:16:15.843715+03:00,_3,4cc85bcdea4b,Lemesos,Germasogeia,0
2026-09-10T05:11:19Z,2026-09-10T08:16:15.843715+03:00,_0,06afc6492b14,Exit 24 >E127 Germasogeia / E113 Lemesos-Centre,Germasogeia,2
2026-09-10T05:11:19Z,2026-09-10T08:16:15.843715+03:00,_1,c0f129731113,Agios Athanasios,Mesa Geitonia,0
2026-09-10T05:11:19Z,2026-09-10T08:16:15.843715+03:00,_2,544e75b283e1,Lemesos,A6,3
2026-09-10T05:11:19Z,2026-09-10T08:16:15.843715+03:00,_3,fcc252ee8f23,A1,Kato Polemidia,4
2026-09-10T05:11:19Z,2026-09-10T08:16:15.843715+03:00,_4,5052820d4346,A1,"to A6 > Pafos, Pafos Airport",0
2026-09-10T05:11:19Z,2026-09-10T08:16:15.843715+03:00,_0,c75f4551c6ff,,Ypsonas,0
2026-09-10T05:11:19Z,2026-09-10T08:16:15.843715+03:00,_1,efa8d7b03d38,Ypsonas,A1,3
2026-09-10T05:11:19Z,2026-09-10T08:16:15.843715+03:00,_2,51a87f29a8d7,A6,Lemesos,2
2026-09-10T05:11:19Z,2026-09-10T08:16:15.843715+03:00,_3,9f88d71b298a,Lemesos,Latsia,0
2026-09-10T05:11:19Z,2026-09-10T08:16:15.843715+03:00,_4,e684df651703,Latsia,Latsia,2
2026-09-10T05:11:19Z,2026-09-10T08:16:15.843715+03:00,_5,87867eab114c,Latsia,Latsia,0
2026-09-10T05:11:19Z,2026-09-10T08:16:15.843715+03:00,_6,0b0229e2fb21,Strovolos,Lemesou Ave,4
2026-09-10T05:11:19Z,2026-09-10T08:16:15.843715+03:00,_7,2daef5aeccc3,Aglantzia,Lemesou Ave,0
2026-09-10T05:11:19Z,2026-09-10T08:16:15.843715+03:00,_8,1c8a2af02150,E121 - RIK Ave,Archiepiskopou Makariou III Ave,4
2026-09-10T05:11:19Z,2026-09-10T08:16:15.843715+03:00,_9,d7c6c735ba17,Lemesou Ave,B18 - Georgiou Griva Digeni Ave,2
2026-09-10T05:11:19Z,2026-09-10T08:16:15.843715+03:00,_10,7c1a88e2db2c,Archiepiskopou Makariou III Ave,E1302 - Nikis Ave,0
2026-09-10T05:11:19Z,2026-09-10T08:16:15.843715+03:00,_11,910016111853,B18 - Georgiou Griva Digeni Ave,B18 - Georgiou Griva Digeni Ave,4
2026-09-10T05:11:19Z,2026-09-10T08:16:15.843715+03:00,_12,bbf67e32aa17,B18 - Georgiou Griva Digeni Ave,Evagorou Ave,0
2026-09-10T05:21:27Z,2026-09-10T08:26:15.841812+03:00,_0,4e76d1a3fa55,Strovolos,Strovolos,0
2026-09-10T05:21:27Z,2026-09-10T08:26:15.841812+03:00,_1,347fb184acdc,Strovolos,Lemesou Ave,4
2026-09-10T05:21:27Z,2026-09-10T08:26:15.841812+03:00,_2,8edbadfd3320,Aglantzia,E121 - RIK Ave,0
2026-09-10T05:21:27Z,2026-09-10T08:26:15.841812+03:00,_3,41184ea51257,A1,Archiepiskopou Makariou III Ave,4
2026-09-10T05:21:27Z,2026-09-10T08:26:15.841812+03:00,_0,f2dad27e0b2c,E110,E110 - 1 Apriliou,0
2026-09-10T05:21:27Z,2026-09-10T08:26:15.841812+03:00,_1,0bc8a04884b8,E110 - 1 Apriliou,E110 - 1 Apriliou,3
2026-09-10T05:21:27Z,2026-09-10T08:26:15.841812+03:00,_2,ab27793993be,E110 - 1 Apriliou,E110 - 1 Apriliou,0
2026-09-10T05:21:27Z,2026-09-10T08:26:15.841812+03:00,_3,f80d1b231dad,E110 - 1 Apriliou,E110 - Agias Fylaxeos,3
2026-09-10T05:21:27Z,2026-09-10T08:26:15.841812+03:00,_4,e50ca2ecb1e0,E110 - 1 Apriliou,,4
2026-09-10T05:21:27Z,2026-09-10T08:26:15.841812+03:00,_5,bbe9f6312861,E110 - Agias Fylaxeos,Agias Filaxeos,0
2026-09-10T05:21:27Z,2026-09-10T08:26:15.841812+03:00,_6,c7626fee6f30,Agias Filaxeos,Agias Filaxeos,3
2026-09-10T05:21:27Z,2026-09-10T08:26:15.841812+03:00,_7,fd1ec1f2cdf4,Agias Filaxeos,E147 - Archiepiskopou Makariou III Ave,0
2026-09-10T05:21:27Z,2026-09-10T08:26:15.841812+03:00,_8,676c339d8b55,Agias Filaxeos,E147 - Archiepiskopou Makariou III Ave,3
2026-09-10T05:21:27Z,2026-09-10T08:26:15.841812+03:00,_0,17538cbb44b5,E147 - Archiepiskopou Makariou III Ave,Spyrou Kyprianou Ave,0
2026-09-10T05:21:27Z,2026-09-10T08:26:15.841812+03:00,_1,03797d225532,Agias Filaxeos,Spyrou Kyprianou Ave,4
2026-09-10T05:21:27Z,2026-09-10T08:26:15.841812+03:00,_2,bbd3d4041441,Spyrou Kyprianou Ave,Agias Filaxeos,0
2026-09-10T05:21:27Z,2026-09-10T08:26:15.841812+03:00,_3,a4260c51b19c,Steliou Kyriakidi,,4
2026-09-10T05:21:27Z,2026-09-10T08:26:15.841812+03:00,_4,58db42ee5329,Agias Filaxeos,E110 - 1 Apriliou,0
2026-09-10T05:21:27Z,2026-09-10T08:26:15.841812+03:00,_5,9f4f77006632,E110 - 1 Apriliou,E110 - Eleftherias,2
2026-09-10T05:21:27Z,2026-09-10T08:26:15.841812+03:00,_6,c97b954fcb12,E110 - 1 Apriliou,E110,0
2026-09-10T05:21:27Z,2026-09-10T08:26:15.841812+03:00,_0,5661b3f9cb72,Leoforos Strovolou,E122 - Athinon,0
2026-09-10T05:21:27Z,2026-09-10T08:26:15.841812+03:00,_1,81fbbc01472d,to E902 Strovolou Ave / Lefkosia,E902 - Proedrikou Megarou Ave,4
2026-09-10T05:21:27Z,2026-09-10T08:26:15.841812+03:00,_2,c6ac6530f2b9,Strovolou Ave,E902 - Proedrikou Megarou Ave,1
2026-09-10T05:21:27Z,2026-09-10T08:26:15.841812+03:00,_0,93ebb3fbad08,Episkopi,Ypsonas,0
2026-09-10T05:21:27Z,2026-09-10T08:26:15.841812+03:00,_1,efa8d7b03d38,Ypsonas,A1,3
2026-09-10T05:21:27Z,2026-09-10T08:26:15.841812+03:00,_2,fff43c710005,A6,Mesa Geitonia,2
2026-09-10T05:21:27Z,2026-09-10T08:26:15.841812+03:00,_3,68e80ae678c2,Agios Athanasios,Germasogeia,0
2026-09-10T05:21:27Z,2026-09-10T08:26:15.841812+03:00,_0,06afc6492b14,Exit 24 >E127 Germasogeia / E113 Lemesos-Centre,Germasogeia,2
2026-09-10T05:21:27Z,2026-09-10T08:26:15.841812+03:00,_1,c0f129731113,Agios Athanasios,Mesa Geitonia,0
2026-09-10T05:21:27Z,2026-09-10T08:26:15.841812+03:00,_2,8f69c2edf627,Lemesos,Kato Polemidia,3
2026-09-10T05:21:27Z,2026-09-10T08:26:15.841812+03:00,_3,5052820d4346,A1,"to A6 > Pafos, Pafos Airport",0
2026-09-10T05:21:27Z,2026-09-10T08:26:15.841812+03:00,_0,c75f4551c6ff,,Ypsonas,0
2026-09-10T05:21:27Z,2026-09-10T08:26:15.841812+03:00,_1,efa8d7b03d38,Ypsonas,A1,3
2026-09-10T05:21:27Z,2026-09-10T08:26:15.841812+03:00,_2,fff43c710005,A6,Mesa Geitonia,2
2026-09-10T05:21:27Z,2026-09-10T08:26:15.841812+03:00,_3,59f06331ed69,Agios Athanasios,Strovolos,0
2026-09-10T05:21:27Z,2026-09-10T08:26:15.841812+03:00,_4,347fb184acdc,Strovolos,Lemesou Ave,4
2026-09-10T05:21:27Z,2026-09-10T08:26:15.841812+03:00,_5,8edbadfd3320,Aglantzia,E121 - RIK Ave,0
2026-09-10T05:21:27Z,2026-09-10T08:26:15.841812+03:00,_6,d89cc8aa71a4,A1,Archiepiskopou Makariou III Ave,4
2026-09-10T05:21:27Z,2026-09-10T08:26:15.841812+03:00,_7,7e9e53411917,Lemesou Ave,E1302 - Nikis Ave,0
2026-09-10T05:21:27Z,2026-09-10T08:26:15.841812+03:00,_8,910016111853,B18 - Georgiou Griva Digeni Ave,B18 - Georgiou Griva Digeni Ave,4
2026-09-10T05:21:27Z,2026-09-10T08:26:15.841812+03:00,_9,bbf67e32aa17,B18 - Georgiou Griva Digeni Ave,Evagorou Ave,0
2026-09-10T05:31:57Z,2026-09-10T08:36:56.187408+03:00,_0,d7fa998be72c,Strovolos,Strovolos,0
2026-09-10T05:31:57Z,2026-09-10T08:36:56.187408+03:00,_1,56258ee4f147,Strovolos,Lemesou Ave,4
2026-09-10T05:31:57Z,2026-09-10T08:36:56.187408+03:00,_2,e0e20f68c5b9,Aglantzia,E121 - RIK Ave,0
2026-09-10T05:31:57Z,2026-09-10T08:36:56.187408+03:00,_3,aa153912c8d2,A1,Archiepiskopou Makariou III Ave,4
2026-09-10T05:31:57Z,2026-09-10T08:36:56.187408+03:00,_0,5571d2934d78,E110,E110 - Agias Fylaxeos,0
2026-09-10T05:31:57Z,2026-09-10T08:36:56.187408+03:00,_1,4d40b5fe9ec1,E110 - 1 Apriliou,,4
2026-09-10T05:31:57Z,2026-09-10T08:36:56.187408+03:00,_2,bbe9f6312861,E110 - Agias Fylaxeos,Agias Filaxeos,0
2026-09-10T05:31:57Z,2026-09-10T08:36:56.187408+03:00,_3,c7626fee6f30,Agias Filaxeos,Agias Filaxeos,3
2026-09-10T05:31:57Z,2026-09-10T08:36:56.187408+03:00,_4,fd1ec1f2cdf4,Agias Filaxeos,E147 - Archiepiskopou Makariou III Ave,0
2026-09-10T05:31:57Z,2026-09-10T08:36:56.187408+03:00,_5,676c339d8b55,Agias Filaxeos,E147 - Archiepiskopou Makariou III Ave,4
2026-09-10T05:31:57Z,2026-09-10T08:36:56.187408+03:00,_0,15ae2e1d5817,E147 - Archiepiskopou Makariou III Ave,Agias Filaxeos,0
2026-09-10T05:31:57Z,2026-09-10T08:36:56.187408+03:00,_1,e0103df7d76d,Agias Filaxeos,Spyrou Kyprianou Ave,3
2026-09-10T05:31:57Z,2026-09-10T08:36:56.187408+03:00,_2,bbd3d4041441,Spyrou Kyprianou Ave,Agias Filaxeos,0
2026-09-10T05:31:57Z,2026-09-10T08:36:56.187408+03:00,_3,a4260c51b19c,Steliou Kyriakidi,,4
2026-09-10T05:31:57Z,2026-09-10T08:36:56.187408+03:00,_4,f5f94ff22484,Agias Filaxeos,E110,0
2026-09-10T05:31:57Z,2026-09-10T08:36:56.187408+03:00,_0,d5bdc56baada,Leoforos Strovolou,E902 - Archiepiskopou Makariou III,0
2026-09-10T05:31:57Z,2026-09-10T08:36:56.187408+03:00,_1,38c536e3143c,E950 - Panteli Katellari,E902 - Archiepiskopou Makariou III,1
2026-09-10T05:31:57Z,2026-09-10T08:36:56.187408+03:00,_2,a0ea7e786c2c,E950 - Panteli Katellari,Strovolou Ave,0
2026-09-10T05:31:57Z,2026-09-10T08:36:56.187408+03:00,_3,81fbbc01472d,to E902 Strovolou Ave / Lefkosia,E902 - Proedrikou Megarou Ave,4
2026-09-10T05:31:57Z,2026-09-10T08:36:56.187408+03:00,_4,c6ac6530f2b9,Strovolou Ave,E902 - Proedrikou Megarou Ave,0
2026-09-10T05:31:57Z,2026-09-10T08:36:56.187408+03:00,_0,93ebb3fbad08,Episkopi,Ypsonas,0
2026-09-10T05:31:57Z,2026-09-10T08:36:56.187408+03:00,_1,efa8d7b03d38,Ypsonas,A1,3
2026-09-10T05:31:57Z,2026-09-10T08:36:56.187408+03:00,_2,ae3a9bb54763,A6,Lemesos,2
2026-09-10T05:31:57Z,2026-09-10T08:36:56.187408+03:00,_3,d73a04fc5195,Mesa Geitonia,Germasogeia,0
2026-09-10T05:31:57Z,2026-09-10T08:36:56.187408+03:00,_0,06afc6492b14,Exit 24 >E127 Germasogeia / E113 Lemesos-Centre,Germasogeia,2
2026-09-10T05:31:57Z,2026-09-10T08:36:56.187408+03:00,_1,307257218b8f,Agios Athanasios,Lemesos,0
2026-09-10T05:31:57Z,2026-09-10T08:36:56.187408+03:00,_2,3900eff701dc,Lemesos,Kato Polemidia,3
2026-09-10T05:31:57Z,2026-09-10T08:36:56.187408+03:00,_3,5052820d4346,A1,"to A6 > Pafos, Pafos Airport",0
2026-09-10T05:31:57Z,2026-09-10T08:36:56.187408+03:00,_0,c75f4551c6ff,,Ypsonas,0
2026-09-10T05:31:57Z,2026-09-10T08:36:56.187408+03:00,_1,efa8d7b03d38,Ypsonas,A1,3
2026-09-10T05:31:57Z,2026-09-10T08:36:56.187408+03:00,_2,ae3a9bb54763,A6,Lemesos,2
2026-09-10T05:31:57Z,2026-09-10T08:36:56.187408+03:00,_3,fa250bca0f31,Mesa Geitonia,Strovolos,0
2026-09-10T05:31:57Z,2026-09-10T08:36:56.187408+03:00,_4,56258ee4f147,Strovolos,Lemesou Ave,4
2026-09-10T05:31:57Z,2026-09-10T08:36:56.187408+03:00,_5,e0e20f68c5b9,Aglantzia,E121 - RIK Ave,0
2026-09-10T05:31:57Z,2026-09-10T08:36:56.187408+03:00,_6,0b2dd42a8bf5,A1,Archiepiskopou Makariou III Ave,4
2026-09-10T05:31:57Z,2026-09-10T08:36:56.187408+03:00,_7,7e9e53411917,Lemesou Ave,E1302 - Nikis Ave,0
2026-09-10T05:31:57Z,2026-09-10T08:36:56.187408+03:00,_8,910016111853,B18 - Georgiou Griva Digeni Ave,B18 - Georgiou Griva Digeni Ave,4
2026-09-10T05:31:57Z,2026-09-10T08:36:56.187408+03:00,_9,bbf67e32aa17,B18 - Georgiou Griva Digeni Ave,Evagorou Ave,0
2026-09-10T05:42:06Z,2026-09-10T08:46:15.740857+03:00,_0,4e76d1a3fa55,Strovolos,Strovolos,0
2026-09-10T05:42:06Z,2026-09-10T08:46:15.740857+03:00,_1,347fb184acdc,Strovolos,Lemesou Ave,4
2026-09-10T05:42:06Z,2026-09-10T08:46:15.740857+03:00,_2,e0e20f68c5b9,Aglantzia,E121 - RIK Ave,0
2026-09-10T05:42:06Z,2026-09-10T08:46:15.740857+03:00,_3,aa153912c8d2,A1,Archiepiskopou Makariou III Ave,4
2026-09-10T05:42:06Z,2026-09-10T08:46:15.740857+03:00,_0,ed0f8536366e,E110,E110 - 1 Apriliou,0
2026-09-10T05:42:06Z,2026-09-10T08:46:15.740857+03:00,_1,32c2745803b6,E110 - Eleftherias,E110 - 1 Apriliou,2
2026-09-10T05:42:06Z,2026-09-10T08:46:15.740857+03:00,_2,2c09272a5a94,E110 - 1 Apriliou,E110 - Agias Fylaxeos,0
2026-09-10T05:42:06Z,2026-09-10T08:46:15.740857+03:00,_3,4d40b5fe9ec1,E110 - 1 Apriliou,,4
2026-09-10T05:42:06Z,2026-09-10T08:46:15.740857+03:00,_4,19d45cd96312,E110 - Agias Fylaxeos,E147 - Archiepiskopou Makariou III Ave,0
2026-09-10T05:42:06Z,2026-09-10T08:46:15.740857+03:00,_5,535964c57235,Agias Filaxeos,E147 - Archiepiskopou Makariou III Ave,4
2026-09-10T05:42:06Z,2026-09-10T08:46:15.740857+03:00,_0,12584efa288c,Episkopi,Ypsonas,0
2026-09-10T05:42:06Z,2026-09-10T08:46:15.740857+03:00,_1,4253853f3d46,Ypsonas,A1,3
2026-09-10T05:42:06Z,2026-09-10T08:46:15.740857+03:00,_2,fff43c710005,A6,Mesa Geitonia,2
2026-09-10T05:42:06Z,2026-09-10T08:46:15.740857+03:00,_3,68e80ae678c2,Agios Athanasios,Germasogeia,0
2026-09-10T05:42:06Z,2026-09-10T08:46:15.740857+03:00,_0,920305ee9a1e,E147 - Archiepiskopou Makariou III Ave,Agias Filaxeos,0
2026-09-10T05:42:06Z,2026-09-10T08:46:15.740857+03:00,_1,a4260c51b19c,Steliou Kyriakidi,,3
2026-09-10T05:42:06Z,2026-09-10T08:46:15.740857+03:00,_2,f5f94ff22484,Agias Filaxeos,E110,0
2026-09-10T05:42:06Z,2026-09-10T08:46:15.740857+03:00,_0,5661b3f9cb72,Leoforos Strovolou,E122 - Athinon,0
2026-09-10T05:42:06Z,2026-09-10T08:46:15.740857+03:00,_1,ab4fce6a8889,Strovolou Ave,E116 - Athalassis Ave,3
2026-09-10T05:42:06Z,2026-09-10T08:46:15.740857+03:00,_2,f7e3a498d80e,Strovolou Ave,E902 - Proedrikou Megarou Ave,0
2026-09-10T05:42:06Z,2026-09-10T08:46:15.740857+03:00,_3,c6ac6530f2b9,Strovolou Ave,E902 - Proedrikou Megarou Ave,2
2026-09-10T05:42:06Z,2026-09-10T08:46:15.740857+03:00,_0,06afc6492b14,Exit 24 >E127 Germasogeia / E113 Lemesos-Centre,Germasogeia,2
2026-09-10T05:42:06Z,2026-09-10T08:46:15.740857+03:00,_1,307257218b8f,Agios Athanasios,Lemesos,0
2026-09-10T05:42:06Z,2026-09-10T08:46:15.740857+03:00,_2,3900eff701dc,Lemesos,Kato Polemidia,3
2026-09-10T05:42:06Z,2026-09-10T08:46:15.740857+03:00,_3,5052820d4346,A1,"to A6 > Pafos, Pafos Airport",0
2026-09-10T05:42:06Z,2026-09-10T08:46:15.740857+03:00,_0,8f4656a3b06e,,Ypsonas,0
2026-09-10T05:42:06Z,2026-09-10T08:46:15.740857+03:00,_1,4253853f3d46,Ypsonas,A1,3
2026-09-10T05:42:06Z,2026-09-10T08:46:15.740857+03:00,_2,fff43c710005,A6,Mesa Geitonia,2
2026-09-10T05:42:06Z,2026-09-10T08:46:15.740857+03:00,_3,59f06331ed69,Agios Athanasios,Strovolos,0
2026-09-10T05:42:06Z,2026-09-10T08:46:15.740857+03:00,_4,347fb184acdc,Strovolos,Lemesou Ave,4
2026-09-10T05:42:06Z,2026-09-10T08:46:15.740857+03:00,_5,e0e20f68c5b9,Aglantzia,E121 - RIK Ave,0
2026-09-10T05:42:06Z,2026-09-10T08:46:15.740857+03:00,_6,0b2dd42a8bf5,A1,Archiepiskopou Makariou III Ave,4
2026-09-10T05:42:06Z,2026-09-10T08:46:15.740857+03:00,_7,d7c6c735ba17,Lemesou Ave,B18 - Georgiou Griva Digeni Ave,2
2026-09-10T05:42:06Z,2026-09-10T08:46:15.740857+03:00,_8,7c1a88e2db2c,Archiepiskopou Makariou III Ave,E1302 - Nikis Ave,0
2026-09-10T05:42:06Z,2026-09-10T08:46:15.740857+03:00,_9,910016111853,B18 - Georgiou Griva Digeni Ave,B18 - Georgiou Griva Digeni Ave,4
2026-09-10T05:42:06Z,2026-09-10T08:46:15.740857+03:00,_10,bbf67e32aa17,B18 - Georgiou Griva Digeni Ave,Evagorou Ave,0
2026-09-10T05:52:35Z,2026-09-10T08:57:33.303559+03:00,_0,4e76d1a3fa55,Strovolos,Strovolos,0
2026-09-10T05:52:35Z,2026-09-10T08:57:33.303559+03:00,_1,347fb184acdc,Strovolos,Lemesou Ave,4
2026-09-10T05:52:35Z,2026-09-10T08:57:33.303559+03:00,_2,3909c4aec98f,Aglantzia,Lemesou Ave,0
2026-09-10T05:52:35Z,2026-09-10T08:57:33.303559+03:00,_3,fedb3d094e5d,A1,Lemesou Ave,1
2026-09-10T05:52:35Z,2026-09-10T08:57:33.303559+03:00,_4,d6df578c88ea,E121 - RIK Ave,Lemesou Ave,0
2026-09-10T05:52:35Z,2026-09-10T08:57:33.303559+03:00,_5,8b530b355b26,Lemesou Ave,Archiepiskopou Makariou III Ave,3
2026-09-10T05:52:35Z,2026-09-10T08:57:33.303559+03:00,_0,18d60f6950ba,Leoforos Strovolou,E122 - Athinon,0
2026-09-10T05:52:35Z,2026-09-10T08:57:33.303559+03:00,_1,a5bc6fbada86,Strovolou Ave,E902 - Proedrikou Megarou Ave,4
2026-09-10T05:52:35Z,2026-09-10T08:57:33.303559+03:00,_2,c6ac6530f2b9,Strovolou Ave,E902 - Proedrikou Megarou Ave,3
2026-09-10T05:52:35Z,2026-09-10T08:57:33.303559+03:00,_0,920305ee9a1e,E147 - Archiepiskopou Makariou III Ave,Agias Filaxeos,0
2026-09-10T05:52:35Z,2026-09-10T08:57:33.303559+03:00,_1,a4260c51b19c,Steliou Kyriakidi,,4
2026-09-10T05:52:35Z,2026-09-10T08:57:33.303559+03:00,_2,f5f94ff22484,Agias Filaxeos,E110,0
2026-09-10T05:52:35Z,2026-09-10T08:57:33.303559+03:00,_0,402ea56cd952,Episkopi,Ypsonas,0
2026-09-10T05:52:35Z,2026-09-10T08:57:33.303559+03:00,_1,96cdc27daf1e,Kato Polemidia,A1,3
2026-09-10T05:52:35Z,2026-09-10T08:57:33.303559+03:00,_2,20bf25aa10a7,A6,Agios Athanasios,1
2026-09-10T05:52:35Z,2026-09-10T08:57:33.303559+03:00,_3,5fdfcdfdd36d,Agios Athanasios,Germasogeia,0
2026-09-10T05:52:35Z,2026-09-10T08:57:33.303559+03:00,_0,06afc6492b14,Exit 24 >E127 Germasogeia / E113 Lemesos-Centre,Germasogeia,2
2026-09-10T05:52:35Z,2026-09-10T08:57:33.303559+03:00,_1,74fc2e320923,Agios Athanasios,A6,0
2026-09-10T05:52:35Z,2026-09-10T08:57:33.303559+03:00,_2,fcc252ee8f23,A1,Kato Polemidia,3
2026-09-10T05:52:35Z,2026-09-10T08:57:33.303559+03:00,_3,5052820d4346,A1,"to A6 > Pafos, Pafos Airport",0
2026-09-10T05:52:35Z,2026-09-10T08:57:33.303559+03:00,_0,69a5af85def0,,Ypsonas,0
2026-09-10T05:52:35Z,2026-09-10T08:57:33.303559+03:00,_1,96cdc27daf1e,Kato Polemidia,A1,3
2026-09-10T05:52:35Z,2026-09-10T08:57:33.303559+03:00,_2,20bf25aa10a7,A6,Agios Athanasios,1
2026-09-10T05:52:35Z,2026-09-10T08:57:33.303559+03:00,_3,54102838a310,Agios Athanasios,Strovolos,0
2026-09-10T05:52:35Z,2026-09-10T08:57:33.303559+03:00,_4,347fb184acdc,Strovolos,Lemesou Ave,4
2026-09-10T05:52:35Z,2026-09-10T08:57:33.303559+03:00,_5,3909c4aec98f,Aglantzia,Lemesou Ave,0
2026-09-10T05:52:35Z,2026-09-10T08:57:33.303559+03:00,_6,fedb3d094e5d,A1,Lemesou Ave,1
2026-09-10T05:52:35Z,2026-09-10T08:57:33.303559+03:00,_7,d6df578c88ea,E121 - RIK Ave,Lemesou Ave,0
2026-09-10T05:52:35Z,2026-09-10T08:57:33.303559+03:00,_8,a841a3722c90,A1,B18 - Georgiou Griva Digeni Ave,3
2026-09-10T05:52:35Z,2026-09-10T08:57:33.303559+03:00,_9,7c1a88e2db2c,Archiepiskopou Makariou III Ave,E1302 - Nikis Ave,0
2026-09-10T05:52:35Z,2026-09-10T08:57:33.303559+03:00,_10,910016111853,B18 - Georgiou Griva Digeni Ave,B18 - Georgiou Griva Digeni Ave,4
2026-09-10T05:52:35Z,2026-09-10T08:57:33.303559+03:00,_11,bbf67e32aa17,B18 - Georgiou Griva Digeni Ave,Evagorou Ave,0
2026-09-10T06:02:47Z,2026-09-10T09:07:45.610657+03:00,_0,d7fa998be72c,Strovolos,Strovolos,0
2026-09-10T06:02:47Z,2026-09-10T09:07:45.610657+03:00,_1,56258ee4f147,Strovolos,Lemesou Ave,4
2026-09-10T06:02:47Z,2026-09-10T09:07:45.610657+03:00,_2,7c50b274239b,Aglantzia,E164 - Armenias,0
2026-09-10T06:02:47Z,2026-09-10T09:07:45.610657+03:00,_3,c57daf65c80e,Lemesou Ave,Archiepiskopou Makariou III Ave,3
2026-09-10T06:02:47Z,2026-09-10T09:07:45.610657+03:00,_0,044a01c053a4,E147 - Archiepiskopou Makariou III Ave,Agias Filaxeos,2
2026-09-10T06:02:47Z,2026-09-10T09:07:45.610657+03:00,_1,20b4b136c924,E147 - Archiepiskopou Makariou III Ave,Agias Filaxeos,0
2026-09-10T06:02:47Z,2026-09-10T09:07:45.610657+03:00,_2,a4260c51b19c,Steliou Kyriakidi,,4
2026-09-10T06:02:47Z,2026-09-10T09:07:45.610657+03:00,_3,58db42ee5329,Agias Filaxeos,E110 - 1 Apriliou,0
2026-09-10T06:02:47Z,2026-09-10T09:07:45.610657+03:00,_4,9f4f77006632,E110 - 1 Apriliou,E110 - Eleftherias,2
2026-09-10T06:02:47Z,2026-09-10T09:07:45.610657+03:00,_5,c97b954fcb12,E110 - 1 Apriliou,E110,0
2026-09-10T06:02:47Z,2026-09-10T09:07:45.610657+03:00,_0,18d60f6950ba,Leoforos Strovolou,E122 - Athinon,0
2026-09-10T06:02:47Z,2026-09-10T09:07:45.610657+03:00,_1,a5bc6fbada86,Strovolou Ave,E902 - Proedrikou Megarou Ave,4
2026-09-10T06:02:47Z,2026-09-10T09:07:45.610657+03:00,_2,c6ac6530f2b9,Strovolou Ave,E902 - Proedrikou Megarou Ave,0
2026-09-10T06:02:47Z,2026-09-10T09:07:45.610657+03:00,_0,f885a0fb098a,Episkopi,Kato Polemidia,0
2026-09-10T06:02:47Z,2026-09-10T09:07:45.610657+03:00,_1,c99a2a503a5c,Kato Polemidia,A1,2
2026-09-10T06:02:47Z,2026-09-10T09:07:45.610657+03:00,_2,fff43c710005,A6,Mesa Geitonia,1
2026-09-10T06:02:47Z,2026-09-10T09:07:45.610657+03:00,_3,68e80ae678c2,Agios Athanasios,Germasogeia,0
2026-09-10T06:02:47Z,2026-09-10T09:07:45.610657+03:00,_0,06afc6492b14,Exit 24 >E127 Germasogeia / E113 Lemesos-Centre,Germasogeia,3
2026-09-10T06:02:47Z,2026-09-10T09:07:45.610657+03:00,_1,74fc2e320923,Agios Athanasios,A6,0
2026-09-10T06:02:47Z,2026-09-10T09:07:45.610657+03:00,_2,fcc252ee8f23,A1,Kato Polemidia,4
2026-09-10T06:02:47Z,2026-09-10T09:07:45.610657+03:00,_3,5052820d4346,A1,"to A6 > Pafos, Pafos Airport",0
2026-09-10T06:02:47Z,2026-09-10T09:07:45.610657+03:00,_0,a3a211317758,,Kato Polemidia,0
2026-09-10T06:02:47Z,2026-09-10T09:07:45.610657+03:00,_1,c99a2a503a5c,Kato Polemidia,A1,2
2026-09-10T06:02:47Z,2026-09-10T09:07:45.610657+03:00,_2,fff43c710005,A6,Mesa Geitonia,1
2026-09-10T06:02:47Z,2026-09-10T09:07:45.610657+03:00,_3,45164d2228ac,Agios Athanasios,Strovolos,0
2026-09-10T06:02:47Z,2026-09-10T09:07:45.610657+03:00,_4,56258ee4f147,Strovolos,Lemesou Ave,4
2026-09-10T06:02:47Z,2026-09-10T09:07:45.610657+03:00,_5,7c50b274239b,Aglantzia,E164 - Armenias,0
2026-09-10T06:02:47Z,2026-09-10T09:07:45.610657+03:00,_6,aa4e044f126b,E121 - RIK Ave,B18 - Georgiou Griva Digeni Ave,3
2026-09-10T06:02:47Z,2026-09-10T09:07:45.610657+03:00,_7,7c1a88e2db2c,Archiepiskopou Makariou III Ave,E1302 - Nikis Ave,0
2026-09-10T06:02:47Z,2026-09-10T09:07:45.610657+03:00,_8,910016111853,B18 - Georgiou Griva Digeni Ave,B18 - Georgiou Griva Digeni Ave,4
2026-09-10T06:02:47Z,2026-09-10T09:07:45.610657+03:00,_9,bbf67e32aa17,B18 - Georgiou Griva Digeni Ave,Evagorou Ave,0
2026-09-10T06:12:57Z,2026-09-10T09:17:55.527415+03:00,_0,d7fa998be72c,Strovolos,Strovolos,0
2026-09-10T06:12:57Z,2026-09-10T09:17:55.527415+03:00,_1,56258ee4f147,Strovolos,Lemesou Ave,3
2026-09-10T06:12:57Z,2026-09-10T09:17:55.527415+03:00,_2,7c50b274239b,Aglantzia,E164 - Armenias,0
2026-09-10T06:12:57Z,2026-09-10T09:17:55.527415+03:00,_3,c57daf65c80e,Lemesou Ave,Archiepiskopou Makariou III Ave,3
2026-09-10T06:12:57Z,2026-09-10T09:17:55.527415+03:00,_0,d378a61872b1,E110,E110 - 1 Apriliou,0
2026-09-10T06:12:57Z,2026-09-10T09:17:55.527415+03:00,_1,d80a0ef12b4a,E110 - 1 Apriliou,,4
2026-09-10T06:12:57Z,2026-09-10T09:17:55.527415+03:00,_2,e33776a3a190,E110 - Agias Fylaxeos,Agias Filaxeos,0
2026-09-10T06:12:57Z,2026-09-10T09:17:55.527415+03:00,_3,0a5c4761a6b4,Agias Filaxeos,Agias Filaxeos,3
2026-09-10T06:12:57Z,2026-09-10T09:17:55.527415+03:00,_4,63550abc2b0b,Agias Filaxeos,Agiou Artemiou,0
2026-09-10T06:12:57Z,2026-09-10T09:17:55.527415+03:00,_5,88697bca4b53,Agias Filaxeos,E147 - Archiepiskopou Makariou III Ave,3
2026-09-10T06:12:57Z,2026-09-10T09:17:55.527415+03:00,_0,920305ee9a1e,E147 - Archiepiskopou Makariou III Ave,Agias Filaxeos,0
2026-09-10T06:12:57Z,2026-09-10T09:17:55.527415+03:00,_1,a4260c51b19c,Steliou Kyriakidi,,4
2026-09-10T06:12:57Z,2026-09-10T09:17:55.527415+03:00,_2,58db42ee5329,Agias Filaxeos,E110 - 1 Apriliou,0
2026-09-10T06:12:57Z,2026-09-10T09:17:55.527415+03:00,_3,9f4f77006632,E110 - 1 Apriliou,E110 - Eleftherias,1
2026-09-10T06:12:57Z,2026-09-10T09:17:55.527415+03:00,_4,c97b954fcb12,E110 - 1 Apriliou,E110,0
2026-09-10T06:12:57Z,2026-09-10T09:17:55.527415+03:00,_0,18d60f6950ba,Leoforos Strovolou,E122 - Athinon,0
2026-09-10T06:12:57Z,2026-09-10T09:17:55.527415+03:00,_1,b54de865a9d0,Strovolou Ave,E902 - Proedrikou Megarou Ave,3
2026-09-10T06:12:57Z,2026-09-10T09:17:55.527415+03:00,_2,96c3ee6a9698,Strovolou Ave,E902 - Proedrikou Megarou Ave,0
2026-09-10T06:12:57Z,2026-09-10T09:17:55.527415+03:00,_0,06afc6492b14,Exit 24 >E127 Germasogeia / E113 Lemesos-Centre,Germasogeia,3
2026-09-10T06:12:57Z,2026-09-10T09:17:55.527415+03:00,_1,74fc2e320923,Agios Athanasios,A6,0
2026-09-10T06:12:57Z,2026-09-10T09:17:55.527415+03:00,_2,fcc252ee8f23,A1,Kato Polemidia,2
2026-09-10T06:12:57Z,2026-09-10T09:17:55.527415+03:00,_3,5052820d4346,A1,"to A6 > Pafos, Pafos Airport",0
2026-09-10T06:12:57Z,2026-09-10T09:17:55.527415+03:00,_0,37e913d03e44,,Strovolos,0
2026-09-10T06:12:57Z,2026-09-10T09:17:55.527415+03:00,_1,56258ee4f147,Strovolos,Lemesou Ave,3
2026-09-10T06:12:57Z,2026-09-10T09:17:55.527415+03:00,_2,7c50b274239b,Aglantzia,E164 - Armenias,0
2026-09-10T06:12:57Z,2026-09-10T09:17:55.527415+03:00,_3,43f05193c4b0,Lemesou Ave,Archiepiskopou Makariou III Ave,3
2026-09-10T06:12:57Z,2026-09-10T09:17:55.527415+03:00,_4,5aa9f8d8c10c,Lemesou Ave,Archiepiskopou Makariou III Ave,0
2026-09-10T06:12:57Z,2026-09-10T09:17:55.527415+03:00,_5,e416e06b7bb8,Archiepiskopou Makariou III Ave,B18 - Georgiou Griva Digeni Ave,3
2026-09-10T06:12:57Z,2026-09-10T09:17:55.527415+03:00,_6,7c1a88e2db2c,Archiepiskopou Makariou III Ave,E1302 - Nikis Ave,0
2026-09-10T06:12:57Z,2026-09-10T09:17:55.527415+03:00,_7,910016111853,B18 - Georgiou Griva Digeni Ave,B18 - Georgiou Griva Digeni Ave,4
2026-09-10T06:12:57Z,2026-09-10T09:17:55.527415+03:00,_8,bbf67e32aa17,B18 - Georgiou Griva Digeni Ave,Evagorou Ave,0
2026-09-10T06:23:05Z,2026-09-10T09:28:03.820966+03:00,_0,a73ceba901e1,Strovolos,Strovolos,0
2026-09-10T06:23:05Z,2026-09-10T09:28:03.820966+03:00,_1,0b0229e2fb21,Strovolos,Lemesou Ave,3
2026-09-10T06:23:05Z,2026-09-10T09:28:03.820966+03:00,_2,7c50b274239b,Aglantzia,E164 - Armenias,0
2026-09-10T06:23:05Z,2026-09-10T09:28:03.820966+03:00,_3,c57daf65c80e,Lemesou Ave,Archiepiskopou Makariou III Ave,3
2026-09-10T06:23:05Z,2026-09-10T09:28:03.820966+03:00,_0,43286710d8e6,E110,E110 - 1 Apriliou,0
2026-09-10T06:23:05Z,2026-09-10T09:28:03.820966+03:00,_1,55eb501b9a43,E110 - 1 Apriliou,,4
2026-09-10T06:23:05Z,2026-09-10T09:28:03.820966+03:00,_2,e33776a3a190,E110 - Agias Fylaxeos,Agias Filaxeos,0
2026-09-10T06:23:05Z,2026-09-10T09:28:03.820966+03:00,_3,0a5c4761a6b4,Agias Filaxeos,Vasileos Georgiou II,4
2026-09-10T06:23:05Z,2026-09-10T09:28:03.820966+03:00,_4,fd1ec1f2cdf4,Agias Filaxeos,E147 - Archiepiskopou Makariou III Ave,0
2026-09-10T06:23:05Z,2026-09-10T09:28:03.820966+03:00,_5,676c339d8b55,Agias Filaxeos,E147 - Archiepiskopou Makariou III Ave,3
2026-09-10T06:23:05Z,2026-09-10T09:28:03.820966+03:00,_0,920305ee9a1e,E147 - Archiepiskopou Makariou III Ave,Agias Filaxeos,0
2026-09-10T06:23:05Z,2026-09-10T09:28:03.820966+03:00,_1,a4260c51b19c,Steliou Kyriakidi,,3
2026-09-10T06:23:05Z,2026-09-10T09:28:03.820966+03:00,_2,f5f94ff22484,Agias Filaxeos,E110,0
2026-09-10T06:23:05Z,2026-09-10T09:28:03.820966+03:00,_0,87b7d53833c2,Leoforos Strovolou,E122 - Athinon,0
2026-09-10T06:23:05Z,2026-09-10T09:28:03.820966+03:00,_1,4e91907eae2e,Strovolou Ave,E116 - Athalassis Ave,3
2026-09-10T06:23:05Z,2026-09-10T09:28:03.820966+03:00,_2,8c8b5efc93bd,Strovolou Ave,E902 - Proedrikou Megarou Ave,0
2026-09-10T06:23:05Z,2026-09-10T09:28:03.820966+03:00,_0,06afc6492b14,Exit 24 >E127 Germasogeia / E113 Lemesos-Centre,Germasogeia,3
2026-09-10T06:23:05Z,2026-09-10T09:28:03.820966+03:00,_1,0ec3fed9db46,Agios Athanasios,Kato Polemidia,0
2026-09-10T06:23:05Z,2026-09-10T09:28:03.820966+03:00,_2,2e4e38273012,Kato Polemidia,Kato Polemidia,2
2026-09-10T06:23:05Z,2026-09-10T09:28:03.820966+03:00,_3,5052820d4346,A1,"to A6 > Pafos, Pafos Airport",0
2026-09-10T06:23:05Z,2026-09-10T09:28:03.820966+03:00,_0,86b78b2bf136,,Lemesos,0
2026-09-10T06:23:05Z,2026-09-10T09:28:03.820966+03:00,_1,90228db01d85,Mesa Geitonia,Mesa Geitonia,1
2026-09-10T06:23:05Z,2026-09-10T09:28:03.820966+03:00,_2,c795ebb71464,Agios Athanasios,Latsia,0
2026-09-10T06:23:05Z,2026-09-10T09:28:03.820966+03:00,_3,0b0229e2fb21,Strovolos,Lemesou Ave,3
2026-09-10T06:23:05Z,2026-09-10T09:28:03.820966+03:00,_4,7c50b274239b,Aglantzia,E164 - Armenias,0
2026-09-10T06:23:05Z,2026-09-10T09:28:03.820966+03:00,_5,43f05193c4b0,Lemesou Ave,Archiepiskopou Makariou III Ave,3
2026-09-10T06:23:05Z,2026-09-10T09:28:03.820966+03:00,_6,19b5cd40e1bc,Lemesou Ave,Archiepiskopou Makariou III Ave,0
2026-09-10T06:23:05Z,2026-09-10T09:28:03.820966+03:00,_7,47dc1257bff6,Lemesou Ave,B18 - Georgiou Griva Digeni Ave,3
2026-09-10T06:23:05Z,2026-09-10T09:28:03.820966+03:00,_8,7c1a88e2db2c,Archiepiskopou Makariou III Ave,E1302 - Nikis Ave,0
2026-09-10T06:23:05Z,2026-09-10T09:28:03.820966+03:00,_9,910016111853,B18 - Georgiou Griva Digeni Ave,B18 - Georgiou Griva Digeni Ave,4
2026-09-10T06:23:05Z,2026-09-10T09:28:03.820966+03:00,_10,bbf67e32aa17,B18 - Georgiou Griva Digeni Ave,Evagorou Ave,0
2026-09-10T06:23:05Z,2026-09-10T09:28:03.820966+03:00,_0,10c2cf31d575,Episkopi,Lemesos,0
2026-09-10T06:23:05Z,2026-09-10T09:28:03.820966+03:00,_1,90228db01d85,Mesa Geitonia,Mesa Geitonia,1
2026-09-10T06:23:05Z,2026-09-10T09:28:03.820966+03:00,_2,68e80ae678c2,Agios Athanasios,Germasogeia,0
2026-09-10T06:33:16Z,2026-09-10T09:38:14.405011+03:00,_0,d7fa998be72c,Strovolos,Strovolos,0
2026-09-10T06:33:16Z,2026-09-10T09:38:14.405011+03:00,_1,56258ee4f147,Strovolos,Lemesou Ave,3
2026-09-10T06:33:16Z,2026-09-10T09:38:14.405011+03:00,_2,2eeb7481ceda,Aglantzia,E164 - Armenias,0
2026-09-10T06:33:16Z,2026-09-10T09:38:14.405011+03:00,_3,8b530b355b26,Lemesou Ave,Archiepiskopou Makariou III Ave,3
2026-09-10T06:33:16Z,2026-09-10T09:38:14.405011+03:00,_0,b5a935136798,E110,E110 - 1 Apriliou,0
2026-09-10T06:33:16Z,2026-09-10T09:38:14.405011+03:00,_1,1d675a07ed2a,E110 - 1 Apriliou,,3
2026-09-10T06:33:16Z,2026-09-10T09:38:14.405011+03:00,_2,e33776a3a190,E110 - Agias Fylaxeos,Agias Filaxeos,0
2026-09-10T06:33:16Z,2026-09-10T09:38:14.405011+03:00,_3,0a5c4761a6b4,Agias Filaxeos,Agias Filaxeos,3
2026-09-10T06:33:16Z,2026-09-10T09:38:14.405011+03:00,_4,63550abc2b0b,Agias Filaxeos,Agiou Artemiou,0
2026-09-10T06:33:16Z,2026-09-10T09:38:14.405011+03:00,_5,88697bca4b53,Agias Filaxeos,E147 - Archiepiskopou Makariou III Ave,4
2026-09-10T06:33:16Z,2026-09-10T09:38:14.405011+03:00,_0,09a9a74f6894,E147 - Archiepiskopou Makariou III Ave,E110 - 1 Apriliou,0
2026-09-10T06:33:16Z,2026-09-10T09:38:14.405011+03:00,_1,9fa3ba27c775,E110 - Agias Fylaxeos,E110 - 1 Apriliou,1
2026-09-10T06:33:16Z,2026-09-10T09:38:14.405011+03:00,_2,4acaef97cfb7,E110 - 1 Apriliou,E110,0
2026-09-10T06:33:16Z,2026-09-10T09:38:14.405011+03:00,_0,aaf73b6e9007,Leoforos Strovolou,E116 - Athalassis Ave,0
2026-09-10T06:33:16Z,2026-09-10T09:38:14.405011+03:00,_1,73e3e7cf90a1,Omirou,E902 - Proedrikou Megarou Ave,3
2026-09-10T06:33:16Z,2026-09-10T09:38:14.405011+03:00,_2,c6ac6530f2b9,Strovolou Ave,E902 - Proedrikou Megarou Ave,0
2026-09-10T06:33:16Z,2026-09-10T09:38:14.405011+03:00,_0,06afc6492b14,Exit 24 >E127 Germasogeia / E113 Lemesos-Centre,Germasogeia,2
2026-09-10T06:33:16Z,2026-09-10T09:38:14.405011+03:00,_1,3e1d75b9e16e,Agios Athanasios,"to A6 > Pafos, Pafos Airport",0
2026-09-10T06:33:16Z,2026-09-10T09:38:14.405011+03:00,_0,37e913d03e44,,Strovolos,0
2026-09-10T06:33:16Z,2026-09-10T09:38:14.405011+03:00,_1,56258ee4f147,Strovolos,Lemesou Ave,3
2026-09-10T06:33:16Z,2026-09-10T09:38:14.405011+03:00,_2,2eeb7481ceda,Aglantzia,E164 - Armenias,0
2026-09-10T06:33:16Z,2026-09-10T09:38:14.405011+03:00,_3,3dec49aff703,E121 - RIK Ave,Archiepiskopou Makariou III Ave,3
2026-09-10T06:33:16Z,2026-09-10T09:38:14.405011+03:00,_4,fa2fd78f5eb3,Lemesou Ave,Archiepiskopou Makariou III Ave,0
2026-09-10T06:33:16Z,2026-09-10T09:38:14.405011+03:00,_5,2f70270e55a2,Lemesou Ave,B18 - Georgiou Griva Digeni Ave,3
2026-09-10T06:33:16Z,2026-09-10T09:38:14.405011+03:00,_6,7c1a88e2db2c,Archiepiskopou Makariou III Ave,E1302 - Nikis Ave,0
2026-09-10T06:33:16Z,2026-09-10T09:38:14.405011+03:00,_7,910016111853,B18 - Georgiou Griva Digeni Ave,B18 - Georgiou Griva Digeni Ave,4
2026-09-10T06:33:16Z,2026-09-10T09:38:14.405011+03:00,_8,bbf67e32aa17,B18 - Georgiou Griva Digeni Ave,Evagorou Ave,0
2026-09-10T06:43:24Z,2026-09-10T09:48:22.294859+03:00,_0,4e76d1a3fa55,Strovolos,Strovolos,0
2026-09-10T06:43:24Z,2026-09-10T09:48:22.294859+03:00,_1,347fb184acdc,Strovolos,Lemesou Ave,3
2026-09-10T06:43:24Z,2026-09-10T09:48:22.294859+03:00,_2,c6e235d3222a,Aglantzia,Archiepiskopou Makariou III Ave,0
2026-09-10T06:43:24Z,2026-09-10T09:48:22.294859+03:00,_3,394713f228bd,Lemesou Ave,Lemesou Ave,3
2026-09-10T06:43:24Z,2026-09-10T09:48:22.294859+03:00,_0,07b7eb11e965,E147 - Archiepiskopou Makariou III Ave,E110 - 1 Apriliou,0
2026-09-10T06:43:24Z,2026-09-10T09:48:22.294859+03:00,_1,de7c5d112dc2,E110 - 1 Apriliou,E110 - Eleftherias,2
2026-09-10T06:43:24Z,2026-09-10T09:48:22.294859+03:00,_2,5f1fec2aa9f9,E110 - 1 Apriliou,E110,0
2026-09-10T06:43:24Z,2026-09-10T09:48:22.294859+03:00,_0,06afc6492b14,Exit 24 >E127 Germasogeia / E113 Lemesos-Centre,Germasogeia,2
2026-09-10T06:43:24Z,2026-09-10T09:48:22.294859+03:00,_1,3e1d75b9e16e,Agios Athanasios,"to A6 > Pafos, Pafos Airport",0
2026-09-10T06:43:24Z,2026-09-10T09:48:22.294859+03:00,_0,e9f083b24ade,,Strovolos,0
2026-09-10T06:43:24Z,2026-09-10T09:48:22.294859+03:00,_1,347fb184acdc,Strovolos,Lemesou Ave,3
2026-09-10T06:43:24Z,2026-09-10T09:48:22.294859+03:00,_2,c6e235d3222a,Aglantzia,Archiepiskopou Makariou III Ave,0
2026-09-10T06:43:24Z,2026-09-10T09:48:22.294859+03:00,_3,6efde239cabf,Lemesou Ave,Archiepiskopou Makariou III Ave,3
2026-09-10T06:43:24Z,2026-09-10T09:48:22.294859+03:00,_4,7e9e53411917,Lemesou Ave,E1302 - Nikis Ave,0
2026-09-10T06:43:24Z,2026-09-10T09:48:22.294859+03:00,_5,910016111853,B18 - Georgiou Griva Digeni Ave,B18 - Georgiou Griva Digeni Ave,4
2026-09-10T06:43:24Z,2026-09-10T09:48:22.294859+03:00,_6,bbf67e32aa17,B18 - Georgiou Griva Digeni Ave,Evagorou Ave,0
2026-09-10T06:43:24Z,2026-09-10T09:48:22.294859+03:00,_0,68c80e5ac67b,Leoforos Strovolou,E116 - Athalassis Ave,0
2026-09-10T06:43:24Z,2026-09-10T09:48:22.294859+03:00,_1,9806b23dbdae,Omirou,E902 - Proedrikou Megarou Ave,3
2026-09-10T06:43:24Z,2026-09-10T09:48:22.294859+03:00,_2,96c3ee6a9698,Strovolou Ave,E902 - Proedrikou Megarou Ave,0
2026-09-10T06:53:32Z,2026-09-10T09:58:30.306172+03:00,_0,d7fa998be72c,Strovolos,Strovolos,0
2026-09-10T06:53:32Z,2026-09-10T09:58:30.306172+03:00,_1,56258ee4f147,Strovolos,Lemesou Ave,4
2026-09-10T06:53:32Z,2026-09-10T09:58:30.306172+03:00,_2,7792802c8552,Aglantzia,Archiepiskopou Makariou III Ave,0
2026-09-10T06:53:32Z,2026-09-10T09:58:30.306172+03:00,_0,db379abb1dc7,Georgiou Neofytou,Spyrou Kyprianou Ave,0
2026-09-10T06:53:32Z,2026-09-10T09:58:30.306172+03:00,_1,d485409681ec,Spyrou Kyprianou Ave,Spyrou Kyprianou Ave,3
2026-09-10T06:53:32Z,2026-09-10T09:58:30.306172+03:00,_2,b16f06e86626,Spyrou Kyprianou Ave,Angelou Vlachou,0
2026-09-10T06:53:32Z,2026-09-10T09:58:30.306172+03:00,_0,06afc6492b14,Exit 24 >E127 Germasogeia / E113 Lemesos-Centre,Germasogeia,2
2026-09-10T06:53:32Z,2026-09-10T09:58:30.306172+03:00,_1,3e1d75b9e16e,Agios Athanasios,"to A6 > Pafos, Pafos Airport",0
2026-09-10T06:53:32Z,2026-09-10T09:58:30.306172+03:00,_0,37e913d03e44,,Strovolos,0
2026-09-10T06:53:32Z,2026-09-10T09:58:30.306172+03:00,_1,56258ee4f147,Strovolos,Lemesou Ave,4
2026-09-10T06:53:32Z,2026-09-10T09:58:30.306172+03:00,_2,f403275ce8d4,Aglantzia,Archiepiskopou Makariou III Ave,0
2026-09-10T06:53:32Z,2026-09-10T09:58:30.306172+03:00,_3,798c594a6669,Archiepiskopou Makariou III Ave,B18 - Georgiou Griva Digeni Ave,3
2026-09-10T06:53:32Z,2026-09-10T09:58:30.306172+03:00,_4,7c1a88e2db2c,Archiepiskopou Makariou III Ave,E1302 - Nikis Ave,0
2026-09-10T06:53:32Z,2026-09-10T09:58:30.306172+03:00,_5,910016111853,B18 - Georgiou Griva Digeni Ave,B18 - Georgiou Griva Digeni Ave,4
2026-09-10T06:53:32Z,2026-09-10T09:58:30.306172+03:00,_6,bbf67e32aa17,B18 - Georgiou Griva Digeni Ave,Evagorou Ave,0
2026-09-10T06:53:32Z,2026-09-10T09:58:30.306172+03:00,_0,aaf73b6e9007,Leoforos Strovolou,E116 - Athalassis Ave,0
2026-09-10T06:53:32Z,2026-09-10T09:58:30.306172+03:00,_1,e43fac5d0a5a,Strovolou Ave,E116 - Athalassis Ave,2
2026-09-10T06:53:32Z,2026-09-10T09:58:30.306172+03:00,_2,92d65c298345,E116 - Athalassis Ave,E902 - Proedrikou Megarou Ave,0
2026-09-10T07:03:41Z,2026-09-10T10:08:39.883119+03:00,_0,fe72ea2b224f,Strovolos,Lemesou Ave,0
2026-09-10T07:03:41Z,2026-09-10T10:08:39.883119+03:00,_1,1c3025f6d361,Strovolos,Lemesou Ave,4
2026-09-10T07:03:41Z,2026-09-10T10:08:39.883119+03:00,_2,7792802c8552,Aglantzia,Archiepiskopou Makariou III Ave,0
2026-09-10T07:03:41Z,2026-09-10T10:08:39.883119+03:00,_0,ed0f8536366e,E110,E110 - 1 Apriliou,0
2026-09-10T07:03:41Z,2026-09-10T10:08:39.883119+03:00,_1,32c2745803b6,E110 - Eleftherias,E110 - 1 Apriliou,2
2026-09-10T07:03:41Z,2026-09-10T10:08:39.883119+03:00,_2,3f327fcf98cf,E110 - Eleftherias,E110 - Agias Fylaxeos,0
2026-09-10T07:03:41Z,2026-09-10T10:08:39.883119+03:00,_3,e50ca2ecb1e0,E110 - 1 Apriliou,,3
2026-09-10T07:03:41Z,2026-09-10T10:08:39.883119+03:00,_4,e33776a3a190,E110 - Agias Fylaxeos,Agias Filaxeos,0
2026-09-10T07:03:41Z,2026-09-10T10:08:39.883119+03:00,_5,bb6b59580991,Agias Filaxeos,Spyrou Kyprianou Ave,3
2026-09-10T07:03:41Z,2026-09-10T10:08:39.883119+03:00,_6,bb80fa67265d,Agias Filaxeos,Agias Filaxeos,0
2026-09-10T07:03:41Z,2026-09-10T10:08:39.883119+03:00,_7,e20cb72a4d8d,Agias Filaxeos,E147 - Archiepiskopou Makariou III Ave,3
2026-09-10T07:03:41Z,2026-09-10T10:08:39.883119+03:00,_0,07b7eb11e965,E147 - Archiepiskopou Makariou III Ave,E110 - 1 Apriliou,0
2026-09-10T07:03:41Z,2026-09-10T10:08:39.883119+03:00,_1,9f4f77006632,E110 - 1 Apriliou,E110 - Eleftherias,3
2026-09-10T07:03:41Z,2026-09-10T10:08:39.883119+03:00,_2,c97b954fcb12,E110 - 1 Apriliou,E110,0
2026-09-10T07:03:41Z,2026-09-10T10:08:39.883119+03:00,_0,06afc6492b14,Exit 24 >E127 Germasogeia / E113 Lemesos-Centre,Germasogeia,2
2026-09-10T07:03:41Z,2026-09-10T10:08:39.883119+03:00,_1,3e1d75b9e16e,Agios Athanasios,"to A6 > Pafos, Pafos Airport",0
2026-09-10T07:03:41Z,2026-09-10T10:08:39.883119+03:00,_0,d0dc64f54734,,Lemesou Ave,0
2026-09-10T07:03:41Z,2026-09-10T10:08:39.883119+03:00,_1,1c3025f6d361,Strovolos,Lemesou Ave,4
2026-09-10T07:03:41Z,2026-09-10T10:08:39.883119+03:00,_2,ea43648373c1,Aglantzia,Archiepiskopou Makariou III Ave,0
2026-09-10T07:03:41Z,2026-09-10T10:08:39.883119+03:00,_3,47dc1257bff6,Lemesou Ave,B18 - Georgiou Griva Digeni Ave,3
2026-09-10T07:03:41Z,2026-09-10T10:08:39.883119+03:00,_4,7c1a88e2db2c,Archiepiskopou Makariou III Ave,E1302 - Nikis Ave,0
2026-09-10T07:03:41Z,2026-09-10T10:08:39.883119+03:00,_5,910016111853,B18 - Georgiou Griva Digeni Ave,B18 - Georgiou Griva Digeni Ave,4
2026-09-10T07:03:41Z,2026-09-10T10:08:39.883119+03:00,_6,bbf67e32aa17,B18 - Georgiou Griva Digeni Ave,Evagorou Ave,0
2026-09-10T07:03:41Z,2026-09-10T10:08:39.883119+03:00,_0,f2e2e28cb587,Leoforos Strovolou,E116 - Athalassis Ave,0
2026-09-10T07:03:41Z,2026-09-10T10:08:39.883119+03:00,_1,542eb985ba10,Strovolou Ave,E116 - Athalassis Ave,2
2026-09-10T07:03:41Z,2026-09-10T10:08:39.883119+03:00,_2,8c8b5efc93bd,Strovolou Ave,E902 - Proedrikou Megarou Ave,0
2026-09-10T11:09:47Z,2026-09-10T14:13:45.257443+03:00,_0,e840a4c3672b,E147 - Archiepiskopou Makariou III Ave,Steliou Kyriakidi,0
2026-09-10T11:09:47Z,2026-09-10T14:13:45.257443+03:00,_1,fbdd0e351f56,Ivykou,,4
2026-09-10T11:09:47Z,2026-09-10T14:13:45.257443+03:00,_2,f5f94ff22484,Agias Filaxeos,E110,0
2026-09-10T11:09:47Z,2026-09-10T14:13:45.257443+03:00,_0,fe72ea2b224f,Strovolos,Lemesou Ave,0
2026-09-10T11:09:47Z,2026-09-10T14:13:45.257443+03:00,_1,1c3025f6d361,Strovolos,Lemesou Ave,4
2026-09-10T11:09:47Z,2026-09-10T14:13:45.257443+03:00,_2,2eeb7481ceda,Aglantzia,E164 - Armenias,0
2026-09-10T11:09:47Z,2026-09-10T14:13:45.257443+03:00,_3,8b530b355b26,Lemesou Ave,Archiepiskopou Makariou III Ave,4
2026-09-10T11:09:47Z,2026-09-10T14:13:45.257443+03:00,_0,320e7f883c81,E110,E147 - Archiepiskopou Makariou III Ave,0
2026-09-10T11:09:47Z,2026-09-10T14:13:45.257443+03:00,_1,88697bca4b53,Agias Filaxeos,E147 - Archiepiskopou Makariou III Ave,3
2026-09-10T11:09:47Z,2026-09-10T14:13:45.257443+03:00,_0,d0dc64f54734,,Lemesou Ave,0
2026-09-10T11:09:47Z,2026-09-10T14:13:45.257443+03:00,_1,1c3025f6d361,Strovolos,Lemesou Ave,4
2026-09-10T11:09:47Z,2026-09-10T14:13:45.257443+03:00,_2,2eeb7481ceda,Aglantzia,E164 - Armenias,0
2026-09-10T11:09:47Z,2026-09-10T14:13:45.257443+03:00,_3,3dec49aff703,E121 - RIK Ave,Archiepiskopou Makariou III Ave,4
2026-09-10T11:09:47Z,2026-09-10T14:13:45.257443+03:00,_4,706a59856a4f,Lemesou Ave,E1302 - Nikis Ave,0
2026-09-10T11:09:47Z,2026-09-10T14:13:45.257443+03:00,_5,3ef37424cda6,E1302 - Nikis Ave,B18 - Georgiou Griva Digeni Ave,4
2026-09-10T11:09:47Z,2026-09-10T14:13:45.257443+03:00,_6,bbf67e32aa17,B18 - Georgiou Griva Digeni Ave,Evagorou Ave,0
2026-09-10T11:09:47Z,2026-09-10T14:13:45.257443+03:00,_0,2459eb632a9a,Exit 24 >E127 Germasogeia / E113 Lemesos-Centre,Lemesos,0
2026-09-10T11:09:47Z,2026-09-10T14:13:45.257443+03:00,_1,e1dac3423766,Lemesos,Lemesos,2
2026-09-10T11:09:47Z,2026-09-10T14:13:45.257443+03:00,_2,ef93f4872b51,Lemesos,"to A6 > Pafos, Pafos Airport",0
2026-09-10T11:20:17Z,2026-09-10T14:25:13.467533+03:00,_0,e840a4c3672b,E147 - Archiepiskopou Makariou III Ave,Steliou Kyriakidi,0
2026-09-10T11:20:17Z,2026-09-10T14:25:13.467533+03:00,_1,fbdd0e351f56,Ivykou,,4
2026-09-10T11:20:17Z,2026-09-10T14:25:13.467533+03:00,_2,f5f94ff22484,Agias Filaxeos,E110,0
2026-09-10T11:20:17Z,2026-09-10T14:25:13.467533+03:00,_0,fe72ea2b224f,Strovolos,Lemesou Ave,0
2026-09-10T11:20:17Z,2026-09-10T14:25:13.467533+03:00,_1,1c3025f6d361,Strovolos,Lemesou Ave,4
2026-09-10T11:20:17Z,2026-09-10T14:25:13.467533+03:00,_2,7c50b274239b,Aglantzia,E164 - Armenias,0
2026-09-10T11:20:17Z,2026-09-10T14:25:13.467533+03:00,_3,e9824d0075f7,Lemesou Ave,,2
2026-09-10T11:20:17Z,2026-09-10T14:25:13.467533+03:00,_4,91353c408128,,Lemesou Ave,0
2026-09-10T11:20:17Z,2026-09-10T14:25:13.467533+03:00,_0,320e7f883c81,E110,E147 - Archiepiskopou Makariou III Ave,0
2026-09-10T11:20:17Z,2026-09-10T14:25:13.467533+03:00,_1,88697bca4b53,Agias Filaxeos,E147 - Archiepiskopou Makariou III Ave,3
2026-09-10T11:20:17Z,2026-09-10T14:25:13.467533+03:00,_0,d0dc64f54734,,Lemesou Ave,0
2026-09-10T11:20:17Z,2026-09-10T14:25:13.467533+03:00,_1,1c3025f6d361,Strovolos,Lemesou Ave,4
2026-09-10T11:20:17Z,2026-09-10T14:25:13.467533+03:00,_2,7c50b274239b,Aglantzia,E164 - Armenias,0
2026-09-10T11:20:17Z,2026-09-10T14:25:13.467533+03:00,_3,e9824d0075f7,Lemesou Ave,,2
2026-09-10T11:20:17Z,2026-09-10T14:25:13.467533+03:00,_4,a84133578e83,,Evagorou Ave,0
2026-09-10T11:30:48Z,2026-09-10T14:35:46.554466+03:00,_0,69fc3b9dbbdd,Strovolos,Archiepiskopou Makariou III Ave,0
2026-09-10T11:30:48Z,2026-09-10T14:35:46.554466+03:00,_1,e9824d0075f7,Lemesou Ave,,3
2026-09-10T11:30:48Z,2026-09-10T14:35:46.554466+03:00,_2,91353c408128,,Lemesou Ave,0
2026-09-10T11:30:48Z,2026-09-10T14:35:46.554466+03:00,_0,920305ee9a1e,E147 - Archiepiskopou Makariou III Ave,Agias Filaxeos,0
2026-09-10T11:30:48Z,2026-09-10T14:35:46.554466+03:00,_1,a4260c51b19c,Steliou Kyriakidi,,4
2026-09-10T11:30:48Z,2026-09-10T14:35:46.554466+03:00,_2,f5f94ff22484,Agias Filaxeos,E110,0
2026-09-10T11:30:48Z,2026-09-10T14:35:46.554466+03:00,_0,72b03ff9b5bc,E110,E110 - Agias Fylaxeos,0
2026-09-10T11:30:48Z,2026-09-10T14:35:46.554466+03:00,_1,e50ca2ecb1e0,E110 - 1 Apriliou,,2
2026-09-10T11:30:48Z,2026-09-10T14:35:46.554466+03:00,_2,c8792afe581d,E110 - Agias Fylaxeos,E147 - Archiepiskopou Makariou III Ave,0
2026-09-10T11:30:48Z,2026-09-10T14:35:46.554466+03:00,_0,daca33dbcb0d,,Archiepiskopou Makariou III Ave,0
2026-09-10T11:30:48Z,2026-09-10T14:35:46.554466+03:00,_1,e9824d0075f7,Lemesou Ave,,3
2026-09-10T11:30:48Z,2026-09-10T14:35:46.554466+03:00,_2,91353c408128,,Lemesou Ave,0
2026-09-10T11:30:48Z,2026-09-10T14:35:46.554466+03:00,_3,660d388bb733,Lemesou Ave,Archiepiskopou Makariou III Ave,2
2026-09-10T11:30:48Z,2026-09-10T14:35:46.554466+03:00,_4,8fab7dfc83f0,Lemesou Ave,Evagorou Ave,0
2026-09-10T11:40:57Z,2026-09-10T14:45:10.591223+03:00,_0,a89f632a8881,Strovolos,Lemesou Ave,0
2026-09-10T11:40:57Z,2026-09-10T14:45:10.591223+03:00,_1,64039a076bda,Strovolos,Lemesou Ave,3
2026-09-10T11:40:57Z,2026-09-10T14:45:10.591223+03:00,_2,7c50b274239b,Aglantzia,E164 - Armenias,0
2026-09-10T11:40:57Z,2026-09-10T14:45:10.591223+03:00,_3,c57daf65c80e,Lemesou Ave,Archiepiskopou Makariou III Ave,3
2026-09-10T11:40:57Z,2026-09-10T14:45:10.591223+03:00,_0,920305ee9a1e,E147 - Archiepiskopou Makariou III Ave,Agias Filaxeos,0
2026-09-10T11:40:57Z,2026-09-10T14:45:10.591223+03:00,_1,a4260c51b19c,Steliou Kyriakidi,,4
2026-09-10T11:40:57Z,2026-09-10T14:45:10.591223+03:00,_2,f5f94ff22484,Agias Filaxeos,E110,0
2026-09-10T11:40:57Z,2026-09-10T14:45:10.591223+03:00,_0,df567d5dbf59,E110,E110 - Agias Fylaxeos,0
2026-09-10T11:40:57Z,2026-09-10T14:45:10.591223+03:00,_1,883ce04f7136,E110 - 1 Apriliou,,2
2026-09-10T11:40:57Z,2026-09-10T14:45:10.591223+03:00,_2,c8792afe581d,E110 - Agias Fylaxeos,E147 - Archiepiskopou Makariou III Ave,0
2026-09-10T11:40:57Z,2026-09-10T14:45:10.591223+03:00,_0,23e9d057024d,,Lemesou Ave,0
2026-09-10T11:40:57Z,2026-09-10T14:45:10.591223+03:00,_1,64039a076bda,Strovolos,Lemesou Ave,3
2026-09-10T11:40:57Z,2026-09-10T14:45:10.591223+03:00,_2,7c50b274239b,Aglantzia,E164 - Armenias,0
2026-09-10T11:40:57Z,2026-09-10T14:45:10.591223+03:00,_3,43f05193c4b0,Lemesou Ave,Archiepiskopou Makariou III Ave,3
2026-09-10T11:40:57Z,2026-09-10T14:45:10.591223+03:00,_4,8fab7dfc83f0,Lemesou Ave,Evagorou Ave,0
2026-09-10T11:51:02Z,2026-09-10T14:56:01.179558+03:00,_0,a89f632a8881,Strovolos,Lemesou Ave,0
2026-09-10T11:51:02Z,2026-09-10T14:56:01.179558+03:00,_1,64039a076bda,Strovolos,Lemesou Ave,3
2026-09-10T11:51:02Z,2026-09-10T14:56:01.179558+03:00,_2,7c50b274239b,Aglantzia,E164 - Armenias,0
2026-09-10T11:51:02Z,2026-09-10T14:56:01.179558+03:00,_3,c57daf65c80e,Lemesou Ave,Archiepiskopou Makariou III Ave,3
2026-09-10T11:51:02Z,2026-09-10T14:56:01.179558+03:00,_0,9e81f5db7a01,E147 - Archiepiskopou Makariou III Ave,Agias Filaxeos,3
2026-09-10T11:51:02Z,2026-09-10T14:56:01.179558+03:00,_1,c5bc8d4d08b3,E147 - Archiepiskopou Makariou III Ave,Agias Filaxeos,0
2026-09-10T11:51:02Z,2026-09-10T14:56:01.179558+03:00,_2,a4260c51b19c,Steliou Kyriakidi,,4
2026-09-10T11:51:02Z,2026-09-10T14:56:01.179558+03:00,_3,f5f94ff22484,Agias Filaxeos,E110,0
2026-09-10T11:51:02Z,2026-09-10T14:56:01.179558+03:00,_0,72b03ff9b5bc,E110,E110 - Agias Fylaxeos,0
2026-09-10T11:51:02Z,2026-09-10T14:56:01.179558+03:00,_1,e50ca2ecb1e0,E110 - 1 Apriliou,,3
2026-09-10T11:51:02Z,2026-09-10T14:56:01.179558+03:00,_2,c8792afe581d,E110 - Agias Fylaxeos,E147 - Archiepiskopou Makariou III Ave,0
2026-09-10T11:51:02Z,2026-09-10T14:56:01.179558+03:00,_0,23e9d057024d,,Lemesou Ave,0
2026-09-10T11:51:02Z,2026-09-10T14:56:01.179558+03:00,_1,64039a076bda,Strovolos,Lemesou Ave,3
2026-09-10T11:51:02Z,2026-09-10T14:56:01.179558+03:00,_2,7c50b274239b,Aglantzia,E164 - Armenias,0
2026-09-10T11:51:02Z,2026-09-10T14:56:01.179558+03:00,_3,43f05193c4b0,Lemesou Ave,Archiepiskopou Makariou III Ave,3
2026-09-10T11:51:02Z,2026-09-10T14:56:01.179558+03:00,_4,8fab7dfc83f0,Lemesou Ave,Evagorou Ave,0
2026-09-10T11:51:02Z,2026-09-10T14:56:01.179558+03:00,_0,04e0d90cca46,Leoforos Strovolou,E902 - Proedrikou Megarou Ave,0
2026-09-10T11:51:02Z,2026-09-10T14:56:01.179558+03:00,_1,2e2860fdee90,Strovolou Ave,E902 - Proedrikou Megarou Ave,3
2026-09-10T11:51:02Z,2026-09-10T14:56:01.179558+03:00,_2,c6ac6530f2b9,Strovolou Ave,E902 - Proedrikou Megarou Ave,0
2026-09-10T12:01:09Z,2026-09-10T15:05:24.542307+03:00,_0,a89f632a8881,Strovolos,Lemesou Ave,0
2026-09-10T12:01:09Z,2026-09-10T15:05:24.542307+03:00,_1,64039a076bda,Strovolos,Lemesou Ave,3
2026-09-10T12:01:09Z,2026-09-10T15:05:24.542307+03:00,_2,7c50b274239b,Aglantzia,E164 - Armenias,0
2026-09-10T12:01:09Z,2026-09-10T15:05:24.542307+03:00,_3,c57daf65c80e,Lemesou Ave,Archiepiskopou Makariou III Ave,3
2026-09-10T12:01:09Z,2026-09-10T15:05:24.542307+03:00,_0,9e81f5db7a01,E147 - Archiepiskopou Makariou III Ave,Agias Filaxeos,3
2026-09-10T12:01:09Z,2026-09-10T15:05:24.542307+03:00,_1,db8981d3bf8f,E147 - Archiepiskopou Makariou III Ave,E110,0
2026-09-10T12:01:09Z,2026-09-10T15:05:24.542307+03:00,_0,f2dad27e0b2c,E110,E110 - 1 Apriliou,0
2026-09-10T12:01:09Z,2026-09-10T15:05:24.542307+03:00,_1,0bc8a04884b8,E110 - 1 Apriliou,E110 - 1 Apriliou,3
2026-09-10T12:01:09Z,2026-09-10T15:05:24.542307+03:00,_2,3f327fcf98cf,E110 - Eleftherias,E110 - Agias Fylaxeos,0
2026-09-10T12:01:09Z,2026-09-10T15:05:24.542307+03:00,_3,e50ca2ecb1e0,E110 - 1 Apriliou,,2
2026-09-10T12:01:09Z,2026-09-10T15:05:24.542307+03:00,_4,c8792afe581d,E110 - Agias Fylaxeos,E147 - Archiepiskopou Makariou III Ave,0
2026-09-10T12:01:09Z,2026-09-10T15:05:24.542307+03:00,_0,23e9d057024d,,Lemesou Ave,0
2026-09-10T12:01:09Z,2026-09-10T15:05:24.542307+03:00,_1,64039a076bda,Strovolos,Lemesou Ave,3
2026-09-10T12:01:09Z,2026-09-10T15:05:24.542307+03:00,_2,7c50b274239b,Aglantzia,E164 - Armenias,0
2026-09-10T12:01:09Z,2026-09-10T15:05:24.542307+03:00,_3,43f05193c4b0,Lemesou Ave,Archiepiskopou Makariou III Ave,3
2026-09-10T12:01:09Z,2026-09-10T15:05:24.542307+03:00,_4,8fab7dfc83f0,Lemesou Ave,Evagorou Ave,0
2026-09-10T12:01:09Z,2026-09-10T15:05:24.542307+03:00,_0,f914fff2547b,Leoforos Strovolou,E902 - Proedrikou Megarou Ave,0
2026-09-10T12:01:09Z,2026-09-10T15:05:24.542307+03:00,_1,c04a316c4fdd,Strovolou Ave,E902 - Proedrikou Megarou Ave,3
2026-09-10T12:01:09Z,2026-09-10T15:05:24.542307+03:00,_2,c6ac6530f2b9,Strovolou Ave,E902 - Proedrikou Megarou Ave,0
2026-09-10T12:01:09Z,2026-09-10T15:05:24.542307+03:00,_0,2459eb632a9a,Exit 24 >E127 Germasogeia / E113 Lemesos-Centre,Lemesos,0
2026-09-10T12:01:09Z,2026-09-10T15:05:24.542307+03:00,_1,e1dac3423766,Lemesos,Lemesos,1
2026-09-10T12:01:09Z,2026-09-10T15:05:24.542307+03:00,_2,ef93f4872b51,Lemesos,"to A6 > Pafos, Pafos Airport",0
2026-09-10T12:11:21Z,2026-09-10T15:16:19.333770+03:00,_0,920305ee9a1e,E147 - Archiepiskopou Makariou III Ave,Agias Filaxeos,0
2026-09-10T12:11:21Z,2026-09-10T15:16:19.333770+03:00,_1,a4260c51b19c,Steliou Kyriakidi,,3
2026-09-10T12:11:21Z,2026-09-10T15:16:19.333770+03:00,_2,f5f94ff22484,Agias Filaxeos,E110,0
2026-09-10T12:11:21Z,2026-09-10T15:16:19.333770+03:00,_0,a89f632a8881,Strovolos,Lemesou Ave,0
2026-09-10T12:11:21Z,2026-09-10T15:16:19.333770+03:00,_1,64039a076bda,Strovolos,Lemesou Ave,2
2026-09-10T12:11:21Z,2026-09-10T15:16:19.333770+03:00,_2,7c50b274239b,Aglantzia,E164 - Armenias,0
2026-09-10T12:11:21Z,2026-09-10T15:16:19.333770+03:00,_3,c57daf65c80e,Lemesou Ave,Archiepiskopou Makariou III Ave,3
2026-09-10T12:11:21Z,2026-09-10T15:16:19.333770+03:00,_0,f2dad27e0b2c,E110,E110 - 1 Apriliou,0
2026-09-10T12:11:21Z,2026-09-10T15:16:19.333770+03:00,_1,0bc8a04884b8,E110 - 1 Apriliou,E110 - 1 Apriliou,2
2026-09-10T12:11:21Z,2026-09-10T15:16:19.333770+03:00,_2,3f327fcf98cf,E110 - Eleftherias,E110 - Agias Fylaxeos,0
2026-09-10T12:11:21Z,2026-09-10T15:16:19.333770+03:00,_3,e50ca2ecb1e0,E110 - 1 Apriliou,,3
2026-09-10T12:11:21Z,2026-09-10T15:16:19.333770+03:00,_4,c8792afe581d,E110 - Agias Fylaxeos,E147 - Archiepiskopou Makariou III Ave,0
2026-09-10T12:11:21Z,2026-09-10T15:16:19.333770+03:00,_0,23e9d057024d,,Lemesou Ave,0
2026-09-10T12:11:21Z,2026-09-10T15:16:19.333770+03:00,_1,64039a076bda,Strovolos,Lemesou Ave,2
2026-09-10T12:11:21Z,2026-09-10T15:16:19.333770+03:00,_2,7c50b274239b,Aglantzia,E164 - Armenias,0
2026-09-10T12:11:21Z,2026-09-10T15:16:19.333770+03:00,_3,43f05193c4b0,Lemesou Ave,Archiepiskopou Makariou III Ave,3
2026-09-10T12:11:21Z,2026-09-10T15:16:19.333770+03:00,_4,8fab7dfc83f0,Lemesou Ave,Evagorou Ave,0
2026-09-10T12:11:21Z,2026-09-10T15:16:19.333770+03:00,_0,8722f7172fdb,Leoforos Strovolou,E116 - Athalassis Ave,0
2026-09-10T12:11:21Z,2026-09-10T15:16:19.333770+03:00,_1,886b339bc694,Strovolou Ave,E902 - Proedrikou Megarou Ave,3
2026-09-10T12:11:21Z,2026-09-10T15:16:19.333770+03:00,_2,c6ac6530f2b9,Strovolou Ave,E902 - Proedrikou Megarou Ave,0
2026-09-10T12:11:21Z,2026-09-10T15:16:19.333770+03:00,_0,2459eb632a9a,Exit 24 >E127 Germasogeia / E113 Lemesos-Centre,Lemesos,0
2026-09-10T12:11:21Z,2026-09-10T15:16:19.333770+03:00,_1,e1dac3423766,Lemesos,Lemesos,1
2026-09-10T12:11:21Z,2026-09-10T15:16:19.333770+03:00,_2,ef93f4872b51,Lemesos,"to A6 > Pafos, Pafos Airport",0
2026-09-10T12:21:27Z,2026-09-10T15:26:15.879536+03:00,_0,af4b6e415491,Georgiou Neofytou,E114 - Archiepiskopou Makariou III Ave,0
2026-09-10T12:21:27Z,2026-09-10T15:26:15.879536+03:00,_1,8b66b409e0f2,Spyrou Kyprianou Ave,E114 - Archiepiskopou Makariou III Ave,4
2026-09-10T12:21:27Z,2026-09-10T15:26:15.879536+03:00,_2,170ca50cf9c5,E114 - Archiepiskopou Makariou III Ave,Angelou Vlachou,0
2026-09-10T12:21:27Z,2026-09-10T15:26:15.879536+03:00,_0,f2dad27e0b2c,E110,E110 - 1 Apriliou,0
2026-09-10T12:21:27Z,2026-09-10T15:26:15.879536+03:00,_1,0bc8a04884b8,E110 - 1 Apriliou,E110 - 1 Apriliou,2
2026-09-10T12:21:27Z,2026-09-10T15:26:15.879536+03:00,_2,3f327fcf98cf,E110 - Eleftherias,E110 - Agias Fylaxeos,0
2026-09-10T12:21:27Z,2026-09-10T15:26:15.879536+03:00,_3,e50ca2ecb1e0,E110 - 1 Apriliou,,3
2026-09-10T12:21:27Z,2026-09-10T15:26:15.879536+03:00,_4,c8792afe581d,E110 - Agias Fylaxeos,E147 - Archiepiskopou Makariou III Ave,0
2026-09-10T12:21:27Z,2026-09-10T15:26:15.879536+03:00,_0,920305ee9a1e,E147 - Archiepiskopou Makariou III Ave,Agias Filaxeos,0
2026-09-10T12:21:27Z,2026-09-10T15:26:15.879536+03:00,_1,a4260c51b19c,Steliou Kyriakidi,,3
2026-09-10T12:21:27Z,2026-09-10T15:26:15.879536+03:00,_2,f5f94ff22484,Agias Filaxeos,E110,0
2026-09-10T12:21:27Z,2026-09-10T15:26:15.879536+03:00,_0,a89f632a8881,Strovolos,Lemesou Ave,0
2026-09-10T12:21:27Z,2026-09-10T15:26:15.879536+03:00,_1,64039a076bda,Strovolos,Lemesou Ave,2
2026-09-10T12:21:27Z,2026-09-10T15:26:15.879536+03:00,_2,7c50b274239b,Aglantzia,E164 - Armenias,0
2026-09-10T12:21:27Z,2026-09-10T15:26:15.879536+03:00,_3,c57daf65c80e,Lemesou Ave,Archiepiskopou Makariou III Ave,3
2026-09-10T12:21:27Z,2026-09-10T15:26:15.879536+03:00,_0,23e9d057024d,,Lemesou Ave,0
2026-09-10T12:21:27Z,2026-09-10T15:26:15.879536+03:00,_1,64039a076bda,Strovolos,Lemesou Ave,2
2026-09-10T12:21:27Z,2026-09-10T15:26:15.879536+03:00,_2,7c50b274239b,Aglantzia,E164 - Armenias,0
2026-09-10T12:21:27Z,2026-09-10T15:26:15.879536+03:00,_3,43f05193c4b0,Lemesou Ave,Archiepiskopou Makariou III Ave,3
2026-09-10T12:21:27Z,2026-09-10T15:26:15.879536+03:00,_4,8fab7dfc83f0,Lemesou Ave,Evagorou Ave,0
2026-09-10T12:21:27Z,2026-09-10T15:26:15.879536+03:00,_0,f914fff2547b,Leoforos Strovolou,E902 - Proedrikou Megarou Ave,0
2026-09-10T12:21:27Z,2026-09-10T15:26:15.879536+03:00,_1,c04a316c4fdd,Strovolou Ave,E902 - Proedrikou Megarou Ave,3
2026-09-10T12:21:27Z,2026-09-10T15:26:15.879536+03:00,_2,c6ac6530f2b9,Strovolou Ave,E902 - Proedrikou Megarou Ave,0
2026-09-10T12:21:27Z,2026-09-10T15:26:15.879536+03:00,_0,2459eb632a9a,Exit 24 >E127 Germasogeia / E113 Lemesos-Centre,Lemesos,0
2026-09-10T12:21:27Z,2026-09-10T15:26:15.879536+03:00,_1,e1dac3423766,Lemesos,Lemesos,2
2026-09-10T12:21:27Z,2026-09-10T15:26:15.879536+03:00,_2,ef93f4872b51,Lemesos,"to A6 > Pafos, Pafos Airport",0
2026-09-10T12:31:32Z,2026-09-10T15:36:15.984863+03:00,_0,db379abb1dc7,Georgiou Neofytou,Spyrou Kyprianou Ave,0
2026-09-10T12:31:32Z,2026-09-10T15:36:15.984863+03:00,_1,bb8e26f01eed,Spyrou Kyprianou Ave,E114 - Archiepiskopou Makariou III Ave,3
2026-09-10T12:31:32Z,2026-09-10T15:36:15.984863+03:00,_2,170ca50cf9c5,E114 - Archiepiskopou Makariou III Ave,Angelou Vlachou,0
2026-09-10T12:31:32Z,2026-09-10T15:36:15.984863+03:00,_0,72b03ff9b5bc,E110,E110 - Agias Fylaxeos,0
2026-09-10T12:31:32Z,2026-09-10T15:36:15.984863+03:00,_1,e50ca2ecb1e0,E110 - 1 Apriliou,,3
2026-09-10T12:31:32Z,2026-09-10T15:36:15.984863+03:00,_2,c8792afe581d,E110 - Agias Fylaxeos,E147 - Archiepiskopou Makariou III Ave,0
2026-09-10T12:31:32Z,2026-09-10T15:36:15.984863+03:00,_0,920305ee9a1e,E147 - Archiepiskopou Makariou III Ave,Agias Filaxeos,0
2026-09-10T12:31:32Z,2026-09-10T15:36:15.984863+03:00,_1,a4260c51b19c,Steliou Kyriakidi,,4
2026-09-10T12:31:32Z,2026-09-10T15:36:15.984863+03:00,_2,f5f94ff22484,Agias Filaxeos,E110,0
2026-09-10T12:31:32Z,2026-09-10T15:36:15.984863+03:00,_0,69fc3b9dbbdd,Strovolos,Archiepiskopou Makariou III Ave,0
2026-09-10T12:31:32Z,2026-09-10T15:36:15.984863+03:00,_1,c57daf65c80e,Lemesou Ave,Archiepiskopou Makariou III Ave,3
2026-09-10T12:31:32Z,2026-09-10T15:36:15.984863+03:00,_0,daca33dbcb0d,,Archiepiskopou Makariou III Ave,0
2026-09-10T12:31:32Z,2026-09-10T15:36:15.984863+03:00,_1,43f05193c4b0,Lemesou Ave,Archiepiskopou Makariou III Ave,3
2026-09-10T12:31:32Z,2026-09-10T15:36:15.984863+03:00,_2,7e9e53411917,Lemesou Ave,E1302 - Nikis Ave,0
2026-09-10T12:31:32Z,2026-09-10T15:36:15.984863+03:00,_3,910016111853,B18 - Georgiou Griva Digeni Ave,B18 - Georgiou Griva Digeni Ave,4
2026-09-10T12:31:32Z,2026-09-10T15:36:15.984863+03:00,_4,be1978e23bd0,B18 - Georgiou Griva Digeni Ave,E165 - Themistokli Dervi,0
2026-09-10T12:31:32Z,2026-09-10T15:36:15.984863+03:00,_5,b0a1ff926f69,B18 - Georgiou Griva Digeni Ave,Evagorou Ave,3
2026-09-10T12:31:32Z,2026-09-10T15:36:15.984863+03:00,_6,bd60eb46198f,E165 - Themistokli Dervi,Evagorou Ave,0
2026-09-10T12:31:32Z,2026-09-10T15:36:15.984863+03:00,_0,06afc6492b14,Exit 24 >E127 Germasogeia / E113 Lemesos-Centre,Germasogeia,1
2026-09-10T12:31:32Z,2026-09-10T15:36:15.984863+03:00,_1,307257218b8f,Agios Athanasios,Lemesos,0
2026-09-10T12:31:32Z,2026-09-10T15:36:15.984863+03:00,_2,e1dac3423766,Lemesos,Lemesos,2
2026-09-10T12:31:32Z,2026-09-10T15:36:15.984863+03:00,_3,ef93f4872b51,Lemesos,"to A6 > Pafos, Pafos Airport",0
2026-09-10T12:41:40Z,2026-09-10T15:46:15.924910+03:00,_0,137f66eaa4ab,E147 - Archiepiskopou Makariou III Ave,Agias Filaxeos,0
2026-09-10T12:41:40Z,2026-09-10T15:46:15.924910+03:00,_1,bd89aa03ff58,E147 - Archiepiskopou Makariou III Ave,Spyrou Kyprianou Ave,3
2026-09-10T12:41:40Z,2026-09-10T15:46:15.924910+03:00,_2,bbd3d4041441,Spyrou Kyprianou Ave,Agias Filaxeos,0
2026-09-10T12:41:40Z,2026-09-10T15:46:15.924910+03:00,_3,a4260c51b19c,Steliou Kyriakidi,,3
2026-09-10T12:41:40Z,2026-09-10T15:46:15.924910+03:00,_4,f5f94ff22484,Agias Filaxeos,E110,0
2026-09-10T12:41:40Z,2026-09-10T15:46:15.924910+03:00,_0,5b27c50fa078,Strovolos,Archiepiskopou Makariou III Ave,0
2026-09-10T12:41:40Z,2026-09-10T15:46:15.924910+03:00,_1,8b530b355b26,Lemesou Ave,Archiepiskopou Makariou III Ave,3
2026-09-10T12:41:40Z,2026-09-10T15:46:15.924910+03:00,_0,af4b6e415491,Georgiou Neofytou,E114 - Archiepiskopou Makariou III Ave,0
2026-09-10T12:41:40Z,2026-09-10T15:46:15.924910+03:00,_1,b767bbb73e7a,Spyrou Kyprianou Ave,E114 - Archiepiskopou Makariou III Ave,3
2026-09-10T12:41:40Z,2026-09-10T15:46:15.924910+03:00,_2,b16f06e86626,Grigori Afxentiou,Angelou Vlachou,0
2026-09-10T12:41:40Z,2026-09-10T15:46:15.924910+03:00,_0,d6074089d8ef,Exit 24 >E127 Germasogeia / E113 Lemesos-Centre,A6,1
2026-09-10T12:41:40Z,2026-09-10T15:46:15.924910+03:00,_1,ef93f4872b51,Lemesos,"to A6 > Pafos, Pafos Airport",0
2026-09-10T12:41:40Z,2026-09-10T15:46:15.924910+03:00,_0,39864853c88c,,Archiepiskopou Makariou III Ave,0
2026-09-10T12:41:40Z,2026-09-10T15:46:15.924910+03:00,_1,3dec49aff703,E121 - RIK Ave,Archiepiskopou Makariou III Ave,3
2026-09-10T12:41:40Z,2026-09-10T15:46:15.924910+03:00,_2,7e9e53411917,Lemesou Ave,E1302 - Nikis Ave,0
2026-09-10T12:41:40Z,2026-09-10T15:46:15.924910+03:00,_3,910016111853,B18 - Georgiou Griva Digeni Ave,B18 - Georgiou Griva Digeni Ave,4
2026-09-10T12:41:40Z,2026-09-10T15:46:15.924910+03:00,_4,bbf67e32aa17,B18 - Georgiou Griva Digeni Ave,Evagorou Ave,0
2026-09-10T12:51:45Z,2026-09-10T15:56:15.985315+03:00,_0,2455e8639f1b,E147 - Archiepiskopou Makariou III Ave,Agias Filaxeos,0
2026-09-10T12:51:45Z,2026-09-10T15:56:15.985315+03:00,_1,f72d07d43051,E147 - Archiepiskopou Makariou III Ave,Vasileos Georgiou II,2
2026-09-10T12:51:45Z,2026-09-10T15:56:15.985315+03:00,_2,3c822276d5cc,Spyrou Kyprianou Ave,Agias Filaxeos,0
2026-09-10T12:51:45Z,2026-09-10T15:56:15.985315+03:00,_3,a4260c51b19c,Steliou Kyriakidi,,3
2026-09-10T12:51:45Z,2026-09-10T15:56:15.985315+03:00,_4,f5f94ff22484,Agias Filaxeos,E110,0
2026-09-10T12:51:45Z,2026-09-10T15:56:15.985315+03:00,_0,69fc3b9dbbdd,Strovolos,Archiepiskopou Makariou III Ave,0
2026-09-10T12:51:45Z,2026-09-10T15:56:15.985315+03:00,_1,c57daf65c80e,Lemesou Ave,Archiepiskopou Makariou III Ave,3
2026-09-10T12:51:45Z,2026-09-10T15:56:15.985315+03:00,_0,db379abb1dc7,Georgiou Neofytou,Spyrou Kyprianou Ave,0
2026-09-10T12:51:45Z,2026-09-10T15:56:15.985315+03:00,_1,d485409681ec,Spyrou Kyprianou Ave,E114 - Archiepiskopou Makariou III Ave,3
2026-09-10T12:51:45Z,2026-09-10T15:56:15.985315+03:00,_2,b16f06e86626,Grigori Afxentiou,Angelou Vlachou,0
2026-09-10T12:51:45Z,2026-09-10T15:56:15.985315+03:00,_0,f3fb9ec01e7d,Leoforos Strovolou,E116 - Athalassis Ave,0
2026-09-10T12:51:45Z,2026-09-10T15:56:15.985315+03:00,_1,d839b076b4bf,Perikleous,E116 - Athalassis Ave,3
2026-09-10T12:51:45Z,2026-09-10T15:56:15.985315+03:00,_2,92d65c298345,E116 - Athalassis Ave,E902 - Proedrikou Megarou Ave,0
2026-09-10T12:51:45Z,2026-09-10T15:56:15.985315+03:00,_0,d6074089d8ef,Exit 24 >E127 Germasogeia / E113 Lemesos-Centre,A6,2
2026-09-10T12:51:45Z,2026-09-10T15:56:15.985315+03:00,_1,ef93f4872b51,Lemesos,"to A6 > Pafos, Pafos Airport",0
2026-09-10T12:51:45Z,2026-09-10T15:56:15.985315+03:00,_0,daca33dbcb0d,,Archiepiskopou Makariou III Ave,0
2026-09-10T12:51:45Z,2026-09-10T15:56:15.985315+03:00,_1,43f05193c4b0,Lemesou Ave,Archiepiskopou Makariou III Ave,3
2026-09-10T12:51:45Z,2026-09-10T15:56:15.985315+03:00,_2,7e9e53411917,Lemesou Ave,E1302 - Nikis Ave,0
2026-09-10T12:51:45Z,2026-09-10T15:56:15.985315+03:00,_3,910016111853,B18 - Georgiou Griva Digeni Ave,B18 - Georgiou Griva Digeni Ave,4
2026-09-10T12:51:45Z,2026-09-10T15:56:15.985315+03:00,_4,bbf67e32aa17,B18 - Georgiou Griva Digeni Ave,Evagorou Ave,0
2026-09-10T13:01:50Z,2026-09-10T16:06:15.917497+03:00,_0,15ae2e1d5817,E147 - Archiepiskopou Makariou III Ave,Agias Filaxeos,0
2026-09-10T13:01:50Z,2026-09-10T16:06:15.917497+03:00,_1,1683a4b44bb7,Agias Filaxeos,Agias Filaxeos,3
2026-09-10T13:01:50Z,2026-09-10T16:06:15.917497+03:00,_2,ada2853a7b9f,Spyrou Kyprianou Ave,Steliou Kyriakidi,0
2026-09-10T13:01:50Z,2026-09-10T16:06:15.917497+03:00,_3,a80760be4702,Ivykou,Agias Filaxeos,4
2026-09-10T13:01:50Z,2026-09-10T16:06:15.917497+03:00,_4,a4260c51b19c,Steliou Kyriakidi,,3
2026-09-10T13:01:50Z,2026-09-10T16:06:15.917497+03:00,_5,f5f94ff22484,Agias Filaxeos,E110,0
2026-09-10T13:01:50Z,2026-09-10T16:06:15.917497+03:00,_0,fe72ea2b224f,Strovolos,Lemesou Ave,0
2026-09-10T13:01:50Z,2026-09-10T16:06:15.917497+03:00,_1,1c3025f6d361,Strovolos,Lemesou Ave,4
2026-09-10T13:01:50Z,2026-09-10T16:06:15.917497+03:00,_2,2eeb7481ceda,Aglantzia,E164 - Armenias,0
2026-09-10T13:01:50Z,2026-09-10T16:06:15.917497+03:00,_3,8b530b355b26,Lemesou Ave,Archiepiskopou Makariou III Ave,2
2026-09-10T13:01:50Z,2026-09-10T16:06:15.917497+03:00,_0,db379abb1dc7,Georgiou Neofytou,Spyrou Kyprianou Ave,0
2026-09-10T13:01:50Z,2026-09-10T16:06:15.917497+03:00,_1,bb8e26f01eed,Spyrou Kyprianou Ave,E114 - Archiepiskopou Makariou III Ave,3
2026-09-10T13:01:50Z,2026-09-10T16:06:15.917497+03:00,_2,170ca50cf9c5,E114 - Archiepiskopou Makariou III Ave,Angelou Vlachou,0
2026-09-10T13:01:50Z,2026-09-10T16:06:15.917497+03:00,_0,c7cc2624ec90,E110,E110 - Agias Fylaxeos,0
2026-09-10T13:01:50Z,2026-09-10T16:06:15.917497+03:00,_1,ee59d0c74402,E110 - 1 Apriliou,E110 - Agias Fylaxeos,3
2026-09-10T13:01:50Z,2026-09-10T16:06:15.917497+03:00,_2,e50ca2ecb1e0,E110 - 1 Apriliou,,4
2026-09-10T13:01:50Z,2026-09-10T16:06:15.917497+03:00,_3,73c10e640ed1,E110 - Agias Fylaxeos,E147 - Archiepiskopou Makariou III Ave,0
2026-09-10T13:01:50Z,2026-09-10T16:06:15.917497+03:00,_4,676c339d8b55,Agias Filaxeos,E147 - Archiepiskopou Makariou III Ave,3
2026-09-10T13:01:50Z,2026-09-10T16:06:15.917497+03:00,_0,f2e7dbbab450,Exit 24 >E127 Germasogeia / E113 Lemesos-Centre,Mesa Geitonia,2
2026-09-10T13:01:50Z,2026-09-10T16:06:15.917497+03:00,_1,e217100ddcd4,Lemesos,Lemesos,0
2026-09-10T13:01:50Z,2026-09-10T16:06:15.917497+03:00,_2,e1dac3423766,Lemesos,Lemesos,1
2026-09-10T13:01:50Z,2026-09-10T16:06:15.917497+03:00,_3,ef93f4872b51,Lemesos,"to A6 > Pafos, Pafos Airport",0
2026-09-10T13:01:50Z,2026-09-10T16:06:15.917497+03:00,_0,d0dc64f54734,,Lemesou Ave,0
2026-09-10T13:01:50Z,2026-09-10T16:06:15.917497+03:00,_1,1c3025f6d361,Strovolos,Lemesou Ave,4
2026-09-10T13:01:50Z,2026-09-10T16:06:15.917497+03:00,_2,7c50b274239b,Aglantzia,E164 - Armenias,0
2026-09-10T13:01:50Z,2026-09-10T16:06:15.917497+03:00,_3,43f05193c4b0,Lemesou Ave,Archiepiskopou Makariou III Ave,3
2026-09-10T13:01:50Z,2026-09-10T16:06:15.917497+03:00,_4,8fab7dfc83f0,Lemesou Ave,Evagorou Ave,0
2026-09-10T13:01:50Z,2026-09-10T16:06:15.917497+03:00,_0,f914fff2547b,Leoforos Strovolou,E902 - Proedrikou Megarou Ave,0
2026-09-10T13:01:50Z,2026-09-10T16:06:15.917497+03:00,_1,c04a316c4fdd,Strovolou Ave,E902 - Proedrikou Megarou Ave,4
2026-09-10T13:01:50Z,2026-09-10T16:06:15.917497+03:00,_2,c6ac6530f2b9,Strovolou Ave,E902 - Proedrikou Megarou Ave,0
2026-09-10T13:12:01Z,2026-09-10T16:17:01.461444+03:00,_0,90311137b0fc,E147 - Archiepiskopou Makariou III Ave,Agias Filaxeos,3
2026-09-10T13:12:01Z,2026-09-10T16:17:01.461444+03:00,_1,33f727374971,Agias Filaxeos,Agias Filaxeos,0
2026-09-10T13:12:01Z,2026-09-10T16:17:01.461444+03:00,_2,1683a4b44bb7,Agias Filaxeos,Agias Filaxeos,3
2026-09-10T13:12:01Z,2026-09-10T16:17:01.461444+03:00,_3,ada2853a7b9f,Spyrou Kyprianou Ave,Steliou Kyriakidi,0
2026-09-10T13:12:01Z,2026-09-10T16:17:01.461444+03:00,_4,a80760be4702,Ivykou,Agias Filaxeos,3
2026-09-10T13:12:01Z,2026-09-10T16:17:01.461444+03:00,_5,a4260c51b19c,Steliou Kyriakidi,,4
2026-09-10T13:12:01Z,2026-09-10T16:17:01.461444+03:00,_6,f5f94ff22484,Agias Filaxeos,E110,0
2026-09-10T13:12:01Z,2026-09-10T16:17:01.461444+03:00,_0,fe72ea2b224f,Strovolos,Lemesou Ave,0
2026-09-10T13:12:01Z,2026-09-10T16:17:01.461444+03:00,_1,1c3025f6d361,Strovolos,Lemesou Ave,4
2026-09-10T13:12:01Z,2026-09-10T16:17:01.461444+03:00,_2,7c50b274239b,Aglantzia,E164 - Armenias,0
2026-09-10T13:12:01Z,2026-09-10T16:17:01.461444+03:00,_3,c57daf65c80e,Lemesou Ave,Archiepiskopou Makariou III Ave,3
2026-09-10T13:12:01Z,2026-09-10T16:17:01.461444+03:00,_0,db379abb1dc7,Georgiou Neofytou,Spyrou Kyprianou Ave,0
2026-09-10T13:12:01Z,2026-09-10T16:17:01.461444+03:00,_1,d485409681ec,Spyrou Kyprianou Ave,E114 - Archiepiskopou Makariou III Ave,3
2026-09-10T13:12:01Z,2026-09-10T16:17:01.461444+03:00,_2,b16f06e86626,Grigori Afxentiou,Angelou Vlachou,0
2026-09-10T13:12:01Z,2026-09-10T16:17:01.461444+03:00,_0,72b03ff9b5bc,E110,E110 - Agias Fylaxeos,0
2026-09-10T13:12:01Z,2026-09-10T16:17:01.461444+03:00,_1,e50ca2ecb1e0,E110 - 1 Apriliou,,4
2026-09-10T13:12:01Z,2026-09-10T16:17:01.461444+03:00,_2,20e4174f50d7,E110 - Agias Fylaxeos,Agias Filaxeos,0
2026-09-10T13:12:01Z,2026-09-10T16:17:01.461444+03:00,_3,8efecb847652,Spyrou Kyprianou Ave,E147 - Archiepiskopou Makariou III Ave,3
2026-09-10T13:12:01Z,2026-09-10T16:17:01.461444+03:00,_0,04e0d90cca46,Leoforos Strovolou,E902 - Proedrikou Megarou Ave,0
2026-09-10T13:12:01Z,2026-09-10T16:17:01.461444+03:00,_1,2e2860fdee90,Strovolou Ave,E902 - Proedrikou Megarou Ave,3
2026-09-10T13:12:01Z,2026-09-10T16:17:01.461444+03:00,_2,c6ac6530f2b9,Strovolou Ave,E902 - Proedrikou Megarou Ave,0
2026-09-10T13:12:01Z,2026-09-10T16:17:01.461444+03:00,_0,68ba8c9365ac,Exit 24 >E127 Germasogeia / E113 Lemesos-Centre,Germasogeia,0
2026-09-10T13:12:01Z,2026-09-10T16:17:01.461444+03:00,_1,4a555a8a8b32,Exit 24 >E127 Germasogeia / E113 Lemesos-Centre,Mesa Geitonia,1
2026-09-10T13:12:01Z,2026-09-10T16:17:01.461444+03:00,_2,e217100ddcd4,Lemesos,Lemesos,0
2026-09-10T13:12:01Z,2026-09-10T16:17:01.461444+03:00,_3,e1dac3423766,Lemesos,Lemesos,2
2026-09-10T13:12:01Z,2026-09-10T16:17:01.461444+03:00,_4,ef93f4872b51,Lemesos,"to A6 > Pafos, Pafos Airport",0
2026-09-10T13:12:01Z,2026-09-10T16:17:01.461444+03:00,_0,d0dc64f54734,,Lemesou Ave,0
2026-09-10T13:12:01Z,2026-09-10T16:17:01.461444+03:00,_1,1c3025f6d361,Strovolos,Lemesou Ave,4
2026-09-10T13:12:01Z,2026-09-10T16:17:01.461444+03:00,_2,7c50b274239b,Aglantzia,E164 - Armenias,0
2026-09-10T13:12:01Z,2026-09-10T16:17:01.461444+03:00,_3,43f05193c4b0,Lemesou Ave,Archiepiskopou Makariou III Ave,3
2026-09-10T13:12:01Z,2026-09-10T16:17:01.461444+03:00,_4,7e9e53411917,Lemesou Ave,E1302 - Nikis Ave,0
2026-09-10T13:12:01Z,2026-09-10T16:17:01.461444+03:00,_5,910016111853,B18 - Georgiou Griva Digeni Ave,B18 - Georgiou Griva Digeni Ave,4
2026-09-10T13:12:01Z,2026-09-10T16:17:01.461444+03:00,_6,bbf67e32aa17,B18 - Georgiou Griva Digeni Ave,Evagorou Ave,0
2026-09-10T13:22:09Z,2026-09-10T16:27:07.726057+03:00,_0,ea7e824201e9,E147 - Archiepiskopou Makariou III Ave,Vasileos Georgiou II,3
2026-09-10T13:22:09Z,2026-09-10T16:27:07.726057+03:00,_1,ada2853a7b9f,Spyrou Kyprianou Ave,Steliou Kyriakidi,0
2026-09-10T13:22:09Z,2026-09-10T16:27:07.726057+03:00,_2,fbdd0e351f56,Ivykou,,4
2026-09-10T13:22:09Z,2026-09-10T16:27:07.726057+03:00,_3,e863e9cd4881,Agias Filaxeos,E110 - Agias Fylaxeos,0
2026-09-10T13:22:09Z,2026-09-10T16:27:07.726057+03:00,_4,b12402f32100,E110 - Agias Fylaxeos,E110 - 1 Apriliou,3
2026-09-10T13:22:09Z,2026-09-10T16:27:07.726057+03:00,_5,f99b72a378a5,E110 - Agias Fylaxeos,E110,0
2026-09-10T13:22:09Z,2026-09-10T16:27:07.726057+03:00,_0,fe72ea2b224f,Strovolos,Lemesou Ave,0
2026-09-10T13:22:09Z,2026-09-10T16:27:07.726057+03:00,_1,1c3025f6d361,Strovolos,Lemesou Ave,3
2026-09-10T13:22:09Z,2026-09-10T16:27:07.726057+03:00,_2,7c50b274239b,Aglantzia,E164 - Armenias,0
2026-09-10T13:22:09Z,2026-09-10T16:27:07.726057+03:00,_3,c57daf65c80e,Lemesou Ave,Archiepiskopou Makariou III Ave,3
2026-09-10T13:22:09Z,2026-09-10T16:27:07.726057+03:00,_0,ccdbf293190a,Georgiou Neofytou,E114 - Archiepiskopou Makariou III Ave,2
2026-09-10T13:22:09Z,2026-09-10T16:27:07.726057+03:00,_1,170ca50cf9c5,E114 - Archiepiskopou Makariou III Ave,Angelou Vlachou,0
2026-09-10T13:22:09Z,2026-09-10T16:27:07.726057+03:00,_0,5571d2934d78,E110,E110 - Agias Fylaxeos,0
2026-09-10T13:22:09Z,2026-09-10T16:27:07.726057+03:00,_1,0067285e4956,E110 - 1 Apriliou,E110 - Agias Fylaxeos,3
2026-09-10T13:22:09Z,2026-09-10T16:27:07.726057+03:00,_2,e50ca2ecb1e0,E110 - 1 Apriliou,,4
2026-09-10T13:22:09Z,2026-09-10T16:27:07.726057+03:00,_3,9e95bc80ebae,E110 - Agias Fylaxeos,E147 - Archiepiskopou Makariou III Ave,0
2026-09-10T13:22:09Z,2026-09-10T16:27:07.726057+03:00,_4,afcda84a293b,Agias Filaxeos,E147 - Archiepiskopou Makariou III Ave,3
2026-09-10T13:22:09Z,2026-09-10T16:27:07.726057+03:00,_0,8d77f87328bf,Leoforos Strovolou,E116 - Athalassis Ave,0
2026-09-10T13:22:09Z,2026-09-10T16:27:07.726057+03:00,_1,e3b1de0343d4,E116 - Athalassis Ave,Strovolou Ave,1
2026-09-10T13:22:09Z,2026-09-10T16:27:07.726057+03:00,_2,568786a5b245,Strovolou Ave,Strovolou Ave,2
2026-09-10T13:22:09Z,2026-09-10T16:27:07.726057+03:00,_3,2e2860fdee90,Strovolou Ave,E902 - Proedrikou Megarou Ave,1
2026-09-10T13:22:09Z,2026-09-10T16:27:07.726057+03:00,_4,c6ac6530f2b9,Strovolou Ave,E902 - Proedrikou Megarou Ave,0
2026-09-10T13:22:09Z,2026-09-10T16:27:07.726057+03:00,_0,d0dc64f54734,,Lemesou Ave,0
2026-09-10T13:22:09Z,2026-09-10T16:27:07.726057+03:00,_1,1c3025f6d361,Strovolos,Lemesou Ave,3
2026-09-10T13:22:09Z,2026-09-10T16:27:07.726057+03:00,_2,7c50b274239b,Aglantzia,E164 - Armenias,0
2026-09-10T13:22:09Z,2026-09-10T16:27:07.726057+03:00,_3,43f05193c4b0,Lemesou Ave,Archiepiskopou Makariou III Ave,3
2026-09-10T13:22:09Z,2026-09-10T16:27:07.726057+03:00,_4,7e9e53411917,Lemesou Ave,E1302 - Nikis Ave,0
2026-09-10T13:22:09Z,2026-09-10T16:27:07.726057+03:00,_5,910016111853,B18 - Georgiou Griva Digeni Ave,B18 - Georgiou Griva Digeni Ave,4
2026-09-10T13:22:09Z,2026-09-10T16:27:07.726057+03:00,_6,bbf67e32aa17,B18 - Georgiou Griva Digeni Ave,Evagorou Ave,0
2026-09-10T13:22:09Z,2026-09-10T16:27:07.726057+03:00,_0,06afc6492b14,Exit 24 >E127 Germasogeia / E113 Lemesos-Centre,Germasogeia,0
2026-09-10T13:22:09Z,2026-09-10T16:27:07.726057+03:00,_1,55c588d393e6,Agios Athanasios,A6,1
2026-09-10T13:22:09Z,2026-09-10T16:27:07.726057+03:00,_2,ef93f4872b51,Lemesos,"to A6 > Pafos, Pafos Airport",0
2026-09-10T13:32:15Z,2026-09-10T16:37:13.905786+03:00,_0,8d2065e6031d,E147 - Archiepiskopou Makariou III Ave,Agias Filaxeos,0
2026-09-10T13:32:15Z,2026-09-10T16:37:13.905786+03:00,_1,f38856b8f195,Agias Filaxeos,Spyrou Kyprianou Ave,3
2026-09-10T13:32:15Z,2026-09-10T16:37:13.905786+03:00,_2,ec5eee792e7a,Spyrou Kyprianou Ave,Steliou Kyriakidi,0
2026-09-10T13:32:15Z,2026-09-10T16:37:13.905786+03:00,_3,fbdd0e351f56,Ivykou,,4
2026-09-10T13:32:15Z,2026-09-10T16:37:13.905786+03:00,_4,f780373a5188,Agias Filaxeos,E110 - Agias Fylaxeos,0
2026-09-10T13:32:15Z,2026-09-10T16:37:13.905786+03:00,_5,6841a02a1258,,E110 - 1 Apriliou,2
2026-09-10T13:32:15Z,2026-09-10T16:37:13.905786+03:00,_6,f99b72a378a5,E110 - Agias Fylaxeos,E110,0
2026-09-10T13:32:15Z,2026-09-10T16:37:13.905786+03:00,_0,fe72ea2b224f,Strovolos,Lemesou Ave,0
2026-09-10T13:32:15Z,2026-09-10T16:37:13.905786+03:00,_1,1c3025f6d361,Strovolos,Lemesou Ave,3
2026-09-10T13:32:15Z,2026-09-10T16:37:13.905786+03:00,_2,7c50b274239b,Aglantzia,E164 - Armenias,0
2026-09-10T13:32:15Z,2026-09-10T16:37:13.905786+03:00,_3,c57daf65c80e,Lemesou Ave,Archiepiskopou Makariou III Ave,3
2026-09-10T13:32:15Z,2026-09-10T16:37:13.905786+03:00,_0,5571d2934d78,E110,E110 - Agias Fylaxeos,0
2026-09-10T13:32:15Z,2026-09-10T16:37:13.905786+03:00,_1,4d40b5fe9ec1,E110 - 1 Apriliou,,4
2026-09-10T13:32:15Z,2026-09-10T16:37:13.905786+03:00,_2,73c10e640ed1,E110 - Agias Fylaxeos,E147 - Archiepiskopou Makariou III Ave,0
2026-09-10T13:32:15Z,2026-09-10T16:37:13.905786+03:00,_3,676c339d8b55,Agias Filaxeos,E147 - Archiepiskopou Makariou III Ave,3
2026-09-10T13:32:15Z,2026-09-10T16:37:13.905786+03:00,_0,8d77f87328bf,Leoforos Strovolou,E116 - Athalassis Ave,0
2026-09-10T13:32:15Z,2026-09-10T16:37:13.905786+03:00,_1,e3b1de0343d4,E116 - Athalassis Ave,Strovolou Ave,1
2026-09-10T13:32:15Z,2026-09-10T16:37:13.905786+03:00,_2,568786a5b245,Strovolou Ave,Strovolou Ave,0
2026-09-10T13:32:15Z,2026-09-10T16:37:13.905786+03:00,_3,2e2860fdee90,Strovolou Ave,E902 - Proedrikou Megarou Ave,1
2026-09-10T13:32:15Z,2026-09-10T16:37:13.905786+03:00,_4,c6ac6530f2b9,Strovolou Ave,E902 - Proedrikou Megarou Ave,0
2026-09-10T13:32:15Z,2026-09-10T16:37:13.905786+03:00,_0,d0dc64f54734,,Lemesou Ave,0
2026-09-10T13:32:15Z,2026-09-10T16:37:13.905786+03:00,_1,1c3025f6d361,Strovolos,Lemesou Ave,3
2026-09-10T13:32:15Z,2026-09-10T16:37:13.905786+03:00,_2,7c50b274239b,Aglantzia,E164 - Armenias,0
2026-09-10T13:32:15Z,2026-09-10T16:37:13.905786+03:00,_3,43f05193c4b0,Lemesou Ave,Archiepiskopou Makariou III Ave,3
2026-09-10T13:32:15Z,2026-09-10T16:37:13.905786+03:00,_4,7e9e53411917,Lemesou Ave,E1302 - Nikis Ave,0
2026-09-10T13:32:15Z,2026-09-10T16:37:13.905786+03:00,_5,910016111853,B18 - Georgiou Griva Digeni Ave,B18 - Georgiou Griva Digeni Ave,3
2026-09-10T13:32:15Z,2026-09-10T16:37:13.905786+03:00,_6,bbf67e32aa17,B18 - Georgiou Griva Digeni Ave,Evagorou Ave,0
2026-09-10T13:42:25Z,2026-09-10T16:47:23.254714+03:00,_0,8d2065e6031d,E147 - Archiepiskopou Makariou III Ave,Agias Filaxeos,0
2026-09-10T13:42:25Z,2026-09-10T16:47:23.254714+03:00,_1,f38856b8f195,Agias Filaxeos,Spyrou Kyprianou Ave,3
2026-09-10T13:42:25Z,2026-09-10T16:47:23.254714+03:00,_2,ec5eee792e7a,Spyrou Kyprianou Ave,Steliou Kyriakidi,0
2026-09-10T13:42:25Z,2026-09-10T16:47:23.254714+03:00,_3,fbdd0e351f56,Ivykou,,4
2026-09-10T13:42:25Z,2026-09-10T16:47:23.254714+03:00,_4,f780373a5188,Agias Filaxeos,E110 - Agias Fylaxeos,0
2026-09-10T13:42:25Z,2026-09-10T16:47:23.254714+03:00,_5,6841a02a1258,,E110 - 1 Apriliou,3
2026-09-10T13:42:25Z,2026-09-10T16:47:23.254714+03:00,_6,f99b72a378a5,E110 - Agias Fylaxeos,E110,0
2026-09-10T13:42:25Z,2026-09-10T16:47:23.254714+03:00,_0,fe72ea2b224f,Strovolos,Lemesou Ave,0
2026-09-10T13:42:25Z,2026-09-10T16:47:23.254714+03:00,_1,1c3025f6d361,Strovolos,Lemesou Ave,4
2026-09-10T13:42:25Z,2026-09-10T16:47:23.254714+03:00,_2,2eeb7481ceda,Aglantzia,E164 - Armenias,0
2026-09-10T13:42:25Z,2026-09-10T16:47:23.254714+03:00,_3,8b530b355b26,Lemesou Ave,Archiepiskopou Makariou III Ave,3
2026-09-10T13:42:25Z,2026-09-10T16:47:23.254714+03:00,_0,b5a935136798,E110,E110 - 1 Apriliou,0
2026-09-10T13:42:25Z,2026-09-10T16:47:23.254714+03:00,_1,9c4725fc3c63,E110 - 1 Apriliou,E110 - Agias Fylaxeos,3
2026-09-10T13:42:25Z,2026-09-10T16:47:23.254714+03:00,_2,e50ca2ecb1e0,E110 - 1 Apriliou,,4
2026-09-10T13:42:25Z,2026-09-10T16:47:23.254714+03:00,_3,c8792afe581d,E110 - Agias Fylaxeos,E147 - Archiepiskopou Makariou III Ave,0
2026-09-10T13:42:25Z,2026-09-10T16:47:23.254714+03:00,_0,8722f7172fdb,Leoforos Strovolou,E116 - Athalassis Ave,0
2026-09-10T13:42:25Z,2026-09-10T16:47:23.254714+03:00,_1,886b339bc694,Strovolou Ave,E902 - Proedrikou Megarou Ave,2
2026-09-10T13:42:25Z,2026-09-10T16:47:23.254714+03:00,_2,c6ac6530f2b9,Strovolou Ave,E902 - Proedrikou Megarou Ave,0
2026-09-10T13:42:25Z,2026-09-10T16:47:23.254714+03:00,_0,d0dc64f54734,,Lemesou Ave,0
2026-09-10T13:42:25Z,2026-09-10T16:47:23.254714+03:00,_1,1c3025f6d361,Strovolos,Lemesou Ave,4
2026-09-10T13:42:25Z,2026-09-10T16:47:23.254714+03:00,_2,2eeb7481ceda,Aglantzia,E164 - Armenias,0
2026-09-10T13:42:25Z,2026-09-10T16:47:23.254714+03:00,_3,3dec49aff703,E121 - RIK Ave,Archiepiskopou Makariou III Ave,3
2026-09-10T13:42:25Z,2026-09-10T16:47:23.254714+03:00,_4,b7e53b03dff3,Lemesou Ave,Archiepiskopou Makariou III Ave,0
2026-09-10T13:42:25Z,2026-09-10T16:47:23.254714+03:00,_5,8056ae80b71f,Archiepiskopou Makariou III Ave,B18 - Georgiou Griva Digeni Ave,3
2026-09-10T13:42:25Z,2026-09-10T16:47:23.254714+03:00,_6,7c1a88e2db2c,Archiepiskopou Makariou III Ave,E1302 - Nikis Ave,0
2026-09-10T13:42:25Z,2026-09-10T16:47:23.254714+03:00,_7,910016111853,B18 - Georgiou Griva Digeni Ave,B18 - Georgiou Griva Digeni Ave,4
2026-09-10T13:42:25Z,2026-09-10T16:47:23.254714+03:00,_8,bbf67e32aa17,B18 - Georgiou Griva Digeni Ave,Evagorou Ave,0
2026-09-10T13:42:25Z,2026-09-10T16:47:23.254714+03:00,_0,2459eb632a9a,Exit 24 >E127 Germasogeia / E113 Lemesos-Centre,Lemesos,0
2026-09-10T13:42:25Z,2026-09-10T16:47:23.254714+03:00,_1,e1dac3423766,Lemesos,Lemesos,3
2026-09-10T13:42:25Z,2026-09-10T16:47:23.254714+03:00,_2,ef93f4872b51,Lemesos,"to A6 > Pafos, Pafos Airport",0
2026-09-10T16:18:48Z,2026-09-10T19:23:47.003042+03:00,_0,21112a4dd623,E147 - Archiepiskopou Makariou III Ave,Agias Filaxeos,0
2026-09-10T16:18:48Z,2026-09-10T19:23:47.003042+03:00,_1,0aebd3740b14,E147 - Archiepiskopou Makariou III Ave,Vasileos Georgiou II,3
2026-09-10T16:18:48Z,2026-09-10T19:23:47.003042+03:00,_2,0412ce56318a,Spyrou Kyprianou Ave,Vasileos Georgiou II,0
2026-09-10T16:18:48Z,2026-09-10T19:23:47.003042+03:00,_3,e07ed380dedf,Agias Filaxeos,Vasileos Georgiou II,4
2026-09-10T16:18:48Z,2026-09-10T19:23:47.003042+03:00,_4,f74602cafe9b,Agias Filaxeos,Steliou Kyriakidi,0
2026-09-10T16:18:48Z,2026-09-10T19:23:47.003042+03:00,_5,fbdd0e351f56,Ivykou,,4
2026-09-10T16:18:48Z,2026-09-10T19:23:47.003042+03:00,_6,f780373a5188,Agias Filaxeos,E110 - Agias Fylaxeos,0
2026-09-10T16:18:48Z,2026-09-10T19:23:47.003042+03:00,_7,6841a02a1258,,E110 - 1 Apriliou,3
2026-09-10T16:18:48Z,2026-09-10T19:23:47.003042+03:00,_8,f99b72a378a5,E110 - Agias Fylaxeos,E110,0
2026-09-10T16:18:48Z,2026-09-10T19:23:47.003042+03:00,_0,fe72ea2b224f,Strovolos,Lemesou Ave,0
2026-09-10T16:18:48Z,2026-09-10T19:23:47.003042+03:00,_1,1c3025f6d361,Strovolos,Lemesou Ave,4
2026-09-10T16:18:48Z,2026-09-10T19:23:47.003042+03:00,_2,c6e235d3222a,Aglantzia,Archiepiskopou Makariou III Ave,0
2026-09-10T16:18:48Z,2026-09-10T19:23:47.003042+03:00,_3,394713f228bd,Lemesou Ave,Lemesou Ave,3
2026-09-10T16:18:48Z,2026-09-10T19:23:47.003042+03:00,_0,d0dc64f54734,,Lemesou Ave,0
2026-09-10T16:18:48Z,2026-09-10T19:23:47.003042+03:00,_1,1c3025f6d361,Strovolos,Lemesou Ave,4
2026-09-10T16:18:48Z,2026-09-10T19:23:47.003042+03:00,_2,c6e235d3222a,Aglantzia,Archiepiskopou Makariou III Ave,0
2026-09-10T16:18:48Z,2026-09-10T19:23:47.003042+03:00,_3,6efde239cabf,Lemesou Ave,Archiepiskopou Makariou III Ave,3
2026-09-10T16:18:48Z,2026-09-10T19:23:47.003042+03:00,_4,8fab7dfc83f0,Lemesou Ave,Evagorou Ave,0
2026-09-10T16:28:55Z,2026-09-10T19:33:53.185916+03:00,_0,0404ea780de8,E147 - Archiepiskopou Makariou III Ave,Vasileos Georgiou II,0
2026-09-10T16:28:55Z,2026-09-10T19:33:53.185916+03:00,_1,ded58892ae74,Agias Filaxeos,Vasileos Georgiou II,4
2026-09-10T16:28:55Z,2026-09-10T19:33:53.185916+03:00,_2,f74602cafe9b,Agias Filaxeos,Steliou Kyriakidi,0
2026-09-10T16:28:55Z,2026-09-10T19:33:53.185916+03:00,_3,a80760be4702,Ivykou,Agias Filaxeos,3
2026-09-10T16:28:55Z,2026-09-10T19:33:53.185916+03:00,_4,a4260c51b19c,Steliou Kyriakidi,,4
2026-09-10T16:28:55Z,2026-09-10T19:33:53.185916+03:00,_5,f780373a5188,Agias Filaxeos,E110 - Agias Fylaxeos,0
2026-09-10T16:28:55Z,2026-09-10T19:33:53.185916+03:00,_6,6841a02a1258,,E110 - 1 Apriliou,2
2026-09-10T16:28:55Z,2026-09-10T19:33:53.185916+03:00,_7,f99b72a378a5,E110 - Agias Fylaxeos,E110,0
2026-09-10T16:28:55Z,2026-09-10T19:33:53.185916+03:00,_0,fe72ea2b224f,Strovolos,Lemesou Ave,0
2026-09-10T16:28:55Z,2026-09-10T19:33:53.185916+03:00,_1,1c3025f6d361,Strovolos,Lemesou Ave,3
2026-09-10T16:28:55Z,2026-09-10T19:33:53.185916+03:00,_2,7c50b274239b,Aglantzia,E164 - Armenias,0
2026-09-10T16:28:55Z,2026-09-10T19:33:53.185916+03:00,_3,c57daf65c80e,Lemesou Ave,Archiepiskopou Makariou III Ave,3
2026-09-10T16:28:55Z,2026-09-10T19:33:53.185916+03:00,_0,f2dad27e0b2c,E110,E110 - 1 Apriliou,0
2026-09-10T16:28:55Z,2026-09-10T19:33:53.185916+03:00,_1,11d63beefc3f,E110 - Eleftherias,E110 - 1 Apriliou,1
2026-09-10T16:28:55Z,2026-09-10T19:33:53.185916+03:00,_2,f80d1b231dad,E110 - 1 Apriliou,E110 - Agias Fylaxeos,0
2026-09-10T16:28:55Z,2026-09-10T19:33:53.185916+03:00,_3,e50ca2ecb1e0,E110 - 1 Apriliou,,2
2026-09-10T16:28:55Z,2026-09-10T19:33:53.185916+03:00,_4,c8792afe581d,E110 - Agias Fylaxeos,E147 - Archiepiskopou Makariou III Ave,0
2026-09-10T16:28:55Z,2026-09-10T19:33:53.185916+03:00,_0,d0dc64f54734,,Lemesou Ave,0
2026-09-10T16:28:55Z,2026-09-10T19:33:53.185916+03:00,_1,1c3025f6d361,Strovolos,Lemesou Ave,3
2026-09-10T16:28:55Z,2026-09-10T19:33:53.185916+03:00,_2,7c50b274239b,Aglantzia,E164 - Armenias,0
2026-09-10T16:28:55Z,2026-09-10T19:33:53.185916+03:00,_3,43f05193c4b0,Lemesou Ave,Archiepiskopou Makariou III Ave,3
2026-09-10T16:28:55Z,2026-09-10T19:33:53.185916+03:00,_4,8fab7dfc83f0,Lemesou Ave,Evagorou Ave,0
2026-09-10T16:39:01Z,2026-09-10T19:43:59.153723+03:00,_0,ae30b662f2e1,E147 - Archiepiskopou Makariou III Ave,Agias Filaxeos,2
2026-09-10T16:39:01Z,2026-09-10T19:43:59.153723+03:00,_1,9802590b4c53,Agias Filaxeos,Vasileos Georgiou II,0
2026-09-10T16:39:01Z,2026-09-10T19:43:59.153723+03:00,_2,ded58892ae74,Agias Filaxeos,Vasileos Georgiou II,4
2026-09-10T16:39:01Z,2026-09-10T19:43:59.153723+03:00,_3,f74602cafe9b,Agias Filaxeos,Steliou Kyriakidi,0
2026-09-10T16:39:01Z,2026-09-10T19:43:59.153723+03:00,_4,a80760be4702,Ivykou,Agias Filaxeos,3
2026-09-10T16:39:01Z,2026-09-10T19:43:59.153723+03:00,_5,a4260c51b19c,Steliou Kyriakidi,,4
2026-09-10T16:39:01Z,2026-09-10T19:43:59.153723+03:00,_6,58db42ee5329,Agias Filaxeos,E110 - 1 Apriliou,0
2026-09-10T16:39:01Z,2026-09-10T19:43:59.153723+03:00,_7,de7c5d112dc2,E110 - 1 Apriliou,E110 - Eleftherias,2
2026-09-10T16:39:01Z,2026-09-10T19:43:59.153723+03:00,_8,5f1fec2aa9f9,E110 - 1 Apriliou,E110,0
2026-09-10T16:39:01Z,2026-09-10T19:43:59.153723+03:00,_0,fe72ea2b224f,Strovolos,Lemesou Ave,0
2026-09-10T16:39:01Z,2026-09-10T19:43:59.153723+03:00,_1,1c3025f6d361,Strovolos,Lemesou Ave,3
2026-09-10T16:39:01Z,2026-09-10T19:43:59.153723+03:00,_2,7c50b274239b,Aglantzia,E164 - Armenias,0
2026-09-10T16:39:01Z,2026-09-10T19:43:59.153723+03:00,_3,c57daf65c80e,Lemesou Ave,Archiepiskopou Makariou III Ave,3
2026-09-10T16:39:01Z,2026-09-10T19:43:59.153723+03:00,_0,72b03ff9b5bc,E110,E110 - Agias Fylaxeos,0
2026-09-10T16:39:01Z,2026-09-10T19:43:59.153723+03:00,_1,e50ca2ecb1e0,E110 - 1 Apriliou,,2
2026-09-10T16:39:01Z,2026-09-10T19:43:59.153723+03:00,_2,c8792afe581d,E110 - Agias Fylaxeos,E147 - Archiepiskopou Makariou III Ave,0
2026-09-10T16:39:01Z,2026-09-10T19:43:59.153723+03:00,_0,d0dc64f54734,,Lemesou Ave,0
2026-09-10T16:39:01Z,2026-09-10T19:43:59.153723+03:00,_1,1c3025f6d361,Strovolos,Lemesou Ave,3
2026-09-10T16:39:01Z,2026-09-10T19:43:59.153723+03:00,_2,7c50b274239b,Aglantzia,E164 - Armenias,0
2026-09-10T16:39:01Z,2026-09-10T19:43:59.153723+03:00,_3,43f05193c4b0,Lemesou Ave,Archiepiskopou Makariou III Ave,3
2026-09-10T16:39:01Z,2026-09-10T19:43:59.153723+03:00,_4,8fab7dfc83f0,Lemesou Ave,Evagorou Ave,0
2026-09-10T16:49:09Z,2026-09-10T19:54:07.174544+03:00,_0,044a01c053a4,E147 - Archiepiskopou Makariou III Ave,Agias Filaxeos,2
2026-09-10T16:49:09Z,2026-09-10T19:54:07.174544+03:00,_1,d2f8f17b4773,Agiou Artemiou,Vasileos Georgiou II,0
2026-09-10T16:49:09Z,2026-09-10T19:54:07.174544+03:00,_2,ded58892ae74,Agias Filaxeos,Vasileos Georgiou II,4
2026-09-10T16:49:09Z,2026-09-10T19:54:07.174544+03:00,_3,f0692a22ef39,Agias Filaxeos,Agias Filaxeos,0
2026-09-10T16:49:09Z,2026-09-10T19:54:07.174544+03:00,_4,a4260c51b19c,Steliou Kyriakidi,,4
2026-09-10T16:49:09Z,2026-09-10T19:54:07.174544+03:00,_5,f780373a5188,Agias Filaxeos,E110 - Agias Fylaxeos,0
2026-09-10T16:49:09Z,2026-09-10T19:54:07.174544+03:00,_6,6841a02a1258,,E110 - 1 Apriliou,2
2026-09-10T16:49:09Z,2026-09-10T19:54:07.174544+03:00,_7,31034e257ac9,E110 - Agias Fylaxeos,E110 - 1 Apriliou,0
2026-09-10T16:49:09Z,2026-09-10T19:54:07.174544+03:00,_8,de7c5d112dc2,E110 - 1 Apriliou,E110 - Eleftherias,2
2026-09-10T16:49:09Z,2026-09-10T19:54:07.174544+03:00,_9,5f1fec2aa9f9,E110 - 1 Apriliou,E110,0
2026-09-10T16:49:09Z,2026-09-10T19:54:07.174544+03:00,_0,d570ef2c8392,E110,E110 - 1 Apriliou,0
2026-09-10T16:49:09Z,2026-09-10T19:54:07.174544+03:00,_1,3bd824fc1e31,E110 - 1 Apriliou,,2
2026-09-10T16:49:09Z,2026-09-10T19:54:07.174544+03:00,_2,c8792afe581d,E110 - Agias Fylaxeos,E147 - Archiepiskopou Makariou III Ave,0
2026-09-10T16:49:09Z,2026-09-10T19:54:07.174544+03:00,_0,c7636f6313c5,,E1302 - Nikis Ave,0
2026-09-10T16:49:09Z,2026-09-10T19:54:07.174544+03:00,_1,910016111853,B18 - Georgiou Griva Digeni Ave,B18 - Georgiou Griva Digeni Ave,4
2026-09-10T16:49:09Z,2026-09-10T19:54:07.174544+03:00,_2,bbf67e32aa17,B18 - Georgiou Griva Digeni Ave,Evagorou Ave,0
2026-09-10T16:59:15Z,2026-09-10T20:04:13.846013+03:00,_0,9fd95393c6f9,E147 - Archiepiskopou Makariou III Ave,Vasileos Georgiou II,0
2026-09-10T16:59:15Z,2026-09-10T20:04:13.846013+03:00,_1,e07ed380dedf,Agias Filaxeos,Vasileos Georgiou II,4
2026-09-10T16:59:15Z,2026-09-10T20:04:13.846013+03:00,_2,f74602cafe9b,Agias Filaxeos,Steliou Kyriakidi,0
2026-09-10T16:59:15Z,2026-09-10T20:04:13.846013+03:00,_3,a80760be4702,Ivykou,Agias Filaxeos,3
2026-09-10T16:59:15Z,2026-09-10T20:04:13.846013+03:00,_4,a4260c51b19c,Steliou Kyriakidi,,4
2026-09-10T16:59:15Z,2026-09-10T20:04:13.846013+03:00,_5,f780373a5188,Agias Filaxeos,E110 - Agias Fylaxeos,0
2026-09-10T16:59:15Z,2026-09-10T20:04:13.846013+03:00,_6,6841a02a1258,,E110 - 1 Apriliou,2
2026-09-10T16:59:15Z,2026-09-10T20:04:13.846013+03:00,_7,9fa3ba27c775,E110 - Agias Fylaxeos,E110 - 1 Apriliou,1
2026-09-10T16:59:15Z,2026-09-10T20:04:13.846013+03:00,_8,4acaef97cfb7,E110 - 1 Apriliou,E110,0
2026-09-10T16:59:15Z,2026-09-10T20:04:13.846013+03:00,_0,fe72ea2b224f,Strovolos,Lemesou Ave,0
2026-09-10T16:59:15Z,2026-09-10T20:04:13.846013+03:00,_1,1c3025f6d361,Strovolos,Lemesou Ave,3
2026-09-10T16:59:15Z,2026-09-10T20:04:13.846013+03:00,_2,7792802c8552,Aglantzia,Archiepiskopou Makariou III Ave,0
2026-09-10T16:59:15Z,2026-09-10T20:04:13.846013+03:00,_0,d0dc64f54734,,Lemesou Ave,0
2026-09-10T16:59:15Z,2026-09-10T20:04:13.846013+03:00,_1,1c3025f6d361,Strovolos,Lemesou Ave,3
2026-09-10T16:59:15Z,2026-09-10T20:04:13.846013+03:00,_2,5a85dd89d189,Aglantzia,Archiepiskopou Makariou III Ave,0
2026-09-10T16:59:15Z,2026-09-10T20:04:13.846013+03:00,_3,8056ae80b71f,Archiepiskopou Makariou III Ave,B18 - Georgiou Griva Digeni Ave,3
2026-09-10T16:59:15Z,2026-09-10T20:04:13.846013+03:00,_4,7c1a88e2db2c,Archiepiskopou Makariou III Ave,E1302 - Nikis Ave,0
2026-09-10T16:59:15Z,2026-09-10T20:04:13.846013+03:00,_5,910016111853,B18 - Georgiou Griva Digeni Ave,B18 - Georgiou Griva Digeni Ave,3
2026-09-10T16:59:15Z,2026-09-10T20:04:13.846013+03:00,_6,bbf67e32aa17,B18 - Georgiou Griva Digeni Ave,Evagorou Ave,0
2026-09-10T17:09:21Z,2026-09-10T20:14:19.663803+03:00,_0,0404ea780de8,E147 - Archiepiskopou Makariou III Ave,Vasileos Georgiou II,0
2026-09-10T17:09:21Z,2026-09-10T20:14:19.663803+03:00,_1,ded58892ae74,Agias Filaxeos,Vasileos Georgiou II,4
2026-09-10T17:09:21Z,2026-09-10T20:14:19.663803+03:00,_2,f74602cafe9b,Agias Filaxeos,Steliou Kyriakidi,0
2026-09-10T17:09:21Z,2026-09-10T20:14:19.663803+03:00,_3,a80760be4702,Ivykou,Agias Filaxeos,3
2026-09-10T17:09:21Z,2026-09-10T20:14:19.663803+03:00,_4,a4260c51b19c,Steliou Kyriakidi,,4
2026-09-10T17:09:21Z,2026-09-10T20:14:19.663803+03:00,_5,f780373a5188,Agias Filaxeos,E110 - Agias Fylaxeos,0
2026-09-10T17:09:21Z,2026-09-10T20:14:19.663803+03:00,_6,e23f2072c2f4,,E110 - 1 Apriliou,2
2026-09-10T17:09:21Z,2026-09-10T20:14:19.663803+03:00,_7,12555517fc38,E110 - 1 Apriliou,E110 - 1 Apriliou,0
2026-09-10T17:09:21Z,2026-09-10T20:14:19.663803+03:00,_8,9f4f77006632,E110 - 1 Apriliou,E110 - Eleftherias,1
2026-09-10T17:09:21Z,2026-09-10T20:14:19.663803+03:00,_9,c97b954fcb12,E110 - 1 Apriliou,E110,0
2026-09-10T17:09:21Z,2026-09-10T20:14:19.663803+03:00,_0,fe72ea2b224f,Strovolos,Lemesou Ave,0
2026-09-10T17:09:21Z,2026-09-10T20:14:19.663803+03:00,_1,1c3025f6d361,Strovolos,Lemesou Ave,3
2026-09-10T17:09:21Z,2026-09-10T20:14:19.663803+03:00,_2,7792802c8552,Aglantzia,Archiepiskopou Makariou III Ave,0
2026-09-10T17:09:21Z,2026-09-10T20:14:19.663803+03:00,_0,ed0f8536366e,E110,E110 - 1 Apriliou,0
2026-09-10T17:09:21Z,2026-09-10T20:14:19.663803+03:00,_1,32c2745803b6,E110 - Eleftherias,E110 - 1 Apriliou,2
2026-09-10T17:09:21Z,2026-09-10T20:14:19.663803+03:00,_2,ab27793993be,E110 - 1 Apriliou,E110 - 1 Apriliou,0
2026-09-10T17:09:21Z,2026-09-10T20:14:19.663803+03:00,_3,f80d1b231dad,E110 - 1 Apriliou,E110 - Agias Fylaxeos,2
2026-09-10T17:09:21Z,2026-09-10T20:14:19.663803+03:00,_4,1aef637204b8,E110 - 1 Apriliou,E147 - Archiepiskopou Makariou III Ave,0
2026-09-10T17:09:21Z,2026-09-10T20:14:19.663803+03:00,_5,e713c7488bdd,Agias Filaxeos,E147 - Archiepiskopou Makariou III Ave,3
2026-09-10T17:09:21Z,2026-09-10T20:14:19.663803+03:00,_0,d0dc64f54734,,Lemesou Ave,0
2026-09-10T17:09:21Z,2026-09-10T20:14:19.663803+03:00,_1,1c3025f6d361,Strovolos,Lemesou Ave,3
2026-09-10T17:09:21Z,2026-09-10T20:14:19.663803+03:00,_2,a4082cd3b8e8,Aglantzia,E1302 - Nikis Ave,0
2026-09-10T17:09:21Z,2026-09-10T20:14:19.663803+03:00,_3,910016111853,B18 - Georgiou Griva Digeni Ave,B18 - Georgiou Griva Digeni Ave,4
2026-09-10T17:09:21Z,2026-09-10T20:14:19.663803+03:00,_4,bbf67e32aa17,B18 - Georgiou Griva Digeni Ave,Evagorou Ave,0
2026-09-10T17:19:32Z,2026-09-10T20:24:30.405809+03:00,_0,6e9bcf44f9e8,E147 - Archiepiskopou Makariou III Ave,Vasileos Georgiou II,0
2026-09-10T17:19:32Z,2026-09-10T20:24:30.405809+03:00,_1,83b2da02d4de,Spyrou Kyprianou Ave,Vasileos Georgiou II,3
2026-09-10T17:19:32Z,2026-09-10T20:24:30.405809+03:00,_2,f0692a22ef39,Agias Filaxeos,Agias Filaxeos,0
2026-09-10T17:19:32Z,2026-09-10T20:24:30.405809+03:00,_3,a4260c51b19c,Steliou Kyriakidi,,3
2026-09-10T17:19:32Z,2026-09-10T20:24:30.405809+03:00,_4,f780373a5188,Agias Filaxeos,E110 - Agias Fylaxeos,0
2026-09-10T17:19:32Z,2026-09-10T20:24:30.405809+03:00,_5,6841a02a1258,,E110 - 1 Apriliou,2
2026-09-10T17:19:32Z,2026-09-10T20:24:30.405809+03:00,_6,f99b72a378a5,E110 - Agias Fylaxeos,E110,0
2026-09-10T17:19:32Z,2026-09-10T20:24:30.405809+03:00,_0,aaf73b6e9007,Leoforos Strovolou,E116 - Athalassis Ave,0
2026-09-10T17:19:32Z,2026-09-10T20:24:30.405809+03:00,_1,e43fac5d0a5a,Strovolou Ave,E116 - Athalassis Ave,3
2026-09-10T17:19:32Z,2026-09-10T20:24:30.405809+03:00,_2,92d65c298345,E116 - Athalassis Ave,E902 - Proedrikou Megarou Ave,0
2026-09-10T17:19:32Z,2026-09-10T20:24:30.405809+03:00,_0,c7636f6313c5,,E1302 - Nikis Ave,0
2026-09-10T17:19:32Z,2026-09-10T20:24:30.405809+03:00,_1,910016111853,B18 - Georgiou Griva Digeni Ave,B18 - Georgiou Griva Digeni Ave,3
2026-09-10T17:19:32Z,2026-09-10T20:24:30.405809+03:00,_2,bbf67e32aa17,B18 - Georgiou Griva Digeni Ave,Evagorou Ave,0
2026-09-10T17:29:38Z,2026-09-10T20:34:36.241937+03:00,_0,920305ee9a1e,E147 - Archiepiskopou Makariou III Ave,Agias Filaxeos,0
2026-09-10T17:29:38Z,2026-09-10T20:34:36.241937+03:00,_1,a4260c51b19c,Steliou Kyriakidi,,3
2026-09-10T17:29:38Z,2026-09-10T20:34:36.241937+03:00,_2,f780373a5188,Agias Filaxeos,E110 - Agias Fylaxeos,0
2026-09-10T17:29:38Z,2026-09-10T20:34:36.241937+03:00,_3,6841a02a1258,,E110 - 1 Apriliou,2
2026-09-10T17:29:38Z,2026-09-10T20:34:36.241937+03:00,_4,31034e257ac9,E110 - Agias Fylaxeos,E110 - 1 Apriliou,0
2026-09-10T17:29:38Z,2026-09-10T20:34:36.241937+03:00,_5,de7c5d112dc2,E110 - 1 Apriliou,E110 - Eleftherias,2
2026-09-10T17:29:38Z,2026-09-10T20:34:36.241937+03:00,_6,5f1fec2aa9f9,E110 - 1 Apriliou,E110,0
2026-09-10T17:29:38Z,2026-09-10T20:34:36.241937+03:00,_0,fe72ea2b224f,Strovolos,Lemesou Ave,0
2026-09-10T17:29:38Z,2026-09-10T20:34:36.241937+03:00,_1,1c3025f6d361,Strovolos,Lemesou Ave,3
2026-09-10T17:29:38Z,2026-09-10T20:34:36.241937+03:00,_2,7792802c8552,Aglantzia,Archiepiskopou Makariou III Ave,0
2026-09-10T17:29:38Z,2026-09-10T20:34:36.241937+03:00,_0,f3fb9ec01e7d,Leoforos Strovolou,E116 - Athalassis Ave,0
2026-09-10T17:29:38Z,2026-09-10T20:34:36.241937+03:00,_1,d839b076b4bf,Perikleous,E116 - Athalassis Ave,3
2026-09-10T17:29:38Z,2026-09-10T20:34:36.241937+03:00,_2,92d65c298345,E116 - Athalassis Ave,E902 - Proedrikou Megarou Ave,0
2026-09-10T17:29:38Z,2026-09-10T20:34:36.241937+03:00,_0,f2dad27e0b2c,E110,E110 - 1 Apriliou,0
2026-09-10T17:29:38Z,2026-09-10T20:34:36.241937+03:00,_1,0bc8a04884b8,E110 - 1 Apriliou,E110 - 1 Apriliou,3
2026-09-10T17:29:38Z,2026-09-10T20:34:36.241937+03:00,_2,c9decce66ab6,E110 - Eleftherias,E147 - Archiepiskopou Makariou III Ave,0
2026-09-10T17:29:38Z,2026-09-10T20:34:36.241937+03:00,_0,d0dc64f54734,,Lemesou Ave,0
2026-09-10T17:29:38Z,2026-09-10T20:34:36.241937+03:00,_1,1c3025f6d361,Strovolos,Lemesou Ave,3
2026-09-10T17:29:38Z,2026-09-10T20:34:36.241937+03:00,_2,cc8badd45da4,Aglantzia,Evagorou Ave,0
2026-09-10T17:39:43Z,2026-09-10T20:44:42.029581+03:00,_0,07b7eb11e965,E147 - Archiepiskopou Makariou III Ave,E110 - 1 Apriliou,0
2026-09-10T17:39:43Z,2026-09-10T20:44:42.029581+03:00,_1,de7c5d112dc2,E110 - 1 Apriliou,E110 - Eleftherias,2
2026-09-10T17:39:43Z,2026-09-10T20:44:42.029581+03:00,_2,5f1fec2aa9f9,E110 - 1 Apriliou,E110,0
2026-09-10T17:39:43Z,2026-09-10T20:44:42.029581+03:00,_0,a89f632a8881,Strovolos,Lemesou Ave,0
2026-09-10T17:39:43Z,2026-09-10T20:44:42.029581+03:00,_1,64039a076bda,Strovolos,Lemesou Ave,3
2026-09-10T17:39:43Z,2026-09-10T20:44:42.029581+03:00,_2,c6e235d3222a,Aglantzia,Archiepiskopou Makariou III Ave,0
2026-09-10T17:39:43Z,2026-09-10T20:44:42.029581+03:00,_3,394713f228bd,Lemesou Ave,Lemesou Ave,2
2026-09-10T17:39:43Z,2026-09-10T20:44:42.029581+03:00,_0,f2dad27e0b2c,E110,E110 - 1 Apriliou,0
2026-09-10T17:39:43Z,2026-09-10T20:44:42.029581+03:00,_1,0bc8a04884b8,E110 - 1 Apriliou,E110 - 1 Apriliou,3
2026-09-10T17:39:43Z,2026-09-10T20:44:42.029581+03:00,_2,fd45005c0469,E110 - Eleftherias,Platonos,0
2026-09-10T17:39:43Z,2026-09-10T20:44:42.029581+03:00,_0,23e9d057024d,,Lemesou Ave,0
2026-09-10T17:39:43Z,2026-09-10T20:44:42.029581+03:00,_1,64039a076bda,Strovolos,Lemesou Ave,3
2026-09-10T17:39:43Z,2026-09-10T20:44:42.029581+03:00,_2,c6e235d3222a,Aglantzia,Archiepiskopou Makariou III Ave,0
2026-09-10T17:39:43Z,2026-09-10T20:44:42.029581+03:00,_3,6efde239cabf,Lemesou Ave,Archiepiskopou Makariou III Ave,2
2026-09-10T17:39:43Z,2026-09-10T20:44:42.029581+03:00,_4,216090995857,Lemesou Ave,B18 - Digeni Akrita Ave,0
2026-09-10T17:39:43Z,2026-09-10T20:44:42.029581+03:00,_5,95344851cee7,Archiepiskopou Makariou III Ave,B18 - Georgiou Griva Digeni Ave,3
2026-09-10T17:39:43Z,2026-09-10T20:44:42.029581+03:00,_6,e1beab30434a,Archiepiskopou Makariou III Ave,Evagorou Ave,0
2026-09-10T17:39:43Z,2026-09-10T20:44:42.029581+03:00,_0,68c80e5ac67b,Leoforos Strovolou,E116 - Athalassis Ave,0
2026-09-10T17:39:43Z,2026-09-10T20:44:42.029581+03:00,_1,e0626d6e36db,Omirou,E116 - Athalassis Ave,3
2026-09-10T17:39:43Z,2026-09-10T20:44:42.029581+03:00,_2,92d65c298345,E116 - Athalassis Ave,E902 - Proedrikou Megarou Ave,0
2026-09-10T17:49:51Z,2026-09-10T20:54:55.604235+03:00,_0,a89f632a8881,Strovolos,Lemesou Ave,0
2026-09-10T17:49:51Z,2026-09-10T20:54:55.604235+03:00,_1,64039a076bda,Strovolos,Lemesou Ave,3
2026-09-10T17:49:51Z,2026-09-10T20:54:55.604235+03:00,_2,7792802c8552,Aglantzia,Archiepiskopou Makariou III Ave,0
2026-09-10T17:49:51Z,2026-09-10T20:54:55.604235+03:00,_0,23e9d057024d,,Lemesou Ave,0
2026-09-10T17:49:51Z,2026-09-10T20:54:55.604235+03:00,_1,64039a076bda,Strovolos,Lemesou Ave,3
2026-09-10T17:49:51Z,2026-09-10T20:54:55.604235+03:00,_2,09cb6b4802cf,Aglantzia,B18 - Digeni Akrita Ave,0
2026-09-10T17:49:51Z,2026-09-10T20:54:55.604235+03:00,_3,970cc58093c6,Archiepiskopou Makariou III Ave,B18 - Georgiou Griva Digeni Ave,3
2026-09-10T17:49:51Z,2026-09-10T20:54:55.604235+03:00,_4,e1beab30434a,Archiepiskopou Makariou III Ave,Evagorou Ave,0
2026-09-10T18:00:03Z,2026-09-10T21:05:04.044454+03:00,_0,27376a44e937,,B18 - Digeni Akrita Ave,0
2026-09-10T18:00:03Z,2026-09-10T21:05:04.044454+03:00,_1,970cc58093c6,Archiepiskopou Makariou III Ave,B18 - Georgiou Griva Digeni Ave,2
2026-09-10T18:00:03Z,2026-09-10T21:05:04.044454+03:00,_2,e1beab30434a,Archiepiskopou Makariou III Ave,Evagorou Ave,0
2026-09-10T18:20:26Z,2026-09-10T21:25:11.297016+03:00,_0,ed0f8536366e,E110,E110 - 1 Apriliou,0
2026-09-10T18:20:26Z,2026-09-10T21:25:11.297016+03:00,_1,32c2745803b6,E110 - Eleftherias,E110 - 1 Apriliou,2
2026-09-10T18:20:26Z,2026-09-10T21:25:11.297016+03:00,_2,c9decce66ab6,E110 - Eleftherias,E147 - Archiepiskopou Makariou III Ave,0
2026-09-10T21:18:04Z,2026-09-11T00:23:02.919717+03:00,_0,f2dad27e0b2c,E110,E110 - 1 Apriliou,0
2026-09-10T21:18:04Z,2026-09-11T00:23:02.919717+03:00,_1,0bc8a04884b8,E110 - 1 Apriliou,E110 - 1 Apriliou,3
2026-09-10T21:18:04Z,2026-09-11T00:23:02.919717+03:00,_2,c9decce66ab6,E110 - Eleftherias,E147 - Archiepiskopou Makariou III Ave,0
2026-09-10T21:28:09Z,2026-09-11T00:33:07.605962+03:00,_0,f2dad27e0b2c,E110,E110 - 1 Apriliou,0
2026-09-10T21:28:09Z,2026-09-11T00:33:07.605962+03:00,_1,0bc8a04884b8,E110 - 1 Apriliou,E110 - 1 Apriliou,3
2026-09-10T21:28:09Z,2026-09-11T00:33:07.605962+03:00,_2,c9decce66ab6,E110 - Eleftherias,E147 - Archiepiskopou Makariou III Ave,0
2026-09-10T23:39:57Z,2026-09-11T02:44:56.301579+03:00,_0,db0d9865008e,,Anarita,0
2026-09-10T23:39:57Z,2026-09-11T02:44:56.301579+03:00,_1,a840b6915e0c,Agia Varvara (Pafos),Agia Varvara (Pafos),3
2026-09-10T23:39:57Z,2026-09-11T02:44:56.301579+03:00,_2,470390ad0739,Anarita,Evagorou Ave,0
2026-09-11T06:43:56Z,2026-09-11T09:48:54.853140+03:00,_0,72b03ff9b5bc,E110,E110 - Agias Fylaxeos,0
2026-09-11T06:43:56Z,2026-09-11T09:48:54.853140+03:00,_1,e50ca2ecb1e0,E110 - 1 Apriliou,,2
2026-09-11T06:43:56Z,2026-09-11T09:48:54.853140+03:00,_2,e33776a3a190,E110 - Agias Fylaxeos,Agias Filaxeos,0
2026-09-11T06:43:56Z,2026-09-11T09:48:54.853140+03:00,_3,0a5c4761a6b4,Agias Filaxeos,Vasileos Georgiou II,3
2026-09-11T06:43:56Z,2026-09-11T09:48:54.853140+03:00,_4,11a2026dc49c,Agias Filaxeos,Agias Filaxeos,0
2026-09-11T06:43:56Z,2026-09-11T09:48:54.853140+03:00,_5,8efecb847652,Spyrou Kyprianou Ave,E147 - Archiepiskopou Makariou III Ave,3
2026-09-11T06:43:56Z,2026-09-11T09:48:54.853140+03:00,_0,07b7eb11e965,E147 - Archiepiskopou Makariou III Ave,E110 - 1 Apriliou,0
2026-09-11T06:43:56Z,2026-09-11T09:48:54.853140+03:00,_1,de7c5d112dc2,E110 - 1 Apriliou,E110 - Eleftherias,1
2026-09-11T06:43:56Z,2026-09-11T09:48:54.853140+03:00,_2,5f1fec2aa9f9,E110 - 1 Apriliou,E110,0
2026-09-11T06:43:56Z,2026-09-11T09:48:54.853140+03:00,_0,fe72ea2b224f,Strovolos,Lemesou Ave,0
2026-09-11T06:43:56Z,2026-09-11T09:48:54.853140+03:00,_1,1c3025f6d361,Strovolos,Lemesou Ave,3
2026-09-11T06:43:56Z,2026-09-11T09:48:54.853140+03:00,_2,7c50b274239b,Aglantzia,E164 - Armenias,0
2026-09-11T06:43:56Z,2026-09-11T09:48:54.853140+03:00,_3,c57daf65c80e,Lemesou Ave,Archiepiskopou Makariou III Ave,2
2026-09-11T06:43:56Z,2026-09-11T09:48:54.853140+03:00,_0,d0dc64f54734,,Lemesou Ave,0
2026-09-11T06:43:56Z,2026-09-11T09:48:54.853140+03:00,_1,1c3025f6d361,Strovolos,Lemesou Ave,3
2026-09-11T06:43:56Z,2026-09-11T09:48:54.853140+03:00,_2,7c50b274239b,Aglantzia,E164 - Armenias,0
2026-09-11T06:43:56Z,2026-09-11T09:48:54.853140+03:00,_3,43f05193c4b0,Lemesou Ave,Archiepiskopou Makariou III Ave,2
2026-09-11T06:43:56Z,2026-09-11T09:48:54.853140+03:00,_4,7e9e53411917,Lemesou Ave,E1302 - Nikis Ave,0
2026-09-11T06:43:56Z,2026-09-11T09:48:54.853140+03:00,_5,910016111853,B18 - Georgiou Griva Digeni Ave,B18 - Georgiou Griva Digeni Ave,3
2026-09-11T06:43:56Z,2026-09-11T09:48:54.853140+03:00,_6,bbf67e32aa17,B18 - Georgiou Griva Digeni Ave,Evagorou Ave,0
2026-09-11T06:43:56Z,2026-09-11T09:48:54.853140+03:00,_0,06afc6492b14,Exit 24 >E127 Germasogeia / E113 Lemesos-Centre,Germasogeia,2
2026-09-11T06:43:56Z,2026-09-11T09:48:54.853140+03:00,_1,3e1d75b9e16e,Agios Athanasios,"to A6 > Pafos, Pafos Airport",0
2026-09-11T06:54:04Z,2026-09-11T09:59:03.344907+03:00,_0,fe72ea2b224f,Strovolos,Lemesou Ave,0
2026-09-11T06:54:04Z,2026-09-11T09:59:03.344907+03:00,_1,1c3025f6d361,Strovolos,Lemesou Ave,3
2026-09-11T06:54:04Z,2026-09-11T09:59:03.344907+03:00,_2,7792802c8552,Aglantzia,Archiepiskopou Makariou III Ave,0
2026-09-11T06:54:04Z,2026-09-11T09:59:03.344907+03:00,_0,72b03ff9b5bc,E110,E110 - Agias Fylaxeos,0
2026-09-11T06:54:04Z,2026-09-11T09:59:03.344907+03:00,_1,e50ca2ecb1e0,E110 - 1 Apriliou,,3
2026-09-11T06:54:04Z,2026-09-11T09:59:03.344907+03:00,_2,a9a39a128bc3,E110 - Agias Fylaxeos,Agias Filaxeos,0
2026-09-11T06:54:04Z,2026-09-11T09:59:03.344907+03:00,_3,4694793630d7,,Agias Filaxeos,4
2026-09-11T06:54:04Z,2026-09-11T09:59:03.344907+03:00,_4,71d30b703033,Agias Filaxeos,E147 - Archiepiskopou Makariou III Ave,0
2026-09-11T06:54:04Z,2026-09-11T09:59:03.344907+03:00,_5,0047479cf4c6,Agias Filaxeos,E147 - Archiepiskopou Makariou III Ave,4
2026-09-11T06:54:04Z,2026-09-11T09:59:03.344907+03:00,_0,06afc6492b14,Exit 24 >E127 Germasogeia / E113 Lemesos-Centre,Germasogeia,3
2026-09-11T06:54:04Z,2026-09-11T09:59:03.344907+03:00,_1,3e1d75b9e16e,Agios Athanasios,"to A6 > Pafos, Pafos Airport",0
2026-09-11T06:54:04Z,2026-09-11T09:59:03.344907+03:00,_0,d0dc64f54734,,Lemesou Ave,0
2026-09-11T06:54:04Z,2026-09-11T09:59:03.344907+03:00,_1,1c3025f6d361,Strovolos,Lemesou Ave,3
2026-09-11T06:54:04Z,2026-09-11T09:59:03.344907+03:00,_2,244a4f90b567,Aglantzia,Archiepiskopou Makariou III Ave,0
2026-09-11T06:54:04Z,2026-09-11T09:59:03.344907+03:00,_3,2f70270e55a2,Lemesou Ave,B18 - Georgiou Griva Digeni Ave,2
2026-09-11T06:54:04Z,2026-09-11T09:59:03.344907+03:00,_4,7c1a88e2db2c,Archiepiskopou Makariou III Ave,E1302 - Nikis Ave,0
2026-09-11T06:54:04Z,2026-09-11T09:59:03.344907+03:00,_5,910016111853,B18 - Georgiou Griva Digeni Ave,B18 - Georgiou Griva Digeni Ave,4
2026-09-11T06:54:04Z,2026-09-11T09:59:03.344907+03:00,_6,bbf67e32aa17,B18 - Georgiou Griva Digeni Ave,Evagorou Ave,0
