utc,feed,error
2026-07-23T14:39:59Z,tomtom:strovolou:ab,"tomtom [35.12272, 33.320753]->[35.15484, 33.349449]: UnicodeEncodeError: 'ascii' codec can't encode character '\ufeff' in position 77: ordinal not in range(128)"
2026-07-23T14:39:59Z,tomtom:strovolou:ba,"tomtom [35.15484, 33.349449]->[35.12272, 33.320753]: UnicodeEncodeError: 'ascii' codec can't encode character '\ufeff' in position 77: ordinal not in range(128)"
2026-07-23T14:39:59Z,tomtom:tseriou:ab,"tomtom [35.143548, 33.343464]->[35.121728, 33.335161]: UnicodeEncodeError: 'ascii' codec can't encode character '\ufeff' in position 79: ordinal not in range(128)"
2026-07-23T14:39:59Z,tomtom:tseriou:ba,"tomtom [35.121728, 33.335161]->[35.143548, 33.343464]: UnicodeEncodeError: 'ascii' codec can't encode character '\ufeff' in position 79: ordinal not in range(128)"
2026-07-23T14:39:59Z,tomtom:prodromou:ab,"tomtom [35.169599, 33.349447]->[35.149755, 33.342385]: UnicodeEncodeError: 'ascii' codec can't encode character '\ufeff' in position 79: ordinal not in range(128)"
2026-07-23T14:39:59Z,tomtom:prodromou:ba,"tomtom [35.149755, 33.342385]->[35.169599, 33.349447]: UnicodeEncodeError: 'ascii' codec can't encode character '\ufeff' in position 79: ordinal not in range(128)"
2026-07-23T14:39:59Z,tomtom:akropoleos:ab,"tomtom [35.160024, 33.358134]->[35.11565, 33.356195]: UnicodeEncodeError: 'ascii' codec can't encode character '\ufeff' in position 78: ordinal not in range(128)"
2026-07-23T14:39:59Z,tomtom:akropoleos:ba,"tomtom [35.11565, 33.356195]->[35.160024, 33.358134]: UnicodeEncodeError: 'ascii' codec can't encode character '\ufeff' in position 78: ordinal not in range(128)"
2026-07-23T14:39:59Z,tomtom:athalassas:ab,"tomtom [35.1504, 33.347064]->[35.14003, 33.374847]: UnicodeEncodeError: 'ascii' codec can't encode character '\ufeff' in position 76: ordinal not in range(128)"
2026-07-23T14:39:59Z,tomtom:athalassas:ba,"tomtom [35.14003, 33.374847]->[35.1504, 33.347064]: UnicodeEncodeError: 'ascii' codec can't encode character '\ufeff' in position 76: ordinal not in range(128)"
2026-07-23T14:39:59Z,tomtom:lemesou:ab,"tomtom [35.157593, 33.373428]->[35.140141, 33.374843]: UnicodeEncodeError: 'ascii' codec can't encode character '\ufeff' in position 79: ordinal not in range(128)"
2026-07-23T14:39:59Z,tomtom:lemesou:ba,"tomtom [35.140141, 33.374843]->[35.157593, 33.373428]: UnicodeEncodeError: 'ascii' codec can't encode character '\ufeff' in position 79: ordinal not in range(128)"
2026-07-23T14:39:59Z,tomtom:sp_kyprianou:ab,"tomtom [35.164561, 33.363944]->[35.136056, 33.30998]: UnicodeEncodeError: 'ascii' codec can't encode character '\ufeff' in position 78: ordinal not in range(128)"
2026-07-23T14:39:59Z,tomtom:sp_kyprianou:ba,"tomtom [35.136056, 33.30998]->[35.164561, 33.363944]: UnicodeEncodeError: 'ascii' codec can't encode character '\ufeff' in position 78: ordinal not in range(128)"
2026-07-23T14:39:59Z,tomtom:archangelou:ab,"tomtom [35.157991, 33.33707]->[35.119693, 33.312187]: UnicodeEncodeError: 'ascii' codec can't encode character '\ufeff' in position 78: ordinal not in range(128)"
2026-07-23T14:39:59Z,tomtom:archangelou:ba,"tomtom [35.119693, 33.312187]->[35.157991, 33.33707]: UnicodeEncodeError: 'ascii' codec can't encode character '\ufeff' in position 78: ordinal not in range(128)"
2026-07-23T14:39:59Z,tomtom:konstantinoup:ab,"tomtom [35.137401, 33.341347]->[35.114216, 33.345546]: UnicodeEncodeError: 'ascii' codec can't encode character '\ufeff' in position 79: ordinal not in range(128)"
2026-07-23T14:39:59Z,tomtom:konstantinoup:ba,"tomtom [35.114216, 33.345546]->[35.137401, 33.341347]: UnicodeEncodeError: 'ascii' codec can't encode character '\ufeff' in position 79: ordinal not in range(128)"
2026-07-23T14:39:59Z,tomtom:stavrou:ab,"tomtom [35.135892, 33.369783]->[35.138576, 33.347355]: UnicodeEncodeError: 'ascii' codec can't encode character '\ufeff' in position 79: ordinal not in range(128)"
2026-07-23T14:39:59Z,tomtom:stavrou:ba,"tomtom [35.138576, 33.347355]->[35.135892, 33.369783]: UnicodeEncodeError: 'ascii' codec can't encode character '\ufeff' in position 79: ordinal not in range(128)"
2026-07-23T14:39:59Z,tomtom:makedonitissas:ab,"tomtom [35.146121, 33.340206]->[35.147318, 33.324694]: UnicodeEncodeError: 'ascii' codec can't encode character '\ufeff' in position 79: ordinal not in range(128)"
2026-07-23T14:39:59Z,tomtom:makedonitissas:ba,"tomtom [35.147318, 33.324694]->[35.146121, 33.340206]: UnicodeEncodeError: 'ascii' codec can't encode character '\ufeff' in position 79: ordinal not in range(128)"
2026-07-23T14:39:59Z,tomtom:armenias:ab,"tomtom [35.15182, 33.374646]->[35.154731, 33.363603]: UnicodeEncodeError: 'ascii' codec can't encode character '\ufeff' in position 78: ordinal not in range(128)"
2026-07-23T14:39:59Z,tomtom:armenias:ba,"tomtom [35.154731, 33.363603]->[35.15182, 33.374646]: UnicodeEncodeError: 'ascii' codec can't encode character '\ufeff' in position 78: ordinal not in range(128)"
2026-07-23T14:39:59Z,tomtom:arch_kyprianou:ab,"tomtom [35.152804, 33.34768]->[35.143283, 33.339402]: UnicodeEncodeError: 'ascii' codec can't encode character '\ufeff' in position 78: ordinal not in range(128)"
2026-07-23T14:39:59Z,tomtom:arch_kyprianou:ba,"tomtom [35.143283, 33.339402]->[35.152804, 33.34768]: UnicodeEncodeError: 'ascii' codec can't encode character '\ufeff' in position 78: ordinal not in range(128)"
2026-07-23T14:39:59Z,tomtom:a1_motorway:ab,"tomtom [35.027876, 33.380984]->[35.119577, 33.36273]: UnicodeEncodeError: 'ascii' codec can't encode character '\ufeff' in position 78: ordinal not in range(128)"
2026-07-23T14:39:59Z,tomtom:a1_motorway:ba,"tomtom [35.119577, 33.36273]->[35.027876, 33.380984]: UnicodeEncodeError: 'ascii' codec can't encode character '\ufeff' in position 78: ordinal not in range(128)"
2026-07-23T14:39:59Z,tomtom:makariou_lakat:ab,"tomtom [35.12272, 33.320753]->[35.085908, 33.278088]: UnicodeEncodeError: 'ascii' codec can't encode character '\ufeff' in position 78: ordinal not in range(128)"
2026-07-23T14:39:59Z,tomtom:makariou_lakat:ba,"tomtom [35.085908, 33.278088]->[35.12272, 33.320753]: UnicodeEncodeError: 'ascii' codec can't encode character '\ufeff' in position 78: ordinal not in range(128)"
2026-07-23T14:39:59Z,tomtom:griva_digeni:ab,"tomtom [35.162859, 33.359079]->[35.167301, 33.316525]: UnicodeEncodeError: 'ascii' codec can't encode character '\ufeff' in position 79: ordinal not in range(128)"
2026-07-23T14:39:59Z,tomtom:griva_digeni:ba,"tomtom [35.167301, 33.316525]->[35.162859, 33.359079]: UnicodeEncodeError: 'ascii' codec can't encode character '\ufeff' in position 79: ordinal not in range(128)"
2026-07-23T14:39:59Z,tomtom:aglantzias:ab,"tomtom [35.157137, 33.393593]->[35.155062, 33.375115]: UnicodeEncodeError: 'ascii' codec can't encode character '\ufeff' in position 79: ordinal not in range(128)"
2026-07-23T14:39:59Z,tomtom:aglantzias:ba,"tomtom [35.155062, 33.375115]->[35.157137, 33.393593]: UnicodeEncodeError: 'ascii' codec can't encode character '\ufeff' in position 79: ordinal not in range(128)"
2026-07-23T14:39:59Z,tomtom:kranidioti:ab,"tomtom [35.111526, 33.312749]->[35.098539, 33.313964]: UnicodeEncodeError: 'ascii' codec can't encode character '\ufeff' in position 79: ordinal not in range(128)"
2026-07-23T14:39:59Z,tomtom:kranidioti:ba,"tomtom [35.098539, 33.313964]->[35.111526, 33.312749]: UnicodeEncodeError: 'ascii' codec can't encode character '\ufeff' in position 79: ordinal not in range(128)"
2026-07-23T14:39:59Z,tomtom:perimetrikos:ab,"tomtom [35.11197, 33.312854]->[35.112594, 33.332121]: UnicodeEncodeError: 'ascii' codec can't encode character '\ufeff' in position 78: ordinal not in range(128)"
2026-07-23T14:39:59Z,tomtom:perimetrikos:ba,"tomtom [35.112594, 33.332121]->[35.11197, 33.312854]: UnicodeEncodeError: 'ascii' codec can't encode character '\ufeff' in position 78: ordinal not in range(128)"
2026-07-23T14:39:59Z,tomtom:hatziiosif:ab,"tomtom [35.145493, 33.359842]->[35.127394, 33.356469]: UnicodeEncodeError: 'ascii' codec can't encode character '\ufeff' in position 79: ordinal not in range(128)"
2026-07-23T14:39:59Z,tomtom:hatziiosif:ba,"tomtom [35.127394, 33.356469]->[35.145493, 33.359842]: UnicodeEncodeError: 'ascii' codec can't encode character '\ufeff' in position 79: ordinal not in range(128)"
2026-07-23T14:39:59Z,tomtom:perikleous:ab,"tomtom [35.141783, 33.358663]->[35.144587, 33.344631]: UnicodeEncodeError: 'ascii' codec can't encode character '\ufeff' in position 79: ordinal not in range(128)"
2026-07-23T14:39:59Z,tomtom:perikleous:ba,"tomtom [35.144587, 33.344631]->[35.141783, 33.358663]: UnicodeEncodeError: 'ascii' codec can't encode character '\ufeff' in position 79: ordinal not in range(128)"
2026-07-23T14:39:59Z,tomtom:avraamidi:ab,"tomtom [35.141783, 33.358663]->[35.141938, 33.369639]: UnicodeEncodeError: 'ascii' codec can't encode character '\ufeff' in position 79: ordinal not in range(128)"
2026-07-23T14:39:59Z,tomtom:avraamidi:ba,"tomtom [35.141938, 33.369639]->[35.141783, 33.358663]: UnicodeEncodeError: 'ascii' codec can't encode character '\ufeff' in position 79: ordinal not in range(128)"
2026-07-23T14:39:59Z,tomtom:athinon:ab,"tomtom [35.143831, 33.34371]->[35.136006, 33.34964]: UnicodeEncodeError: 'ascii' codec can't encode character '\ufeff' in position 77: ordinal not in range(128)"
2026-07-23T14:39:59Z,tomtom:athinon:ba,"tomtom [35.136006, 33.34964]->[35.143831, 33.34371]: UnicodeEncodeError: 'ascii' codec can't encode character '\ufeff' in position 77: ordinal not in range(128)"
2026-07-23T14:39:59Z,tomtom:tasou_markou:ab,"tomtom [35.136095, 33.369813]->[35.13909, 33.366402]: UnicodeEncodeError: 'ascii' codec can't encode character '\ufeff' in position 78: ordinal not in range(128)"
2026-07-23T14:39:59Z,tomtom:tasou_markou:ba,"tomtom [35.13909, 33.366402]->[35.136095, 33.369813]: UnicodeEncodeError: 'ascii' codec can't encode character '\ufeff' in position 78: ordinal not in range(128)"
2026-07-23T14:39:59Z,tomtom:peiraios:ab,"tomtom [35.142737, 33.351744]->[35.147838, 33.353557]: UnicodeEncodeError: 'ascii' codec can't encode character '\ufeff' in position 79: ordinal not in range(128)"
2026-07-23T14:39:59Z,tomtom:peiraios:ba,"tomtom [35.147838, 33.353557]->[35.142737, 33.351744]: UnicodeEncodeError: 'ascii' codec can't encode character '\ufeff' in position 79: ordinal not in range(128)"
2026-07-23T14:57:51Z,tomtom:strovolou:ab,"tomtom [35.12272, 33.320753]->[35.15484, 33.349449]: UnicodeEncodeError: 'ascii' codec can't encode character '\ufeff' in position 77: ordinal not in range(128)"
2026-07-23T14:57:51Z,tomtom:strovolou:ba,"tomtom [35.15484, 33.349449]->[35.12272, 33.320753]: UnicodeEncodeError: 'ascii' codec can't encode character '\ufeff' in position 77: ordinal not in range(128)"
2026-07-23T14:57:51Z,tomtom:tseriou:ab,"tomtom [35.143548, 33.343464]->[35.121728, 33.335161]: UnicodeEncodeError: 'ascii' codec can't encode character '\ufeff' in position 79: ordinal not in range(128)"
2026-07-23T14:57:51Z,tomtom:tseriou:ba,"tomtom [35.121728, 33.335161]->[35.143548, 33.343464]: UnicodeEncodeError: 'ascii' codec can't encode character '\ufeff' in position 79: ordinal not in range(128)"
2026-07-23T14:57:51Z,tomtom:prodromou:ab,"tomtom [35.169599, 33.349447]->[35.149755, 33.342385]: UnicodeEncodeError: 'ascii' codec can't encode character '\ufeff' in position 79: ordinal not in range(128)"
2026-07-23T14:57:51Z,tomtom:prodromou:ba,"tomtom [35.149755, 33.342385]->[35.169599, 33.349447]: UnicodeEncodeError: 'ascii' codec can't encode character '\ufeff' in position 79: ordinal not in range(128)"
2026-07-23T14:57:51Z,tomtom:akropoleos:ab,"tomtom [35.160024, 33.358134]->[35.11565, 33.356195]: UnicodeEncodeError: 'ascii' codec can't encode character '\ufeff' in position 78: ordinal not in range(128)"
2026-07-23T14:57:51Z,tomtom:akropoleos:ba,"tomtom [35.11565, 33.356195]->[35.160024, 33.358134]: UnicodeEncodeError: 'ascii' codec can't encode character '\ufeff' in position 78: ordinal not in range(128)"
2026-07-23T14:57:51Z,tomtom:athalassas:ab,"tomtom [35.1504, 33.347064]->[35.14003, 33.374847]: UnicodeEncodeError: 'ascii' codec can't encode character '\ufeff' in position 76: ordinal not in range(128)"
2026-07-23T14:57:51Z,tomtom:athalassas:ba,"tomtom [35.14003, 33.374847]->[35.1504, 33.347064]: UnicodeEncodeError: 'ascii' codec can't encode character '\ufeff' in position 76: ordinal not in range(128)"
2026-07-23T14:57:51Z,tomtom:lemesou:ab,"tomtom [35.157593, 33.373428]->[35.140141, 33.374843]: UnicodeEncodeError: 'ascii' codec can't encode character '\ufeff' in position 79: ordinal not in range(128)"
2026-07-23T14:57:51Z,tomtom:lemesou:ba,"tomtom [35.140141, 33.374843]->[35.157593, 33.373428]: UnicodeEncodeError: 'ascii' codec can't encode character '\ufeff' in position 79: ordinal not in range(128)"
2026-07-23T14:57:51Z,tomtom:sp_kyprianou:ab,"tomtom [35.164561, 33.363944]->[35.136056, 33.30998]: UnicodeEncodeError: 'ascii' codec can't encode character '\ufeff' in position 78: ordinal not in range(128)"
2026-07-23T14:57:51Z,tomtom:sp_kyprianou:ba,"tomtom [35.136056, 33.30998]->[35.164561, 33.363944]: UnicodeEncodeError: 'ascii' codec can't encode character '\ufeff' in position 78: ordinal not in range(128)"
2026-07-23T14:57:51Z,tomtom:archangelou:ab,"tomtom [35.157991, 33.33707]->[35.119693, 33.312187]: UnicodeEncodeError: 'ascii' codec can't encode character '\ufeff' in position 78: ordinal not in range(128)"
2026-07-23T14:57:51Z,tomtom:archangelou:ba,"tomtom [35.119693, 33.312187]->[35.157991, 33.33707]: UnicodeEncodeError: 'ascii' codec can't encode character '\ufeff' in position 78: ordinal not in range(128)"
2026-07-23T14:57:51Z,tomtom:konstantinoup:ab,"tomtom [35.137401, 33.341347]->[35.114216, 33.345546]: UnicodeEncodeError: 'ascii' codec can't encode character '\ufeff' in position 79: ordinal not in range(128)"
2026-07-23T14:57:51Z,tomtom:konstantinoup:ba,"tomtom [35.114216, 33.345546]->[35.137401, 33.341347]: UnicodeEncodeError: 'ascii' codec can't encode character '\ufeff' in position 79: ordinal not in range(128)"
2026-07-23T14:57:51Z,tomtom:stavrou:ab,"tomtom [35.135892, 33.369783]->[35.138576, 33.347355]: UnicodeEncodeError: 'ascii' codec can't encode character '\ufeff' in position 79: ordinal not in range(128)"
2026-07-23T14:57:51Z,tomtom:stavrou:ba,"tomtom [35.138576, 33.347355]->[35.135892, 33.369783]: UnicodeEncodeError: 'ascii' codec can't encode character '\ufeff' in position 79: ordinal not in range(128)"
2026-07-23T14:57:51Z,tomtom:makedonitissas:ab,"tomtom [35.146121, 33.340206]->[35.147318, 33.324694]: UnicodeEncodeError: 'ascii' codec can't encode character '\ufeff' in position 79: ordinal not in range(128)"
2026-07-23T14:57:51Z,tomtom:makedonitissas:ba,"tomtom [35.147318, 33.324694]->[35.146121, 33.340206]: UnicodeEncodeError: 'ascii' codec can't encode character '\ufeff' in position 79: ordinal not in range(128)"
2026-07-23T14:57:51Z,tomtom:armenias:ab,"tomtom [35.15182, 33.374646]->[35.154731, 33.363603]: UnicodeEncodeError: 'ascii' codec can't encode character '\ufeff' in position 78: ordinal not in range(128)"
2026-07-23T14:57:51Z,tomtom:armenias:ba,"tomtom [35.154731, 33.363603]->[35.15182, 33.374646]: UnicodeEncodeError: 'ascii' codec can't encode character '\ufeff' in position 78: ordinal not in range(128)"
2026-07-23T14:57:51Z,tomtom:arch_kyprianou:ab,"tomtom [35.152804, 33.34768]->[35.143283, 33.339402]: UnicodeEncodeError: 'ascii' codec can't encode character '\ufeff' in position 78: ordinal not in range(128)"
2026-07-23T14:57:51Z,tomtom:arch_kyprianou:ba,"tomtom [35.143283, 33.339402]->[35.152804, 33.34768]: UnicodeEncodeError: 'ascii' codec can't encode character '\ufeff' in position 78: ordinal not in range(128)"
2026-07-23T14:57:51Z,tomtom:a1_motorway:ab,"tomtom [35.027876, 33.380984]->[35.119577, 33.36273]: UnicodeEncodeError: 'ascii' codec can't encode character '\ufeff' in position 78: ordinal not in range(128)"
2026-07-23T14:57:51Z,tomtom:a1_motorway:ba,"tomtom [35.119577, 33.36273]->[35.027876, 33.380984]: UnicodeEncodeError: 'ascii' codec can't encode character '\ufeff' in position 78: ordinal not in range(128)"
2026-07-23T14:57:51Z,tomtom:makariou_lakat:ab,"tomtom [35.12272, 33.320753]->[35.085908, 33.278088]: UnicodeEncodeError: 'ascii' codec can't encode character '\ufeff' in position 78: ordinal not in range(128)"
2026-07-23T14:57:51Z,tomtom:makariou_lakat:ba,"tomtom [35.085908, 33.278088]->[35.12272, 33.320753]: UnicodeEncodeError: 'ascii' codec can't encode character '\ufeff' in position 78: ordinal not in range(128)"
2026-07-23T14:57:51Z,tomtom:griva_digeni:ab,"tomtom [35.162859, 33.359079]->[35.167301, 33.316525]: UnicodeEncodeError: 'ascii' codec can't encode character '\ufeff' in position 79: ordinal not in range(128)"
2026-07-23T14:57:51Z,tomtom:griva_digeni:ba,"tomtom [35.167301, 33.316525]->[35.162859, 33.359079]: UnicodeEncodeError: 'ascii' codec can't encode character '\ufeff' in position 79: ordinal not in range(128)"
2026-07-23T14:57:51Z,tomtom:aglantzias:ab,"tomtom [35.157137, 33.393593]->[35.155062, 33.375115]: UnicodeEncodeError: 'ascii' codec can't encode character '\ufeff' in position 79: ordinal not in range(128)"
2026-07-23T14:57:51Z,tomtom:aglantzias:ba,"tomtom [35.155062, 33.375115]->[35.157137, 33.393593]: UnicodeEncodeError: 'ascii' codec can't encode character '\ufeff' in position 79: ordinal not in range(128)"
2026-07-23T14:57:51Z,tomtom:kranidioti:ab,"tomtom [35.111526, 33.312749]->[35.098539, 33.313964]: UnicodeEncodeError: 'ascii' codec can't encode character '\ufeff' in position 79: ordinal not in range(128)"
2026-07-23T14:57:51Z,tomtom:kranidioti:ba,"tomtom [35.098539, 33.313964]->[35.111526, 33.312749]: UnicodeEncodeError: 'ascii' codec can't encode character '\ufeff' in position 79: ordinal not in range(128)"
2026-07-23T14:57:51Z,tomtom:perimetrikos:ab,"tomtom [35.11197, 33.312854]->[35.112594, 33.332121]: UnicodeEncodeError: 'ascii' codec can't encode character '\ufeff' in position 78: ordinal not in range(128)"
2026-07-23T14:57:51Z,tomtom:perimetrikos:ba,"tomtom [35.112594, 33.332121]->[35.11197, 33.312854]: UnicodeEncodeError: 'ascii' codec can't encode character '\ufeff' in position 78: ordinal not in range(128)"
2026-07-23T14:57:51Z,tomtom:hatziiosif:ab,"tomtom [35.145493, 33.359842]->[35.127394, 33.356469]: UnicodeEncodeError: 'ascii' codec can't encode character '\ufeff' in position 79: ordinal not in range(128)"
2026-07-23T14:57:51Z,tomtom:hatziiosif:ba,"tomtom [35.127394, 33.356469]->[35.145493, 33.359842]: UnicodeEncodeError: 'ascii' codec can't encode character '\ufeff' in position 79: ordinal not in range(128)"
2026-07-23T14:57:51Z,tomtom:perikleous:ab,"tomtom [35.141783, 33.358663]->[35.144587, 33.344631]: UnicodeEncodeError: 'ascii' codec can't encode character '\ufeff' in position 79: ordinal not in range(128)"
2026-07-23T14:57:51Z,tomtom:perikleous:ba,"tomtom [35.144587, 33.344631]->[35.141783, 33.358663]: UnicodeEncodeError: 'ascii' codec can't encode character '\ufeff' in position 79: ordinal not in range(128)"
2026-07-23T14:57:51Z,tomtom:avraamidi:ab,"tomtom [35.141783, 33.358663]->[35.141938, 33.369639]: UnicodeEncodeError: 'ascii' codec can't encode character '\ufeff' in position 79: ordinal not in range(128)"
2026-07-23T14:57:51Z,tomtom:avraamidi:ba,"tomtom [35.141938, 33.369639]->[35.141783, 33.358663]: UnicodeEncodeError: 'ascii' codec can't encode character '\ufeff' in position 79: ordinal not in range(128)"
2026-07-23T14:57:51Z,tomtom:athinon:ab,"tomtom [35.143831, 33.34371]->[35.136006, 33.34964]: UnicodeEncodeError: 'ascii' codec can't encode character '\ufeff' in position 77: ordinal not in range(128)"
2026-07-23T14:57:51Z,tomtom:athinon:ba,"tomtom [35.136006, 33.34964]->[35.143831, 33.34371]: UnicodeEncodeError: 'ascii' codec can't encode character '\ufeff' in position 77: ordinal not in range(128)"
2026-07-23T14:57:51Z,tomtom:tasou_markou:ab,"tomtom [35.136095, 33.369813]->[35.13909, 33.366402]: UnicodeEncodeError: 'ascii' codec can't encode character '\ufeff' in position 78: ordinal not in range(128)"
2026-07-23T14:57:51Z,tomtom:tasou_markou:ba,"tomtom [35.13909, 33.366402]->[35.136095, 33.369813]: UnicodeEncodeError: 'ascii' codec can't encode character '\ufeff' in position 78: ordinal not in range(128)"
2026-07-23T14:57:51Z,tomtom:peiraios:ab,"tomtom [35.142737, 33.351744]->[35.147838, 33.353557]: UnicodeEncodeError: 'ascii' codec can't encode character '\ufeff' in position 79: ordinal not in range(128)"
2026-07-23T14:57:51Z,tomtom:peiraios:ba,"tomtom [35.147838, 33.353557]->[35.142737, 33.351744]: UnicodeEncodeError: 'ascii' codec can't encode character '\ufeff' in position 79: ordinal not in range(128)"
2026-07-23T15:15:43Z,tomtom:strovolou:ab,"tomtom [35.12272, 33.320753]->[35.15484, 33.349449]: UnicodeEncodeError: 'ascii' codec can't encode character '\ufeff' in position 77: ordinal not in range(128)"
2026-07-23T15:15:43Z,tomtom:strovolou:ba,"tomtom [35.15484, 33.349449]->[35.12272, 33.320753]: UnicodeEncodeError: 'ascii' codec can't encode character '\ufeff' in position 77: ordinal not in range(128)"
2026-07-23T15:15:43Z,tomtom:tseriou:ab,"tomtom [35.143548, 33.343464]->[35.121728, 33.335161]: UnicodeEncodeError: 'ascii' codec can't encode character '\ufeff' in position 79: ordinal not in range(128)"
2026-07-23T15:15:43Z,tomtom:tseriou:ba,"tomtom [35.121728, 33.335161]->[35.143548, 33.343464]: UnicodeEncodeError: 'ascii' codec can't encode character '\ufeff' in position 79: ordinal not in range(128)"
2026-07-23T15:15:43Z,tomtom:prodromou:ab,"tomtom [35.169599, 33.349447]->[35.149755, 33.342385]: UnicodeEncodeError: 'ascii' codec can't encode character '\ufeff' in position 79: ordinal not in range(128)"
2026-07-23T15:15:43Z,tomtom:prodromou:ba,"tomtom [35.149755, 33.342385]->[35.169599, 33.349447]: UnicodeEncodeError: 'ascii' codec can't encode character '\ufeff' in position 79: ordinal not in range(128)"
2026-07-23T15:15:43Z,tomtom:akropoleos:ab,"tomtom [35.160024, 33.358134]->[35.11565, 33.356195]: UnicodeEncodeError: 'ascii' codec can't encode character '\ufeff' in position 78: ordinal not in range(128)"
2026-07-23T15:15:43Z,tomtom:akropoleos:ba,"tomtom [35.11565, 33.356195]->[35.160024, 33.358134]: UnicodeEncodeError: 'ascii' codec can't encode character '\ufeff' in position 78: ordinal not in range(128)"
2026-07-23T15:15:43Z,tomtom:athalassas:ab,"tomtom [35.1504, 33.347064]->[35.14003, 33.374847]: UnicodeEncodeError: 'ascii' codec can't encode character '\ufeff' in position 76: ordinal not in range(128)"
2026-07-23T15:15:43Z,tomtom:athalassas:ba,"tomtom [35.14003, 33.374847]->[35.1504, 33.347064]: UnicodeEncodeError: 'ascii' codec can't encode character '\ufeff' in position 76: ordinal not in range(128)"
2026-07-23T15:15:43Z,tomtom:lemesou:ab,"tomtom [35.157593, 33.373428]->[35.140141, 33.374843]: UnicodeEncodeError: 'ascii' codec can't encode character '\ufeff' in position 79: ordinal not in range(128)"
2026-07-23T15:15:43Z,tomtom:lemesou:ba,"tomtom [35.140141, 33.374843]->[35.157593, 33.373428]: UnicodeEncodeError: 'ascii' codec can't encode character '\ufeff' in position 79: ordinal not in range(128)"
2026-07-23T15:15:43Z,tomtom:sp_kyprianou:ab,"tomtom [35.164561, 33.363944]->[35.136056, 33.30998]: UnicodeEncodeError: 'ascii' codec can't encode character '\ufeff' in position 78: ordinal not in range(128)"
2026-07-23T15:15:43Z,tomtom:sp_kyprianou:ba,"tomtom [35.136056, 33.30998]->[35.164561, 33.363944]: UnicodeEncodeError: 'ascii' codec can't encode character '\ufeff' in position 78: ordinal not in range(128)"
2026-07-23T15:15:43Z,tomtom:archangelou:ab,"tomtom [35.157991, 33.33707]->[35.119693, 33.312187]: UnicodeEncodeError: 'ascii' codec can't encode character '\ufeff' in position 78: ordinal not in range(128)"
2026-07-23T15:15:43Z,tomtom:archangelou:ba,"tomtom [35.119693, 33.312187]->[35.157991, 33.33707]: UnicodeEncodeError: 'ascii' codec can't encode character '\ufeff' in position 78: ordinal not in range(128)"
2026-07-23T15:15:43Z,tomtom:konstantinoup:ab,"tomtom [35.137401, 33.341347]->[35.114216, 33.345546]: UnicodeEncodeError: 'ascii' codec can't encode character '\ufeff' in position 79: ordinal not in range(128)"
2026-07-23T15:15:43Z,tomtom:konstantinoup:ba,"tomtom [35.114216, 33.345546]->[35.137401, 33.341347]: UnicodeEncodeError: 'ascii' codec can't encode character '\ufeff' in position 79: ordinal not in range(128)"
2026-07-23T15:15:43Z,tomtom:stavrou:ab,"tomtom [35.135892, 33.369783]->[35.138576, 33.347355]: UnicodeEncodeError: 'ascii' codec can't encode character '\ufeff' in position 79: ordinal not in range(128)"
2026-07-23T15:15:43Z,tomtom:stavrou:ba,"tomtom [35.138576, 33.347355]->[35.135892, 33.369783]: UnicodeEncodeError: 'ascii' codec can't encode character '\ufeff' in position 79: ordinal not in range(128)"
2026-07-23T15:15:43Z,tomtom:makedonitissas:ab,"tomtom [35.146121, 33.340206]->[35.147318, 33.324694]: UnicodeEncodeError: 'ascii' codec can't encode character '\ufeff' in position 79: ordinal not in range(128)"
2026-07-23T15:15:43Z,tomtom:makedonitissas:ba,"tomtom [35.147318, 33.324694]->[35.146121, 33.340206]: UnicodeEncodeError: 'ascii' codec can't encode character '\ufeff' in position 79: ordinal not in range(128)"
2026-07-23T15:15:43Z,tomtom:armenias:ab,"tomtom [35.15182, 33.374646]->[35.154731, 33.363603]: UnicodeEncodeError: 'ascii' codec can't encode character '\ufeff' in position 78: ordinal not in range(128)"
2026-07-23T15:15:43Z,tomtom:armenias:ba,"tomtom [35.154731, 33.363603]->[35.15182, 33.374646]: UnicodeEncodeError: 'ascii' codec can't encode character '\ufeff' in position 78: ordinal not in range(128)"
2026-07-23T15:15:43Z,tomtom:arch_kyprianou:ab,"tomtom [35.152804, 33.34768]->[35.143283, 33.339402]: UnicodeEncodeError: 'ascii' codec can't encode character '\ufeff' in position 78: ordinal not in range(128)"
2026-07-23T15:15:43Z,tomtom:arch_kyprianou:ba,"tomtom [35.143283, 33.339402]->[35.152804, 33.34768]: UnicodeEncodeError: 'ascii' codec can't encode character '\ufeff' in position 78: ordinal not in range(128)"
2026-07-23T15:15:43Z,tomtom:a1_motorway:ab,"tomtom [35.027876, 33.380984]->[35.119577, 33.36273]: UnicodeEncodeError: 'ascii' codec can't encode character '\ufeff' in position 78: ordinal not in range(128)"
2026-07-23T15:15:43Z,tomtom:a1_motorway:ba,"tomtom [35.119577, 33.36273]->[35.027876, 33.380984]: UnicodeEncodeError: 'ascii' codec can't encode character '\ufeff' in position 78: ordinal not in range(128)"
2026-07-23T15:15:43Z,tomtom:makariou_lakat:ab,"tomtom [35.12272, 33.320753]->[35.085908, 33.278088]: UnicodeEncodeError: 'ascii' codec can't encode character '\ufeff' in position 78: ordinal not in range(128)"
2026-07-23T15:15:43Z,tomtom:makariou_lakat:ba,"tomtom [35.085908, 33.278088]->[35.12272, 33.320753]: UnicodeEncodeError: 'ascii' codec can't encode character '\ufeff' in position 78: ordinal not in range(128)"
2026-07-23T15:15:43Z,tomtom:griva_digeni:ab,"tomtom [35.162859, 33.359079]->[35.167301, 33.316525]: UnicodeEncodeError: 'ascii' codec can't encode character '\ufeff' in position 79: ordinal not in range(128)"
2026-07-23T15:15:43Z,tomtom:griva_digeni:ba,"tomtom [35.167301, 33.316525]->[35.162859, 33.359079]: UnicodeEncodeError: 'ascii' codec can't encode character '\ufeff' in position 79: ordinal not in range(128)"
2026-07-23T15:15:43Z,tomtom:aglantzias:ab,"tomtom [35.157137, 33.393593]->[35.155062, 33.375115]: UnicodeEncodeError: 'ascii' codec can't encode character '\ufeff' in position 79: ordinal not in range(128)"
2026-07-23T15:15:43Z,tomtom:aglantzias:ba,"tomtom [35.155062, 33.375115]->[35.157137, 33.393593]: UnicodeEncodeError: 'ascii' codec can't encode character '\ufeff' in position 79: ordinal not in range(128)"
2026-07-23T15:15:43Z,tomtom:kranidioti:ab,"tomtom [35.111526, 33.312749]->[35.098539, 33.313964]: UnicodeEncodeError: 'ascii' codec can't encode character '\ufeff' in position 79: ordinal not in range(128)"
2026-07-23T15:15:43Z,tomtom:kranidioti:ba,"tomtom [35.098539, 33.313964]->[35.111526, 33.312749]: UnicodeEncodeError: 'ascii' codec can't encode character '\ufeff' in position 79: ordinal not in range(128)"
2026-07-23T15:15:43Z,tomtom:perimetrikos:ab,"tomtom [35.11197, 33.312854]->[35.112594, 33.332121]: UnicodeEncodeError: 'ascii' codec can't encode character '\ufeff' in position 78: ordinal not in range(128)"
2026-07-23T15:15:43Z,tomtom:perimetrikos:ba,"tomtom [35.112594, 33.332121]->[35.11197, 33.312854]: UnicodeEncodeError: 'ascii' codec can't encode character '\ufeff' in position 78: ordinal not in range(128)"
2026-07-23T15:15:43Z,tomtom:hatziiosif:ab,"tomtom [35.145493, 33.359842]->[35.127394, 33.356469]: UnicodeEncodeError: 'ascii' codec can't encode character '\ufeff' in position 79: ordinal not in range(128)"
2026-07-23T15:15:43Z,tomtom:hatziiosif:ba,"tomtom [35.127394, 33.356469]->[35.145493, 33.359842]: UnicodeEncodeError: 'ascii' codec can't encode character '\ufeff' in position 79: ordinal not in range(128)"
2026-07-23T15:15:43Z,tomtom:perikleous:ab,"tomtom [35.141783, 33.358663]->[35.144587, 33.344631]: UnicodeEncodeError: 'ascii' codec can't encode character '\ufeff' in position 79: ordinal not in range(128)"
2026-07-23T15:15:43Z,tomtom:perikleous:ba,"tomtom [35.144587, 33.344631]->[35.141783, 33.358663]: UnicodeEncodeError: 'ascii' codec can't encode character '\ufeff' in position 79: ordinal not in range(128)"
2026-07-23T15:15:43Z,tomtom:avraamidi:ab,"tomtom [35.141783, 33.358663]->[35.141938, 33.369639]: UnicodeEncodeError: 'ascii' codec can't encode character '\ufeff' in position 79: ordinal not in range(128)"
2026-07-23T15:15:43Z,tomtom:avraamidi:ba,"tomtom [35.141938, 33.369639]->[35.141783, 33.358663]: UnicodeEncodeError: 'ascii' codec can't encode character '\ufeff' in position 79: ordinal not in range(128)"
2026-07-23T15:15:43Z,tomtom:athinon:ab,"tomtom [35.143831, 33.34371]->[35.136006, 33.34964]: UnicodeEncodeError: 'ascii' codec can't encode character '\ufeff' in position 77: ordinal not in range(128)"
2026-07-23T15:15:43Z,tomtom:athinon:ba,"tomtom [35.136006, 33.34964]->[35.143831, 33.34371]: UnicodeEncodeError: 'ascii' codec can't encode character '\ufeff' in position 77: ordinal not in range(128)"
2026-07-23T15:15:43Z,tomtom:tasou_markou:ab,"tomtom [35.136095, 33.369813]->[35.13909, 33.366402]: UnicodeEncodeError: 'ascii' codec can't encode character '\ufeff' in position 78: ordinal not in range(128)"
2026-07-23T15:15:43Z,tomtom:tasou_markou:ba,"tomtom [35.13909, 33.366402]->[35.136095, 33.369813]: UnicodeEncodeError: 'ascii' codec can't encode character '\ufeff' in position 78: ordinal not in range(128)"
2026-07-23T15:15:43Z,tomtom:peiraios:ab,"tomtom [35.142737, 33.351744]->[35.147838, 33.353557]: UnicodeEncodeError: 'ascii' codec can't encode character '\ufeff' in position 79: ordinal not in range(128)"
2026-07-23T15:15:43Z,tomtom:peiraios:ba,"tomtom [35.147838, 33.353557]->[35.142737, 33.351744]: UnicodeEncodeError: 'ascii' codec can't encode character '\ufeff' in position 79: ordinal not in range(128)"
2026-07-26T10:29:54Z,traffic,"https://fixcyprus.cy/gnosis/open/api/nap/datasets/waze_traffic/: ParseError: syntax error: line 1, column 0"
2026-08-04T10:12:35Z,alerts,"https://fixcyprus.cy/gnosis/open/api/nap/datasets/waze_alerts/: ParseError: syntax error: line 1, column 0"
2026-08-04T10:24:02Z,alerts,"https://fixcyprus.cy/gnosis/open/api/nap/datasets/waze_alerts/: ParseError: syntax error: line 1, column 0"
2026-08-04T10:35:28Z,alerts,"https://fixcyprus.cy/gnosis/open/api/nap/datasets/waze_alerts/: ParseError: syntax error: line 1, column 0"
2026-08-04T10:47:46Z,alerts,"https://fixcyprus.cy/gnosis/open/api/nap/datasets/waze_alerts/: ParseError: syntax error: line 1, column 0"
2026-08-04T11:00:49Z,alerts,"https://fixcyprus.cy/gnosis/open/api/nap/datasets/waze_alerts/: ParseError: syntax error: line 1, column 0"
2026-08-04T11:12:25Z,alerts,"https://fixcyprus.cy/gnosis/open/api/nap/datasets/waze_alerts/: ParseError: syntax error: line 1, column 0"
2026-08-04T11:23:52Z,alerts,"https://fixcyprus.cy/gnosis/open/api/nap/datasets/waze_alerts/: ParseError: syntax error: line 1, column 0"
2026-08-04T11:36:40Z,alerts,"https://fixcyprus.cy/gnosis/open/api/nap/datasets/waze_alerts/: ParseError: syntax error: line 1, column 0"
2026-08-04T11:39:49Z,alerts,"https://fixcyprus.cy/gnosis/open/api/nap/datasets/waze_alerts/: ParseError: syntax error: line 1, column 0"
2026-08-04T11:50:59Z,alerts,"https://fixcyprus.cy/gnosis/open/api/nap/datasets/waze_alerts/: ParseError: syntax error: line 1, column 0"
2026-08-04T12:02:05Z,alerts,"https://fixcyprus.cy/gnosis/open/api/nap/datasets/waze_alerts/: ParseError: syntax error: line 1, column 0"
2026-08-04T12:13:44Z,traffic,"https://fixcyprus.cy/gnosis/open/api/nap/datasets/waze_traffic/: ParseError: syntax error: line 1, column 0"
2026-08-04T12:13:44Z,alerts,"https://fixcyprus.cy/gnosis/open/api/nap/datasets/waze_alerts/: ParseError: syntax error: line 1, column 0"
2026-08-04T12:26:37Z,alerts,"https://fixcyprus.cy/gnosis/open/api/nap/datasets/waze_alerts/: ParseError: syntax error: line 1, column 0"
2026-08-04T12:50:19Z,alerts,"https://fixcyprus.cy/gnosis/open/api/nap/datasets/waze_alerts/: ParseError: syntax error: line 1, column 0"
2026-08-04T13:01:45Z,alerts,"https://fixcyprus.cy/gnosis/open/api/nap/datasets/waze_alerts/: ParseError: syntax error: line 1, column 0"
2026-08-04T13:13:13Z,alerts,"https://fixcyprus.cy/gnosis/open/api/nap/datasets/waze_alerts/: ParseError: syntax error: line 1, column 0"
2026-08-04T13:24:22Z,alerts,"https://fixcyprus.cy/gnosis/open/api/nap/datasets/waze_alerts/: ParseError: syntax error: line 1, column 0"
2026-08-04T13:46:58Z,alerts,"https://fixcyprus.cy/gnosis/open/api/nap/datasets/waze_alerts/: ParseError: syntax error: line 1, column 0"
2026-08-04T13:58:28Z,alerts,"https://fixcyprus.cy/gnosis/open/api/nap/datasets/waze_alerts/: ParseError: syntax error: line 1, column 0"
2026-08-04T14:10:52Z,alerts,"https://fixcyprus.cy/gnosis/open/api/nap/datasets/waze_alerts/: ParseError: syntax error: line 1, column 0"
2026-08-04T14:23:22Z,alerts,"https://fixcyprus.cy/gnosis/open/api/nap/datasets/waze_alerts/: ParseError: syntax error: line 1, column 0"
2026-08-04T14:35:16Z,alerts,"https://fixcyprus.cy/gnosis/open/api/nap/datasets/waze_alerts/: ParseError: syntax error: line 1, column 0"
2026-08-04T14:37:13Z,alerts,"https://fixcyprus.cy/gnosis/open/api/nap/datasets/waze_alerts/: ParseError: syntax error: line 1, column 0"
2026-08-09T17:08:29Z,tomtom:strovolou:ab,"tomtom [35.12272, 33.320753]->[35.15484, 33.349449]: HTTPError: HTTP Error 403: Forbidden"
2026-08-09T17:08:29Z,tomtom:strovolou:ba,"tomtom [35.15484, 33.349449]->[35.12272, 33.320753]: HTTPError: HTTP Error 403: Forbidden"
2026-08-09T17:08:29Z,tomtom:tseriou:ab,"tomtom [35.143548, 33.343464]->[35.121728, 33.335161]: HTTPError: HTTP Error 403: Forbidden"
2026-08-09T17:08:29Z,tomtom:tseriou:ba,"tomtom [35.121728, 33.335161]->[35.143548, 33.343464]: HTTPError: HTTP Error 403: Forbidden"
2026-08-09T17:08:29Z,tomtom:prodromou:ab,"tomtom [35.169599, 33.349447]->[35.149755, 33.342385]: HTTPError: HTTP Error 403: Forbidden"
2026-08-09T17:08:29Z,tomtom:prodromou:ba,"tomtom [35.149755, 33.342385]->[35.169599, 33.349447]: HTTPError: HTTP Error 403: Forbidden"
2026-08-09T17:08:29Z,tomtom:akropoleos:ab,"tomtom [35.160024, 33.358134]->[35.11565, 33.356195]: HTTPError: HTTP Error 403: Forbidden"
2026-08-09T17:08:29Z,tomtom:akropoleos:ba,"tomtom [35.11565, 33.356195]->[35.160024, 33.358134]: HTTPError: HTTP Error 403: Forbidden"
2026-08-09T17:08:29Z,tomtom:athalassas:ab,"tomtom [35.1504, 33.347064]->[35.14003, 33.374847]: HTTPError: HTTP Error 403: Forbidden"
2026-08-09T17:08:29Z,tomtom:athalassas:ba,"tomtom [35.14003, 33.374847]->[35.1504, 33.347064]: HTTPError: HTTP Error 403: Forbidden"
2026-08-09T17:08:29Z,tomtom:lemesou:ab,"tomtom [35.157593, 33.373428]->[35.140141, 33.374843]: HTTPError: HTTP Error 403: Forbidden"
2026-08-09T17:08:29Z,tomtom:lemesou:ba,"tomtom [35.140141, 33.374843]->[35.157593, 33.373428]: HTTPError: HTTP Error 403: Forbidden"
2026-08-09T17:08:29Z,tomtom:sp_kyprianou:ab,"tomtom [35.164561, 33.363944]->[35.136056, 33.30998]: HTTPError: HTTP Error 403: Forbidden"
2026-08-09T17:08:29Z,tomtom:sp_kyprianou:ba,"tomtom [35.136056, 33.30998]->[35.164561, 33.363944]: HTTPError: HTTP Error 403: Forbidden"
2026-08-09T17:08:29Z,tomtom:archangelou:ab,"tomtom [35.157991, 33.33707]->[35.119693, 33.312187]: HTTPError: HTTP Error 403: Forbidden"
2026-08-09T17:08:29Z,tomtom:archangelou:ba,"tomtom [35.119693, 33.312187]->[35.157991, 33.33707]: HTTPError: HTTP Error 403: Forbidden"
2026-08-09T17:08:29Z,tomtom:konstantinoup:ab,"tomtom [35.137401, 33.341347]->[35.114216, 33.345546]: HTTPError: HTTP Error 403: Forbidden"
2026-08-09T17:08:29Z,tomtom:konstantinoup:ba,"tomtom [35.114216, 33.345546]->[35.137401, 33.341347]: HTTPError: HTTP Error 403: Forbidden"
2026-08-09T17:08:29Z,tomtom:stavrou:ab,"tomtom [35.135892, 33.369783]->[35.138576, 33.347355]: HTTPError: HTTP Error 403: Forbidden"
2026-08-09T17:08:29Z,tomtom:stavrou:ba,"tomtom [35.138576, 33.347355]->[35.135892, 33.369783]: HTTPError: HTTP Error 403: Forbidden"
2026-08-09T17:08:29Z,tomtom:makedonitissas:ab,"tomtom [35.146121, 33.340206]->[35.147318, 33.324694]: HTTPError: HTTP Error 403: Forbidden"
2026-08-09T17:08:29Z,tomtom:makedonitissas:ba,"tomtom [35.147318, 33.324694]->[35.146121, 33.340206]: HTTPError: HTTP Error 403: Forbidden"
2026-08-09T17:08:29Z,tomtom:armenias:ab,"tomtom [35.15182, 33.374646]->[35.154731, 33.363603]: HTTPError: HTTP Error 403: Forbidden"
2026-08-09T17:08:29Z,tomtom:armenias:ba,"tomtom [35.154731, 33.363603]->[35.15182, 33.374646]: HTTPError: HTTP Error 403: Forbidden"
2026-08-09T17:08:29Z,tomtom:arch_kyprianou:ab,"tomtom [35.152804, 33.34768]->[35.143283, 33.339402]: HTTPError: HTTP Error 403: Forbidden"
2026-08-09T17:08:29Z,tomtom:arch_kyprianou:ba,"tomtom [35.143283, 33.339402]->[35.152804, 33.34768]: HTTPError: HTTP Error 403: Forbidden"
2026-08-09T17:08:29Z,tomtom:a1_motorway:ab,"tomtom [35.027876, 33.380984]->[35.119577, 33.36273]: HTTPError: HTTP Error 403: Forbidden"
2026-08-09T17:08:29Z,tomtom:a1_motorway:ba,"tomtom [35.119577, 33.36273]->[35.027876, 33.380984]: HTTPError: HTTP Error 403: Forbidden"
2026-08-09T17:08:29Z,tomtom:makariou_lakat:ab,"tomtom [35.12272, 33.320753]->[35.085908, 33.278088]: HTTPError: HTTP Error 403: Forbidden"
2026-08-09T17:08:29Z,tomtom:makariou_lakat:ba,"tomtom [35.085908, 33.278088]->[35.12272, 33.320753]: HTTPError: HTTP Error 403: Forbidden"
2026-08-09T17:08:29Z,tomtom:griva_digeni:ab,"tomtom [35.162859, 33.359079]->[35.167301, 33.316525]: HTTPError: HTTP Error 403: Forbidden"
2026-08-09T17:08:29Z,tomtom:griva_digeni:ba,"tomtom [35.167301, 33.316525]->[35.162859, 33.359079]: HTTPError: HTTP Error 403: Forbidden"
2026-08-09T17:08:29Z,tomtom:aglantzias:ab,"tomtom [35.157137, 33.393593]->[35.155062, 33.375115]: HTTPError: HTTP Error 403: Forbidden"
2026-08-09T17:08:29Z,tomtom:aglantzias:ba,"tomtom [35.155062, 33.375115]->[35.157137, 33.393593]: HTTPError: HTTP Error 403: Forbidden"
2026-08-09T17:08:29Z,tomtom:kranidioti:ab,"tomtom [35.111526, 33.312749]->[35.098539, 33.313964]: HTTPError: HTTP Error 403: Forbidden"
2026-08-09T17:08:29Z,tomtom:kranidioti:ba,"tomtom [35.098539, 33.313964]->[35.111526, 33.312749]: HTTPError: HTTP Error 403: Forbidden"
2026-08-09T17:08:29Z,tomtom:perimetrikos:ab,"tomtom [35.11197, 33.312854]->[35.112594, 33.332121]: HTTPError: HTTP Error 403: Forbidden"
2026-08-09T17:08:29Z,tomtom:perimetrikos:ba,"tomtom [35.112594, 33.332121]->[35.11197, 33.312854]: HTTPError: HTTP Error 403: Forbidden"
2026-08-09T17:08:29Z,tomtom:hatziiosif:ab,"tomtom [35.145493, 33.359842]->[35.127394, 33.356469]: HTTPError: HTTP Error 403: Forbidden"
2026-08-09T17:08:29Z,tomtom:hatziiosif:ba,"tomtom [35.127394, 33.356469]->[35.145493, 33.359842]: HTTPError: HTTP Error 403: Forbidden"
2026-08-09T17:08:29Z,tomtom:perikleous:ab,"tomtom [35.141783, 33.358663]->[35.144587, 33.344631]: HTTPError: HTTP Error 403: Forbidden"
2026-08-09T17:08:29Z,tomtom:perikleous:ba,"tomtom [35.144587, 33.344631]->[35.141783, 33.358663]: HTTPError: HTTP Error 403: Forbidden"
2026-08-09T17:08:29Z,tomtom:avraamidi:ab,"tomtom [35.141783, 33.358663]->[35.141938, 33.369639]: HTTPError: HTTP Error 403: Forbidden"
2026-08-09T17:08:29Z,tomtom:avraamidi:ba,"tomtom [35.141938, 33.369639]->[35.141783, 33.358663]: HTTPError: HTTP Error 403: Forbidden"
2026-08-09T17:08:29Z,tomtom:athinon:ab,"tomtom [35.143831, 33.34371]->[35.136006, 33.34964]: HTTPError: HTTP Error 403: Forbidden"
2026-08-09T17:08:29Z,tomtom:athinon:ba,"tomtom [35.136006, 33.34964]->[35.143831, 33.34371]: HTTPError: HTTP Error 403: Forbidden"
2026-08-09T17:08:29Z,tomtom:tasou_markou:ab,"tomtom [35.136095, 33.369813]->[35.13909, 33.366402]: HTTPError: HTTP Error 403: Forbidden"
2026-08-09T17:08:29Z,tomtom:tasou_markou:ba,"tomtom [35.13909, 33.366402]->[35.136095, 33.369813]: HTTPError: HTTP Error 403: Forbidden"
2026-08-09T17:08:29Z,tomtom:peiraios:ab,"tomtom [35.142737, 33.351744]->[35.147838, 33.353557]: HTTPError: HTTP Error 403: Forbidden"
2026-08-09T17:08:29Z,tomtom:peiraios:ba,"tomtom [35.147838, 33.353557]->[35.142737, 33.351744]: HTTPError: HTTP Error 403: Forbidden"
2026-08-09T18:06:58Z,tomtom:strovolou:ab,"tomtom [35.12272, 33.320753]->[35.15484, 33.349449]: HTTPError: HTTP Error 403: Forbidden"
2026-08-09T18:06:58Z,tomtom:strovolou:ba,"tomtom [35.15484, 33.349449]->[35.12272, 33.320753]: HTTPError: HTTP Error 403: Forbidden"
2026-08-09T18:06:58Z,tomtom:tseriou:ab,"tomtom [35.143548, 33.343464]->[35.121728, 33.335161]: HTTPError: HTTP Error 403: Forbidden"
2026-08-09T18:06:58Z,tomtom:tseriou:ba,"tomtom [35.121728, 33.335161]->[35.143548, 33.343464]: HTTPError: HTTP Error 403: Forbidden"
2026-08-09T18:06:58Z,tomtom:prodromou:ab,"tomtom [35.169599, 33.349447]->[35.149755, 33.342385]: HTTPError: HTTP Error 403: Forbidden"
2026-08-09T18:06:58Z,tomtom:prodromou:ba,"tomtom [35.149755, 33.342385]->[35.169599, 33.349447]: HTTPError: HTTP Error 403: Forbidden"
2026-08-09T18:06:58Z,tomtom:akropoleos:ab,"tomtom [35.160024, 33.358134]->[35.11565, 33.356195]: HTTPError: HTTP Error 403: Forbidden"
2026-08-09T18:06:58Z,tomtom:akropoleos:ba,"tomtom [35.11565, 33.356195]->[35.160024, 33.358134]: HTTPError: HTTP Error 403: Forbidden"
2026-08-09T18:06:58Z,tomtom:athalassas:ab,"tomtom [35.1504, 33.347064]->[35.14003, 33.374847]: HTTPError: HTTP Error 403: Forbidden"
2026-08-09T18:06:58Z,tomtom:athalassas:ba,"tomtom [35.14003, 33.374847]->[35.1504, 33.347064]: HTTPError: HTTP Error 403: Forbidden"
2026-08-09T18:06:58Z,tomtom:lemesou:ab,"tomtom [35.157593, 33.373428]->[35.140141, 33.374843]: HTTPError: HTTP Error 403: Forbidden"
2026-08-09T18:06:58Z,tomtom:lemesou:ba,"tomtom [35.140141, 33.374843]->[35.157593, 33.373428]: HTTPError: HTTP Error 403: Forbidden"
2026-08-09T18:06:58Z,tomtom:sp_kyprianou:ab,"tomtom [35.164561, 33.363944]->[35.136056, 33.30998]: HTTPError: HTTP Error 403: Forbidden"
2026-08-09T18:06:58Z,tomtom:sp_kyprianou:ba,"tomtom [35.136056, 33.30998]->[35.164561, 33.363944]: HTTPError: HTTP Error 403: Forbidden"
2026-08-09T18:06:58Z,tomtom:archangelou:ab,"tomtom [35.157991, 33.33707]->[35.119693, 33.312187]: HTTPError: HTTP Error 403: Forbidden"
2026-08-09T18:06:58Z,tomtom:archangelou:ba,"tomtom [35.119693, 33.312187]->[35.157991, 33.33707]: HTTPError: HTTP Error 403: Forbidden"
2026-08-09T18:06:58Z,tomtom:konstantinoup:ab,"tomtom [35.137401, 33.341347]->[35.114216, 33.345546]: HTTPError: HTTP Error 403: Forbidden"
2026-08-09T18:06:58Z,tomtom:konstantinoup:ba,"tomtom [35.114216, 33.345546]->[35.137401, 33.341347]: HTTPError: HTTP Error 403: Forbidden"
2026-08-09T18:06:58Z,tomtom:stavrou:ab,"tomtom [35.135892, 33.369783]->[35.138576, 33.347355]: HTTPError: HTTP Error 403: Forbidden"
2026-08-09T18:06:58Z,tomtom:stavrou:ba,"tomtom [35.138576, 33.347355]->[35.135892, 33.369783]: HTTPError: HTTP Error 403: Forbidden"
2026-08-09T18:06:58Z,tomtom:makedonitissas:ab,"tomtom [35.146121, 33.340206]->[35.147318, 33.324694]: HTTPError: HTTP Error 403: Forbidden"
2026-08-09T18:06:58Z,tomtom:makedonitissas:ba,"tomtom [35.147318, 33.324694]->[35.146121, 33.340206]: HTTPError: HTTP Error 403: Forbidden"
2026-08-09T18:06:58Z,tomtom:armenias:ab,"tomtom [35.15182, 33.374646]->[35.154731, 33.363603]: HTTPError: HTTP Error 403: Forbidden"
2026-08-09T18:06:58Z,tomtom:armenias:ba,"tomtom [35.154731, 33.363603]->[35.15182, 33.374646]: HTTPError: HTTP Error 403: Forbidden"
2026-08-09T18:06:58Z,tomtom:arch_kyprianou:ab,"tomtom [35.152804, 33.34768]->[35.143283, 33.339402]: HTTPError: HTTP Error 403: Forbidden"
2026-08-09T18:06:58Z,tomtom:arch_kyprianou:ba,"tomtom [35.143283, 33.339402]->[35.152804, 33.34768]: HTTPError: HTTP Error 403: Forbidden"
2026-08-09T18:06:58Z,tomtom:a1_motorway:ab,"tomtom [35.027876, 33.380984]->[35.119577, 33.36273]: HTTPError: HTTP Error 403: Forbidden"
2026-08-09T18:06:58Z,tomtom:a1_motorway:ba,"tomtom [35.119577, 33.36273]->[35.027876, 33.380984]: HTTPError: HTTP Error 403: Forbidden"
2026-08-09T18:06:58Z,tomtom:makariou_lakat:ab,"tomtom [35.12272, 33.320753]->[35.085908, 33.278088]: HTTPError: HTTP Error 403: Forbidden"
2026-08-09T18:06:58Z,tomtom:makariou_lakat:ba,"tomtom [35.085908, 33.278088]->[35.12272, 33.320753]: HTTPError: HTTP Error 403: Forbidden"
2026-08-09T18:06:58Z,tomtom:griva_digeni:ab,"tomtom [35.162859, 33.359079]->[35.167301, 33.316525]: HTTPError: HTTP Error 403: Forbidden"
2026-08-09T18:06:58Z,tomtom:griva_digeni:ba,"tomtom [35.167301, 33.316525]->[35.162859, 33.359079]: HTTPError: HTTP Error 403: Forbidden"
2026-08-09T18:06:58Z,tomtom:aglantzias:ab,"tomtom [35.157137, 33.393593]->[35.155062, 33.375115]: HTTPError: HTTP Error 403: Forbidden"
2026-08-09T18:06:58Z,tomtom:aglantzias:ba,"tomtom [35.155062, 33.375115]->[35.157137, 33.393593]: HTTPError: HTTP Error 403: Forbidden"
2026-08-09T18:06:58Z,tomtom:kranidioti:ab,"tomtom [35.111526, 33.312749]->[35.098539, 33.313964]: HTTPError: HTTP Error 403: Forbidden"
2026-08-09T18:06:58Z,tomtom:kranidioti:ba,"tomtom [35.098539, 33.313964]->[35.111526, 33.312749]: HTTPError: HTTP Error 403: Forbidden"
2026-08-09T18:06:58Z,tomtom:perimetrikos:ab,"tomtom [35.11197, 33.312854]->[35.112594, 33.332121]: HTTPError: HTTP Error 403: Forbidden"
2026-08-09T18:06:58Z,tomtom:perimetrikos:ba,"tomtom [35.112594, 33.332121]->[35.11197, 33.312854]: HTTPError: HTTP Error 403: Forbidden"
2026-08-09T18:06:58Z,tomtom:hatziiosif:ab,"tomtom [35.145493, 33.359842]->[35.127394, 33.356469]: HTTPError: HTTP Error 403: Forbidden"
2026-08-09T18:06:58Z,tomtom:hatziiosif:ba,"tomtom [35.127394, 33.356469]->[35.145493, 33.359842]: HTTPError: HTTP Error 403: Forbidden"
2026-08-09T18:06:58Z,tomtom:perikleous:ab,"tomtom [35.141783, 33.358663]->[35.144587, 33.344631]: HTTPError: HTTP Error 403: Forbidden"
2026-08-09T18:06:58Z,tomtom:perikleous:ba,"tomtom [35.144587, 33.344631]->[35.141783, 33.358663]: HTTPError: HTTP Error 403: Forbidden"
2026-08-09T18:06:58Z,tomtom:avraamidi:ab,"tomtom [35.141783, 33.358663]->[35.141938, 33.369639]: HTTPError: HTTP Error 403: Forbidden"
2026-08-09T18:06:58Z,tomtom:avraamidi:ba,"tomtom [35.141938, 33.369639]->[35.141783, 33.358663]: HTTPError: HTTP Error 403: Forbidden"
2026-08-09T18:06:58Z,tomtom:athinon:ab,"tomtom [35.143831, 33.34371]->[35.136006, 33.34964]: HTTPError: HTTP Error 403: Forbidden"
2026-08-09T18:06:58Z,tomtom:athinon:ba,"tomtom [35.136006, 33.34964]->[35.143831, 33.34371]: HTTPError: HTTP Error 403: Forbidden"
2026-08-09T18:06:58Z,tomtom:tasou_markou:ab,"tomtom [35.136095, 33.369813]->[35.13909, 33.366402]: HTTPError: HTTP Error 403: Forbidden"
2026-08-09T18:06:58Z,tomtom:tasou_markou:ba,"tomtom [35.13909, 33.366402]->[35.136095, 33.369813]: HTTPError: HTTP Error 403: Forbidden"
2026-08-09T18:06:58Z,tomtom:peiraios:ab,"tomtom [35.142737, 33.351744]->[35.147838, 33.353557]: HTTPError: HTTP Error 403: Forbidden"
2026-08-09T18:06:58Z,tomtom:peiraios:ba,"tomtom [35.147838, 33.353557]->[35.142737, 33.351744]: HTTPError: HTTP Error 403: Forbidden"
2026-08-10T03:38:54Z,tomtom:strovolou:ab,"tomtom [35.12272, 33.320753]->[35.15484, 33.349449]: HTTPError: HTTP Error 403: Forbidden"
2026-08-10T03:38:54Z,tomtom:strovolou:ba,"tomtom [35.15484, 33.349449]->[35.12272, 33.320753]: HTTPError: HTTP Error 403: Forbidden"
2026-08-10T03:38:54Z,tomtom:tseriou:ab,"tomtom [35.143548, 33.343464]->[35.121728, 33.335161]: HTTPError: HTTP Error 403: Forbidden"
2026-08-10T03:38:54Z,tomtom:tseriou:ba,"tomtom [35.121728, 33.335161]->[35.143548, 33.343464]: HTTPError: HTTP Error 403: Forbidden"
2026-08-10T03:38:54Z,tomtom:prodromou:ab,"tomtom [35.169599, 33.349447]->[35.149755, 33.342385]: HTTPError: HTTP Error 403: Forbidden"
2026-08-10T03:38:54Z,tomtom:prodromou:ba,"tomtom [35.149755, 33.342385]->[35.169599, 33.349447]: HTTPError: HTTP Error 403: Forbidden"
2026-08-10T03:38:54Z,tomtom:akropoleos:ab,"tomtom [35.160024, 33.358134]->[35.11565, 33.356195]: HTTPError: HTTP Error 403: Forbidden"
2026-08-10T03:38:54Z,tomtom:akropoleos:ba,"tomtom [35.11565, 33.356195]->[35.160024, 33.358134]: HTTPError: HTTP Error 403: Forbidden"
2026-08-10T03:38:54Z,tomtom:athalassas:ab,"tomtom [35.1504, 33.347064]->[35.14003, 33.374847]: HTTPError: HTTP Error 403: Forbidden"
2026-08-10T03:38:54Z,tomtom:athalassas:ba,"tomtom [35.14003, 33.374847]->[35.1504, 33.347064]: HTTPError: HTTP Error 403: Forbidden"
2026-08-10T03:38:54Z,tomtom:lemesou:ab,"tomtom [35.157593, 33.373428]->[35.140141, 33.374843]: HTTPError: HTTP Error 403: Forbidden"
2026-08-10T03:38:54Z,tomtom:lemesou:ba,"tomtom [35.140141, 33.374843]->[35.157593, 33.373428]: HTTPError: HTTP Error 403: Forbidden"
2026-08-10T03:38:54Z,tomtom:sp_kyprianou:ab,"tomtom [35.164561, 33.363944]->[35.136056, 33.30998]: HTTPError: HTTP Error 403: Forbidden"
2026-08-10T03:38:54Z,tomtom:sp_kyprianou:ba,"tomtom [35.136056, 33.30998]->[35.164561, 33.363944]: HTTPError: HTTP Error 403: Forbidden"
2026-08-10T03:38:54Z,tomtom:archangelou:ab,"tomtom [35.157991, 33.33707]->[35.119693, 33.312187]: HTTPError: HTTP Error 403: Forbidden"
2026-08-10T03:38:54Z,tomtom:archangelou:ba,"tomtom [35.119693, 33.312187]->[35.157991, 33.33707]: HTTPError: HTTP Error 403: Forbidden"
2026-08-10T03:38:54Z,tomtom:konstantinoup:ab,"tomtom [35.137401, 33.341347]->[35.114216, 33.345546]: HTTPError: HTTP Error 403: Forbidden"
2026-08-10T03:38:54Z,tomtom:konstantinoup:ba,"tomtom [35.114216, 33.345546]->[35.137401, 33.341347]: HTTPError: HTTP Error 403: Forbidden"
2026-08-10T03:38:54Z,tomtom:stavrou:ab,"tomtom [35.135892, 33.369783]->[35.138576, 33.347355]: HTTPError: HTTP Error 403: Forbidden"
2026-08-10T03:38:54Z,tomtom:stavrou:ba,"tomtom [35.138576, 33.347355]->[35.135892, 33.369783]: HTTPError: HTTP Error 403: Forbidden"
2026-08-10T03:38:54Z,tomtom:makedonitissas:ab,"tomtom [35.146121, 33.340206]->[35.147318, 33.324694]: HTTPError: HTTP Error 403: Forbidden"
2026-08-10T03:38:54Z,tomtom:makedonitissas:ba,"tomtom [35.147318, 33.324694]->[35.146121, 33.340206]: HTTPError: HTTP Error 403: Forbidden"
2026-08-10T03:38:54Z,tomtom:armenias:ab,"tomtom [35.15182, 33.374646]->[35.154731, 33.363603]: HTTPError: HTTP Error 403: Forbidden"
2026-08-10T03:38:54Z,tomtom:armenias:ba,"tomtom [35.154731, 33.363603]->[35.15182, 33.374646]: HTTPError: HTTP Error 403: Forbidden"
2026-08-10T03:38:54Z,tomtom:arch_kyprianou:ab,"tomtom [35.152804, 33.34768]->[35.143283, 33.339402]: HTTPError: HTTP Error 403: Forbidden"
2026-08-10T03:38:54Z,tomtom:arch_kyprianou:ba,"tomtom [35.143283, 33.339402]->[35.152804, 33.34768]: HTTPError: HTTP Error 403: Forbidden"
2026-08-10T03:38:54Z,tomtom:a1_motorway:ab,"tomtom [35.027876, 33.380984]->[35.119577, 33.36273]: HTTPError: HTTP Error 403: Forbidden"
2026-08-10T03:38:54Z,tomtom:a1_motorway:ba,"tomtom [35.119577, 33.36273]->[35.027876, 33.380984]: HTTPError: HTTP Error 403: Forbidden"
2026-08-10T03:38:54Z,tomtom:makariou_lakat:ab,"tomtom [35.12272, 33.320753]->[35.085908, 33.278088]: HTTPError: HTTP Error 403: Forbidden"
2026-08-10T03:38:54Z,tomtom:makariou_lakat:ba,"tomtom [35.085908, 33.278088]->[35.12272, 33.320753]: HTTPError: HTTP Error 403: Forbidden"
2026-08-10T03:38:54Z,tomtom:griva_digeni:ab,"tomtom [35.162859, 33.359079]->[35.167301, 33.316525]: HTTPError: HTTP Error 403: Forbidden"
2026-08-10T03:38:54Z,tomtom:griva_digeni:ba,"tomtom [35.167301, 33.316525]->[35.162859, 33.359079]: HTTPError: HTTP Error 403: Forbidden"
2026-08-10T03:38:54Z,tomtom:aglantzias:ab,"tomtom [35.157137, 33.393593]->[35.155062, 33.375115]: HTTPError: HTTP Error 403: Forbidden"
2026-08-10T03:38:54Z,tomtom:aglantzias:ba,"tomtom [35.155062, 33.375115]->[35.157137, 33.393593]: HTTPError: HTTP Error 403: Forbidden"
2026-08-10T03:38:54Z,tomtom:kranidioti:ab,"tomtom [35.111526, 33.312749]->[35.098539, 33.313964]: HTTPError: HTTP Error 403: Forbidden"
2026-08-10T03:38:54Z,tomtom:kranidioti:ba,"tomtom [35.098539, 33.313964]->[35.111526, 33.312749]: HTTPError: HTTP Error 403: Forbidden"
2026-08-10T03:38:54Z,tomtom:perimetrikos:ab,"tomtom [35.11197, 33.312854]->[35.112594, 33.332121]: HTTPError: HTTP Error 403: Forbidden"
2026-08-10T03:38:54Z,tomtom:perimetrikos:ba,"tomtom [35.112594, 33.332121]->[35.11197, 33.312854]: HTTPError: HTTP Error 403: Forbidden"
2026-08-10T03:38:54Z,tomtom:hatziiosif:ab,"tomtom [35.145493, 33.359842]->[35.127394, 33.356469]: HTTPError: HTTP Error 403: Forbidden"
2026-08-10T03:38:54Z,tomtom:hatziiosif:ba,"tomtom [35.127394, 33.356469]->[35.145493, 33.359842]: HTTPError: HTTP Error 403: Forbidden"
2026-08-10T03:38:54Z,tomtom:perikleous:ab,"tomtom [35.141783, 33.358663]->[35.144587, 33.344631]: HTTPError: HTTP Error 403: Forbidden"
2026-08-10T03:38:54Z,tomtom:perikleous:ba,"tomtom [35.144587, 33.344631]->[35.141783, 33.358663]: HTTPError: HTTP Error 403: Forbidden"
2026-08-10T03:38:54Z,tomtom:avraamidi:ab,"tomtom [35.141783, 33.358663]->[35.141938, 33.369639]: HTTPError: HTTP Error 403: Forbidden"
2026-08-10T03:38:54Z,tomtom:avraamidi:ba,"tomtom [35.141938, 33.369639]->[35.141783, 33.358663]: HTTPError: HTTP Error 403: Forbidden"
2026-08-10T03:38:54Z,tomtom:athinon:ab,"tomtom [35.143831, 33.34371]->[35.136006, 33.34964]: HTTPError: HTTP Error 403: Forbidden"
2026-08-10T03:38:54Z,tomtom:athinon:ba,"tomtom [35.136006, 33.34964]->[35.143831, 33.34371]: HTTPError: HTTP Error 403: Forbidden"
2026-08-10T03:38:54Z,tomtom:tasou_markou:ab,"tomtom [35.136095, 33.369813]->[35.13909, 33.366402]: HTTPError: HTTP Error 403: Forbidden"
2026-08-10T03:38:54Z,tomtom:tasou_markou:ba,"tomtom [35.13909, 33.366402]->[35.136095, 33.369813]: HTTPError: HTTP Error 403: Forbidden"
2026-08-10T03:38:54Z,tomtom:peiraios:ab,"tomtom [35.142737, 33.351744]->[35.147838, 33.353557]: HTTPError: HTTP Error 403: Forbidden"
2026-08-10T03:38:54Z,tomtom:peiraios:ba,"tomtom [35.147838, 33.353557]->[35.142737, 33.351744]: HTTPError: HTTP Error 403: Forbidden"
2026-08-10T03:57:04Z,tomtom:strovolou:ab,"tomtom [35.12272, 33.320753]->[35.15484, 33.349449]: HTTPError: HTTP Error 403: Forbidden"
2026-08-10T03:57:04Z,tomtom:strovolou:ba,"tomtom [35.15484, 33.349449]->[35.12272, 33.320753]: HTTPError: HTTP Error 403: Forbidden"
2026-08-10T03:57:04Z,tomtom:tseriou:ab,"tomtom [35.143548, 33.343464]->[35.121728, 33.335161]: HTTPError: HTTP Error 403: Forbidden"
2026-08-10T03:57:04Z,tomtom:tseriou:ba,"tomtom [35.121728, 33.335161]->[35.143548, 33.343464]: HTTPError: HTTP Error 403: Forbidden"
2026-08-10T03:57:04Z,tomtom:prodromou:ab,"tomtom [35.169599, 33.349447]->[35.149755, 33.342385]: HTTPError: HTTP Error 403: Forbidden"
2026-08-10T03:57:04Z,tomtom:prodromou:ba,"tomtom [35.149755, 33.342385]->[35.169599, 33.349447]: HTTPError: HTTP Error 403: Forbidden"
2026-08-10T03:57:04Z,tomtom:akropoleos:ab,"tomtom [35.160024, 33.358134]->[35.11565, 33.356195]: HTTPError: HTTP Error 403: Forbidden"
2026-08-10T03:57:04Z,tomtom:akropoleos:ba,"tomtom [35.11565, 33.356195]->[35.160024, 33.358134]: HTTPError: HTTP Error 403: Forbidden"
2026-08-10T03:57:04Z,tomtom:athalassas:ab,"tomtom [35.1504, 33.347064]->[35.14003, 33.374847]: HTTPError: HTTP Error 403: Forbidden"
2026-08-10T03:57:04Z,tomtom:athalassas:ba,"tomtom [35.14003, 33.374847]->[35.1504, 33.347064]: HTTPError: HTTP Error 403: Forbidden"
2026-08-10T03:57:04Z,tomtom:lemesou:ab,"tomtom [35.157593, 33.373428]->[35.140141, 33.374843]: HTTPError: HTTP Error 403: Forbidden"
2026-08-10T03:57:04Z,tomtom:lemesou:ba,"tomtom [35.140141, 33.374843]->[35.157593, 33.373428]: HTTPError: HTTP Error 403: Forbidden"
2026-08-10T03:57:04Z,tomtom:sp_kyprianou:ab,"tomtom [35.164561, 33.363944]->[35.136056, 33.30998]: HTTPError: HTTP Error 403: Forbidden"
2026-08-10T03:57:04Z,tomtom:sp_kyprianou:ba,"tomtom [35.136056, 33.30998]->[35.164561, 33.363944]: HTTPError: HTTP Error 403: Forbidden"
2026-08-10T03:57:04Z,tomtom:archangelou:ab,"tomtom [35.157991, 33.33707]->[35.119693, 33.312187]: HTTPError: HTTP Error 403: Forbidden"
2026-08-10T03:57:04Z,tomtom:archangelou:ba,"tomtom [35.119693, 33.312187]->[35.157991, 33.33707]: HTTPError: HTTP Error 403: Forbidden"
2026-08-10T03:57:04Z,tomtom:konstantinoup:ab,"tomtom [35.137401, 33.341347]->[35.114216, 33.345546]: HTTPError: HTTP Error 403: Forbidden"
2026-08-10T03:57:04Z,tomtom:konstantinoup:ba,"tomtom [35.114216, 33.345546]->[35.137401, 33.341347]: HTTPError: HTTP Error 403: Forbidden"
2026-08-10T03:57:04Z,tomtom:stavrou:ab,"tomtom [35.135892, 33.369783]->[35.138576, 33.347355]: HTTPError: HTTP Error 403: Forbidden"
2026-08-10T03:57:04Z,tomtom:stavrou:ba,"tomtom [35.138576, 33.347355]->[35.135892, 33.369783]: HTTPError: HTTP Error 403: Forbidden"
2026-08-10T03:57:04Z,tomtom:makedonitissas:ab,"tomtom [35.146121, 33.340206]->[35.147318, 33.324694]: HTTPError: HTTP Error 403: Forbidden"
2026-08-10T03:57:04Z,tomtom:makedonitissas:ba,"tomtom [35.147318, 33.324694]->[35.146121, 33.340206]: HTTPError: HTTP Error 403: Forbidden"
2026-08-10T03:57:04Z,tomtom:armenias:ab,"tomtom [35.15182, 33.374646]->[35.154731, 33.363603]: HTTPError: HTTP Error 403: Forbidden"
2026-08-10T03:57:04Z,tomtom:armenias:ba,"tomtom [35.154731, 33.363603]->[35.15182, 33.374646]: HTTPError: HTTP Error 403: Forbidden"
2026-08-10T03:57:04Z,tomtom:arch_kyprianou:ab,"tomtom [35.152804, 33.34768]->[35.143283, 33.339402]: HTTPError: HTTP Error 403: Forbidden"
2026-08-10T03:57:04Z,tomtom:arch_kyprianou:ba,"tomtom [35.143283, 33.339402]->[35.152804, 33.34768]: HTTPError: HTTP Error 403: Forbidden"
2026-08-10T03:57:04Z,tomtom:a1_motorway:ab,"tomtom [35.027876, 33.380984]->[35.119577, 33.36273]: HTTPError: HTTP Error 403: Forbidden"
2026-08-10T03:57:04Z,tomtom:a1_motorway:ba,"tomtom [35.119577, 33.36273]->[35.027876, 33.380984]: HTTPError: HTTP Error 403: Forbidden"
2026-08-10T03:57:04Z,tomtom:makariou_lakat:ab,"tomtom [35.12272, 33.320753]->[35.085908, 33.278088]: HTTPError: HTTP Error 403: Forbidden"
2026-08-10T03:57:04Z,tomtom:makariou_lakat:ba,"tomtom [35.085908, 33.278088]->[35.12272, 33.320753]: HTTPError: HTTP Error 403: Forbidden"
2026-08-10T03:57:04Z,tomtom:griva_digeni:ab,"tomtom [35.162859, 33.359079]->[35.167301, 33.316525]: HTTPError: HTTP Error 403: Forbidden"
2026-08-10T03:57:04Z,tomtom:griva_digeni:ba,"tomtom [35.167301, 33.316525]->[35.162859, 33.359079]: HTTPError: HTTP Error 403: Forbidden"
2026-08-10T03:57:04Z,tomtom:aglantzias:ab,"tomtom [35.157137, 33.393593]->[35.155062, 33.375115]: HTTPError: HTTP Error 403: Forbidden"
2026-08-10T03:57:04Z,tomtom:aglantzias:ba,"tomtom [35.155062, 33.375115]->[35.157137, 33.393593]: HTTPError: HTTP Error 403: Forbidden"
2026-08-10T03:57:04Z,tomtom:kranidioti:ab,"tomtom [35.111526, 33.312749]->[35.098539, 33.313964]: HTTPError: HTTP Error 403: Forbidden"
2026-08-10T03:57:04Z,tomtom:kranidioti:ba,"tomtom [35.098539, 33.313964]->[35.111526, 33.312749]: HTTPError: HTTP Error 403: Forbidden"
2026-08-10T03:57:04Z,tomtom:perimetrikos:ab,"tomtom [35.11197, 33.312854]->[35.112594, 33.332121]: HTTPError: HTTP Error 403: Forbidden"
2026-08-10T03:57:04Z,tomtom:perimetrikos:ba,"tomtom [35.112594, 33.332121]->[35.11197, 33.312854]: HTTPError: HTTP Error 403: Forbidden"
2026-08-10T03:57:04Z,tomtom:hatziiosif:ab,"tomtom [35.145493, 33.359842]->[35.127394, 33.356469]: HTTPError: HTTP Error 403: Forbidden"
2026-08-10T03:57:04Z,tomtom:hatziiosif:ba,"tomtom [35.127394, 33.356469]->[35.145493, 33.359842]: HTTPError: HTTP Error 403: Forbidden"
2026-08-10T03:57:04Z,tomtom:perikleous:ab,"tomtom [35.141783, 33.358663]->[35.144587, 33.344631]: HTTPError: HTTP Error 403: Forbidden"
2026-08-10T03:57:04Z,tomtom:perikleous:ba,"tomtom [35.144587, 33.344631]->[35.141783, 33.358663]: HTTPError: HTTP Error 403: Forbidden"
2026-08-10T03:57:04Z,tomtom:avraamidi:ab,"tomtom [35.141783, 33.358663]->[35.141938, 33.369639]: HTTPError: HTTP Error 403: Forbidden"
2026-08-10T03:57:04Z,tomtom:avraamidi:ba,"tomtom [35.141938, 33.369639]->[35.141783, 33.358663]: HTTPError: HTTP Error 403: Forbidden"
2026-08-10T03:57:04Z,tomtom:athinon:ab,"tomtom [35.143831, 33.34371]->[35.136006, 33.34964]: HTTPError: HTTP Error 403: Forbidden"
2026-08-10T03:57:04Z,tomtom:athinon:ba,"tomtom [35.136006, 33.34964]->[35.143831, 33.34371]: HTTPError: HTTP Error 403: Forbidden"
2026-08-10T03:57:04Z,tomtom:tasou_markou:ab,"tomtom [35.136095, 33.369813]->[35.13909, 33.366402]: HTTPError: HTTP Error 403: Forbidden"
2026-08-10T03:57:04Z,tomtom:tasou_markou:ba,"tomtom [35.13909, 33.366402]->[35.136095, 33.369813]: HTTPError: HTTP Error 403: Forbidden"
2026-08-10T03:57:04Z,tomtom:peiraios:ab,"tomtom [35.142737, 33.351744]->[35.147838, 33.353557]: HTTPError: HTTP Error 403: Forbidden"
2026-08-10T03:57:04Z,tomtom:peiraios:ba,"tomtom [35.147838, 33.353557]->[35.142737, 33.351744]: HTTPError: HTTP Error 403: Forbidden"
2026-08-10T04:15:09Z,tomtom:strovolou:ab,"tomtom [35.12272, 33.320753]->[35.15484, 33.349449]: HTTPError: HTTP Error 403: Forbidden"
2026-08-10T04:15:09Z,tomtom:strovolou:ba,"tomtom [35.15484, 33.349449]->[35.12272, 33.320753]: HTTPError: HTTP Error 403: Forbidden"
2026-08-10T04:15:09Z,tomtom:tseriou:ab,"tomtom [35.143548, 33.343464]->[35.121728, 33.335161]: HTTPError: HTTP Error 403: Forbidden"
2026-08-10T04:15:09Z,tomtom:tseriou:ba,"tomtom [35.121728, 33.335161]->[35.143548, 33.343464]: HTTPError: HTTP Error 403: Forbidden"
2026-08-10T04:15:09Z,tomtom:prodromou:ab,"tomtom [35.169599, 33.349447]->[35.149755, 33.342385]: HTTPError: HTTP Error 403: Forbidden"
2026-08-10T04:15:09Z,tomtom:prodromou:ba,"tomtom [35.149755, 33.342385]->[35.169599, 33.349447]: HTTPError: HTTP Error 403: Forbidden"
2026-08-10T04:15:09Z,tomtom:akropoleos:ab,"tomtom [35.160024, 33.358134]->[35.11565, 33.356195]: HTTPError: HTTP Error 403: Forbidden"
2026-08-10T04:15:09Z,tomtom:akropoleos:ba,"tomtom [35.11565, 33.356195]->[35.160024, 33.358134]: HTTPError: HTTP Error 403: Forbidden"
2026-08-10T04:15:09Z,tomtom:athalassas:ab,"tomtom [35.1504, 33.347064]->[35.14003, 33.374847]: HTTPError: HTTP Error 403: Forbidden"
2026-08-10T04:15:09Z,tomtom:athalassas:ba,"tomtom [35.14003, 33.374847]->[35.1504, 33.347064]: HTTPError: HTTP Error 403: Forbidden"
2026-08-10T04:15:09Z,tomtom:lemesou:ab,"tomtom [35.157593, 33.373428]->[35.140141, 33.374843]: HTTPError: HTTP Error 403: Forbidden"
2026-08-10T04:15:09Z,tomtom:lemesou:ba,"tomtom [35.140141, 33.374843]->[35.157593, 33.373428]: HTTPError: HTTP Error 403: Forbidden"
2026-08-10T04:15:09Z,tomtom:sp_kyprianou:ab,"tomtom [35.164561, 33.363944]->[35.136056, 33.30998]: HTTPError: HTTP Error 403: Forbidden"
2026-08-10T04:15:09Z,tomtom:sp_kyprianou:ba,"tomtom [35.136056, 33.30998]->[35.164561, 33.363944]: HTTPError: HTTP Error 403: Forbidden"
2026-08-10T04:15:09Z,tomtom:archangelou:ab,"tomtom [35.157991, 33.33707]->[35.119693, 33.312187]: HTTPError: HTTP Error 403: Forbidden"
2026-08-10T04:15:09Z,tomtom:archangelou:ba,"tomtom [35.119693, 33.312187]->[35.157991, 33.33707]: HTTPError: HTTP Error 403: Forbidden"
2026-08-10T04:15:09Z,tomtom:konstantinoup:ab,"tomtom [35.137401, 33.341347]->[35.114216, 33.345546]: HTTPError: HTTP Error 403: Forbidden"
2026-08-10T04:15:09Z,tomtom:konstantinoup:ba,"tomtom [35.114216, 33.345546]->[35.137401, 33.341347]: HTTPError: HTTP Error 403: Forbidden"
2026-08-10T04:15:09Z,tomtom:stavrou:ab,"tomtom [35.135892, 33.369783]->[35.138576, 33.347355]: HTTPError: HTTP Error 403: Forbidden"
2026-08-10T04:15:09Z,tomtom:stavrou:ba,"tomtom [35.138576, 33.347355]->[35.135892, 33.369783]: HTTPError: HTTP Error 403: Forbidden"
2026-08-10T04:15:09Z,tomtom:makedonitissas:ab,"tomtom [35.146121, 33.340206]->[35.147318, 33.324694]: HTTPError: HTTP Error 403: Forbidden"
2026-08-10T04:15:09Z,tomtom:makedonitissas:ba,"tomtom [35.147318, 33.324694]->[35.146121, 33.340206]: HTTPError: HTTP Error 403: Forbidden"
2026-08-10T04:15:09Z,tomtom:armenias:ab,"tomtom [35.15182, 33.374646]->[35.154731, 33.363603]: HTTPError: HTTP Error 403: Forbidden"
2026-08-10T04:15:09Z,tomtom:armenias:ba,"tomtom [35.154731, 33.363603]->[35.15182, 33.374646]: HTTPError: HTTP Error 403: Forbidden"
2026-08-10T04:15:09Z,tomtom:arch_kyprianou:ab,"tomtom [35.152804, 33.34768]->[35.143283, 33.339402]: HTTPError: HTTP Error 403: Forbidden"
2026-08-10T04:15:09Z,tomtom:arch_kyprianou:ba,"tomtom [35.143283, 33.339402]->[35.152804, 33.34768]: HTTPError: HTTP Error 403: Forbidden"
2026-08-10T04:15:09Z,tomtom:a1_motorway:ab,"tomtom [35.027876, 33.380984]->[35.119577, 33.36273]: HTTPError: HTTP Error 403: Forbidden"
2026-08-10T04:15:09Z,tomtom:a1_motorway:ba,"tomtom [35.119577, 33.36273]->[35.027876, 33.380984]: HTTPError: HTTP Error 403: Forbidden"
2026-08-10T04:15:09Z,tomtom:makariou_lakat:ab,"tomtom [35.12272, 33.320753]->[35.085908, 33.278088]: HTTPError: HTTP Error 403: Forbidden"
2026-08-10T04:15:09Z,tomtom:makariou_lakat:ba,"tomtom [35.085908, 33.278088]->[35.12272, 33.320753]: HTTPError: HTTP Error 403: Forbidden"
2026-08-10T04:15:09Z,tomtom:griva_digeni:ab,"tomtom [35.162859, 33.359079]->[35.167301, 33.316525]: HTTPError: HTTP Error 403: Forbidden"
2026-08-10T04:15:09Z,tomtom:griva_digeni:ba,"tomtom [35.167301, 33.316525]->[35.162859, 33.359079]: HTTPError: HTTP Error 403: Forbidden"
2026-08-10T04:15:09Z,tomtom:aglantzias:ab,"tomtom [35.157137, 33.393593]->[35.155062, 33.375115]: HTTPError: HTTP Error 403: Forbidden"
2026-08-10T04:15:09Z,tomtom:aglantzias:ba,"tomtom [35.155062, 33.375115]->[35.157137, 33.393593]: HTTPError: HTTP Error 403: Forbidden"
2026-08-10T04:15:09Z,tomtom:kranidioti:ab,"tomtom [35.111526, 33.312749]->[35.098539, 33.313964]: HTTPError: HTTP Error 403: Forbidden"
2026-08-10T04:15:09Z,tomtom:kranidioti:ba,"tomtom [35.098539, 33.313964]->[35.111526, 33.312749]: HTTPError: HTTP Error 403: Forbidden"
2026-08-10T04:15:09Z,tomtom:perimetrikos:ab,"tomtom [35.11197, 33.312854]->[35.112594, 33.332121]: HTTPError: HTTP Error 403: Forbidden"
2026-08-10T04:15:09Z,tomtom:perimetrikos:ba,"tomtom [35.112594, 33.332121]->[35.11197, 33.312854]: HTTPError: HTTP Error 403: Forbidden"
2026-08-10T04:15:09Z,tomtom:hatziiosif:ab,"tomtom [35.145493, 33.359842]->[35.127394, 33.356469]: HTTPError: HTTP Error 403: Forbidden"
2026-08-10T04:15:09Z,tomtom:hatziiosif:ba,"tomtom [35.127394, 33.356469]->[35.145493, 33.359842]: HTTPError: HTTP Error 403: Forbidden"
2026-08-10T04:15:09Z,tomtom:perikleous:ab,"tomtom [35.141783, 33.358663]->[35.144587, 33.344631]: HTTPError: HTTP Error 403: Forbidden"
2026-08-10T04:15:09Z,tomtom:perikleous:ba,"tomtom [35.144587, 33.344631]->[35.141783, 33.358663]: HTTPError: HTTP Error 403: Forbidden"
2026-08-10T04:15:09Z,tomtom:avraamidi:ab,"tomtom [35.141783, 33.358663]->[35.141938, 33.369639]: HTTPError: HTTP Error 403: Forbidden"
2026-08-10T04:15:09Z,tomtom:avraamidi:ba,"tomtom [35.141938, 33.369639]->[35.141783, 33.358663]: HTTPError: HTTP Error 403: Forbidden"
2026-08-10T04:15:09Z,tomtom:athinon:ab,"tomtom [35.143831, 33.34371]->[35.136006, 33.34964]: HTTPError: HTTP Error 403: Forbidden"
2026-08-10T04:15:09Z,tomtom:athinon:ba,"tomtom [35.136006, 33.34964]->[35.143831, 33.34371]: HTTPError: HTTP Error 403: Forbidden"
2026-08-10T04:15:09Z,tomtom:tasou_markou:ab,"tomtom [35.136095, 33.369813]->[35.13909, 33.366402]: HTTPError: HTTP Error 403: Forbidden"
2026-08-10T04:15:09Z,tomtom:tasou_markou:ba,"tomtom [35.13909, 33.366402]->[35.136095, 33.369813]: HTTPError: HTTP Error 403: Forbidden"
2026-08-10T04:15:09Z,tomtom:peiraios:ab,"tomtom [35.142737, 33.351744]->[35.147838, 33.353557]: HTTPError: HTTP Error 403: Forbidden"
2026-08-10T04:15:09Z,tomtom:peiraios:ba,"tomtom [35.147838, 33.353557]->[35.142737, 33.351744]: HTTPError: HTTP Error 403: Forbidden"
2026-08-10T04:33:16Z,tomtom:strovolou:ab,"tomtom [35.12272, 33.320753]->[35.15484, 33.349449]: HTTPError: HTTP Error 403: Forbidden"
2026-08-10T04:33:16Z,tomtom:strovolou:ba,"tomtom [35.15484, 33.349449]->[35.12272, 33.320753]: HTTPError: HTTP Error 403: Forbidden"
2026-08-10T04:33:16Z,tomtom:tseriou:ab,"tomtom [35.143548, 33.343464]->[35.121728, 33.335161]: HTTPError: HTTP Error 403: Forbidden"
2026-08-10T04:33:16Z,tomtom:tseriou:ba,"tomtom [35.121728, 33.335161]->[35.143548, 33.343464]: HTTPError: HTTP Error 403: Forbidden"
2026-08-10T04:33:16Z,tomtom:prodromou:ab,"tomtom [35.169599, 33.349447]->[35.149755, 33.342385]: HTTPError: HTTP Error 403: Forbidden"
2026-08-10T04:33:16Z,tomtom:prodromou:ba,"tomtom [35.149755, 33.342385]->[35.169599, 33.349447]: HTTPError: HTTP Error 403: Forbidden"
2026-08-10T04:33:16Z,tomtom:akropoleos:ab,"tomtom [35.160024, 33.358134]->[35.11565, 33.356195]: HTTPError: HTTP Error 403: Forbidden"
2026-08-10T04:33:16Z,tomtom:akropoleos:ba,"tomtom [35.11565, 33.356195]->[35.160024, 33.358134]: HTTPError: HTTP Error 403: Forbidden"
2026-08-10T04:33:16Z,tomtom:athalassas:ab,"tomtom [35.1504, 33.347064]->[35.14003, 33.374847]: HTTPError: HTTP Error 403: Forbidden"
2026-08-10T04:33:16Z,tomtom:athalassas:ba,"tomtom [35.14003, 33.374847]->[35.1504, 33.347064]: HTTPError: HTTP Error 403: Forbidden"
2026-08-10T04:33:16Z,tomtom:lemesou:ab,"tomtom [35.157593, 33.373428]->[35.140141, 33.374843]: HTTPError: HTTP Error 403: Forbidden"
2026-08-10T04:33:16Z,tomtom:lemesou:ba,"tomtom [35.140141, 33.374843]->[35.157593, 33.373428]: HTTPError: HTTP Error 403: Forbidden"
2026-08-10T04:33:16Z,tomtom:sp_kyprianou:ab,"tomtom [35.164561, 33.363944]->[35.136056, 33.30998]: HTTPError: HTTP Error 403: Forbidden"
2026-08-10T04:33:16Z,tomtom:sp_kyprianou:ba,"tomtom [35.136056, 33.30998]->[35.164561, 33.363944]: HTTPError: HTTP Error 403: Forbidden"
2026-08-10T04:33:16Z,tomtom:archangelou:ab,"tomtom [35.157991, 33.33707]->[35.119693, 33.312187]: HTTPError: HTTP Error 403: Forbidden"
2026-08-10T04:33:16Z,tomtom:archangelou:ba,"tomtom [35.119693, 33.312187]->[35.157991, 33.33707]: HTTPError: HTTP Error 403: Forbidden"
2026-08-10T04:33:16Z,tomtom:konstantinoup:ab,"tomtom [35.137401, 33.341347]->[35.114216, 33.345546]: HTTPError: HTTP Error 403: Forbidden"
2026-08-10T04:33:16Z,tomtom:konstantinoup:ba,"tomtom [35.114216, 33.345546]->[35.137401, 33.341347]: HTTPError: HTTP Error 403: Forbidden"
2026-08-10T04:33:16Z,tomtom:stavrou:ab,"tomtom [35.135892, 33.369783]->[35.138576, 33.347355]: HTTPError: HTTP Error 403: Forbidden"
2026-08-10T04:33:16Z,tomtom:stavrou:ba,"tomtom [35.138576, 33.347355]->[35.135892, 33.369783]: HTTPError: HTTP Error 403: Forbidden"
2026-08-10T04:33:16Z,tomtom:makedonitissas:ab,"tomtom [35.146121, 33.340206]->[35.147318, 33.324694]: HTTPError: HTTP Error 403: Forbidden"
2026-08-10T04:33:16Z,tomtom:makedonitissas:ba,"tomtom [35.147318, 33.324694]->[35.146121, 33.340206]: HTTPError: HTTP Error 403: Forbidden"
2026-08-10T04:33:16Z,tomtom:armenias:ab,"tomtom [35.15182, 33.374646]->[35.154731, 33.363603]: HTTPError: HTTP Error 403: Forbidden"
2026-08-10T04:33:16Z,tomtom:armenias:ba,"tomtom [35.154731, 33.363603]->[35.15182, 33.374646]: HTTPError: HTTP Error 403: Forbidden"
2026-08-10T04:33:16Z,tomtom:arch_kyprianou:ab,"tomtom [35.152804, 33.34768]->[35.143283, 33.339402]: HTTPError: HTTP Error 403: Forbidden"
2026-08-10T04:33:16Z,tomtom:arch_kyprianou:ba,"tomtom [35.143283, 33.339402]->[35.152804, 33.34768]: HTTPError: HTTP Error 403: Forbidden"
2026-08-10T04:33:16Z,tomtom:a1_motorway:ab,"tomtom [35.027876, 33.380984]->[35.119577, 33.36273]: HTTPError: HTTP Error 403: Forbidden"
2026-08-10T04:33:16Z,tomtom:a1_motorway:ba,"tomtom [35.119577, 33.36273]->[35.027876, 33.380984]: HTTPError: HTTP Error 403: Forbidden"
2026-08-10T04:33:16Z,tomtom:makariou_lakat:ab,"tomtom [35.12272, 33.320753]->[35.085908, 33.278088]: HTTPError: HTTP Error 403: Forbidden"
2026-08-10T04:33:16Z,tomtom:makariou_lakat:ba,"tomtom [35.085908, 33.278088]->[35.12272, 33.320753]: HTTPError: HTTP Error 403: Forbidden"
2026-08-10T04:33:16Z,tomtom:griva_digeni:ab,"tomtom [35.162859, 33.359079]->[35.167301, 33.316525]: HTTPError: HTTP Error 403: Forbidden"
2026-08-10T04:33:16Z,tomtom:griva_digeni:ba,"tomtom [35.167301, 33.316525]->[35.162859, 33.359079]: HTTPError: HTTP Error 403: Forbidden"
2026-08-10T04:33:16Z,tomtom:aglantzias:ab,"tomtom [35.157137, 33.393593]->[35.155062, 33.375115]: HTTPError: HTTP Error 403: Forbidden"
2026-08-10T04:33:16Z,tomtom:aglantzias:ba,"tomtom [35.155062, 33.375115]->[35.157137, 33.393593]: HTTPError: HTTP Error 403: Forbidden"
2026-08-10T04:33:16Z,tomtom:kranidioti:ab,"tomtom [35.111526, 33.312749]->[35.098539, 33.313964]: HTTPError: HTTP Error 403: Forbidden"
2026-08-10T04:33:16Z,tomtom:kranidioti:ba,"tomtom [35.098539, 33.313964]->[35.111526, 33.312749]: HTTPError: HTTP Error 403: Forbidden"
2026-08-10T04:33:16Z,tomtom:perimetrikos:ab,"tomtom [35.11197, 33.312854]->[35.112594, 33.332121]: HTTPError: HTTP Error 403: Forbidden"
2026-08-10T04:33:16Z,tomtom:perimetrikos:ba,"tomtom [35.112594, 33.332121]->[35.11197, 33.312854]: HTTPError: HTTP Error 403: Forbidden"
2026-08-10T04:33:16Z,tomtom:hatziiosif:ab,"tomtom [35.145493, 33.359842]->[35.127394, 33.356469]: HTTPError: HTTP Error 403: Forbidden"
2026-08-10T04:33:16Z,tomtom:hatziiosif:ba,"tomtom [35.127394, 33.356469]->[35.145493, 33.359842]: HTTPError: HTTP Error 403: Forbidden"
2026-08-10T04:33:16Z,tomtom:perikleous:ab,"tomtom [35.141783, 33.358663]->[35.144587, 33.344631]: HTTPError: HTTP Error 403: Forbidden"
2026-08-10T04:33:16Z,tomtom:perikleous:ba,"tomtom [35.144587, 33.344631]->[35.141783, 33.358663]: HTTPError: HTTP Error 403: Forbidden"
2026-08-10T04:33:16Z,tomtom:avraamidi:ab,"tomtom [35.141783, 33.358663]->[35.141938, 33.369639]: HTTPError: HTTP Error 403: Forbidden"
2026-08-10T04:33:16Z,tomtom:avraamidi:ba,"tomtom [35.141938, 33.369639]->[35.141783, 33.358663]: HTTPError: HTTP Error 403: Forbidden"
2026-08-10T04:33:16Z,tomtom:athinon:ab,"tomtom [35.143831, 33.34371]->[35.136006, 33.34964]: HTTPError: HTTP Error 403: Forbidden"
2026-08-10T04:33:16Z,tomtom:athinon:ba,"tomtom [35.136006, 33.34964]->[35.143831, 33.34371]: HTTPError: HTTP Error 403: Forbidden"
2026-08-10T04:33:16Z,tomtom:tasou_markou:ab,"tomtom [35.136095, 33.369813]->[35.13909, 33.366402]: HTTPError: HTTP Error 403: Forbidden"
2026-08-10T04:33:16Z,tomtom:tasou_markou:ba,"tomtom [35.13909, 33.366402]->[35.136095, 33.369813]: HTTPError: HTTP Error 403: Forbidden"
2026-08-10T04:33:16Z,tomtom:peiraios:ab,"tomtom [35.142737, 33.351744]->[35.147838, 33.353557]: HTTPError: HTTP Error 403: Forbidden"
2026-08-10T04:33:16Z,tomtom:peiraios:ba,"tomtom [35.147838, 33.353557]->[35.142737, 33.351744]: HTTPError: HTTP Error 403: Forbidden"
2026-08-10T04:51:22Z,tomtom:strovolou:ab,"tomtom [35.12272, 33.320753]->[35.15484, 33.349449]: HTTPError: HTTP Error 403: Forbidden"
2026-08-10T04:51:22Z,tomtom:strovolou:ba,"tomtom [35.15484, 33.349449]->[35.12272, 33.320753]: HTTPError: HTTP Error 403: Forbidden"
2026-08-10T04:51:22Z,tomtom:tseriou:ab,"tomtom [35.143548, 33.343464]->[35.121728, 33.335161]: HTTPError: HTTP Error 403: Forbidden"
2026-08-10T04:51:22Z,tomtom:tseriou:ba,"tomtom [35.121728, 33.335161]->[35.143548, 33.343464]: HTTPError: HTTP Error 403: Forbidden"
2026-08-10T04:51:22Z,tomtom:prodromou:ab,"tomtom [35.169599, 33.349447]->[35.149755, 33.342385]: HTTPError: HTTP Error 403: Forbidden"
2026-08-10T04:51:22Z,tomtom:prodromou:ba,"tomtom [35.149755, 33.342385]->[35.169599, 33.349447]: HTTPError: HTTP Error 403: Forbidden"
2026-08-10T04:51:22Z,tomtom:akropoleos:ab,"tomtom [35.160024, 33.358134]->[35.11565, 33.356195]: HTTPError: HTTP Error 403: Forbidden"
2026-08-10T04:51:22Z,tomtom:akropoleos:ba,"tomtom [35.11565, 33.356195]->[35.160024, 33.358134]: HTTPError: HTTP Error 403: Forbidden"
2026-08-10T04:51:22Z,tomtom:athalassas:ab,"tomtom [35.1504, 33.347064]->[35.14003, 33.374847]: HTTPError: HTTP Error 403: Forbidden"
2026-08-10T04:51:22Z,tomtom:athalassas:ba,"tomtom [35.14003, 33.374847]->[35.1504, 33.347064]: HTTPError: HTTP Error 403: Forbidden"
2026-08-10T04:51:22Z,tomtom:lemesou:ab,"tomtom [35.157593, 33.373428]->[35.140141, 33.374843]: HTTPError: HTTP Error 403: Forbidden"
2026-08-10T04:51:22Z,tomtom:lemesou:ba,"tomtom [35.140141, 33.374843]->[35.157593, 33.373428]: HTTPError: HTTP Error 403: Forbidden"
2026-08-10T04:51:22Z,tomtom:sp_kyprianou:ab,"tomtom [35.164561, 33.363944]->[35.136056, 33.30998]: HTTPError: HTTP Error 403: Forbidden"
2026-08-10T04:51:22Z,tomtom:sp_kyprianou:ba,"tomtom [35.136056, 33.30998]->[35.164561, 33.363944]: HTTPError: HTTP Error 403: Forbidden"
2026-08-10T04:51:22Z,tomtom:archangelou:ab,"tomtom [35.157991, 33.33707]->[35.119693, 33.312187]: HTTPError: HTTP Error 403: Forbidden"
2026-08-10T04:51:22Z,tomtom:archangelou:ba,"tomtom [35.119693, 33.312187]->[35.157991, 33.33707]: HTTPError: HTTP Error 403: Forbidden"
2026-08-10T04:51:22Z,tomtom:konstantinoup:ab,"tomtom [35.137401, 33.341347]->[35.114216, 33.345546]: HTTPError: HTTP Error 403: Forbidden"
2026-08-10T04:51:22Z,tomtom:konstantinoup:ba,"tomtom [35.114216, 33.345546]->[35.137401, 33.341347]: HTTPError: HTTP Error 403: Forbidden"
2026-08-10T04:51:22Z,tomtom:stavrou:ab,"tomtom [35.135892, 33.369783]->[35.138576, 33.347355]: HTTPError: HTTP Error 403: Forbidden"
2026-08-10T04:51:22Z,tomtom:stavrou:ba,"tomtom [35.138576, 33.347355]->[35.135892, 33.369783]: HTTPError: HTTP Error 403: Forbidden"
2026-08-10T04:51:22Z,tomtom:makedonitissas:ab,"tomtom [35.146121, 33.340206]->[35.147318, 33.324694]: HTTPError: HTTP Error 403: Forbidden"
2026-08-10T04:51:22Z,tomtom:makedonitissas:ba,"tomtom [35.147318, 33.324694]->[35.146121, 33.340206]: HTTPError: HTTP Error 403: Forbidden"
2026-08-10T04:51:22Z,tomtom:armenias:ab,"tomtom [35.15182, 33.374646]->[35.154731, 33.363603]: HTTPError: HTTP Error 403: Forbidden"
2026-08-10T04:51:22Z,tomtom:armenias:ba,"tomtom [35.154731, 33.363603]->[35.15182, 33.374646]: HTTPError: HTTP Error 403: Forbidden"
2026-08-10T04:51:22Z,tomtom:arch_kyprianou:ab,"tomtom [35.152804, 33.34768]->[35.143283, 33.339402]: HTTPError: HTTP Error 403: Forbidden"
2026-08-10T04:51:22Z,tomtom:arch_kyprianou:ba,"tomtom [35.143283, 33.339402]->[35.152804, 33.34768]: HTTPError: HTTP Error 403: Forbidden"
2026-08-10T04:51:22Z,tomtom:a1_motorway:ab,"tomtom [35.027876, 33.380984]->[35.119577, 33.36273]: HTTPError: HTTP Error 403: Forbidden"
2026-08-10T04:51:22Z,tomtom:a1_motorway:ba,"tomtom [35.119577, 33.36273]->[35.027876, 33.380984]: HTTPError: HTTP Error 403: Forbidden"
2026-08-10T04:51:22Z,tomtom:makariou_lakat:ab,"tomtom [35.12272, 33.320753]->[35.085908, 33.278088]: HTTPError: HTTP Error 403: Forbidden"
2026-08-10T04:51:22Z,tomtom:makariou_lakat:ba,"tomtom [35.085908, 33.278088]->[35.12272, 33.320753]: HTTPError: HTTP Error 403: Forbidden"
2026-08-10T04:51:22Z,tomtom:griva_digeni:ab,"tomtom [35.162859, 33.359079]->[35.167301, 33.316525]: HTTPError: HTTP Error 403: Forbidden"
2026-08-10T04:51:22Z,tomtom:griva_digeni:ba,"tomtom [35.167301, 33.316525]->[35.162859, 33.359079]: HTTPError: HTTP Error 403: Forbidden"
2026-08-10T04:51:22Z,tomtom:aglantzias:ab,"tomtom [35.157137, 33.393593]->[35.155062, 33.375115]: HTTPError: HTTP Error 403: Forbidden"
2026-08-10T04:51:22Z,tomtom:aglantzias:ba,"tomtom [35.155062, 33.375115]->[35.157137, 33.393593]: HTTPError: HTTP Error 403: Forbidden"
2026-08-10T04:51:22Z,tomtom:kranidioti:ab,"tomtom [35.111526, 33.312749]->[35.098539, 33.313964]: HTTPError: HTTP Error 403: Forbidden"
2026-08-10T04:51:22Z,tomtom:kranidioti:ba,"tomtom [35.098539, 33.313964]->[35.111526, 33.312749]: HTTPError: HTTP Error 403: Forbidden"
2026-08-10T04:51:22Z,tomtom:perimetrikos:ab,"tomtom [35.11197, 33.312854]->[35.112594, 33.332121]: HTTPError: HTTP Error 403: Forbidden"
2026-08-10T04:51:22Z,tomtom:perimetrikos:ba,"tomtom [35.112594, 33.332121]->[35.11197, 33.312854]: HTTPError: HTTP Error 403: Forbidden"
2026-08-10T04:51:22Z,tomtom:hatziiosif:ab,"tomtom [35.145493, 33.359842]->[35.127394, 33.356469]: HTTPError: HTTP Error 403: Forbidden"
2026-08-10T04:51:22Z,tomtom:hatziiosif:ba,"tomtom [35.127394, 33.356469]->[35.145493, 33.359842]: HTTPError: HTTP Error 403: Forbidden"
2026-08-10T04:51:22Z,tomtom:perikleous:ab,"tomtom [35.141783, 33.358663]->[35.144587, 33.344631]: HTTPError: HTTP Error 403: Forbidden"
2026-08-10T04:51:22Z,tomtom:perikleous:ba,"tomtom [35.144587, 33.344631]->[35.141783, 33.358663]: HTTPError: HTTP Error 403: Forbidden"
2026-08-10T04:51:22Z,tomtom:avraamidi:ab,"tomtom [35.141783, 33.358663]->[35.141938, 33.369639]: HTTPError: HTTP Error 403: Forbidden"
2026-08-10T04:51:22Z,tomtom:avraamidi:ba,"tomtom [35.141938, 33.369639]->[35.141783, 33.358663]: HTTPError: HTTP Error 403: Forbidden"
2026-08-10T04:51:22Z,tomtom:athinon:ab,"tomtom [35.143831, 33.34371]->[35.136006, 33.34964]: HTTPError: HTTP Error 403: Forbidden"
2026-08-10T04:51:22Z,tomtom:athinon:ba,"tomtom [35.136006, 33.34964]->[35.143831, 33.34371]: HTTPError: HTTP Error 403: Forbidden"
2026-08-10T04:51:22Z,tomtom:tasou_markou:ab,"tomtom [35.136095, 33.369813]->[35.13909, 33.366402]: HTTPError: HTTP Error 403: Forbidden"
2026-08-10T04:51:22Z,tomtom:tasou_markou:ba,"tomtom [35.13909, 33.366402]->[35.136095, 33.369813]: HTTPError: HTTP Error 403: Forbidden"
2026-08-10T04:51:22Z,tomtom:peiraios:ab,"tomtom [35.142737, 33.351744]->[35.147838, 33.353557]: HTTPError: HTTP Error 403: Forbidden"
2026-08-10T04:51:22Z,tomtom:peiraios:ba,"tomtom [35.147838, 33.353557]->[35.142737, 33.351744]: HTTPError: HTTP Error 403: Forbidden"
2026-08-10T05:48:27Z,tomtom:strovolou:ab,"tomtom [35.12272, 33.320753]->[35.15484, 33.349449]: HTTPError: HTTP Error 403: Forbidden"
2026-08-10T05:48:27Z,tomtom:strovolou:ba,"tomtom [35.15484, 33.349449]->[35.12272, 33.320753]: HTTPError: HTTP Error 403: Forbidden"
2026-08-10T05:48:27Z,tomtom:tseriou:ab,"tomtom [35.143548, 33.343464]->[35.121728, 33.335161]: HTTPError: HTTP Error 403: Forbidden"
2026-08-10T05:48:27Z,tomtom:tseriou:ba,"tomtom [35.121728, 33.335161]->[35.143548, 33.343464]: HTTPError: HTTP Error 403: Forbidden"
2026-08-10T05:48:27Z,tomtom:prodromou:ab,"tomtom [35.169599, 33.349447]->[35.149755, 33.342385]: HTTPError: HTTP Error 403: Forbidden"
2026-08-10T05:48:27Z,tomtom:prodromou:ba,"tomtom [35.149755, 33.342385]->[35.169599, 33.349447]: HTTPError: HTTP Error 403: Forbidden"
2026-08-10T05:48:27Z,tomtom:akropoleos:ab,"tomtom [35.160024, 33.358134]->[35.11565, 33.356195]: HTTPError: HTTP Error 403: Forbidden"
2026-08-10T05:48:27Z,tomtom:akropoleos:ba,"tomtom [35.11565, 33.356195]->[35.160024, 33.358134]: HTTPError: HTTP Error 403: Forbidden"
2026-08-10T05:48:27Z,tomtom:athalassas:ab,"tomtom [35.1504, 33.347064]->[35.14003, 33.374847]: HTTPError: HTTP Error 403: Forbidden"
2026-08-10T05:48:27Z,tomtom:athalassas:ba,"tomtom [35.14003, 33.374847]->[35.1504, 33.347064]: HTTPError: HTTP Error 403: Forbidden"
2026-08-10T05:48:27Z,tomtom:lemesou:ab,"tomtom [35.157593, 33.373428]->[35.140141, 33.374843]: HTTPError: HTTP Error 403: Forbidden"
2026-08-10T05:48:27Z,tomtom:lemesou:ba,"tomtom [35.140141, 33.374843]->[35.157593, 33.373428]: HTTPError: HTTP Error 403: Forbidden"
2026-08-10T05:48:27Z,tomtom:sp_kyprianou:ab,"tomtom [35.164561, 33.363944]->[35.136056, 33.30998]: HTTPError: HTTP Error 403: Forbidden"
2026-08-10T05:48:27Z,tomtom:sp_kyprianou:ba,"tomtom [35.136056, 33.30998]->[35.164561, 33.363944]: HTTPError: HTTP Error 403: Forbidden"
2026-08-10T05:48:27Z,tomtom:archangelou:ab,"tomtom [35.157991, 33.33707]->[35.119693, 33.312187]: HTTPError: HTTP Error 403: Forbidden"
2026-08-10T05:48:27Z,tomtom:archangelou:ba,"tomtom [35.119693, 33.312187]->[35.157991, 33.33707]: HTTPError: HTTP Error 403: Forbidden"
2026-08-10T05:48:27Z,tomtom:konstantinoup:ab,"tomtom [35.137401, 33.341347]->[35.114216, 33.345546]: HTTPError: HTTP Error 403: Forbidden"
2026-08-10T05:48:27Z,tomtom:konstantinoup:ba,"tomtom [35.114216, 33.345546]->[35.137401, 33.341347]: HTTPError: HTTP Error 403: Forbidden"
2026-08-10T05:48:27Z,tomtom:stavrou:ab,"tomtom [35.135892, 33.369783]->[35.138576, 33.347355]: HTTPError: HTTP Error 403: Forbidden"
2026-08-10T05:48:27Z,tomtom:stavrou:ba,"tomtom [35.138576, 33.347355]->[35.135892, 33.369783]: HTTPError: HTTP Error 403: Forbidden"
2026-08-10T05:48:27Z,tomtom:makedonitissas:ab,"tomtom [35.146121, 33.340206]->[35.147318, 33.324694]: HTTPError: HTTP Error 403: Forbidden"
2026-08-10T05:48:27Z,tomtom:makedonitissas:ba,"tomtom [35.147318, 33.324694]->[35.146121, 33.340206]: HTTPError: HTTP Error 403: Forbidden"
2026-08-10T05:48:27Z,tomtom:armenias:ab,"tomtom [35.15182, 33.374646]->[35.154731, 33.363603]: HTTPError: HTTP Error 403: Forbidden"
2026-08-10T05:48:27Z,tomtom:armenias:ba,"tomtom [35.154731, 33.363603]->[35.15182, 33.374646]: HTTPError: HTTP Error 403: Forbidden"
2026-08-10T05:48:27Z,tomtom:arch_kyprianou:ab,"tomtom [35.152804, 33.34768]->[35.143283, 33.339402]: HTTPError: HTTP Error 403: Forbidden"
2026-08-10T05:48:27Z,tomtom:arch_kyprianou:ba,"tomtom [35.143283, 33.339402]->[35.152804, 33.34768]: HTTPError: HTTP Error 403: Forbidden"
2026-08-10T05:48:27Z,tomtom:a1_motorway:ab,"tomtom [35.027876, 33.380984]->[35.119577, 33.36273]: HTTPError: HTTP Error 403: Forbidden"
2026-08-10T05:48:27Z,tomtom:a1_motorway:ba,"tomtom [35.119577, 33.36273]->[35.027876, 33.380984]: HTTPError: HTTP Error 403: Forbidden"
2026-08-10T05:48:27Z,tomtom:makariou_lakat:ab,"tomtom [35.12272, 33.320753]->[35.085908, 33.278088]: HTTPError: HTTP Error 403: Forbidden"
2026-08-10T05:48:27Z,tomtom:makariou_lakat:ba,"tomtom [35.085908, 33.278088]->[35.12272, 33.320753]: HTTPError: HTTP Error 403: Forbidden"
2026-08-10T05:48:27Z,tomtom:griva_digeni:ab,"tomtom [35.162859, 33.359079]->[35.167301, 33.316525]: HTTPError: HTTP Error 403: Forbidden"
2026-08-10T05:48:27Z,tomtom:griva_digeni:ba,"tomtom [35.167301, 33.316525]->[35.162859, 33.359079]: HTTPError: HTTP Error 403: Forbidden"
2026-08-10T05:48:27Z,tomtom:aglantzias:ab,"tomtom [35.157137, 33.393593]->[35.155062, 33.375115]: HTTPError: HTTP Error 403: Forbidden"
2026-08-10T05:48:27Z,tomtom:aglantzias:ba,"tomtom [35.155062, 33.375115]->[35.157137, 33.393593]: HTTPError: HTTP Error 403: Forbidden"
2026-08-10T05:48:27Z,tomtom:kranidioti:ab,"tomtom [35.111526, 33.312749]->[35.098539, 33.313964]: HTTPError: HTTP Error 403: Forbidden"
2026-08-10T05:48:27Z,tomtom:kranidioti:ba,"tomtom [35.098539, 33.313964]->[35.111526, 33.312749]: HTTPError: HTTP Error 403: Forbidden"
2026-08-10T05:48:27Z,tomtom:perimetrikos:ab,"tomtom [35.11197, 33.312854]->[35.112594, 33.332121]: HTTPError: HTTP Error 403: Forbidden"
2026-08-10T05:48:27Z,tomtom:perimetrikos:ba,"tomtom [35.112594, 33.332121]->[35.11197, 33.312854]: HTTPError: HTTP Error 403: Forbidden"
2026-08-10T05:48:27Z,tomtom:hatziiosif:ab,"tomtom [35.145493, 33.359842]->[35.127394, 33.356469]: HTTPError: HTTP Error 403: Forbidden"
2026-08-10T05:48:27Z,tomtom:hatziiosif:ba,"tomtom [35.127394, 33.356469]->[35.145493, 33.359842]: HTTPError: HTTP Error 403: Forbidden"
2026-08-10T05:48:27Z,tomtom:perikleous:ab,"tomtom [35.141783, 33.358663]->[35.144587, 33.344631]: HTTPError: HTTP Error 403: Forbidden"
2026-08-10T05:48:27Z,tomtom:perikleous:ba,"tomtom [35.144587, 33.344631]->[35.141783, 33.358663]: HTTPError: HTTP Error 403: Forbidden"
2026-08-10T05:48:27Z,tomtom:avraamidi:ab,"tomtom [35.141783, 33.358663]->[35.141938, 33.369639]: HTTPError: HTTP Error 403: Forbidden"
2026-08-10T05:48:27Z,tomtom:avraamidi:ba,"tomtom [35.141938, 33.369639]->[35.141783, 33.358663]: HTTPError: HTTP Error 403: Forbidden"
2026-08-10T05:48:27Z,tomtom:athinon:ab,"tomtom [35.143831, 33.34371]->[35.136006, 33.34964]: HTTPError: HTTP Error 403: Forbidden"
2026-08-10T05:48:27Z,tomtom:athinon:ba,"tomtom [35.136006, 33.34964]->[35.143831, 33.34371]: HTTPError: HTTP Error 403: Forbidden"
2026-08-10T05:48:27Z,tomtom:tasou_markou:ab,"tomtom [35.136095, 33.369813]->[35.13909, 33.366402]: HTTPError: HTTP Error 403: Forbidden"
2026-08-10T05:48:27Z,tomtom:tasou_markou:ba,"tomtom [35.13909, 33.366402]->[35.136095, 33.369813]: HTTPError: HTTP Error 403: Forbidden"
2026-08-10T05:48:27Z,tomtom:peiraios:ab,"tomtom [35.142737, 33.351744]->[35.147838, 33.353557]: HTTPError: HTTP Error 403: Forbidden"
2026-08-10T05:48:27Z,tomtom:peiraios:ba,"tomtom [35.147838, 33.353557]->[35.142737, 33.351744]: HTTPError: HTTP Error 403: Forbidden"
2026-08-10T06:06:23Z,tomtom:strovolou:ab,"tomtom [35.12272, 33.320753]->[35.15484, 33.349449]: HTTPError: HTTP Error 403: Forbidden"
2026-08-10T06:06:23Z,tomtom:strovolou:ba,"tomtom [35.15484, 33.349449]->[35.12272, 33.320753]: HTTPError: HTTP Error 403: Forbidden"
2026-08-10T06:06:23Z,tomtom:tseriou:ab,"tomtom [35.143548, 33.343464]->[35.121728, 33.335161]: HTTPError: HTTP Error 403: Forbidden"
2026-08-10T06:06:23Z,tomtom:tseriou:ba,"tomtom [35.121728, 33.335161]->[35.143548, 33.343464]: HTTPError: HTTP Error 403: Forbidden"
2026-08-10T06:06:23Z,tomtom:prodromou:ab,"tomtom [35.169599, 33.349447]->[35.149755, 33.342385]: HTTPError: HTTP Error 403: Forbidden"
2026-08-10T06:06:23Z,tomtom:prodromou:ba,"tomtom [35.149755, 33.342385]->[35.169599, 33.349447]: HTTPError: HTTP Error 403: Forbidden"
2026-08-10T06:06:23Z,tomtom:akropoleos:ab,"tomtom [35.160024, 33.358134]->[35.11565, 33.356195]: HTTPError: HTTP Error 403: Forbidden"
2026-08-10T06:06:23Z,tomtom:akropoleos:ba,"tomtom [35.11565, 33.356195]->[35.160024, 33.358134]: HTTPError: HTTP Error 403: Forbidden"
2026-08-10T06:06:23Z,tomtom:athalassas:ab,"tomtom [35.1504, 33.347064]->[35.14003, 33.374847]: HTTPError: HTTP Error 403: Forbidden"
2026-08-10T06:06:23Z,tomtom:athalassas:ba,"tomtom [35.14003, 33.374847]->[35.1504, 33.347064]: HTTPError: HTTP Error 403: Forbidden"
2026-08-10T06:06:23Z,tomtom:lemesou:ab,"tomtom [35.157593, 33.373428]->[35.140141, 33.374843]: HTTPError: HTTP Error 403: Forbidden"
2026-08-10T06:06:23Z,tomtom:lemesou:ba,"tomtom [35.140141, 33.374843]->[35.157593, 33.373428]: HTTPError: HTTP Error 403: Forbidden"
2026-08-10T06:06:23Z,tomtom:sp_kyprianou:ab,"tomtom [35.164561, 33.363944]->[35.136056, 33.30998]: HTTPError: HTTP Error 403: Forbidden"
2026-08-10T06:06:23Z,tomtom:sp_kyprianou:ba,"tomtom [35.136056, 33.30998]->[35.164561, 33.363944]: HTTPError: HTTP Error 403: Forbidden"
2026-08-10T06:06:23Z,tomtom:archangelou:ab,"tomtom [35.157991, 33.33707]->[35.119693, 33.312187]: HTTPError: HTTP Error 403: Forbidden"
2026-08-10T06:06:23Z,tomtom:archangelou:ba,"tomtom [35.119693, 33.312187]->[35.157991, 33.33707]: HTTPError: HTTP Error 403: Forbidden"
2026-08-10T06:06:23Z,tomtom:konstantinoup:ab,"tomtom [35.137401, 33.341347]->[35.114216, 33.345546]: HTTPError: HTTP Error 403: Forbidden"
2026-08-10T06:06:23Z,tomtom:konstantinoup:ba,"tomtom [35.114216, 33.345546]->[35.137401, 33.341347]: HTTPError: HTTP Error 403: Forbidden"
2026-08-10T06:06:23Z,tomtom:stavrou:ab,"tomtom [35.135892, 33.369783]->[35.138576, 33.347355]: HTTPError: HTTP Error 403: Forbidden"
2026-08-10T06:06:23Z,tomtom:stavrou:ba,"tomtom [35.138576, 33.347355]->[35.135892, 33.369783]: HTTPError: HTTP Error 403: Forbidden"
2026-08-10T06:06:23Z,tomtom:makedonitissas:ab,"tomtom [35.146121, 33.340206]->[35.147318, 33.324694]: HTTPError: HTTP Error 403: Forbidden"
2026-08-10T06:06:23Z,tomtom:makedonitissas:ba,"tomtom [35.147318, 33.324694]->[35.146121, 33.340206]: HTTPError: HTTP Error 403: Forbidden"
2026-08-10T06:06:23Z,tomtom:armenias:ab,"tomtom [35.15182, 33.374646]->[35.154731, 33.363603]: HTTPError: HTTP Error 403: Forbidden"
2026-08-10T06:06:23Z,tomtom:armenias:ba,"tomtom [35.154731, 33.363603]->[35.15182, 33.374646]: HTTPError: HTTP Error 403: Forbidden"
2026-08-10T06:06:23Z,tomtom:arch_kyprianou:ab,"tomtom [35.152804, 33.34768]->[35.143283, 33.339402]: HTTPError: HTTP Error 403: Forbidden"
2026-08-10T06:06:23Z,tomtom:arch_kyprianou:ba,"tomtom [35.143283, 33.339402]->[35.152804, 33.34768]: HTTPError: HTTP Error 403: Forbidden"
2026-08-10T06:06:23Z,tomtom:a1_motorway:ab,"tomtom [35.027876, 33.380984]->[35.119577, 33.36273]: HTTPError: HTTP Error 403: Forbidden"
2026-08-10T06:06:23Z,tomtom:a1_motorway:ba,"tomtom [35.119577, 33.36273]->[35.027876, 33.380984]: HTTPError: HTTP Error 403: Forbidden"
2026-08-10T06:06:23Z,tomtom:makariou_lakat:ab,"tomtom [35.12272, 33.320753]->[35.085908, 33.278088]: HTTPError: HTTP Error 403: Forbidden"
2026-08-10T06:06:23Z,tomtom:makariou_lakat:ba,"tomtom [35.085908, 33.278088]->[35.12272, 33.320753]: HTTPError: HTTP Error 403: Forbidden"
2026-08-10T06:06:23Z,tomtom:griva_digeni:ab,"tomtom [35.162859, 33.359079]->[35.167301, 33.316525]: HTTPError: HTTP Error 403: Forbidden"
2026-08-10T06:06:23Z,tomtom:griva_digeni:ba,"tomtom [35.167301, 33.316525]->[35.162859, 33.359079]: HTTPError: HTTP Error 403: Forbidden"
2026-08-10T06:06:23Z,tomtom:aglantzias:ab,"tomtom [35.157137, 33.393593]->[35.155062, 33.375115]: HTTPError: HTTP Error 403: Forbidden"
2026-08-10T06:06:23Z,tomtom:aglantzias:ba,"tomtom [35.155062, 33.375115]->[35.157137, 33.393593]: HTTPError: HTTP Error 403: Forbidden"
2026-08-10T06:06:23Z,tomtom:kranidioti:ab,"tomtom [35.111526, 33.312749]->[35.098539, 33.313964]: HTTPError: HTTP Error 403: Forbidden"
2026-08-10T06:06:23Z,tomtom:kranidioti:ba,"tomtom [35.098539, 33.313964]->[35.111526, 33.312749]: HTTPError: HTTP Error 403: Forbidden"
2026-08-10T06:06:23Z,tomtom:perimetrikos:ab,"tomtom [35.11197, 33.312854]->[35.112594, 33.332121]: HTTPError: HTTP Error 403: Forbidden"
2026-08-10T06:06:23Z,tomtom:perimetrikos:ba,"tomtom [35.112594, 33.332121]->[35.11197, 33.312854]: HTTPError: HTTP Error 403: Forbidden"
2026-08-10T06:06:23Z,tomtom:hatziiosif:ab,"tomtom [35.145493, 33.359842]->[35.127394, 33.356469]: HTTPError: HTTP Error 403: Forbidden"
2026-08-10T06:06:23Z,tomtom:hatziiosif:ba,"tomtom [35.127394, 33.356469]->[35.145493, 33.359842]: HTTPError: HTTP Error 403: Forbidden"
2026-08-10T06:06:23Z,tomtom:perikleous:ab,"tomtom [35.141783, 33.358663]->[35.144587, 33.344631]: HTTPError: HTTP Error 403: Forbidden"
2026-08-10T06:06:23Z,tomtom:perikleous:ba,"tomtom [35.144587, 33.344631]->[35.141783, 33.358663]: HTTPError: HTTP Error 403: Forbidden"
2026-08-10T06:06:23Z,tomtom:avraamidi:ab,"tomtom [35.141783, 33.358663]->[35.141938, 33.369639]: HTTPError: HTTP Error 403: Forbidden"
2026-08-10T06:06:23Z,tomtom:avraamidi:ba,"tomtom [35.141938, 33.369639]->[35.141783, 33.358663]: HTTPError: HTTP Error 403: Forbidden"
2026-08-10T06:06:23Z,tomtom:athinon:ab,"tomtom [35.143831, 33.34371]->[35.136006, 33.34964]: HTTPError: HTTP Error 403: Forbidden"
2026-08-10T06:06:23Z,tomtom:athinon:ba,"tomtom [35.136006, 33.34964]->[35.143831, 33.34371]: HTTPError: HTTP Error 403: Forbidden"
2026-08-10T06:06:23Z,tomtom:tasou_markou:ab,"tomtom [35.136095, 33.369813]->[35.13909, 33.366402]: HTTPError: HTTP Error 403: Forbidden"
2026-08-10T06:06:23Z,tomtom:tasou_markou:ba,"tomtom [35.13909, 33.366402]->[35.136095, 33.369813]: HTTPError: HTTP Error 403: Forbidden"
2026-08-10T06:06:23Z,tomtom:peiraios:ab,"tomtom [35.142737, 33.351744]->[35.147838, 33.353557]: HTTPError: HTTP Error 403: Forbidden"
2026-08-10T06:06:23Z,tomtom:peiraios:ba,"tomtom [35.147838, 33.353557]->[35.142737, 33.351744]: HTTPError: HTTP Error 403: Forbidden"
2026-08-10T07:04:30Z,tomtom:strovolou:ab,"tomtom [35.12272, 33.320753]->[35.15484, 33.349449]: HTTPError: HTTP Error 403: Forbidden"
2026-08-10T07:04:30Z,tomtom:strovolou:ba,"tomtom [35.15484, 33.349449]->[35.12272, 33.320753]: HTTPError: HTTP Error 403: Forbidden"
2026-08-10T07:04:30Z,tomtom:tseriou:ab,"tomtom [35.143548, 33.343464]->[35.121728, 33.335161]: HTTPError: HTTP Error 403: Forbidden"
2026-08-10T07:04:30Z,tomtom:tseriou:ba,"tomtom [35.121728, 33.335161]->[35.143548, 33.343464]: HTTPError: HTTP Error 403: Forbidden"
2026-08-10T07:04:30Z,tomtom:prodromou:ab,"tomtom [35.169599, 33.349447]->[35.149755, 33.342385]: HTTPError: HTTP Error 403: Forbidden"
2026-08-10T07:04:30Z,tomtom:prodromou:ba,"tomtom [35.149755, 33.342385]->[35.169599, 33.349447]: HTTPError: HTTP Error 403: Forbidden"
2026-08-10T07:04:30Z,tomtom:akropoleos:ab,"tomtom [35.160024, 33.358134]->[35.11565, 33.356195]: HTTPError: HTTP Error 403: Forbidden"
2026-08-10T07:04:30Z,tomtom:akropoleos:ba,"tomtom [35.11565, 33.356195]->[35.160024, 33.358134]: HTTPError: HTTP Error 403: Forbidden"
2026-08-10T07:04:30Z,tomtom:athalassas:ab,"tomtom [35.1504, 33.347064]->[35.14003, 33.374847]: HTTPError: HTTP Error 403: Forbidden"
2026-08-10T07:04:30Z,tomtom:athalassas:ba,"tomtom [35.14003, 33.374847]->[35.1504, 33.347064]: HTTPError: HTTP Error 403: Forbidden"
2026-08-10T07:04:30Z,tomtom:lemesou:ab,"tomtom [35.157593, 33.373428]->[35.140141, 33.374843]: HTTPError: HTTP Error 403: Forbidden"
2026-08-10T07:04:30Z,tomtom:lemesou:ba,"tomtom [35.140141, 33.374843]->[35.157593, 33.373428]: HTTPError: HTTP Error 403: Forbidden"
2026-08-10T07:04:30Z,tomtom:sp_kyprianou:ab,"tomtom [35.164561, 33.363944]->[35.136056, 33.30998]: HTTPError: HTTP Error 403: Forbidden"
2026-08-10T07:04:30Z,tomtom:sp_kyprianou:ba,"tomtom [35.136056, 33.30998]->[35.164561, 33.363944]: HTTPError: HTTP Error 403: Forbidden"
2026-08-10T07:04:30Z,tomtom:archangelou:ab,"tomtom [35.157991, 33.33707]->[35.119693, 33.312187]: HTTPError: HTTP Error 403: Forbidden"
2026-08-10T07:04:30Z,tomtom:archangelou:ba,"tomtom [35.119693, 33.312187]->[35.157991, 33.33707]: HTTPError: HTTP Error 403: Forbidden"
2026-08-10T07:04:30Z,tomtom:konstantinoup:ab,"tomtom [35.137401, 33.341347]->[35.114216, 33.345546]: HTTPError: HTTP Error 403: Forbidden"
2026-08-10T07:04:30Z,tomtom:konstantinoup:ba,"tomtom [35.114216, 33.345546]->[35.137401, 33.341347]: HTTPError: HTTP Error 403: Forbidden"
2026-08-10T07:04:30Z,tomtom:stavrou:ab,"tomtom [35.135892, 33.369783]->[35.138576, 33.347355]: HTTPError: HTTP Error 403: Forbidden"
2026-08-10T07:04:30Z,tomtom:stavrou:ba,"tomtom [35.138576, 33.347355]->[35.135892, 33.369783]: HTTPError: HTTP Error 403: Forbidden"
2026-08-10T07:04:30Z,tomtom:makedonitissas:ab,"tomtom [35.146121, 33.340206]->[35.147318, 33.324694]: HTTPError: HTTP Error 403: Forbidden"
2026-08-10T07:04:30Z,tomtom:makedonitissas:ba,"tomtom [35.147318, 33.324694]->[35.146121, 33.340206]: HTTPError: HTTP Error 403: Forbidden"
2026-08-10T07:04:30Z,tomtom:armenias:ab,"tomtom [35.15182, 33.374646]->[35.154731, 33.363603]: HTTPError: HTTP Error 403: Forbidden"
2026-08-10T07:04:30Z,tomtom:armenias:ba,"tomtom [35.154731, 33.363603]->[35.15182, 33.374646]: HTTPError: HTTP Error 403: Forbidden"
2026-08-10T07:04:30Z,tomtom:arch_kyprianou:ab,"tomtom [35.152804, 33.34768]->[35.143283, 33.339402]: HTTPError: HTTP Error 403: Forbidden"
2026-08-10T07:04:30Z,tomtom:arch_kyprianou:ba,"tomtom [35.143283, 33.339402]->[35.152804, 33.34768]: HTTPError: HTTP Error 403: Forbidden"
2026-08-10T07:04:30Z,tomtom:a1_motorway:ab,"tomtom [35.027876, 33.380984]->[35.119577, 33.36273]: HTTPError: HTTP Error 403: Forbidden"
2026-08-10T07:04:30Z,tomtom:a1_motorway:ba,"tomtom [35.119577, 33.36273]->[35.027876, 33.380984]: HTTPError: HTTP Error 403: Forbidden"
2026-08-10T07:04:30Z,tomtom:makariou_lakat:ab,"tomtom [35.12272, 33.320753]->[35.085908, 33.278088]: HTTPError: HTTP Error 403: Forbidden"
2026-08-10T07:04:30Z,tomtom:makariou_lakat:ba,"tomtom [35.085908, 33.278088]->[35.12272, 33.320753]: HTTPError: HTTP Error 403: Forbidden"
2026-08-10T07:04:30Z,tomtom:griva_digeni:ab,"tomtom [35.162859, 33.359079]->[35.167301, 33.316525]: HTTPError: HTTP Error 403: Forbidden"
2026-08-10T07:04:30Z,tomtom:griva_digeni:ba,"tomtom [35.167301, 33.316525]->[35.162859, 33.359079]: HTTPError: HTTP Error 403: Forbidden"
2026-08-10T07:04:30Z,tomtom:aglantzias:ab,"tomtom [35.157137, 33.393593]->[35.155062, 33.375115]: HTTPError: HTTP Error 403: Forbidden"
2026-08-10T07:04:30Z,tomtom:aglantzias:ba,"tomtom [35.155062, 33.375115]->[35.157137, 33.393593]: HTTPError: HTTP Error 403: Forbidden"
2026-08-10T07:04:30Z,tomtom:kranidioti:ab,"tomtom [35.111526, 33.312749]->[35.098539, 33.313964]: HTTPError: HTTP Error 403: Forbidden"
2026-08-10T07:04:30Z,tomtom:kranidioti:ba,"tomtom [35.098539, 33.313964]->[35.111526, 33.312749]: HTTPError: HTTP Error 403: Forbidden"
2026-08-10T07:04:30Z,tomtom:perimetrikos:ab,"tomtom [35.11197, 33.312854]->[35.112594, 33.332121]: HTTPError: HTTP Error 403: Forbidden"
2026-08-10T07:04:30Z,tomtom:perimetrikos:ba,"tomtom [35.112594, 33.332121]->[35.11197, 33.312854]: HTTPError: HTTP Error 403: Forbidden"
2026-08-10T07:04:30Z,tomtom:hatziiosif:ab,"tomtom [35.145493, 33.359842]->[35.127394, 33.356469]: HTTPError: HTTP Error 403: Forbidden"
2026-08-10T07:04:30Z,tomtom:hatziiosif:ba,"tomtom [35.127394, 33.356469]->[35.145493, 33.359842]: HTTPError: HTTP Error 403: Forbidden"
2026-08-10T07:04:30Z,tomtom:perikleous:ab,"tomtom [35.141783, 33.358663]->[35.144587, 33.344631]: HTTPError: HTTP Error 403: Forbidden"
2026-08-10T07:04:30Z,tomtom:perikleous:ba,"tomtom [35.144587, 33.344631]->[35.141783, 33.358663]: HTTPError: HTTP Error 403: Forbidden"
2026-08-10T07:04:30Z,tomtom:avraamidi:ab,"tomtom [35.141783, 33.358663]->[35.141938, 33.369639]: HTTPError: HTTP Error 403: Forbidden"
2026-08-10T07:04:30Z,tomtom:avraamidi:ba,"tomtom [35.141938, 33.369639]->[35.141783, 33.358663]: HTTPError: HTTP Error 403: Forbidden"
2026-08-10T07:04:30Z,tomtom:athinon:ab,"tomtom [35.143831, 33.34371]->[35.136006, 33.34964]: HTTPError: HTTP Error 403: Forbidden"
2026-08-10T07:04:30Z,tomtom:athinon:ba,"tomtom [35.136006, 33.34964]->[35.143831, 33.34371]: HTTPError: HTTP Error 403: Forbidden"
2026-08-10T07:04:30Z,tomtom:tasou_markou:ab,"tomtom [35.136095, 33.369813]->[35.13909, 33.366402]: HTTPError: HTTP Error 403: Forbidden"
2026-08-10T07:04:30Z,tomtom:tasou_markou:ba,"tomtom [35.13909, 33.366402]->[35.136095, 33.369813]: HTTPError: HTTP Error 403: Forbidden"
2026-08-10T07:04:30Z,tomtom:peiraios:ab,"tomtom [35.142737, 33.351744]->[35.147838, 33.353557]: HTTPError: HTTP Error 403: Forbidden"
2026-08-10T07:04:30Z,tomtom:peiraios:ba,"tomtom [35.147838, 33.353557]->[35.142737, 33.351744]: HTTPError: HTTP Error 403: Forbidden"
2026-08-10T09:01:18Z,tomtom:strovolou:ab,"tomtom [35.12272, 33.320753]->[35.15484, 33.349449]: HTTPError: HTTP Error 403: Forbidden"
2026-08-10T09:01:18Z,tomtom:strovolou:ba,"tomtom [35.15484, 33.349449]->[35.12272, 33.320753]: HTTPError: HTTP Error 403: Forbidden"
2026-08-10T09:01:18Z,tomtom:tseriou:ab,"tomtom [35.143548, 33.343464]->[35.121728, 33.335161]: HTTPError: HTTP Error 403: Forbidden"
2026-08-10T09:01:18Z,tomtom:tseriou:ba,"tomtom [35.121728, 33.335161]->[35.143548, 33.343464]: HTTPError: HTTP Error 403: Forbidden"
2026-08-10T09:01:18Z,tomtom:prodromou:ab,"tomtom [35.169599, 33.349447]->[35.149755, 33.342385]: HTTPError: HTTP Error 403: Forbidden"
2026-08-10T09:01:18Z,tomtom:prodromou:ba,"tomtom [35.149755, 33.342385]->[35.169599, 33.349447]: HTTPError: HTTP Error 403: Forbidden"
2026-08-10T09:01:18Z,tomtom:akropoleos:ab,"tomtom [35.160024, 33.358134]->[35.11565, 33.356195]: HTTPError: HTTP Error 403: Forbidden"
2026-08-10T09:01:18Z,tomtom:akropoleos:ba,"tomtom [35.11565, 33.356195]->[35.160024, 33.358134]: HTTPError: HTTP Error 403: Forbidden"
2026-08-10T09:01:18Z,tomtom:athalassas:ab,"tomtom [35.1504, 33.347064]->[35.14003, 33.374847]: HTTPError: HTTP Error 403: Forbidden"
2026-08-10T09:01:18Z,tomtom:athalassas:ba,"tomtom [35.14003, 33.374847]->[35.1504, 33.347064]: HTTPError: HTTP Error 403: Forbidden"
2026-08-10T09:01:18Z,tomtom:lemesou:ab,"tomtom [35.157593, 33.373428]->[35.140141, 33.374843]: HTTPError: HTTP Error 403: Forbidden"
2026-08-10T09:01:18Z,tomtom:lemesou:ba,"tomtom [35.140141, 33.374843]->[35.157593, 33.373428]: HTTPError: HTTP Error 403: Forbidden"
2026-08-10T09:01:18Z,tomtom:sp_kyprianou:ab,"tomtom [35.164561, 33.363944]->[35.136056, 33.30998]: HTTPError: HTTP Error 403: Forbidden"
2026-08-10T09:01:18Z,tomtom:sp_kyprianou:ba,"tomtom [35.136056, 33.30998]->[35.164561, 33.363944]: HTTPError: HTTP Error 403: Forbidden"
2026-08-10T09:01:18Z,tomtom:archangelou:ab,"tomtom [35.157991, 33.33707]->[35.119693, 33.312187]: HTTPError: HTTP Error 403: Forbidden"
2026-08-10T09:01:18Z,tomtom:archangelou:ba,"tomtom [35.119693, 33.312187]->[35.157991, 33.33707]: HTTPError: HTTP Error 403: Forbidden"
2026-08-10T09:01:18Z,tomtom:konstantinoup:ab,"tomtom [35.137401, 33.341347]->[35.114216, 33.345546]: HTTPError: HTTP Error 403: Forbidden"
2026-08-10T09:01:18Z,tomtom:konstantinoup:ba,"tomtom [35.114216, 33.345546]->[35.137401, 33.341347]: HTTPError: HTTP Error 403: Forbidden"
2026-08-10T09:01:18Z,tomtom:stavrou:ab,"tomtom [35.135892, 33.369783]->[35.138576, 33.347355]: HTTPError: HTTP Error 403: Forbidden"
2026-08-10T09:01:18Z,tomtom:stavrou:ba,"tomtom [35.138576, 33.347355]->[35.135892, 33.369783]: HTTPError: HTTP Error 403: Forbidden"
2026-08-10T09:01:18Z,tomtom:makedonitissas:ab,"tomtom [35.146121, 33.340206]->[35.147318, 33.324694]: HTTPError: HTTP Error 403: Forbidden"
2026-08-10T09:01:18Z,tomtom:makedonitissas:ba,"tomtom [35.147318, 33.324694]->[35.146121, 33.340206]: HTTPError: HTTP Error 403: Forbidden"
2026-08-10T09:01:18Z,tomtom:armenias:ab,"tomtom [35.15182, 33.374646]->[35.154731, 33.363603]: HTTPError: HTTP Error 403: Forbidden"
2026-08-10T09:01:18Z,tomtom:armenias:ba,"tomtom [35.154731, 33.363603]->[35.15182, 33.374646]: HTTPError: HTTP Error 403: Forbidden"
2026-08-10T09:01:18Z,tomtom:arch_kyprianou:ab,"tomtom [35.152804, 33.34768]->[35.143283, 33.339402]: HTTPError: HTTP Error 403: Forbidden"
2026-08-10T09:01:18Z,tomtom:arch_kyprianou:ba,"tomtom [35.143283, 33.339402]->[35.152804, 33.34768]: HTTPError: HTTP Error 403: Forbidden"
2026-08-10T09:01:18Z,tomtom:a1_motorway:ab,"tomtom [35.027876, 33.380984]->[35.119577, 33.36273]: HTTPError: HTTP Error 403: Forbidden"
2026-08-10T09:01:18Z,tomtom:a1_motorway:ba,"tomtom [35.119577, 33.36273]->[35.027876, 33.380984]: HTTPError: HTTP Error 403: Forbidden"
2026-08-10T09:01:18Z,tomtom:makariou_lakat:ab,"tomtom [35.12272, 33.320753]->[35.085908, 33.278088]: HTTPError: HTTP Error 403: Forbidden"
2026-08-10T09:01:18Z,tomtom:makariou_lakat:ba,"tomtom [35.085908, 33.278088]->[35.12272, 33.320753]: HTTPError: HTTP Error 403: Forbidden"
2026-08-10T09:01:18Z,tomtom:griva_digeni:ab,"tomtom [35.162859, 33.359079]->[35.167301, 33.316525]: HTTPError: HTTP Error 403: Forbidden"
2026-08-10T09:01:18Z,tomtom:griva_digeni:ba,"tomtom [35.167301, 33.316525]->[35.162859, 33.359079]: HTTPError: HTTP Error 403: Forbidden"
2026-08-10T09:01:18Z,tomtom:aglantzias:ab,"tomtom [35.157137, 33.393593]->[35.155062, 33.375115]: HTTPError: HTTP Error 403: Forbidden"
2026-08-10T09:01:18Z,tomtom:aglantzias:ba,"tomtom [35.155062, 33.375115]->[35.157137, 33.393593]: HTTPError: HTTP Error 403: Forbidden"
2026-08-10T09:01:18Z,tomtom:kranidioti:ab,"tomtom [35.111526, 33.312749]->[35.098539, 33.313964]: HTTPError: HTTP Error 403: Forbidden"
2026-08-10T09:01:18Z,tomtom:kranidioti:ba,"tomtom [35.098539, 33.313964]->[35.111526, 33.312749]: HTTPError: HTTP Error 403: Forbidden"
2026-08-10T09:01:18Z,tomtom:perimetrikos:ab,"tomtom [35.11197, 33.312854]->[35.112594, 33.332121]: HTTPError: HTTP Error 403: Forbidden"
2026-08-10T09:01:18Z,tomtom:perimetrikos:ba,"tomtom [35.112594, 33.332121]->[35.11197, 33.312854]: HTTPError: HTTP Error 403: Forbidden"
2026-08-10T09:01:18Z,tomtom:hatziiosif:ab,"tomtom [35.145493, 33.359842]->[35.127394, 33.356469]: HTTPError: HTTP Error 403: Forbidden"
2026-08-10T09:01:18Z,tomtom:hatziiosif:ba,"tomtom [35.127394, 33.356469]->[35.145493, 33.359842]: HTTPError: HTTP Error 403: Forbidden"
2026-08-10T09:01:18Z,tomtom:perikleous:ab,"tomtom [35.141783, 33.358663]->[35.144587, 33.344631]: HTTPError: HTTP Error 403: Forbidden"
2026-08-10T09:01:18Z,tomtom:perikleous:ba,"tomtom [35.144587, 33.344631]->[35.141783, 33.358663]: HTTPError: HTTP Error 403: Forbidden"
2026-08-10T09:01:18Z,tomtom:avraamidi:ab,"tomtom [35.141783, 33.358663]->[35.141938, 33.369639]: HTTPError: HTTP Error 403: Forbidden"
2026-08-10T09:01:18Z,tomtom:avraamidi:ba,"tomtom [35.141938, 33.369639]->[35.141783, 33.358663]: HTTPError: HTTP Error 403: Forbidden"
2026-08-10T09:01:18Z,tomtom:athinon:ab,"tomtom [35.143831, 33.34371]->[35.136006, 33.34964]: HTTPError: HTTP Error 403: Forbidden"
2026-08-10T09:01:18Z,tomtom:athinon:ba,"tomtom [35.136006, 33.34964]->[35.143831, 33.34371]: HTTPError: HTTP Error 403: Forbidden"
2026-08-10T09:01:18Z,tomtom:tasou_markou:ab,"tomtom [35.136095, 33.369813]->[35.13909, 33.366402]: HTTPError: HTTP Error 403: Forbidden"
2026-08-10T09:01:18Z,tomtom:tasou_markou:ba,"tomtom [35.13909, 33.366402]->[35.136095, 33.369813]: HTTPError: HTTP Error 403: Forbidden"
2026-08-10T09:01:18Z,tomtom:peiraios:ab,"tomtom [35.142737, 33.351744]->[35.147838, 33.353557]: HTTPError: HTTP Error 403: Forbidden"
2026-08-10T09:01:18Z,tomtom:peiraios:ba,"tomtom [35.147838, 33.353557]->[35.142737, 33.351744]: HTTPError: HTTP Error 403: Forbidden"
2026-08-10T08:02:43Z,tomtom:strovolou:ab,"tomtom [35.12272, 33.320753]->[35.15484, 33.349449]: HTTPError: HTTP Error 403: Forbidden"
2026-08-10T08:02:43Z,tomtom:strovolou:ba,"tomtom [35.15484, 33.349449]->[35.12272, 33.320753]: HTTPError: HTTP Error 403: Forbidden"
2026-08-10T08:02:43Z,tomtom:tseriou:ab,"tomtom [35.143548, 33.343464]->[35.121728, 33.335161]: HTTPError: HTTP Error 403: Forbidden"
2026-08-10T08:02:43Z,tomtom:tseriou:ba,"tomtom [35.121728, 33.335161]->[35.143548, 33.343464]: HTTPError: HTTP Error 403: Forbidden"
2026-08-10T08:02:43Z,tomtom:prodromou:ab,"tomtom [35.169599, 33.349447]->[35.149755, 33.342385]: HTTPError: HTTP Error 403: Forbidden"
2026-08-10T08:02:43Z,tomtom:prodromou:ba,"tomtom [35.149755, 33.342385]->[35.169599, 33.349447]: HTTPError: HTTP Error 403: Forbidden"
2026-08-10T08:02:43Z,tomtom:akropoleos:ab,"tomtom [35.160024, 33.358134]->[35.11565, 33.356195]: HTTPError: HTTP Error 403: Forbidden"
2026-08-10T08:02:43Z,tomtom:akropoleos:ba,"tomtom [35.11565, 33.356195]->[35.160024, 33.358134]: HTTPError: HTTP Error 403: Forbidden"
2026-08-10T08:02:43Z,tomtom:athalassas:ab,"tomtom [35.1504, 33.347064]->[35.14003, 33.374847]: HTTPError: HTTP Error 403: Forbidden"
2026-08-10T08:02:43Z,tomtom:athalassas:ba,"tomtom [35.14003, 33.374847]->[35.1504, 33.347064]: HTTPError: HTTP Error 403: Forbidden"
2026-08-10T08:02:43Z,tomtom:lemesou:ab,"tomtom [35.157593, 33.373428]->[35.140141, 33.374843]: HTTPError: HTTP Error 403: Forbidden"
2026-08-10T08:02:43Z,tomtom:lemesou:ba,"tomtom [35.140141, 33.374843]->[35.157593, 33.373428]: HTTPError: HTTP Error 403: Forbidden"
2026-08-10T08:02:43Z,tomtom:sp_kyprianou:ab,"tomtom [35.164561, 33.363944]->[35.136056, 33.30998]: HTTPError: HTTP Error 403: Forbidden"
2026-08-10T08:02:43Z,tomtom:sp_kyprianou:ba,"tomtom [35.136056, 33.30998]->[35.164561, 33.363944]: HTTPError: HTTP Error 403: Forbidden"
2026-08-10T08:02:43Z,tomtom:archangelou:ab,"tomtom [35.157991, 33.33707]->[35.119693, 33.312187]: HTTPError: HTTP Error 403: Forbidden"
2026-08-10T08:02:43Z,tomtom:archangelou:ba,"tomtom [35.119693, 33.312187]->[35.157991, 33.33707]: HTTPError: HTTP Error 403: Forbidden"
2026-08-10T08:02:43Z,tomtom:konstantinoup:ab,"tomtom [35.137401, 33.341347]->[35.114216, 33.345546]: HTTPError: HTTP Error 403: Forbidden"
2026-08-10T08:02:43Z,tomtom:konstantinoup:ba,"tomtom [35.114216, 33.345546]->[35.137401, 33.341347]: HTTPError: HTTP Error 403: Forbidden"
2026-08-10T08:02:43Z,tomtom:stavrou:ab,"tomtom [35.135892, 33.369783]->[35.138576, 33.347355]: HTTPError: HTTP Error 403: Forbidden"
2026-08-10T08:02:43Z,tomtom:stavrou:ba,"tomtom [35.138576, 33.347355]->[35.135892, 33.369783]: HTTPError: HTTP Error 403: Forbidden"
2026-08-10T08:02:43Z,tomtom:makedonitissas:ab,"tomtom [35.146121, 33.340206]->[35.147318, 33.324694]: HTTPError: HTTP Error 403: Forbidden"
2026-08-10T08:02:43Z,tomtom:makedonitissas:ba,"tomtom [35.147318, 33.324694]->[35.146121, 33.340206]: HTTPError: HTTP Error 403: Forbidden"
2026-08-10T08:02:43Z,tomtom:armenias:ab,"tomtom [35.15182, 33.374646]->[35.154731, 33.363603]: HTTPError: HTTP Error 403: Forbidden"
2026-08-10T08:02:43Z,tomtom:armenias:ba,"tomtom [35.154731, 33.363603]->[35.15182, 33.374646]: HTTPError: HTTP Error 403: Forbidden"
2026-08-10T08:02:43Z,tomtom:arch_kyprianou:ab,"tomtom [35.152804, 33.34768]->[35.143283, 33.339402]: HTTPError: HTTP Error 403: Forbidden"
2026-08-10T08:02:43Z,tomtom:arch_kyprianou:ba,"tomtom [35.143283, 33.339402]->[35.152804, 33.34768]: HTTPError: HTTP Error 403: Forbidden"
2026-08-10T08:02:43Z,tomtom:a1_motorway:ab,"tomtom [35.027876, 33.380984]->[35.119577, 33.36273]: HTTPError: HTTP Error 403: Forbidden"
2026-08-10T08:02:43Z,tomtom:a1_motorway:ba,"tomtom [35.119577, 33.36273]->[35.027876, 33.380984]: HTTPError: HTTP Error 403: Forbidden"
2026-08-10T08:02:43Z,tomtom:makariou_lakat:ab,"tomtom [35.12272, 33.320753]->[35.085908, 33.278088]: HTTPError: HTTP Error 403: Forbidden"
2026-08-10T08:02:43Z,tomtom:makariou_lakat:ba,"tomtom [35.085908, 33.278088]->[35.12272, 33.320753]: HTTPError: HTTP Error 403: Forbidden"
2026-08-10T08:02:43Z,tomtom:griva_digeni:ab,"tomtom [35.162859, 33.359079]->[35.167301, 33.316525]: HTTPError: HTTP Error 403: Forbidden"
2026-08-10T08:02:43Z,tomtom:griva_digeni:ba,"tomtom [35.167301, 33.316525]->[35.162859, 33.359079]: HTTPError: HTTP Error 403: Forbidden"
2026-08-10T08:02:43Z,tomtom:aglantzias:ab,"tomtom [35.157137, 33.393593]->[35.155062, 33.375115]: HTTPError: HTTP Error 403: Forbidden"
2026-08-10T08:02:43Z,tomtom:aglantzias:ba,"tomtom [35.155062, 33.375115]->[35.157137, 33.393593]: HTTPError: HTTP Error 403: Forbidden"
2026-08-10T08:02:43Z,tomtom:kranidioti:ab,"tomtom [35.111526, 33.312749]->[35.098539, 33.313964]: HTTPError: HTTP Error 403: Forbidden"
2026-08-10T08:02:43Z,tomtom:kranidioti:ba,"tomtom [35.098539, 33.313964]->[35.111526, 33.312749]: HTTPError: HTTP Error 403: Forbidden"
2026-08-10T08:02:43Z,tomtom:perimetrikos:ab,"tomtom [35.11197, 33.312854]->[35.112594, 33.332121]: HTTPError: HTTP Error 403: Forbidden"
2026-08-10T08:02:43Z,tomtom:perimetrikos:ba,"tomtom [35.112594, 33.332121]->[35.11197, 33.312854]: HTTPError: HTTP Error 403: Forbidden"
2026-08-10T08:02:43Z,tomtom:hatziiosif:ab,"tomtom [35.145493, 33.359842]->[35.127394, 33.356469]: HTTPError: HTTP Error 403: Forbidden"
2026-08-10T08:02:43Z,tomtom:hatziiosif:ba,"tomtom [35.127394, 33.356469]->[35.145493, 33.359842]: HTTPError: HTTP Error 403: Forbidden"
2026-08-10T08:02:43Z,tomtom:perikleous:ab,"tomtom [35.141783, 33.358663]->[35.144587, 33.344631]: HTTPError: HTTP Error 403: Forbidden"
2026-08-10T08:02:43Z,tomtom:perikleous:ba,"tomtom [35.144587, 33.344631]->[35.141783, 33.358663]: HTTPError: HTTP Error 403: Forbidden"
2026-08-10T08:02:43Z,tomtom:avraamidi:ab,"tomtom [35.141783, 33.358663]->[35.141938, 33.369639]: HTTPError: HTTP Error 403: Forbidden"
2026-08-10T08:02:43Z,tomtom:avraamidi:ba,"tomtom [35.141938, 33.369639]->[35.141783, 33.358663]: HTTPError: HTTP Error 403: Forbidden"
2026-08-10T08:02:43Z,tomtom:athinon:ab,"tomtom [35.143831, 33.34371]->[35.136006, 33.34964]: HTTPError: HTTP Error 403: Forbidden"
2026-08-10T08:02:43Z,tomtom:athinon:ba,"tomtom [35.136006, 33.34964]->[35.143831, 33.34371]: HTTPError: HTTP Error 403: Forbidden"
2026-08-10T08:02:43Z,tomtom:tasou_markou:ab,"tomtom [35.136095, 33.369813]->[35.13909, 33.366402]: HTTPError: HTTP Error 403: Forbidden"
2026-08-10T08:02:43Z,tomtom:tasou_markou:ba,"tomtom [35.13909, 33.366402]->[35.136095, 33.369813]: HTTPError: HTTP Error 403: Forbidden"
2026-08-10T08:02:43Z,tomtom:peiraios:ab,"tomtom [35.142737, 33.351744]->[35.147838, 33.353557]: HTTPError: HTTP Error 403: Forbidden"
2026-08-10T08:02:43Z,tomtom:peiraios:ba,"tomtom [35.147838, 33.353557]->[35.142737, 33.351744]: HTTPError: HTTP Error 403: Forbidden"
2026-08-10T10:09:38Z,tomtom:strovolou:ab,"tomtom [35.12272, 33.320753]->[35.15484, 33.349449]: HTTPError: HTTP Error 403: Forbidden"
2026-08-10T10:09:38Z,tomtom:strovolou:ba,"tomtom [35.15484, 33.349449]->[35.12272, 33.320753]: HTTPError: HTTP Error 403: Forbidden"
2026-08-10T10:09:38Z,tomtom:tseriou:ab,"tomtom [35.143548, 33.343464]->[35.121728, 33.335161]: HTTPError: HTTP Error 403: Forbidden"
2026-08-10T10:09:38Z,tomtom:tseriou:ba,"tomtom [35.121728, 33.335161]->[35.143548, 33.343464]: HTTPError: HTTP Error 403: Forbidden"
2026-08-10T10:09:38Z,tomtom:prodromou:ab,"tomtom [35.169599, 33.349447]->[35.149755, 33.342385]: HTTPError: HTTP Error 403: Forbidden"
2026-08-10T10:09:38Z,tomtom:prodromou:ba,"tomtom [35.149755, 33.342385]->[35.169599, 33.349447]: HTTPError: HTTP Error 403: Forbidden"
2026-08-10T10:09:38Z,tomtom:akropoleos:ab,"tomtom [35.160024, 33.358134]->[35.11565, 33.356195]: HTTPError: HTTP Error 403: Forbidden"
2026-08-10T10:09:38Z,tomtom:akropoleos:ba,"tomtom [35.11565, 33.356195]->[35.160024, 33.358134]: HTTPError: HTTP Error 403: Forbidden"
2026-08-10T10:09:38Z,tomtom:athalassas:ab,"tomtom [35.1504, 33.347064]->[35.14003, 33.374847]: HTTPError: HTTP Error 403: Forbidden"
2026-08-10T10:09:38Z,tomtom:athalassas:ba,"tomtom [35.14003, 33.374847]->[35.1504, 33.347064]: HTTPError: HTTP Error 403: Forbidden"
2026-08-10T10:09:38Z,tomtom:lemesou:ab,"tomtom [35.157593, 33.373428]->[35.140141, 33.374843]: HTTPError: HTTP Error 403: Forbidden"
2026-08-10T10:09:38Z,tomtom:lemesou:ba,"tomtom [35.140141, 33.374843]->[35.157593, 33.373428]: HTTPError: HTTP Error 403: Forbidden"
2026-08-10T10:09:38Z,tomtom:sp_kyprianou:ab,"tomtom [35.164561, 33.363944]->[35.136056, 33.30998]: HTTPError: HTTP Error 403: Forbidden"
2026-08-10T10:09:38Z,tomtom:sp_kyprianou:ba,"tomtom [35.136056, 33.30998]->[35.164561, 33.363944]: HTTPError: HTTP Error 403: Forbidden"
2026-08-10T10:09:38Z,tomtom:archangelou:ab,"tomtom [35.157991, 33.33707]->[35.119693, 33.312187]: HTTPError: HTTP Error 403: Forbidden"
2026-08-10T10:09:38Z,tomtom:archangelou:ba,"tomtom [35.119693, 33.312187]->[35.157991, 33.33707]: HTTPError: HTTP Error 403: Forbidden"
2026-08-10T10:09:38Z,tomtom:konstantinoup:ab,"tomtom [35.137401, 33.341347]->[35.114216, 33.345546]: HTTPError: HTTP Error 403: Forbidden"
2026-08-10T10:09:38Z,tomtom:konstantinoup:ba,"tomtom [35.114216, 33.345546]->[35.137401, 33.341347]: HTTPError: HTTP Error 403: Forbidden"
2026-08-10T10:09:38Z,tomtom:stavrou:ab,"tomtom [35.135892, 33.369783]->[35.138576, 33.347355]: HTTPError: HTTP Error 403: Forbidden"
2026-08-10T10:09:38Z,tomtom:stavrou:ba,"tomtom [35.138576, 33.347355]->[35.135892, 33.369783]: HTTPError: HTTP Error 403: Forbidden"
2026-08-10T10:09:38Z,tomtom:makedonitissas:ab,"tomtom [35.146121, 33.340206]->[35.147318, 33.324694]: HTTPError: HTTP Error 403: Forbidden"
2026-08-10T10:09:38Z,tomtom:makedonitissas:ba,"tomtom [35.147318, 33.324694]->[35.146121, 33.340206]: HTTPError: HTTP Error 403: Forbidden"
2026-08-10T10:09:38Z,tomtom:armenias:ab,"tomtom [35.15182, 33.374646]->[35.154731, 33.363603]: HTTPError: HTTP Error 403: Forbidden"
2026-08-10T10:09:38Z,tomtom:armenias:ba,"tomtom [35.154731, 33.363603]->[35.15182, 33.374646]: HTTPError: HTTP Error 403: Forbidden"
2026-08-10T10:09:38Z,tomtom:arch_kyprianou:ab,"tomtom [35.152804, 33.34768]->[35.143283, 33.339402]: HTTPError: HTTP Error 403: Forbidden"
2026-08-10T10:09:38Z,tomtom:arch_kyprianou:ba,"tomtom [35.143283, 33.339402]->[35.152804, 33.34768]: HTTPError: HTTP Error 403: Forbidden"
2026-08-10T10:09:38Z,tomtom:a1_motorway:ab,"tomtom [35.027876, 33.380984]->[35.119577, 33.36273]: HTTPError: HTTP Error 403: Forbidden"
2026-08-10T10:09:38Z,tomtom:a1_motorway:ba,"tomtom [35.119577, 33.36273]->[35.027876, 33.380984]: HTTPError: HTTP Error 403: Forbidden"
2026-08-10T10:09:38Z,tomtom:makariou_lakat:ab,"tomtom [35.12272, 33.320753]->[35.085908, 33.278088]: HTTPError: HTTP Error 403: Forbidden"
2026-08-10T10:09:38Z,tomtom:makariou_lakat:ba,"tomtom [35.085908, 33.278088]->[35.12272, 33.320753]: HTTPError: HTTP Error 403: Forbidden"
2026-08-10T10:09:38Z,tomtom:griva_digeni:ab,"tomtom [35.162859, 33.359079]->[35.167301, 33.316525]: HTTPError: HTTP Error 403: Forbidden"
2026-08-10T10:09:38Z,tomtom:griva_digeni:ba,"tomtom [35.167301, 33.316525]->[35.162859, 33.359079]: HTTPError: HTTP Error 403: Forbidden"
2026-08-10T10:09:38Z,tomtom:aglantzias:ab,"tomtom [35.157137, 33.393593]->[35.155062, 33.375115]: HTTPError: HTTP Error 403: Forbidden"
2026-08-10T10:09:38Z,tomtom:aglantzias:ba,"tomtom [35.155062, 33.375115]->[35.157137, 33.393593]: HTTPError: HTTP Error 403: Forbidden"
2026-08-10T10:09:38Z,tomtom:kranidioti:ab,"tomtom [35.111526, 33.312749]->[35.098539, 33.313964]: HTTPError: HTTP Error 403: Forbidden"
2026-08-10T10:09:38Z,tomtom:kranidioti:ba,"tomtom [35.098539, 33.313964]->[35.111526, 33.312749]: HTTPError: HTTP Error 403: Forbidden"
2026-08-10T10:09:38Z,tomtom:perimetrikos:ab,"tomtom [35.11197, 33.312854]->[35.112594, 33.332121]: HTTPError: HTTP Error 403: Forbidden"
2026-08-10T10:09:38Z,tomtom:perimetrikos:ba,"tomtom [35.112594, 33.332121]->[35.11197, 33.312854]: HTTPError: HTTP Error 403: Forbidden"
2026-08-10T10:09:38Z,tomtom:hatziiosif:ab,"tomtom [35.145493, 33.359842]->[35.127394, 33.356469]: HTTPError: HTTP Error 403: Forbidden"
2026-08-10T10:09:38Z,tomtom:hatziiosif:ba,"tomtom [35.127394, 33.356469]->[35.145493, 33.359842]: HTTPError: HTTP Error 403: Forbidden"
2026-08-10T10:09:38Z,tomtom:perikleous:ab,"tomtom [35.141783, 33.358663]->[35.144587, 33.344631]: HTTPError: HTTP Error 403: Forbidden"
2026-08-10T10:09:38Z,tomtom:perikleous:ba,"tomtom [35.144587, 33.344631]->[35.141783, 33.358663]: HTTPError: HTTP Error 403: Forbidden"
2026-08-10T10:09:38Z,tomtom:avraamidi:ab,"tomtom [35.141783, 33.358663]->[35.141938, 33.369639]: HTTPError: HTTP Error 403: Forbidden"
2026-08-10T10:09:38Z,tomtom:avraamidi:ba,"tomtom [35.141938, 33.369639]->[35.141783, 33.358663]: HTTPError: HTTP Error 403: Forbidden"
2026-08-10T10:09:38Z,tomtom:athinon:ab,"tomtom [35.143831, 33.34371]->[35.136006, 33.34964]: HTTPError: HTTP Error 403: Forbidden"
2026-08-10T10:09:38Z,tomtom:athinon:ba,"tomtom [35.136006, 33.34964]->[35.143831, 33.34371]: HTTPError: HTTP Error 403: Forbidden"
2026-08-10T10:09:38Z,tomtom:tasou_markou:ab,"tomtom [35.136095, 33.369813]->[35.13909, 33.366402]: HTTPError: HTTP Error 403: Forbidden"
2026-08-10T10:09:38Z,tomtom:tasou_markou:ba,"tomtom [35.13909, 33.366402]->[35.136095, 33.369813]: HTTPError: HTTP Error 403: Forbidden"
2026-08-10T10:09:38Z,tomtom:peiraios:ab,"tomtom [35.142737, 33.351744]->[35.147838, 33.353557]: HTTPError: HTTP Error 403: Forbidden"
2026-08-10T10:09:38Z,tomtom:peiraios:ba,"tomtom [35.147838, 33.353557]->[35.142737, 33.351744]: HTTPError: HTTP Error 403: Forbidden"
2026-08-10T10:27:41Z,tomtom:strovolou:ab,"tomtom [35.12272, 33.320753]->[35.15484, 33.349449]: HTTPError: HTTP Error 403: Forbidden"
2026-08-10T10:27:41Z,tomtom:strovolou:ba,"tomtom [35.15484, 33.349449]->[35.12272, 33.320753]: HTTPError: HTTP Error 403: Forbidden"
2026-08-10T10:27:41Z,tomtom:tseriou:ab,"tomtom [35.143548, 33.343464]->[35.121728, 33.335161]: HTTPError: HTTP Error 403: Forbidden"
2026-08-10T10:27:41Z,tomtom:tseriou:ba,"tomtom [35.121728, 33.335161]->[35.143548, 33.343464]: HTTPError: HTTP Error 403: Forbidden"
2026-08-10T10:27:41Z,tomtom:prodromou:ab,"tomtom [35.169599, 33.349447]->[35.149755, 33.342385]: HTTPError: HTTP Error 403: Forbidden"
2026-08-10T10:27:41Z,tomtom:prodromou:ba,"tomtom [35.149755, 33.342385]->[35.169599, 33.349447]: HTTPError: HTTP Error 403: Forbidden"
2026-08-10T10:27:41Z,tomtom:akropoleos:ab,"tomtom [35.160024, 33.358134]->[35.11565, 33.356195]: HTTPError: HTTP Error 403: Forbidden"
2026-08-10T10:27:41Z,tomtom:akropoleos:ba,"tomtom [35.11565, 33.356195]->[35.160024, 33.358134]: HTTPError: HTTP Error 403: Forbidden"
2026-08-10T10:27:41Z,tomtom:athalassas:ab,"tomtom [35.1504, 33.347064]->[35.14003, 33.374847]: HTTPError: HTTP Error 403: Forbidden"
2026-08-10T10:27:41Z,tomtom:athalassas:ba,"tomtom [35.14003, 33.374847]->[35.1504, 33.347064]: HTTPError: HTTP Error 403: Forbidden"
2026-08-10T10:27:41Z,tomtom:lemesou:ab,"tomtom [35.157593, 33.373428]->[35.140141, 33.374843]: HTTPError: HTTP Error 403: Forbidden"
2026-08-10T10:27:41Z,tomtom:lemesou:ba,"tomtom [35.140141, 33.374843]->[35.157593, 33.373428]: HTTPError: HTTP Error 403: Forbidden"
2026-08-10T10:27:41Z,tomtom:sp_kyprianou:ab,"tomtom [35.164561, 33.363944]->[35.136056, 33.30998]: HTTPError: HTTP Error 403: Forbidden"
2026-08-10T10:27:41Z,tomtom:sp_kyprianou:ba,"tomtom [35.136056, 33.30998]->[35.164561, 33.363944]: HTTPError: HTTP Error 403: Forbidden"
2026-08-10T10:27:41Z,tomtom:archangelou:ab,"tomtom [35.157991, 33.33707]->[35.119693, 33.312187]: HTTPError: HTTP Error 403: Forbidden"
2026-08-10T10:27:41Z,tomtom:archangelou:ba,"tomtom [35.119693, 33.312187]->[35.157991, 33.33707]: HTTPError: HTTP Error 403: Forbidden"
2026-08-10T10:27:41Z,tomtom:konstantinoup:ab,"tomtom [35.137401, 33.341347]->[35.114216, 33.345546]: HTTPError: HTTP Error 403: Forbidden"
2026-08-10T10:27:41Z,tomtom:konstantinoup:ba,"tomtom [35.114216, 33.345546]->[35.137401, 33.341347]: HTTPError: HTTP Error 403: Forbidden"
2026-08-10T10:27:41Z,tomtom:stavrou:ab,"tomtom [35.135892, 33.369783]->[35.138576, 33.347355]: HTTPError: HTTP Error 403: Forbidden"
2026-08-10T10:27:41Z,tomtom:stavrou:ba,"tomtom [35.138576, 33.347355]->[35.135892, 33.369783]: HTTPError: HTTP Error 403: Forbidden"
2026-08-10T10:27:41Z,tomtom:makedonitissas:ab,"tomtom [35.146121, 33.340206]->[35.147318, 33.324694]: HTTPError: HTTP Error 403: Forbidden"
2026-08-10T10:27:41Z,tomtom:makedonitissas:ba,"tomtom [35.147318, 33.324694]->[35.146121, 33.340206]: HTTPError: HTTP Error 403: Forbidden"
2026-08-10T10:27:41Z,tomtom:armenias:ab,"tomtom [35.15182, 33.374646]->[35.154731, 33.363603]: HTTPError: HTTP Error 403: Forbidden"
2026-08-10T10:27:41Z,tomtom:armenias:ba,"tomtom [35.154731, 33.363603]->[35.15182, 33.374646]: HTTPError: HTTP Error 403: Forbidden"
2026-08-10T10:27:41Z,tomtom:arch_kyprianou:ab,"tomtom [35.152804, 33.34768]->[35.143283, 33.339402]: HTTPError: HTTP Error 403: Forbidden"
2026-08-10T10:27:41Z,tomtom:arch_kyprianou:ba,"tomtom [35.143283, 33.339402]->[35.152804, 33.34768]: HTTPError: HTTP Error 403: Forbidden"
2026-08-10T10:27:41Z,tomtom:a1_motorway:ab,"tomtom [35.027876, 33.380984]->[35.119577, 33.36273]: HTTPError: HTTP Error 403: Forbidden"
2026-08-10T10:27:41Z,tomtom:a1_motorway:ba,"tomtom [35.119577, 33.36273]->[35.027876, 33.380984]: HTTPError: HTTP Error 403: Forbidden"
2026-08-10T10:27:41Z,tomtom:makariou_lakat:ab,"tomtom [35.12272, 33.320753]->[35.085908, 33.278088]: HTTPError: HTTP Error 403: Forbidden"
2026-08-10T10:27:41Z,tomtom:makariou_lakat:ba,"tomtom [35.085908, 33.278088]->[35.12272, 33.320753]: HTTPError: HTTP Error 403: Forbidden"
2026-08-10T10:27:41Z,tomtom:griva_digeni:ab,"tomtom [35.162859, 33.359079]->[35.167301, 33.316525]: HTTPError: HTTP Error 403: Forbidden"
2026-08-10T10:27:41Z,tomtom:griva_digeni:ba,"tomtom [35.167301, 33.316525]->[35.162859, 33.359079]: HTTPError: HTTP Error 403: Forbidden"
2026-08-10T10:27:41Z,tomtom:aglantzias:ab,"tomtom [35.157137, 33.393593]->[35.155062, 33.375115]: HTTPError: HTTP Error 403: Forbidden"
2026-08-10T10:27:41Z,tomtom:aglantzias:ba,"tomtom [35.155062, 33.375115]->[35.157137, 33.393593]: HTTPError: HTTP Error 403: Forbidden"
2026-08-10T10:27:41Z,tomtom:kranidioti:ab,"tomtom [35.111526, 33.312749]->[35.098539, 33.313964]: HTTPError: HTTP Error 403: Forbidden"
2026-08-10T10:27:41Z,tomtom:kranidioti:ba,"tomtom [35.098539, 33.313964]->[35.111526, 33.312749]: HTTPError: HTTP Error 403: Forbidden"
2026-08-10T10:27:41Z,tomtom:perimetrikos:ab,"tomtom [35.11197, 33.312854]->[35.112594, 33.332121]: HTTPError: HTTP Error 403: Forbidden"
2026-08-10T10:27:41Z,tomtom:perimetrikos:ba,"tomtom [35.112594, 33.332121]->[35.11197, 33.312854]: HTTPError: HTTP Error 403: Forbidden"
2026-08-10T10:27:41Z,tomtom:hatziiosif:ab,"tomtom [35.145493, 33.359842]->[35.127394, 33.356469]: HTTPError: HTTP Error 403: Forbidden"
2026-08-10T10:27:41Z,tomtom:hatziiosif:ba,"tomtom [35.127394, 33.356469]->[35.145493, 33.359842]: HTTPError: HTTP Error 403: Forbidden"
2026-08-10T10:27:41Z,tomtom:perikleous:ab,"tomtom [35.141783, 33.358663]->[35.144587, 33.344631]: HTTPError: HTTP Error 403: Forbidden"
2026-08-10T10:27:41Z,tomtom:perikleous:ba,"tomtom [35.144587, 33.344631]->[35.141783, 33.358663]: HTTPError: HTTP Error 403: Forbidden"
2026-08-10T10:27:41Z,tomtom:avraamidi:ab,"tomtom [35.141783, 33.358663]->[35.141938, 33.369639]: HTTPError: HTTP Error 403: Forbidden"
2026-08-10T10:27:41Z,tomtom:avraamidi:ba,"tomtom [35.141938, 33.369639]->[35.141783, 33.358663]: HTTPError: HTTP Error 403: Forbidden"
2026-08-10T10:27:41Z,tomtom:athinon:ab,"tomtom [35.143831, 33.34371]->[35.136006, 33.34964]: HTTPError: HTTP Error 403: Forbidden"
2026-08-10T10:27:41Z,tomtom:athinon:ba,"tomtom [35.136006, 33.34964]->[35.143831, 33.34371]: HTTPError: HTTP Error 403: Forbidden"
2026-08-10T10:27:41Z,tomtom:tasou_markou:ab,"tomtom [35.136095, 33.369813]->[35.13909, 33.366402]: HTTPError: HTTP Error 403: Forbidden"
2026-08-10T10:27:41Z,tomtom:tasou_markou:ba,"tomtom [35.13909, 33.366402]->[35.136095, 33.369813]: HTTPError: HTTP Error 403: Forbidden"
2026-08-10T10:27:41Z,tomtom:peiraios:ab,"tomtom [35.142737, 33.351744]->[35.147838, 33.353557]: HTTPError: HTTP Error 403: Forbidden"
2026-08-10T10:27:41Z,tomtom:peiraios:ba,"tomtom [35.147838, 33.353557]->[35.142737, 33.351744]: HTTPError: HTTP Error 403: Forbidden"
2026-08-10T10:45:46Z,tomtom:strovolou:ab,"tomtom [35.12272, 33.320753]->[35.15484, 33.349449]: HTTPError: HTTP Error 403: Forbidden"
2026-08-10T10:45:46Z,tomtom:strovolou:ba,"tomtom [35.15484, 33.349449]->[35.12272, 33.320753]: HTTPError: HTTP Error 403: Forbidden"
2026-08-10T10:45:46Z,tomtom:tseriou:ab,"tomtom [35.143548, 33.343464]->[35.121728, 33.335161]: HTTPError: HTTP Error 403: Forbidden"
2026-08-10T10:45:46Z,tomtom:tseriou:ba,"tomtom [35.121728, 33.335161]->[35.143548, 33.343464]: HTTPError: HTTP Error 403: Forbidden"
2026-08-10T10:45:46Z,tomtom:prodromou:ab,"tomtom [35.169599, 33.349447]->[35.149755, 33.342385]: HTTPError: HTTP Error 403: Forbidden"
2026-08-10T10:45:46Z,tomtom:prodromou:ba,"tomtom [35.149755, 33.342385]->[35.169599, 33.349447]: HTTPError: HTTP Error 403: Forbidden"
2026-08-10T10:45:46Z,tomtom:akropoleos:ab,"tomtom [35.160024, 33.358134]->[35.11565, 33.356195]: HTTPError: HTTP Error 403: Forbidden"
2026-08-10T10:45:46Z,tomtom:akropoleos:ba,"tomtom [35.11565, 33.356195]->[35.160024, 33.358134]: HTTPError: HTTP Error 403: Forbidden"
2026-08-10T10:45:46Z,tomtom:athalassas:ab,"tomtom [35.1504, 33.347064]->[35.14003, 33.374847]: HTTPError: HTTP Error 403: Forbidden"
2026-08-10T10:45:46Z,tomtom:athalassas:ba,"tomtom [35.14003, 33.374847]->[35.1504, 33.347064]: HTTPError: HTTP Error 403: Forbidden"
2026-08-10T10:45:46Z,tomtom:lemesou:ab,"tomtom [35.157593, 33.373428]->[35.140141, 33.374843]: HTTPError: HTTP Error 403: Forbidden"
2026-08-10T10:45:46Z,tomtom:lemesou:ba,"tomtom [35.140141, 33.374843]->[35.157593, 33.373428]: HTTPError: HTTP Error 403: Forbidden"
2026-08-10T10:45:46Z,tomtom:sp_kyprianou:ab,"tomtom [35.164561, 33.363944]->[35.136056, 33.30998]: HTTPError: HTTP Error 403: Forbidden"
2026-08-10T10:45:46Z,tomtom:sp_kyprianou:ba,"tomtom [35.136056, 33.30998]->[35.164561, 33.363944]: HTTPError: HTTP Error 403: Forbidden"
2026-08-10T10:45:46Z,tomtom:archangelou:ab,"tomtom [35.157991, 33.33707]->[35.119693, 33.312187]: HTTPError: HTTP Error 403: Forbidden"
2026-08-10T10:45:46Z,tomtom:archangelou:ba,"tomtom [35.119693, 33.312187]->[35.157991, 33.33707]: HTTPError: HTTP Error 403: Forbidden"
2026-08-10T10:45:46Z,tomtom:konstantinoup:ab,"tomtom [35.137401, 33.341347]->[35.114216, 33.345546]: HTTPError: HTTP Error 403: Forbidden"
2026-08-10T10:45:46Z,tomtom:konstantinoup:ba,"tomtom [35.114216, 33.345546]->[35.137401, 33.341347]: HTTPError: HTTP Error 403: Forbidden"
2026-08-10T10:45:46Z,tomtom:stavrou:ab,"tomtom [35.135892, 33.369783]->[35.138576, 33.347355]: HTTPError: HTTP Error 403: Forbidden"
2026-08-10T10:45:46Z,tomtom:stavrou:ba,"tomtom [35.138576, 33.347355]->[35.135892, 33.369783]: HTTPError: HTTP Error 403: Forbidden"
2026-08-10T10:45:46Z,tomtom:makedonitissas:ab,"tomtom [35.146121, 33.340206]->[35.147318, 33.324694]: HTTPError: HTTP Error 403: Forbidden"
2026-08-10T10:45:46Z,tomtom:makedonitissas:ba,"tomtom [35.147318, 33.324694]->[35.146121, 33.340206]: HTTPError: HTTP Error 403: Forbidden"
2026-08-10T10:45:46Z,tomtom:armenias:ab,"tomtom [35.15182, 33.374646]->[35.154731, 33.363603]: HTTPError: HTTP Error 403: Forbidden"
2026-08-10T10:45:46Z,tomtom:armenias:ba,"tomtom [35.154731, 33.363603]->[35.15182, 33.374646]: HTTPError: HTTP Error 403: Forbidden"
2026-08-10T10:45:46Z,tomtom:arch_kyprianou:ab,"tomtom [35.152804, 33.34768]->[35.143283, 33.339402]: HTTPError: HTTP Error 403: Forbidden"
2026-08-10T10:45:46Z,tomtom:arch_kyprianou:ba,"tomtom [35.143283, 33.339402]->[35.152804, 33.34768]: HTTPError: HTTP Error 403: Forbidden"
2026-08-10T10:45:46Z,tomtom:a1_motorway:ab,"tomtom [35.027876, 33.380984]->[35.119577, 33.36273]: HTTPError: HTTP Error 403: Forbidden"
2026-08-10T10:45:46Z,tomtom:a1_motorway:ba,"tomtom [35.119577, 33.36273]->[35.027876, 33.380984]: HTTPError: HTTP Error 403: Forbidden"
2026-08-10T10:45:46Z,tomtom:makariou_lakat:ab,"tomtom [35.12272, 33.320753]->[35.085908, 33.278088]: HTTPError: HTTP Error 403: Forbidden"
2026-08-10T10:45:46Z,tomtom:makariou_lakat:ba,"tomtom [35.085908, 33.278088]->[35.12272, 33.320753]: HTTPError: HTTP Error 403: Forbidden"
2026-08-10T10:45:46Z,tomtom:griva_digeni:ab,"tomtom [35.162859, 33.359079]->[35.167301, 33.316525]: HTTPError: HTTP Error 403: Forbidden"
2026-08-10T10:45:46Z,tomtom:griva_digeni:ba,"tomtom [35.167301, 33.316525]->[35.162859, 33.359079]: HTTPError: HTTP Error 403: Forbidden"
2026-08-10T10:45:46Z,tomtom:aglantzias:ab,"tomtom [35.157137, 33.393593]->[35.155062, 33.375115]: HTTPError: HTTP Error 403: Forbidden"
2026-08-10T10:45:46Z,tomtom:aglantzias:ba,"tomtom [35.155062, 33.375115]->[35.157137, 33.393593]: HTTPError: HTTP Error 403: Forbidden"
2026-08-10T10:45:46Z,tomtom:kranidioti:ab,"tomtom [35.111526, 33.312749]->[35.098539, 33.313964]: HTTPError: HTTP Error 403: Forbidden"
2026-08-10T10:45:46Z,tomtom:kranidioti:ba,"tomtom [35.098539, 33.313964]->[35.111526, 33.312749]: HTTPError: HTTP Error 403: Forbidden"
2026-08-10T10:45:46Z,tomtom:perimetrikos:ab,"tomtom [35.11197, 33.312854]->[35.112594, 33.332121]: HTTPError: HTTP Error 403: Forbidden"
2026-08-10T10:45:46Z,tomtom:perimetrikos:ba,"tomtom [35.112594, 33.332121]->[35.11197, 33.312854]: HTTPError: HTTP Error 403: Forbidden"
2026-08-10T10:45:46Z,tomtom:hatziiosif:ab,"tomtom [35.145493, 33.359842]->[35.127394, 33.356469]: HTTPError: HTTP Error 403: Forbidden"
2026-08-10T10:45:46Z,tomtom:hatziiosif:ba,"tomtom [35.127394, 33.356469]->[35.145493, 33.359842]: HTTPError: HTTP Error 403: Forbidden"
2026-08-10T10:45:46Z,tomtom:perikleous:ab,"tomtom [35.141783, 33.358663]->[35.144587, 33.344631]: HTTPError: HTTP Error 403: Forbidden"
2026-08-10T10:45:46Z,tomtom:perikleous:ba,"tomtom [35.144587, 33.344631]->[35.141783, 33.358663]: HTTPError: HTTP Error 403: Forbidden"
2026-08-10T10:45:46Z,tomtom:avraamidi:ab,"tomtom [35.141783, 33.358663]->[35.141938, 33.369639]: HTTPError: HTTP Error 403: Forbidden"
2026-08-10T10:45:46Z,tomtom:avraamidi:ba,"tomtom [35.141938, 33.369639]->[35.141783, 33.358663]: HTTPError: HTTP Error 403: Forbidden"
2026-08-10T10:45:46Z,tomtom:athinon:ab,"tomtom [35.143831, 33.34371]->[35.136006, 33.34964]: HTTPError: HTTP Error 403: Forbidden"
2026-08-10T10:45:46Z,tomtom:athinon:ba,"tomtom [35.136006, 33.34964]->[35.143831, 33.34371]: HTTPError: HTTP Error 403: Forbidden"
2026-08-10T10:45:46Z,tomtom:tasou_markou:ab,"tomtom [35.136095, 33.369813]->[35.13909, 33.366402]: HTTPError: HTTP Error 403: Forbidden"
2026-08-10T10:45:46Z,tomtom:tasou_markou:ba,"tomtom [35.13909, 33.366402]->[35.136095, 33.369813]: HTTPError: HTTP Error 403: Forbidden"
2026-08-10T10:45:46Z,tomtom:peiraios:ab,"tomtom [35.142737, 33.351744]->[35.147838, 33.353557]: HTTPError: HTTP Error 403: Forbidden"
2026-08-10T10:45:46Z,tomtom:peiraios:ba,"tomtom [35.147838, 33.353557]->[35.142737, 33.351744]: HTTPError: HTTP Error 403: Forbidden"
2026-08-10T11:03:51Z,tomtom:strovolou:ab,"tomtom [35.12272, 33.320753]->[35.15484, 33.349449]: HTTPError: HTTP Error 403: Forbidden"
2026-08-10T11:03:51Z,tomtom:strovolou:ba,"tomtom [35.15484, 33.349449]->[35.12272, 33.320753]: HTTPError: HTTP Error 403: Forbidden"
2026-08-10T11:03:51Z,tomtom:tseriou:ab,"tomtom [35.143548, 33.343464]->[35.121728, 33.335161]: HTTPError: HTTP Error 403: Forbidden"
2026-08-10T11:03:51Z,tomtom:tseriou:ba,"tomtom [35.121728, 33.335161]->[35.143548, 33.343464]: HTTPError: HTTP Error 403: Forbidden"
2026-08-10T11:03:51Z,tomtom:prodromou:ab,"tomtom [35.169599, 33.349447]->[35.149755, 33.342385]: HTTPError: HTTP Error 403: Forbidden"
2026-08-10T11:03:51Z,tomtom:prodromou:ba,"tomtom [35.149755, 33.342385]->[35.169599, 33.349447]: HTTPError: HTTP Error 403: Forbidden"
2026-08-10T11:03:51Z,tomtom:akropoleos:ab,"tomtom [35.160024, 33.358134]->[35.11565, 33.356195]: HTTPError: HTTP Error 403: Forbidden"
2026-08-10T11:03:51Z,tomtom:akropoleos:ba,"tomtom [35.11565, 33.356195]->[35.160024, 33.358134]: HTTPError: HTTP Error 403: Forbidden"
2026-08-10T11:03:51Z,tomtom:athalassas:ab,"tomtom [35.1504, 33.347064]->[35.14003, 33.374847]: HTTPError: HTTP Error 403: Forbidden"
2026-08-10T11:03:51Z,tomtom:athalassas:ba,"tomtom [35.14003, 33.374847]->[35.1504, 33.347064]: HTTPError: HTTP Error 403: Forbidden"
2026-08-10T11:03:51Z,tomtom:lemesou:ab,"tomtom [35.157593, 33.373428]->[35.140141, 33.374843]: HTTPError: HTTP Error 403: Forbidden"
2026-08-10T11:03:51Z,tomtom:lemesou:ba,"tomtom [35.140141, 33.374843]->[35.157593, 33.373428]: HTTPError: HTTP Error 403: Forbidden"
2026-08-10T11:03:51Z,tomtom:sp_kyprianou:ab,"tomtom [35.164561, 33.363944]->[35.136056, 33.30998]: HTTPError: HTTP Error 403: Forbidden"
2026-08-10T11:03:51Z,tomtom:sp_kyprianou:ba,"tomtom [35.136056, 33.30998]->[35.164561, 33.363944]: HTTPError: HTTP Error 403: Forbidden"
2026-08-10T11:03:51Z,tomtom:archangelou:ab,"tomtom [35.157991, 33.33707]->[35.119693, 33.312187]: HTTPError: HTTP Error 403: Forbidden"
2026-08-10T11:03:51Z,tomtom:archangelou:ba,"tomtom [35.119693, 33.312187]->[35.157991, 33.33707]: HTTPError: HTTP Error 403: Forbidden"
2026-08-10T11:03:51Z,tomtom:konstantinoup:ab,"tomtom [35.137401, 33.341347]->[35.114216, 33.345546]: HTTPError: HTTP Error 403: Forbidden"
2026-08-10T11:03:51Z,tomtom:konstantinoup:ba,"tomtom [35.114216, 33.345546]->[35.137401, 33.341347]: HTTPError: HTTP Error 403: Forbidden"
2026-08-10T11:03:51Z,tomtom:stavrou:ab,"tomtom [35.135892, 33.369783]->[35.138576, 33.347355]: HTTPError: HTTP Error 403: Forbidden"
2026-08-10T11:03:51Z,tomtom:stavrou:ba,"tomtom [35.138576, 33.347355]->[35.135892, 33.369783]: HTTPError: HTTP Error 403: Forbidden"
2026-08-10T11:03:51Z,tomtom:makedonitissas:ab,"tomtom [35.146121, 33.340206]->[35.147318, 33.324694]: HTTPError: HTTP Error 403: Forbidden"
2026-08-10T11:03:51Z,tomtom:makedonitissas:ba,"tomtom [35.147318, 33.324694]->[35.146121, 33.340206]: HTTPError: HTTP Error 403: Forbidden"
2026-08-10T11:03:51Z,tomtom:armenias:ab,"tomtom [35.15182, 33.374646]->[35.154731, 33.363603]: HTTPError: HTTP Error 403: Forbidden"
2026-08-10T11:03:51Z,tomtom:armenias:ba,"tomtom [35.154731, 33.363603]->[35.15182, 33.374646]: HTTPError: HTTP Error 403: Forbidden"
2026-08-10T11:03:51Z,tomtom:arch_kyprianou:ab,"tomtom [35.152804, 33.34768]->[35.143283, 33.339402]: HTTPError: HTTP Error 403: Forbidden"
2026-08-10T11:03:51Z,tomtom:arch_kyprianou:ba,"tomtom [35.143283, 33.339402]->[35.152804, 33.34768]: HTTPError: HTTP Error 403: Forbidden"
2026-08-10T11:03:51Z,tomtom:a1_motorway:ab,"tomtom [35.027876, 33.380984]->[35.119577, 33.36273]: HTTPError: HTTP Error 403: Forbidden"
2026-08-10T11:03:51Z,tomtom:a1_motorway:ba,"tomtom [35.119577, 33.36273]->[35.027876, 33.380984]: HTTPError: HTTP Error 403: Forbidden"
2026-08-10T11:03:51Z,tomtom:makariou_lakat:ab,"tomtom [35.12272, 33.320753]->[35.085908, 33.278088]: HTTPError: HTTP Error 403: Forbidden"
2026-08-10T11:03:51Z,tomtom:makariou_lakat:ba,"tomtom [35.085908, 33.278088]->[35.12272, 33.320753]: HTTPError: HTTP Error 403: Forbidden"
2026-08-10T11:03:51Z,tomtom:griva_digeni:ab,"tomtom [35.162859, 33.359079]->[35.167301, 33.316525]: HTTPError: HTTP Error 403: Forbidden"
2026-08-10T11:03:51Z,tomtom:griva_digeni:ba,"tomtom [35.167301, 33.316525]->[35.162859, 33.359079]: HTTPError: HTTP Error 403: Forbidden"
2026-08-10T11:03:51Z,tomtom:aglantzias:ab,"tomtom [35.157137, 33.393593]->[35.155062, 33.375115]: HTTPError: HTTP Error 403: Forbidden"
2026-08-10T11:03:51Z,tomtom:aglantzias:ba,"tomtom [35.155062, 33.375115]->[35.157137, 33.393593]: HTTPError: HTTP Error 403: Forbidden"
2026-08-10T11:03:51Z,tomtom:kranidioti:ab,"tomtom [35.111526, 33.312749]->[35.098539, 33.313964]: HTTPError: HTTP Error 403: Forbidden"
2026-08-10T11:03:51Z,tomtom:kranidioti:ba,"tomtom [35.098539, 33.313964]->[35.111526, 33.312749]: HTTPError: HTTP Error 403: Forbidden"
2026-08-10T11:03:51Z,tomtom:perimetrikos:ab,"tomtom [35.11197, 33.312854]->[35.112594, 33.332121]: HTTPError: HTTP Error 403: Forbidden"
2026-08-10T11:03:51Z,tomtom:perimetrikos:ba,"tomtom [35.112594, 33.332121]->[35.11197, 33.312854]: HTTPError: HTTP Error 403: Forbidden"
2026-08-10T11:03:51Z,tomtom:hatziiosif:ab,"tomtom [35.145493, 33.359842]->[35.127394, 33.356469]: HTTPError: HTTP Error 403: Forbidden"
2026-08-10T11:03:51Z,tomtom:hatziiosif:ba,"tomtom [35.127394, 33.356469]->[35.145493, 33.359842]: HTTPError: HTTP Error 403: Forbidden"
2026-08-10T11:03:51Z,tomtom:perikleous:ab,"tomtom [35.141783, 33.358663]->[35.144587, 33.344631]: HTTPError: HTTP Error 403: Forbidden"
2026-08-10T11:03:51Z,tomtom:perikleous:ba,"tomtom [35.144587, 33.344631]->[35.141783, 33.358663]: HTTPError: HTTP Error 403: Forbidden"
2026-08-10T11:03:51Z,tomtom:avraamidi:ab,"tomtom [35.141783, 33.358663]->[35.141938, 33.369639]: HTTPError: HTTP Error 403: Forbidden"
2026-08-10T11:03:51Z,tomtom:avraamidi:ba,"tomtom [35.141938, 33.369639]->[35.141783, 33.358663]: HTTPError: HTTP Error 403: Forbidden"
2026-08-10T11:03:51Z,tomtom:athinon:ab,"tomtom [35.143831, 33.34371]->[35.136006, 33.34964]: HTTPError: HTTP Error 403: Forbidden"
2026-08-10T11:03:51Z,tomtom:athinon:ba,"tomtom [35.136006, 33.34964]->[35.143831, 33.34371]: HTTPError: HTTP Error 403: Forbidden"
2026-08-10T11:03:51Z,tomtom:tasou_markou:ab,"tomtom [35.136095, 33.369813]->[35.13909, 33.366402]: HTTPError: HTTP Error 403: Forbidden"
2026-08-10T11:03:51Z,tomtom:tasou_markou:ba,"tomtom [35.13909, 33.366402]->[35.136095, 33.369813]: HTTPError: HTTP Error 403: Forbidden"
2026-08-10T11:03:51Z,tomtom:peiraios:ab,"tomtom [35.142737, 33.351744]->[35.147838, 33.353557]: HTTPError: HTTP Error 403: Forbidden"
2026-08-10T11:03:51Z,tomtom:peiraios:ba,"tomtom [35.147838, 33.353557]->[35.142737, 33.351744]: HTTPError: HTTP Error 403: Forbidden"
2026-08-10T11:21:55Z,tomtom:strovolou:ab,"tomtom [35.12272, 33.320753]->[35.15484, 33.349449]: HTTPError: HTTP Error 403: Forbidden"
2026-08-10T11:21:55Z,tomtom:strovolou:ba,"tomtom [35.15484, 33.349449]->[35.12272, 33.320753]: HTTPError: HTTP Error 403: Forbidden"
2026-08-10T11:21:55Z,tomtom:tseriou:ab,"tomtom [35.143548, 33.343464]->[35.121728, 33.335161]: HTTPError: HTTP Error 403: Forbidden"
2026-08-10T11:21:55Z,tomtom:tseriou:ba,"tomtom [35.121728, 33.335161]->[35.143548, 33.343464]: HTTPError: HTTP Error 403: Forbidden"
2026-08-10T11:21:55Z,tomtom:prodromou:ab,"tomtom [35.169599, 33.349447]->[35.149755, 33.342385]: HTTPError: HTTP Error 403: Forbidden"
2026-08-10T11:21:55Z,tomtom:prodromou:ba,"tomtom [35.149755, 33.342385]->[35.169599, 33.349447]: HTTPError: HTTP Error 403: Forbidden"
2026-08-10T11:21:55Z,tomtom:akropoleos:ab,"tomtom [35.160024, 33.358134]->[35.11565, 33.356195]: HTTPError: HTTP Error 403: Forbidden"
2026-08-10T11:21:55Z,tomtom:akropoleos:ba,"tomtom [35.11565, 33.356195]->[35.160024, 33.358134]: HTTPError: HTTP Error 403: Forbidden"
2026-08-10T11:21:55Z,tomtom:athalassas:ab,"tomtom [35.1504, 33.347064]->[35.14003, 33.374847]: HTTPError: HTTP Error 403: Forbidden"
2026-08-10T11:21:55Z,tomtom:athalassas:ba,"tomtom [35.14003, 33.374847]->[35.1504, 33.347064]: HTTPError: HTTP Error 403: Forbidden"
2026-08-10T11:21:55Z,tomtom:lemesou:ab,"tomtom [35.157593, 33.373428]->[35.140141, 33.374843]: HTTPError: HTTP Error 403: Forbidden"
2026-08-10T11:21:55Z,tomtom:lemesou:ba,"tomtom [35.140141, 33.374843]->[35.157593, 33.373428]: HTTPError: HTTP Error 403: Forbidden"
2026-08-10T11:21:55Z,tomtom:sp_kyprianou:ab,"tomtom [35.164561, 33.363944]->[35.136056, 33.30998]: HTTPError: HTTP Error 403: Forbidden"
2026-08-10T11:21:55Z,tomtom:sp_kyprianou:ba,"tomtom [35.136056, 33.30998]->[35.164561, 33.363944]: HTTPError: HTTP Error 403: Forbidden"
2026-08-10T11:21:55Z,tomtom:archangelou:ab,"tomtom [35.157991, 33.33707]->[35.119693, 33.312187]: HTTPError: HTTP Error 403: Forbidden"
2026-08-10T11:21:55Z,tomtom:archangelou:ba,"tomtom [35.119693, 33.312187]->[35.157991, 33.33707]: HTTPError: HTTP Error 403: Forbidden"
2026-08-10T11:21:55Z,tomtom:konstantinoup:ab,"tomtom [35.137401, 33.341347]->[35.114216, 33.345546]: HTTPError: HTTP Error 403: Forbidden"
2026-08-10T11:21:55Z,tomtom:konstantinoup:ba,"tomtom [35.114216, 33.345546]->[35.137401, 33.341347]: HTTPError: HTTP Error 403: Forbidden"
2026-08-10T11:21:55Z,tomtom:stavrou:ab,"tomtom [35.135892, 33.369783]->[35.138576, 33.347355]: HTTPError: HTTP Error 403: Forbidden"
2026-08-10T11:21:55Z,tomtom:stavrou:ba,"tomtom [35.138576, 33.347355]->[35.135892, 33.369783]: HTTPError: HTTP Error 403: Forbidden"
2026-08-10T11:21:55Z,tomtom:makedonitissas:ab,"tomtom [35.146121, 33.340206]->[35.147318, 33.324694]: HTTPError: HTTP Error 403: Forbidden"
2026-08-10T11:21:55Z,tomtom:makedonitissas:ba,"tomtom [35.147318, 33.324694]->[35.146121, 33.340206]: HTTPError: HTTP Error 403: Forbidden"
2026-08-10T11:21:55Z,tomtom:armenias:ab,"tomtom [35.15182, 33.374646]->[35.154731, 33.363603]: HTTPError: HTTP Error 403: Forbidden"
2026-08-10T11:21:55Z,tomtom:armenias:ba,"tomtom [35.154731, 33.363603]->[35.15182, 33.374646]: HTTPError: HTTP Error 403: Forbidden"
2026-08-10T11:21:55Z,tomtom:arch_kyprianou:ab,"tomtom [35.152804, 33.34768]->[35.143283, 33.339402]: HTTPError: HTTP Error 403: Forbidden"
2026-08-10T11:21:55Z,tomtom:arch_kyprianou:ba,"tomtom [35.143283, 33.339402]->[35.152804, 33.34768]: HTTPError: HTTP Error 403: Forbidden"
2026-08-10T11:21:55Z,tomtom:a1_motorway:ab,"tomtom [35.027876, 33.380984]->[35.119577, 33.36273]: HTTPError: HTTP Error 403: Forbidden"
2026-08-10T11:21:55Z,tomtom:a1_motorway:ba,"tomtom [35.119577, 33.36273]->[35.027876, 33.380984]: HTTPError: HTTP Error 403: Forbidden"
2026-08-10T11:21:55Z,tomtom:makariou_lakat:ab,"tomtom [35.12272, 33.320753]->[35.085908, 33.278088]: HTTPError: HTTP Error 403: Forbidden"
2026-08-10T11:21:55Z,tomtom:makariou_lakat:ba,"tomtom [35.085908, 33.278088]->[35.12272, 33.320753]: HTTPError: HTTP Error 403: Forbidden"
2026-08-10T11:21:55Z,tomtom:griva_digeni:ab,"tomtom [35.162859, 33.359079]->[35.167301, 33.316525]: HTTPError: HTTP Error 403: Forbidden"
2026-08-10T11:21:55Z,tomtom:griva_digeni:ba,"tomtom [35.167301, 33.316525]->[35.162859, 33.359079]: HTTPError: HTTP Error 403: Forbidden"
2026-08-10T11:21:55Z,tomtom:aglantzias:ab,"tomtom [35.157137, 33.393593]->[35.155062, 33.375115]: HTTPError: HTTP Error 403: Forbidden"
2026-08-10T11:21:55Z,tomtom:aglantzias:ba,"tomtom [35.155062, 33.375115]->[35.157137, 33.393593]: HTTPError: HTTP Error 403: Forbidden"
2026-08-10T11:21:55Z,tomtom:kranidioti:ab,"tomtom [35.111526, 33.312749]->[35.098539, 33.313964]: HTTPError: HTTP Error 403: Forbidden"
2026-08-10T11:21:55Z,tomtom:kranidioti:ba,"tomtom [35.098539, 33.313964]->[35.111526, 33.312749]: HTTPError: HTTP Error 403: Forbidden"
2026-08-10T11:21:55Z,tomtom:perimetrikos:ab,"tomtom [35.11197, 33.312854]->[35.112594, 33.332121]: HTTPError: HTTP Error 403: Forbidden"
2026-08-10T11:21:55Z,tomtom:perimetrikos:ba,"tomtom [35.112594, 33.332121]->[35.11197, 33.312854]: HTTPError: HTTP Error 403: Forbidden"
2026-08-10T11:21:55Z,tomtom:hatziiosif:ab,"tomtom [35.145493, 33.359842]->[35.127394, 33.356469]: HTTPError: HTTP Error 403: Forbidden"
2026-08-10T11:21:55Z,tomtom:hatziiosif:ba,"tomtom [35.127394, 33.356469]->[35.145493, 33.359842]: HTTPError: HTTP Error 403: Forbidden"
2026-08-10T11:21:55Z,tomtom:perikleous:ab,"tomtom [35.141783, 33.358663]->[35.144587, 33.344631]: HTTPError: HTTP Error 403: Forbidden"
2026-08-10T11:21:55Z,tomtom:perikleous:ba,"tomtom [35.144587, 33.344631]->[35.141783, 33.358663]: HTTPError: HTTP Error 403: Forbidden"
2026-08-10T11:21:55Z,tomtom:avraamidi:ab,"tomtom [35.141783, 33.358663]->[35.141938, 33.369639]: HTTPError: HTTP Error 403: Forbidden"
2026-08-10T11:21:55Z,tomtom:avraamidi:ba,"tomtom [35.141938, 33.369639]->[35.141783, 33.358663]: HTTPError: HTTP Error 403: Forbidden"
2026-08-10T11:21:55Z,tomtom:athinon:ab,"tomtom [35.143831, 33.34371]->[35.136006, 33.34964]: HTTPError: HTTP Error 403: Forbidden"
2026-08-10T11:21:55Z,tomtom:athinon:ba,"tomtom [35.136006, 33.34964]->[35.143831, 33.34371]: HTTPError: HTTP Error 403: Forbidden"
2026-08-10T11:21:55Z,tomtom:tasou_markou:ab,"tomtom [35.136095, 33.369813]->[35.13909, 33.366402]: HTTPError: HTTP Error 403: Forbidden"
2026-08-10T11:21:55Z,tomtom:tasou_markou:ba,"tomtom [35.13909, 33.366402]->[35.136095, 33.369813]: HTTPError: HTTP Error 403: Forbidden"
2026-08-10T11:21:55Z,tomtom:peiraios:ab,"tomtom [35.142737, 33.351744]->[35.147838, 33.353557]: HTTPError: HTTP Error 403: Forbidden"
2026-08-10T11:21:55Z,tomtom:peiraios:ba,"tomtom [35.147838, 33.353557]->[35.142737, 33.351744]: HTTPError: HTTP Error 403: Forbidden"
2026-08-10T12:00:05Z,tomtom:strovolou:ab,"tomtom [35.12272, 33.320753]->[35.15484, 33.349449]: HTTPError: HTTP Error 403: Forbidden"
2026-08-10T12:00:05Z,tomtom:strovolou:ba,"tomtom [35.15484, 33.349449]->[35.12272, 33.320753]: HTTPError: HTTP Error 403: Forbidden"
2026-08-10T12:00:05Z,tomtom:tseriou:ab,"tomtom [35.143548, 33.343464]->[35.121728, 33.335161]: HTTPError: HTTP Error 403: Forbidden"
2026-08-10T12:00:05Z,tomtom:tseriou:ba,"tomtom [35.121728, 33.335161]->[35.143548, 33.343464]: HTTPError: HTTP Error 403: Forbidden"
2026-08-10T12:00:05Z,tomtom:prodromou:ab,"tomtom [35.169599, 33.349447]->[35.149755, 33.342385]: HTTPError: HTTP Error 403: Forbidden"
2026-08-10T12:00:05Z,tomtom:prodromou:ba,"tomtom [35.149755, 33.342385]->[35.169599, 33.349447]: HTTPError: HTTP Error 403: Forbidden"
2026-08-10T12:00:05Z,tomtom:akropoleos:ab,"tomtom [35.160024, 33.358134]->[35.11565, 33.356195]: HTTPError: HTTP Error 403: Forbidden"
2026-08-10T12:00:05Z,tomtom:akropoleos:ba,"tomtom [35.11565, 33.356195]->[35.160024, 33.358134]: HTTPError: HTTP Error 403: Forbidden"
2026-08-10T12:00:05Z,tomtom:athalassas:ab,"tomtom [35.1504, 33.347064]->[35.14003, 33.374847]: HTTPError: HTTP Error 403: Forbidden"
2026-08-10T12:00:05Z,tomtom:athalassas:ba,"tomtom [35.14003, 33.374847]->[35.1504, 33.347064]: HTTPError: HTTP Error 403: Forbidden"
2026-08-10T12:00:05Z,tomtom:lemesou:ab,"tomtom [35.157593, 33.373428]->[35.140141, 33.374843]: HTTPError: HTTP Error 403: Forbidden"
2026-08-10T12:00:05Z,tomtom:lemesou:ba,"tomtom [35.140141, 33.374843]->[35.157593, 33.373428]: HTTPError: HTTP Error 403: Forbidden"
2026-08-10T12:00:05Z,tomtom:sp_kyprianou:ab,"tomtom [35.164561, 33.363944]->[35.136056, 33.30998]: HTTPError: HTTP Error 403: Forbidden"
2026-08-10T12:00:05Z,tomtom:sp_kyprianou:ba,"tomtom [35.136056, 33.30998]->[35.164561, 33.363944]: HTTPError: HTTP Error 403: Forbidden"
2026-08-10T12:00:05Z,tomtom:archangelou:ab,"tomtom [35.157991, 33.33707]->[35.119693, 33.312187]: HTTPError: HTTP Error 403: Forbidden"
2026-08-10T12:00:05Z,tomtom:archangelou:ba,"tomtom [35.119693, 33.312187]->[35.157991, 33.33707]: HTTPError: HTTP Error 403: Forbidden"
2026-08-10T12:00:05Z,tomtom:konstantinoup:ab,"tomtom [35.137401, 33.341347]->[35.114216, 33.345546]: HTTPError: HTTP Error 403: Forbidden"
2026-08-10T12:00:05Z,tomtom:konstantinoup:ba,"tomtom [35.114216, 33.345546]->[35.137401, 33.341347]: HTTPError: HTTP Error 403: Forbidden"
2026-08-10T12:00:05Z,tomtom:stavrou:ab,"tomtom [35.135892, 33.369783]->[35.138576, 33.347355]: HTTPError: HTTP Error 403: Forbidden"
2026-08-10T12:00:05Z,tomtom:stavrou:ba,"tomtom [35.138576, 33.347355]->[35.135892, 33.369783]: HTTPError: HTTP Error 403: Forbidden"
2026-08-10T12:00:05Z,tomtom:makedonitissas:ab,"tomtom [35.146121, 33.340206]->[35.147318, 33.324694]: HTTPError: HTTP Error 403: Forbidden"
2026-08-10T12:00:05Z,tomtom:makedonitissas:ba,"tomtom [35.147318, 33.324694]->[35.146121, 33.340206]: HTTPError: HTTP Error 403: Forbidden"
2026-08-10T12:00:05Z,tomtom:armenias:ab,"tomtom [35.15182, 33.374646]->[35.154731, 33.363603]: HTTPError: HTTP Error 403: Forbidden"
2026-08-10T12:00:05Z,tomtom:armenias:ba,"tomtom [35.154731, 33.363603]->[35.15182, 33.374646]: HTTPError: HTTP Error 403: Forbidden"
2026-08-10T12:00:05Z,tomtom:arch_kyprianou:ab,"tomtom [35.152804, 33.34768]->[35.143283, 33.339402]: HTTPError: HTTP Error 403: Forbidden"
2026-08-10T12:00:05Z,tomtom:arch_kyprianou:ba,"tomtom [35.143283, 33.339402]->[35.152804, 33.34768]: HTTPError: HTTP Error 403: Forbidden"
2026-08-10T12:00:05Z,tomtom:a1_motorway:ab,"tomtom [35.027876, 33.380984]->[35.119577, 33.36273]: HTTPError: HTTP Error 403: Forbidden"
2026-08-10T12:00:05Z,tomtom:a1_motorway:ba,"tomtom [35.119577, 33.36273]->[35.027876, 33.380984]: HTTPError: HTTP Error 403: Forbidden"
2026-08-10T12:00:05Z,tomtom:makariou_lakat:ab,"tomtom [35.12272, 33.320753]->[35.085908, 33.278088]: HTTPError: HTTP Error 403: Forbidden"
2026-08-10T12:00:05Z,tomtom:makariou_lakat:ba,"tomtom [35.085908, 33.278088]->[35.12272, 33.320753]: HTTPError: HTTP Error 403: Forbidden"
2026-08-10T12:00:05Z,tomtom:griva_digeni:ab,"tomtom [35.162859, 33.359079]->[35.167301, 33.316525]: HTTPError: HTTP Error 403: Forbidden"
2026-08-10T12:00:05Z,tomtom:griva_digeni:ba,"tomtom [35.167301, 33.316525]->[35.162859, 33.359079]: HTTPError: HTTP Error 403: Forbidden"
2026-08-10T12:00:05Z,tomtom:aglantzias:ab,"tomtom [35.157137, 33.393593]->[35.155062, 33.375115]: HTTPError: HTTP Error 403: Forbidden"
2026-08-10T12:00:05Z,tomtom:aglantzias:ba,"tomtom [35.155062, 33.375115]->[35.157137, 33.393593]: HTTPError: HTTP Error 403: Forbidden"
2026-08-10T12:00:05Z,tomtom:kranidioti:ab,"tomtom [35.111526, 33.312749]->[35.098539, 33.313964]: HTTPError: HTTP Error 403: Forbidden"
2026-08-10T12:00:05Z,tomtom:kranidioti:ba,"tomtom [35.098539, 33.313964]->[35.111526, 33.312749]: HTTPError: HTTP Error 403: Forbidden"
2026-08-10T12:00:05Z,tomtom:perimetrikos:ab,"tomtom [35.11197, 33.312854]->[35.112594, 33.332121]: HTTPError: HTTP Error 403: Forbidden"
2026-08-10T12:00:05Z,tomtom:perimetrikos:ba,"tomtom [35.112594, 33.332121]->[35.11197, 33.312854]: HTTPError: HTTP Error 403: Forbidden"
2026-08-10T12:00:05Z,tomtom:hatziiosif:ab,"tomtom [35.145493, 33.359842]->[35.127394, 33.356469]: HTTPError: HTTP Error 403: Forbidden"
2026-08-10T12:00:05Z,tomtom:hatziiosif:ba,"tomtom [35.127394, 33.356469]->[35.145493, 33.359842]: HTTPError: HTTP Error 403: Forbidden"
2026-08-10T12:00:05Z,tomtom:perikleous:ab,"tomtom [35.141783, 33.358663]->[35.144587, 33.344631]: HTTPError: HTTP Error 403: Forbidden"
2026-08-10T12:00:05Z,tomtom:perikleous:ba,"tomtom [35.144587, 33.344631]->[35.141783, 33.358663]: HTTPError: HTTP Error 403: Forbidden"
2026-08-10T12:00:05Z,tomtom:avraamidi:ab,"tomtom [35.141783, 33.358663]->[35.141938, 33.369639]: HTTPError: HTTP Error 403: Forbidden"
2026-08-10T12:00:05Z,tomtom:avraamidi:ba,"tomtom [35.141938, 33.369639]->[35.141783, 33.358663]: HTTPError: HTTP Error 403: Forbidden"
2026-08-10T12:00:05Z,tomtom:athinon:ab,"tomtom [35.143831, 33.34371]->[35.136006, 33.34964]: HTTPError: HTTP Error 403: Forbidden"
2026-08-10T12:00:05Z,tomtom:athinon:ba,"tomtom [35.136006, 33.34964]->[35.143831, 33.34371]: HTTPError: HTTP Error 403: Forbidden"
2026-08-10T12:00:05Z,tomtom:tasou_markou:ab,"tomtom [35.136095, 33.369813]->[35.13909, 33.366402]: HTTPError: HTTP Error 403: Forbidden"
2026-08-10T12:00:05Z,tomtom:tasou_markou:ba,"tomtom [35.13909, 33.366402]->[35.136095, 33.369813]: HTTPError: HTTP Error 403: Forbidden"
2026-08-10T12:00:05Z,tomtom:peiraios:ab,"tomtom [35.142737, 33.351744]->[35.147838, 33.353557]: HTTPError: HTTP Error 403: Forbidden"
2026-08-10T12:00:05Z,tomtom:peiraios:ba,"tomtom [35.147838, 33.353557]->[35.142737, 33.351744]: HTTPError: HTTP Error 403: Forbidden"
2026-08-10T13:02:01Z,tomtom:strovolou:ab,"tomtom [35.12272, 33.320753]->[35.15484, 33.349449]: HTTPError: HTTP Error 403: Forbidden"
2026-08-10T13:02:01Z,tomtom:strovolou:ba,"tomtom [35.15484, 33.349449]->[35.12272, 33.320753]: HTTPError: HTTP Error 403: Forbidden"
2026-08-10T13:02:01Z,tomtom:tseriou:ab,"tomtom [35.143548, 33.343464]->[35.121728, 33.335161]: HTTPError: HTTP Error 403: Forbidden"
2026-08-10T13:02:01Z,tomtom:tseriou:ba,"tomtom [35.121728, 33.335161]->[35.143548, 33.343464]: HTTPError: HTTP Error 403: Forbidden"
2026-08-10T13:02:01Z,tomtom:prodromou:ab,"tomtom [35.169599, 33.349447]->[35.149755, 33.342385]: HTTPError: HTTP Error 403: Forbidden"
2026-08-10T13:02:01Z,tomtom:prodromou:ba,"tomtom [35.149755, 33.342385]->[35.169599, 33.349447]: HTTPError: HTTP Error 403: Forbidden"
2026-08-10T13:02:01Z,tomtom:akropoleos:ab,"tomtom [35.160024, 33.358134]->[35.11565, 33.356195]: HTTPError: HTTP Error 403: Forbidden"
2026-08-10T13:02:01Z,tomtom:akropoleos:ba,"tomtom [35.11565, 33.356195]->[35.160024, 33.358134]: HTTPError: HTTP Error 403: Forbidden"
2026-08-10T13:02:01Z,tomtom:athalassas:ab,"tomtom [35.1504, 33.347064]->[35.14003, 33.374847]: HTTPError: HTTP Error 403: Forbidden"
2026-08-10T13:02:01Z,tomtom:athalassas:ba,"tomtom [35.14003, 33.374847]->[35.1504, 33.347064]: HTTPError: HTTP Error 403: Forbidden"
2026-08-10T13:02:01Z,tomtom:lemesou:ab,"tomtom [35.157593, 33.373428]->[35.140141, 33.374843]: HTTPError: HTTP Error 403: Forbidden"
2026-08-10T13:02:01Z,tomtom:lemesou:ba,"tomtom [35.140141, 33.374843]->[35.157593, 33.373428]: HTTPError: HTTP Error 403: Forbidden"
2026-08-10T13:02:01Z,tomtom:sp_kyprianou:ab,"tomtom [35.164561, 33.363944]->[35.136056, 33.30998]: HTTPError: HTTP Error 403: Forbidden"
2026-08-10T13:02:01Z,tomtom:sp_kyprianou:ba,"tomtom [35.136056, 33.30998]->[35.164561, 33.363944]: HTTPError: HTTP Error 403: Forbidden"
2026-08-10T13:02:01Z,tomtom:archangelou:ab,"tomtom [35.157991, 33.33707]->[35.119693, 33.312187]: HTTPError: HTTP Error 403: Forbidden"
2026-08-10T13:02:01Z,tomtom:archangelou:ba,"tomtom [35.119693, 33.312187]->[35.157991, 33.33707]: HTTPError: HTTP Error 403: Forbidden"
2026-08-10T13:02:01Z,tomtom:konstantinoup:ab,"tomtom [35.137401, 33.341347]->[35.114216, 33.345546]: HTTPError: HTTP Error 403: Forbidden"
2026-08-10T13:02:01Z,tomtom:konstantinoup:ba,"tomtom [35.114216, 33.345546]->[35.137401, 33.341347]: HTTPError: HTTP Error 403: Forbidden"
2026-08-10T13:02:01Z,tomtom:stavrou:ab,"tomtom [35.135892, 33.369783]->[35.138576, 33.347355]: HTTPError: HTTP Error 403: Forbidden"
2026-08-10T13:02:01Z,tomtom:stavrou:ba,"tomtom [35.138576, 33.347355]->[35.135892, 33.369783]: HTTPError: HTTP Error 403: Forbidden"
2026-08-10T13:02:01Z,tomtom:makedonitissas:ab,"tomtom [35.146121, 33.340206]->[35.147318, 33.324694]: HTTPError: HTTP Error 403: Forbidden"
2026-08-10T13:02:01Z,tomtom:makedonitissas:ba,"tomtom [35.147318, 33.324694]->[35.146121, 33.340206]: HTTPError: HTTP Error 403: Forbidden"
2026-08-10T13:02:01Z,tomtom:armenias:ab,"tomtom [35.15182, 33.374646]->[35.154731, 33.363603]: HTTPError: HTTP Error 403: Forbidden"
2026-08-10T13:02:01Z,tomtom:armenias:ba,"tomtom [35.154731, 33.363603]->[35.15182, 33.374646]: HTTPError: HTTP Error 403: Forbidden"
2026-08-10T13:02:01Z,tomtom:arch_kyprianou:ab,"tomtom [35.152804, 33.34768]->[35.143283, 33.339402]: HTTPError: HTTP Error 403: Forbidden"
2026-08-10T13:02:01Z,tomtom:arch_kyprianou:ba,"tomtom [35.143283, 33.339402]->[35.152804, 33.34768]: HTTPError: HTTP Error 403: Forbidden"
2026-08-10T13:02:01Z,tomtom:a1_motorway:ab,"tomtom [35.027876, 33.380984]->[35.119577, 33.36273]: HTTPError: HTTP Error 403: Forbidden"
2026-08-10T13:02:01Z,tomtom:a1_motorway:ba,"tomtom [35.119577, 33.36273]->[35.027876, 33.380984]: HTTPError: HTTP Error 403: Forbidden"
2026-08-10T13:02:01Z,tomtom:makariou_lakat:ab,"tomtom [35.12272, 33.320753]->[35.085908, 33.278088]: HTTPError: HTTP Error 403: Forbidden"
2026-08-10T13:02:01Z,tomtom:makariou_lakat:ba,"tomtom [35.085908, 33.278088]->[35.12272, 33.320753]: HTTPError: HTTP Error 403: Forbidden"
2026-08-10T13:02:01Z,tomtom:griva_digeni:ab,"tomtom [35.162859, 33.359079]->[35.167301, 33.316525]: HTTPError: HTTP Error 403: Forbidden"
2026-08-10T13:02:01Z,tomtom:griva_digeni:ba,"tomtom [35.167301, 33.316525]->[35.162859, 33.359079]: HTTPError: HTTP Error 403: Forbidden"
2026-08-10T13:02:01Z,tomtom:aglantzias:ab,"tomtom [35.157137, 33.393593]->[35.155062, 33.375115]: HTTPError: HTTP Error 403: Forbidden"
2026-08-10T13:02:01Z,tomtom:aglantzias:ba,"tomtom [35.155062, 33.375115]->[35.157137, 33.393593]: HTTPError: HTTP Error 403: Forbidden"
2026-08-10T13:02:01Z,tomtom:kranidioti:ab,"tomtom [35.111526, 33.312749]->[35.098539, 33.313964]: HTTPError: HTTP Error 403: Forbidden"
2026-08-10T13:02:01Z,tomtom:kranidioti:ba,"tomtom [35.098539, 33.313964]->[35.111526, 33.312749]: HTTPError: HTTP Error 403: Forbidden"
2026-08-10T13:02:01Z,tomtom:perimetrikos:ab,"tomtom [35.11197, 33.312854]->[35.112594, 33.332121]: HTTPError: HTTP Error 403: Forbidden"
2026-08-10T13:02:01Z,tomtom:perimetrikos:ba,"tomtom [35.112594, 33.332121]->[35.11197, 33.312854]: HTTPError: HTTP Error 403: Forbidden"
2026-08-10T13:02:01Z,tomtom:hatziiosif:ab,"tomtom [35.145493, 33.359842]->[35.127394, 33.356469]: HTTPError: HTTP Error 403: Forbidden"
2026-08-10T13:02:01Z,tomtom:hatziiosif:ba,"tomtom [35.127394, 33.356469]->[35.145493, 33.359842]: HTTPError: HTTP Error 403: Forbidden"
2026-08-10T13:02:01Z,tomtom:perikleous:ab,"tomtom [35.141783, 33.358663]->[35.144587, 33.344631]: HTTPError: HTTP Error 403: Forbidden"
2026-08-10T13:02:01Z,tomtom:perikleous:ba,"tomtom [35.144587, 33.344631]->[35.141783, 33.358663]: HTTPError: HTTP Error 403: Forbidden"
2026-08-10T13:02:01Z,tomtom:avraamidi:ab,"tomtom [35.141783, 33.358663]->[35.141938, 33.369639]: HTTPError: HTTP Error 403: Forbidden"
2026-08-10T13:02:01Z,tomtom:avraamidi:ba,"tomtom [35.141938, 33.369639]->[35.141783, 33.358663]: HTTPError: HTTP Error 403: Forbidden"
2026-08-10T13:02:01Z,tomtom:athinon:ab,"tomtom [35.143831, 33.34371]->[35.136006, 33.34964]: HTTPError: HTTP Error 403: Forbidden"
2026-08-10T13:02:01Z,tomtom:athinon:ba,"tomtom [35.136006, 33.34964]->[35.143831, 33.34371]: HTTPError: HTTP Error 403: Forbidden"
2026-08-10T13:02:01Z,tomtom:tasou_markou:ab,"tomtom [35.136095, 33.369813]->[35.13909, 33.366402]: HTTPError: HTTP Error 403: Forbidden"
2026-08-10T13:02:01Z,tomtom:tasou_markou:ba,"tomtom [35.13909, 33.366402]->[35.136095, 33.369813]: HTTPError: HTTP Error 403: Forbidden"
2026-08-10T13:02:01Z,tomtom:peiraios:ab,"tomtom [35.142737, 33.351744]->[35.147838, 33.353557]: HTTPError: HTTP Error 403: Forbidden"
2026-08-10T13:02:01Z,tomtom:peiraios:ba,"tomtom [35.147838, 33.353557]->[35.142737, 33.351744]: HTTPError: HTTP Error 403: Forbidden"
2026-08-10T15:32:01Z,tomtom:strovolou:ab,"tomtom [35.12272, 33.320753]->[35.15484, 33.349449]: HTTPError: HTTP Error 403: Forbidden"
2026-08-10T15:32:01Z,tomtom:strovolou:ba,"tomtom [35.15484, 33.349449]->[35.12272, 33.320753]: HTTPError: HTTP Error 403: Forbidden"
2026-08-10T15:32:01Z,tomtom:tseriou:ab,"tomtom [35.143548, 33.343464]->[35.121728, 33.335161]: HTTPError: HTTP Error 403: Forbidden"
2026-08-10T15:32:01Z,tomtom:tseriou:ba,"tomtom [35.121728, 33.335161]->[35.143548, 33.343464]: HTTPError: HTTP Error 403: Forbidden"
2026-08-10T15:32:01Z,tomtom:prodromou:ab,"tomtom [35.169599, 33.349447]->[35.149755, 33.342385]: HTTPError: HTTP Error 403: Forbidden"
2026-08-10T15:32:01Z,tomtom:prodromou:ba,"tomtom [35.149755, 33.342385]->[35.169599, 33.349447]: HTTPError: HTTP Error 403: Forbidden"
2026-08-10T15:32:01Z,tomtom:akropoleos:ab,"tomtom [35.160024, 33.358134]->[35.11565, 33.356195]: HTTPError: HTTP Error 403: Forbidden"
2026-08-10T15:32:01Z,tomtom:akropoleos:ba,"tomtom [35.11565, 33.356195]->[35.160024, 33.358134]: HTTPError: HTTP Error 403: Forbidden"
2026-08-10T15:32:01Z,tomtom:athalassas:ab,"tomtom [35.1504, 33.347064]->[35.14003, 33.374847]: HTTPError: HTTP Error 403: Forbidden"
2026-08-10T15:32:01Z,tomtom:athalassas:ba,"tomtom [35.14003, 33.374847]->[35.1504, 33.347064]: HTTPError: HTTP Error 403: Forbidden"
2026-08-10T15:32:01Z,tomtom:lemesou:ab,"tomtom [35.157593, 33.373428]->[35.140141, 33.374843]: HTTPError: HTTP Error 403: Forbidden"
2026-08-10T15:32:01Z,tomtom:lemesou:ba,"tomtom [35.140141, 33.374843]->[35.157593, 33.373428]: HTTPError: HTTP Error 403: Forbidden"
2026-08-10T15:32:01Z,tomtom:sp_kyprianou:ab,"tomtom [35.164561, 33.363944]->[35.136056, 33.30998]: HTTPError: HTTP Error 403: Forbidden"
2026-08-10T15:32:01Z,tomtom:sp_kyprianou:ba,"tomtom [35.136056, 33.30998]->[35.164561, 33.363944]: HTTPError: HTTP Error 403: Forbidden"
2026-08-10T15:32:01Z,tomtom:archangelou:ab,"tomtom [35.157991, 33.33707]->[35.119693, 33.312187]: HTTPError: HTTP Error 403: Forbidden"
2026-08-10T15:32:01Z,tomtom:archangelou:ba,"tomtom [35.119693, 33.312187]->[35.157991, 33.33707]: HTTPError: HTTP Error 403: Forbidden"
2026-08-10T15:32:01Z,tomtom:konstantinoup:ab,"tomtom [35.137401, 33.341347]->[35.114216, 33.345546]: HTTPError: HTTP Error 403: Forbidden"
2026-08-10T15:32:01Z,tomtom:konstantinoup:ba,"tomtom [35.114216, 33.345546]->[35.137401, 33.341347]: HTTPError: HTTP Error 403: Forbidden"
2026-08-10T15:32:01Z,tomtom:stavrou:ab,"tomtom [35.135892, 33.369783]->[35.138576, 33.347355]: HTTPError: HTTP Error 403: Forbidden"
2026-08-10T15:32:01Z,tomtom:stavrou:ba,"tomtom [35.138576, 33.347355]->[35.135892, 33.369783]: HTTPError: HTTP Error 403: Forbidden"
2026-08-10T15:32:01Z,tomtom:makedonitissas:ab,"tomtom [35.146121, 33.340206]->[35.147318, 33.324694]: HTTPError: HTTP Error 403: Forbidden"
2026-08-10T15:32:01Z,tomtom:makedonitissas:ba,"tomtom [35.147318, 33.324694]->[35.146121, 33.340206]: HTTPError: HTTP Error 403: Forbidden"
2026-08-10T15:32:01Z,tomtom:armenias:ab,"tomtom [35.15182, 33.374646]->[35.154731, 33.363603]: HTTPError: HTTP Error 403: Forbidden"
2026-08-10T15:32:01Z,tomtom:armenias:ba,"tomtom [35.154731, 33.363603]->[35.15182, 33.374646]: HTTPError: HTTP Error 403: Forbidden"
2026-08-10T15:32:01Z,tomtom:arch_kyprianou:ab,"tomtom [35.152804, 33.34768]->[35.143283, 33.339402]: HTTPError: HTTP Error 403: Forbidden"
2026-08-10T15:32:01Z,tomtom:arch_kyprianou:ba,"tomtom [35.143283, 33.339402]->[35.152804, 33.34768]: HTTPError: HTTP Error 403: Forbidden"
2026-08-10T15:32:01Z,tomtom:a1_motorway:ab,"tomtom [35.027876, 33.380984]->[35.119577, 33.36273]: HTTPError: HTTP Error 403: Forbidden"
2026-08-10T15:32:01Z,tomtom:a1_motorway:ba,"tomtom [35.119577, 33.36273]->[35.027876, 33.380984]: HTTPError: HTTP Error 403: Forbidden"
2026-08-10T15:32:01Z,tomtom:makariou_lakat:ab,"tomtom [35.12272, 33.320753]->[35.085908, 33.278088]: HTTPError: HTTP Error 403: Forbidden"
2026-08-10T15:32:01Z,tomtom:makariou_lakat:ba,"tomtom [35.085908, 33.278088]->[35.12272, 33.320753]: HTTPError: HTTP Error 403: Forbidden"
2026-08-10T15:32:01Z,tomtom:griva_digeni:ab,"tomtom [35.162859, 33.359079]->[35.167301, 33.316525]: HTTPError: HTTP Error 403: Forbidden"
2026-08-10T15:32:01Z,tomtom:griva_digeni:ba,"tomtom [35.167301, 33.316525]->[35.162859, 33.359079]: HTTPError: HTTP Error 403: Forbidden"
2026-08-10T15:32:01Z,tomtom:aglantzias:ab,"tomtom [35.157137, 33.393593]->[35.155062, 33.375115]: HTTPError: HTTP Error 403: Forbidden"
2026-08-10T15:32:01Z,tomtom:aglantzias:ba,"tomtom [35.155062, 33.375115]->[35.157137, 33.393593]: HTTPError: HTTP Error 403: Forbidden"
2026-08-10T15:32:01Z,tomtom:kranidioti:ab,"tomtom [35.111526, 33.312749]->[35.098539, 33.313964]: HTTPError: HTTP Error 403: Forbidden"
2026-08-10T15:32:01Z,tomtom:kranidioti:ba,"tomtom [35.098539, 33.313964]->[35.111526, 33.312749]: HTTPError: HTTP Error 403: Forbidden"
2026-08-10T15:32:01Z,tomtom:perimetrikos:ab,"tomtom [35.11197, 33.312854]->[35.112594, 33.332121]: HTTPError: HTTP Error 403: Forbidden"
2026-08-10T15:32:01Z,tomtom:perimetrikos:ba,"tomtom [35.112594, 33.332121]->[35.11197, 33.312854]: HTTPError: HTTP Error 403: Forbidden"
2026-08-10T15:32:01Z,tomtom:hatziiosif:ab,"tomtom [35.145493, 33.359842]->[35.127394, 33.356469]: HTTPError: HTTP Error 403: Forbidden"
2026-08-10T15:32:01Z,tomtom:hatziiosif:ba,"tomtom [35.127394, 33.356469]->[35.145493, 33.359842]: HTTPError: HTTP Error 403: Forbidden"
2026-08-10T15:32:01Z,tomtom:perikleous:ab,"tomtom [35.141783, 33.358663]->[35.144587, 33.344631]: HTTPError: HTTP Error 403: Forbidden"
2026-08-10T15:32:01Z,tomtom:perikleous:ba,"tomtom [35.144587, 33.344631]->[35.141783, 33.358663]: HTTPError: HTTP Error 403: Forbidden"
2026-08-10T15:32:01Z,tomtom:avraamidi:ab,"tomtom [35.141783, 33.358663]->[35.141938, 33.369639]: HTTPError: HTTP Error 403: Forbidden"
2026-08-10T15:32:01Z,tomtom:avraamidi:ba,"tomtom [35.141938, 33.369639]->[35.141783, 33.358663]: HTTPError: HTTP Error 403: Forbidden"
2026-08-10T15:32:01Z,tomtom:athinon:ab,"tomtom [35.143831, 33.34371]->[35.136006, 33.34964]: HTTPError: HTTP Error 403: Forbidden"
2026-08-10T15:32:01Z,tomtom:athinon:ba,"tomtom [35.136006, 33.34964]->[35.143831, 33.34371]: HTTPError: HTTP Error 403: Forbidden"
2026-08-10T15:32:01Z,tomtom:tasou_markou:ab,"tomtom [35.136095, 33.369813]->[35.13909, 33.366402]: HTTPError: HTTP Error 403: Forbidden"
2026-08-10T15:32:01Z,tomtom:tasou_markou:ba,"tomtom [35.13909, 33.366402]->[35.136095, 33.369813]: HTTPError: HTTP Error 403: Forbidden"
2026-08-10T15:32:01Z,tomtom:peiraios:ab,"tomtom [35.142737, 33.351744]->[35.147838, 33.353557]: HTTPError: HTTP Error 403: Forbidden"
2026-08-10T15:32:01Z,tomtom:peiraios:ba,"tomtom [35.147838, 33.353557]->[35.142737, 33.351744]: HTTPError: HTTP Error 403: Forbidden"
2026-08-10T15:50:05Z,tomtom:strovolou:ab,"tomtom [35.12272, 33.320753]->[35.15484, 33.349449]: HTTPError: HTTP Error 403: Forbidden"
2026-08-10T15:50:05Z,tomtom:strovolou:ba,"tomtom [35.15484, 33.349449]->[35.12272, 33.320753]: HTTPError: HTTP Error 403: Forbidden"
2026-08-10T15:50:05Z,tomtom:tseriou:ab,"tomtom [35.143548, 33.343464]->[35.121728, 33.335161]: HTTPError: HTTP Error 403: Forbidden"
2026-08-10T15:50:05Z,tomtom:tseriou:ba,"tomtom [35.121728, 33.335161]->[35.143548, 33.343464]: HTTPError: HTTP Error 403: Forbidden"
2026-08-10T15:50:05Z,tomtom:prodromou:ab,"tomtom [35.169599, 33.349447]->[35.149755, 33.342385]: HTTPError: HTTP Error 403: Forbidden"
2026-08-10T15:50:05Z,tomtom:prodromou:ba,"tomtom [35.149755, 33.342385]->[35.169599, 33.349447]: HTTPError: HTTP Error 403: Forbidden"
2026-08-10T15:50:05Z,tomtom:akropoleos:ab,"tomtom [35.160024, 33.358134]->[35.11565, 33.356195]: HTTPError: HTTP Error 403: Forbidden"
2026-08-10T15:50:05Z,tomtom:akropoleos:ba,"tomtom [35.11565, 33.356195]->[35.160024, 33.358134]: HTTPError: HTTP Error 403: Forbidden"
2026-08-10T15:50:05Z,tomtom:athalassas:ab,"tomtom [35.1504, 33.347064]->[35.14003, 33.374847]: HTTPError: HTTP Error 403: Forbidden"
2026-08-10T15:50:05Z,tomtom:athalassas:ba,"tomtom [35.14003, 33.374847]->[35.1504, 33.347064]: HTTPError: HTTP Error 403: Forbidden"
2026-08-10T15:50:05Z,tomtom:lemesou:ab,"tomtom [35.157593, 33.373428]->[35.140141, 33.374843]: HTTPError: HTTP Error 403: Forbidden"
2026-08-10T15:50:05Z,tomtom:lemesou:ba,"tomtom [35.140141, 33.374843]->[35.157593, 33.373428]: HTTPError: HTTP Error 403: Forbidden"
2026-08-10T15:50:05Z,tomtom:sp_kyprianou:ab,"tomtom [35.164561, 33.363944]->[35.136056, 33.30998]: HTTPError: HTTP Error 403: Forbidden"
2026-08-10T15:50:05Z,tomtom:sp_kyprianou:ba,"tomtom [35.136056, 33.30998]->[35.164561, 33.363944]: HTTPError: HTTP Error 403: Forbidden"
2026-08-10T15:50:05Z,tomtom:archangelou:ab,"tomtom [35.157991, 33.33707]->[35.119693, 33.312187]: HTTPError: HTTP Error 403: Forbidden"
2026-08-10T15:50:05Z,tomtom:archangelou:ba,"tomtom [35.119693, 33.312187]->[35.157991, 33.33707]: HTTPError: HTTP Error 403: Forbidden"
2026-08-10T15:50:05Z,tomtom:konstantinoup:ab,"tomtom [35.137401, 33.341347]->[35.114216, 33.345546]: HTTPError: HTTP Error 403: Forbidden"
2026-08-10T15:50:05Z,tomtom:konstantinoup:ba,"tomtom [35.114216, 33.345546]->[35.137401, 33.341347]: HTTPError: HTTP Error 403: Forbidden"
2026-08-10T15:50:05Z,tomtom:stavrou:ab,"tomtom [35.135892, 33.369783]->[35.138576, 33.347355]: HTTPError: HTTP Error 403: Forbidden"
2026-08-10T15:50:05Z,tomtom:stavrou:ba,"tomtom [35.138576, 33.347355]->[35.135892, 33.369783]: HTTPError: HTTP Error 403: Forbidden"
2026-08-10T15:50:05Z,tomtom:makedonitissas:ab,"tomtom [35.146121, 33.340206]->[35.147318, 33.324694]: HTTPError: HTTP Error 403: Forbidden"
2026-08-10T15:50:05Z,tomtom:makedonitissas:ba,"tomtom [35.147318, 33.324694]->[35.146121, 33.340206]: HTTPError: HTTP Error 403: Forbidden"
2026-08-10T15:50:05Z,tomtom:armenias:ab,"tomtom [35.15182, 33.374646]->[35.154731, 33.363603]: HTTPError: HTTP Error 403: Forbidden"
2026-08-10T15:50:05Z,tomtom:armenias:ba,"tomtom [35.154731, 33.363603]->[35.15182, 33.374646]: HTTPError: HTTP Error 403: Forbidden"
2026-08-10T15:50:05Z,tomtom:arch_kyprianou:ab,"tomtom [35.152804, 33.34768]->[35.143283, 33.339402]: HTTPError: HTTP Error 403: Forbidden"
2026-08-10T15:50:05Z,tomtom:arch_kyprianou:ba,"tomtom [35.143283, 33.339402]->[35.152804, 33.34768]: HTTPError: HTTP Error 403: Forbidden"
2026-08-10T15:50:05Z,tomtom:a1_motorway:ab,"tomtom [35.027876, 33.380984]->[35.119577, 33.36273]: HTTPError: HTTP Error 403: Forbidden"
2026-08-10T15:50:05Z,tomtom:a1_motorway:ba,"tomtom [35.119577, 33.36273]->[35.027876, 33.380984]: HTTPError: HTTP Error 403: Forbidden"
2026-08-10T15:50:05Z,tomtom:makariou_lakat:ab,"tomtom [35.12272, 33.320753]->[35.085908, 33.278088]: HTTPError: HTTP Error 403: Forbidden"
2026-08-10T15:50:05Z,tomtom:makariou_lakat:ba,"tomtom [35.085908, 33.278088]->[35.12272, 33.320753]: HTTPError: HTTP Error 403: Forbidden"
2026-08-10T15:50:05Z,tomtom:griva_digeni:ab,"tomtom [35.162859, 33.359079]->[35.167301, 33.316525]: HTTPError: HTTP Error 403: Forbidden"
2026-08-10T15:50:05Z,tomtom:griva_digeni:ba,"tomtom [35.167301, 33.316525]->[35.162859, 33.359079]: HTTPError: HTTP Error 403: Forbidden"
2026-08-10T15:50:05Z,tomtom:aglantzias:ab,"tomtom [35.157137, 33.393593]->[35.155062, 33.375115]: HTTPError: HTTP Error 403: Forbidden"
2026-08-10T15:50:05Z,tomtom:aglantzias:ba,"tomtom [35.155062, 33.375115]->[35.157137, 33.393593]: HTTPError: HTTP Error 403: Forbidden"
2026-08-10T15:50:05Z,tomtom:kranidioti:ab,"tomtom [35.111526, 33.312749]->[35.098539, 33.313964]: HTTPError: HTTP Error 403: Forbidden"
2026-08-10T15:50:05Z,tomtom:kranidioti:ba,"tomtom [35.098539, 33.313964]->[35.111526, 33.312749]: HTTPError: HTTP Error 403: Forbidden"
2026-08-10T15:50:05Z,tomtom:perimetrikos:ab,"tomtom [35.11197, 33.312854]->[35.112594, 33.332121]: HTTPError: HTTP Error 403: Forbidden"
2026-08-10T15:50:05Z,tomtom:perimetrikos:ba,"tomtom [35.112594, 33.332121]->[35.11197, 33.312854]: HTTPError: HTTP Error 403: Forbidden"
2026-08-10T15:50:05Z,tomtom:hatziiosif:ab,"tomtom [35.145493, 33.359842]->[35.127394, 33.356469]: HTTPError: HTTP Error 403: Forbidden"
2026-08-10T15:50:05Z,tomtom:hatziiosif:ba,"tomtom [35.127394, 33.356469]->[35.145493, 33.359842]: HTTPError: HTTP Error 403: Forbidden"
2026-08-10T15:50:05Z,tomtom:perikleous:ab,"tomtom [35.141783, 33.358663]->[35.144587, 33.344631]: HTTPError: HTTP Error 403: Forbidden"
2026-08-10T15:50:05Z,tomtom:perikleous:ba,"tomtom [35.144587, 33.344631]->[35.141783, 33.358663]: HTTPError: HTTP Error 403: Forbidden"
2026-08-10T15:50:05Z,tomtom:avraamidi:ab,"tomtom [35.141783, 33.358663]->[35.141938, 33.369639]: HTTPError: HTTP Error 403: Forbidden"
2026-08-10T15:50:05Z,tomtom:avraamidi:ba,"tomtom [35.141938, 33.369639]->[35.141783, 33.358663]: HTTPError: HTTP Error 403: Forbidden"
2026-08-10T15:50:05Z,tomtom:athinon:ab,"tomtom [35.143831, 33.34371]->[35.136006, 33.34964]: HTTPError: HTTP Error 403: Forbidden"
2026-08-10T15:50:05Z,tomtom:athinon:ba,"tomtom [35.136006, 33.34964]->[35.143831, 33.34371]: HTTPError: HTTP Error 403: Forbidden"
2026-08-10T15:50:05Z,tomtom:tasou_markou:ab,"tomtom [35.136095, 33.369813]->[35.13909, 33.366402]: HTTPError: HTTP Error 403: Forbidden"
2026-08-10T15:50:05Z,tomtom:tasou_markou:ba,"tomtom [35.13909, 33.366402]->[35.136095, 33.369813]: HTTPError: HTTP Error 403: Forbidden"
2026-08-10T15:50:05Z,tomtom:peiraios:ab,"tomtom [35.142737, 33.351744]->[35.147838, 33.353557]: HTTPError: HTTP Error 403: Forbidden"
2026-08-10T15:50:05Z,tomtom:peiraios:ba,"tomtom [35.147838, 33.353557]->[35.142737, 33.351744]: HTTPError: HTTP Error 403: Forbidden"
2026-08-10T16:08:14Z,tomtom:strovolou:ab,"tomtom [35.12272, 33.320753]->[35.15484, 33.349449]: HTTPError: HTTP Error 403: Forbidden"
2026-08-10T16:08:14Z,tomtom:strovolou:ba,"tomtom [35.15484, 33.349449]->[35.12272, 33.320753]: HTTPError: HTTP Error 403: Forbidden"
2026-08-10T16:08:14Z,tomtom:tseriou:ab,"tomtom [35.143548, 33.343464]->[35.121728, 33.335161]: HTTPError: HTTP Error 403: Forbidden"
2026-08-10T16:08:14Z,tomtom:tseriou:ba,"tomtom [35.121728, 33.335161]->[35.143548, 33.343464]: HTTPError: HTTP Error 403: Forbidden"
2026-08-10T16:08:14Z,tomtom:prodromou:ab,"tomtom [35.169599, 33.349447]->[35.149755, 33.342385]: HTTPError: HTTP Error 403: Forbidden"
2026-08-10T16:08:14Z,tomtom:prodromou:ba,"tomtom [35.149755, 33.342385]->[35.169599, 33.349447]: HTTPError: HTTP Error 403: Forbidden"
2026-08-10T16:08:14Z,tomtom:akropoleos:ab,"tomtom [35.160024, 33.358134]->[35.11565, 33.356195]: HTTPError: HTTP Error 403: Forbidden"
2026-08-10T16:08:14Z,tomtom:akropoleos:ba,"tomtom [35.11565, 33.356195]->[35.160024, 33.358134]: HTTPError: HTTP Error 403: Forbidden"
2026-08-10T16:08:14Z,tomtom:athalassas:ab,"tomtom [35.1504, 33.347064]->[35.14003, 33.374847]: HTTPError: HTTP Error 403: Forbidden"
2026-08-10T16:08:14Z,tomtom:athalassas:ba,"tomtom [35.14003, 33.374847]->[35.1504, 33.347064]: HTTPError: HTTP Error 403: Forbidden"
2026-08-10T16:08:14Z,tomtom:lemesou:ab,"tomtom [35.157593, 33.373428]->[35.140141, 33.374843]: HTTPError: HTTP Error 403: Forbidden"
2026-08-10T16:08:14Z,tomtom:lemesou:ba,"tomtom [35.140141, 33.374843]->[35.157593, 33.373428]: HTTPError: HTTP Error 403: Forbidden"
2026-08-10T16:08:14Z,tomtom:sp_kyprianou:ab,"tomtom [35.164561, 33.363944]->[35.136056, 33.30998]: HTTPError: HTTP Error 403: Forbidden"
2026-08-10T16:08:14Z,tomtom:sp_kyprianou:ba,"tomtom [35.136056, 33.30998]->[35.164561, 33.363944]: HTTPError: HTTP Error 403: Forbidden"
2026-08-10T16:08:14Z,tomtom:archangelou:ab,"tomtom [35.157991, 33.33707]->[35.119693, 33.312187]: HTTPError: HTTP Error 403: Forbidden"
2026-08-10T16:08:14Z,tomtom:archangelou:ba,"tomtom [35.119693, 33.312187]->[35.157991, 33.33707]: HTTPError: HTTP Error 403: Forbidden"
2026-08-10T16:08:14Z,tomtom:konstantinoup:ab,"tomtom [35.137401, 33.341347]->[35.114216, 33.345546]: HTTPError: HTTP Error 403: Forbidden"
2026-08-10T16:08:14Z,tomtom:konstantinoup:ba,"tomtom [35.114216, 33.345546]->[35.137401, 33.341347]: HTTPError: HTTP Error 403: Forbidden"
2026-08-10T16:08:14Z,tomtom:stavrou:ab,"tomtom [35.135892, 33.369783]->[35.138576, 33.347355]: HTTPError: HTTP Error 403: Forbidden"
2026-08-10T16:08:14Z,tomtom:stavrou:ba,"tomtom [35.138576, 33.347355]->[35.135892, 33.369783]: HTTPError: HTTP Error 403: Forbidden"
2026-08-10T16:08:14Z,tomtom:makedonitissas:ab,"tomtom [35.146121, 33.340206]->[35.147318, 33.324694]: HTTPError: HTTP Error 403: Forbidden"
2026-08-10T16:08:14Z,tomtom:makedonitissas:ba,"tomtom [35.147318, 33.324694]->[35.146121, 33.340206]: HTTPError: HTTP Error 403: Forbidden"
2026-08-10T16:08:14Z,tomtom:armenias:ab,"tomtom [35.15182, 33.374646]->[35.154731, 33.363603]: HTTPError: HTTP Error 403: Forbidden"
2026-08-10T16:08:14Z,tomtom:armenias:ba,"tomtom [35.154731, 33.363603]->[35.15182, 33.374646]: HTTPError: HTTP Error 403: Forbidden"
2026-08-10T16:08:14Z,tomtom:arch_kyprianou:ab,"tomtom [35.152804, 33.34768]->[35.143283, 33.339402]: HTTPError: HTTP Error 403: Forbidden"
2026-08-10T16:08:14Z,tomtom:arch_kyprianou:ba,"tomtom [35.143283, 33.339402]->[35.152804, 33.34768]: HTTPError: HTTP Error 403: Forbidden"
2026-08-10T16:08:14Z,tomtom:a1_motorway:ab,"tomtom [35.027876, 33.380984]->[35.119577, 33.36273]: HTTPError: HTTP Error 403: Forbidden"
2026-08-10T16:08:14Z,tomtom:a1_motorway:ba,"tomtom [35.119577, 33.36273]->[35.027876, 33.380984]: HTTPError: HTTP Error 403: Forbidden"
2026-08-10T16:08:14Z,tomtom:makariou_lakat:ab,"tomtom [35.12272, 33.320753]->[35.085908, 33.278088]: HTTPError: HTTP Error 403: Forbidden"
2026-08-10T16:08:14Z,tomtom:makariou_lakat:ba,"tomtom [35.085908, 33.278088]->[35.12272, 33.320753]: HTTPError: HTTP Error 403: Forbidden"
2026-08-10T16:08:14Z,tomtom:griva_digeni:ab,"tomtom [35.162859, 33.359079]->[35.167301, 33.316525]: HTTPError: HTTP Error 403: Forbidden"
2026-08-10T16:08:14Z,tomtom:griva_digeni:ba,"tomtom [35.167301, 33.316525]->[35.162859, 33.359079]: HTTPError: HTTP Error 403: Forbidden"
2026-08-10T16:08:14Z,tomtom:aglantzias:ab,"tomtom [35.157137, 33.393593]->[35.155062, 33.375115]: HTTPError: HTTP Error 403: Forbidden"
2026-08-10T16:08:14Z,tomtom:aglantzias:ba,"tomtom [35.155062, 33.375115]->[35.157137, 33.393593]: HTTPError: HTTP Error 403: Forbidden"
2026-08-10T16:08:14Z,tomtom:kranidioti:ab,"tomtom [35.111526, 33.312749]->[35.098539, 33.313964]: HTTPError: HTTP Error 403: Forbidden"
2026-08-10T16:08:14Z,tomtom:kranidioti:ba,"tomtom [35.098539, 33.313964]->[35.111526, 33.312749]: HTTPError: HTTP Error 403: Forbidden"
2026-08-10T16:08:14Z,tomtom:perimetrikos:ab,"tomtom [35.11197, 33.312854]->[35.112594, 33.332121]: HTTPError: HTTP Error 403: Forbidden"
2026-08-10T16:08:14Z,tomtom:perimetrikos:ba,"tomtom [35.112594, 33.332121]->[35.11197, 33.312854]: HTTPError: HTTP Error 403: Forbidden"
2026-08-10T16:08:14Z,tomtom:hatziiosif:ab,"tomtom [35.145493, 33.359842]->[35.127394, 33.356469]: HTTPError: HTTP Error 403: Forbidden"
2026-08-10T16:08:14Z,tomtom:hatziiosif:ba,"tomtom [35.127394, 33.356469]->[35.145493, 33.359842]: HTTPError: HTTP Error 403: Forbidden"
2026-08-10T16:08:14Z,tomtom:perikleous:ab,"tomtom [35.141783, 33.358663]->[35.144587, 33.344631]: HTTPError: HTTP Error 403: Forbidden"
2026-08-10T16:08:14Z,tomtom:perikleous:ba,"tomtom [35.144587, 33.344631]->[35.141783, 33.358663]: HTTPError: HTTP Error 403: Forbidden"
2026-08-10T16:08:14Z,tomtom:avraamidi:ab,"tomtom [35.141783, 33.358663]->[35.141938, 33.369639]: HTTPError: HTTP Error 403: Forbidden"
2026-08-10T16:08:14Z,tomtom:avraamidi:ba,"tomtom [35.141938, 33.369639]->[35.141783, 33.358663]: HTTPError: HTTP Error 403: Forbidden"
2026-08-10T16:08:14Z,tomtom:athinon:ab,"tomtom [35.143831, 33.34371]->[35.136006, 33.34964]: HTTPError: HTTP Error 403: Forbidden"
2026-08-10T16:08:14Z,tomtom:athinon:ba,"tomtom [35.136006, 33.34964]->[35.143831, 33.34371]: HTTPError: HTTP Error 403: Forbidden"
2026-08-10T16:08:14Z,tomtom:tasou_markou:ab,"tomtom [35.136095, 33.369813]->[35.13909, 33.366402]: HTTPError: HTTP Error 403: Forbidden"
2026-08-10T16:08:14Z,tomtom:tasou_markou:ba,"tomtom [35.13909, 33.366402]->[35.136095, 33.369813]: HTTPError: HTTP Error 403: Forbidden"
2026-08-10T16:08:14Z,tomtom:peiraios:ab,"tomtom [35.142737, 33.351744]->[35.147838, 33.353557]: HTTPError: HTTP Error 403: Forbidden"
2026-08-10T16:08:14Z,tomtom:peiraios:ba,"tomtom [35.147838, 33.353557]->[35.142737, 33.351744]: HTTPError: HTTP Error 403: Forbidden"
2026-08-10T13:50:25Z,tomtom:strovolou:ab,"tomtom [35.12272, 33.320753]->[35.15484, 33.349449]: HTTPError: HTTP Error 403: Forbidden"
2026-08-10T13:50:25Z,tomtom:strovolou:ba,"tomtom [35.15484, 33.349449]->[35.12272, 33.320753]: HTTPError: HTTP Error 403: Forbidden"
2026-08-10T13:50:25Z,tomtom:tseriou:ab,"tomtom [35.143548, 33.343464]->[35.121728, 33.335161]: HTTPError: HTTP Error 403: Forbidden"
2026-08-10T13:50:25Z,tomtom:tseriou:ba,"tomtom [35.121728, 33.335161]->[35.143548, 33.343464]: HTTPError: HTTP Error 403: Forbidden"
2026-08-10T13:50:25Z,tomtom:prodromou:ab,"tomtom [35.169599, 33.349447]->[35.149755, 33.342385]: HTTPError: HTTP Error 403: Forbidden"
2026-08-10T13:50:25Z,tomtom:prodromou:ba,"tomtom [35.149755, 33.342385]->[35.169599, 33.349447]: HTTPError: HTTP Error 403: Forbidden"
2026-08-10T13:50:25Z,tomtom:akropoleos:ab,"tomtom [35.160024, 33.358134]->[35.11565, 33.356195]: HTTPError: HTTP Error 403: Forbidden"
2026-08-10T13:50:25Z,tomtom:akropoleos:ba,"tomtom [35.11565, 33.356195]->[35.160024, 33.358134]: HTTPError: HTTP Error 403: Forbidden"
2026-08-10T13:50:25Z,tomtom:athalassas:ab,"tomtom [35.1504, 33.347064]->[35.14003, 33.374847]: HTTPError: HTTP Error 403: Forbidden"
2026-08-10T13:50:25Z,tomtom:athalassas:ba,"tomtom [35.14003, 33.374847]->[35.1504, 33.347064]: HTTPError: HTTP Error 403: Forbidden"
2026-08-10T13:50:25Z,tomtom:lemesou:ab,"tomtom [35.157593, 33.373428]->[35.140141, 33.374843]: HTTPError: HTTP Error 403: Forbidden"
2026-08-10T13:50:25Z,tomtom:lemesou:ba,"tomtom [35.140141, 33.374843]->[35.157593, 33.373428]: HTTPError: HTTP Error 403: Forbidden"
2026-08-10T13:50:25Z,tomtom:sp_kyprianou:ab,"tomtom [35.164561, 33.363944]->[35.136056, 33.30998]: HTTPError: HTTP Error 403: Forbidden"
2026-08-10T13:50:25Z,tomtom:sp_kyprianou:ba,"tomtom [35.136056, 33.30998]->[35.164561, 33.363944]: HTTPError: HTTP Error 403: Forbidden"
2026-08-10T13:50:25Z,tomtom:archangelou:ab,"tomtom [35.157991, 33.33707]->[35.119693, 33.312187]: HTTPError: HTTP Error 403: Forbidden"
2026-08-10T13:50:25Z,tomtom:archangelou:ba,"tomtom [35.119693, 33.312187]->[35.157991, 33.33707]: HTTPError: HTTP Error 403: Forbidden"
2026-08-10T13:50:25Z,tomtom:konstantinoup:ab,"tomtom [35.137401, 33.341347]->[35.114216, 33.345546]: HTTPError: HTTP Error 403: Forbidden"
2026-08-10T13:50:25Z,tomtom:konstantinoup:ba,"tomtom [35.114216, 33.345546]->[35.137401, 33.341347]: HTTPError: HTTP Error 403: Forbidden"
2026-08-10T13:50:25Z,tomtom:stavrou:ab,"tomtom [35.135892, 33.369783]->[35.138576, 33.347355]: HTTPError: HTTP Error 403: Forbidden"
2026-08-10T13:50:25Z,tomtom:stavrou:ba,"tomtom [35.138576, 33.347355]->[35.135892, 33.369783]: HTTPError: HTTP Error 403: Forbidden"
2026-08-10T13:50:25Z,tomtom:makedonitissas:ab,"tomtom [35.146121, 33.340206]->[35.147318, 33.324694]: HTTPError: HTTP Error 403: Forbidden"
2026-08-10T13:50:25Z,tomtom:makedonitissas:ba,"tomtom [35.147318, 33.324694]->[35.146121, 33.340206]: HTTPError: HTTP Error 403: Forbidden"
2026-08-10T13:50:25Z,tomtom:armenias:ab,"tomtom [35.15182, 33.374646]->[35.154731, 33.363603]: HTTPError: HTTP Error 403: Forbidden"
2026-08-10T13:50:25Z,tomtom:armenias:ba,"tomtom [35.154731, 33.363603]->[35.15182, 33.374646]: HTTPError: HTTP Error 403: Forbidden"
2026-08-10T13:50:25Z,tomtom:arch_kyprianou:ab,"tomtom [35.152804, 33.34768]->[35.143283, 33.339402]: HTTPError: HTTP Error 403: Forbidden"
2026-08-10T13:50:25Z,tomtom:arch_kyprianou:ba,"tomtom [35.143283, 33.339402]->[35.152804, 33.34768]: HTTPError: HTTP Error 403: Forbidden"
2026-08-10T13:50:25Z,tomtom:a1_motorway:ab,"tomtom [35.027876, 33.380984]->[35.119577, 33.36273]: HTTPError: HTTP Error 403: Forbidden"
2026-08-10T13:50:25Z,tomtom:a1_motorway:ba,"tomtom [35.119577, 33.36273]->[35.027876, 33.380984]: HTTPError: HTTP Error 403: Forbidden"
2026-08-10T13:50:25Z,tomtom:makariou_lakat:ab,"tomtom [35.12272, 33.320753]->[35.085908, 33.278088]: HTTPError: HTTP Error 403: Forbidden"
2026-08-10T13:50:25Z,tomtom:makariou_lakat:ba,"tomtom [35.085908, 33.278088]->[35.12272, 33.320753]: HTTPError: HTTP Error 403: Forbidden"
2026-08-10T13:50:25Z,tomtom:griva_digeni:ab,"tomtom [35.162859, 33.359079]->[35.167301, 33.316525]: HTTPError: HTTP Error 403: Forbidden"
2026-08-10T13:50:25Z,tomtom:griva_digeni:ba,"tomtom [35.167301, 33.316525]->[35.162859, 33.359079]: HTTPError: HTTP Error 403: Forbidden"
2026-08-10T13:50:25Z,tomtom:aglantzias:ab,"tomtom [35.157137, 33.393593]->[35.155062, 33.375115]: HTTPError: HTTP Error 403: Forbidden"
2026-08-10T13:50:25Z,tomtom:aglantzias:ba,"tomtom [35.155062, 33.375115]->[35.157137, 33.393593]: HTTPError: HTTP Error 403: Forbidden"
2026-08-10T13:50:25Z,tomtom:kranidioti:ab,"tomtom [35.111526, 33.312749]->[35.098539, 33.313964]: HTTPError: HTTP Error 403: Forbidden"
2026-08-10T13:50:25Z,tomtom:kranidioti:ba,"tomtom [35.098539, 33.313964]->[35.111526, 33.312749]: HTTPError: HTTP Error 403: Forbidden"
2026-08-10T13:50:25Z,tomtom:perimetrikos:ab,"tomtom [35.11197, 33.312854]->[35.112594, 33.332121]: HTTPError: HTTP Error 403: Forbidden"
2026-08-10T13:50:25Z,tomtom:perimetrikos:ba,"tomtom [35.112594, 33.332121]->[35.11197, 33.312854]: HTTPError: HTTP Error 403: Forbidden"
2026-08-10T13:50:25Z,tomtom:hatziiosif:ab,"tomtom [35.145493, 33.359842]->[35.127394, 33.356469]: HTTPError: HTTP Error 403: Forbidden"
2026-08-10T13:50:25Z,tomtom:hatziiosif:ba,"tomtom [35.127394, 33.356469]->[35.145493, 33.359842]: HTTPError: HTTP Error 403: Forbidden"
2026-08-10T13:50:25Z,tomtom:perikleous:ab,"tomtom [35.141783, 33.358663]->[35.144587, 33.344631]: HTTPError: HTTP Error 403: Forbidden"
2026-08-10T13:50:25Z,tomtom:perikleous:ba,"tomtom [35.144587, 33.344631]->[35.141783, 33.358663]: HTTPError: HTTP Error 403: Forbidden"
2026-08-10T13:50:25Z,tomtom:avraamidi:ab,"tomtom [35.141783, 33.358663]->[35.141938, 33.369639]: HTTPError: HTTP Error 403: Forbidden"
2026-08-10T13:50:25Z,tomtom:avraamidi:ba,"tomtom [35.141938, 33.369639]->[35.141783, 33.358663]: HTTPError: HTTP Error 403: Forbidden"
2026-08-10T13:50:25Z,tomtom:athinon:ab,"tomtom [35.143831, 33.34371]->[35.136006, 33.34964]: HTTPError: HTTP Error 403: Forbidden"
2026-08-10T13:50:25Z,tomtom:athinon:ba,"tomtom [35.136006, 33.34964]->[35.143831, 33.34371]: HTTPError: HTTP Error 403: Forbidden"
2026-08-10T13:50:25Z,tomtom:tasou_markou:ab,"tomtom [35.136095, 33.369813]->[35.13909, 33.366402]: HTTPError: HTTP Error 403: Forbidden"
2026-08-10T13:50:25Z,tomtom:tasou_markou:ba,"tomtom [35.13909, 33.366402]->[35.136095, 33.369813]: HTTPError: HTTP Error 403: Forbidden"
2026-08-10T13:50:25Z,tomtom:peiraios:ab,"tomtom [35.142737, 33.351744]->[35.147838, 33.353557]: HTTPError: HTTP Error 403: Forbidden"
2026-08-10T13:50:25Z,tomtom:peiraios:ba,"tomtom [35.147838, 33.353557]->[35.142737, 33.351744]: HTTPError: HTTP Error 403: Forbidden"
2026-08-10T14:08:34Z,tomtom:strovolou:ab,"tomtom [35.12272, 33.320753]->[35.15484, 33.349449]: HTTPError: HTTP Error 403: Forbidden"
2026-08-10T14:08:34Z,tomtom:strovolou:ba,"tomtom [35.15484, 33.349449]->[35.12272, 33.320753]: HTTPError: HTTP Error 403: Forbidden"
2026-08-10T14:08:34Z,tomtom:tseriou:ab,"tomtom [35.143548, 33.343464]->[35.121728, 33.335161]: HTTPError: HTTP Error 403: Forbidden"
2026-08-10T14:08:34Z,tomtom:tseriou:ba,"tomtom [35.121728, 33.335161]->[35.143548, 33.343464]: HTTPError: HTTP Error 403: Forbidden"
2026-08-10T14:08:34Z,tomtom:prodromou:ab,"tomtom [35.169599, 33.349447]->[35.149755, 33.342385]: HTTPError: HTTP Error 403: Forbidden"
2026-08-10T14:08:34Z,tomtom:prodromou:ba,"tomtom [35.149755, 33.342385]->[35.169599, 33.349447]: HTTPError: HTTP Error 403: Forbidden"
2026-08-10T14:08:34Z,tomtom:akropoleos:ab,"tomtom [35.160024, 33.358134]->[35.11565, 33.356195]: HTTPError: HTTP Error 403: Forbidden"
2026-08-10T14:08:34Z,tomtom:akropoleos:ba,"tomtom [35.11565, 33.356195]->[35.160024, 33.358134]: HTTPError: HTTP Error 403: Forbidden"
2026-08-10T14:08:34Z,tomtom:athalassas:ab,"tomtom [35.1504, 33.347064]->[35.14003, 33.374847]: HTTPError: HTTP Error 403: Forbidden"
2026-08-10T14:08:34Z,tomtom:athalassas:ba,"tomtom [35.14003, 33.374847]->[35.1504, 33.347064]: HTTPError: HTTP Error 403: Forbidden"
2026-08-10T14:08:34Z,tomtom:lemesou:ab,"tomtom [35.157593, 33.373428]->[35.140141, 33.374843]: HTTPError: HTTP Error 403: Forbidden"
2026-08-10T14:08:34Z,tomtom:lemesou:ba,"tomtom [35.140141, 33.374843]->[35.157593, 33.373428]: HTTPError: HTTP Error 403: Forbidden"
2026-08-10T14:08:34Z,tomtom:sp_kyprianou:ab,"tomtom [35.164561, 33.363944]->[35.136056, 33.30998]: HTTPError: HTTP Error 403: Forbidden"
2026-08-10T14:08:34Z,tomtom:sp_kyprianou:ba,"tomtom [35.136056, 33.30998]->[35.164561, 33.363944]: HTTPError: HTTP Error 403: Forbidden"
2026-08-10T14:08:34Z,tomtom:archangelou:ab,"tomtom [35.157991, 33.33707]->[35.119693, 33.312187]: HTTPError: HTTP Error 403: Forbidden"
2026-08-10T14:08:34Z,tomtom:archangelou:ba,"tomtom [35.119693, 33.312187]->[35.157991, 33.33707]: HTTPError: HTTP Error 403: Forbidden"
2026-08-10T14:08:34Z,tomtom:konstantinoup:ab,"tomtom [35.137401, 33.341347]->[35.114216, 33.345546]: HTTPError: HTTP Error 403: Forbidden"
2026-08-10T14:08:34Z,tomtom:konstantinoup:ba,"tomtom [35.114216, 33.345546]->[35.137401, 33.341347]: HTTPError: HTTP Error 403: Forbidden"
2026-08-10T14:08:34Z,tomtom:stavrou:ab,"tomtom [35.135892, 33.369783]->[35.138576, 33.347355]: HTTPError: HTTP Error 403: Forbidden"
2026-08-10T14:08:34Z,tomtom:stavrou:ba,"tomtom [35.138576, 33.347355]->[35.135892, 33.369783]: HTTPError: HTTP Error 403: Forbidden"
2026-08-10T14:08:34Z,tomtom:makedonitissas:ab,"tomtom [35.146121, 33.340206]->[35.147318, 33.324694]: HTTPError: HTTP Error 403: Forbidden"
2026-08-10T14:08:34Z,tomtom:makedonitissas:ba,"tomtom [35.147318, 33.324694]->[35.146121, 33.340206]: HTTPError: HTTP Error 403: Forbidden"
2026-08-10T14:08:34Z,tomtom:armenias:ab,"tomtom [35.15182, 33.374646]->[35.154731, 33.363603]: HTTPError: HTTP Error 403: Forbidden"
2026-08-10T14:08:34Z,tomtom:armenias:ba,"tomtom [35.154731, 33.363603]->[35.15182, 33.374646]: HTTPError: HTTP Error 403: Forbidden"
2026-08-10T14:08:34Z,tomtom:arch_kyprianou:ab,"tomtom [35.152804, 33.34768]->[35.143283, 33.339402]: HTTPError: HTTP Error 403: Forbidden"
2026-08-10T14:08:34Z,tomtom:arch_kyprianou:ba,"tomtom [35.143283, 33.339402]->[35.152804, 33.34768]: HTTPError: HTTP Error 403: Forbidden"
2026-08-10T14:08:34Z,tomtom:a1_motorway:ab,"tomtom [35.027876, 33.380984]->[35.119577, 33.36273]: HTTPError: HTTP Error 403: Forbidden"
2026-08-10T14:08:34Z,tomtom:a1_motorway:ba,"tomtom [35.119577, 33.36273]->[35.027876, 33.380984]: HTTPError: HTTP Error 403: Forbidden"
2026-08-10T14:08:34Z,tomtom:makariou_lakat:ab,"tomtom [35.12272, 33.320753]->[35.085908, 33.278088]: HTTPError: HTTP Error 403: Forbidden"
2026-08-10T14:08:34Z,tomtom:makariou_lakat:ba,"tomtom [35.085908, 33.278088]->[35.12272, 33.320753]: HTTPError: HTTP Error 403: Forbidden"
2026-08-10T14:08:34Z,tomtom:griva_digeni:ab,"tomtom [35.162859, 33.359079]->[35.167301, 33.316525]: HTTPError: HTTP Error 403: Forbidden"
2026-08-10T14:08:34Z,tomtom:griva_digeni:ba,"tomtom [35.167301, 33.316525]->[35.162859, 33.359079]: HTTPError: HTTP Error 403: Forbidden"
2026-08-10T14:08:34Z,tomtom:aglantzias:ab,"tomtom [35.157137, 33.393593]->[35.155062, 33.375115]: HTTPError: HTTP Error 403: Forbidden"
2026-08-10T14:08:34Z,tomtom:aglantzias:ba,"tomtom [35.155062, 33.375115]->[35.157137, 33.393593]: HTTPError: HTTP Error 403: Forbidden"
2026-08-10T14:08:34Z,tomtom:kranidioti:ab,"tomtom [35.111526, 33.312749]->[35.098539, 33.313964]: HTTPError: HTTP Error 403: Forbidden"
2026-08-10T14:08:34Z,tomtom:kranidioti:ba,"tomtom [35.098539, 33.313964]->[35.111526, 33.312749]: HTTPError: HTTP Error 403: Forbidden"
2026-08-10T14:08:34Z,tomtom:perimetrikos:ab,"tomtom [35.11197, 33.312854]->[35.112594, 33.332121]: HTTPError: HTTP Error 403: Forbidden"
2026-08-10T14:08:34Z,tomtom:perimetrikos:ba,"tomtom [35.112594, 33.332121]->[35.11197, 33.312854]: HTTPError: HTTP Error 403: Forbidden"
2026-08-10T14:08:34Z,tomtom:hatziiosif:ab,"tomtom [35.145493, 33.359842]->[35.127394, 33.356469]: HTTPError: HTTP Error 403: Forbidden"
2026-08-10T14:08:34Z,tomtom:hatziiosif:ba,"tomtom [35.127394, 33.356469]->[35.145493, 33.359842]: HTTPError: HTTP Error 403: Forbidden"
2026-08-10T14:08:34Z,tomtom:perikleous:ab,"tomtom [35.141783, 33.358663]->[35.144587, 33.344631]: HTTPError: HTTP Error 403: Forbidden"
2026-08-10T14:08:34Z,tomtom:perikleous:ba,"tomtom [35.144587, 33.344631]->[35.141783, 33.358663]: HTTPError: HTTP Error 403: Forbidden"
2026-08-10T14:08:34Z,tomtom:avraamidi:ab,"tomtom [35.141783, 33.358663]->[35.141938, 33.369639]: HTTPError: HTTP Error 403: Forbidden"
2026-08-10T14:08:34Z,tomtom:avraamidi:ba,"tomtom [35.141938, 33.369639]->[35.141783, 33.358663]: HTTPError: HTTP Error 403: Forbidden"
2026-08-10T14:08:34Z,tomtom:athinon:ab,"tomtom [35.143831, 33.34371]->[35.136006, 33.34964]: HTTPError: HTTP Error 403: Forbidden"
2026-08-10T14:08:34Z,tomtom:athinon:ba,"tomtom [35.136006, 33.34964]->[35.143831, 33.34371]: HTTPError: HTTP Error 403: Forbidden"
2026-08-10T14:08:34Z,tomtom:tasou_markou:ab,"tomtom [35.136095, 33.369813]->[35.13909, 33.366402]: HTTPError: HTTP Error 403: Forbidden"
2026-08-10T14:08:34Z,tomtom:tasou_markou:ba,"tomtom [35.13909, 33.366402]->[35.136095, 33.369813]: HTTPError: HTTP Error 403: Forbidden"
2026-08-10T14:08:34Z,tomtom:peiraios:ab,"tomtom [35.142737, 33.351744]->[35.147838, 33.353557]: HTTPError: HTTP Error 403: Forbidden"
2026-08-10T14:08:34Z,tomtom:peiraios:ba,"tomtom [35.147838, 33.353557]->[35.142737, 33.351744]: HTTPError: HTTP Error 403: Forbidden"
2026-08-10T14:26:42Z,tomtom:strovolou:ab,"tomtom [35.12272, 33.320753]->[35.15484, 33.349449]: HTTPError: HTTP Error 403: Forbidden"
2026-08-10T14:26:42Z,tomtom:strovolou:ba,"tomtom [35.15484, 33.349449]->[35.12272, 33.320753]: HTTPError: HTTP Error 403: Forbidden"
2026-08-10T14:26:42Z,tomtom:tseriou:ab,"tomtom [35.143548, 33.343464]->[35.121728, 33.335161]: HTTPError: HTTP Error 403: Forbidden"
2026-08-10T14:26:42Z,tomtom:tseriou:ba,"tomtom [35.121728, 33.335161]->[35.143548, 33.343464]: HTTPError: HTTP Error 403: Forbidden"
2026-08-10T14:26:42Z,tomtom:prodromou:ab,"tomtom [35.169599, 33.349447]->[35.149755, 33.342385]: HTTPError: HTTP Error 403: Forbidden"
2026-08-10T14:26:42Z,tomtom:prodromou:ba,"tomtom [35.149755, 33.342385]->[35.169599, 33.349447]: HTTPError: HTTP Error 403: Forbidden"
2026-08-10T14:26:42Z,tomtom:akropoleos:ab,"tomtom [35.160024, 33.358134]->[35.11565, 33.356195]: HTTPError: HTTP Error 403: Forbidden"
2026-08-10T14:26:42Z,tomtom:akropoleos:ba,"tomtom [35.11565, 33.356195]->[35.160024, 33.358134]: HTTPError: HTTP Error 403: Forbidden"
2026-08-10T14:26:42Z,tomtom:athalassas:ab,"tomtom [35.1504, 33.347064]->[35.14003, 33.374847]: HTTPError: HTTP Error 403: Forbidden"
2026-08-10T14:26:42Z,tomtom:athalassas:ba,"tomtom [35.14003, 33.374847]->[35.1504, 33.347064]: HTTPError: HTTP Error 403: Forbidden"
2026-08-10T14:26:42Z,tomtom:lemesou:ab,"tomtom [35.157593, 33.373428]->[35.140141, 33.374843]: HTTPError: HTTP Error 403: Forbidden"
2026-08-10T14:26:42Z,tomtom:lemesou:ba,"tomtom [35.140141, 33.374843]->[35.157593, 33.373428]: HTTPError: HTTP Error 403: Forbidden"
2026-08-10T14:26:42Z,tomtom:sp_kyprianou:ab,"tomtom [35.164561, 33.363944]->[35.136056, 33.30998]: HTTPError: HTTP Error 403: Forbidden"
2026-08-10T14:26:42Z,tomtom:sp_kyprianou:ba,"tomtom [35.136056, 33.30998]->[35.164561, 33.363944]: HTTPError: HTTP Error 403: Forbidden"
2026-08-10T14:26:42Z,tomtom:archangelou:ab,"tomtom [35.157991, 33.33707]->[35.119693, 33.312187]: HTTPError: HTTP Error 403: Forbidden"
2026-08-10T14:26:42Z,tomtom:archangelou:ba,"tomtom [35.119693, 33.312187]->[35.157991, 33.33707]: HTTPError: HTTP Error 403: Forbidden"
2026-08-10T14:26:42Z,tomtom:konstantinoup:ab,"tomtom [35.137401, 33.341347]->[35.114216, 33.345546]: HTTPError: HTTP Error 403: Forbidden"
2026-08-10T14:26:42Z,tomtom:konstantinoup:ba,"tomtom [35.114216, 33.345546]->[35.137401, 33.341347]: HTTPError: HTTP Error 403: Forbidden"
2026-08-10T14:26:42Z,tomtom:stavrou:ab,"tomtom [35.135892, 33.369783]->[35.138576, 33.347355]: HTTPError: HTTP Error 403: Forbidden"
2026-08-10T14:26:42Z,tomtom:stavrou:ba,"tomtom [35.138576, 33.347355]->[35.135892, 33.369783]: HTTPError: HTTP Error 403: Forbidden"
2026-08-10T14:26:42Z,tomtom:makedonitissas:ab,"tomtom [35.146121, 33.340206]->[35.147318, 33.324694]: HTTPError: HTTP Error 403: Forbidden"
2026-08-10T14:26:42Z,tomtom:makedonitissas:ba,"tomtom [35.147318, 33.324694]->[35.146121, 33.340206]: HTTPError: HTTP Error 403: Forbidden"
2026-08-10T14:26:42Z,tomtom:armenias:ab,"tomtom [35.15182, 33.374646]->[35.154731, 33.363603]: HTTPError: HTTP Error 403: Forbidden"
2026-08-10T14:26:42Z,tomtom:armenias:ba,"tomtom [35.154731, 33.363603]->[35.15182, 33.374646]: HTTPError: HTTP Error 403: Forbidden"
2026-08-10T14:26:42Z,tomtom:arch_kyprianou:ab,"tomtom [35.152804, 33.34768]->[35.143283, 33.339402]: HTTPError: HTTP Error 403: Forbidden"
2026-08-10T14:26:42Z,tomtom:arch_kyprianou:ba,"tomtom [35.143283, 33.339402]->[35.152804, 33.34768]: HTTPError: HTTP Error 403: Forbidden"
2026-08-10T14:26:42Z,tomtom:a1_motorway:ab,"tomtom [35.027876, 33.380984]->[35.119577, 33.36273]: HTTPError: HTTP Error 403: Forbidden"
2026-08-10T14:26:42Z,tomtom:a1_motorway:ba,"tomtom [35.119577, 33.36273]->[35.027876, 33.380984]: HTTPError: HTTP Error 403: Forbidden"
2026-08-10T14:26:42Z,tomtom:makariou_lakat:ab,"tomtom [35.12272, 33.320753]->[35.085908, 33.278088]: HTTPError: HTTP Error 403: Forbidden"
2026-08-10T14:26:42Z,tomtom:makariou_lakat:ba,"tomtom [35.085908, 33.278088]->[35.12272, 33.320753]: HTTPError: HTTP Error 403: Forbidden"
2026-08-10T14:26:42Z,tomtom:griva_digeni:ab,"tomtom [35.162859, 33.359079]->[35.167301, 33.316525]: HTTPError: HTTP Error 403: Forbidden"
2026-08-10T14:26:42Z,tomtom:griva_digeni:ba,"tomtom [35.167301, 33.316525]->[35.162859, 33.359079]: HTTPError: HTTP Error 403: Forbidden"
2026-08-10T14:26:42Z,tomtom:aglantzias:ab,"tomtom [35.157137, 33.393593]->[35.155062, 33.375115]: HTTPError: HTTP Error 403: Forbidden"
2026-08-10T14:26:42Z,tomtom:aglantzias:ba,"tomtom [35.155062, 33.375115]->[35.157137, 33.393593]: HTTPError: HTTP Error 403: Forbidden"
2026-08-10T14:26:42Z,tomtom:kranidioti:ab,"tomtom [35.111526, 33.312749]->[35.098539, 33.313964]: HTTPError: HTTP Error 403: Forbidden"
2026-08-10T14:26:42Z,tomtom:kranidioti:ba,"tomtom [35.098539, 33.313964]->[35.111526, 33.312749]: HTTPError: HTTP Error 403: Forbidden"
2026-08-10T14:26:42Z,tomtom:perimetrikos:ab,"tomtom [35.11197, 33.312854]->[35.112594, 33.332121]: HTTPError: HTTP Error 403: Forbidden"
2026-08-10T14:26:42Z,tomtom:perimetrikos:ba,"tomtom [35.112594, 33.332121]->[35.11197, 33.312854]: HTTPError: HTTP Error 403: Forbidden"
2026-08-10T14:26:42Z,tomtom:hatziiosif:ab,"tomtom [35.145493, 33.359842]->[35.127394, 33.356469]: HTTPError: HTTP Error 403: Forbidden"
2026-08-10T14:26:42Z,tomtom:hatziiosif:ba,"tomtom [35.127394, 33.356469]->[35.145493, 33.359842]: HTTPError: HTTP Error 403: Forbidden"
2026-08-10T14:26:42Z,tomtom:perikleous:ab,"tomtom [35.141783, 33.358663]->[35.144587, 33.344631]: HTTPError: HTTP Error 403: Forbidden"
2026-08-10T14:26:42Z,tomtom:perikleous:ba,"tomtom [35.144587, 33.344631]->[35.141783, 33.358663]: HTTPError: HTTP Error 403: Forbidden"
2026-08-10T14:26:42Z,tomtom:avraamidi:ab,"tomtom [35.141783, 33.358663]->[35.141938, 33.369639]: HTTPError: HTTP Error 403: Forbidden"
2026-08-10T14:26:42Z,tomtom:avraamidi:ba,"tomtom [35.141938, 33.369639]->[35.141783, 33.358663]: HTTPError: HTTP Error 403: Forbidden"
2026-08-10T14:26:42Z,tomtom:athinon:ab,"tomtom [35.143831, 33.34371]->[35.136006, 33.34964]: HTTPError: HTTP Error 403: Forbidden"
2026-08-10T14:26:42Z,tomtom:athinon:ba,"tomtom [35.136006, 33.34964]->[35.143831, 33.34371]: HTTPError: HTTP Error 403: Forbidden"
2026-08-10T14:26:42Z,tomtom:tasou_markou:ab,"tomtom [35.136095, 33.369813]->[35.13909, 33.366402]: HTTPError: HTTP Error 403: Forbidden"
2026-08-10T14:26:42Z,tomtom:tasou_markou:ba,"tomtom [35.13909, 33.366402]->[35.136095, 33.369813]: HTTPError: HTTP Error 403: Forbidden"
2026-08-10T14:26:42Z,tomtom:peiraios:ab,"tomtom [35.142737, 33.351744]->[35.147838, 33.353557]: HTTPError: HTTP Error 403: Forbidden"
2026-08-10T14:26:42Z,tomtom:peiraios:ba,"tomtom [35.147838, 33.353557]->[35.142737, 33.351744]: HTTPError: HTTP Error 403: Forbidden"
2026-08-10T14:44:51Z,tomtom:strovolou:ab,"tomtom [35.12272, 33.320753]->[35.15484, 33.349449]: HTTPError: HTTP Error 403: Forbidden"
2026-08-10T14:44:51Z,tomtom:strovolou:ba,"tomtom [35.15484, 33.349449]->[35.12272, 33.320753]: HTTPError: HTTP Error 403: Forbidden"
2026-08-10T14:44:51Z,tomtom:tseriou:ab,"tomtom [35.143548, 33.343464]->[35.121728, 33.335161]: HTTPError: HTTP Error 403: Forbidden"
2026-08-10T14:44:51Z,tomtom:tseriou:ba,"tomtom [35.121728, 33.335161]->[35.143548, 33.343464]: HTTPError: HTTP Error 403: Forbidden"
2026-08-10T14:44:51Z,tomtom:prodromou:ab,"tomtom [35.169599, 33.349447]->[35.149755, 33.342385]: HTTPError: HTTP Error 403: Forbidden"
2026-08-10T14:44:51Z,tomtom:prodromou:ba,"tomtom [35.149755, 33.342385]->[35.169599, 33.349447]: HTTPError: HTTP Error 403: Forbidden"
2026-08-10T14:44:51Z,tomtom:akropoleos:ab,"tomtom [35.160024, 33.358134]->[35.11565, 33.356195]: HTTPError: HTTP Error 403: Forbidden"
2026-08-10T14:44:51Z,tomtom:akropoleos:ba,"tomtom [35.11565, 33.356195]->[35.160024, 33.358134]: HTTPError: HTTP Error 403: Forbidden"
2026-08-10T14:44:51Z,tomtom:athalassas:ab,"tomtom [35.1504, 33.347064]->[35.14003, 33.374847]: HTTPError: HTTP Error 403: Forbidden"
2026-08-10T14:44:51Z,tomtom:athalassas:ba,"tomtom [35.14003, 33.374847]->[35.1504, 33.347064]: HTTPError: HTTP Error 403: Forbidden"
2026-08-10T14:44:51Z,tomtom:lemesou:ab,"tomtom [35.157593, 33.373428]->[35.140141, 33.374843]: HTTPError: HTTP Error 403: Forbidden"
2026-08-10T14:44:51Z,tomtom:lemesou:ba,"tomtom [35.140141, 33.374843]->[35.157593, 33.373428]: HTTPError: HTTP Error 403: Forbidden"
2026-08-10T14:44:51Z,tomtom:sp_kyprianou:ab,"tomtom [35.164561, 33.363944]->[35.136056, 33.30998]: HTTPError: HTTP Error 403: Forbidden"
2026-08-10T14:44:51Z,tomtom:sp_kyprianou:ba,"tomtom [35.136056, 33.30998]->[35.164561, 33.363944]: HTTPError: HTTP Error 403: Forbidden"
2026-08-10T14:44:51Z,tomtom:archangelou:ab,"tomtom [35.157991, 33.33707]->[35.119693, 33.312187]: HTTPError: HTTP Error 403: Forbidden"
2026-08-10T14:44:51Z,tomtom:archangelou:ba,"tomtom [35.119693, 33.312187]->[35.157991, 33.33707]: HTTPError: HTTP Error 403: Forbidden"
2026-08-10T14:44:51Z,tomtom:konstantinoup:ab,"tomtom [35.137401, 33.341347]->[35.114216, 33.345546]: HTTPError: HTTP Error 403: Forbidden"
2026-08-10T14:44:51Z,tomtom:konstantinoup:ba,"tomtom [35.114216, 33.345546]->[35.137401, 33.341347]: HTTPError: HTTP Error 403: Forbidden"
2026-08-10T14:44:51Z,tomtom:stavrou:ab,"tomtom [35.135892, 33.369783]->[35.138576, 33.347355]: HTTPError: HTTP Error 403: Forbidden"
2026-08-10T14:44:51Z,tomtom:stavrou:ba,"tomtom [35.138576, 33.347355]->[35.135892, 33.369783]: HTTPError: HTTP Error 403: Forbidden"
2026-08-10T14:44:51Z,tomtom:makedonitissas:ab,"tomtom [35.146121, 33.340206]->[35.147318, 33.324694]: HTTPError: HTTP Error 403: Forbidden"
2026-08-10T14:44:51Z,tomtom:makedonitissas:ba,"tomtom [35.147318, 33.324694]->[35.146121, 33.340206]: HTTPError: HTTP Error 403: Forbidden"
2026-08-10T14:44:51Z,tomtom:armenias:ab,"tomtom [35.15182, 33.374646]->[35.154731, 33.363603]: HTTPError: HTTP Error 403: Forbidden"
2026-08-10T14:44:51Z,tomtom:armenias:ba,"tomtom [35.154731, 33.363603]->[35.15182, 33.374646]: HTTPError: HTTP Error 403: Forbidden"
2026-08-10T14:44:51Z,tomtom:arch_kyprianou:ab,"tomtom [35.152804, 33.34768]->[35.143283, 33.339402]: HTTPError: HTTP Error 403: Forbidden"
2026-08-10T14:44:51Z,tomtom:arch_kyprianou:ba,"tomtom [35.143283, 33.339402]->[35.152804, 33.34768]: HTTPError: HTTP Error 403: Forbidden"
2026-08-10T14:44:51Z,tomtom:a1_motorway:ab,"tomtom [35.027876, 33.380984]->[35.119577, 33.36273]: HTTPError: HTTP Error 403: Forbidden"
2026-08-10T14:44:51Z,tomtom:a1_motorway:ba,"tomtom [35.119577, 33.36273]->[35.027876, 33.380984]: HTTPError: HTTP Error 403: Forbidden"
2026-08-10T14:44:51Z,tomtom:makariou_lakat:ab,"tomtom [35.12272, 33.320753]->[35.085908, 33.278088]: HTTPError: HTTP Error 403: Forbidden"
2026-08-10T14:44:51Z,tomtom:makariou_lakat:ba,"tomtom [35.085908, 33.278088]->[35.12272, 33.320753]: HTTPError: HTTP Error 403: Forbidden"
2026-08-10T14:44:51Z,tomtom:griva_digeni:ab,"tomtom [35.162859, 33.359079]->[35.167301, 33.316525]: HTTPError: HTTP Error 403: Forbidden"
2026-08-10T14:44:51Z,tomtom:griva_digeni:ba,"tomtom [35.167301, 33.316525]->[35.162859, 33.359079]: HTTPError: HTTP Error 403: Forbidden"
2026-08-10T14:44:51Z,tomtom:aglantzias:ab,"tomtom [35.157137, 33.393593]->[35.155062, 33.375115]: HTTPError: HTTP Error 403: Forbidden"
2026-08-10T14:44:51Z,tomtom:aglantzias:ba,"tomtom [35.155062, 33.375115]->[35.157137, 33.393593]: HTTPError: HTTP Error 403: Forbidden"
2026-08-10T14:44:51Z,tomtom:kranidioti:ab,"tomtom [35.111526, 33.312749]->[35.098539, 33.313964]: HTTPError: HTTP Error 403: Forbidden"
2026-08-10T14:44:51Z,tomtom:kranidioti:ba,"tomtom [35.098539, 33.313964]->[35.111526, 33.312749]: HTTPError: HTTP Error 403: Forbidden"
2026-08-10T14:44:51Z,tomtom:perimetrikos:ab,"tomtom [35.11197, 33.312854]->[35.112594, 33.332121]: HTTPError: HTTP Error 403: Forbidden"
2026-08-10T14:44:51Z,tomtom:perimetrikos:ba,"tomtom [35.112594, 33.332121]->[35.11197, 33.312854]: HTTPError: HTTP Error 403: Forbidden"
2026-08-10T14:44:51Z,tomtom:hatziiosif:ab,"tomtom [35.145493, 33.359842]->[35.127394, 33.356469]: HTTPError: HTTP Error 403: Forbidden"
2026-08-10T14:44:51Z,tomtom:hatziiosif:ba,"tomtom [35.127394, 33.356469]->[35.145493, 33.359842]: HTTPError: HTTP Error 403: Forbidden"
2026-08-10T14:44:51Z,tomtom:perikleous:ab,"tomtom [35.141783, 33.358663]->[35.144587, 33.344631]: HTTPError: HTTP Error 403: Forbidden"
2026-08-10T14:44:51Z,tomtom:perikleous:ba,"tomtom [35.144587, 33.344631]->[35.141783, 33.358663]: HTTPError: HTTP Error 403: Forbidden"
2026-08-10T14:44:51Z,tomtom:avraamidi:ab,"tomtom [35.141783, 33.358663]->[35.141938, 33.369639]: HTTPError: HTTP Error 403: Forbidden"
2026-08-10T14:44:51Z,tomtom:avraamidi:ba,"tomtom [35.141938, 33.369639]->[35.141783, 33.358663]: HTTPError: HTTP Error 403: Forbidden"
2026-08-10T14:44:51Z,tomtom:athinon:ab,"tomtom [35.143831, 33.34371]->[35.136006, 33.34964]: HTTPError: HTTP Error 403: Forbidden"
2026-08-10T14:44:51Z,tomtom:athinon:ba,"tomtom [35.136006, 33.34964]->[35.143831, 33.34371]: HTTPError: HTTP Error 403: Forbidden"
2026-08-10T14:44:51Z,tomtom:tasou_markou:ab,"tomtom [35.136095, 33.369813]->[35.13909, 33.366402]: HTTPError: HTTP Error 403: Forbidden"
2026-08-10T14:44:51Z,tomtom:tasou_markou:ba,"tomtom [35.13909, 33.366402]->[35.136095, 33.369813]: HTTPError: HTTP Error 403: Forbidden"
2026-08-10T14:44:51Z,tomtom:peiraios:ab,"tomtom [35.142737, 33.351744]->[35.147838, 33.353557]: HTTPError: HTTP Error 403: Forbidden"
2026-08-10T14:44:51Z,tomtom:peiraios:ba,"tomtom [35.147838, 33.353557]->[35.142737, 33.351744]: HTTPError: HTTP Error 403: Forbidden"
2026-08-10T15:03:00Z,tomtom:strovolou:ab,"tomtom [35.12272, 33.320753]->[35.15484, 33.349449]: HTTPError: HTTP Error 403: Forbidden"
2026-08-10T15:03:00Z,tomtom:strovolou:ba,"tomtom [35.15484, 33.349449]->[35.12272, 33.320753]: HTTPError: HTTP Error 403: Forbidden"
2026-08-10T15:03:00Z,tomtom:tseriou:ab,"tomtom [35.143548, 33.343464]->[35.121728, 33.335161]: HTTPError: HTTP Error 403: Forbidden"
2026-08-10T15:03:00Z,tomtom:tseriou:ba,"tomtom [35.121728, 33.335161]->[35.143548, 33.343464]: HTTPError: HTTP Error 403: Forbidden"
2026-08-10T15:03:00Z,tomtom:prodromou:ab,"tomtom [35.169599, 33.349447]->[35.149755, 33.342385]: HTTPError: HTTP Error 403: Forbidden"
2026-08-10T15:03:00Z,tomtom:prodromou:ba,"tomtom [35.149755, 33.342385]->[35.169599, 33.349447]: HTTPError: HTTP Error 403: Forbidden"
2026-08-10T15:03:00Z,tomtom:akropoleos:ab,"tomtom [35.160024, 33.358134]->[35.11565, 33.356195]: HTTPError: HTTP Error 403: Forbidden"
2026-08-10T15:03:00Z,tomtom:akropoleos:ba,"tomtom [35.11565, 33.356195]->[35.160024, 33.358134]: HTTPError: HTTP Error 403: Forbidden"
2026-08-10T15:03:00Z,tomtom:athalassas:ab,"tomtom [35.1504, 33.347064]->[35.14003, 33.374847]: HTTPError: HTTP Error 403: Forbidden"
2026-08-10T15:03:00Z,tomtom:athalassas:ba,"tomtom [35.14003, 33.374847]->[35.1504, 33.347064]: HTTPError: HTTP Error 403: Forbidden"
2026-08-10T15:03:00Z,tomtom:lemesou:ab,"tomtom [35.157593, 33.373428]->[35.140141, 33.374843]: HTTPError: HTTP Error 403: Forbidden"
2026-08-10T15:03:00Z,tomtom:lemesou:ba,"tomtom [35.140141, 33.374843]->[35.157593, 33.373428]: HTTPError: HTTP Error 403: Forbidden"
2026-08-10T15:03:00Z,tomtom:sp_kyprianou:ab,"tomtom [35.164561, 33.363944]->[35.136056, 33.30998]: HTTPError: HTTP Error 403: Forbidden"
2026-08-10T15:03:00Z,tomtom:sp_kyprianou:ba,"tomtom [35.136056, 33.30998]->[35.164561, 33.363944]: HTTPError: HTTP Error 403: Forbidden"
2026-08-10T15:03:00Z,tomtom:archangelou:ab,"tomtom [35.157991, 33.33707]->[35.119693, 33.312187]: HTTPError: HTTP Error 403: Forbidden"
2026-08-10T15:03:00Z,tomtom:archangelou:ba,"tomtom [35.119693, 33.312187]->[35.157991, 33.33707]: HTTPError: HTTP Error 403: Forbidden"
2026-08-10T15:03:00Z,tomtom:konstantinoup:ab,"tomtom [35.137401, 33.341347]->[35.114216, 33.345546]: HTTPError: HTTP Error 403: Forbidden"
2026-08-10T15:03:00Z,tomtom:konstantinoup:ba,"tomtom [35.114216, 33.345546]->[35.137401, 33.341347]: HTTPError: HTTP Error 403: Forbidden"
2026-08-10T15:03:00Z,tomtom:stavrou:ab,"tomtom [35.135892, 33.369783]->[35.138576, 33.347355]: HTTPError: HTTP Error 403: Forbidden"
2026-08-10T15:03:00Z,tomtom:stavrou:ba,"tomtom [35.138576, 33.347355]->[35.135892, 33.369783]: HTTPError: HTTP Error 403: Forbidden"
2026-08-10T15:03:00Z,tomtom:makedonitissas:ab,"tomtom [35.146121, 33.340206]->[35.147318, 33.324694]: HTTPError: HTTP Error 403: Forbidden"
2026-08-10T15:03:00Z,tomtom:makedonitissas:ba,"tomtom [35.147318, 33.324694]->[35.146121, 33.340206]: HTTPError: HTTP Error 403: Forbidden"
2026-08-10T15:03:00Z,tomtom:armenias:ab,"tomtom [35.15182, 33.374646]->[35.154731, 33.363603]: HTTPError: HTTP Error 403: Forbidden"
2026-08-10T15:03:00Z,tomtom:armenias:ba,"tomtom [35.154731, 33.363603]->[35.15182, 33.374646]: HTTPError: HTTP Error 403: Forbidden"
2026-08-10T15:03:00Z,tomtom:arch_kyprianou:ab,"tomtom [35.152804, 33.34768]->[35.143283, 33.339402]: HTTPError: HTTP Error 403: Forbidden"
2026-08-10T15:03:00Z,tomtom:arch_kyprianou:ba,"tomtom [35.143283, 33.339402]->[35.152804, 33.34768]: HTTPError: HTTP Error 403: Forbidden"
2026-08-10T15:03:00Z,tomtom:a1_motorway:ab,"tomtom [35.027876, 33.380984]->[35.119577, 33.36273]: HTTPError: HTTP Error 403: Forbidden"
2026-08-10T15:03:00Z,tomtom:a1_motorway:ba,"tomtom [35.119577, 33.36273]->[35.027876, 33.380984]: HTTPError: HTTP Error 403: Forbidden"
2026-08-10T15:03:00Z,tomtom:makariou_lakat:ab,"tomtom [35.12272, 33.320753]->[35.085908, 33.278088]: HTTPError: HTTP Error 403: Forbidden"
2026-08-10T15:03:00Z,tomtom:makariou_lakat:ba,"tomtom [35.085908, 33.278088]->[35.12272, 33.320753]: HTTPError: HTTP Error 403: Forbidden"
2026-08-10T15:03:00Z,tomtom:griva_digeni:ab,"tomtom [35.162859, 33.359079]->[35.167301, 33.316525]: HTTPError: HTTP Error 403: Forbidden"
2026-08-10T15:03:00Z,tomtom:griva_digeni:ba,"tomtom [35.167301, 33.316525]->[35.162859, 33.359079]: HTTPError: HTTP Error 403: Forbidden"
2026-08-10T15:03:00Z,tomtom:aglantzias:ab,"tomtom [35.157137, 33.393593]->[35.155062, 33.375115]: HTTPError: HTTP Error 403: Forbidden"
2026-08-10T15:03:00Z,tomtom:aglantzias:ba,"tomtom [35.155062, 33.375115]->[35.157137, 33.393593]: HTTPError: HTTP Error 403: Forbidden"
2026-08-10T15:03:00Z,tomtom:kranidioti:ab,"tomtom [35.111526, 33.312749]->[35.098539, 33.313964]: HTTPError: HTTP Error 403: Forbidden"
2026-08-10T15:03:00Z,tomtom:kranidioti:ba,"tomtom [35.098539, 33.313964]->[35.111526, 33.312749]: HTTPError: HTTP Error 403: Forbidden"
2026-08-10T15:03:00Z,tomtom:perimetrikos:ab,"tomtom [35.11197, 33.312854]->[35.112594, 33.332121]: HTTPError: HTTP Error 403: Forbidden"
2026-08-10T15:03:00Z,tomtom:perimetrikos:ba,"tomtom [35.112594, 33.332121]->[35.11197, 33.312854]: HTTPError: HTTP Error 403: Forbidden"
2026-08-10T15:03:00Z,tomtom:hatziiosif:ab,"tomtom [35.145493, 33.359842]->[35.127394, 33.356469]: HTTPError: HTTP Error 403: Forbidden"
2026-08-10T15:03:00Z,tomtom:hatziiosif:ba,"tomtom [35.127394, 33.356469]->[35.145493, 33.359842]: HTTPError: HTTP Error 403: Forbidden"
2026-08-10T15:03:00Z,tomtom:perikleous:ab,"tomtom [35.141783, 33.358663]->[35.144587, 33.344631]: HTTPError: HTTP Error 403: Forbidden"
2026-08-10T15:03:00Z,tomtom:perikleous:ba,"tomtom [35.144587, 33.344631]->[35.141783, 33.358663]: HTTPError: HTTP Error 403: Forbidden"
2026-08-10T15:03:00Z,tomtom:avraamidi:ab,"tomtom [35.141783, 33.358663]->[35.141938, 33.369639]: HTTPError: HTTP Error 403: Forbidden"
2026-08-10T15:03:00Z,tomtom:avraamidi:ba,"tomtom [35.141938, 33.369639]->[35.141783, 33.358663]: HTTPError: HTTP Error 403: Forbidden"
2026-08-10T15:03:00Z,tomtom:athinon:ab,"tomtom [35.143831, 33.34371]->[35.136006, 33.34964]: HTTPError: HTTP Error 403: Forbidden"
2026-08-10T15:03:00Z,tomtom:athinon:ba,"tomtom [35.136006, 33.34964]->[35.143831, 33.34371]: HTTPError: HTTP Error 403: Forbidden"
2026-08-10T15:03:00Z,tomtom:tasou_markou:ab,"tomtom [35.136095, 33.369813]->[35.13909, 33.366402]: HTTPError: HTTP Error 403: Forbidden"
2026-08-10T15:03:00Z,tomtom:tasou_markou:ba,"tomtom [35.13909, 33.366402]->[35.136095, 33.369813]: HTTPError: HTTP Error 403: Forbidden"
2026-08-10T15:03:00Z,tomtom:peiraios:ab,"tomtom [35.142737, 33.351744]->[35.147838, 33.353557]: HTTPError: HTTP Error 403: Forbidden"
2026-08-10T15:03:00Z,tomtom:peiraios:ba,"tomtom [35.147838, 33.353557]->[35.142737, 33.351744]: HTTPError: HTTP Error 403: Forbidden"
2026-08-10T15:21:08Z,tomtom:strovolou:ab,"tomtom [35.12272, 33.320753]->[35.15484, 33.349449]: HTTPError: HTTP Error 403: Forbidden"
2026-08-10T15:21:08Z,tomtom:strovolou:ba,"tomtom [35.15484, 33.349449]->[35.12272, 33.320753]: HTTPError: HTTP Error 403: Forbidden"
2026-08-10T15:21:08Z,tomtom:tseriou:ab,"tomtom [35.143548, 33.343464]->[35.121728, 33.335161]: HTTPError: HTTP Error 403: Forbidden"
2026-08-10T15:21:08Z,tomtom:tseriou:ba,"tomtom [35.121728, 33.335161]->[35.143548, 33.343464]: HTTPError: HTTP Error 403: Forbidden"
2026-08-10T15:21:08Z,tomtom:prodromou:ab,"tomtom [35.169599, 33.349447]->[35.149755, 33.342385]: HTTPError: HTTP Error 403: Forbidden"
2026-08-10T15:21:08Z,tomtom:prodromou:ba,"tomtom [35.149755, 33.342385]->[35.169599, 33.349447]: HTTPError: HTTP Error 403: Forbidden"
2026-08-10T15:21:08Z,tomtom:akropoleos:ab,"tomtom [35.160024, 33.358134]->[35.11565, 33.356195]: HTTPError: HTTP Error 403: Forbidden"
2026-08-10T15:21:08Z,tomtom:akropoleos:ba,"tomtom [35.11565, 33.356195]->[35.160024, 33.358134]: HTTPError: HTTP Error 403: Forbidden"
2026-08-10T15:21:08Z,tomtom:athalassas:ab,"tomtom [35.1504, 33.347064]->[35.14003, 33.374847]: HTTPError: HTTP Error 403: Forbidden"
2026-08-10T15:21:08Z,tomtom:athalassas:ba,"tomtom [35.14003, 33.374847]->[35.1504, 33.347064]: HTTPError: HTTP Error 403: Forbidden"
2026-08-10T15:21:08Z,tomtom:lemesou:ab,"tomtom [35.157593, 33.373428]->[35.140141, 33.374843]: HTTPError: HTTP Error 403: Forbidden"
2026-08-10T15:21:08Z,tomtom:lemesou:ba,"tomtom [35.140141, 33.374843]->[35.157593, 33.373428]: HTTPError: HTTP Error 403: Forbidden"
2026-08-10T15:21:08Z,tomtom:sp_kyprianou:ab,"tomtom [35.164561, 33.363944]->[35.136056, 33.30998]: HTTPError: HTTP Error 403: Forbidden"
2026-08-10T15:21:08Z,tomtom:sp_kyprianou:ba,"tomtom [35.136056, 33.30998]->[35.164561, 33.363944]: HTTPError: HTTP Error 403: Forbidden"
2026-08-10T15:21:08Z,tomtom:archangelou:ab,"tomtom [35.157991, 33.33707]->[35.119693, 33.312187]: HTTPError: HTTP Error 403: Forbidden"
2026-08-10T15:21:08Z,tomtom:archangelou:ba,"tomtom [35.119693, 33.312187]->[35.157991, 33.33707]: HTTPError: HTTP Error 403: Forbidden"
2026-08-10T15:21:08Z,tomtom:konstantinoup:ab,"tomtom [35.137401, 33.341347]->[35.114216, 33.345546]: HTTPError: HTTP Error 403: Forbidden"
2026-08-10T15:21:08Z,tomtom:konstantinoup:ba,"tomtom [35.114216, 33.345546]->[35.137401, 33.341347]: HTTPError: HTTP Error 403: Forbidden"
2026-08-10T15:21:08Z,tomtom:stavrou:ab,"tomtom [35.135892, 33.369783]->[35.138576, 33.347355]: HTTPError: HTTP Error 403: Forbidden"
2026-08-10T15:21:08Z,tomtom:stavrou:ba,"tomtom [35.138576, 33.347355]->[35.135892, 33.369783]: HTTPError: HTTP Error 403: Forbidden"
2026-08-10T15:21:08Z,tomtom:makedonitissas:ab,"tomtom [35.146121, 33.340206]->[35.147318, 33.324694]: HTTPError: HTTP Error 403: Forbidden"
2026-08-10T15:21:08Z,tomtom:makedonitissas:ba,"tomtom [35.147318, 33.324694]->[35.146121, 33.340206]: HTTPError: HTTP Error 403: Forbidden"
2026-08-10T15:21:08Z,tomtom:armenias:ab,"tomtom [35.15182, 33.374646]->[35.154731, 33.363603]: HTTPError: HTTP Error 403: Forbidden"
2026-08-10T15:21:08Z,tomtom:armenias:ba,"tomtom [35.154731, 33.363603]->[35.15182, 33.374646]: HTTPError: HTTP Error 403: Forbidden"
2026-08-10T15:21:08Z,tomtom:arch_kyprianou:ab,"tomtom [35.152804, 33.34768]->[35.143283, 33.339402]: HTTPError: HTTP Error 403: Forbidden"
2026-08-10T15:21:08Z,tomtom:arch_kyprianou:ba,"tomtom [35.143283, 33.339402]->[35.152804, 33.34768]: HTTPError: HTTP Error 403: Forbidden"
2026-08-10T15:21:08Z,tomtom:a1_motorway:ab,"tomtom [35.027876, 33.380984]->[35.119577, 33.36273]: HTTPError: HTTP Error 403: Forbidden"
2026-08-10T15:21:08Z,tomtom:a1_motorway:ba,"tomtom [35.119577, 33.36273]->[35.027876, 33.380984]: HTTPError: HTTP Error 403: Forbidden"
2026-08-10T15:21:08Z,tomtom:makariou_lakat:ab,"tomtom [35.12272, 33.320753]->[35.085908, 33.278088]: HTTPError: HTTP Error 403: Forbidden"
2026-08-10T15:21:08Z,tomtom:makariou_lakat:ba,"tomtom [35.085908, 33.278088]->[35.12272, 33.320753]: HTTPError: HTTP Error 403: Forbidden"
2026-08-10T15:21:08Z,tomtom:griva_digeni:ab,"tomtom [35.162859, 33.359079]->[35.167301, 33.316525]: HTTPError: HTTP Error 403: Forbidden"
2026-08-10T15:21:08Z,tomtom:griva_digeni:ba,"tomtom [35.167301, 33.316525]->[35.162859, 33.359079]: HTTPError: HTTP Error 403: Forbidden"
2026-08-10T15:21:08Z,tomtom:aglantzias:ab,"tomtom [35.157137, 33.393593]->[35.155062, 33.375115]: HTTPError: HTTP Error 403: Forbidden"
2026-08-10T15:21:08Z,tomtom:aglantzias:ba,"tomtom [35.155062, 33.375115]->[35.157137, 33.393593]: HTTPError: HTTP Error 403: Forbidden"
2026-08-10T15:21:08Z,tomtom:kranidioti:ab,"tomtom [35.111526, 33.312749]->[35.098539, 33.313964]: HTTPError: HTTP Error 403: Forbidden"
2026-08-10T15:21:08Z,tomtom:kranidioti:ba,"tomtom [35.098539, 33.313964]->[35.111526, 33.312749]: HTTPError: HTTP Error 403: Forbidden"
2026-08-10T15:21:08Z,tomtom:perimetrikos:ab,"tomtom [35.11197, 33.312854]->[35.112594, 33.332121]: HTTPError: HTTP Error 403: Forbidden"
2026-08-10T15:21:08Z,tomtom:perimetrikos:ba,"tomtom [35.112594, 33.332121]->[35.11197, 33.312854]: HTTPError: HTTP Error 403: Forbidden"
2026-08-10T15:21:08Z,tomtom:hatziiosif:ab,"tomtom [35.145493, 33.359842]->[35.127394, 33.356469]: HTTPError: HTTP Error 403: Forbidden"
2026-08-10T15:21:08Z,tomtom:hatziiosif:ba,"tomtom [35.127394, 33.356469]->[35.145493, 33.359842]: HTTPError: HTTP Error 403: Forbidden"
2026-08-10T15:21:08Z,tomtom:perikleous:ab,"tomtom [35.141783, 33.358663]->[35.144587, 33.344631]: HTTPError: HTTP Error 403: Forbidden"
2026-08-10T15:21:08Z,tomtom:perikleous:ba,"tomtom [35.144587, 33.344631]->[35.141783, 33.358663]: HTTPError: HTTP Error 403: Forbidden"
2026-08-10T15:21:08Z,tomtom:avraamidi:ab,"tomtom [35.141783, 33.358663]->[35.141938, 33.369639]: HTTPError: HTTP Error 403: Forbidden"
2026-08-10T15:21:08Z,tomtom:avraamidi:ba,"tomtom [35.141938, 33.369639]->[35.141783, 33.358663]: HTTPError: HTTP Error 403: Forbidden"
2026-08-10T15:21:08Z,tomtom:athinon:ab,"tomtom [35.143831, 33.34371]->[35.136006, 33.34964]: HTTPError: HTTP Error 403: Forbidden"
2026-08-10T15:21:08Z,tomtom:athinon:ba,"tomtom [35.136006, 33.34964]->[35.143831, 33.34371]: HTTPError: HTTP Error 403: Forbidden"
2026-08-10T15:21:08Z,tomtom:tasou_markou:ab,"tomtom [35.136095, 33.369813]->[35.13909, 33.366402]: HTTPError: HTTP Error 403: Forbidden"
2026-08-10T15:21:08Z,tomtom:tasou_markou:ba,"tomtom [35.13909, 33.366402]->[35.136095, 33.369813]: HTTPError: HTTP Error 403: Forbidden"
2026-08-10T15:21:08Z,tomtom:peiraios:ab,"tomtom [35.142737, 33.351744]->[35.147838, 33.353557]: HTTPError: HTTP Error 403: Forbidden"
2026-08-10T15:21:08Z,tomtom:peiraios:ba,"tomtom [35.147838, 33.353557]->[35.142737, 33.351744]: HTTPError: HTTP Error 403: Forbidden"
2026-08-10T17:06:44Z,tomtom:strovolou:ab,"tomtom [35.12272, 33.320753]->[35.15484, 33.349449]: HTTPError: HTTP Error 403: Forbidden"
2026-08-10T17:06:44Z,tomtom:strovolou:ba,"tomtom [35.15484, 33.349449]->[35.12272, 33.320753]: HTTPError: HTTP Error 403: Forbidden"
2026-08-10T17:06:44Z,tomtom:tseriou:ab,"tomtom [35.143548, 33.343464]->[35.121728, 33.335161]: HTTPError: HTTP Error 403: Forbidden"
2026-08-10T17:06:44Z,tomtom:tseriou:ba,"tomtom [35.121728, 33.335161]->[35.143548, 33.343464]: HTTPError: HTTP Error 403: Forbidden"
2026-08-10T17:06:44Z,tomtom:prodromou:ab,"tomtom [35.169599, 33.349447]->[35.149755, 33.342385]: HTTPError: HTTP Error 403: Forbidden"
2026-08-10T17:06:44Z,tomtom:prodromou:ba,"tomtom [35.149755, 33.342385]->[35.169599, 33.349447]: HTTPError: HTTP Error 403: Forbidden"
2026-08-10T17:06:44Z,tomtom:akropoleos:ab,"tomtom [35.160024, 33.358134]->[35.11565, 33.356195]: HTTPError: HTTP Error 403: Forbidden"
2026-08-10T17:06:44Z,tomtom:akropoleos:ba,"tomtom [35.11565, 33.356195]->[35.160024, 33.358134]: HTTPError: HTTP Error 403: Forbidden"
2026-08-10T17:06:44Z,tomtom:athalassas:ab,"tomtom [35.1504, 33.347064]->[35.14003, 33.374847]: HTTPError: HTTP Error 403: Forbidden"
2026-08-10T17:06:44Z,tomtom:athalassas:ba,"tomtom [35.14003, 33.374847]->[35.1504, 33.347064]: HTTPError: HTTP Error 403: Forbidden"
2026-08-10T17:06:44Z,tomtom:lemesou:ab,"tomtom [35.157593, 33.373428]->[35.140141, 33.374843]: HTTPError: HTTP Error 403: Forbidden"
2026-08-10T17:06:44Z,tomtom:lemesou:ba,"tomtom [35.140141, 33.374843]->[35.157593, 33.373428]: HTTPError: HTTP Error 403: Forbidden"
2026-08-10T17:06:44Z,tomtom:sp_kyprianou:ab,"tomtom [35.164561, 33.363944]->[35.136056, 33.30998]: HTTPError: HTTP Error 403: Forbidden"
2026-08-10T17:06:44Z,tomtom:sp_kyprianou:ba,"tomtom [35.136056, 33.30998]->[35.164561, 33.363944]: HTTPError: HTTP Error 403: Forbidden"
2026-08-10T17:06:44Z,tomtom:archangelou:ab,"tomtom [35.157991, 33.33707]->[35.119693, 33.312187]: HTTPError: HTTP Error 403: Forbidden"
2026-08-10T17:06:44Z,tomtom:archangelou:ba,"tomtom [35.119693, 33.312187]->[35.157991, 33.33707]: HTTPError: HTTP Error 403: Forbidden"
2026-08-10T17:06:44Z,tomtom:konstantinoup:ab,"tomtom [35.137401, 33.341347]->[35.114216, 33.345546]: HTTPError: HTTP Error 403: Forbidden"
2026-08-10T17:06:44Z,tomtom:konstantinoup:ba,"tomtom [35.114216, 33.345546]->[35.137401, 33.341347]: HTTPError: HTTP Error 403: Forbidden"
2026-08-10T17:06:44Z,tomtom:stavrou:ab,"tomtom [35.135892, 33.369783]->[35.138576, 33.347355]: HTTPError: HTTP Error 403: Forbidden"
2026-08-10T17:06:44Z,tomtom:stavrou:ba,"tomtom [35.138576, 33.347355]->[35.135892, 33.369783]: HTTPError: HTTP Error 403: Forbidden"
2026-08-10T17:06:44Z,tomtom:makedonitissas:ab,"tomtom [35.146121, 33.340206]->[35.147318, 33.324694]: HTTPError: HTTP Error 403: Forbidden"
2026-08-10T17:06:44Z,tomtom:makedonitissas:ba,"tomtom [35.147318, 33.324694]->[35.146121, 33.340206]: HTTPError: HTTP Error 403: Forbidden"
2026-08-10T17:06:44Z,tomtom:armenias:ab,"tomtom [35.15182, 33.374646]->[35.154731, 33.363603]: HTTPError: HTTP Error 403: Forbidden"
2026-08-10T17:06:44Z,tomtom:armenias:ba,"tomtom [35.154731, 33.363603]->[35.15182, 33.374646]: HTTPError: HTTP Error 403: Forbidden"
2026-08-10T17:06:44Z,tomtom:arch_kyprianou:ab,"tomtom [35.152804, 33.34768]->[35.143283, 33.339402]: HTTPError: HTTP Error 403: Forbidden"
2026-08-10T17:06:44Z,tomtom:arch_kyprianou:ba,"tomtom [35.143283, 33.339402]->[35.152804, 33.34768]: HTTPError: HTTP Error 403: Forbidden"
2026-08-10T17:06:44Z,tomtom:a1_motorway:ab,"tomtom [35.027876, 33.380984]->[35.119577, 33.36273]: HTTPError: HTTP Error 403: Forbidden"
2026-08-10T17:06:44Z,tomtom:a1_motorway:ba,"tomtom [35.119577, 33.36273]->[35.027876, 33.380984]: HTTPError: HTTP Error 403: Forbidden"
2026-08-10T17:06:44Z,tomtom:makariou_lakat:ab,"tomtom [35.12272, 33.320753]->[35.085908, 33.278088]: HTTPError: HTTP Error 403: Forbidden"
2026-08-10T17:06:44Z,tomtom:makariou_lakat:ba,"tomtom [35.085908, 33.278088]->[35.12272, 33.320753]: HTTPError: HTTP Error 403: Forbidden"
2026-08-10T17:06:44Z,tomtom:griva_digeni:ab,"tomtom [35.162859, 33.359079]->[35.167301, 33.316525]: HTTPError: HTTP Error 403: Forbidden"
2026-08-10T17:06:44Z,tomtom:griva_digeni:ba,"tomtom [35.167301, 33.316525]->[35.162859, 33.359079]: HTTPError: HTTP Error 403: Forbidden"
2026-08-10T17:06:44Z,tomtom:aglantzias:ab,"tomtom [35.157137, 33.393593]->[35.155062, 33.375115]: HTTPError: HTTP Error 403: Forbidden"
2026-08-10T17:06:44Z,tomtom:aglantzias:ba,"tomtom [35.155062, 33.375115]->[35.157137, 33.393593]: HTTPError: HTTP Error 403: Forbidden"
2026-08-10T17:06:44Z,tomtom:kranidioti:ab,"tomtom [35.111526, 33.312749]->[35.098539, 33.313964]: HTTPError: HTTP Error 403: Forbidden"
2026-08-10T17:06:44Z,tomtom:kranidioti:ba,"tomtom [35.098539, 33.313964]->[35.111526, 33.312749]: HTTPError: HTTP Error 403: Forbidden"
2026-08-10T17:06:44Z,tomtom:perimetrikos:ab,"tomtom [35.11197, 33.312854]->[35.112594, 33.332121]: HTTPError: HTTP Error 403: Forbidden"
2026-08-10T17:06:44Z,tomtom:perimetrikos:ba,"tomtom [35.112594, 33.332121]->[35.11197, 33.312854]: HTTPError: HTTP Error 403: Forbidden"
2026-08-10T17:06:44Z,tomtom:hatziiosif:ab,"tomtom [35.145493, 33.359842]->[35.127394, 33.356469]: HTTPError: HTTP Error 403: Forbidden"
2026-08-10T17:06:44Z,tomtom:hatziiosif:ba,"tomtom [35.127394, 33.356469]->[35.145493, 33.359842]: HTTPError: HTTP Error 403: Forbidden"
2026-08-10T17:06:44Z,tomtom:perikleous:ab,"tomtom [35.141783, 33.358663]->[35.144587, 33.344631]: HTTPError: HTTP Error 403: Forbidden"
2026-08-10T17:06:44Z,tomtom:perikleous:ba,"tomtom [35.144587, 33.344631]->[35.141783, 33.358663]: HTTPError: HTTP Error 403: Forbidden"
2026-08-10T17:06:44Z,tomtom:avraamidi:ab,"tomtom [35.141783, 33.358663]->[35.141938, 33.369639]: HTTPError: HTTP Error 403: Forbidden"
2026-08-10T17:06:44Z,tomtom:avraamidi:ba,"tomtom [35.141938, 33.369639]->[35.141783, 33.358663]: HTTPError: HTTP Error 403: Forbidden"
2026-08-10T17:06:44Z,tomtom:athinon:ab,"tomtom [35.143831, 33.34371]->[35.136006, 33.34964]: HTTPError: HTTP Error 403: Forbidden"
2026-08-10T17:06:44Z,tomtom:athinon:ba,"tomtom [35.136006, 33.34964]->[35.143831, 33.34371]: HTTPError: HTTP Error 403: Forbidden"
2026-08-10T17:06:44Z,tomtom:tasou_markou:ab,"tomtom [35.136095, 33.369813]->[35.13909, 33.366402]: HTTPError: HTTP Error 403: Forbidden"
2026-08-10T17:06:44Z,tomtom:tasou_markou:ba,"tomtom [35.13909, 33.366402]->[35.136095, 33.369813]: HTTPError: HTTP Error 403: Forbidden"
2026-08-10T17:06:44Z,tomtom:peiraios:ab,"tomtom [35.142737, 33.351744]->[35.147838, 33.353557]: HTTPError: HTTP Error 403: Forbidden"
2026-08-10T17:06:44Z,tomtom:peiraios:ba,"tomtom [35.147838, 33.353557]->[35.142737, 33.351744]: HTTPError: HTTP Error 403: Forbidden"
2026-08-10T18:05:03Z,tomtom:strovolou:ab,"tomtom [35.12272, 33.320753]->[35.15484, 33.349449]: HTTPError: HTTP Error 403: Forbidden"
2026-08-10T18:05:03Z,tomtom:strovolou:ba,"tomtom [35.15484, 33.349449]->[35.12272, 33.320753]: HTTPError: HTTP Error 403: Forbidden"
2026-08-10T18:05:03Z,tomtom:tseriou:ab,"tomtom [35.143548, 33.343464]->[35.121728, 33.335161]: HTTPError: HTTP Error 403: Forbidden"
2026-08-10T18:05:03Z,tomtom:tseriou:ba,"tomtom [35.121728, 33.335161]->[35.143548, 33.343464]: HTTPError: HTTP Error 403: Forbidden"
2026-08-10T18:05:03Z,tomtom:prodromou:ab,"tomtom [35.169599, 33.349447]->[35.149755, 33.342385]: HTTPError: HTTP Error 403: Forbidden"
2026-08-10T18:05:03Z,tomtom:prodromou:ba,"tomtom [35.149755, 33.342385]->[35.169599, 33.349447]: HTTPError: HTTP Error 403: Forbidden"
2026-08-10T18:05:03Z,tomtom:akropoleos:ab,"tomtom [35.160024, 33.358134]->[35.11565, 33.356195]: HTTPError: HTTP Error 403: Forbidden"
2026-08-10T18:05:03Z,tomtom:akropoleos:ba,"tomtom [35.11565, 33.356195]->[35.160024, 33.358134]: HTTPError: HTTP Error 403: Forbidden"
2026-08-10T18:05:03Z,tomtom:athalassas:ab,"tomtom [35.1504, 33.347064]->[35.14003, 33.374847]: HTTPError: HTTP Error 403: Forbidden"
2026-08-10T18:05:03Z,tomtom:athalassas:ba,"tomtom [35.14003, 33.374847]->[35.1504, 33.347064]: HTTPError: HTTP Error 403: Forbidden"
2026-08-10T18:05:03Z,tomtom:lemesou:ab,"tomtom [35.157593, 33.373428]->[35.140141, 33.374843]: HTTPError: HTTP Error 403: Forbidden"
2026-08-10T18:05:03Z,tomtom:lemesou:ba,"tomtom [35.140141, 33.374843]->[35.157593, 33.373428]: HTTPError: HTTP Error 403: Forbidden"
2026-08-10T18:05:03Z,tomtom:sp_kyprianou:ab,"tomtom [35.164561, 33.363944]->[35.136056, 33.30998]: HTTPError: HTTP Error 403: Forbidden"
2026-08-10T18:05:03Z,tomtom:sp_kyprianou:ba,"tomtom [35.136056, 33.30998]->[35.164561, 33.363944]: HTTPError: HTTP Error 403: Forbidden"
2026-08-10T18:05:03Z,tomtom:archangelou:ab,"tomtom [35.157991, 33.33707]->[35.119693, 33.312187]: HTTPError: HTTP Error 403: Forbidden"
2026-08-10T18:05:03Z,tomtom:archangelou:ba,"tomtom [35.119693, 33.312187]->[35.157991, 33.33707]: HTTPError: HTTP Error 403: Forbidden"
2026-08-10T18:05:03Z,tomtom:konstantinoup:ab,"tomtom [35.137401, 33.341347]->[35.114216, 33.345546]: HTTPError: HTTP Error 403: Forbidden"
2026-08-10T18:05:03Z,tomtom:konstantinoup:ba,"tomtom [35.114216, 33.345546]->[35.137401, 33.341347]: HTTPError: HTTP Error 403: Forbidden"
2026-08-10T18:05:03Z,tomtom:stavrou:ab,"tomtom [35.135892, 33.369783]->[35.138576, 33.347355]: HTTPError: HTTP Error 403: Forbidden"
2026-08-10T18:05:03Z,tomtom:stavrou:ba,"tomtom [35.138576, 33.347355]->[35.135892, 33.369783]: HTTPError: HTTP Error 403: Forbidden"
2026-08-10T18:05:03Z,tomtom:makedonitissas:ab,"tomtom [35.146121, 33.340206]->[35.147318, 33.324694]: HTTPError: HTTP Error 403: Forbidden"
2026-08-10T18:05:03Z,tomtom:makedonitissas:ba,"tomtom [35.147318, 33.324694]->[35.146121, 33.340206]: HTTPError: HTTP Error 403: Forbidden"
2026-08-10T18:05:03Z,tomtom:armenias:ab,"tomtom [35.15182, 33.374646]->[35.154731, 33.363603]: HTTPError: HTTP Error 403: Forbidden"
2026-08-10T18:05:03Z,tomtom:armenias:ba,"tomtom [35.154731, 33.363603]->[35.15182, 33.374646]: HTTPError: HTTP Error 403: Forbidden"
2026-08-10T18:05:03Z,tomtom:arch_kyprianou:ab,"tomtom [35.152804, 33.34768]->[35.143283, 33.339402]: HTTPError: HTTP Error 403: Forbidden"
2026-08-10T18:05:03Z,tomtom:arch_kyprianou:ba,"tomtom [35.143283, 33.339402]->[35.152804, 33.34768]: HTTPError: HTTP Error 403: Forbidden"
2026-08-10T18:05:03Z,tomtom:a1_motorway:ab,"tomtom [35.027876, 33.380984]->[35.119577, 33.36273]: HTTPError: HTTP Error 403: Forbidden"
2026-08-10T18:05:03Z,tomtom:a1_motorway:ba,"tomtom [35.119577, 33.36273]->[35.027876, 33.380984]: HTTPError: HTTP Error 403: Forbidden"
2026-08-10T18:05:03Z,tomtom:makariou_lakat:ab,"tomtom [35.12272, 33.320753]->[35.085908, 33.278088]: HTTPError: HTTP Error 403: Forbidden"
2026-08-10T18:05:03Z,tomtom:makariou_lakat:ba,"tomtom [35.085908, 33.278088]->[35.12272, 33.320753]: HTTPError: HTTP Error 403: Forbidden"
2026-08-10T18:05:03Z,tomtom:griva_digeni:ab,"tomtom [35.162859, 33.359079]->[35.167301, 33.316525]: HTTPError: HTTP Error 403: Forbidden"
2026-08-10T18:05:03Z,tomtom:griva_digeni:ba,"tomtom [35.167301, 33.316525]->[35.162859, 33.359079]: HTTPError: HTTP Error 403: Forbidden"
2026-08-10T18:05:03Z,tomtom:aglantzias:ab,"tomtom [35.157137, 33.393593]->[35.155062, 33.375115]: HTTPError: HTTP Error 403: Forbidden"
2026-08-10T18:05:03Z,tomtom:aglantzias:ba,"tomtom [35.155062, 33.375115]->[35.157137, 33.393593]: HTTPError: HTTP Error 403: Forbidden"
2026-08-10T18:05:03Z,tomtom:kranidioti:ab,"tomtom [35.111526, 33.312749]->[35.098539, 33.313964]: HTTPError: HTTP Error 403: Forbidden"
2026-08-10T18:05:03Z,tomtom:kranidioti:ba,"tomtom [35.098539, 33.313964]->[35.111526, 33.312749]: HTTPError: HTTP Error 403: Forbidden"
2026-08-10T18:05:03Z,tomtom:perimetrikos:ab,"tomtom [35.11197, 33.312854]->[35.112594, 33.332121]: HTTPError: HTTP Error 403: Forbidden"
2026-08-10T18:05:03Z,tomtom:perimetrikos:ba,"tomtom [35.112594, 33.332121]->[35.11197, 33.312854]: HTTPError: HTTP Error 403: Forbidden"
2026-08-10T18:05:03Z,tomtom:hatziiosif:ab,"tomtom [35.145493, 33.359842]->[35.127394, 33.356469]: HTTPError: HTTP Error 403: Forbidden"
2026-08-10T18:05:03Z,tomtom:hatziiosif:ba,"tomtom [35.127394, 33.356469]->[35.145493, 33.359842]: HTTPError: HTTP Error 403: Forbidden"
2026-08-10T18:05:03Z,tomtom:perikleous:ab,"tomtom [35.141783, 33.358663]->[35.144587, 33.344631]: HTTPError: HTTP Error 403: Forbidden"
2026-08-10T18:05:03Z,tomtom:perikleous:ba,"tomtom [35.144587, 33.344631]->[35.141783, 33.358663]: HTTPError: HTTP Error 403: Forbidden"
2026-08-10T18:05:03Z,tomtom:avraamidi:ab,"tomtom [35.141783, 33.358663]->[35.141938, 33.369639]: HTTPError: HTTP Error 403: Forbidden"
2026-08-10T18:05:03Z,tomtom:avraamidi:ba,"tomtom [35.141938, 33.369639]->[35.141783, 33.358663]: HTTPError: HTTP Error 403: Forbidden"
2026-08-10T18:05:03Z,tomtom:athinon:ab,"tomtom [35.143831, 33.34371]->[35.136006, 33.34964]: HTTPError: HTTP Error 403: Forbidden"
2026-08-10T18:05:03Z,tomtom:athinon:ba,"tomtom [35.136006, 33.34964]->[35.143831, 33.34371]: HTTPError: HTTP Error 403: Forbidden"
2026-08-10T18:05:03Z,tomtom:tasou_markou:ab,"tomtom [35.136095, 33.369813]->[35.13909, 33.366402]: HTTPError: HTTP Error 403: Forbidden"
2026-08-10T18:05:03Z,tomtom:tasou_markou:ba,"tomtom [35.13909, 33.366402]->[35.136095, 33.369813]: HTTPError: HTTP Error 403: Forbidden"
2026-08-10T18:05:03Z,tomtom:peiraios:ab,"tomtom [35.142737, 33.351744]->[35.147838, 33.353557]: HTTPError: HTTP Error 403: Forbidden"
2026-08-10T18:05:03Z,tomtom:peiraios:ba,"tomtom [35.147838, 33.353557]->[35.142737, 33.351744]: HTTPError: HTTP Error 403: Forbidden"
